index,value,anomaly_score
0,1.5762859582901,0.001258035539649427
1,1.5912200212478638,0.0013344486942514777
2,1.5560189485549927,0.0013603171100839972
3,1.6312199831008911,0.0013382236938923597
4,1.5962870121002197,0.0012966792564839125
5,1.6512210369110107,0.0012572606792673469
6,1.536018967628479,0.0012241147924214602
7,1.6162869930267334,0.001202565967105329
8,1.546152949333191,0.0011955521767958999
9,1.6213539838790894,0.001203471445478499
10,1.541085958480835,0.001198893296532333
11,1.6312199831008911,0.0011867565335705876
12,1.5810860395431519,0.0011724630603566766
13,1.5810860395431519,0.0011609962675720453
14,1.5861530303955078,0.0011555923847481608
15,1.6061530113220215,0.001158207654953003
16,1.5661530494689941,0.001171623938716948
17,1.6312199831008911,0.0011877163778990507
18,1.546152949333191,0.0011996898101642728
19,1.6061530113220215,0.0012118687154725194
20,1.5560189485549927,0.0012261744122952223
21,1.6312199831008911,0.0012447292683646083
22,1.5661530494689941,0.0012671472504734993
23,1.6213539838790894,0.0012848294572904706
24,1.5810860395431519,0.0013001554179936647
25,1.5912200212478638,0.001315407338552177
26,1.5810860395431519,0.0013280923012644053
27,1.6213539838790894,0.0013407879741862416
28,1.5560189485549927,0.001355509739369154
29,1.5912200212478638,0.0013692677021026611
30,1.5512189865112305,0.0013798500876873732
31,1.5912200212478638,0.001390404417179525
32,1.5560189485549927,0.0014020572416484356
33,1.6213539838790894,0.0014166943728923798
34,1.5861530303955078,0.0014290651306509972
35,1.6162869930267334,0.0014376970939338207
36,1.5912200212478638,0.0014440466184169054
37,1.6312199831008911,0.0014510840410366654
38,1.5560189485549927,0.0014604198513552547
39,1.6312199831008911,0.001471489667892456
40,1.536018967628479,0.001482433988712728
41,1.5912200212478638,0.0014895839849486947
42,1.541085958480835,0.0014910706086084247
43,1.6061530113220215,0.0014895385829731822
44,1.5512189865112305,0.0014865936245769262
45,1.6162869930267334,0.0014834831235930324
46,1.5661530494689941,0.0014757192693650723
47,1.5861530303955078,0.0014660408487543464
48,1.57122004032135,0.0014561249408870935
49,1.5912200212478638,0.0014481684193015099
50,1.546152949333191,0.0014428403228521347
51,1.6112200021743774,0.0014358458574861288
52,1.546152949333191,0.0014288703678175807
53,1.6061530113220215,0.0014229163061827421
54,1.5512189865112305,0.00141784711740911
55,1.5962870121002197,0.0014145942404866219
56,1.57122004032135,0.0014130838681012392
57,1.6261539459228516,0.001410120283253491
58,1.5810860395431519,0.0014075121143832803
59,1.6061530113220215,0.001407200121320784
60,1.5762859582901,0.0014087408781051636
61,1.6013530492782593,0.0014105484588071704
62,1.5762859582901,0.0014142089057713747
63,1.6061530113220215,0.0014153828378766775
64,1.5661530494689941,0.0014149192720651627
65,1.636286973953247,0.0014148433692753315
66,1.5560189485549927,0.0014128161128610373
67,1.6213539838790894,0.0014101554406806827
68,1.5312190055847168,0.0014082511188462377
69,1.5762859582901,0.0014072977937757969
70,1.6013530492782593,0.001407494070008397
71,1.6562869548797607,0.0014078642707318068
72,1.5810860395431519,0.0014075966319069266
73,1.6061530113220215,0.0014075825456529856
74,1.5560189485549927,0.0014069769531488419
75,1.6013530492782593,0.0014070634497329593
76,1.5610860586166382,0.0014086333103477955
77,1.5962870121002197,0.0014082323759794235
78,1.5762859582901,0.0014066490111872554
79,1.6213539838790894,0.001405326067470014
80,1.5661530494689941,0.001405283808708191
81,1.6013530492782593,0.0014070314355194569
82,1.5762859582901,0.0014079164247959852
83,1.5810860395431519,0.0014093169011175632
84,1.5560189485549927,0.0014117982937023044
85,1.6061530113220215,0.0014146686298772693
86,1.546152949333191,0.0014174624811857939
87,1.5912200212478638,0.0014193984679877758
88,1.541085958480835,0.001420866698026657
89,1.5762859582901,0.0014222381869331002
90,1.536018967628479,0.0014220266602933407
91,1.6213539838790894,0.00142039661295712
92,1.5610860586166382,0.001416398910805583
93,1.6162869930267334,0.0014107739552855492
94,1.5661530494689941,0.0014042946277186275
95,1.5912200212478638,0.0013981498777866364
96,1.536018967628479,0.0013928235275670886
97,1.6061530113220215,0.0013875369913876057
98,1.5762859582901,0.0013829804956912994
99,1.5962870121002197,0.0013802218018099666
100,1.5560189485549927,0.0013791564851999283
101,1.5861530303955078,0.00137972307857126
102,1.5861530303955078,0.0013807961950078607
103,1.5912200212478638,0.001381442416459322
104,1.5810860395431519,0.001381254056468606
105,1.636286973953247,0.001381142996251583
106,1.5762859582901,0.0013816861901432276
107,1.6261539459228516,0.0013838803861290216
108,1.5661530494689941,0.0013869496760889888
109,1.6112200021743774,0.0013894644798710942
110,1.536018967628479,0.001390898018144071
111,1.5861530303955078,0.0013921542558819056
112,1.5560189485549927,0.0013932854635640979
113,1.5962870121002197,0.0013947859406471252
114,1.5560189485549927,0.0013972080778330564
115,1.6112200021743774,0.0014002396492287517
116,1.5762859582901,0.0014013817999511957
117,1.6213539838790894,0.0014008155558258295
118,1.6013530492782593,0.001399088418111205
119,1.6061530113220215,0.0013968434650450945
120,1.5962870121002197,0.0013946620747447014
121,1.6162869930267334,0.0013920747442170978
122,1.5912200212478638,0.0013893095310777426
123,1.5962870121002197,0.0013865161454305053
124,1.5512189865112305,0.0013835526769980788
125,1.5661530494689941,0.001381412730552256
126,1.5610860586166382,0.001379100838676095
127,1.5962870121002197,0.001377468346618116
128,1.5512189865112305,0.001377453445456922
129,1.5912200212478638,0.0013799472944810987
130,1.57122004032135,0.0013837587321177125
131,1.5762859582901,0.0013863429194316268
132,1.5661530494689941,0.0013877014862373471
133,1.6013530492782593,0.0013881716877222061
134,1.5661530494689941,0.0013877407182008028
135,1.6112200021743774,0.0013871617848053575
136,1.5912200212478638,0.0013867102097719908
137,1.6312199831008911,0.0013874090509489179
138,1.5512189865112305,0.0013893881114199758
139,1.5861530303955078,0.0013923151418566704
140,1.5762859582901,0.0013945326209068298
141,1.6013530492782593,0.0013963738456368446
142,1.5762859582901,0.001398908905684948
143,1.6112200021743774,0.0014009871520102024
144,1.5762859582901,0.0014026113785803318
145,1.6213539838790894,0.0014039123198017478
146,1.5810860395431519,0.0014055856736376882
147,1.5912200212478638,0.0014075615908950567
148,1.5312190055847168,0.0014103713911026716
149,1.641353964805603,0.0014130925992503762
150,1.5560189485549927,0.0014169749338179827
151,1.5912200212478638,0.001421194290742278
152,1.5560189485549927,0.0014245397178456187
153,1.6162869930267334,0.0014269647654145956
154,1.5762859582901,0.0014282099436968565
155,1.636286973953247,0.001428726245649159
156,1.5661530494689941,0.0014294381253421307
157,1.5762859582901,0.001429353142157197
158,1.5810860395431519,0.0014284548815339804
159,1.6213539838790894,0.0014270335668697953
160,1.5512189865112305,0.0014255217975005507
161,1.6112200021743774,0.001424958580173552
162,1.5912200212478638,0.0014246870996430516
163,1.5962870121002197,0.0014252749970182776
164,1.5661530494689941,0.001427049282938242
165,1.6213539838790894,0.001429544878192246
166,1.5661530494689941,0.0014336034655570984
167,1.6162869930267334,0.0014390582218766212
168,1.541085958480835,0.0014448384754359722
169,1.5912200212478638,0.0014486537547782063
170,1.57122004032135,0.00145160302054137
171,1.6112200021743774,0.0014542529825121164
172,1.546152949333191,0.0014555198140442371
173,1.5810860395431519,0.0014562737196683884
174,1.5661530494689941,0.0014572025975212455
175,1.6213539838790894,0.0014571830397471786
176,1.5762859582901,0.0014573030639439821
177,1.5861530303955078,0.0014585362514480948
178,1.5762859582901,0.0014595822431147099
179,1.5962870121002197,0.0014608643250539899
180,1.546152949333191,0.0014616305707022548
181,1.6213539838790894,0.001462517655454576
182,1.5512189865112305,0.0014623751631006598
183,1.5962870121002197,0.0014616093831136823
184,1.5512189865112305,0.0014603165909647942
185,1.646420955657959,0.0014594586100429296
186,1.5661530494689941,0.0014593969099223614
187,1.6112200021743774,0.0014607147313654423
188,1.5512189865112305,0.0014619325520470738
189,1.6061530113220215,0.0014628145145252347
190,1.541085958480835,0.0014643305912613869
191,1.6112200021743774,0.0014657313004136086
192,1.5512189865112305,0.0014675164129585028
193,1.5762859582901,0.0014682709006592631
194,1.57122004032135,0.0014693686971440911
195,1.6112200021743774,0.0014696046710014343
196,1.541085958480835,0.0014704561326652765
197,1.5912200212478638,0.0014722812920808792
198,1.5261520147323608,0.0014750845730304718
199,1.541085958480835,0.0014784630620852113
200,1.5810860395431519,0.0014820859069004655
201,1.6061530113220215,0.00148499826900661
202,1.541085958480835,0.0014891952741891146
203,1.6013530492782593,0.0014942269772291183
204,1.541085958480835,0.0015005616005510092
205,1.5861530303955078,0.0015064601320773363
206,1.5610860586166382,0.0015142966294661164
207,1.6112200021743774,0.0015253896126523614
208,1.57122004032135,0.0015389916952699423
209,1.5962870121002197,0.0015562752960249782
210,1.5962870121002197,0.0015749156009405851
211,1.5912200212478638,0.0015936644049361348
212,1.315750002861023,0.0016145743429660797
213,0.9200109839439392,0.0016372260870411992
214,0.9250779747962952,0.0016600097296759486
215,0.9701449871063232,0.0016842532204464078
216,0.8149440288543701,0.0017147150356322527
217,0.9000110030174255,0.0017514998326078057
218,0.8549439907073975,0.001796239404939115
219,0.7949429750442505,0.0018437850521877408
220,0.609607994556427,0.0019075029995292425
221,0.5344070196151733,0.0019891976844519377
222,0.504272997379303,0.0020954038482159376
223,0.4794729948043823,0.002207330660894513
224,0.4893389940261841,0.0023175294045358896
225,0.4592060148715973,0.0024156728759407997
226,0.36427098512649536,0.0025111890863627195
227,0.3490709960460663,0.002609096933156252
228,0.30907100439071655,0.0027067074552178383
229,0.3290709853172302,0.0027915036771446466
230,0.28400400280952454,0.002866363152861595
231,0.2640030086040497,0.0029324365314096212
232,0.2338699996471405,0.0029825493693351746
233,0.25387001037597656,0.0030256486497819424
234,0.19893600046634674,0.003063239622861147
235,0.18880200386047363,0.003091482212767005
236,0.21386900544166565,0.0031115927267819643
237,0.21386900544166565,0.0031252591870725155
238,0.1386680006980896,0.0031320182606577873
239,0.17386899888515472,0.0031377323903143406
240,0.1386680006980896,0.0031408327631652355
241,0.1386680006980896,0.003141288412734866
242,0.11866799741983414,0.003140702610835433
243,0.15386900305747986,0.0031400108709931374
244,0.08880099654197693,0.0031362259760499
245,0.12373500317335129,0.0031309756450355053
246,0.08880099654197693,0.0031243737321347
247,0.09866800159215927,0.0031171555165201426
248,0.06373400241136551,0.0031091610435396433
249,0.11360099911689758,0.0031008899677544832
250,0.07360100001096725,0.0030924922320991755
251,0.09866800159215927,0.003083888441324234
252,0.043733999133110046,0.003075215732678771
253,0.04853399842977524,0.0030664303340017796
254,0.028534000739455223,0.0030577483121305704
255,0.03866700083017349,0.0030489498749375343
256,0.02346700057387352,0.003047269769012928
257,0.07866799831390381,0.0030451430939137936
258,0.008533000014722347,0.0030429132748395205
259,0.03359999880194664,0.0030411374755203724
260,0.01866699941456318,0.00304006552323699
261,0.05866700038313866,0.003039158647879958
262,0.008533000014722347,0.003038411494344473
263,0.05866700038313866,0.0030375123023986816
264,-0.0013330000219866633,0.003036276437342167
265,0.03866700083017349,0.0030345353297889233
266,0.028534000739455223,0.0030334617476910353
267,0.02346700057387352,0.003032662905752659
268,0.01360000018030405,0.0030319923534989357
269,0.04853399842977524,0.003031183034181595
270,0.01360000018030405,0.003030270105227828
271,0.06373400241136551,0.00302865426056087
272,-0.0013330000219866633,0.0030262633226811886
273,0.06373400241136551,0.003023650497198105
274,-0.026399999856948853,0.0030212635174393654
275,0.028534000739455223,0.003018745221197605
276,0.028534000739455223,0.0030159479938447475
277,0.043733999133110046,0.003012704197317362
278,0.01360000018030405,0.003008871339261532
279,0.028534000739455223,0.003005367936566472
280,-0.0013330000219866633,0.0030019893310964108
281,0.05866700038313866,0.002998300362378359
282,-0.011466999538242817,0.002994904760271311
283,0.028534000739455223,0.0029913675971329212
284,0.003467000089585781,0.002987594809383154
285,0.02346700057387352,0.0029836774338036776
286,-0.016534000635147095,0.002979924436658621
287,0.03866700083017349,0.0029762270860373974
288,0.003467000089585781,0.0029723113402724266
289,0.043733999133110046,0.0029678468126803637
290,0.01360000018030405,0.002963549690321088
291,0.06373400241136551,0.0029596041422337294
292,-0.016534000635147095,0.0029558087699115276
293,0.028534000739455223,0.0029518348164856434
294,0.01866699941456318,0.0029474389739334583
295,0.05360100045800209,0.002942668041214347
296,-0.031466998159885406,0.002937978133559227
297,0.028534000739455223,0.002933851443231106
298,-0.02160000056028366,0.002930585527792573
299,0.01360000018030405,0.0029277722351253033
300,0.01866699941456318,0.002925280248746276
301,0.028534000739455223,0.0029228483326733112
302,0.02346700057387352,0.002921401523053646
303,0.04853399842977524,0.002920544007793069
304,-0.026399999856948853,0.002919720485806465
305,0.008533000014722347,0.002918583108112216
306,-0.006399999838322401,0.002917039208114147
307,0.0685340017080307,0.002915693912655115
308,-0.006399999838322401,0.0029143060091882944
309,0.02346700057387352,0.002912635449320078
310,0.003467000089585781,0.0029108801390975714
311,0.04853399842977524,0.0029087355360388756
312,-0.026399999856948853,0.002906457521021366
313,0.03866700083017349,0.002904308494180441
314,-0.006399999838322401,0.0029021166265010834
315,0.043733999133110046,0.0028992542065680027
316,-0.0013330000219866633,0.002896070946007967
317,0.028534000739455223,0.0028926681261509657
318,-0.0013330000219866633,0.0028887218795716763
319,0.003467000089585781,0.0028855763375759125
320,-0.006399999838322401,0.0028828640934079885
321,0.03866700083017349,0.002880002139136195
322,-0.006399999838322401,0.0028778172563761473
323,0.03866700083017349,0.002875685226172209
324,-0.016534000635147095,0.0028734016232192516
325,0.01866699941456318,0.002870761789381504
326,0.003467000089585781,0.002867600880563259
327,0.03359999880194664,0.0028644574340432882
328,-0.016534000635147095,0.002861607354134321
329,0.05866700038313866,0.0028587861452251673
330,-0.026399999856948853,0.002855923492461443
331,0.028534000739455223,0.0028528710827231407
332,0.003467000089585781,0.0028494573198258877
333,0.07866799831390381,0.002846561139449477
334,0.003467000089585781,0.0028439336456358433
335,0.028534000739455223,0.0028412947431206703
336,0.003467000089585781,0.0028382958844304085
337,0.043733999133110046,0.0028348672203719616
338,-0.031466998159885406,0.002831907942891121
339,0.043733999133110046,0.0028287414461374283
340,0.01866699941456318,0.0028252482879906893
341,0.05360100045800209,0.0028216755017638206
342,-0.026399999856948853,0.0028183276299387217
343,0.05360100045800209,0.0028147997800260782
344,-0.02160000056028366,0.0028116032481193542
345,0.02346700057387352,0.0028083280194550753
346,-0.026399999856948853,0.0028057126328349113
347,0.05360100045800209,0.0028036022558808327
348,-0.0013330000219866633,0.002802377101033926
349,0.028534000739455223,0.0028016536962240934
350,-0.026399999856948853,0.002801412483677268
351,0.02346700057387352,0.0028010110836476088
352,-0.02160000056028366,0.0028006327338516712
353,0.06373400241136551,0.0028002895414829254
354,-0.04666699841618538,0.0027996907010674477
355,0.01360000018030405,0.002798207337036729
356,-0.011466999538242817,0.002796138171106577
357,0.03866700083017349,0.002793453400954604
358,-0.0013330000219866633,0.0027907209005206823
359,0.008533000014722347,0.0027880179695785046
360,-0.0013330000219866633,0.0027855532243847847
361,0.05360100045800209,0.002783147618174553
362,-0.011466999538242817,0.002780425362288952
363,0.05360100045800209,0.0027769231237471104
364,0.01360000018030405,0.002773095155134797
365,0.04853399842977524,0.002769370563328266
366,0.028534000739455223,0.0027661891654133797
367,0.03866700083017349,0.0027629304677248
368,-0.05146700143814087,0.002759827533736825
369,0.02346700057387352,0.002756283851340413
370,-0.011466999538242817,0.0027524714823812246
371,0.043733999133110046,0.002748338505625725
372,-0.0013330000219866633,0.002744990400969982
373,0.01360000018030405,0.002742548007518053
374,-0.0013330000219866633,0.0027407538145780563
375,0.01360000018030405,0.0027390781324356794
376,-0.02160000056028366,0.0027375235222280025
377,0.04853399842977524,0.0027359980158507824
378,0.01866699941456318,0.0027344722766429186
379,0.028534000739455223,0.0027330766897648573
380,-0.0013330000219866633,0.0027318804059177637
381,0.028534000739455223,0.002730295527726412
382,-0.0013330000219866633,0.0027287984266877174
383,0.01360000018030405,0.0027269211132079363
384,-0.02160000056028366,0.00272427243180573
385,-0.02160000056028366,0.0027203059289604425
386,-0.016534000635147095,0.002715741517022252
387,0.02346700057387352,0.0027117105200886726
388,-0.02160000056028366,0.0027083391323685646
389,0.05866700038313866,0.002705354243516922
390,-0.0013330000219866633,0.0027028811164200306
391,0.02346700057387352,0.0027005020529031754
392,-0.026399999856948853,0.0026982820127159357
393,0.028534000739455223,0.00269541353918612
394,0.003467000089585781,0.0026919497177004814
395,0.028534000739455223,0.002687994623556733
396,-0.016534000635147095,0.0026843571104109287
397,0.04853399842977524,0.0026809037663042545
398,-0.0013330000219866633,0.0026769395917654037
399,0.03359999880194664,0.0026731621474027634
400,-0.011466999538242817,0.002669819863513112
401,0.05360100045800209,0.0026665672194212675
402,0.003467000089585781,0.0026630510110408068
403,0.03359999880194664,0.0026593408547341824
404,-0.011466999538242817,0.0026552584022283554
405,0.05360100045800209,0.002651144750416279
406,-0.011466999538242817,0.0026463461108505726
407,0.03359999880194664,0.0026412245351821184
408,0.02346700057387352,0.0026367062237113714
409,0.02346700057387352,0.0026326749939471483
410,-0.02160000056028366,0.0026293694972991943
411,0.028534000739455223,0.0026264963671565056
412,0.01360000018030405,0.002623537788167596
413,0.03866700083017349,0.002620967570692301
414,0.01360000018030405,0.0026190499775111675
415,0.03866700083017349,0.0026174671947956085
416,0.003467000089585781,0.0026159361004829407
417,0.003467000089585781,0.002613597083836794
418,-0.03653400018811226,0.0026114298962056637
419,0.0685340017080307,0.0026083835400640965
420,-0.04666699841618538,0.00260458723641932
421,0.043733999133110046,0.0026002575177699327
422,0.003467000089585781,0.0025949478149414062
423,0.05360100045800209,0.0025887861847877502
424,0.02346700057387352,0.002582194283604622
425,-0.016534000635147095,0.0025768368504941463
426,0.01360000018030405,0.0025719578843563795
427,0.028534000739455223,0.0025673494674265385
428,-0.006399999838322401,0.0025635112542659044
429,0.03866700083017349,0.002560121240094304
430,0.01360000018030405,0.0025565626565366983
431,0.01360000018030405,0.0025539291091263294
432,-0.026399999856948853,0.002551161451265216
433,0.04853399842977524,0.0025477278977632523
434,0.003467000089585781,0.002544254995882511
435,0.05360100045800209,0.002540546003729105
436,0.01360000018030405,0.002537079155445099
437,0.043733999133110046,0.0025335880927741528
438,-0.0013330000219866633,0.00253086956217885
439,0.04853399842977524,0.002528661862015724
440,0.028534000739455223,0.0025268085300922394
441,0.028534000739455223,0.0025245530996471643
442,-0.02160000056028366,0.002521913731470704
443,0.02346700057387352,0.0025183327961713076
444,-0.02160000056028366,0.00251479703001678
445,0.043733999133110046,0.0025119157508015633
446,-0.03653400018811226,0.00250853318721056
447,0.03359999880194664,0.0025055764708667994
448,0.003467000089585781,0.002502153627574444
449,0.043733999133110046,0.0024994441773742437
450,-0.0013330000219866633,0.002496334258466959
451,0.01360000018030405,0.0024941079318523407
452,-0.02160000056028366,0.002491363324224949
453,0.003467000089585781,0.002487911842763424
454,-0.0013330000219866633,0.0024834945797920227
455,0.043733999133110046,0.0024787122383713722
456,-0.026399999856948853,0.002473745495080948
457,0.02346700057387352,0.0024692383594810963
458,0.003467000089585781,0.0024636941961944103
459,0.03359999880194664,0.002457350492477417
460,-0.011466999538242817,0.002449776977300644
461,-0.026399999856948853,0.0024426295422017574
462,-0.0013330000219866633,0.0024337726645171642
463,0.03866700083017349,0.0024220929481089115
464,-0.006399999838322401,0.002408369444310665
465,0.03866700083017349,0.0023915350902825594
466,0.008533000014722347,0.0023732066620141268
467,0.003467000089585781,0.0023546190932393074
468,-0.011466999538242817,0.00233368924818933
469,0.04853399842977524,0.002311212942004204
470,-0.026399999856948853,0.0022885152138769627
471,0.03866700083017349,0.0022647599689662457
472,-0.011466999538242817,0.0022354547400027514
473,0.03866700083017349,0.002200624207034707
474,0.02346700057387352,0.0021586662624031305
475,0.01866699941456318,0.0021140642929822206
476,-0.026399999856948853,0.002055151155218482
477,0.01866699941456318,0.001980104483664036
478,-0.0013330000219866633,0.0018830874469131231
479,0.02346700057387352,0.0017801346257328987
480,-0.016534000635147095,0.0016779548022896051
481,0.01866699941456318,0.0015854989178478718
482,-0.0013330000219866633,0.0014946411829441786
483,0.028534000739455223,0.0014008969301357865
484,-0.0013330000219866633,0.0013067224062979221
485,0.03359999880194664,0.0012233022134751081
486,-0.02160000056028366,0.0011479859240353107
487,0.003467000089585781,0.0010801092721521854
488,0.01360000018030405,0.0010261877905577421
489,0.01866699941456318,0.0009781980188563466
490,0.003467000089585781,0.0009350772597827017
491,0.06373400241136551,0.0009003407321870327
492,-0.016534000635147095,0.0008730131085030735
493,0.028534000739455223,0.0008515144581906497
494,0.01360000018030405,0.0008364760433323681
495,0.0685340017080307,0.0008223840268328786
496,0.003467000089585781,0.0008105341112241149
497,0.03359999880194664,0.0008013640763238072
498,0.003467000089585781,0.0007933147717267275
499,0.08373399823904037,0.0007853564457036555
500,0.02346700057387352,0.000780007685534656
501,0.05360100045800209,0.0007759477593936026
502,-0.006399999838322401,0.0007732969243079424
503,0.05360100045800209,0.0007713411469012499
504,-0.0013330000219866633,0.0007701311260461807
505,0.04853399842977524,0.0007695334497839212
506,-0.02160000056028366,0.0007691743085160851
507,0.04853399842977524,0.0007691850187256932
508,0.01360000018030405,0.0007690839702263474
509,0.03866700083017349,0.0007693231455050409
510,-0.006399999838322401,0.000769455567933619
511,0.04853399842977524,0.000769962789490819
512,-0.016534000635147095,0.0007703885203227401
513,0.03866700083017349,0.0007705994648858905
514,0.01866699941456318,0.0007709460915066302
515,0.03866700083017349,0.0007712636725045741
516,0.02346700057387352,0.0007714477833360434
517,0.02346700057387352,0.0007715498213656247
518,-0.011466999538242817,0.0007717846310697496
519,0.06373400241136551,0.0007721413858234882
520,-0.0013330000219866633,0.0007723121671006083
521,0.04853399842977524,0.0007724858587607741
522,-0.026399999856948853,0.0007725378964096308
523,0.01360000018030405,0.0007728944765403867
524,0.003467000089585781,0.000773392734117806
525,0.05360100045800209,0.0007740423316136003
526,-0.011466999538242817,0.0007745400071144104
527,0.04853399842977524,0.0007756052073091269
528,0.01360000018030405,0.000776426459196955
529,0.02346700057387352,0.0007772518438287079
530,0.003467000089585781,0.0007781944586895406
531,0.08373399823904037,0.0007795020937919617
532,-0.0013330000219866633,0.000780376314651221
533,0.043733999133110046,0.0007811147952452302
534,0.003467000089585781,0.0007819492020644248
535,0.04853399842977524,0.0007827163208276033
536,-0.0013330000219866633,0.0007835908909328282
537,0.03359999880194664,0.000784601375926286
538,0.01360000018030405,0.0007857875898480415
539,0.04853399842977524,0.0007869137334637344
540,-0.026399999856948853,0.0007880303892306983
541,0.05360100045800209,0.0007895316812209785
542,-0.0013330000219866633,0.0007907806430011988
543,0.028534000739455223,0.0007918262854218483
544,0.02346700057387352,0.0007928187260404229
545,0.04853399842977524,0.0007939826464280486
546,0.028534000739455223,0.0007949831197038293
547,0.04853399842977524,0.0007957535563036799
548,0.003467000089585781,0.0007964796386659145
549,0.02346700057387352,0.0007973944302648306
550,0.003467000089585781,0.000798316381406039
551,0.07360100001096725,0.000799093337263912
552,0.01866699941456318,0.0007998018991202116
553,0.03866700083017349,0.0008004883420653641
554,0.01866699941456318,0.0008012541220523417
555,0.06373400241136551,0.0008022560505196452
556,-0.016534000635147095,0.0008031910401768982
557,0.08373399823904037,0.000804015202447772
558,-0.016534000635147095,0.0008047738811001182
559,0.02346700057387352,0.0008052000775933266
560,-0.031466998159885406,0.0008059012470766902
561,0.01360000018030405,0.0008065514848567545
562,-0.011466999538242817,0.0008072686614468694
563,0.05360100045800209,0.0008081119740381837
564,-0.006399999838322401,0.0008090182673186064
565,0.05360100045800209,0.0008100834093056619
566,0.003467000089585781,0.0008110442431643605
567,0.05360100045800209,0.0008120581042021513
568,-0.026399999856948853,0.0008127453038468957
569,0.01866699941456318,0.0008135872194543481
570,0.008533000014722347,0.0008144130697473884
571,0.01360000018030405,0.00081543909618631
572,-0.0013330000219866633,0.0008164278697222471
573,0.03866700083017349,0.0008173979003913701
574,-0.02160000056028366,0.0008183206082321703
575,0.003467000089585781,0.0008188598440028727
576,-0.016534000635147095,0.0008193825487978756
577,0.008533000014722347,0.0008200096781365573
578,-0.006399999838322401,0.0008205513586290181
579,0.008533000014722347,0.0008210358791984618
580,-0.011466999538242817,0.0008216046262532473
581,0.05866700038313866,0.0008221030584536493
582,-0.011466999538242817,0.0008228331571444869
583,0.008533000014722347,0.0008234525448642671
584,-0.016534000635147095,0.0008240255992859602
585,0.028534000739455223,0.0008244267082773149
586,-0.0013330000219866633,0.0008249680977314711
587,0.008533000014722347,0.0008255629800260067
588,0.02346700057387352,0.0008260742761194706
589,0.03359999880194664,0.0008265059441328049
590,-0.02160000056028366,0.0008270284160971642
591,0.028534000739455223,0.0008276393637061119
592,-0.006399999838322401,0.0008284031646326184
593,0.07360100001096725,0.0008289151010103524
594,-0.03653400018811226,0.0008291416452266276
595,0.01360000018030405,0.0008293041028082371
596,-0.026399999856948853,0.0008292722050100565
597,0.01360000018030405,0.0008290699333883822
598,0.008533000014722347,0.0008286206284537911
599,0.04853399842977524,0.0008286169031634927
600,0.003467000089585781,0.000828493619337678
601,0.03866700083017349,0.0008286338998004794
602,-0.02160000056028366,0.0008285940857604146
603,0.04853399842977524,0.0008286758093163371
604,0.003467000089585781,0.0008284862851724029
605,0.043733999133110046,0.0008285766234621406
606,0.03866700083017349,0.0008283896022476256
607,0.06373400241136551,0.0008282820926979184
608,-0.0013330000219866633,0.0008278317982330918
609,0.01360000018030405,0.0008273048442788422
610,-0.011466999538242817,0.0008269023383036256
611,0.05866700038313866,0.0008267586235888302
612,0.028534000739455223,0.000826492439955473
613,0.028534000739455223,0.0008262945921160281
614,-0.02160000056028366,0.0008260947652161121
615,0.03359999880194664,0.0008259451133199036
616,-0.016534000635147095,0.0008259122259914875
617,0.03359999880194664,0.0008257775334641337
618,-0.011466999538242817,0.0008256608853116632
619,0.03866700083017349,0.0008255512220785022
620,-0.016534000635147095,0.0008252697298303246
621,0.01866699941456318,0.0008249920210801065
622,0.003467000089585781,0.000824621703941375
623,0.003467000089585781,0.0008247256628237665
624,-0.0013330000219866633,0.0008245325880125165
625,0.003467000089585781,0.0008246600045822561
626,-0.02160000056028366,0.0008245823555625975
627,0.01360000018030405,0.0008244746131822467
628,-0.02160000056028366,0.000824399059638381
629,-0.0013330000219866633,0.000824032467789948
630,-0.006399999838322401,0.0008236876456066966
631,0.043733999133110046,0.000823423033580184
632,-0.006399999838322401,0.0008230139501392841
633,0.028534000739455223,0.0008229039376601577
634,-0.011466999538242817,0.0008230219827964902
635,0.06373400241136551,0.0008230571402236819
636,-0.011466999538242817,0.0008229881059378386
637,0.043733999133110046,0.000822880887426436
638,-0.0013330000219866633,0.0008227883372455835
639,0.028534000739455223,0.0008228460792452097
640,0.028534000739455223,0.0008228112710639834
641,0.02346700057387352,0.0008227453799918294
642,0.02346700057387352,0.0008224892662838101
643,0.028534000739455223,0.0008222926990129054
644,0.008533000014722347,0.0008221662719734013
645,0.0685340017080307,0.000822473899461329
646,-0.011466999538242817,0.0008226103382185102
647,0.08880099654197693,0.0008225060300901532
648,-0.0013330000219866633,0.0008219304145313799
649,0.02346700057387352,0.0008212556131184101
650,-0.0013330000219866633,0.0008205881458707154
651,0.02346700057387352,0.0008200100273825228
652,0.003467000089585781,0.0008196787093766034
653,0.043733999133110046,0.0008191413944587111
654,-0.006399999838322401,0.0008187469211407006
655,0.02346700057387352,0.000818320200778544
656,-0.011466999538242817,0.0008177677518688142
657,0.01866699941456318,0.000817114720121026
658,-0.0013330000219866633,0.0008165459148585796
659,0.01360000018030405,0.00081600621342659
660,-0.011466999538242817,0.0008154160459525883
661,0.03866700083017349,0.0008150365320034325
662,0.003467000089585781,0.0008146717445924878
663,0.03359999880194664,0.0008144828607328236
664,0.003467000089585781,0.0008142186561599374
665,0.03866700083017349,0.0008138703415170312
666,0.01360000018030405,0.0008136071264743805
667,0.028534000739455223,0.0008133665542118251
668,-0.026399999856948853,0.0008130546193569899
669,0.02346700057387352,0.0008128042099997401
670,0.02346700057387352,0.0008122642757371068
671,0.03866700083017349,0.000811741512734443
672,0.01360000018030405,0.0008113037911243737
673,0.05360100045800209,0.0008112033829092979
674,-0.0013330000219866633,0.0008108988404273987
675,0.05360100045800209,0.0008107908070087433
676,-0.011466999538242817,0.000810745288617909
677,0.028534000739455223,0.0008107991889119148
678,-0.011466999538242817,0.000810750643722713
679,0.03866700083017349,0.0008104229345917702
680,-0.0013330000219866633,0.0008103081490844488
681,0.02346700057387352,0.0008103642612695694
682,-0.02160000056028366,0.0008107433677650988
683,0.04853399842977524,0.000810631609056145
684,-0.02160000056028366,0.0008108362089842558
685,0.02346700057387352,0.0008109429036267102
686,-0.011466999538242817,0.000811227539088577
687,0.04853399842977524,0.0008114813826978207
688,-0.026399999856948853,0.0008117349934764206
689,0.04853399842977524,0.0008118072291836143
690,0.003467000089585781,0.0008121813298203051
691,0.01360000018030405,0.0008124992600642145
692,0.008533000014722347,0.0008130816277116537
693,0.043733999133110046,0.0008134005474857986
694,0.003467000089585781,0.0008136125979945064
695,0.028534000739455223,0.0008137105614878237
696,0.01360000018030405,0.0008139716228470206
697,0.04853399842977524,0.0008142621372826397
698,-0.031466998159885406,0.0008144875755533576
699,0.01866699941456318,0.0008144223829731345
700,0.003467000089585781,0.0008144074818119407
701,0.01866699941456318,0.000813974067568779
702,-0.04666699841618538,0.0008136769756674767
703,0.03359999880194664,0.0008128025801852345
704,0.003467000089585781,0.0008122081053443253
705,0.01866699941456318,0.0008118707919493318
706,-0.04160099849104881,0.0008118848782032728
707,0.05866700038313866,0.0008112925570458174
708,-0.016534000635147095,0.0008108396432362497
709,0.03359999880194664,0.0008101093117147684
710,0.008533000014722347,0.0008095875382423401
711,0.05360100045800209,0.0008090676856227219
712,0.01360000018030405,0.0008084392175078392
713,0.02346700057387352,0.0008079782128334045
714,-0.03653400018811226,0.0008076601661741734
715,0.02346700057387352,0.0008076296071521938
716,-0.03653400018811226,0.0008080950938165188
717,0.05866700038313866,0.0008084382279776037
718,-0.016534000635147095,0.0008086850284598768
719,0.04853399842977524,0.0008093620999716222
720,0.01360000018030405,0.0008094327058643103
721,0.043733999133110046,0.0008094051154330373
722,0.003467000089585781,0.0008096473175100982
723,0.06373400241136551,0.0008100561099126935
724,0.003467000089585781,0.0008106128661893308
725,0.05866700038313866,0.0008112355135381222
726,0.003467000089585781,0.0008114851079881191
727,0.043733999133110046,0.0008113915100693703
728,-0.02160000056028366,0.0008112856303341687
729,0.02346700057387352,0.0008113553049042821
730,0.04853399842977524,0.0008113242220133543
731,0.04853399842977524,0.000811334524769336
732,0.01360000018030405,0.0008109851041808724
733,0.03866700083017349,0.0008106487803161144
734,0.01360000018030405,0.0008103873115032911
735,0.05360100045800209,0.0008103593718260527
736,0.01360000018030405,0.0008101168787106872
737,0.03866700083017349,0.0008098522666841745
738,-0.03653400018811226,0.00080938043538481
739,0.028534000739455223,0.0008091983618214726
740,0.01360000018030405,0.0008088812464848161
741,0.04853399842977524,0.0008085935260169208
742,0.02346700057387352,0.0008083651191554964
743,0.04853399842977524,0.0008080581901594996
744,0.008533000014722347,0.0008076118538156152
745,0.0685340017080307,0.0008074149955064058
746,0.03866700083017349,0.0008072825730778277
747,0.04853399842977524,0.0008070493349805474
748,-0.02160000056028366,0.0008069105679169297
749,0.03866700083017349,0.0008066732552833855
750,-0.026399999856948853,0.00080605607945472
751,0.02346700057387352,0.0008054400095716119
752,-0.0013330000219866633,0.0008050876203924417
753,0.01866699941456318,0.000804720155429095
754,-0.0013330000219866633,0.0008042940753512084
755,0.04853399842977524,0.0008037688094191253
756,0.02346700057387352,0.0008035445935092866
757,0.02346700057387352,0.0008033508202061057
758,0.008533000014722347,0.0008031837642192841
759,0.03359999880194664,0.0008028976735658944
760,-0.026399999856948853,0.0008026427822187543
761,0.01360000018030405,0.0008019120432436466
762,-0.0013330000219866633,0.0008011606405489147
763,0.03359999880194664,0.0008004511473700404
764,-0.03653400018811226,0.000800233508925885
765,0.04853399842977524,0.0007999373483471572
766,-0.0013330000219866633,0.000799546018242836
767,0.043733999133110046,0.0007987848948687315
768,-0.0013330000219866633,0.0007979816291481256
769,0.03359999880194664,0.0007972348830662668
770,-0.0013330000219866633,0.0007964763790369034
771,0.008533000014722347,0.0007957707275636494
772,0.003467000089585781,0.0007950790459290147
773,0.01360000018030405,0.0007945833494886756
774,-0.006399999838322401,0.0007939033675938845
775,0.01866699941456318,0.0007932235021144152
776,0.01866699941456318,0.0007927719270810485
777,0.028534000739455223,0.0007924432284198701
778,-0.026399999856948853,0.0007918408373370767
779,0.043733999133110046,0.0007911704597063363
780,0.01866699941456318,0.0007903719088062644
781,0.0685340017080307,0.0007896634051576257
782,-0.02160000056028366,0.0007888710824772716
783,0.06373400241136551,0.0007877998286858201
784,0.008533000014722347,0.0007870092522352934
785,0.01360000018030405,0.0007861609337851405
786,0.01866699941456318,0.0007851701229810715
787,0.03866700083017349,0.000784061208833009
788,0.02346700057387352,0.0007831247057765722
789,0.06373400241136551,0.0007822117768228054
790,0.028534000739455223,0.0007813045522198081
791,0.043733999133110046,0.0007803098997101188
792,-0.011466999538242817,0.0007791036041453481
793,0.07360100001096725,0.0007780068553984165
794,0.01360000018030405,0.0007764963083900511
795,0.03359999880194664,0.0007751433877274394
796,-0.0013330000219866633,0.0007737308042123914
797,0.02346700057387352,0.0007719406858086586
798,-0.04666699841618538,0.0007706056931056082
799,0.02346700057387352,0.0007695173844695091
800,-0.03653400018811226,0.000768443918786943
801,0.043733999133110046,0.0007676181267015636
802,0.03359999880194664,0.0007667550235055387
803,0.05866700038313866,0.0007662228308618069
804,0.028534000739455223,0.0007656608941033483
805,0.03866700083017349,0.0007648168248124421
806,-0.011466999538242817,0.0007638989482074976
807,0.0685340017080307,0.0007632263004779816
808,-0.0013330000219866633,0.0007625377038493752
809,0.03866700083017349,0.0007618593517690897
810,0.01866699941456318,0.0007611401961185038
811,0.028534000739455223,0.0007602506666444242
812,-0.016534000635147095,0.0007593379123136401
813,0.008533000014722347,0.0007585845305584371
814,0.003467000089585781,0.0007578037329949439
815,0.028534000739455223,0.0007572160102427006
816,-0.006399999838322401,0.0007564082043245435
817,0.03866700083017349,0.0007556197815574706
818,0.01866699941456318,0.0007545742555521429
819,0.04853399842977524,0.0007535857148468494
820,0.01866699941456318,0.0007526511326432228
821,0.05360100045800209,0.0007518185302615166
822,-0.011466999538242817,0.000750947161577642
823,0.03866700083017349,0.0007500401698052883
824,0.003467000089585781,0.0007492068689316511
825,0.02346700057387352,0.0007483710069209337
826,0.01360000018030405,0.0007474220474250615
827,0.03866700083017349,0.0007464407244697213
828,0.003467000089585781,0.0007453522412106395
829,0.04853399842977524,0.0007446663803420961
830,0.01360000018030405,0.0007441076450049877
831,0.03359999880194664,0.0007438142201863229
832,0.02346700057387352,0.0007433569990098476
833,0.01866699941456318,0.0007427455857396126
834,-0.011466999538242817,0.000742030912078917
835,0.028534000739455223,0.0007416169974021614
836,0.01360000018030405,0.0007408871315419674
837,0.03866700083017349,0.0007403115159831941
838,0.01866699941456318,0.0007396668661385775
839,-0.0013330000219866633,0.0007390534738078713
840,0.01360000018030405,0.0007382850162684917
841,0.01866699941456318,0.0007374875131063163
842,-0.011466999538242817,0.0007368149817921221
843,0.043733999133110046,0.0007360385498031974
844,-0.011466999538242817,0.000735331850592047
845,0.02346700057387352,0.0007348010549321771
846,0.003467000089585781,0.0007343189790844917
847,0.03866700083017349,0.0007337536662817001
848,0.003467000089585781,0.0007331037195399404
849,0.03866700083017349,0.0007326595368795097
850,-0.04666699841618538,0.0007322400342673063
851,0.03866700083017349,0.0007322800811380148
852,-0.0013330000219866633,0.0007321826415136456
853,0.0685340017080307,0.0007322782184928656
854,-0.006399999838322401,0.000732363376300782
855,0.043733999133110046,0.0007324687903746963
856,-0.011466999538242817,0.000732491142116487
857,0.05360100045800209,0.0007325706537812948
858,-0.026399999856948853,0.0007327457424253225
859,0.05360100045800209,0.0007329345680773258
860,-0.011466999538242817,0.0007330974331125617
861,0.03866700083017349,0.0007331048254854977
862,-0.011466999538242817,0.0007332660024985671
863,0.03866700083017349,0.0007334408001042902
864,0.003467000089585781,0.0007337213028222322
865,0.01866699941456318,0.0007339121075347066
866,0.003467000089585781,0.0007339253788813949
867,0.02346700057387352,0.0007338772411458194
868,-0.006399999838322401,0.0007337920251302421
869,0.01866699941456318,0.0007336314301937819
870,-0.0013330000219866633,0.0007332516834139824
871,0.05360100045800209,0.0007330874213948846
872,-0.016534000635147095,0.00073285645339638
873,0.05866700038313866,0.0007328639039769769
874,-0.011466999538242817,0.0007327103521674871
875,0.06373400241136551,0.0007326417835429311
876,-0.0013330000219866633,0.0007325505721382797
877,0.04853399842977524,0.0007327230414375663
878,-0.031466998159885406,0.0007327887578867376
879,0.06373400241136551,0.0007325993501581252
880,-0.011466999538242817,0.0007326474878937006
881,0.02346700057387352,0.0007327816565521061
882,0.01360000018030405,0.0007328425417654216
883,0.03866700083017349,0.0007331290980800986
884,-0.006399999838322401,0.0007333349203690886
885,0.043733999133110046,0.0007337959250435233
886,0.008533000014722347,0.0007339738076552749
887,0.03866700083017349,0.0007342576282098889
888,0.008533000014722347,0.0007344355108216405
889,0.05360100045800209,0.0007345991907641292
890,-0.0013330000219866633,0.0007345889462158084
891,0.043733999133110046,0.0007346016354858875
892,0.02346700057387352,0.0007346108905039728
893,0.03866700083017349,0.0007346465718001127
894,0.01866699941456318,0.0007345543126575649
895,0.01360000018030405,0.0007344192126765847
896,-0.02160000056028366,0.00073442910797894
897,0.02346700057387352,0.0007345708436332643
898,0.02346700057387352,0.0007347726495936513
899,0.03866700083017349,0.000734975968953222
900,-0.02160000056028366,0.0007351611275225878
901,0.02346700057387352,0.0007349771913141012
902,-0.011466999538242817,0.0007348526269197464
903,0.03359999880194664,0.0007349638035520911
904,-0.006399999838322401,0.0007352555403485894
905,0.01360000018030405,0.0007358157890848815
906,-0.016534000635147095,0.000736257410608232
907,0.028534000739455223,0.0007365877972915769
908,-0.006399999838322401,0.0007366857025772333
909,0.02346700057387352,0.0007369799423031509
910,0.003467000089585781,0.0007372882100753486
911,0.01866699941456318,0.0007377236615866423
912,0.01866699941456318,0.000738037284463644
913,0.04853399842977524,0.000738444970920682
914,-0.02160000056028366,0.0007388452650047839
915,0.03359999880194664,0.0007392800762318075
916,-0.03653400018811226,0.0007397053414024413
917,-0.006399999838322401,0.0007399420137517154
918,-0.0013330000219866633,0.0007401228649541736
919,0.06373400241136551,0.0007402334013022482
920,-0.02160000056028366,0.0007403159979730844
921,-0.0013330000219866633,0.0007409871323034167
922,-0.026399999856948853,0.0007412178674712777
923,-0.0013330000219866633,0.0007415087893605232
924,-0.011466999538242817,0.0007417334709316492
925,0.04853399842977524,0.0007418532622978091
926,-0.026399999856948853,0.0007421319605782628
927,0.01866699941456318,0.0007424192153848708
928,-0.006399999838322401,0.000742700940463692
929,0.01360000018030405,0.000742898671887815
930,-0.031466998159885406,0.000742916134186089
931,0.043733999133110046,0.0007431316771544516
932,-0.026399999856948853,0.0007432071724906564
933,0.03359999880194664,0.0007433374412357807
934,-0.016534000635147095,0.000743338605388999
935,0.05360100045800209,0.000743598910048604
936,-0.026399999856948853,0.0007436071755364537
937,0.003467000089585781,0.0007434625294990838
938,-0.02160000056028366,0.0007431934354826808
939,0.003467000089585781,0.0007434277795255184
940,-0.031466998159885406,0.0007432618294842541
941,0.01866699941456318,0.0007429405231960118
942,-0.0013330000219866633,0.0007424080395139754
943,0.003467000089585781,0.0007415601285174489
944,0.003467000089585781,0.0007408145465888083
945,0.01360000018030405,0.0007400758331641555
946,-0.011466999538242817,0.000739107490517199
947,0.02346700057387352,0.0007382904295809567
948,0.003467000089585781,0.0007371940882876515
949,0.01866699941456318,0.0007361981552094221
950,-0.02160000056028366,0.0007352294633165002
951,0.05866700038313866,0.0007343891775235534
952,-0.006399999838322401,0.0007333856774494052
953,0.01360000018030405,0.0007323819445446134
954,-0.031466998159885406,0.0007313343812711537
955,0.01866699941456318,0.0007305573672056198
956,-0.0013330000219866633,0.0007297274423763156
957,0.01866699941456318,0.0007289547938853502
958,-0.02160000056028366,0.0007280746940523386
959,0.01360000018030405,0.0007274479139596224
960,-0.011466999538242817,0.0007266675820574164
961,0.02346700057387352,0.0007256218232214451
962,-0.026399999856948853,0.0007242248393595219
963,0.01866699941456318,0.0007234282675199211
964,0.01360000018030405,0.0007224972359836102
965,0.003467000089585781,0.000721829361282289
966,-0.031466998159885406,0.0007211299962364137
967,0.03359999880194664,0.0007202105480246246
968,-0.03653400018811226,0.0007192936609499156
969,-0.0013330000219866633,0.0007183407433331013
970,-0.02160000056028366,0.0007171519682742655
971,-0.0013330000219866633,0.0007158922380767763
972,-0.02160000056028366,0.0007143918192014098
973,0.01360000018030405,0.0007126990240067244
974,-0.03653400018811226,0.0007113036699593067
975,0.04853399842977524,0.0007094658212736249
976,-0.0013330000219866633,0.0007080541690811515
977,0.03359999880194664,0.0007068305276334286
978,-0.006399999838322401,0.0007055226597003639
979,0.008533000014722347,0.0007040290511213243
980,-0.011466999538242817,0.0007028707768768072
981,0.04853399842977524,0.000701622455380857
982,-0.02160000056028366,0.0007007272797636688
983,0.003467000089585781,0.0006997348973527551
984,0.008533000014722347,0.0006987598608247936
985,0.03866700083017349,0.000697599200066179
986,-0.02160000056028366,0.0006966661894693971
987,0.05866700038313866,0.0006955503486096859
988,0.008533000014722347,0.0006944985361769795
989,0.03866700083017349,0.0006935157580301166
990,-0.0013330000219866633,0.0006924648769199848
991,0.02346700057387352,0.0006915926933288574
992,-0.02160000056028366,0.0006908251089043915
993,0.02346700057387352,0.000690336455591023
994,0.02346700057387352,0.0006895948317833245
995,0.03866700083017349,0.0006885755574330688
996,0.01866699941456318,0.0006876658881083131
997,0.03359999880194664,0.000686587649397552
998,0.02346700057387352,0.0006855510291643441
999,0.028534000739455223,0.0006846190080977976
1000,0.003467000089585781,0.0006838130066171288
1001,0.06373400241136551,0.0006828347686678171
1002,0.003467000089585781,0.0006815955275669694
1003,0.05360100045800209,0.0006804054137319326
1004,-0.016534000635147095,0.0006790785118937492
1005,0.03359999880194664,0.0006778136594220996
1006,-0.006399999838322401,0.0006768648163415492
1007,0.043733999133110046,0.0006758134113624692
1008,-0.011466999538242817,0.0006747445440851152
1009,0.028534000739455223,0.0006734324852004647
1010,-0.006399999838322401,0.0006719685043208301
1011,0.05360100045800209,0.0006706389831379056
1012,0.01360000018030405,0.0006693287286907434
1013,0.01360000018030405,0.0006681246450170875
1014,0.003467000089585781,0.0006668613059446216
1015,0.028534000739455223,0.0006656907498836517
1016,-0.0013330000219866633,0.0006644799141213298
1017,0.05360100045800209,0.0006634513847529888
1018,-0.011466999538242817,0.0006624219822697341
1019,0.01866699941456318,0.0006612841389141977
1020,-0.026399999856948853,0.000659929821267724
1021,0.04853399842977524,0.0006585594965144992
1022,0.003467000089585781,0.0006574285798706114
1023,0.01866699941456318,0.0006565452786162496
1024,0.008533000014722347,0.000655618030577898
1025,0.03866700083017349,0.0006546924123540521
1026,0.003467000089585781,0.0006537141744047403
1027,0.03866700083017349,0.0006528444355353713
1028,0.003467000089585781,0.000651886104606092
1029,0.06373400241136551,0.0006509265513159335
1030,-0.016534000635147095,0.0006499164737761021
1031,0.0685340017080307,0.000648902147077024
1032,-0.026399999856948853,0.0006479365983977914
1033,0.03866700083017349,0.0006467679631896317
1034,-0.0013330000219866633,0.0006458158022724092
1035,0.06373400241136551,0.0006447482737712562
1036,-0.0013330000219866633,0.0006438206182792783
1037,0.043733999133110046,0.0006427685730159283
1038,-0.0013330000219866633,0.0006418075645342469
1039,0.04853399842977524,0.0006407838081941009
1040,0.003467000089585781,0.0006397731485776603
1041,0.028534000739455223,0.0006386950262822211
1042,-0.026399999856948853,0.000637704273685813
1043,0.03359999880194664,0.0006365827284753323
1044,-0.026399999856948853,0.0006357275415211916
1045,0.028534000739455223,0.0006353538483381271
1046,0.02346700057387352,0.0006347736343741417
1047,0.043733999133110046,0.0006343147251754999
1048,0.05360100045800209,0.000633731484413147
1049,0.043733999133110046,0.0006330059841275215
1050,-0.016534000635147095,0.000632347771897912
1051,0.03866700083017349,0.0006314789061434567
1052,-0.011466999538242817,0.0006308393203653395
1053,0.06373400241136551,0.0006305865827016532
1054,-0.011466999538242817,0.0006301560788415372
1055,0.03866700083017349,0.0006296804058365524
1056,0.01866699941456318,0.0006292533362284303
1057,0.01360000018030405,0.0006283307448029518
1058,-0.006399999838322401,0.0006276408676058054
1059,0.043733999133110046,0.000626893830485642
1060,0.003467000089585781,0.0006263158284127712
1061,0.05360100045800209,0.0006258513312786818
1062,-0.011466999538242817,0.0006253516185097396
1063,0.04853399842977524,0.000624923559371382
1064,0.003467000089585781,0.0006242857198230922
1065,0.05360100045800209,0.00062366365455091
1066,-0.026399999856948853,0.000623218365944922
1067,0.01866699941456318,0.0006227061385288835
1068,0.01360000018030405,0.0006221269723027945
1069,0.05360100045800209,0.0006216015899553895
1070,-0.006399999838322401,0.0006209228304214776
1071,0.01360000018030405,0.0006201267242431641
1072,-0.026399999856948853,0.000619277823716402
1073,0.04853399842977524,0.0006185509264469147
1074,-0.006399999838322401,0.0006180151831358671
1075,0.003467000089585781,0.0006177022005431354
1076,-0.02160000056028366,0.0006172606954351068
1077,0.028534000739455223,0.0006167715764604509
1078,-0.02160000056028366,0.0006163044599816203
1079,0.028534000739455223,0.0006159850163385272
1080,0.01360000018030405,0.0006156002636998892
1081,0.05360100045800209,0.000615358934737742
1082,-0.011466999538242817,0.000615270808339119
1083,0.07866799831390381,0.000615122786257416
1084,0.003467000089585781,0.0006147841340862215
1085,0.03866700083017349,0.0006142433267086744
1086,0.003467000089585781,0.0006138138705864549
1087,0.01360000018030405,0.0006132745184004307
1088,-0.03653400018811226,0.0006130640394985676
1089,0.02346700057387352,0.0006128581007942557
1090,-0.0013330000219866633,0.0006127515807747841
1091,0.05360100045800209,0.0006124021019786596
1092,0.003467000089585781,0.0006123021012172103
1093,0.028534000739455223,0.0006121518090367317
1094,0.003467000089585781,0.000612083706073463
1095,0.028534000739455223,0.0006121116457507014
1096,0.008533000014722347,0.0006123388884589076
1097,0.028534000739455223,0.0006125838262960315
1098,0.01360000018030405,0.0006129221292212605
1099,0.05360100045800209,0.0006131036789156497
1100,0.028534000739455223,0.0006131971604190767
1101,0.06373400241136551,0.0006132464623078704
1102,0.003467000089585781,0.0006131806294433773
1103,0.07866799831390381,0.0006131023401394486
1104,-0.0013330000219866633,0.0006126940716058016
1105,0.03866700083017349,0.000612051400821656
1106,-0.006399999838322401,0.0006114993593655527
1107,0.028534000739455223,0.0006105507491156459
1108,-0.02160000056028366,0.0006099877646192908
1109,0.04853399842977524,0.0006091970135457814
1110,-0.011466999538242817,0.0006084940396249294
1111,0.07360100001096725,0.0006077176658436656
1112,-0.02160000056028366,0.0006069309310987592
1113,0.01360000018030405,0.000605922075919807
1114,-0.04666699841618538,0.0006049831863492727
1115,0.03866700083017349,0.0006040929583832622
1116,-0.011466999538242817,0.0006034998223185539
1117,0.008533000014722347,0.0006028012721799314
1118,-0.016534000635147095,0.0006021859007887542
1119,0.003467000089585781,0.0006016639526933432
1120,0.01360000018030405,0.0006010869983583689
1121,0.05360100045800209,0.000600568950176239
1122,0.01360000018030405,0.0006000589928589761
1123,0.043733999133110046,0.000599459046497941
1124,-0.0013330000219866633,0.0005990442004986107
1125,0.03359999880194664,0.0005984989111311734
1126,-0.016534000635147095,0.0005980676505714655
1127,0.01360000018030405,0.0005975089152343571
1128,-0.02160000056028366,0.0005970519850961864
1129,0.04853399842977524,0.0005962230497971177
1130,-0.02160000056028366,0.0005957911489531398
1131,0.02346700057387352,0.0005954047082923353
1132,-0.006399999838322401,0.0005950927152298391
1133,0.05360100045800209,0.0005946090677753091
1134,-0.0013330000219866633,0.000594322569668293
1135,0.028534000739455223,0.0005939096445217729
1136,-0.02160000056028366,0.0005934298387728631
1137,0.05866700038313866,0.0005929381586611271
1138,-0.02160000056028366,0.0005925470613874495
1139,0.043733999133110046,0.0005920207477174699
1140,-0.0013330000219866633,0.0005915243527851999
1141,0.02346700057387352,0.0005909238825552166
1142,-0.0013330000219866633,0.0005905887810513377
1143,0.008533000014722347,0.0005902827251702547
1144,0.003467000089585781,0.0005898087401874363
1145,0.03866700083017349,0.0005892333574593067
1146,-0.0013330000219866633,0.0005887404549866915
1147,0.028534000739455223,0.0005881796823814511
1148,-0.006399999838322401,0.000587529968470335
1149,0.02346700057387352,0.0005868719890713692
1150,-0.011466999538242817,0.0005863650585524738
1151,0.01360000018030405,0.0005859816446900368
1152,0.003467000089585781,0.0005854387418366969
1153,-0.0013330000219866633,0.0005848768050782382
1154,-0.011466999538242817,0.0005843880353495479
1155,0.03866700083017349,0.0005840033991262317
1156,0.003467000089585781,0.0005836202763020992
1157,0.02346700057387352,0.0005831439630128443
1158,-0.006399999838322401,0.000582866370677948
1159,0.02346700057387352,0.0005826184642501175
1160,-0.02160000056028366,0.0005823635729029775
1161,0.02346700057387352,0.0005820706137456
1162,0.01360000018030405,0.0005818461067974567
1163,0.04853399842977524,0.0005814962787553668
1164,-0.0013330000219866633,0.0005812502349726856
1165,0.03866700083017349,0.00058105489006266
1166,0.003467000089585781,0.0005808671121485531
1167,0.01360000018030405,0.000580516061745584
1168,-0.0013330000219866633,0.0005801749648526311
1169,0.04853399842977524,0.0005798966158181429
1170,0.003467000089585781,0.0005795802571810782
1171,0.028534000739455223,0.0005791302537545562
1172,-0.0013330000219866633,0.0005785779794678092
1173,0.03866700083017349,0.0005780104547739029
1174,-0.016534000635147095,0.0005775754107162356
1175,0.05360100045800209,0.0005770034622400999
1176,-0.04666699841618538,0.0005765706300735474
1177,0.02346700057387352,0.0005756339523941278
1178,-0.0013330000219866633,0.0005750065902248025
1179,0.03866700083017349,0.0005742814973928034
1180,-0.016534000635147095,0.0005736673483625054
1181,0.05360100045800209,0.0005730701377615333
1182,0.01360000018030405,0.0005725468508899212
1183,0.05866700038313866,0.0005718142492696643
1184,-0.011466999538242817,0.0005711764097213745
1185,0.05360100045800209,0.0005703300703316927
1186,-0.0013330000219866633,0.0005696071893908083
1187,0.04853399842977524,0.0005687865195795894
1188,0.003467000089585781,0.0005681659677065909
1189,0.028534000739455223,0.0005673877894878387
1190,-0.026399999856948853,0.000566669856198132
1191,0.04853399842977524,0.0005660173483192921
1192,0.003467000089585781,0.0005656619905494153
1193,0.04853399842977524,0.0005651250248774886
1194,-0.03653400018811226,0.0005644519114866853
1195,0.03866700083017349,0.0005637180292978883
1196,-0.011466999538242817,0.0005633109249174595
1197,0.03866700083017349,0.0005630208761431277
1198,0.008533000014722347,0.0005627999780699611
1199,0.02346700057387352,0.0005627405480481684
1200,0.008533000014722347,0.0005625403136946261
1201,0.028534000739455223,0.0005622574244625866
1202,-0.031466998159885406,0.0005621484015136957
1203,0.03866700083017349,0.0005621061427518725
1204,-0.0013330000219866633,0.0005622262833639979
1205,0.028534000739455223,0.0005623882752843201
1206,-0.006399999838322401,0.0005626234924420714
1207,0.03866700083017349,0.0005626017809845507
1208,-0.006399999838322401,0.0005628140643239021
1209,0.03866700083017349,0.000563118839636445
1210,0.003467000089585781,0.0005633584223687649
1211,0.028534000739455223,0.0005634166882373393
1212,-0.02160000056028366,0.000563665060326457
1213,0.028534000739455223,0.0005639412556774914
1214,-0.016534000635147095,0.0005643887561745942
1215,0.03866700083017349,0.0005644965567626059
1216,0.043733999133110046,0.0005646439385600388
1217,0.03359999880194664,0.0005647272919304669
1218,-0.016534000635147095,0.0005649713566526771
1219,0.028534000739455223,0.0005648687947541475
1220,-0.016534000635147095,0.0005649137310683727
1221,0.05866700038313866,0.0005649254890158772
1222,-0.02160000056028366,0.0005649244412779808
1223,0.03866700083017349,0.0005649453960359097
1224,0.008533000014722347,0.0005651833489537239
1225,0.01360000018030405,0.0005651728715747595
1226,-0.011466999538242817,0.0005652277613990009
1227,0.07866799831390381,0.0005649566883221269
1228,0.03866700083017349,0.0005647921934723854
1229,0.05360100045800209,0.0005646107019856572
1230,0.003467000089585781,0.0005645677447319031
1231,0.04853399842977524,0.0005648024962283671
1232,-0.011466999538242817,0.0005651919636875391
1233,0.028534000739455223,0.0005653941771015525
1234,-0.011466999538242817,0.000565670954529196
1235,0.003467000089585781,0.0005657948786392808
1236,-0.006399999838322401,0.0005659196176566184
1237,0.043733999133110046,0.0005659447051584721
1238,-0.016534000635147095,0.0005659532034769654
1239,0.028534000739455223,0.0005661819595843554
1240,-0.011466999538242817,0.0005664381897076964
1241,0.01360000018030405,0.000566373928450048
1242,-0.0013330000219866633,0.0005662557668983936
1243,0.04853399842977524,0.0005661048926413059
1244,-0.02160000056028366,0.0005663636839017272
1245,-0.011466999538242817,0.0005665486678481102
1246,-0.03653400018811226,0.0005665522767230868
1247,0.06373400241136551,0.0005662497133016586
1248,-0.03653400018811226,0.0005659516318701208
1249,0.05866700038313866,0.000565547845326364
1250,0.003467000089585781,0.0005656316643580794
1251,0.02346700057387352,0.0005656005814671516
1252,0.003467000089585781,0.0005657089059241116
1253,0.04853399842977524,0.000565919850487262
1254,-0.011466999538242817,0.0005663123447448015
1255,0.01360000018030405,0.0005664973286911845
1256,-0.011466999538242817,0.0005668532103300095
1257,0.01866699941456318,0.0005672303377650678
1258,-0.026399999856948853,0.0005676369764842093
1259,0.003467000089585781,0.0005678602028638124
1260,-0.016534000635147095,0.0005679873283952475
1261,-0.0013330000219866633,0.000568128190934658
1262,-0.0013330000219866633,0.0005682760383933783
1263,0.03866700083017349,0.0005683911731466651
1264,-0.016534000635147095,0.000568496179766953
1265,0.03866700083017349,0.0005686546210199594
1266,0.01866699941456318,0.0005689254030585289
1267,0.05866700038313866,0.0005691605038009584
1268,0.01360000018030405,0.0005695212166756392
1269,0.04853399842977524,0.0005697298911400139
1270,0.01360000018030405,0.0005700085894204676
1271,0.03866700083017349,0.0005701913614757359
1272,-0.016534000635147095,0.0005704188952222466
1273,0.028534000739455223,0.0005706410738639534
1274,0.003467000089585781,0.0005709071410819888
1275,0.0685340017080307,0.0005711211706511676
1276,-0.016534000635147095,0.0005714023718610406
1277,0.003467000089585781,0.0005715228617191315
1278,-0.006399999838322401,0.0005716737359762192
1279,0.04853399842977524,0.0005717119202017784
1280,0.003467000089585781,0.0005718695465475321
1281,0.03866700083017349,0.000572089571505785
1282,-0.011466999538242817,0.000572282646317035
1283,0.028534000739455223,0.0005724254879169166
1284,0.01360000018030405,0.0005727073294110596
1285,0.04853399842977524,0.0005729628028348088
1286,-0.006399999838322401,0.0005734051228500903
1287,0.03866700083017349,0.0005736704915761948
1288,0.01866699941456318,0.0005738584441132843
1289,0.03866700083017349,0.000573936733417213
1290,0.02346700057387352,0.0005740014021284878
1291,0.03359999880194664,0.0005740569904446602
1292,0.03359999880194664,0.0005741569912061095
1293,0.028534000739455223,0.0005741865606978536
1294,0.01360000018030405,0.000574228004552424
1295,0.043733999133110046,0.000574254197999835
1296,0.01360000018030405,0.0005742068169638515
1297,0.043733999133110046,0.0005742568173445761
1298,-0.016534000635147095,0.0005741750355809927
1299,0.03866700083017349,0.0005741778877563775
1300,-0.031466998159885406,0.0005742106004618108
1301,0.04853399842977524,0.000573961588088423
1302,-0.016534000635147095,0.0005738649051636457
1303,0.04853399842977524,0.0005736881867051125
1304,-0.011466999538242817,0.0005738537292927504
1305,0.043733999133110046,0.0005740819033235312
1306,0.01360000018030405,0.0005744461668655276
1307,0.07866799831390381,0.0005749283009208739
1308,-0.02160000056028366,0.000575136044062674
1309,0.028534000739455223,0.0005750928539782763
1310,-0.02160000056028366,0.0005751171265728772
1311,-0.0013330000219866633,0.0005748986732214689
1312,-0.0013330000219866633,0.0005745988455601037
1313,0.01360000018030405,0.0005743361543864012
1314,-0.0013330000219866633,0.0005740754422731698
1315,0.05360100045800209,0.0005739628686569631
1316,-0.0013330000219866633,0.0005737080937251449
1317,0.05360100045800209,0.0005735796876251698
1318,-0.011466999538242817,0.0005737804458476603
1319,0.03866700083017349,0.000573818339034915
1320,0.008533000014722347,0.0005740078049711883
1321,-0.0013330000219866633,0.0005741075146943331
1322,-0.02160000056028366,0.0005741439526900649
1323,0.01360000018030405,0.000574331555981189
1324,-0.04666699841618538,0.0005747464019805193
1325,0.028534000739455223,0.0005747671821154654
1326,-0.0013330000219866633,0.0005750561249442399
1327,0.03866700083017349,0.0005756193422712386
1328,-0.02160000056028366,0.0005764642264693975
1329,0.03359999880194664,0.0005773010780103505
1330,-0.011466999538242817,0.0005780866486020386
1331,0.043733999133110046,0.000578750972636044
1332,-0.03653400018811226,0.0005794761818833649
1333,0.04853399842977524,0.0005800994113087654
1334,-0.02160000056028366,0.0005808927235193551
1335,0.03359999880194664,0.0005817473866045475
1336,-0.016534000635147095,0.0005826679989695549
1337,0.01866699941456318,0.0005834451876580715
1338,-0.011466999538242817,0.0005842702812515199
1339,0.04853399842977524,0.0005852117901667953
1340,-0.0013330000219866633,0.0005864184349775314
1341,0.01360000018030405,0.0005876344512216747
1342,-0.026399999856948853,0.0005887547158636153
1343,-0.0013330000219866633,0.000589840579777956
1344,-0.03653400018811226,0.0005906708538532257
1345,0.01866699941456318,0.0005915705696679652
1346,-0.011466999538242817,0.0005923602147959173
1347,0.028534000739455223,0.0005930637707933784
1348,0.008533000014722347,0.0005938829854130745
1349,0.04853399842977524,0.000594764482229948
1350,-0.011466999538242817,0.0005956527311354876
1351,0.01360000018030405,0.0005964810843579471
1352,-0.02160000056028366,0.0005972529761493206
1353,0.008533000014722347,0.0005980409914627671
1354,0.003467000089585781,0.0005986057221889496
1355,0.028534000739455223,0.0005992315709590912
1356,0.008533000014722347,0.000600153929553926
1357,0.02346700057387352,0.0006009956705383956
1358,-0.02160000056028366,0.000601643871050328
1359,0.03866700083017349,0.0006023336900398135
1360,-0.011466999538242817,0.000603264314122498
1361,0.03866700083017349,0.0006042738677933812
1362,-0.0013330000219866633,0.0006053591496311128
1363,0.04853399842977524,0.0006064343033358455
1364,0.02346700057387352,0.0006073920521885157
1365,0.04853399842977524,0.0006085134227760136
1366,-0.011466999538242817,0.0006094715208746493
1367,0.04853399842977524,0.0006105797947384417
1368,-0.0013330000219866633,0.0006117119337432086
1369,0.01866699941456318,0.0006129971006885171
1370,-0.031466998159885406,0.0006142128258943558
1371,0.04853399842977524,0.0006153529975563288
1372,0.01360000018030405,0.0006166207604110241
1373,0.01360000018030405,0.0006178573239594698
1374,0.01866699941456318,0.0006189445266500115
1375,0.02346700057387352,0.0006198849296197295
1376,-0.006399999838322401,0.0006211825530044734
1377,0.028534000739455223,0.0006226395489647985
1378,-0.02160000056028366,0.0006241983501240611
1379,0.02346700057387352,0.0006259424844756722
1380,-0.011466999538242817,0.0006275289924815297
1381,0.02346700057387352,0.0006293975748121738
1382,-0.02160000056028366,0.000631282920949161
1383,0.01866699941456318,0.0006332077900879085
1384,-0.02160000056028366,0.0006352013442665339
1385,0.01360000018030405,0.0006372774951159954
1386,-0.03653400018811226,0.0006390251219272614
1387,0.043733999133110046,0.0006408384651876986
1388,-0.04160099849104881,0.0006427305052056909
1389,0.028534000739455223,0.0006447241175919771
1390,0.003467000089585781,0.0006464753532782197
1391,0.02346700057387352,0.0006485143676400185
1392,-0.031466998159885406,0.0006508196238428354
1393,0.01360000018030405,0.0006525672506541014
1394,0.003467000089585781,0.0006544443313032389
1395,0.03359999880194664,0.0006563550559803843
1396,-0.03653400018811226,0.0006584770744666457
1397,0.003467000089585781,0.000660293735563755
1398,0.01360000018030405,0.0006621353677473962
1399,0.03866700083017349,0.0006638920749537647
1400,-0.011466999538242817,0.0006661050720140338
1401,0.028534000739455223,0.0006680710939690471
1402,-0.011466999538242817,0.0006700650556012988
1403,0.04853399842977524,0.0006721642566844821
1404,-0.02160000056028366,0.0006746535073034465
1405,-0.02160000056028366,0.0006771354237571359
1406,0.01360000018030405,0.000679470133036375
1407,0.05866700038313866,0.0006815573433414102
1408,0.003467000089585781,0.0006837804685346782
1409,0.02346700057387352,0.0006858733249828219
1410,0.003467000089585781,0.0006879726424813271
1411,-0.026399999856948853,0.0006896947743371129
1412,-0.03653400018811226,0.0006912624230608344
1413,0.043733999133110046,0.0006929088849574327
1414,0.01360000018030405,0.0006941019091755152
1415,0.03866700083017349,0.0006954140262678266
1416,-0.03653400018811226,0.0006968815578147769
1417,0.02346700057387352,0.0006983581697568297
1418,-0.006399999838322401,0.00069958227686584
1419,0.03866700083017349,0.0007010154076851904
1420,-0.011466999538242817,0.0007027722895145416
1421,0.01360000018030405,0.0007046022219583392
1422,-0.011466999538242817,0.0007060157367959619
1423,0.03866700083017349,0.0007074945024214685
1424,-0.031466998159885406,0.0007087990525178611
1425,0.04853399842977524,0.0007102675153873861
1426,-0.006399999838322401,0.0007117253262549639
1427,0.003467000089585781,0.000713223242200911
1428,0.003467000089585781,0.0007146626594476402
1429,-0.0013330000219866633,0.0007162342662923038
1430,-0.03653400018811226,0.000717640039511025
1431,0.02346700057387352,0.0007189861498773098
1432,-0.011466999538242817,0.000720148382242769
1433,0.043733999133110046,0.0007217021193355322
1434,-0.0013330000219866633,0.0007230117917060852
1435,0.03359999880194664,0.0007244318840093911
1436,-0.026399999856948853,0.0007256581448018551
1437,0.028534000739455223,0.0007271234644576907
1438,-0.011466999538242817,0.0007285784813575447
1439,-0.0013330000219866633,0.0007301626610569656
1440,-0.026399999856948853,0.0007315577240660787
1441,0.003467000089585781,0.0007330115186050534
1442,-0.011466999538242817,0.0007344395853579044
1443,0.003467000089585781,0.0007357462891377509
1444,-0.0013330000219866633,0.0007367597427219152
1445,0.028534000739455223,0.0007377978763543069
1446,0.003467000089585781,0.000738894275855273
1447,0.008533000014722347,0.000739877752494067
1448,-0.031466998159885406,0.0007407284574583173
1449,0.003467000089585781,0.0007418026216328144
1450,-0.011466999538242817,0.0007429596735164523
1451,0.03359999880194664,0.0007442660862579942
1452,-0.026399999856948853,0.0007453215657733381
1453,-0.0013330000219866633,0.0007463730871677399
1454,0.003467000089585781,0.0007472796714864671
1455,0.02346700057387352,0.0007481562788598239
1456,-0.0013330000219866633,0.0007491791620850563
1457,0.02346700057387352,0.0007504483219236135
1458,-0.016534000635147095,0.0007515938486903906
1459,0.028534000739455223,0.0007525426335632801
1460,-0.0013330000219866633,0.0007532632444053888
1461,0.03359999880194664,0.0007541957311332226
1462,-0.04666699841618538,0.0007550219306722283
1463,0.028534000739455223,0.0007561419042758644
1464,-0.006399999838322401,0.0007570555899292231
1465,0.05360100045800209,0.0007580178207717836
1466,-0.016534000635147095,0.0007587643340229988
1467,0.04853399842977524,0.0007594965863972902
1468,-0.016534000635147095,0.0007600800599902868
1469,0.04853399842977524,0.0007605904247611761
1470,0.01360000018030405,0.000760971917770803
1471,0.03866700083017349,0.000761604227591306
1472,0.003467000089585781,0.0007622798439115286
1473,0.01866699941456318,0.0007630587788298726
1474,0.003467000089585781,0.000763757445383817
1475,0.04853399842977524,0.0007644999423064291
1476,0.02346700057387352,0.0007651104824617505
1477,0.028534000739455223,0.0007657825481146574
1478,-0.03653400018811226,0.0007663363358005881
1479,0.02346700057387352,0.0007669499609619379
1480,-0.026399999856948853,0.0007673574145883322
1481,0.01866699941456318,0.0007678661495447159
1482,0.003467000089585781,0.0007685577147640288
1483,0.04853399842977524,0.0007694697706028819
1484,0.01360000018030405,0.0007699765847064555
1485,0.05866700038313866,0.0007707098266109824
1486,-0.006399999838322401,0.0007711098296567798
1487,0.04853399842977524,0.0007714363746345043
1488,-0.026399999856948853,0.0007716266554780304
1489,0.028534000739455223,0.0007718143751844764
1490,-0.026399999856948853,0.000771870487369597
1491,0.05360100045800209,0.0007723120506852865
1492,0.028534000739455223,0.0007725395262241364
1493,0.03866700083017349,0.0007727661868557334
1494,-0.0013330000219866633,0.0007727199699729681
1495,0.04853399842977524,0.0007726741605438292
1496,-0.016534000635147095,0.0007726082112640142
1497,0.01360000018030405,0.000772855244576931
1498,0.008533000014722347,0.0007729375502094626
1499,0.02346700057387352,0.0007730858051218092
1500,0.003467000089585781,0.0007730154902674258
1501,0.04853399842977524,0.0007730822544544935
1502,0.01360000018030405,0.0007732982630841434
1503,0.01360000018030405,0.0007734842947684228
1504,0.028534000739455223,0.0007736370316706598
1505,0.03866700083017349,0.000774193205870688
1506,-0.02160000056028366,0.0007744886679574847
1507,0.03866700083017349,0.0007753004902042449
1508,-0.006399999838322401,0.0007755167316645384
1509,0.04853399842977524,0.0007759261061437428
1510,-0.006399999838322401,0.00077610625885427
1511,0.05360100045800209,0.0007763970643281937
1512,-0.011466999538242817,0.0007764052134007215
1513,0.028534000739455223,0.0007763626053929329
1514,-0.026399999856948853,0.0007763364119455218
1515,0.008533000014722347,0.0007764908368699253
1516,-0.006399999838322401,0.000776688801124692
1517,0.02346700057387352,0.0007770072552375495
1518,-0.0013330000219866633,0.0007771695964038372
1519,0.03359999880194664,0.0007775537087582052
1520,0.01360000018030405,0.0007776872953400016
1521,0.01866699941456318,0.0007779165171086788
1522,-0.02160000056028366,0.0007779744919389486
1523,0.028534000739455223,0.0007781923632137477
1524,0.003467000089585781,0.0007782269967719913
1525,0.028534000739455223,0.0007786179194226861
1526,-0.02160000056028366,0.0007786598871462047
1527,0.02346700057387352,0.0007789827650412917
1528,-0.02160000056028366,0.00077929807594046
1529,0.01866699941456318,0.00077977025648579
1530,0.008533000014722347,0.0007800564635545015
1531,0.03359999880194664,0.0007804328924976289
1532,-0.011466999538242817,0.0007806443609297276
1533,0.03359999880194664,0.0007810461102053523
1534,0.008533000014722347,0.000781217822805047
1535,0.028534000739455223,0.0007815542630851269
1536,-0.006399999838322401,0.000781889189966023
1537,0.03359999880194664,0.0007824210333637893
1538,0.02346700057387352,0.0007829044479876757
1539,0.043733999133110046,0.0007833954296074808
1540,-0.006399999838322401,0.0007836539298295975
1541,0.03359999880194664,0.0007841945043765008
1542,-0.02160000056028366,0.0007845337386243045
1543,0.03866700083017349,0.0007848995155654848
1544,-0.006399999838322401,0.0007850936381146312
1545,0.008533000014722347,0.0007854552241042256
1546,-0.006399999838322401,0.0007857317104935646
1547,-0.0013330000219866633,0.0007861471967771649
1548,0.003467000089585781,0.0007863071514293551
1549,0.01360000018030405,0.0007864328799769282
1550,-0.0013330000219866633,0.0007866154192015529
1551,0.03359999880194664,0.0007871251436881721
1552,-0.0013330000219866633,0.0007876314921304584
1553,0.04853399842977524,0.0007881800411269069
1554,-0.05146700143814087,0.0007885522209107876
1555,0.04853399842977524,0.0007890855195000768
1556,-0.04160099849104881,0.0007894143927842379
1557,0.028534000739455223,0.0007899226620793343
1558,-0.0013330000219866633,0.0007903651567175984
1559,0.028534000739455223,0.0007908995030447841
1560,-0.006399999838322401,0.0007912172004580498
1561,0.05360100045800209,0.0007917878101579845
1562,-0.006399999838322401,0.0007918995688669384
1563,0.02346700057387352,0.0007920247735455632
1564,-0.03653400018811226,0.0007920897332951427
1565,0.028534000739455223,0.0007925115060061216
1566,-0.0013330000219866633,0.000792628270573914
1567,0.02346700057387352,0.0007928511477075517
1568,-0.0013330000219866633,0.0007929920102469623
1569,0.02346700057387352,0.0007935283938422799
1570,-0.031466998159885406,0.0007939988281577826
1571,0.01360000018030405,0.0007943926611915231
1572,-0.0013330000219866633,0.0007946834666654468
1573,0.05360100045800209,0.0007950513390824199
1574,-0.0013330000219866633,0.0007951839943416417
1575,0.043733999133110046,0.0007954599568620324
1576,0.01360000018030405,0.0007957230554893613
1577,0.028534000739455223,0.0007961601950228214
1578,-0.031466998159885406,0.0007963223615661263
1579,0.028534000739455223,0.0007967452984303236
1580,-0.02160000056028366,0.000796777312643826
1581,0.03866700083017349,0.0007971319719217718
1582,0.03359999880194664,0.0007972739986144006
1583,0.01360000018030405,0.0007972467574290931
1584,-0.011466999538242817,0.0007970602018758655
1585,0.01360000018030405,0.0007967586861923337
1586,0.003467000089585781,0.0007965168915688992
1587,0.03359999880194664,0.0007966433186084032
1588,0.02346700057387352,0.0007966597331687808
1589,0.028534000739455223,0.0007967963465489447
1590,0.008533000014722347,0.0007968174759298563
1591,0.01360000018030405,0.0007967152050696313
1592,-0.02160000056028366,0.0007967841229401529
1593,0.028534000739455223,0.0007972215535119176
1594,-0.011466999538242817,0.0007975114858709276
1595,0.03359999880194664,0.0007976341294124722
1596,-0.0013330000219866633,0.0007975368062034249
1597,0.028534000739455223,0.0007976265042088926
1598,-0.011466999538242817,0.0007975156186148524
1599,0.04853399842977524,0.0007978322682902217
1600,-0.02160000056028366,0.000798332504928112
1601,0.03866700083017349,0.0007988007273525
1602,0.03359999880194664,0.0007991943275555968
1603,0.01360000018030405,0.0007997048087418079
1604,0.003467000089585781,0.0007999222725629807
1605,0.02346700057387352,0.0008002571412362158
1606,-0.011466999538242817,0.0008005414274521172
1607,0.0685340017080307,0.0008008177392184734
1608,0.03359999880194664,0.0008012832840904593
1609,0.0685340017080307,0.0008015079656615853
1610,-0.02160000056028366,0.0008017361396923661
1611,0.06373400241136551,0.0008020140812732279
1612,0.003467000089585781,0.0008018999942578375
1613,0.01360000018030405,0.000801999238319695
1614,-0.011466999538242817,0.0008022804977372289
1615,0.03866700083017349,0.0008024458074942231
1616,0.01866699941456318,0.0008024987764656544
1617,0.03866700083017349,0.0008024430135264993
1618,-0.02160000056028366,0.0008021710673347116
1619,0.01360000018030405,0.0008019630913622677
1620,-0.0013330000219866633,0.0008018128573894501
1621,0.02346700057387352,0.0008017418440431356
1622,0.003467000089585781,0.0008017523214221001
1623,0.05360100045800209,0.0008015467901714146
1624,0.028534000739455223,0.000801481946837157
1625,0.043733999133110046,0.0008012353209778666
1626,-0.0013330000219866633,0.0008010125020518899
1627,0.03866700083017349,0.0008006365969777107
1628,-0.026399999856948853,0.0008001419482752681
1629,0.008533000014722347,0.0007998270448297262
1630,-0.011466999538242817,0.0007994892075657845
1631,0.04853399842977524,0.0007994165061973035
1632,-0.0013330000219866633,0.0007989960722625256
1633,0.028534000739455223,0.0007983591640368104
1634,-0.006399999838322401,0.0007977397763170302
1635,-0.0013330000219866633,0.0007969032740220428
1636,0.008533000014722347,0.0007959776557981968
1637,0.003467000089585781,0.0007948004640638828
1638,0.003467000089585781,0.0007937984773889184
1639,0.02346700057387352,0.000792730541434139
1640,-0.011466999538242817,0.0007916674949228764
1641,0.03359999880194664,0.0007905801176093519
1642,0.003467000089585781,0.0007894664304330945
1643,0.01360000018030405,0.0007881759665906429
1644,-0.03653400018811226,0.0007867253152653575
1645,0.003467000089585781,0.0007851762929931283
1646,0.03359999880194664,0.0007838798919692636
1647,0.03359999880194664,0.0007821619510650635
1648,-0.006399999838322401,0.0007803502958267927
1649,0.028534000739455223,0.0007790298550389707
1650,0.003467000089585781,0.0007775572594255209
1651,-0.006399999838322401,0.0007760204607620835
1652,-0.026399999856948853,0.0007742572342976928
1653,0.01866699941456318,0.0007728772470727563
1654,-0.0013330000219866633,0.0007714333478361368
1655,0.03866700083017349,0.00076998898293823
1656,-0.011466999538242817,0.0007687482284381986
1657,0.028534000739455223,0.0007674556691199541
1658,-0.011466999538242817,0.0007661397103220224
1659,0.008533000014722347,0.0007648103055544198
1660,-0.011466999538242817,0.000763364601880312
1661,0.03866700083017349,0.0007621137774549425
1662,-0.02160000056028366,0.0007609919994138181
1663,0.04853399842977524,0.0007599631207995117
1664,0.003467000089585781,0.000758813344873488
1665,0.02346700057387352,0.0007575345225632191
1666,-0.0013330000219866633,0.0007563261315226555
1667,0.043733999133110046,0.0007555701304227114
1668,0.003467000089585781,0.0007549069705419242
1669,-0.0013330000219866633,0.0007543188985437155
1670,0.003467000089585781,0.0007539507350884378
1671,0.02346700057387352,0.0007533591706305742
1672,-0.006399999838322401,0.0007527305278927088
1673,0.008533000014722347,0.0007519030477851629
1674,-0.006399999838322401,0.0007513927994295955
1675,0.07360100001096725,0.0007506891852244735
1676,-0.011466999538242817,0.0007493608864024282
1677,0.003467000089585781,0.0007479417836293578
1678,-0.011466999538242817,0.0007468547555617988
1679,0.03359999880194664,0.0007457869360223413
1680,0.008533000014722347,0.0007450291886925697
1681,0.028534000739455223,0.0007441005436703563
1682,-0.006399999838322401,0.0007431230042129755
1683,0.01360000018030405,0.0007422678754664958
1684,0.01360000018030405,0.000741549942176789
1685,0.02346700057387352,0.0007405744399875402
1686,-0.0013330000219866633,0.0007398210000246763
1687,0.04853399842977524,0.0007392177358269691
1688,-0.02160000056028366,0.0007385672070086002
1689,0.02346700057387352,0.0007377568981610239
1690,-0.0013330000219866633,0.0007371053798124194
1691,0.03359999880194664,0.000736478716135025
1692,0.02346700057387352,0.0007360047893598676
1693,0.028534000739455223,0.0007354365661740303
1694,0.01360000018030405,0.0007347495993599296
1695,0.0685340017080307,0.0007340490119531751
1696,0.01360000018030405,0.0007332201348617673
1697,0.01866699941456318,0.0007324002217501402
1698,0.02346700057387352,0.0007316771079786122
1699,0.04853399842977524,0.0007310279761441052
1700,-0.0013330000219866633,0.0007306049228645861
1701,0.06373400241136551,0.000730280764400959
1702,0.01360000018030405,0.0007298645214177668
1703,0.03359999880194664,0.0007294975803233683
1704,-0.04160099849104881,0.0007292627124115825
1705,0.028534000739455223,0.0007287170737981796
1706,-0.02160000056028366,0.0007282611913979053
1707,0.01360000018030405,0.000727608916349709
1708,-0.02160000056028366,0.0007272915681824088
1709,0.01360000018030405,0.0007267887704074383
1710,0.003467000089585781,0.0007267313194461167
1711,0.04853399842977524,0.0007268788758665323
1712,-0.031466998159885406,0.000726970611140132
1713,0.05360100045800209,0.0007268977351486683
1714,0.01360000018030405,0.0007270121714100242
1715,0.03866700083017349,0.0007271682843565941
1716,-0.006399999838322401,0.0007277735276147723
1717,0.02346700057387352,0.0007282906444743276
1718,-0.04160099849104881,0.0007289666682481766
1719,0.04853399842977524,0.0007292013615369797
1720,-0.006399999838322401,0.0007294120732694864
1721,0.028534000739455223,0.0007293873932212591
1722,0.01360000018030405,0.0007296386174857616
1723,0.0685340017080307,0.0007301229052245617
1724,-0.0013330000219866633,0.0007307181367650628
1725,0.04853399842977524,0.0007311981753446162
1726,-0.0013330000219866633,0.0007315508555620909
1727,0.03866700083017349,0.0007320846198126674
1728,-0.0013330000219866633,0.0007326042978093028
1729,0.02346700057387352,0.000733033986762166
1730,-0.02160000056028366,0.000733647495508194
1731,0.07360100001096725,0.0007340701413340867
1732,-0.031466998159885406,0.0007344625191763043
1733,0.01360000018030405,0.0007348430808633566
1734,-0.02160000056028366,0.0007354019908234477
1735,0.04853399842977524,0.0007359549636021256
1736,0.01360000018030405,0.0007363097975030541
1737,0.04853399842977524,0.0007365969941020012
1738,0.01360000018030405,0.0007367623038589954
1739,0.028534000739455223,0.0007368664955720305
1740,-0.0013330000219866633,0.0007372781401500106
1741,0.02346700057387352,0.0007375854765996337
1742,-0.011466999538242817,0.0007379917078651488
1743,0.043733999133110046,0.0007381259929388762
1744,-0.011466999538242817,0.0007384152850136161
1745,0.028534000739455223,0.0007387137738987803
1746,-0.011466999538242817,0.0007391002727672458
1747,0.03359999880194664,0.0007391302497126162
1748,-0.006399999838322401,0.0007394907297566533
1749,0.028534000739455223,0.0007398054585792124
1750,-0.016534000635147095,0.0007404352654702961
1751,0.028534000739455223,0.0007407670491375029
1752,-0.006399999838322401,0.0007412091363221407
1753,0.043733999133110046,0.0007415114669129252
1754,0.003467000089585781,0.0007420356851071119
1755,0.03359999880194664,0.0007426122901961207
1756,-0.0013330000219866633,0.0007434687577188015
1757,0.043733999133110046,0.0007443414069712162
1758,0.003467000089585781,0.0007452485151588917
1759,-0.0013330000219866633,0.0007460917113348842
1760,-0.061601001769304276,0.00074716069502756
1761,0.03866700083017349,0.0007472977740690112
1762,-0.05146700143814087,0.0007479070918634534
1763,0.02346700057387352,0.0007479189662262797
1764,-0.03653400018811226,0.0007484734524041414
1765,0.06373400241136551,0.0007487788097932935
1766,-0.026399999856948853,0.0007490311982110143
1767,0.028534000739455223,0.0007490611169487238
1768,0.02346700057387352,0.0007492558797821403
1769,0.028534000739455223,0.0007495926111005247
1770,0.01360000018030405,0.0007499521598219872
1771,0.028534000739455223,0.000750277831684798
1772,0.003467000089585781,0.000750642386265099
1773,0.03866700083017349,0.000751059444155544
1774,-0.011466999538242817,0.0007515514153055847
1775,0.028534000739455223,0.0007518474012613297
1776,0.01360000018030405,0.0007525461260229349
1777,0.043733999133110046,0.0007533396128565073
1778,-0.031466998159885406,0.0007541859522461891
1779,0.03866700083017349,0.000754976412281394
1780,0.028534000739455223,0.0007557559874840081
1781,0.02346700057387352,0.0007567608263343573
1782,0.01360000018030405,0.0007577173528261483
1783,0.03866700083017349,0.0007585807470604777
1784,-0.006399999838322401,0.0007594798225909472
1785,0.06373400241136551,0.0007602252881042659
1786,-0.0013330000219866633,0.0007608614396303892
1787,0.043733999133110046,0.0007615505019202828
1788,0.008533000014722347,0.0007621498662047088
1789,0.05360100045800209,0.000762642128393054
1790,0.02346700057387352,0.0007631054613739252
1791,0.02346700057387352,0.0007634842186234891
1792,0.03866700083017349,0.0007637795060873032
1793,0.05360100045800209,0.0007637795060873032
1794,0.003467000089585781,0.0007641041884198785
1795,0.03359999880194664,0.0007644741563126445
1796,0.01360000018030405,0.0007648293394595385
1797,0.01866699941456318,0.0007649187464267015
1798,0.003467000089585781,0.0007653202628716826
1799,0.04853399842977524,0.0007658195681869984
1800,-0.016534000635147095,0.0007663199794478714
1801,0.028534000739455223,0.0007669118931517005
1802,0.008533000014722347,0.0007675301749259233
1803,0.07866799831390381,0.0007679995615035295
1804,-0.011466999538242817,0.0007685385644435883
1805,0.028534000739455223,0.000769052654504776
1806,0.01360000018030405,0.0007694632513448596
1807,0.03359999880194664,0.0007697560940869153
1808,0.003467000089585781,0.0007699283887632191
1809,0.01866699941456318,0.0007700855494476855
1810,0.01866699941456318,0.0007704728050157428
1811,0.04853399842977524,0.0007709317142143846
1812,-0.0013330000219866633,0.0007715880055911839
1813,0.03866700083017349,0.0007718564593233168
1814,-0.031466998159885406,0.0007722529117017984
1815,0.04853399842977524,0.000772651401348412
1816,0.01360000018030405,0.0007731484365649521
1817,0.06373400241136551,0.0007735234685242176
1818,-0.006399999838322401,0.0007738862186670303
1819,0.03866700083017349,0.000774461543187499
1820,0.008533000014722347,0.0007751346565783024
1821,0.06373400241136551,0.0007755584083497524
1822,-0.016534000635147095,0.0007761406013742089
1823,0.03359999880194664,0.0007768896175548434
1824,0.01866699941456318,0.000777734792791307
1825,0.028534000739455223,0.0007782941684126854
1826,-0.011466999538242817,0.0007788707152940333
1827,0.0685340017080307,0.0007797800935804844
1828,0.01360000018030405,0.000780727481469512
1829,0.07360100001096725,0.0007815069984644651
1830,-0.0013330000219866633,0.0007824100321158767
1831,-0.0013330000219866633,0.000783151073846966
1832,-0.011466999538242817,0.0007839539321139455
1833,0.028534000739455223,0.0007846558000892401
1834,-0.011466999538242817,0.0007853843853808939
1835,0.043733999133110046,0.0007857326418161392
1836,-0.0013330000219866633,0.0007864560466259718
1837,0.003467000089585781,0.000787022989243269
1838,0.02346700057387352,0.0007877934258431196
1839,0.05360100045800209,0.0007884780643507838
1840,-0.026399999856948853,0.0007887058891355991
1841,0.028534000739455223,0.0007888461695984006
1842,0.03866700083017349,0.0007890090346336365
1843,0.05866700038313866,0.0007889727130532265
1844,0.03866700083017349,0.0007889906992204487
1845,0.05360100045800209,0.0007889590924605727
1846,0.04853399842977524,0.0007888032123446465
1847,0.05360100045800209,0.0007886568200774491
1848,0.003467000089585781,0.0007883257931098342
1849,0.05360100045800209,0.0007878695614635944
1850,-0.011466999538242817,0.0007872865535318851
1851,0.05360100045800209,0.0007870118133723736
1852,0.003467000089585781,0.0007871159468777478
1853,0.03866700083017349,0.0007868377724662423
1854,0.01360000018030405,0.0007866810774430633
1855,-0.0013330000219866633,0.0007862192578613758
1856,-0.006399999838322401,0.0007855018484406173
1857,0.028534000739455223,0.0007847172673791647
1858,0.028534000739455223,0.000784061849117279
1859,0.03359999880194664,0.0007834177231416106
1860,-0.0013330000219866633,0.0007829535752534866
1861,0.01360000018030405,0.0007823184714652598
1862,-0.0013330000219866633,0.0007816507713869214
1863,0.03866700083017349,0.0007809777744114399
1864,0.008533000014722347,0.0007800740422680974
1865,0.04853399842977524,0.0007795033743605018
1866,-0.0013330000219866633,0.0007790154777467251
1867,0.03866700083017349,0.0007785304915159941
1868,0.02346700057387352,0.000778147135861218
1869,0.03866700083017349,0.0007777278078719974
1870,0.003467000089585781,0.000777366803959012
1871,0.04853399842977524,0.0007771360105834901
1872,-0.0013330000219866633,0.0007769559742882848
1873,0.028534000739455223,0.0007768982904963195
1874,-0.011466999538242817,0.0007769969524815679
1875,0.01360000018030405,0.0007770882220938802
1876,-0.0013330000219866633,0.0007770765805616975
1877,0.03866700083017349,0.000776926870457828
1878,-0.031466998159885406,0.0007769970106892288
1879,0.02346700057387352,0.0007770545198582113
1880,-0.006399999838322401,0.0007770220981910825
1881,0.02346700057387352,0.0007771037635393441
1882,-0.03653400018811226,0.0007767994538880885
1883,0.028534000739455223,0.0007764343754388392
1884,0.01360000018030405,0.0007759003201499581
1885,0.03359999880194664,0.0007752652163617313
1886,0.043733999133110046,0.0007748370408080518
1887,0.05360100045800209,0.0007742125890217721
1888,-0.02160000056028366,0.0007735920371487737
1889,0.03866700083017349,0.0007732899975962937
1890,-0.006399999838322401,0.0007728374330326915
1891,0.07360100001096725,0.0007726333569735289
1892,-0.026399999856948853,0.0007725993054918945
1893,0.003467000089585781,0.0007727716001681983
1894,-0.026399999856948853,0.0007728941855020821
1895,0.03359999880194664,0.0007730216020718217
1896,-0.03653400018811226,0.000773121602833271
1897,0.01866699941456318,0.0007729821372777224
1898,-0.031466998159885406,0.0007731167133897543
1899,0.01360000018030405,0.0007731936639174819
1900,-0.011466999538242817,0.0007733908714726567
1901,0.01360000018030405,0.0007735093240626156
1902,-0.0013330000219866633,0.0007735056569799781
1903,0.008533000014722347,0.0007737599080428481
1904,0.01360000018030405,0.000773819163441658
1905,0.01866699941456318,0.0007738865679129958
1906,-0.006399999838322401,0.0007738283602520823
1907,0.04853399842977524,0.0007737297564744949
1908,-0.0013330000219866633,0.0007737952983006835
1909,0.05866700038313866,0.0007740496657788754
1910,0.01866699941456318,0.0007742702146060765
1911,0.07360100001096725,0.0007746974006295204
1912,-0.026399999856948853,0.0007745922193862498
1913,0.01360000018030405,0.0007747079362161458
1914,-0.0013330000219866633,0.0007746618939563632
1915,0.03866700083017349,0.0007746112532913685
1916,0.01866699941456318,0.0007741983281448483
1917,0.03866700083017349,0.0007736705592833459
1918,0.01866699941456318,0.0007730876095592976
1919,0.028534000739455223,0.0007726018084213138
1920,-0.02160000056028366,0.0007721680449321866
1921,0.008533000014722347,0.000771965947933495
1922,-0.026399999856948853,0.0007715789834037423
1923,0.003467000089585781,0.000771197082940489
1924,-0.016534000635147095,0.000770753191318363
1925,0.03866700083017349,0.00077020563185215
1926,0.008533000014722347,0.000769451551605016
1927,0.028534000739455223,0.0007687966572120786
1928,0.003467000089585781,0.0007680902490392327
1929,0.03866700083017349,0.000767451710999012
1930,-0.016534000635147095,0.000766741344705224
1931,0.01360000018030405,0.0007660459959879518
1932,0.02346700057387352,0.0007655019289813936
1933,0.028534000739455223,0.0007650044281035662
1934,-0.016534000635147095,0.0007645130390301347
1935,0.01360000018030405,0.0007639899267815053
1936,-0.011466999538242817,0.000763330259360373
1937,0.03866700083017349,0.0007626854348927736
1938,0.028534000739455223,0.0007620087708346546
1939,0.028534000739455223,0.0007612884510308504
1940,-0.011466999538242817,0.0007604215643368661
1941,0.04853399842977524,0.0007598224328830838
1942,-0.0013330000219866633,0.0007590802269987762
1943,0.043733999133110046,0.0007585902349092066
1944,-0.04666699841618538,0.0007581915124319494
1945,0.04853399842977524,0.0007573910988867283
1946,-0.02160000056028366,0.0007566879503428936
1947,0.02346700057387352,0.0007558680954389274
1948,-0.0013330000219866633,0.0007551000453531742
1949,0.03359999880194664,0.0007543605170212686
1950,-0.0013330000219866633,0.0007536938646808267
1951,0.043733999133110046,0.0007531065493822098
1952,0.003467000089585781,0.0007528132991865277
1953,0.02346700057387352,0.000752727035433054
1954,-0.016534000635147095,0.0007525536930188537
1955,0.02346700057387352,0.0007523979293182492
1956,-0.011466999538242817,0.0007521462393924594
1957,0.008533000014722347,0.0007517377380281687
1958,0.02346700057387352,0.0007512471056543291
1959,0.03359999880194664,0.0007506257388740778
1960,0.003467000089585781,0.0007497477345168591
1961,0.05866700038313866,0.0007492677541449666
1962,0.03359999880194664,0.000748577294871211
1963,0.03866700083017349,0.000747851503547281
1964,-0.016534000635147095,0.000746970996260643
1965,0.02346700057387352,0.0007463599322363734
1966,0.003467000089585781,0.0007453253492712975
1967,0.043733999133110046,0.0007440460612997413
1968,0.01360000018030405,0.0007426675874739885
1969,0.03866700083017349,0.0007416367880068719
1970,-0.006399999838322401,0.0007404640782624483
1971,0.04853399842977524,0.0007393238483928144
1972,-0.02160000056028366,0.0007379576563835144
1973,0.028534000739455223,0.0007366884965449572
1974,0.003467000089585781,0.0007353316759690642
1975,0.07866799831390381,0.0007342789322137833
1976,-0.006399999838322401,0.0007331138476729393
1977,0.05360100045800209,0.0007324912585318089
1978,0.003467000089585781,0.0007317306008189917
1979,0.08880099654197693,0.0007309521897695959
1980,0.01866699941456318,0.0007297054398804903
1981,0.043733999133110046,0.0007286129985004663
1982,-0.0013330000219866633,0.000727540347725153
1983,0.06373400241136551,0.0007264673477038741
1984,0.003467000089585781,0.0007252789800986648
1985,0.0685340017080307,0.0007242112187668681
1986,-0.0013330000219866633,0.0007231099298223853
1987,0.03866700083017349,0.0007223667344078422
1988,-0.02160000056028366,0.0007218377431854606
1989,0.02346700057387352,0.0007214333163574338
1990,-0.011466999538242817,0.0007207010057754815
1991,0.06373400241136551,0.0007199273095466197
1992,-0.0013330000219866633,0.0007190962787717581
1993,0.05360100045800209,0.0007186297443695366
1994,-0.0013330000219866633,0.0007181604159995914
1995,0.05360100045800209,0.0007178790983743966
1996,0.003467000089585781,0.0007173646590672433
1997,0.028534000739455223,0.0007169344462454319
1998,-0.0013330000219866633,0.0007164237322285771
1999,0.03359999880194664,0.0007163056870922446
2000,-0.02160000056028366,0.0007160870009101927
2001,0.05866700038313866,0.0007159626693464816
2002,0.008533000014722347,0.0007156158681027591
2003,0.043733999133110046,0.0007154358318075538
2004,0.003467000089585781,0.0007149777375161648
2005,0.03359999880194664,0.0007146159186959267
2006,0.003467000089585781,0.0007142365211620927
2007,0.028534000739455223,0.0007140500238165259
2008,-0.02160000056028366,0.0007136957719922066
2009,0.01866699941456318,0.000713332905434072
2010,-0.011466999538242817,0.0007128316210582852
2011,0.01360000018030405,0.0007123381365090609
2012,0.01360000018030405,0.0007117510540410876
2013,0.0685340017080307,0.0007111711893230677
2014,-0.0013330000219866633,0.0007104675169102848
2015,0.028534000739455223,0.0007098483038134873
2016,0.01866699941456318,0.000708999577909708
2017,0.06373400241136551,0.0007087541744112968
2018,0.028534000739455223,0.0007079745992086828
2019,0.03359999880194664,0.0007073817541822791
2020,-0.026399999856948853,0.0007065235986374319
2021,0.06373400241136551,0.0007061355863697827
2022,0.02346700057387352,0.0007055631140246987
2023,0.05866700038313866,0.0007053437875583768
2024,0.008533000014722347,0.00070507253985852
2025,0.07866799831390381,0.000704706646502018
2026,0.01866699941456318,0.0007041661301627755
2027,0.02346700057387352,0.0007037012837827206
2028,0.003467000089585781,0.00070296844933182
2029,0.05866700038313866,0.0007021545898169279
2030,0.01360000018030405,0.0007012501591816545
2031,0.028534000739455223,0.0007006530649960041
2032,-0.02160000056028366,0.0006999459583312273
2033,0.02346700057387352,0.0006992871640250087
2034,-0.02160000056028366,0.0006985467043705285
2035,0.02346700057387352,0.000697688024956733
2036,-0.04666699841618538,0.0006968227680772543
2037,0.07360100001096725,0.000696051400154829
2038,0.028534000739455223,0.0006952761323191226
2039,0.04853399842977524,0.0006945498753339052
2040,0.003467000089585781,0.0006937822327017784
2041,0.04853399842977524,0.000693115231115371
2042,0.01866699941456318,0.0006925181951373816
2043,0.04853399842977524,0.0006919087027199566
2044,-0.011466999538242817,0.0006911664386279881
2045,0.03359999880194664,0.0006904250476509333
2046,-0.02160000056028366,0.0006897674174979329
2047,0.03866700083017349,0.000689280335791409
2048,0.01360000018030405,0.0006887053605169058
2049,0.02346700057387352,0.0006881809094920754
2050,-0.011466999538242817,0.0006874947575852275
2051,0.04853399842977524,0.0006868239142931998
2052,0.01360000018030405,0.0006862148293294013
2053,0.02346700057387352,0.0006856376421637833
2054,0.01360000018030405,0.0006848744815215468
2055,0.03359999880194664,0.0006840929854661226
2056,-0.0013330000219866633,0.0006835272652097046
2057,0.0685340017080307,0.0006830748170614243
2058,0.02346700057387352,0.0006826565368101001
2059,0.02346700057387352,0.0006821921560913324
2060,-0.0013330000219866633,0.0006817106041125953
2061,0.03866700083017349,0.0006815650267526507
2062,-0.006399999838322401,0.0006814482621848583
2063,0.04853399842977524,0.0006812295760028064
2064,-0.026399999856948853,0.0006809605984017253
2065,0.028534000739455223,0.0006804935983382165
2066,-0.031466998159885406,0.000680122640915215
2067,0.03866700083017349,0.0006792591884732246
2068,0.01360000018030405,0.0006783343851566315
2069,0.04853399842977524,0.0006776463706046343
2070,-0.03653400018811226,0.0006770843174308538
2071,0.03359999880194664,0.0006763266865164042
2072,-0.016534000635147095,0.0006754659698344767
2073,0.02346700057387352,0.0006746725412085652
2074,0.028534000739455223,0.0006742022233083844
2075,0.02346700057387352,0.0006738541997037828
2076,-0.006399999838322401,0.0006732458714395761
2077,0.043733999133110046,0.000672594818752259
2078,0.01360000018030405,0.0006719109369441867
2079,0.03866700083017349,0.0006711738533340394
2080,-0.011466999538242817,0.0006704348488710821
2081,0.05866700038313866,0.0006697389762848616
2082,-0.016534000635147095,0.0006689822184853256
2083,0.06373400241136551,0.0006678951322101057
2084,-0.016534000635147095,0.0006670420989394188
2085,0.028534000739455223,0.0006664842367172241
2086,-0.0013330000219866633,0.0006658047204837203
2087,0.04853399842977524,0.0006652864394709468
2088,0.003467000089585781,0.0006645596586167812
2089,0.03866700083017349,0.0006636353209614754
2090,-0.02160000056028366,0.0006626354879699647
2091,0.01866699941456318,0.0006619284395128489
2092,0.01866699941456318,0.0006608745898120105
2093,0.05866700038313866,0.0006599546177312732
2094,-0.0013330000219866633,0.0006589581607840955
2095,0.043733999133110046,0.0006581044290214777
2096,0.01360000018030405,0.0006575656589120626
2097,0.01360000018030405,0.0006571562262251973
2098,-0.011466999538242817,0.0006567004602402449
2099,0.02346700057387352,0.0006560947513207793
2100,-0.0013330000219866633,0.0006557075539603829
2101,0.02346700057387352,0.0006552556296810508
2102,0.003467000089585781,0.0006547012599185109
2103,0.03359999880194664,0.0006540441536344588
2104,-0.0013330000219866633,0.0006533609121106565
2105,0.04853399842977524,0.0006524627096951008
2106,-0.031466998159885406,0.0006518328445963562
2107,0.01360000018030405,0.0006510474486276507
2108,0.01360000018030405,0.0006500717718154192
2109,0.02346700057387352,0.0006492349784821272
2110,0.03359999880194664,0.0006484176265075803
2111,0.04853399842977524,0.0006476076086983085
2112,0.01360000018030405,0.0006468106294050813
2113,0.04853399842977524,0.0006462393794208765
2114,0.01360000018030405,0.0006456801202148199
2115,0.05866700038313866,0.0006452378584071994
2116,0.01360000018030405,0.0006446697516366839
2117,0.06373400241136551,0.0006442142184823751
2118,0.02346700057387352,0.0006436434341594577
2119,0.05360100045800209,0.0006430839421227574
2120,0.02346700057387352,0.0006425354513339698
2121,0.03359999880194664,0.0006421549478545785
2122,0.01360000018030405,0.000641742954030633
2123,0.02346700057387352,0.0006414434174075723
2124,-0.0013330000219866633,0.000641163787804544
2125,0.03866700083017349,0.0006408601766452193
2126,-0.016534000635147095,0.000640563783235848
2127,0.03359999880194664,0.0006401108112186193
2128,0.02346700057387352,0.0006398232071660459
2129,0.03359999880194664,0.0006395344389602542
2130,0.003467000089585781,0.0006393084768205881
2131,0.07866799831390381,0.0006390979397110641
2132,0.008533000014722347,0.0006388874026015401
2133,0.028534000739455223,0.0006388105684891343
2134,0.01360000018030405,0.0006384822772815824
2135,0.06373400241136551,0.0006382387364283204
2136,-0.011466999538242817,0.0006378420512191951
2137,0.03866700083017349,0.0006374174263328314
2138,-0.006399999838322401,0.0006375074153766036
2139,0.03866700083017349,0.0006375705706886947
2140,-0.0013330000219866633,0.0006377779645845294
2141,0.01360000018030405,0.0006380428094416857
2142,-0.011466999538242817,0.0006381507264450192
2143,0.01866699941456318,0.0006382096325978637
2144,0.003467000089585781,0.0006381907733157277
2145,0.04853399842977524,0.0006380268605425954
2146,0.03359999880194664,0.000637764809653163
2147,0.043733999133110046,0.0006374417571350932
2148,-0.02160000056028366,0.0006370068877004087
2149,0.028534000739455223,0.0006364904693327844
2150,0.003467000089585781,0.0006356843514367938
2151,0.01360000018030405,0.0006349229952320457
2152,-0.011466999538242817,0.0006342741544358432
2153,0.02346700057387352,0.0006339180981740355
2154,0.01360000018030405,0.0006333568599075079
2155,0.01360000018030405,0.0006329246098175645
2156,0.01866699941456318,0.0006325001595541835
2157,0.01360000018030405,0.0006323582492768764
2158,-0.026399999856948853,0.0006322743138298392
2159,0.03359999880194664,0.000632209237664938
2160,-0.0013330000219866633,0.0006320655811578035
2161,0.04853399842977524,0.0006318153464235365
2162,0.01866699941456318,0.0006316800718195736
2163,0.07360100001096725,0.0006315719801932573
2164,-0.026399999856948853,0.0006314733764156699
2165,0.003467000089585781,0.0006309577147476375
2166,-0.006399999838322401,0.0006303584668785334
2167,0.01360000018030405,0.0006295063067227602
2168,-0.0013330000219866633,0.000628886220511049
2169,0.04853399842977524,0.0006285544950515032
2170,0.01360000018030405,0.0006281770183704793
2171,0.04853399842977524,0.0006278130458667874
2172,0.03359999880194664,0.000627412460744381
2173,0.04853399842977524,0.0006271018064580858
2174,0.02346700057387352,0.0006266144337132573
2175,0.05360100045800209,0.0006260528462007642
2176,0.01866699941456318,0.0006254044710658491
2177,0.008533000014722347,0.0006247804267331958
2178,-0.011466999538242817,0.0006241885712370276
2179,0.03866700083017349,0.0006236040499061346
2180,-0.006399999838322401,0.0006230780854821205
2181,0.04853399842977524,0.0006227545673027635
2182,0.008533000014722347,0.0006226669065654278
2183,0.04853399842977524,0.0006227018311619759
2184,-0.0013330000219866633,0.0006226622499525547
2185,0.03866700083017349,0.0006226890254765749
2186,-0.011466999538242817,0.0006228399579413235
2187,0.028534000739455223,0.0006230873405002058
2188,-0.0013330000219866633,0.0006233346066437662
2189,0.028534000739455223,0.0006233259337022901
2190,0.003467000089585781,0.0006235213368199766
2191,0.03866700083017349,0.0006237977067939937
2192,0.003467000089585781,0.0006240169750526547
2193,0.03866700083017349,0.0006242772797122598
2194,-0.0013330000219866633,0.0006248352583497763
2195,0.05866700038313866,0.0006250995211303234
2196,-0.02160000056028366,0.0006256017368286848
2197,0.02346700057387352,0.000625730084720999
2198,0.003467000089585781,0.000625841785222292
2199,0.05866700038313866,0.0006256280466914177
2200,0.01360000018030405,0.000625740154646337
2201,0.01866699941456318,0.0006258221110329032
2202,0.003467000089585781,0.0006259784568101168
2203,0.02346700057387352,0.0006258739158511162
2204,0.01866699941456318,0.0006257956847548485
2205,0.028534000739455223,0.0006258604116737843
2206,-0.02160000056028366,0.0006258690264075994
2207,0.008533000014722347,0.0006257572094909847
2208,0.03359999880194664,0.0006255001644603908
2209,0.02346700057387352,0.0006252099410630763
2210,0.02346700057387352,0.0006248946883715689
2211,0.028534000739455223,0.0006246970733627677
2212,-0.0013330000219866633,0.0006245193653739989
2213,0.05360100045800209,0.0006243850220926106
2214,0.003467000089585781,0.0006245393306016922
2215,0.04853399842977524,0.0006247153505682945
2216,0.03866700083017349,0.0006251379381865263
2217,0.08880099654197693,0.0006253133760765195
2218,0.01866699941456318,0.0006254941690713167
2219,0.06373400241136551,0.0006256934721022844
2220,0.008533000014722347,0.000626028748229146
2221,0.07866799831390381,0.000626281660515815
2222,-0.011466999538242817,0.0006266518030315638
2223,0.028534000739455223,0.0006268912693485618
2224,-0.0013330000219866633,0.0006272793980315328
2225,0.05360100045800209,0.0006274456391111016
2226,-0.011466999538242817,0.000627622299361974
2227,0.03359999880194664,0.0006277606007643044
2228,-0.026399999856948853,0.0006281094392761588
2229,0.03866700083017349,0.0006281312671490014
2230,-0.011466999538242817,0.0006283269613049924
2231,-0.0013330000219866633,0.0006283129914663732
2232,-0.011466999538242817,0.000628305715508759
2233,0.03359999880194664,0.000627909495960921
2234,-0.006399999838322401,0.0006276303320191801
2235,0.028534000739455223,0.0006273519829846919
2236,-0.0013330000219866633,0.0006274693878367543
2237,0.03866700083017349,0.0006274811457842588
2238,0.003467000089585781,0.0006274780025705695
2239,0.02346700057387352,0.0006275332998484373
2240,0.003467000089585781,0.0006276665953919291
2241,0.02346700057387352,0.0006278459914028645
2242,-0.04160099849104881,0.000627844943664968
2243,0.01360000018030405,0.0006274536135606468
2244,0.008533000014722347,0.0006269487785175443
2245,0.06373400241136551,0.0006261502276174724
2246,0.003467000089585781,0.0006256961496546865
2247,0.05360100045800209,0.0006253268802538514
2248,-0.016534000635147095,0.0006252985913306475
2249,0.01360000018030405,0.0006251324666664004
2250,0.003467000089585781,0.0006248047575354576
2251,0.03359999880194664,0.0006242819363251328
2252,-0.02160000056028366,0.0006240109796635807
2253,0.028534000739455223,0.0006235396722331643
2254,0.003467000089585781,0.0006231575971469283
2255,0.028534000739455223,0.0006226104451343417
2256,0.003467000089585781,0.0006220319191925228
2257,0.05360100045800209,0.0006215169560164213
2258,0.008533000014722347,0.0006211342988535762
2259,0.043733999133110046,0.000620738894212991
2260,0.01360000018030405,0.0006205561803653836
2261,0.043733999133110046,0.0006204184028320014
2262,0.003467000089585781,0.0006202262593433261
2263,0.04853399842977524,0.0006201536161825061
2264,-0.006399999838322401,0.0006202915101312101
2265,0.05360100045800209,0.0006204427918419242
2266,-0.016534000635147095,0.0006207439582794905
2267,0.03866700083017349,0.0006209972780197859
2268,0.028534000739455223,0.0006212481530383229
2269,0.04853399842977524,0.0006212426815181971
2270,-0.011466999538242817,0.0006214039167389274
2271,0.01360000018030405,0.0006214238237589598
2272,0.01360000018030405,0.0006213708547875285
2273,0.02346700057387352,0.0006213305168785155
2274,-0.0013330000219866633,0.000621581100858748
2275,0.028534000739455223,0.0006219009519554675
2276,-0.016534000635147095,0.0006223939126357436
2277,0.03359999880194664,0.0006223095115274191
2278,0.003467000089585781,0.0006226373370736837
2279,0.03866700083017349,0.0006230976432561874
2280,-0.0013330000219866633,0.0006236692424863577
2281,0.008533000014722347,0.0006241232622414827
2282,0.003467000089585781,0.0006247588898986578
2283,0.07866799831390381,0.0006254134932532907
2284,-0.0013330000219866633,0.0006261506350710988
2285,0.02346700057387352,0.0006269024452194571
2286,-0.04666699841618538,0.0006277860375121236
2287,0.028534000739455223,0.0006282316753640771
2288,0.01360000018030405,0.0006286483840085566
2289,0.04853399842977524,0.0006288722506724298
2290,0.003467000089585781,0.0006290958262979984
2291,0.028534000739455223,0.0006293972255662084
2292,-0.026399999856948853,0.0006298613734543324
2293,0.03866700083017349,0.0006296407664194703
2294,-0.02160000056028366,0.000629725051112473
2295,0.03866700083017349,0.0006295826169662178
2296,-0.006399999838322401,0.0006295243510976434
2297,0.028534000739455223,0.000629244779702276
2298,-0.011466999538242817,0.0006293219048529863
2299,0.04853399842977524,0.0006292203906923532
2300,0.003467000089585781,0.0006294072372838855
2301,0.02346700057387352,0.0006294817430898547
2302,0.008533000014722347,0.0006297086947597563
2303,0.03359999880194664,0.0006296784849837422
2304,0.02346700057387352,0.0006298547377809882
2305,0.028534000739455223,0.0006300915265455842
2306,-0.0013330000219866633,0.0006304843118414283
2307,0.06373400241136551,0.0006307506700977683
2308,0.02346700057387352,0.000631050206720829
2309,0.02346700057387352,0.0006314411293715239
2310,0.01360000018030405,0.0006319453241303563
2311,0.03359999880194664,0.0006321813561953604
2312,-0.03653400018811226,0.0006324214045889676
2313,-0.0013330000219866633,0.000632291950751096
2314,0.01866699941456318,0.00063216412672773
2315,0.028534000739455223,0.0006320924148894846
2316,0.043733999133110046,0.0006321188993752003
2317,0.05360100045800209,0.0006319691892713308
2318,0.008533000014722347,0.0006316790822893381
2319,0.05360100045800209,0.0006312967743724585
2320,0.01360000018030405,0.0006311936303973198
2321,0.03359999880194664,0.0006311844335868955
2322,0.01360000018030405,0.0006310336757451296
2323,0.03866700083017349,0.0006310250610113144
2324,-0.011466999538242817,0.0006311121396720409
2325,0.03866700083017349,0.0006310235476121306
2326,0.003467000089585781,0.0006307889707386494
2327,0.03359999880194664,0.0006306380382739007
2328,-0.006399999838322401,0.0006306369905360043
2329,0.01360000018030405,0.0006304081762209535
2330,-0.026399999856948853,0.0006301802350208163
2331,0.05866700038313866,0.0006297225481830537
2332,0.003467000089585781,0.0006294057238847017
2333,0.05360100045800209,0.0006291085737757385
2334,0.008533000014722347,0.000629003974609077
2335,0.04853399842977524,0.0006289153825491667
2336,0.003467000089585781,0.0006288891891017556
2337,0.008533000014722347,0.0006286234129220247
2338,-0.016534000635147095,0.0006283854017965496
2339,0.01360000018030405,0.0006282405229285359
2340,-0.05146700143814087,0.000628034002147615
2341,0.003467000089585781,0.0006274631014093757
2342,-0.016534000635147095,0.0006268182187341154
2343,0.06373400241136551,0.0006260175723582506
2344,-0.02160000056028366,0.0006254368927329779
2345,0.03866700083017349,0.0006251478916965425
2346,-0.0013330000219866633,0.0006249867146834731
2347,0.05360100045800209,0.0006245536496862769
2348,-0.0013330000219866633,0.0006241690134629607
2349,0.008533000014722347,0.0006238816422410309
2350,-0.02160000056028366,0.0006236471235752106
2351,0.028534000739455223,0.0006233158055692911
2352,-0.02160000056028366,0.0006229326827451587
2353,0.01866699941456318,0.0006224744720384479
2354,-0.016534000635147095,0.0006220053182914853
2355,-0.0013330000219866633,0.0006213864544406533
2356,0.01360000018030405,0.0006206870311871171
2357,0.04853399842977524,0.0006200343486852944
2358,0.01360000018030405,0.0006194669986143708
2359,0.04853399842977524,0.0006190157728269696
2360,-0.0013330000219866633,0.0006186360260471702
2361,0.05360100045800209,0.0006183591322042048
2362,0.01360000018030405,0.000617909012362361
2363,0.03866700083017349,0.000617439451161772
2364,0.003467000089585781,0.0006169357802718878
2365,0.03866700083017349,0.000616499048192054
2366,0.02346700057387352,0.0006160637130960822
2367,0.04853399842977524,0.0006155332666821778
2368,0.03359999880194664,0.0006150480476208031
2369,0.03359999880194664,0.0006145265069790184
2370,-0.006399999838322401,0.0006139541510492563
2371,0.05360100045800209,0.000613298499956727
2372,-0.011466999538242817,0.00061275833286345
2373,0.03866700083017349,0.0006121874903328717
2374,-0.011466999538242817,0.000611761468462646
2375,0.01360000018030405,0.0006113920826464891
2376,-0.026399999856948853,0.0006110429530963302
2377,0.02346700057387352,0.0006104606436565518
2378,-0.0013330000219866633,0.0006099025486037135
2379,0.03866700083017349,0.0006093131378293037
2380,0.01360000018030405,0.0006087829824537039
2381,0.06373400241136551,0.0006081198807805777
2382,-0.011466999538242817,0.0006075355922803283
2383,0.03359999880194664,0.0006069573573768139
2384,0.003467000089585781,0.0006063006003387272
2385,0.03359999880194664,0.0006057011778466403
2386,0.003467000089585781,0.0006049231742508709
2387,0.008533000014722347,0.0006040455191396177
2388,0.003467000089585781,0.0006032026140019298
2389,0.05866700038313866,0.0006022492307238281
2390,0.02346700057387352,0.0006012615049257874
2391,0.03359999880194664,0.000600394036155194
2392,-0.006399999838322401,0.0005996239488013089
2393,0.04853399842977524,0.0005987565964460373
2394,-0.011466999538242817,0.0005976979737170041
2395,0.028534000739455223,0.0005967117613181472
2396,-0.016534000635147095,0.0005959831178188324
2397,0.06373400241136551,0.0005951999919489026
2398,0.01866699941456318,0.0005944084259681404
2399,0.028534000739455223,0.0005936811212450266
2400,-0.0013330000219866633,0.0005930477636866271
2401,0.03866700083017349,0.0005922652198933065
2402,-0.011466999538242817,0.0005917373346164823
2403,0.04853399842977524,0.0005912913475185633
2404,0.008533000014722347,0.0005909536266699433
2405,0.07360100001096725,0.000590402283705771
2406,-0.02160000056028366,0.000590043026022613
2407,0.028534000739455223,0.0005895547801628709
2408,0.003467000089585781,0.0005888581508770585
2409,0.02346700057387352,0.0005882545374333858
2410,0.008533000014722347,0.0005877206567674875
2411,0.03359999880194664,0.0005871293833479285
2412,-0.016534000635147095,0.0005866016144864261
2413,0.03866700083017349,0.0005858413060195744
2414,0.01360000018030405,0.0005850400193594396
2415,0.03359999880194664,0.000584131688810885
2416,0.01360000018030405,0.0005833717295899987
2417,0.03866700083017349,0.0005827810382470489
2418,-0.0013330000219866633,0.0005823336541652679
2419,0.06373400241136551,0.0005819008219987154
2420,-0.0013330000219866633,0.0005814059404656291
2421,0.05360100045800209,0.0005811132141388953
2422,-0.011466999538242817,0.0005807856214232743
2423,0.028534000739455223,0.0005804933607578278
2424,-0.02160000056028366,0.0005801297957077622
2425,0.06373400241136551,0.0005796102923341095
2426,-0.016534000635147095,0.0005792375304736197
2427,0.04853399842977524,0.0005788881098851562
2428,0.01360000018030405,0.0005786983529105783
2429,0.07866799831390381,0.0005783920059911907
2430,0.02346700057387352,0.0005783198866993189
2431,0.03866700083017349,0.000578220933675766
2432,-0.011466999538242817,0.0005781506188213825
2433,0.05866700038313866,0.0005781177897006273
2434,-0.026399999856948853,0.0005780520150437951
2435,0.043733999133110046,0.0005777829210273921
2436,0.028534000739455223,0.000577386177610606
2437,0.03359999880194664,0.0005768366390839219
2438,0.028534000739455223,0.0005765540990978479
2439,0.03359999880194664,0.0005761677166447043
2440,-0.02160000056028366,0.0005758631741628051
2441,0.05866700038313866,0.0005754433805122972
2442,0.003467000089585781,0.0005747610703110695
2443,0.003467000089585781,0.000574094126932323
2444,0.02346700057387352,0.0005736699677072465
2445,0.04853399842977524,0.0005734639125876129
2446,0.01360000018030405,0.0005730506381951272
2447,0.04853399842977524,0.0005727959796786308
2448,-0.03653400018811226,0.0005724781076423824
2449,0.028534000739455223,0.0005723292706534266
2450,0.01360000018030405,0.0005717088934034109
2451,0.05360100045800209,0.0005715382285416126
2452,-0.0013330000219866633,0.0005711214616894722
2453,0.07360100001096725,0.0005712152342312038
2454,0.003467000089585781,0.000571126292925328
2455,0.0685340017080307,0.0005713357822969556
2456,-0.0013330000219866633,0.00057126150932163
2457,0.043733999133110046,0.0005714762373827398
2458,0.01360000018030405,0.0005715121515095234
2459,0.03359999880194664,0.0005719257751479745
2460,-0.026399999856948853,0.0005723170470446348
2461,0.04853399842977524,0.0005725083756260574
2462,-0.0013330000219866633,0.0005726647796109319
2463,0.028534000739455223,0.0005730274133384228
2464,0.03866700083017349,0.0005733600119128823
2465,0.05360100045800209,0.0005737028550356627
2466,0.028534000739455223,0.0005738977342844009
2467,0.03866700083017349,0.000574109610170126
2468,-0.0013330000219866633,0.0005742913344874978
2469,0.028534000739455223,0.0005745030357502401
2470,0.01360000018030405,0.000574705598410219
2471,0.06373400241136551,0.0005751993739977479
2472,-0.006399999838322401,0.0005756894825026393
2473,0.07360100001096725,0.0005763518856838346
2474,0.01866699941456318,0.0005767476395703852
2475,0.03866700083017349,0.0005771895521320403
2476,-0.0013330000219866633,0.0005773926968686283
2477,0.0685340017080307,0.0005777626647613943
2478,0.008533000014722347,0.0005781229119747877
2479,0.04853399842977524,0.0005785493995063007
2480,0.03359999880194664,0.0005790347931906581
2481,0.05866700038313866,0.0005795636679977179
2482,0.008533000014722347,0.0005801353836432099
2483,0.05360100045800209,0.000580690975766629
2484,-0.006399999838322401,0.0005810970906168222
2485,0.04853399842977524,0.0005816838820464909
2486,0.003467000089585781,0.0005821178201586008
2487,0.04853399842977524,0.0005828740540891886
2488,-0.031466998159885406,0.0005837680073454976
2489,0.01866699941456318,0.0005844921106472611
2490,-0.006399999838322401,0.0005849871085956693
2491,0.02346700057387352,0.0005854781484231353
2492,-0.02160000056028366,0.0005857221549376845
2493,0.03866700083017349,0.0005859988159500062
2494,0.01866699941456318,0.0005863250116817653
2495,0.04853399842977524,0.0005864411359652877
2496,0.008533000014722347,0.0005865702405571938
2497,0.04853399842977524,0.0005868306034244597
2498,0.003467000089585781,0.0005872257752344012
2499,0.05866700038313866,0.000587844115216285
2500,-0.02160000056028366,0.0005885190912522376
2501,0.05360100045800209,0.0005894993082620203
2502,0.01360000018030405,0.0005902610719203949
2503,0.05866700038313866,0.0005910928011871874
2504,0.01866699941456318,0.0005920212715864182
2505,0.05866700038313866,0.0005927802994847298
2506,0.003467000089585781,0.0005936080124229193
2507,0.04853399842977524,0.0005945443408563733
2508,-0.031466998159885406,0.00059538334608078
2509,0.07360100001096725,0.0005964048905298114
2510,-0.0013330000219866633,0.0005973391234874725
2511,0.043733999133110046,0.0005984290037304163
2512,0.01360000018030405,0.0005996106192469597
2513,0.07360100001096725,0.0006007289048284292
2514,0.01360000018030405,0.0006016527768224478
2515,0.028534000739455223,0.0006026066839694977
2516,-0.011466999538242817,0.0006033405079506338
2517,0.01360000018030405,0.000603992841206491
2518,0.01866699941456318,0.0006044924957677722
2519,0.028534000739455223,0.0006049311487004161
2520,-0.0013330000219866633,0.0006052408134564757
2521,0.05360100045800209,0.0006056696292944252
2522,0.01360000018030405,0.0006059923325665295
2523,0.07360100001096725,0.000606343150138855
2524,0.008533000014722347,0.0006068816874176264
2525,0.05866700038313866,0.0006074861739762127
2526,0.01866699941456318,0.0006078268634155393
2527,0.003467000089585781,0.0006083855987526476
2528,-0.006399999838322401,0.0006090505630709231
2529,0.028534000739455223,0.000609308248385787
2530,0.01360000018030405,0.0006096658762544394
2531,0.08373399823904037,0.0006100311875343323
2532,-0.011466999538242817,0.0006100863683968782
2533,0.01866699941456318,0.0006102896295487881
2534,-0.016534000635147095,0.0006104958592914045
2535,0.06373400241136551,0.00061055738478899
2536,-0.026399999856948853,0.0006105179782025516
2537,0.03866700083017349,0.0006106116925366223
2538,-0.011466999538242817,0.0006107892841100693
2539,0.04853399842977524,0.0006108167581260204
2540,0.01360000018030405,0.0006108980742283165
2541,0.03359999880194664,0.0006109255482442677
2542,0.003467000089585781,0.0006109703099355102
2543,0.04853399842977524,0.0006113458657637239
2544,-0.011466999538242817,0.0006114622810855508
2545,0.04853399842977524,0.0006116495933383703
2546,-0.016534000635147095,0.0006119293393567204
2547,0.0685340017080307,0.0006121254409663379
2548,0.003467000089585781,0.0006124493665993214
2549,0.03359999880194664,0.0006129915127530694
2550,0.01360000018030405,0.0006135237636044621
2551,0.04853399842977524,0.0006142085185274482
2552,0.02346700057387352,0.0006150613771751523
2553,0.08880099654197693,0.0006159402546472847
2554,0.01360000018030405,0.0006164592923596501
2555,0.06373400241136551,0.0006170994602143764
2556,0.02346700057387352,0.0006177126197144389
2557,0.06373400241136551,0.0006186023820191622
2558,0.028534000739455223,0.0006191855063661933
2559,0.04853399842977524,0.0006198767805472016
2560,-0.0013330000219866633,0.0006205126410350204
2561,0.08373399823904037,0.0006210276624187827
2562,0.003467000089585781,0.0006213404703885317
2563,0.03866700083017349,0.0006218033959157765
2564,0.028534000739455223,0.000622438732534647
2565,0.07360100001096725,0.0006229075370356441
2566,-0.031466998159885406,0.0006229502614587545
2567,0.02346700057387352,0.0006233279127627611
2568,-0.016534000635147095,0.000623673724476248
2569,0.04853399842977524,0.0006242099916562438
2570,0.03866700083017349,0.000624690786935389
2571,0.03359999880194664,0.0006251267623156309
2572,-0.011466999538242817,0.0006254875333979726
2573,0.06373400241136551,0.000625820888672024
2574,0.01360000018030405,0.000626152497716248
2575,0.03359999880194664,0.0006264569819904864
2576,-0.0013330000219866633,0.0006268439465202391
2577,0.028534000739455223,0.0006273373728618026
2578,-0.006399999838322401,0.0006278958171606064
2579,0.05360100045800209,0.0006284495466388762
2580,0.003467000089585781,0.0006289647426456213
2581,0.05360100045800209,0.000629659160040319
2582,0.003467000089585781,0.000630413880571723
2583,0.05866700038313866,0.0006312653422355652
2584,0.01360000018030405,0.0006321991677395999
2585,0.043733999133110046,0.000633304356597364
2586,-0.02160000056028366,0.0006343151326291263
2587,0.03866700083017349,0.0006352855125442147
2588,-0.0013330000219866633,0.0006363963475450873
2589,0.08880099654197693,0.0006376248202286661
2590,0.01360000018030405,0.0006390325143001974
2591,0.05360100045800209,0.0006402423605322838
2592,0.01360000018030405,0.0006412743823602796
2593,0.02346700057387352,0.0006423608865588903
2594,-0.006399999838322401,0.0006435210816562176
2595,0.043733999133110046,0.0006447475752793252
2596,-0.011466999538242817,0.0006458255811594427
2597,0.02346700057387352,0.0006468098144978285
2598,0.04853399842977524,0.0006478563882410526
2599,0.028534000739455223,0.000648987595923245
2600,0.003467000089585781,0.0006500686286017299
2601,0.05866700038313866,0.0006510565290227532
2602,0.03359999880194664,0.0006520823808386922
2603,0.028534000739455223,0.000653202529065311
2604,-0.026399999856948853,0.0006545257638208568
2605,0.04853399842977524,0.0006555365398526192
2606,-0.02160000056028366,0.0006564367795363069
2607,0.01866699941456318,0.0006573101272806525
2608,0.003467000089585781,0.0006584583315998316
2609,0.01866699941456318,0.0006595917511731386
2610,0.008533000014722347,0.0006606759270653129
2611,0.05866700038313866,0.0006618723273277283
2612,0.003467000089585781,0.0006628932314924896
2613,0.03866700083017349,0.000663988699670881
2614,-0.011466999538242817,0.0006653580348938704
2615,0.03359999880194664,0.0006664076936431229
2616,0.003467000089585781,0.0006675260374322534
2617,0.04853399842977524,0.0006685497937723994
2618,0.008533000014722347,0.0006695864140056074
2619,0.02346700057387352,0.0006705484120175242
2620,-0.006399999838322401,0.0006713559851050377
2621,0.06373400241136551,0.0006722891121171415
2622,0.04853399842977524,0.000673303147777915
2623,0.05360100045800209,0.0006743110716342926
2624,0.03866700083017349,0.0006754915229976177
2625,0.07866799831390381,0.0006766548613086343
2626,0.003467000089585781,0.0006777212838642299
2627,0.028534000739455223,0.0006789715262129903
2628,0.003467000089585781,0.0006801299168728292
2629,0.028534000739455223,0.0006812607171013951
2630,0.003467000089585781,0.0006824047304689884
2631,0.04853399842977524,0.0006834754021838307
2632,0.003467000089585781,0.0006845440366305411
2633,0.04853399842977524,0.0006856665131635964
2634,-0.011466999538242817,0.0006866679759696126
2635,0.01360000018030405,0.0006874327082186937
2636,0.008533000014722347,0.0006881052395328879
2637,0.03866700083017349,0.0006889470387250185
2638,-0.0013330000219866633,0.0006897345301695168
2639,0.05360100045800209,0.0006906245835125446
2640,0.028534000739455223,0.0006914313416928053
2641,0.05360100045800209,0.0006923706387169659
2642,0.01360000018030405,0.0006934284465387464
2643,0.05866700038313866,0.0006944712367840111
2644,0.01360000018030405,0.0006956161232665181
2645,0.05360100045800209,0.0006967380759306252
2646,0.043733999133110046,0.0006980549660511315
2647,0.04853399842977524,0.0006994112627580762
2648,0.01866699941456318,0.0007005546940490603
2649,0.01360000018030405,0.000701656099408865
2650,0.04853399842977524,0.0007026690291240811
2651,0.07866799831390381,0.000703678815625608
2652,0.01866699941456318,0.0007044165395200253
2653,0.05360100045800209,0.0007051773136481643
2654,0.028534000739455223,0.000706073478795588
2655,0.06373400241136551,0.0007071900181472301
2656,-0.026399999856948853,0.0007083705859258771
2657,0.04853399842977524,0.0007093779277056456
2658,-0.026399999856948853,0.0007102814852260053
2659,0.03359999880194664,0.0007109865546226501
2660,-0.006399999838322401,0.0007117636268958449
2661,0.05866700038313866,0.0007125923875719309
2662,0.008533000014722347,0.00071342708542943
2663,0.06373400241136551,0.0007143554976209998
2664,0.03866700083017349,0.0007151375757530332
2665,0.028534000739455223,0.0007159955566748977
2666,0.01360000018030405,0.0007167909643612802
2667,0.01866699941456318,0.0007175530772656202
2668,0.028534000739455223,0.0007185227586887777
2669,0.04853399842977524,0.0007194678182713687
2670,0.01866699941456318,0.0007204184657894075
2671,0.028534000739455223,0.0007214917568489909
2672,-0.02160000056028366,0.0007225663284771144
2673,0.03866700083017349,0.0007234764634631574
2674,0.01360000018030405,0.0007242085412144661
2675,0.043733999133110046,0.0007249351474456489
2676,0.02346700057387352,0.0007256426033563912
2677,0.03866700083017349,0.0007265445892699063
2678,0.003467000089585781,0.0007275429670698941
2679,0.02346700057387352,0.0007287259795702994
2680,-0.006399999838322401,0.0007297699339687824
2681,0.03866700083017349,0.0007307811174541712
2682,0.028534000739455223,0.0007319023134186864
2683,0.03359999880194664,0.0007328451611101627
2684,0.01360000018030405,0.000733954890165478
2685,0.06373400241136551,0.0007351830136030912
2686,0.008533000014722347,0.0007364865159615874
2687,0.03359999880194664,0.0007378177251666784
2688,-0.011466999538242817,0.000739407551009208
2689,0.03866700083017349,0.0007407455705106258
2690,-0.006399999838322401,0.000742020201869309
2691,0.02346700057387352,0.0007431240519508719
2692,0.028534000739455223,0.0007442815694957972
2693,0.05866700038313866,0.000745440716855228
2694,0.03359999880194664,0.0007461725035682321
2695,0.02346700057387352,0.0007468152907676995
2696,0.01866699941456318,0.0007476215250790119
2697,0.08880099654197693,0.0007483582594431937
2698,0.003467000089585781,0.0007493449375033379
2699,0.02346700057387352,0.0007500818464905024
2700,0.003467000089585781,0.0007507596164941788
2701,0.04853399842977524,0.0007513303426094353
2702,-0.03653400018811226,0.0007521269144490361
2703,0.03359999880194664,0.0007524006068706512
2704,-0.026399999856948853,0.0007530076545663178
2705,0.07360100001096725,0.0007531639421358705
2706,0.02346700057387352,0.0007535906624980271
2707,0.028534000739455223,0.0007537135970778763
2708,0.01360000018030405,0.0007541108061559498
2709,0.07360100001096725,0.0007541526574641466
2710,0.04853399842977524,0.0007544346153736115
2711,0.043733999133110046,0.0007543873507529497
2712,0.003467000089585781,0.0007543543470092118
2713,0.03359999880194664,0.0007542649982497096
2714,0.02346700057387352,0.0007544859545305371
2715,-0.006399999838322401,0.0007547119166702032
2716,-0.011466999538242817,0.0007550854352302849
2717,0.03866700083017349,0.0007554119220003486
2718,0.01360000018030405,0.0007558835204690695
2719,0.06373400241136551,0.0007561386446468532
2720,-0.011466999538242817,0.0007563437102362514
2721,0.02346700057387352,0.0007562750251963735
2722,0.003467000089585781,0.0007565818377770483
2723,0.05360100045800209,0.0007566449930891395
2724,-0.0013330000219866633,0.0007569929584860802
2725,0.028534000739455223,0.0007571462774649262
2726,0.01360000018030405,0.0007574359187856317
2727,0.01866699941456318,0.0007574277697131038
2728,-0.011466999538242817,0.0007571944734081626
2729,0.06373400241136551,0.0007567891152575612
2730,-0.016534000635147095,0.0007567295106127858
2731,0.01866699941456318,0.0007563811377622187
2732,-0.026399999856948853,0.0007563664694316685
2733,0.07360100001096725,0.0007561038946732879
2734,-0.006399999838322401,0.0007558177458122373
2735,0.03866700083017349,0.0007554969633929431
2736,0.01866699941456318,0.0007550650625489652
2737,0.028534000739455223,0.0007544231484644115
2738,0.003467000089585781,0.000753824831917882
2739,0.05866700038313866,0.0007532192976213992
2740,0.01360000018030405,0.0007525287801399827
2741,0.028534000739455223,0.0007516490877605975
2742,0.008533000014722347,0.0007510267314501107
2743,0.04853399842977524,0.0007502253283746541
2744,-0.006399999838322401,0.0007496648468077183
2745,0.0685340017080307,0.0007491193828172982
2746,-0.011466999538242817,0.0007485994137823582
2747,0.04853399842977524,0.0007480434142053127
2748,-0.006399999838322401,0.0007477118633687496
2749,0.03866700083017349,0.0007472865981981158
2750,-0.0013330000219866633,0.0007471037097275257
2751,0.08373399823904037,0.0007469692500308156
2752,0.028534000739455223,0.0007467492250725627
2753,0.04853399842977524,0.0007462470093742013
2754,-0.0013330000219866633,0.000745752768125385
2755,0.043733999133110046,0.0007453077705577016
2756,0.01360000018030405,0.0007447474054060876
2757,0.043733999133110046,0.0007440182380378246
2758,0.02346700057387352,0.0007435548468492925
2759,0.07360100001096725,0.0007428959361277521
2760,0.008533000014722347,0.0007421480258926749
2761,0.04853399842977524,0.0007414237479679286
2762,-0.006399999838322401,0.0007408809615299106
2763,0.06373400241136551,0.0007402616320177913
2764,0.01360000018030405,0.0007397794397547841
2765,0.028534000739455223,0.0007391223916783929
2766,0.02346700057387352,0.0007385896169580519
2767,0.05360100045800209,0.0007378743030130863
2768,0.003467000089585781,0.0007371822139248252
2769,0.05360100045800209,0.0007365961791947484
2770,-0.0013330000219866633,0.0007363535696640611
2771,0.07360100001096725,0.0007362132892012596
2772,0.02346700057387352,0.0007361197494901717
2773,0.0685340017080307,0.0007359067676588893
2774,0.02346700057387352,0.0007357216090895236
2775,0.003467000089585781,0.0007354415720328689
2776,-0.011466999538242817,0.0007352367974817753
2777,0.028534000739455223,0.0007350727682933211
2778,-0.011466999538242817,0.0007350172381848097
2779,0.028534000739455223,0.0007348554208874702
2780,0.01360000018030405,0.0007344475015997887
2781,0.05360100045800209,0.000734257570002228
2782,0.02346700057387352,0.0007343254401348531
2783,0.05360100045800209,0.0007342575117945671
2784,-0.02160000056028366,0.0007344487239606678
2785,0.02346700057387352,0.0007344529149122536
2786,-0.0013330000219866633,0.0007344669429585338
2787,0.03866700083017349,0.0007344393525272608
2788,-0.02160000056028366,0.0007349670631811023
2789,0.028534000739455223,0.0007355193956755102
2790,0.008533000014722347,0.0007359940209425986
2791,0.043733999133110046,0.0007363348267972469
2792,0.01360000018030405,0.000736874935682863
2793,0.04853399842977524,0.0007372736581601202
2794,-0.006399999838322401,0.0007378428126685321
2795,0.04853399842977524,0.0007385071367025375
2796,0.008533000014722347,0.000739215814974159
2797,0.05360100045800209,0.0007400626200251281
2798,-0.04160099849104881,0.0007410470861941576
2799,0.028534000739455223,0.0007415346917696297
2800,0.02346700057387352,0.0007423318456858397
2801,0.03866700083017349,0.0007430452387779951
2802,-0.011466999538242817,0.000743819517083466
2803,0.02346700057387352,0.0007446010131388903
2804,0.028534000739455223,0.0007452589925378561
2805,0.03866700083017349,0.0007460448541678488
2806,-0.006399999838322401,0.0007468253606930375
2807,0.043733999133110046,0.0007474791491404176
2808,-0.011466999538242817,0.0007480245549231768
2809,0.05360100045800209,0.0007485024398192763
2810,-0.016534000635147095,0.0007490805583074689
2811,0.06373400241136551,0.0007498898776248097
2812,0.01866699941456318,0.0007507200934924185
2813,0.04853399842977524,0.0007510865107178688
2814,0.01360000018030405,0.0007518625352531672
2815,0.04853399842977524,0.0007524986867792904
2816,0.01866699941456318,0.0007532025338150561
2817,0.05360100045800209,0.0007538105128332973
2818,-0.0013330000219866633,0.0007544378750026226
2819,0.028534000739455223,0.0007552559836767614
2820,-0.0013330000219866633,0.0007557630306109786
2821,0.028534000739455223,0.0007563686813227832
2822,0.01360000018030405,0.000757137662731111
2823,0.08880099654197693,0.0007576268399134278
2824,0.02346700057387352,0.0007582156104035676
2825,0.0685340017080307,0.0007586752763018012
2826,0.01866699941456318,0.0007594419876113534
2827,0.07360100001096725,0.0007603593403473496
2828,-0.0013330000219866633,0.0007611586479470134
2829,0.02346700057387352,0.0007617161609232426
2830,0.003467000089585781,0.000762321287766099
2831,0.07866799831390381,0.0007629672763869166
2832,0.01866699941456318,0.0007634247303940356
2833,0.028534000739455223,0.0007637509261257946
2834,0.003467000089585781,0.0007640114054083824
2835,0.028534000739455223,0.0007644023280590773
2836,0.003467000089585781,0.0007647064048796892
2837,0.02346700057387352,0.0007649745093658566
2838,-0.006399999838322401,0.0007650271290913224
2839,0.01866699941456318,0.0007646731100976467
2840,-0.006399999838322401,0.0007641076808795333
2841,0.03866700083017349,0.0007634221110492945
2842,0.01360000018030405,0.0007629594765603542
2843,0.0685340017080307,0.0007625216385349631
2844,0.028534000739455223,0.0007621025433763862
2845,0.07360100001096725,0.0007613816997036338
2846,0.02346700057387352,0.0007604785496369004
2847,0.04853399842977524,0.0007597774965688586
2848,-0.011466999538242817,0.0007592035690322518
2849,0.03866700083017349,0.0007587933214381337
2850,-0.0013330000219866633,0.0007582944817841053
2851,0.05360100045800209,0.0007574467454105616
2852,0.02346700057387352,0.0007569028530269861
2853,0.06373400241136551,0.0007565772393718362
2854,0.008533000014722347,0.0007563115796074271
2855,0.028534000739455223,0.0007558711804449558
2856,0.02346700057387352,0.000755474204197526
2857,0.06373400241136551,0.0007553062750957906
2858,-0.0013330000219866633,0.0007551605231128633
2859,0.05866700038313866,0.0007548189023509622
2860,0.003467000089585781,0.0007546017877757549
2861,0.04853399842977524,0.0007545424159616232
2862,0.003467000089585781,0.000754494802094996
2863,0.06373400241136551,0.0007543730898760259
2864,0.02346700057387352,0.0007539947982877493
2865,0.03866700083017349,0.0007538939244113863
2866,0.03866700083017349,0.0007536939810961485
2867,0.043733999133110046,0.0007533486932516098
2868,0.008533000014722347,0.0007529852446168661
2869,0.08880099654197693,0.0007525195251218975
2870,0.01866699941456318,0.0007519259816035628
2871,0.028534000739455223,0.0007517434423789382
2872,0.01360000018030405,0.0007513259770348668
2873,0.01866699941456318,0.0007509791757911444
2874,0.008533000014722347,0.0007506831316277385
2875,0.0685340017080307,0.0007505904650315642
2876,0.028534000739455223,0.0007505381945520639
2877,0.04853399842977524,0.0007503236411139369
2878,0.003467000089585781,0.0007500445353798568
2879,0.02346700057387352,0.0007496620528399944
2880,0.008533000014722347,0.0007492572767660022
2881,0.02346700057387352,0.0007486507529392838
2882,-0.006399999838322401,0.0007483722874894738
2883,0.05360100045800209,0.0007479354389943182
2884,0.003467000089585781,0.000747649697586894
2885,0.05866700038313866,0.0007473747245967388
2886,0.01360000018030405,0.0007470663986168802
2887,0.07866799831390381,0.0007466841489076614
2888,-0.006399999838322401,0.0007462161011062562
2889,0.01866699941456318,0.0007456365274265409
2890,0.003467000089585781,0.0007451570127159357
2891,0.02346700057387352,0.0007446365198120475
2892,0.01360000018030405,0.000744411488994956
2893,0.03866700083017349,0.000744120916351676
2894,-0.0013330000219866633,0.0007438997272402048
2895,0.008533000014722347,0.0007433504215441644
2896,0.01866699941456318,0.0007428433746099472
2897,0.04853399842977524,0.000742266362067312
2898,0.01360000018030405,0.0007415199652314186
2899,0.028534000739455223,0.0007408803794533014
2900,0.003467000089585781,0.0007403048221021891
2901,0.05866700038313866,0.0007397664594464004
2902,0.003467000089585781,0.0007391503313556314
2903,0.0685340017080307,0.0007383223855867982
2904,-0.0013330000219866633,0.0007376873400062323
2905,0.043733999133110046,0.00073711306322366
2906,0.028534000739455223,0.0007367258658632636
2907,0.05360100045800209,0.0007363393087871373
2908,0.01360000018030405,0.0007360345916822553
2909,0.05360100045800209,0.000735709210857749
2910,-0.006399999838322401,0.0007353546097874641
2911,0.05866700038313866,0.0007347771315835416
2912,0.003467000089585781,0.0007340738084167242
2913,0.028534000739455223,0.000733673688955605
2914,-0.0013330000219866633,0.0007332433015108109
2915,0.07360100001096725,0.0007330275839194655
2916,0.01360000018030405,0.0007322891033254564
2917,0.02346700057387352,0.0007316836854442954
2918,0.003467000089585781,0.0007309536449611187
2919,0.03866700083017349,0.0007304392056539655
2920,-0.006399999838322401,0.0007300960714928806
2921,0.01866699941456318,0.0007295943796634674
2922,0.04853399842977524,0.0007290825014933944
2923,0.05360100045800209,0.00072868587449193
2924,0.028534000739455223,0.0007280613062903285
2925,0.028534000739455223,0.0007274303352460265
2926,0.01360000018030405,0.0007268257904797792
2927,0.04853399842977524,0.0007263255538418889
2928,0.003467000089585781,0.0007258503464981914
2929,0.03866700083017349,0.0007250877097249031
2930,0.01360000018030405,0.0007245675078593194
2931,0.028534000739455223,0.0007238214020617306
2932,-0.016534000635147095,0.0007233765791170299
2933,0.05360100045800209,0.0007223799475468695
2934,-0.02160000056028366,0.0007217753445729613
2935,0.06373400241136551,0.0007208783063106239
2936,0.01360000018030405,0.0007200633408501744
2937,0.05360100045800209,0.0007190884207375348
2938,0.043733999133110046,0.0007181736873462796
2939,0.05866700038313866,0.0007173331687226892
2940,0.07360100001096725,0.0007166395662352443
2941,0.05866700038313866,0.0007155502098612487
2942,0.01360000018030405,0.0007143932743929327
2943,0.07360100001096725,0.000713114975951612
2944,0.01866699941456318,0.000711908913217485
2945,0.06373400241136551,0.0007107851561158895
2946,0.01866699941456318,0.0007096818881109357
2947,0.028534000739455223,0.0007087867707014084
2948,-0.0013330000219866633,0.0007076999172568321
2949,0.06373400241136551,0.0007070129504427314
2950,0.01360000018030405,0.0007063650991767645
2951,0.03359999880194664,0.0007057628827169538
2952,0.01866699941456318,0.0007050068234093487
2953,0.06373400241136551,0.0007043481455184519
2954,-0.011466999538242817,0.0007033904548734426
2955,0.05866700038313866,0.0007028341642580926
2956,0.01360000018030405,0.0007021488854661584
2957,0.03866700083017349,0.0007015542360022664
2958,0.01360000018030405,0.0007007623789831996
2959,0.05866700038313866,0.0007004697108641267
2960,0.003467000089585781,0.0007001452031545341
2961,0.09360100328922272,0.0007001847843639553
2962,0.02346700057387352,0.0007001712801866233
2963,0.05360100045800209,0.0007002492202445865
2964,0.01866699941456318,0.0007001496269367635
2965,0.04853399842977524,0.0007001295452937484
2966,0.02346700057387352,0.0007000872865319252
2967,0.04853399842977524,0.0007002362981438637
2968,0.003467000089585781,0.0007004090002737939
2969,0.07360100001096725,0.0007005047518759966
2970,0.003467000089585781,0.0007003919454291463
2971,0.04853399842977524,0.0007000525947660208
2972,-0.0013330000219866633,0.0006994573632255197
2973,0.04853399842977524,0.0006990634137764573
2974,0.02346700057387352,0.0006986889056861401
2975,0.05866700038313866,0.0006985338404774666
2976,0.028534000739455223,0.0006983266212046146
2977,0.08880099654197693,0.0006982863997109234
2978,0.028534000739455223,0.0006978107267059386
2979,0.02346700057387352,0.0006974755087867379
2980,-0.0013330000219866633,0.0006968475645408034
2981,0.06373400241136551,0.0006965482607483864
2982,0.003467000089585781,0.0006960827158764005
2983,0.05866700038313866,0.0006956549477763474
2984,0.04853399842977524,0.0006954129785299301
2985,0.06373400241136551,0.0006951414979994297
2986,0.01866699941456318,0.0006949397502467036
2987,0.06373400241136551,0.0006950341630727053
2988,-0.006399999838322401,0.0006949063390493393
2989,0.05360100045800209,0.0006949421367608011
2990,0.02346700057387352,0.0006950069800950587
2991,0.03866700083017349,0.0006951210089027882
2992,0.01360000018030405,0.0006953750271350145
2993,0.06373400241136551,0.0006957375444471836
2994,0.028534000739455223,0.0006960220634937286
2995,0.05360100045800209,0.0006964324857108295
2996,0.01360000018030405,0.000696927891112864
2997,0.06373400241136551,0.0006976115400902927
2998,-0.0013330000219866633,0.0006979686440899968
2999,0.07360100001096725,0.0006985311629250646
3000,0.043733999133110046,0.0006988811073824763
3001,0.06373400241136551,0.0006991700502112508
3002,0.02346700057387352,0.0006995951989665627
3003,0.05360100045800209,0.0007000260520726442
3004,0.008533000014722347,0.0007003298960626125
3005,0.05360100045800209,0.0007007862441241741
3006,0.02346700057387352,0.0007010987028479576
3007,0.07866799831390381,0.0007012850255705416
3008,-0.0013330000219866633,0.0007016168092377484
3009,0.03359999880194664,0.0007021266501396894
3010,0.03866700083017349,0.0007024562801234424
3011,0.05866700038313866,0.0007027412066236138
3012,0.02346700057387352,0.0007030763081274927
3013,0.05360100045800209,0.0007032562862150371
3014,0.01360000018030405,0.0007033620495349169
3015,0.0685340017080307,0.0007036695023998618
3016,0.03359999880194664,0.0007038739859126508
3017,0.07866799831390381,0.0007041603093966842
3018,0.03866700083017349,0.0007043457007966936
3019,0.043733999133110046,0.0007045515230856836
3020,0.03866700083017349,0.0007046419195830822
3021,0.06373400241136551,0.0007047419203445315
3022,0.003467000089585781,0.000704724807292223
3023,0.02346700057387352,0.0007046880200505257
3024,-0.011466999538242817,0.0007045941310934722
3025,0.028534000739455223,0.0007044201483950019
3026,0.008533000014722347,0.000704270089045167
3027,0.01866699941456318,0.0007042301585897803
3028,0.028534000739455223,0.0007043311488814652
3029,0.03866700083017349,0.0007046738173812628
3030,0.03359999880194664,0.0007051476277410984
3031,0.05360100045800209,0.0007055946625769138
3032,0.05866700038313866,0.0007060142233967781
3033,0.04853399842977524,0.0007061321521177888
3034,0.028534000739455223,0.0007062068325467408
3035,0.03866700083017349,0.0007063433295115829
3036,-0.011466999538242817,0.0007065729005262256
3037,0.02346700057387352,0.0007068209233693779
3038,0.03866700083017349,0.0007071426371112466
3039,0.0685340017080307,0.0007073861779645085
3040,0.043733999133110046,0.0007074856548570096
3041,0.028534000739455223,0.0007079666247591376
3042,0.02346700057387352,0.0007083066157065332
3043,0.06373400241136551,0.0007085284451022744
3044,0.03866700083017349,0.000708277802914381
3045,0.07866799831390381,0.0007079560309648514
3046,0.02346700057387352,0.0007076895562931895
3047,0.03866700083017349,0.0007073803571984172
3048,0.003467000089585781,0.0007069905987009406
3049,0.07866799831390381,0.0007068726699799299
3050,0.01360000018030405,0.0007065963000059128
3051,0.06373400241136551,0.0007063606753945351
3052,0.03866700083017349,0.0007060984498821199
3053,0.05360100045800209,0.0007054914603941143
3054,0.03866700083017349,0.000704690464772284
3055,0.04853399842977524,0.0007041023345664144
3056,0.05360100045800209,0.0007034988375380635
3057,0.05360100045800209,0.000702628749422729
3058,0.02346700057387352,0.0007018715841695666
3059,0.04853399842977524,0.0007011723937466741
3060,-0.006399999838322401,0.0007004195358604193
3061,0.05360100045800209,0.0006994190625846386
3062,0.01360000018030405,0.0006985040963627398
3063,0.03866700083017349,0.0006975011201575398
3064,0.003467000089585781,0.0006963953492231667
3065,0.04853399842977524,0.0006953675765544176
3066,0.03359999880194664,0.0006944985361769795
3067,0.06373400241136551,0.0006932044634595513
3068,0.01360000018030405,0.0006920556188561022
3069,0.06373400241136551,0.0006912820972502232
3070,0.028534000739455223,0.0006902659661136568
3071,0.043733999133110046,0.0006892734672874212
3072,0.01360000018030405,0.0006882390007376671
3073,0.043733999133110046,0.0006873253732919693
3074,-0.0013330000219866633,0.0006862699519842863
3075,0.04853399842977524,0.0006852705264464021
3076,0.028534000739455223,0.0006845361785963178
3077,0.08373399823904037,0.0006836192333139479
3078,0.01360000018030405,0.0006827943725511432
3079,0.05866700038313866,0.0006820604903623462
3080,0.01360000018030405,0.0006812830688431859
3081,0.028534000739455223,0.0006804508739151061
3082,0.01866699941456318,0.0006795796798542142
3083,0.03359999880194664,0.0006784049910493195
3084,0.01866699941456318,0.0006773071363568306
3085,0.06373400241136551,0.0006765279686078429
3086,0.003467000089585781,0.0006757816299796104
3087,0.04853399842977524,0.0006752623012289405
3088,-0.011466999538242817,0.0006747714942321181
3089,0.04853399842977524,0.0006742349360138178
3090,-0.0013330000219866633,0.0006736613577231765
3091,0.04853399842977524,0.0006730585591867566
3092,0.028534000739455223,0.0006725043058395386
3093,0.07866799831390381,0.0006717737996950746
3094,0.008533000014722347,0.00067133828997612
3095,0.04853399842977524,0.0006713068578392267
3096,0.01360000018030405,0.000671323505230248
3097,0.06373400241136551,0.0006712999893352389
3098,0.02346700057387352,0.0006713154725730419
3099,0.03866700083017349,0.0006710243178531528
3100,-0.006399999838322401,0.0006708628498017788
3101,0.06373400241136551,0.0006707647116854787
3102,0.02346700057387352,0.0006708126747980714
3103,0.06373400241136551,0.0006705301930196583
3104,0.028534000739455223,0.0006703166873194277
3105,0.05360100045800209,0.0006698889774270356
3106,0.01360000018030405,0.0006695950869470835
3107,0.06373400241136551,0.000669555040076375
3108,0.03359999880194664,0.0006694779731333256
3109,0.043733999133110046,0.0006691690068691969
3110,0.01866699941456318,0.0006688539870083332
3111,0.04853399842977524,0.0006687039858661592
3112,0.05360100045800209,0.0006685246480628848
3113,0.05360100045800209,0.0006678325589746237
3114,0.008533000014722347,0.0006671129958704114
3115,0.07360100001096725,0.0006666509434580803
3116,0.003467000089585781,0.0006660482031293213
3117,0.04853399842977524,0.0006655992474406958
3118,-0.006399999838322401,0.0006649427232332528
3119,0.03866700083017349,0.00066451879683882
3120,-0.011466999538242817,0.0006641413201577961
3121,0.04853399842977524,0.0006636363686993718
3122,-0.031466998159885406,0.000663184910081327
3123,0.043733999133110046,0.000662699923850596
3124,0.003467000089585781,0.0006623076042160392
3125,0.02346700057387352,0.0006620499771088362
3126,-0.011466999538242817,0.0006616518367081881
3127,0.05866700038313866,0.0006609675474464893
3128,-0.0013330000219866633,0.0006603904184885323
3129,0.043733999133110046,0.0006600584019906819
3130,-0.02160000056028366,0.0006596549646928906
3131,0.04853399842977524,0.0006590750999748707
3132,0.04853399842977524,0.0006585252704098821
3133,0.07866799831390381,0.000657997268717736
3134,0.028534000739455223,0.0006573739228770137
3135,0.0685340017080307,0.0006567127420566976
3136,0.008533000014722347,0.0006560648907907307
3137,0.04853399842977524,0.000655622105114162
3138,0.008533000014722347,0.0006549867102876306
3139,0.06373400241136551,0.0006544227944687009
3140,0.01360000018030405,0.0006538324523717165
3141,0.0685340017080307,0.0006535708089359105
3142,-0.0013330000219866633,0.000653152703307569
3143,0.07866799831390381,0.0006526725483126938
3144,0.02346700057387352,0.0006520994938910007
3145,0.05360100045800209,0.000651813461445272
3146,0.003467000089585781,0.0006516723660752177
3147,0.07360100001096725,0.0006517111323773861
3148,0.008533000014722347,0.0006516498979181051
3149,0.05360100045800209,0.000651531619951129
3150,0.01866699941456318,0.0006513521075248718
3151,0.04853399842977524,0.0006512865656986833
3152,0.01360000018030405,0.0006512621184810996
3153,0.028534000739455223,0.000651166308671236
3154,0.028534000739455223,0.000651288777589798
3155,0.07866799831390381,0.0006513925036415458
3156,-0.0013330000219866633,0.0006515390705317259
3157,0.04853399842977524,0.000651471083983779
3158,0.02346700057387352,0.0006514473934657872
3159,0.04853399842977524,0.0006513844709843397
3160,0.01360000018030405,0.0006514832493849099
3161,0.06373400241136551,0.0006515395944006741
3162,0.01866699941456318,0.000651604263111949
3163,0.03359999880194664,0.0006517312722280622
3164,0.003467000089585781,0.0006519005401059985
3165,0.06373400241136551,0.0006522740004584193
3166,-0.016534000635147095,0.000652619288302958
3167,0.03866700083017349,0.0006530750542879105
3168,0.003467000089585781,0.0006536878645420074
3169,0.06373400241136551,0.0006542553310282528
3170,-0.0013330000219866633,0.0006550080724991858
3171,0.05360100045800209,0.0006558069726452231
3172,0.008533000014722347,0.0006570214172825217
3173,0.04853399842977524,0.0006580792251043022
3174,0.01360000018030405,0.00065909035038203
3175,0.05360100045800209,0.0006598581094294786
3176,0.02346700057387352,0.0006605243543162942
3177,0.03359999880194664,0.0006611988064832985
3178,0.008533000014722347,0.0006620078929699957
3179,0.06373400241136551,0.0006627780385315418
3180,-0.006399999838322401,0.0006632378790527582
3181,0.03359999880194664,0.0006639499333687127
3182,-0.04160099849104881,0.0006644774693995714
3183,0.06373400241136551,0.0006648646667599678
3184,0.03866700083017349,0.0006653456948697567
3185,0.07866799831390381,0.0006662447704002261
3186,0.01360000018030405,0.0006669014692306519
3187,0.03866700083017349,0.0006679508369415998
3188,0.003467000089585781,0.0006685904809273779
3189,0.08373399823904037,0.0006697643548250198
3190,0.01866699941456318,0.0006705255946144462
3191,0.02346700057387352,0.0006713855545967817
3192,0.03359999880194664,0.0006723141996189952
3193,0.06373400241136551,0.0006735521019436419
3194,-0.016534000635147095,0.0006746439030393958
3195,0.08880099654197693,0.0006760971155017614
3196,-0.0013330000219866633,0.0006771723856218159
3197,0.04853399842977524,0.0006783681455999613
3198,0.04853399842977524,0.0006796606467105448
3199,0.09866800159215927,0.0006809261394664645
3200,-0.02160000056028366,0.0006817855755798519
3201,0.05360100045800209,0.0006829723715782166
3202,-0.02160000056028366,0.000683990481775254
3203,0.028534000739455223,0.0006851524813100696
3204,-0.04666699841618538,0.0006864768220111728
3205,0.05360100045800209,0.0006871252553537488
3206,0.03359999880194664,0.0006878655403852463
3207,0.028534000739455223,0.0006887477356940508
3208,0.02346700057387352,0.0006894055986776948
3209,0.03866700083017349,0.0006902346503920853
3210,0.003467000089585781,0.0006910039810463786
3211,0.05866700038313866,0.0006916127749718726
3212,0.028534000739455223,0.0006921872263774276
3213,0.03866700083017349,0.0006927180802449584
3214,0.04853399842977524,0.0006931480602361262
3215,0.07360100001096725,0.000693175126798451
3216,-0.0013330000219866633,0.0006930946838110685
3217,0.04853399842977524,0.0006930966628715396
3218,0.01360000018030405,0.0006930796662345529
3219,0.05866700038313866,0.0006929783266969025
3220,0.01360000018030405,0.0006930542294867337
3221,0.04853399842977524,0.0006932956166565418
3222,0.01360000018030405,0.0006934048724360764
3223,0.05360100045800209,0.0006935083074495196
3224,-0.0013330000219866633,0.0006935317069292068
3225,0.0685340017080307,0.0006936474819667637
3226,0.003467000089585781,0.0006938271690160036
3227,0.03359999880194664,0.000694017275236547
3228,0.003467000089585781,0.00069434754550457
3229,0.05360100045800209,0.0006945321219973266
3230,0.003467000089585781,0.0006946297362446785
3231,0.03866700083017349,0.0006946299690753222
3232,0.003467000089585781,0.0006947492947801948
3233,0.043733999133110046,0.0006950540700927377
3234,0.028534000739455223,0.0006955525605008006
3235,0.08373399823904037,0.0006962071638554335
3236,0.028534000739455223,0.0006966869113966823
3237,0.06373400241136551,0.0006969952955842018
3238,0.02346700057387352,0.0006973304552957416
3239,0.01866699941456318,0.0006976103177294135
3240,0.01866699941456318,0.0006977544981054962
3241,0.07360100001096725,0.0006980814505368471
3242,0.028534000739455223,0.0006984697538428009
3243,0.07866799831390381,0.0006987274391576648
3244,0.003467000089585781,0.0006989536341279745
3245,0.03866700083017349,0.000699062249623239
3246,0.02346700057387352,0.0006992212147451937
3247,0.07360100001096725,0.0006992995040491223
3248,0.01360000018030405,0.0006990503752604127
3249,0.03866700083017349,0.0006990220863372087
3250,0.03866700083017349,0.0006990754045546055
3251,0.07866799831390381,0.0006991144036874175
3252,-0.006399999838322401,0.0006990837282501161
3253,0.05360100045800209,0.0006989115499891341
3254,0.028534000739455223,0.0006988512468524277
3255,0.03866700083017349,0.0006985844229348004
3256,0.02346700057387352,0.0006981954211369157
3257,0.04853399842977524,0.0006978929741308093
3258,0.01866699941456318,0.0006974835996516049
3259,0.03866700083017349,0.0006971096154302359
3260,-0.02160000056028366,0.0006966398796066642
3261,0.0685340017080307,0.0006961997132748365
3262,0.043733999133110046,0.0006956824799999595
3263,0.06373400241136551,0.0006953205447643995
3264,0.028534000739455223,0.0006949485978111625
3265,0.03866700083017349,0.0006944898050278425
3266,-0.006399999838322401,0.0006941495230421424
3267,0.05360100045800209,0.000694098649546504
3268,0.003467000089585781,0.0006940187304280698
3269,0.04853399842977524,0.0006941391620784998
3270,0.04853399842977524,0.0006941016763448715
3271,0.07360100001096725,0.0006938294973224401
3272,0.02346700057387352,0.0006935425335541368
3273,0.0685340017080307,0.0006932923570275307
3274,0.03866700083017349,0.0006930699455551803
3275,0.06373400241136551,0.0006927865324541926
3276,0.01360000018030405,0.0006924303015694022
3277,0.028534000739455223,0.0006923081236891448
3278,-0.0013330000219866633,0.0006923198234289885
3279,0.03866700083017349,0.0006921814638189971
3280,0.003467000089585781,0.0006919447332620621
3281,0.03866700083017349,0.0006917440332472324
3282,0.01360000018030405,0.0006916691781952977
3283,0.05360100045800209,0.0006913855322636664
3284,0.01360000018030405,0.0006909092189744115
3285,0.07360100001096725,0.0006904166657477617
3286,0.02346700057387352,0.0006898222491145134
3287,0.03866700083017349,0.0006892734672874212
3288,0.01360000018030405,0.0006887010531499982
3289,0.05360100045800209,0.0006884029135107994
3290,0.028534000739455223,0.0006880248547531664
3291,0.07360100001096725,0.0006877790438011289
3292,0.028534000739455223,0.0006872871890664101
3293,0.05360100045800209,0.0006866287440061569
3294,0.028534000739455223,0.0006858559208922088
3295,0.08880099654197693,0.0006853175582364202
3296,0.03359999880194664,0.000684543396346271
3297,0.0685340017080307,0.0006836178945377469
3298,0.003467000089585781,0.0006827226607128978
3299,0.07866799831390381,0.0006820065318606794
3300,0.03866700083017349,0.000681339472066611
3301,0.05360100045800209,0.0006807609461247921
3302,0.01360000018030405,0.0006801109993830323
3303,0.05360100045800209,0.000679645745549351
3304,0.05360100045800209,0.000679147313348949
3305,0.07360100001096725,0.0006785022560507059
3306,0.02346700057387352,0.0006777165690436959
3307,0.03866700083017349,0.000676874304190278
3308,-0.0013330000219866633,0.0006760884425602853
3309,0.043733999133110046,0.0006755578215233982
3310,0.02346700057387352,0.0006750721368007362
3311,0.05360100045800209,0.0006748136365786195
3312,0.003467000089585781,0.0006744676502421498
3313,0.04853399842977524,0.0006743669509887695
3314,0.03359999880194664,0.0006741909310221672
3315,0.05360100045800209,0.0006739730597473681
3316,0.003467000089585781,0.0006735952338203788
3317,0.05360100045800209,0.0006734366761520505
3318,-0.016534000635147095,0.0006731301546096802
3319,0.03866700083017349,0.0006730890017934144
3320,0.01360000018030405,0.0006730160675942898
3321,0.05360100045800209,0.0006729959277436137
3322,-0.0013330000219866633,0.0006729193264618516
3323,0.01360000018030405,0.0006730409804731607
3324,0.01360000018030405,0.0006729753222316504
3325,0.03359999880194664,0.0006729561137035489
3326,-0.0013330000219866633,0.000673014554195106
3327,0.04853399842977524,0.0006731568137183785
3328,0.03866700083017349,0.0006732081528753042
3329,0.04853399842977524,0.0006731292232871056
3330,0.01866699941456318,0.0006732521578669548
3331,0.03866700083017349,0.0006731542525812984
3332,-0.0013330000219866633,0.0006729084998369217
3333,0.04853399842977524,0.0006727854488417506
3334,0.02346700057387352,0.000672659371048212
3335,0.043733999133110046,0.0006727123400196433
3336,0.008533000014722347,0.0006724799750372767
3337,0.05866700038313866,0.0006725666462443769
3338,-0.006399999838322401,0.0006723138503730297
3339,0.05360100045800209,0.0006725911516696215
3340,0.02346700057387352,0.0006730479653924704
3341,0.04853399842977524,0.0006734258495271206
3342,0.03359999880194664,0.0006737614166922867
3343,0.05360100045800209,0.0006738591473549604
3344,0.003467000089585781,0.000673762580845505
3345,0.04853399842977524,0.0006740522221662104
3346,0.028534000739455223,0.0006745217833667994
3347,0.02346700057387352,0.0006747751031070948
3348,0.03866700083017349,0.0006749208550900221
3349,0.06373400241136551,0.0006751040345989168
3350,0.028534000739455223,0.0006750404718331993
3351,0.05360100045800209,0.0006749120075255632
3352,-0.016534000635147095,0.00067469960777089
3353,0.07360100001096725,0.0006747852312400937
3354,0.02346700057387352,0.0006745385471731424
3355,0.07360100001096725,0.0006746506551280618
3356,0.01360000018030405,0.0006746933213435113
3357,0.05866700038313866,0.0006749091553501785
3358,-0.011466999538242817,0.0006750244065187871
3359,0.05360100045800209,0.0006753229536116123
3360,0.028534000739455223,0.000675621151458472
3361,0.03866700083017349,0.0006760173127986491
3362,-0.0013330000219866633,0.0006762134726159275
3363,0.06373400241136551,0.0006763205747120082
3364,0.003467000089585781,0.0006765363505110145
3365,0.02346700057387352,0.0006769606843590736
3366,-0.011466999538242817,0.0006773339118808508
3367,0.03359999880194664,0.0006778204115107656
3368,0.01360000018030405,0.000678163138218224
3369,0.0685340017080307,0.0006787910242564976
3370,0.02346700057387352,0.0006793198990635574
3371,0.0685340017080307,0.0006795724038966
3372,0.028534000739455223,0.0006798949325457215
3373,0.01866699941456318,0.0006800882983952761
3374,0.03359999880194664,0.0006805263110436499
3375,0.03359999880194664,0.000680687022395432
3376,0.01866699941456318,0.000681016594171524
3377,0.05360100045800209,0.0006812262581661344
3378,0.03866700083017349,0.0006814803346060216
3379,0.06373400241136551,0.0006816500681452453
3380,-0.011466999538242817,0.0006819954141974449
3381,0.04853399842977524,0.0006823423318564892
3382,0.02346700057387352,0.0006827883189544082
3383,0.05360100045800209,0.0006831983919255435
3384,-0.0013330000219866633,0.0006836550310254097
3385,0.04853399842977524,0.0006839724956080317
3386,0.04853399842977524,0.0006844551535323262
3387,0.03866700083017349,0.0006850343197584152
3388,-0.04666699841618538,0.0006856505642645061
3389,0.05360100045800209,0.0006865455070510507
3390,0.008533000014722347,0.0006873825914226472
3391,0.04853399842977524,0.0006883982568979263
3392,-0.011466999538242817,0.0006894114194437861
3393,0.03359999880194664,0.0006905685877427459
3394,0.028534000739455223,0.0006916661513969302
3395,0.05360100045800209,0.0006926273345015943
3396,0.008533000014722347,0.000693273323122412
3397,0.08880099654197693,0.0006935816491022706
3398,-0.006399999838322401,0.0006942754262126982
3399,0.06373400241136551,0.0006951590767130256
3400,0.03866700083017349,0.0006964100757613778
3401,0.043733999133110046,0.0006973823765292764
3402,-0.0013330000219866633,0.000698243617080152
3403,0.03359999880194664,0.0006992113776504993
3404,-0.011466999538242817,0.0007000121986493468
3405,0.028534000739455223,0.000700891949236393
3406,0.003467000089585781,0.0007016557501628995
3407,0.03359999880194664,0.0007025033701211214
3408,-0.0013330000219866633,0.0007032017456367612
3409,0.028534000739455223,0.0007040252676233649
3410,-0.006399999838322401,0.0007045360398478806
3411,0.028534000739455223,0.0007052340661175549
3412,-0.0013330000219866633,0.0007055388996377587
3413,0.04853399842977524,0.0007061451906338334
3414,-0.026399999856948853,0.0007066965918056667
3415,0.03866700083017349,0.0007074524182826281
3416,-0.026399999856948853,0.0007079789647832513
3417,0.02346700057387352,0.0007085362449288368
3418,0.01360000018030405,0.0007089823484420776
3419,0.06373400241136551,0.0007094937609508634
3420,0.028534000739455223,0.0007098382920958102
3421,0.028534000739455223,0.0007101458613760769
3422,0.01866699941456318,0.0007103036041371524
3423,0.07360100001096725,0.0007104366668500006
3424,0.008533000014722347,0.0007103604730218649
3425,0.04853399842977524,0.0007104219985194504
3426,0.01360000018030405,0.0007103054085746408
3427,0.03866700083017349,0.0007100452203303576
3428,-0.011466999538242817,0.0007095594191923738
3429,0.07360100001096725,0.0007092577870935202
3430,-0.011466999538242817,0.0007091870647855103
3431,0.05360100045800209,0.0007091559818945825
3432,-0.006399999838322401,0.0007091730367392302
3433,0.028534000739455223,0.0007090867729857564
3434,0.02346700057387352,0.0007089268183335662
3435,0.043733999133110046,0.0007086694240570068
3436,0.01866699941456318,0.0007084945682436228
3437,0.08880099654197693,0.0007082307711243629
3438,-0.0013330000219866633,0.0007081390940584242
3439,0.01360000018030405,0.0007080471841618419
3440,0.02346700057387352,0.0007077348418533802
3441,0.05360100045800209,0.0007072732551023364
3442,-0.02160000056028366,0.0007067617261782289
3443,0.03359999880194664,0.0007060999050736427
3444,-0.016534000635147095,0.000705564278177917
3445,0.028534000739455223,0.0007047263206914067
3446,0.02346700057387352,0.0007038709009066224
3447,0.07866799831390381,0.0007030990673229098
3448,0.003467000089585781,0.0007021577330306172
3449,0.03866700083017349,0.0007010926492512226
3450,0.02346700057387352,0.0007000620244070888
3451,0.07360100001096725,0.000698723248206079
3452,0.02346700057387352,0.0006973759736865759
3453,0.05360100045800209,0.0006961898761801422
3454,0.03359999880194664,0.0006947446381673217
3455,0.02346700057387352,0.0006933819968253374
3456,0.03866700083017349,0.0006922694155946374
3457,0.02346700057387352,0.00069103465648368
3458,0.003467000089585781,0.00068997114431113
3459,0.05360100045800209,0.0006886970368213952
3460,-0.0013330000219866633,0.0006873287493363023
3461,0.07866799831390381,0.0006865033064968884
3462,0.01866699941456318,0.0006855769897811115
3463,0.07866799831390381,0.0006844657473266125
3464,0.01360000018030405,0.0006835779058746994
3465,0.03866700083017349,0.0006824459414929152
3466,0.003467000089585781,0.0006816026289016008
3467,0.01866699941456318,0.0006807252066209912
3468,-0.011466999538242817,0.0006798473768867552
3469,0.05360100045800209,0.0006789189064875245
3470,-0.0013330000219866633,0.0006782410200685263
3471,0.028534000739455223,0.0006777325761504471
3472,0.003467000089585781,0.0006773094646632671
3473,0.0685340017080307,0.0006766855949535966
3474,-0.0013330000219866633,0.000676144496537745
3475,0.04853399842977524,0.0006757483934052289
3476,0.008533000014722347,0.0006751629989594221
3477,0.07360100001096725,0.0006746177095919847
3478,0.02346700057387352,0.0006741420947946608
3479,0.02346700057387352,0.0006736999494023621
3480,0.003467000089585781,0.0006731111789122224
3481,0.05360100045800209,0.0006726415595039725
3482,-0.011466999538242817,0.0006720850360579789
3483,0.03866700083017349,0.0006715555209666491
3484,0.01360000018030405,0.0006710652960464358
3485,0.043733999133110046,0.0006706486456096172
3486,0.008533000014722347,0.0006701312959194183
3487,0.06373400241136551,0.0006696656346321106
3488,0.02346700057387352,0.0006692524184472859
3489,0.02346700057387352,0.0006685779662802815
3490,0.03359999880194664,0.0006678505451418459
3491,0.028534000739455223,0.0006668954738415778
3492,0.008533000014722347,0.0006662111263722181
3493,0.03866700083017349,0.0006654694443568587
3494,0.028534000739455223,0.0006647245027124882
3495,0.05360100045800209,0.0006639534840360284
3496,0.003467000089585781,0.0006633285665884614
3497,0.05360100045800209,0.0006624733796343207
3498,0.01360000018030405,0.0006613638252019882
3499,0.043733999133110046,0.0006605177186429501
3500,-0.016534000635147095,0.0006596554885618389
3501,0.028534000739455223,0.0006588775431737304
3502,-0.016534000635147095,0.0006580753833986819
3503,0.0685340017080307,0.0006574229337275028
3504,0.02346700057387352,0.0006569320103153586
3505,0.04853399842977524,0.0006562094204127789
3506,0.028534000739455223,0.000655376585200429
3507,0.06373400241136551,0.0006545737851411104
3508,0.003467000089585781,0.0006537368171848357
3509,0.03866700083017349,0.0006529688835144043
3510,0.008533000014722347,0.0006521362811326981
3511,0.0685340017080307,0.0006515402346849442
3512,-0.02160000056028366,0.000650958507321775
3513,0.06373400241136551,0.0006504934281110764
3514,-0.011466999538242817,0.0006502288160845637
3515,0.028534000739455223,0.0006497466238215566
3516,0.01360000018030405,0.0006494955741800368
3517,0.04853399842977524,0.0006492426618933678
3518,-0.011466999538242817,0.0006490006344392896
3519,0.04853399842977524,0.0006486028432846069
3520,0.02346700057387352,0.0006481390446424484
3521,0.06373400241136551,0.0006477234419435263
3522,0.003467000089585781,0.0006472388049587607
3523,0.03866700083017349,0.0006465120823122561
3524,0.003467000089585781,0.0006457423442043364
3525,0.028534000739455223,0.0006448549684137106
3526,0.03866700083017349,0.0006440487923100591
3527,0.02346700057387352,0.0006434042588807642
3528,0.028534000739455223,0.0006429115310311317
3529,0.04853399842977524,0.0006424037856049836
3530,0.03359999880194664,0.0006418923148885369
3531,0.06373400241136551,0.0006415866082534194
3532,-0.006399999838322401,0.0006413806695491076
3533,0.028534000739455223,0.00064107496291399
3534,0.003467000089585781,0.000640721176750958
3535,0.08880099654197693,0.0006405385793186724
3536,0.003467000089585781,0.0006404693704098463
3537,0.04853399842977524,0.0006402577855624259
3538,0.008533000014722347,0.0006399898556992412
3539,0.043733999133110046,0.0006397380493581295
3540,0.03866700083017349,0.000639540608972311
3541,0.028534000739455223,0.0006393981166183949
3542,0.01866699941456318,0.0006393450312316418
3543,0.06373400241136551,0.0006390997441485524
3544,0.028534000739455223,0.0006386967143043876
3545,0.06373400241136551,0.0006381862913258374
3546,0.008533000014722347,0.0006377897807396948
3547,0.05866700038313866,0.0006371767958626151
3548,0.028534000739455223,0.0006368315080180764
3549,0.06373400241136551,0.0006364673608914018
3550,-0.006399999838322401,0.0006363071734085679
3551,0.03866700083017349,0.000635932432487607
3552,0.02346700057387352,0.0006356406956911087
3553,0.03359999880194664,0.0006355067016556859
3554,0.028534000739455223,0.0006352948257699609
3555,0.04853399842977524,0.0006349880713969469
3556,0.04853399842977524,0.000634722295217216
3557,0.04853399842977524,0.0006345956353470683
3558,0.003467000089585781,0.0006345082074403763
3559,0.03866700083017349,0.0006344766006805003
3560,0.03866700083017349,0.0006342314882203937
3561,0.03359999880194664,0.0006341194966807961
3562,0.02346700057387352,0.0006339381216093898
3563,0.04853399842977524,0.0006340519175864756
3564,-0.011466999538242817,0.0006341400439850986
3565,0.04853399842977524,0.0006340506952255964
3566,0.02346700057387352,0.0006337501690723002
3567,0.06373400241136551,0.0006334396894089878
3568,0.01360000018030405,0.0006331492331810296
3569,0.06373400241136551,0.0006328762392513454
3570,0.03359999880194664,0.0006325464346446097
3571,0.05360100045800209,0.0006323058623820543
3572,0.03359999880194664,0.0006320811226032674
3573,0.043733999133110046,0.0006318442174233496
3574,0.01866699941456318,0.0006316796061582863
3575,0.06373400241136551,0.000631456496194005
3576,-0.0013330000219866633,0.000631227099802345
3577,0.04853399842977524,0.0006311022443696856
3578,0.01360000018030405,0.0006309397285804152
3579,0.028534000739455223,0.0006306279101409018
3580,0.008533000014722347,0.0006304454291239381
3581,0.03359999880194664,0.000630206021014601
3582,-0.011466999538242817,0.0006299785454757512
3583,0.05866700038313866,0.0006298101507127285
3584,0.02346700057387352,0.0006294562481343746
3585,0.04853399842977524,0.0006294907652772963
3586,0.028534000739455223,0.0006296040955930948
3587,0.08373399823904037,0.00062961207004264
3588,0.028534000739455223,0.0006294648628681898
3589,0.04853399842977524,0.0006294127088040113
3590,0.003467000089585781,0.0006294614868238568
3591,0.043733999133110046,0.0006293656188063323
3592,0.01360000018030405,0.0006293380865827203
3593,0.0685340017080307,0.0006292749312706292
3594,-0.02160000056028366,0.0006294825579971075
3595,0.05360100045800209,0.0006293878541328013
3596,-0.006399999838322401,0.0006291934405453503
3597,0.03866700083017349,0.0006289671291597188
3598,0.003467000089585781,0.0006288128206506371
3599,0.08880099654197693,0.0006290728924795985
3600,-0.0013330000219866633,0.0006295328494161367
3601,0.06373400241136551,0.0006297152140177786
3602,0.01360000018030405,0.0006296142237260938
3603,0.04853399842977524,0.0006296430947259068
3604,-0.0013330000219866633,0.000629888498224318
3605,0.05360100045800209,0.0006301102112047374
3606,0.008533000014722347,0.0006305223796516657
3607,0.008533000014722347,0.0006307879230007529
3608,0.03359999880194664,0.0006313467165455222
3609,0.04853399842977524,0.0006317278021015227
3610,0.003467000089585781,0.000632293988019228
3611,0.04853399842977524,0.000632658542599529
3612,0.01360000018030405,0.0006328406161628664
3613,0.04853399842977524,0.0006330150063149631
3614,0.01866699941456318,0.000633251154795289
3615,0.03866700083017349,0.0006337124505080283
3616,0.003467000089585781,0.0006341208936646581
3617,0.08880099654197693,0.0006348800961859524
3618,0.028534000739455223,0.0006357603124342859
3619,0.07360100001096725,0.0006366446614265442
3620,0.028534000739455223,0.0006373301148414612
3621,0.06373400241136551,0.0006378866382874548
3622,0.01360000018030405,0.0006384742446243763
3623,0.03866700083017349,0.0006388056790456176
3624,0.01360000018030405,0.0006393970106728375
3625,0.03866700083017349,0.0006399555713869631
3626,0.01360000018030405,0.0006406937027350068
3627,0.0685340017080307,0.0006416745600290596
3628,0.02346700057387352,0.0006424894090741873
3629,0.03866700083017349,0.0006433958769775927
3630,-0.006399999838322401,0.0006443517049774528
3631,0.06373400241136551,0.0006454334943555295
3632,0.02346700057387352,0.0006462199380621314
3633,0.06373400241136551,0.0006469860090874135
3634,0.03866700083017349,0.0006474299589172006
3635,0.04853399842977524,0.0006482651806436479
3636,0.02346700057387352,0.0006490354426205158
3637,0.04853399842977524,0.0006497737485915422
3638,0.003467000089585781,0.0006505213095806539
3639,0.04853399842977524,0.0006513232365250587
3640,0.028534000739455223,0.0006522626499645412
3641,0.06373400241136551,0.0006532119587063789
3642,-0.02160000056028366,0.000654146249871701
3643,0.04853399842977524,0.0006546392687596381
3644,-0.0013330000219866633,0.0006551928818225861
3645,0.04853399842977524,0.0006554322317242622
3646,-0.0013330000219866633,0.000655724317766726
3647,0.04853399842977524,0.0006560061010532081
3648,0.008533000014722347,0.0006561448099091649
3649,0.05360100045800209,0.0006561285117641091
3650,0.01866699941456318,0.0006562251946888864
3651,0.03866700083017349,0.0006566254887729883
3652,0.003467000089585781,0.0006572750862687826
3653,0.08373399823904037,0.0006579767214134336
3654,0.02346700057387352,0.0006581714260391891
3655,0.05360100045800209,0.0006584892398677766
3656,0.02346700057387352,0.0006584752118214965
3657,0.05360100045800209,0.000658755365293473
3658,0.01360000018030405,0.0006591046694666147
3659,0.04853399842977524,0.0006595868617296219
3660,-0.011466999538242817,0.0006600999040529132
3661,0.043733999133110046,0.0006607987452298403
3662,-0.011466999538242817,0.000661577214486897
3663,0.03866700083017349,0.0006620542844757438
3664,-0.011466999538242817,0.0006627026596106589
3665,0.01360000018030405,0.0006631682626903057
3666,0.03866700083017349,0.000664000865072012
3667,0.05866700038313866,0.0006647830596193671
3668,-0.016534000635147095,0.0006657898193225265
3669,0.043733999133110046,0.0006664237007498741
3670,0.01360000018030405,0.0006670578150078654
3671,0.02346700057387352,0.0006676997290924191
3672,-0.026399999856948853,0.0006683472311124206
3673,0.03359999880194664,0.0006687777931801975
3674,0.028534000739455223,0.0006691081798635423
3675,0.043733999133110046,0.0006696111522614956
3676,0.01360000018030405,0.0006702152313664556
3677,0.07360100001096725,0.0006708618602715433
3678,0.01360000018030405,0.0006717561045661569
3679,0.06373400241136551,0.0006725379498675466
3680,-0.026399999856948853,0.0006733915070071816
3681,0.028534000739455223,0.0006738343508914113
3682,-0.011466999538242817,0.0006743086269125342
3683,0.04853399842977524,0.0006746076396666467
3684,0.028534000739455223,0.0006752905901521444
3685,0.05360100045800209,0.0006758965319022536
3686,0.01360000018030405,0.0006763239507563412
3687,0.07360100001096725,0.000676829949952662
3688,0.05360100045800209,0.0006770368199795485
3689,0.06373400241136551,0.0006774240755476058
3690,0.05360100045800209,0.0006777356611564755
3691,0.07360100001096725,0.0006782219279557467
3692,0.028534000739455223,0.0006787902093492448
3693,0.043733999133110046,0.0006791515043005347
3694,-0.0013330000219866633,0.000679356511682272
3695,0.043733999133110046,0.0006794716464355588
3696,0.003467000089585781,0.0006795277004130185
3697,0.04853399842977524,0.0006796927191317081
3698,0.01866699941456318,0.000680025084875524
3699,0.05360100045800209,0.0006803774740546942
3700,0.008533000014722347,0.0006804736913181841
3701,0.05866700038313866,0.0006807135650888085
3702,0.02346700057387352,0.0006809126352891326
3703,0.05866700038313866,0.0006811245111748576
3704,0.01866699941456318,0.0006815848173573613
3705,0.043733999133110046,0.000682009500451386
3706,-0.03653400018811226,0.0006823254516348243
3707,0.03866700083017349,0.000682288664393127
3708,0.008533000014722347,0.0006824236479587853
3709,0.043733999133110046,0.0006827633478678763
3710,0.003467000089585781,0.0006833421648479998
3711,0.06373400241136551,0.0006839957786723971
3712,-0.011466999538242817,0.0006844837917014956
3713,0.028534000739455223,0.0006848268676549196
3714,0.01866699941456318,0.0006852674414403737
3715,0.028534000739455223,0.0006858639535494149
3716,-0.02160000056028366,0.0006865579634904861
3717,0.05360100045800209,0.0006866844487376511
3718,0.03359999880194664,0.0006869016215205193
3719,0.05360100045800209,0.0006871593650430441
3720,-0.006399999838322401,0.0006872385856695473
3721,0.04853399842977524,0.0006876176339574158
3722,-0.0013330000219866633,0.0006877203122712672
3723,0.0685340017080307,0.0006881347508169711
3724,0.028534000739455223,0.0006885729380883276
3725,0.07360100001096725,0.0006891273660585284
3726,0.01360000018030405,0.0006895515252836049
3727,0.0685340017080307,0.0006901713786646724
3728,0.01866699941456318,0.0006905683549121022
3729,0.04853399842977524,0.0006910181837156415
3730,-0.0013330000219866633,0.000691480003297329
3731,0.04853399842977524,0.0006919455481693149
3732,-0.0013330000219866633,0.0006922837346792221
3733,0.04853399842977524,0.0006924930494278669
3734,-0.02160000056028366,0.0006927404319867492
3735,0.06373400241136551,0.0006931161042302847
3736,0.02346700057387352,0.000693393056280911
3737,0.07360100001096725,0.0006936265854164958
3738,-0.0013330000219866633,0.0006935147102922201
3739,0.07866799831390381,0.0006937219295650721
3740,0.01866699941456318,0.0006935714045539498
3741,0.06373400241136551,0.0006934408447705209
3742,0.003467000089585781,0.0006932331598363817
3743,0.05360100045800209,0.0006930080126039684
3744,0.003467000089585781,0.0006926460191607475
3745,0.05360100045800209,0.0006924936315044761
3746,0.01360000018030405,0.0006923083565197885
3747,0.04853399842977524,0.0006923399632796645
3748,0.02346700057387352,0.0006922387983649969
3749,0.05360100045800209,0.0006922566681168973
3750,0.01360000018030405,0.0006921720923855901
3751,0.06373400241136551,0.0006923444452695549
3752,-0.016534000635147095,0.0006925213383510709
3753,0.06373400241136551,0.0006930095260031521
3754,0.028534000739455223,0.0006934285629540682
3755,0.04853399842977524,0.0006936381687410176
3756,0.01360000018030405,0.0006938621518202126
3757,0.06373400241136551,0.0006941016763448715
3758,0.02346700057387352,0.0006942411419004202
3759,0.02346700057387352,0.0006943834596313536
3760,0.01866699941456318,0.0006945948698557913
3761,0.04853399842977524,0.0006949005764909089
3762,0.003467000089585781,0.0006952114054001868
3763,0.0685340017080307,0.0006957069272175431
3764,-0.016534000635147095,0.0006960828322917223
3765,0.028534000739455223,0.000696339993737638
3766,0.003467000089585781,0.0006968112429603934
3767,0.0685340017080307,0.0006969913956709206
3768,0.003467000089585781,0.0006971234688535333
3769,0.05360100045800209,0.0006972013507038355
3770,0.02346700057387352,0.0006972000701352954
3771,0.03866700083017349,0.0006973794079385698
3772,0.01360000018030405,0.0006974625866860151
3773,0.04853399842977524,0.0006974176503717899
3774,0.01866699941456318,0.0006973157869651914
3775,0.03359999880194664,0.0006974180578254163
3776,0.02346700057387352,0.0006976542063057423
3777,0.03866700083017349,0.0006978052551858127
3778,-0.011466999538242817,0.0006980634061619639
3779,0.05360100045800209,0.0006984897772781551
3780,0.01866699941456318,0.0006988144014030695
3781,0.05360100045800209,0.0006991709815338254
3782,0.003467000089585781,0.0006996491574682295
3783,0.03866700083017349,0.0007000199984759092
3784,0.008533000014722347,0.0007003771606832743
3785,0.04853399842977524,0.0007006643572822213
3786,0.003467000089585781,0.0007007592357695103
3787,0.04853399842977524,0.0007007081294432282
3788,0.008533000014722347,0.0007006091764196754
3789,0.03866700083017349,0.0007006136002019048
3790,0.01866699941456318,0.0007006570231169462
3791,0.043733999133110046,0.0007007317617535591
3792,0.03866700083017349,0.000700688804499805
3793,0.0685340017080307,0.0007006260566413403
3794,0.03866700083017349,0.0007004328072071075
3795,0.04853399842977524,0.0007002003840170801
3796,-0.011466999538242817,0.0007000042241998017
3797,0.0685340017080307,0.0006996843731030822
3798,-0.011466999538242817,0.0006993035785853863
3799,0.05360100045800209,0.000699288269970566
3800,0.003467000089585781,0.0006994551513344049
3801,0.05866700038313866,0.0006995839648880064
3802,0.008533000014722347,0.0006996493320912123
3803,0.03359999880194664,0.0006998105673119426
3804,0.02346700057387352,0.0006998238386586308
3805,0.05866700038313866,0.0006998132448643446
3806,-0.016534000635147095,0.0006997138261795044
3807,0.05360100045800209,0.000699843280017376
3808,-0.02160000056028366,0.0006999959005042911
3809,0.01360000018030405,0.0006999294273555279
3810,-0.02160000056028366,0.0006999392644502223
3811,0.03359999880194664,0.0006999797187745571
3812,-0.016534000635147095,0.0007000169716775417
3813,0.05360100045800209,0.0007000734331086278
3814,-0.011466999538242817,0.0007000523037277162
3815,0.03866700083017349,0.0006997950258664787
3816,0.043733999133110046,0.0006997846066951752
3817,0.02346700057387352,0.0006996478186920285
3818,-0.02160000056028366,0.0006996012525632977
3819,0.03866700083017349,0.0006990142283029854
3820,0.003467000089585781,0.0006985691143199801
3821,0.05360100045800209,0.000698236224707216
3822,0.01360000018030405,0.0006981877377256751
3823,0.04853399842977524,0.0006981104961596429
3824,-0.016534000635147095,0.000697989366017282
3825,0.01866699941456318,0.0006977893644943833
3826,-0.026399999856948853,0.0006976521108299494
3827,0.01360000018030405,0.0006972370902076364
3828,0.01360000018030405,0.000696991162840277
3829,0.028534000739455223,0.0006965781794860959
3830,0.003467000089585781,0.0006960626924410462
3831,0.04853399842977524,0.0006955479038879275
3832,0.01360000018030405,0.0006952093099243939
3833,0.0685340017080307,0.0006948419031687081
3834,0.01360000018030405,0.0006945524364709854
3835,0.06373400241136551,0.0006945073837414384
3836,-0.026399999856948853,0.0006943665794096887
3837,0.05866700038313866,0.0006940762978047132
3838,0.01360000018030405,0.0006935794372111559
3839,0.04853399842977524,0.0006929627852514386
3840,-0.03653400018811226,0.0006926674395799637
3841,0.04853399842977524,0.0006921612657606602
3842,0.03359999880194664,0.0006915021222084761
3843,0.07360100001096725,0.0006908156210556626
3844,-0.02160000056028366,0.000690341810695827
3845,0.04853399842977524,0.0006896669510751963
3846,0.01866699941456318,0.0006889053038321435
3847,0.05360100045800209,0.000688228290528059
3848,0.003467000089585781,0.0006876738043501973
3849,0.04853399842977524,0.0006869641947560012
3850,-0.0013330000219866633,0.0006863197777420282
3851,0.03866700083017349,0.00068555714096874
3852,0.01360000018030405,0.0006848923512734473
3853,0.01866699941456318,0.0006841946742497385
3854,-0.026399999856948853,0.000683636695612222
3855,0.03359999880194664,0.0006825174205005169
3856,-0.016534000635147095,0.0006815303349867463
3857,0.02346700057387352,0.0006805508164688945
3858,0.01866699941456318,0.0006796515081077814
3859,0.03866700083017349,0.0006788037717342377
3860,0.02346700057387352,0.0006777565577067435
3861,0.003467000089585781,0.0006766986334696412
3862,0.02346700057387352,0.0006758968811482191
3863,0.05866700038313866,0.0006753311608918011
3864,-0.02160000056028366,0.0006746666040271521
3865,0.02346700057387352,0.000673618633300066
3866,-0.016534000635147095,0.000672730035148561
3867,0.028534000739455223,0.0006717470241710544
3868,-0.016534000635147095,0.0006710541783832014
3869,0.02346700057387352,0.0006701048696413636
3870,-0.026399999856948853,0.0006690921145491302
3871,0.03359999880194664,0.0006677649798803031
3872,0.028534000739455223,0.0006665002438239753
3873,0.04853399842977524,0.0006649164715781808
3874,0.028534000739455223,0.0006634058663621545
3875,0.01360000018030405,0.0006618055049329996
3876,0.01360000018030405,0.0006603106157854199
3877,0.02346700057387352,0.0006588311516679823
3878,0.01360000018030405,0.000657446391414851
3879,0.028534000739455223,0.0006561358459293842
3880,0.003467000089585781,0.0006546943914145231
3881,0.02346700057387352,0.000653122435323894
3882,0.01866699941456318,0.0006516537978313863
3883,0.028534000739455223,0.0006499517476186156
3884,0.02346700057387352,0.0006483704200945795
3885,0.05360100045800209,0.0006467907223850489
3886,-0.011466999538242817,0.0006452829111367464
3887,0.06373400241136551,0.0006437866250053048
3888,0.01360000018030405,0.0006427185144275427
3889,0.03866700083017349,0.0006416658870875835
3890,-0.011466999538242817,0.0006408625049516559
3891,0.03866700083017349,0.0006399850826710463
3892,-0.011466999538242817,0.0006390780908986926
3893,0.028534000739455223,0.000638080935459584
3894,0.02346700057387352,0.0006371725467033684
3895,0.028534000739455223,0.0006363475113175809
3896,0.008533000014722347,0.0006352977943606675
3897,0.05360100045800209,0.0006341867265291512
3898,-0.0013330000219866633,0.0006331013282760978
3899,0.01866699941456318,0.0006323531270027161
3900,0.01866699941456318,0.0006317096995189786
3901,0.028534000739455223,0.0006309935706667602
3902,0.02346700057387352,0.0006303807604126632
3903,0.03866700083017349,0.0006295335479080677
3904,-0.0013330000219866633,0.0006288964068517089
3905,0.03359999880194664,0.0006282057147473097
3906,-0.006399999838322401,0.0006274004117585719
3907,0.03866700083017349,0.0006263205432333052
3908,0.01866699941456318,0.0006251635495573282
3909,0.06373400241136551,0.0006239174399524927
3910,0.01360000018030405,0.0006229661521501839
3911,0.03359999880194664,0.0006218594498932362
3912,-0.02160000056028366,0.0006207635160535574
3913,0.04853399842977524,0.000619477650616318
3914,0.028534000739455223,0.0006181961507536471
3915,0.043733999133110046,0.0006166337989270687
3916,-0.0013330000219866633,0.0006149442051537335
3917,0.04853399842977524,0.0006132940761744976
3918,0.01866699941456318,0.0006116500589996576
3919,0.03866700083017349,0.0006102277548052371
3920,0.04853399842977524,0.0006089280359447002
3921,0.03866700083017349,0.000607661553658545
3922,0.003467000089585781,0.0006062256870791316
3923,0.05360100045800209,0.0006047131028026342
3924,-0.0013330000219866633,0.0006031054072082043
3925,0.02346700057387352,0.0006018141284584999
3926,-0.02160000056028366,0.0006003815215080976
3927,0.04853399842977524,0.0005989670753479004
3928,0.01360000018030405,0.0005975999520160258
3929,0.04853399842977524,0.0005964890588074923
3930,0.02346700057387352,0.0005954881198704243
3931,0.05360100045800209,0.0005941420095041394
3932,-0.0013330000219866633,0.0005926800658926368
3933,0.04853399842977524,0.0005912091583013535
3934,0.01866699941456318,0.0005895994254387915
3935,0.05866700038313866,0.0005880153039470315
3936,0.02346700057387352,0.00058645976241678
3937,0.03359999880194664,0.000585277914069593
3938,0.01360000018030405,0.0005841141100972891
3939,0.03359999880194664,0.000583130749873817
3940,-0.016534000635147095,0.0005818736390210688
3941,0.028534000739455223,0.0005808188579976559
3942,0.008533000014722347,0.0005797455087304115
3943,0.05360100045800209,0.0005786442779935896
3944,-0.0013330000219866633,0.0005779213970527053
3945,0.03359999880194664,0.0005772102158516645
3946,0.008533000014722347,0.000576455146074295
3947,0.05360100045800209,0.0005757353501394391
3948,-0.011466999538242817,0.0005751146236434579
3949,0.06373400241136551,0.0005747517570853233
3950,0.01360000018030405,0.0005744152003899217
3951,0.04853399842977524,0.0005742909852415323
3952,-0.011466999538242817,0.0005741083296015859
3953,0.06373400241136551,0.0005738648469559848
3954,-0.0013330000219866633,0.0005736087332479656
3955,0.05360100045800209,0.0005732655408792198
3956,-0.011466999538242817,0.0005730171105824411
3957,0.03866700083017349,0.0005726912058889866
3958,-0.0013330000219866633,0.0005722813657484949
3959,0.028534000739455223,0.0005719752516597509
3960,0.003467000089585781,0.0005716425366699696
3961,0.07360100001096725,0.0005712908459827304
3962,0.03866700083017349,0.0005709540564566851
3963,0.043733999133110046,0.0005709474207833409
3964,0.003467000089585781,0.0005707974196411669
3965,0.03866700083017349,0.0005705292569473386
3966,0.01360000018030405,0.000570172443985939
3967,0.043733999133110046,0.0005698943277820945
3968,0.03866700083017349,0.0005696031730622053
3969,0.04853399842977524,0.0005693220300599933
3970,0.02346700057387352,0.0005689297104254365
3971,0.07360100001096725,0.0005686070653609931
3972,0.003467000089585781,0.0005680865724571049
3973,0.07360100001096725,0.000567894836422056
3974,0.003467000089585781,0.0005677258013747633
3975,0.07360100001096725,0.0005676455330103636
3976,0.01360000018030405,0.0005675965803675354
3977,0.06373400241136551,0.000567644601687789
3978,0.03866700083017349,0.000567950657568872
3979,0.03359999880194664,0.0005677846493199468
3980,0.003467000089585781,0.0005677675362676382
3981,0.043733999133110046,0.0005678361048921943
3982,0.008533000014722347,0.0005677323788404465
3983,0.04853399842977524,0.0005676369182765484
3984,0.003467000089585781,0.0005674500716850162
3985,0.03359999880194664,0.0005672198021784425
3986,0.02346700057387352,0.0005669665988534689
3987,0.0685340017080307,0.0005667806253768504
3988,-0.006399999838322401,0.0005666181677952409
3989,0.02346700057387352,0.0005664467462338507
3990,-0.0013330000219866633,0.0005662125768139958
3991,0.03866700083017349,0.0005659002345055342
3992,0.003467000089585781,0.0005657185101881623
3993,0.06373400241136551,0.0005655958084389567
3994,0.03359999880194664,0.0005659230519086123
3995,0.02346700057387352,0.0005660227034240961
3996,0.003467000089585781,0.0005663047195412219
3997,0.04853399842977524,0.0005665479693561792
3998,0.008533000014722347,0.0005668135127052665
3999,0.03866700083017349,0.0005672884872183204
4000,0.008533000014722347,0.0005676950677298009
4001,0.02346700057387352,0.0005682030459865928
4002,-0.011466999538242817,0.0005685980431735516
4003,0.05866700038313866,0.0005690429825335741
4004,0.04853399842977524,0.0005694573046639562
4005,0.04853399842977524,0.0005699233151972294
4006,-0.02160000056028366,0.0005703258793801069
4007,0.028534000739455223,0.00057087407913059
4008,0.003467000089585781,0.000571075186599046
4009,0.05360100045800209,0.0005715377628803253
4010,-0.0013330000219866633,0.0005719053442589939
4011,0.03866700083017349,0.0005722558125853539
4012,0.003467000089585781,0.0005726335803046823
4013,0.043733999133110046,0.000572888704482466
4014,-0.011466999538242817,0.0005732406862080097
4015,0.04853399842977524,0.000573632656596601
4016,-0.006399999838322401,0.0005738987820222974
4017,0.04853399842977524,0.0005741513450630009
4018,0.028534000739455223,0.0005743217770941556
4019,0.05360100045800209,0.000574349076487124
4020,0.003467000089585781,0.0005745651433244348
4021,0.09360100328922272,0.0005750946584157646
4022,0.028534000739455223,0.0005751596763730049
4023,0.0685340017080307,0.0005753792938776314
4024,0.02346700057387352,0.0005756912287324667
4025,0.02346700057387352,0.0005760006606578827
4026,0.03866700083017349,0.0005763674853369594
4027,0.05360100045800209,0.0005767447873950005
4028,0.028534000739455223,0.0005771613796241581
4029,0.02346700057387352,0.0005776197649538517
4030,0.028534000739455223,0.0005781286163255572
4031,0.07360100001096725,0.0005786922993138433
4032,0.003467000089585781,0.000578934617806226
4033,0.03866700083017349,0.0005794578464701772
4034,0.02346700057387352,0.0005798598285764456
4035,0.04853399842977524,0.0005803286330774426
4036,0.02346700057387352,0.0005809799768030643
4037,0.05360100045800209,0.0005814620526507497
4038,-0.02160000056028366,0.0005818693898618221
4039,0.07360100001096725,0.0005823500687256455
4040,-0.031466998159885406,0.0005825631087645888
4041,0.05866700038313866,0.0005834390758536756
4042,0.008533000014722347,0.0005841021193191409
4043,0.07866799831390381,0.0005847336142323911
4044,0.008533000014722347,0.0005850284360349178
4045,0.028534000739455223,0.0005854732589796185
4046,0.02346700057387352,0.0005856361822225153
4047,0.04853399842977524,0.0005857793730683625
4048,0.008533000014722347,0.0005858927615918219
4049,0.04853399842977524,0.0005863053374923766
4050,-0.02160000056028366,0.0005866851424798369
4051,0.05360100045800209,0.000587314716540277
4052,0.043733999133110046,0.000587640271987766
4053,0.05866700038313866,0.0005880420794710517
4054,0.028534000739455223,0.0005882460973225534
4055,0.06373400241136551,0.0005883588455617428
4056,0.01360000018030405,0.0005884269485250115
4057,0.02346700057387352,0.0005886877770535648
4058,0.003467000089585781,0.0005887787556275725
4059,0.06373400241136551,0.0005888534360565245
4060,0.01360000018030405,0.0005887587321922183
4061,0.043733999133110046,0.0005891283508390188
4062,0.008533000014722347,0.0005890822503715754
4063,0.03359999880194664,0.0005891019245609641
4064,0.008533000014722347,0.0005890956963412464
4065,0.05360100045800209,0.0005893285851925611
4066,-0.0013330000219866633,0.0005895090871490538
4067,0.03866700083017349,0.000589801580645144
4068,0.04853399842977524,0.0005901714321225882
4069,0.05360100045800209,0.0005904245190322399
4070,0.01360000018030405,0.0005905969301238656
4071,0.03359999880194664,0.0005909411702305079
4072,0.003467000089585781,0.0005911918706260622
4073,0.04853399842977524,0.0005915681831538677
4074,0.01866699941456318,0.000591782561969012
4075,0.05360100045800209,0.0005924079450778663
4076,-0.0013330000219866633,0.0005928844911977649
4077,0.05360100045800209,0.0005936695961281657
4078,0.01360000018030405,0.00059427076485008
4079,0.05360100045800209,0.0005950325285084546
4080,0.02346700057387352,0.0005957435350865126
4081,0.043733999133110046,0.0005965557065792382
4082,-0.011466999538242817,0.0005971311475150287
4083,0.05360100045800209,0.0005978395929560065
4084,0.003467000089585781,0.0005984617164358497
4085,0.028534000739455223,0.0005992419319227338
4086,0.008533000014722347,0.0005999088753014803
4087,0.04853399842977524,0.0006005836185067892
4088,0.008533000014722347,0.0006010124925523996
4089,0.01360000018030405,0.0006016173865646124
4090,-0.02160000056028366,0.0006019320571795106
4091,0.04853399842977524,0.0006021581357344985
4092,-0.02160000056028366,0.0006022881716489792
4093,0.04853399842977524,0.0006026732735335827
4094,-0.0013330000219866633,0.0006030393997207284
4095,0.06373400241136551,0.000603531370870769
4096,-0.011466999538242817,0.0006038135616108775
4097,0.043733999133110046,0.0006041594897396863
4098,0.008533000014722347,0.0006045463960617781
4099,0.04853399842977524,0.0006051814998500049
4100,0.02346700057387352,0.0006057205027900636
4101,0.04853399842977524,0.0006062641623429954
4102,0.02346700057387352,0.0006068667862564325
4103,0.01360000018030405,0.000607514928560704
4104,0.043733999133110046,0.0006080411258153617
4105,0.04853399842977524,0.0006088758236728609
4106,0.008533000014722347,0.0006092715775594115
4107,0.05866700038313866,0.000609861861448735
4108,-0.0013330000219866633,0.0006103721680119634
4109,0.04853399842977524,0.0006111627444624901
4110,0.003467000089585781,0.0006116100703366101
4111,0.05360100045800209,0.0006124164210632443
4112,-0.011466999538242817,0.0006129881367087364
4113,0.01866699941456318,0.0006134307477623224
4114,-0.011466999538242817,0.0006138625903986394
4115,0.05866700038313866,0.0006145422230474651
4116,0.03359999880194664,0.0006152784917503595
4117,0.07866799831390381,0.000616134493611753
4118,0.01866699941456318,0.000616464065387845
4119,0.04853399842977524,0.0006167350802570581
4120,0.008533000014722347,0.0006167730898596346
4121,0.04853399842977524,0.0006174720474518836
4122,0.008533000014722347,0.0006179160554893315
4123,0.04853399842977524,0.0006185575039125979
4124,0.01360000018030405,0.0006189851555973291
4125,0.05360100045800209,0.0006196392350830138
4126,0.01360000018030405,0.0006201541982591152
4127,0.06373400241136551,0.0006207500700838864
4128,0.02346700057387352,0.0006211158470250666
4129,0.04853399842977524,0.0006215603207238019
4130,0.02346700057387352,0.0006219507777132094
4131,0.05360100045800209,0.0006225898396223783
4132,0.028534000739455223,0.0006229935679584742
4133,0.05360100045800209,0.0006234480533748865
4134,0.01360000018030405,0.0006238527130335569
4135,0.04853399842977524,0.0006244868854992092
4136,-0.0013330000219866633,0.0006249877042137086
4137,0.07866799831390381,0.0006257921922951937
4138,0.01360000018030405,0.0006263884715735912
4139,0.02346700057387352,0.0006272589089348912
4140,0.01360000018030405,0.0006281720707193017
4141,0.07866799831390381,0.0006290661403909326
4142,0.03359999880194664,0.0006297995569184422
4143,0.03866700083017349,0.0006305895512923598
4144,0.03866700083017349,0.0006310971220955253
4145,0.05360100045800209,0.0006316526560112834
4146,0.03866700083017349,0.0006322653498500586
4147,0.03866700083017349,0.0006327539449557662
4148,0.03866700083017349,0.000633231014944613
4149,0.04853399842977524,0.0006335667567327619
4150,0.01866699941456318,0.0006339449319057167
4151,0.04853399842977524,0.0006343934219330549
4152,0.003467000089585781,0.0006350008770823479
4153,0.07866799831390381,0.0006356228841468692
4154,0.003467000089585781,0.0006359603139571846
4155,0.08373399823904037,0.0006363305728882551
4156,0.02346700057387352,0.0006364191067405045
4157,0.05360100045800209,0.0006366438465192914
4158,-0.0013330000219866633,0.0006367453024722636
4159,0.07866799831390381,0.0006370806368067861
4160,0.01866699941456318,0.0006371893687173724
4161,0.04853399842977524,0.0006374029908329248
4162,0.008533000014722347,0.0006376330275088549
4163,0.04853399842977524,0.0006380250561051071
4164,0.02346700057387352,0.0006383481668308377
4165,0.03866700083017349,0.0006386573077179492
4166,0.008533000014722347,0.0006390183698385954
4167,0.04853399842977524,0.0006393907242454588
4168,0.03359999880194664,0.000639658304862678
4169,0.06373400241136551,0.0006400497513823211
4170,-0.006399999838322401,0.0006403798470273614
4171,0.04853399842977524,0.0006410180358216166
4172,-0.011466999538242817,0.0006416600663214922
4173,0.07360100001096725,0.0006423246813938022
4174,0.03866700083017349,0.0006429328350350261
4175,0.08880099654197693,0.0006436962867155671
4176,0.008533000014722347,0.000644078420009464
4177,0.06373400241136551,0.0006445596809498966
4178,0.01360000018030405,0.0006450708024203777
4179,0.06373400241136551,0.000645519932731986
4180,0.008533000014722347,0.0006460712756961584
4181,0.06373400241136551,0.0006466470076702535
4182,0.02346700057387352,0.0006471564411185682
4183,0.05866700038313866,0.0006476647686213255
4184,0.03866700083017349,0.0006481462623924017
4185,0.06373400241136551,0.0006487869541160762
4186,-0.0013330000219866633,0.0006491868407465518
4187,0.03866700083017349,0.000649870140478015
4188,0.03866700083017349,0.0006505957571789622
4189,0.05866700038313866,0.0006512913969345391
4190,0.028534000739455223,0.0006518024019896984
4191,0.08880099654197693,0.0006522660260088742
4192,0.028534000739455223,0.000652659684419632
4193,0.05866700038313866,0.0006530971731990576
4194,0.01866699941456318,0.0006534713902510703
4195,0.043733999133110046,0.0006537613226100802
4196,0.028534000739455223,0.000654224248137325
4197,0.05360100045800209,0.0006545388023369014
4198,-0.0013330000219866633,0.0006548971286974847
4199,0.04853399842977524,0.0006551419501192868
4200,0.003467000089585781,0.0006553995772264898
4201,0.03359999880194664,0.0006555162835866213
4202,0.02346700057387352,0.0006556534208357334
4203,0.03359999880194664,0.0006556413136422634
4204,-0.0013330000219866633,0.0006556279258802533
4205,0.05866700038313866,0.0006556321168318391
4206,-0.0013330000219866633,0.0006555813597515225
4207,0.03359999880194664,0.0006554108113050461
4208,0.03359999880194664,0.0006555757718160748
4209,0.04853399842977524,0.0006558077875524759
4210,0.03359999880194664,0.0006560057518072426
4211,0.05866700038313866,0.0006562248454429209
4212,0.008533000014722347,0.0006564115174114704
4213,0.04853399842977524,0.0006565703079104424
4214,0.01866699941456318,0.0006569026736542583
4215,0.03359999880194664,0.0006570613477379084
4216,0.003467000089585781,0.0006571649573743343
4217,0.05360100045800209,0.0006573310820385814
4218,0.01866699941456318,0.0006575857987627387
4219,0.05360100045800209,0.0006577561143785715
4220,0.008533000014722347,0.000658128410577774
4221,0.0685340017080307,0.0006585314404219389
4222,0.008533000014722347,0.0006587962852790952
4223,0.07866799831390381,0.0006589387776330113
4224,-0.0013330000219866633,0.0006588477408513427
4225,0.028534000739455223,0.0006587636889889836
4226,-0.011466999538242817,0.0006588749820366502
4227,0.05360100045800209,0.0006588164251297712
4228,0.028534000739455223,0.0006590352859348059
4229,0.043733999133110046,0.0006592212012037635
4230,-0.011466999538242817,0.0006594225997105241
4231,0.07360100001096725,0.0006595522863790393
4232,-0.02160000056028366,0.0006598361069336534
4233,0.03359999880194664,0.0006598657928407192
4234,0.02346700057387352,0.0006597373867407441
4235,0.08373399823904037,0.0006598776672035456
4236,0.003467000089585781,0.0006599854095838964
4237,0.02346700057387352,0.000659788609482348
4238,0.01360000018030405,0.0006598391337320209
4239,0.04853399842977524,0.0006598201580345631
4240,0.003467000089585781,0.0006598288891837001
4241,0.05866700038313866,0.0006599326152354479
4242,0.01360000018030405,0.0006601309287361801
4243,0.03359999880194664,0.0006601864006370306
4244,-0.0013330000219866633,0.0006603626534342766
4245,0.05360100045800209,0.0006604902446269989
4246,0.01360000018030405,0.0006605688249692321
4247,0.05360100045800209,0.0006605550297535956
4248,-0.011466999538242817,0.0006607748218812048
4249,0.01360000018030405,0.0006610839627683163
4250,-0.0013330000219866633,0.000661233440041542
4251,0.01360000018030405,0.0006613157456740737
4252,-0.016534000635147095,0.0006614072481170297
4253,0.043733999133110046,0.0006615467136725783
4254,-0.016534000635147095,0.000661792466416955
4255,0.043733999133110046,0.0006617838516831398
4256,0.01866699941456318,0.0006620559142902493
4257,0.028534000739455223,0.0006621239008381963
4258,-0.0013330000219866633,0.0006624007364735007
4259,0.04853399842977524,0.0006626489921472967
4260,0.01360000018030405,0.0006629670970141888
4261,0.03359999880194664,0.0006633162265643477
4262,-0.03653400018811226,0.0006637498736381531
4263,0.028534000739455223,0.0006638569757342339
4264,-0.0013330000219866633,0.0006642448715865612
4265,0.043733999133110046,0.0006641532527282834
4266,0.028534000739455223,0.00066434929613024
4267,0.05360100045800209,0.0006645247340202332
4268,0.043733999133110046,0.0006646499969065189
4269,0.03866700083017349,0.0006649961578659713
4270,0.01866699941456318,0.0006653339951299131
4271,0.05360100045800209,0.0006655014003627002
4272,0.02346700057387352,0.0006656424375250936
4273,0.04853399842977524,0.000665765255689621
4274,0.028534000739455223,0.000666119740344584
4275,0.05360100045800209,0.0006663133972324431
4276,-0.011466999538242817,0.0006665093824267387
4277,0.04853399842977524,0.0006666170665994287
4278,0.05360100045800209,0.0006668975111097097
4279,0.04853399842977524,0.0006670539150945842
4280,0.01360000018030405,0.0006673369789496064
4281,0.07866799831390381,0.0006677050841972232
4282,0.01866699941456318,0.0006678483914583921
4283,0.06373400241136551,0.0006679240614175797
4284,0.008533000014722347,0.0006681326194666326
4285,0.03866700083017349,0.0006685067201033235
4286,-0.02160000056028366,0.0006689999136142433
4287,0.03866700083017349,0.0006690665031783283
4288,-0.0013330000219866633,0.000669343862682581
4289,0.028534000739455223,0.000669548287987709
4290,0.008533000014722347,0.000669659289997071
4291,0.07360100001096725,0.0006696234340779483
4292,0.043733999133110046,0.0006696669734083116
4293,0.043733999133110046,0.000669781700707972
4294,-0.016534000635147095,0.0006702050450257957
4295,0.028534000739455223,0.0006706912536174059
4296,-0.05146700143814087,0.0006714321207255125
4297,0.05360100045800209,0.000671505113132298
4298,-0.0013330000219866633,0.0006721940007992089
4299,0.01360000018030405,0.0006727613508701324
4300,0.003467000089585781,0.0006738324882462621
4301,0.043733999133110046,0.0006746900617145002
4302,0.01866699941456318,0.0006756488000974059
4303,0.03866700083017349,0.0006766333244740963
4304,0.028534000739455223,0.0006776808295398951
4305,0.06373400241136551,0.0006783689605072141
4306,-0.011466999538242817,0.0006791729247197509
4307,0.06373400241136551,0.0006797444075345993
4308,0.03359999880194664,0.0006808881880715489
4309,0.028534000739455223,0.0006820920389145613
4310,0.01360000018030405,0.0006834118394181132
4311,0.05360100045800209,0.000684398110024631
4312,0.008533000014722347,0.0006853070808574557
4313,0.07360100001096725,0.0006860808352939785
4314,0.02346700057387352,0.00068735855165869
4315,0.04853399842977524,0.0006886558840051293
4316,-0.02160000056028366,0.0006898889550939202
4317,0.05360100045800209,0.0006908898940309882
4318,0.02346700057387352,0.0006920408923178911
4319,0.05360100045800209,0.0006930289091542363
4320,0.01360000018030405,0.0006938083679415286
4321,0.02346700057387352,0.0006946458015590906
4322,0.028534000739455223,0.0006953601259738207
4323,0.01866699941456318,0.0006961459876038134
4324,-0.0013330000219866633,0.00069698307197541
4325,0.05360100045800209,0.0006977571756578982
4326,0.02346700057387352,0.0006988364038988948
4327,0.02346700057387352,0.0006998450262472034
4328,0.01360000018030405,0.0007008223328739405
4329,0.06373400241136551,0.0007015406154096127
4330,0.02346700057387352,0.0007024569204077125
4331,0.07866799831390381,0.000703214667737484
4332,0.01360000018030405,0.0007039638585411012
4333,0.043733999133110046,0.0007046429673209786
4334,0.01360000018030405,0.0007055424503050745
4335,0.043733999133110046,0.000706234248355031
4336,-0.006399999838322401,0.0007069429266266525
4337,0.06373400241136551,0.0007076372276060283
4338,0.008533000014722347,0.0007084840908646584
4339,0.06373400241136551,0.0007096349727362394
4340,0.01360000018030405,0.000710782827809453
4341,0.07866799831390381,0.0007116697961464524
4342,0.043733999133110046,0.0007129514124244452
4343,0.03359999880194664,0.0007139461813494563
4344,-0.011466999538242817,0.0007148809963837266
4345,0.05360100045800209,0.0007155488710850477
4346,-0.0013330000219866633,0.0007164414273574948
4347,0.06373400241136551,0.0007174246711656451
4348,-0.006399999838322401,0.0007185303838923573
4349,0.03866700083017349,0.0007194520439952612
4350,0.03359999880194664,0.0007204083376564085
4351,0.05866700038313866,0.000721175572834909
4352,-0.0013330000219866633,0.0007222717395052314
4353,0.02346700057387352,0.0007235074881464243
4354,-0.016534000635147095,0.0007243159925565124
4355,0.03866700083017349,0.0007249920163303614
4356,0.02346700057387352,0.0007255477830767632
4357,0.043733999133110046,0.000726199708878994
4358,-0.016534000635147095,0.0007268524495884776
4359,0.03866700083017349,0.0007275431416928768
4360,-0.0013330000219866633,0.0007282170699909329
4361,0.043733999133110046,0.0007285321480594575
4362,0.008533000014722347,0.0007290386129170656
4363,0.06373400241136551,0.0007297873380593956
4364,0.028534000739455223,0.0007305454346351326
4365,0.02346700057387352,0.0007311607478186488
4366,0.02346700057387352,0.0007319210562855005
4367,0.05866700038313866,0.0007324257749132812
4368,0.01866699941456318,0.000733009772375226
4369,0.06373400241136551,0.0007338584400713444
4370,0.003467000089585781,0.0007350398227572441
4371,0.028534000739455223,0.0007355320267379284
4372,-0.016534000635147095,0.0007361937314271927
4373,0.06373400241136551,0.0007368056103587151
4374,-0.006399999838322401,0.0007375740678980947
4375,0.03866700083017349,0.0007383108604699373
4376,-0.0013330000219866633,0.0007390901446342468
4377,0.028534000739455223,0.0007393273990601301
4378,0.008533000014722347,0.0007396755972877145
4379,0.03866700083017349,0.0007399237947538495
4380,0.02346700057387352,0.0007403978379443288
4381,0.04853399842977524,0.000740687595680356
4382,-0.0013330000219866633,0.0007410986581817269
4383,0.04853399842977524,0.0007415515137836337
4384,0.01866699941456318,0.0007423035567626357
4385,0.04853399842977524,0.000743095763027668
4386,-0.02160000056028366,0.0007438234169967473
4387,0.05360100045800209,0.000744385295547545
4388,0.028534000739455223,0.0007450948469340801
4389,0.043733999133110046,0.0007459694752469659
4390,0.003467000089585781,0.0007468437543138862
4391,0.043733999133110046,0.0007474848534911871
4392,-0.011466999538242817,0.0007483349181711674
4393,0.008533000014722347,0.000748968799598515
4394,-0.0013330000219866633,0.0007496736361645162
4395,0.04853399842977524,0.0007503349334001541
4396,-0.011466999538242817,0.0007509606657549739
4397,0.01360000018030405,0.0007514725439250469
4398,-0.02160000056028366,0.0007517740014009178
4399,0.03866700083017349,0.0007524312823079526
4400,-0.011466999538242817,0.0007527797715738416
4401,0.03866700083017349,0.0007531634764745831
4402,0.02346700057387352,0.0007535690674558282
4403,0.043733999133110046,0.0007539258804172277
4404,-0.0013330000219866633,0.0007542305393144488
4405,0.02346700057387352,0.000754743698053062
4406,0.03359999880194664,0.0007551881135441363
4407,0.03866700083017349,0.0007554710609838367
4408,-0.006399999838322401,0.0007556820055469871
4409,0.02346700057387352,0.0007557297358289361
4410,0.01360000018030405,0.0007559302030131221
4411,0.05360100045800209,0.0007561449892818928
4412,-0.006399999838322401,0.0007563511608168483
4413,0.04853399842977524,0.0007563533145003021
4414,0.008533000014722347,0.0007564524421468377
4415,0.0685340017080307,0.00075673742685467
4416,-0.011466999538242817,0.0007571222959086299
4417,0.03866700083017349,0.0007573118200525641
4418,0.01866699941456318,0.0007576599018648267
4419,0.043733999133110046,0.0007579061784781516
4420,-0.0013330000219866633,0.0007582230609841645
4421,0.03359999880194664,0.0007586972787976265
4422,0.03866700083017349,0.0007590914028696716
4423,0.03866700083017349,0.0007596085197292268
4424,-0.006399999838322401,0.0007601698744110763
4425,0.028534000739455223,0.0007605426362715662
4426,0.02346700057387352,0.0007606972940266132
4427,0.03359999880194664,0.0007608181331306696
4428,0.003467000089585781,0.0007609048625454307
4429,0.05360100045800209,0.0007607724983245134
4430,-0.0013330000219866633,0.0007606050930917263
4431,0.043733999133110046,0.0007604259299114347
4432,0.003467000089585781,0.0007605118444189429
4433,0.03866700083017349,0.0007607495645061135
4434,0.003467000089585781,0.000761119881644845
4435,0.03359999880194664,0.0007612778572365642
4436,0.01360000018030405,0.0007615052745677531
4437,0.04853399842977524,0.0007617814117111266
4438,0.003467000089585781,0.0007621822878718376
4439,0.05360100045800209,0.0007623882265761495
4440,0.02346700057387352,0.000762683863285929
4441,0.03866700083017349,0.0007627159939147532
4442,0.008533000014722347,0.0007630510372109711
4443,0.02346700057387352,0.0007631418411619961
4444,0.003467000089585781,0.0007631739717908204
4445,0.05360100045800209,0.0007632022607140243
4446,-0.0013330000219866633,0.0007633931236341596
4447,0.04853399842977524,0.0007637644885107875
4448,0.02346700057387352,0.0007640832336619496
4449,0.04853399842977524,0.0007642892887815833
4450,0.02346700057387352,0.0007644643192179501
4451,0.028534000739455223,0.0007648492464795709
4452,0.003467000089585781,0.000764995813369751
4453,0.06373400241136551,0.0007652573985978961
4454,0.01360000018030405,0.0007651124615222216
4455,0.02346700057387352,0.0007651838241145015
4456,0.003467000089585781,0.0007649253238923848
4457,0.01360000018030405,0.0007648642058484256
4458,0.02346700057387352,0.0007646552403457463
4459,0.02346700057387352,0.0007646004087291658
4460,-0.0013330000219866633,0.0007644030847586691
4461,0.05866700038313866,0.0007643270073458552
4462,0.008533000014722347,0.000764518859796226
4463,0.008533000014722347,0.0007645841687917709
4464,0.008533000014722347,0.0007643154822289944
4465,0.04853399842977524,0.0007639776449650526
4466,0.003467000089585781,0.0007635882357135415
4467,0.05866700038313866,0.0007632631459273398
4468,0.008533000014722347,0.0007630860200151801
4469,0.03359999880194664,0.0007629662868566811
4470,0.003467000089585781,0.0007627045852132142
4471,0.028534000739455223,0.0007625232101418078
4472,-0.006399999838322401,0.0007622995181009173
4473,0.03866700083017349,0.000762202893383801
4474,0.003467000089585781,0.0007618947420269251
4475,0.028534000739455223,0.000761728675570339
4476,0.03359999880194664,0.0007614162750542164
4477,0.028534000739455223,0.000760955736041069
4478,-0.02160000056028366,0.000760622147936374
4479,0.05360100045800209,0.0007603769190609455
4480,-0.011466999538242817,0.0007605563150718808
4481,0.08373399823904037,0.0007606967119500041
4482,0.01360000018030405,0.0007604840793646872
4483,0.06373400241136551,0.0007603336125612259
4484,-0.006399999838322401,0.0007601017714478076
4485,0.028534000739455223,0.0007597625954076648
4486,0.01866699941456318,0.0007594118942506611
4487,0.07360100001096725,0.0007592191104777157
4488,-0.03653400018811226,0.0007590611930936575
4489,0.03866700083017349,0.0007590114837512374
4490,0.008533000014722347,0.0007587808649986982
4491,0.05360100045800209,0.0007588927401229739
4492,0.01360000018030405,0.0007588826701976359
4493,0.05360100045800209,0.0007591763278469443
4494,0.01866699941456318,0.0007594877970404923
4495,0.03359999880194664,0.0007598440861329436
4496,-0.011466999538242817,0.0007605024729855359
4497,0.03359999880194664,0.0007610735483467579
4498,-0.016534000635147095,0.0007613902562297881
4499,0.003467000089585781,0.000761820119805634
4500,-0.026399999856948853,0.000762206269428134
4501,0.028534000739455223,0.0007625900907441974
4502,0.03359999880194664,0.0007632052293047309
4503,0.03866700083017349,0.0007637305534444749
4504,-0.0013330000219866633,0.0007640689145773649
4505,0.05866700038313866,0.0007642725831829011
4506,0.02346700057387352,0.0007642803248018026
4507,0.04853399842977524,0.0007643562857992947
4508,0.008533000014722347,0.0007644247962161899
4509,0.003467000089585781,0.0007644096622243524
4510,0.003467000089585781,0.0007645618752576411
4511,0.02346700057387352,0.0007647625170648098
4512,0.01360000018030405,0.0007648256723769009
4513,0.05866700038313866,0.0007648164755664766
4514,0.01360000018030405,0.000764744239859283
4515,0.043733999133110046,0.0007647285819984972
4516,0.01360000018030405,0.0007646884769201279
4517,0.04853399842977524,0.000764610362239182
4518,0.04853399842977524,0.0007644356810487807
4519,0.05360100045800209,0.0007643323042429984
4520,-0.0013330000219866633,0.0007641478441655636
4521,0.04853399842977524,0.0007642093114554882
4522,0.02346700057387352,0.0007642021519131958
4523,0.03359999880194664,0.0007642158889211714
4524,-0.016534000635147095,0.0007642779964953661
4525,0.043733999133110046,0.0007645286386832595
4526,0.01866699941456318,0.0007646767189726233
4527,0.01360000018030405,0.0007650275365449488
4528,-0.006399999838322401,0.0007656915113329887
4529,0.05360100045800209,0.0007663558935746551
4530,-0.006399999838322401,0.0007666692836210132
4531,0.06373400241136551,0.0007671982748433948
4532,0.01360000018030405,0.000767718767747283
4533,0.03359999880194664,0.0007680304115638137
4534,-0.0013330000219866633,0.0007683243602514267
4535,0.02346700057387352,0.0007689888589084148
4536,0.01360000018030405,0.0007692915969528258
4537,0.05360100045800209,0.0007698830449953675
4538,-0.026399999856948853,0.0007707120385020971
4539,0.0685340017080307,0.0007715474930591881
4540,0.028534000739455223,0.000771738647017628
4541,0.07866799831390381,0.0007719649001955986
4542,-0.0013330000219866633,0.0007719697896391153
4543,0.05866700038313866,0.0007724013412371278
4544,0.03866700083017349,0.0007726402254775167
4545,0.01360000018030405,0.0007729139178991318
4546,0.03359999880194664,0.0007733283564448357
4547,0.03866700083017349,0.0007736914558336139
4548,-0.006399999838322401,0.0007737279520370066
4549,0.04853399842977524,0.0007738795829936862
4550,0.01360000018030405,0.0007738332496955991
4551,0.05866700038313866,0.0007737852283753455
4552,0.003467000089585781,0.0007735756225883961
4553,0.003467000089585781,0.0007735996041446924
4554,0.01360000018030405,0.0007732498925179243
4555,0.043733999133110046,0.0007730796933174133
4556,0.028534000739455223,0.0007727287011221051
4557,0.05360100045800209,0.0007723740418441594
4558,0.02346700057387352,0.0007720175199210644
4559,0.05360100045800209,0.0007717704866081476
4560,-0.006399999838322401,0.0007713438244536519
4561,0.09866800159215927,0.0007710957434028387
4562,0.003467000089585781,0.0007707100594416261
4563,0.06373400241136551,0.0007704436429776251
4564,0.008533000014722347,0.0007697446271777153
4565,0.03866700083017349,0.0007688596379011869
4566,0.008533000014722347,0.0007680266862735152
4567,0.06373400241136551,0.0007675759843550622
4568,0.01360000018030405,0.000767064280807972
4569,0.07866799831390381,0.0007666196906939149
4570,0.003467000089585781,0.0007656522793695331
4571,0.06373400241136551,0.0007646899903193116
4572,0.03359999880194664,0.0007640101248398423
4573,0.043733999133110046,0.0007630839827470481
4574,0.01360000018030405,0.0007621779222972691
4575,0.0685340017080307,0.0007614133646711707
4576,0.01866699941456318,0.0007608294836245477
4577,0.01360000018030405,0.0007601309334859252
4578,0.01866699941456318,0.0007595663191750646
4579,0.04853399842977524,0.0007587055442854762
4580,-0.016534000635147095,0.0007577439537271857
4581,0.02346700057387352,0.0007569510489702225
4582,0.003467000089585781,0.0007560965605080128
4583,0.028534000739455223,0.0007551374728791416
4584,0.01360000018030405,0.0007542149978689849
4585,0.03866700083017349,0.0007534573087468743
4586,0.003467000089585781,0.0007524978136643767
4587,0.043733999133110046,0.0007515930919907987
4588,0.04853399842977524,0.0007508071139454842
4589,0.05360100045800209,0.0007499190978705883
4590,0.01360000018030405,0.0007487097755074501
4591,0.03866700083017349,0.0007475732127204537
4592,-0.016534000635147095,0.0007465418893843889
4593,0.04853399842977524,0.000745255674701184
4594,-0.02160000056028366,0.0007440578192472458
4595,0.06373400241136551,0.0007427490781992674
4596,0.01360000018030405,0.0007415154250338674
4597,0.03359999880194664,0.0007403729250654578
4598,-0.0013330000219866633,0.0007389858365058899
4599,0.04853399842977524,0.0007379812886938453
4600,0.01866699941456318,0.0007371622486971319
4601,0.05360100045800209,0.0007365230703726411
4602,-0.02160000056028366,0.000736128946300596
4603,0.028534000739455223,0.0007354526314884424
4604,-0.0013330000219866633,0.0007344746845774353
4605,0.07866799831390381,0.0007338011637330055
4606,0.01360000018030405,0.0007333650137297809
4607,0.07360100001096725,0.0007333895773626864
4608,-0.006399999838322401,0.0007331645465455949
4609,0.05360100045800209,0.0007327930070459843
4610,-0.0013330000219866633,0.0007327129715122283
4611,0.05360100045800209,0.0007326368940994143
4612,-0.011466999538242817,0.0007328162901103497
4613,0.06373400241136551,0.0007329812506213784
4614,-0.0013330000219866633,0.0007329119252972305
4615,0.08373399823904037,0.000733096559997648
4616,0.03866700083017349,0.0007329570944420993
4617,0.07360100001096725,0.0007331406231969595
4618,-0.011466999538242817,0.0007331312517635524
4619,0.07360100001096725,0.0007326221675612032
4620,-0.0013330000219866633,0.0007321316516026855
4621,0.01866699941456318,0.0007315226830542088
4622,-0.0013330000219866633,0.0007310326909646392
4623,0.03866700083017349,0.0007305099861696362
4624,-0.026399999856948853,0.000730009051039815
4625,0.028534000739455223,0.0007296495605260134
4626,0.03359999880194664,0.0007290738867595792
4627,0.03359999880194664,0.0007290776120498776
4628,-0.006399999838322401,0.0007289253990165889
4629,0.05360100045800209,0.0007287600892595947
4630,0.01360000018030405,0.000728401995729655
4631,0.07866799831390381,0.0007280743448063731
4632,0.05866700038313866,0.0007278828416019678
4633,0.043733999133110046,0.0007279242854565382
4634,-0.0013330000219866633,0.0007277063559740782
4635,0.04853399842977524,0.0007277241675183177
4636,0.03359999880194664,0.0007274787640199065
4637,0.04853399842977524,0.0007274310337379575
4638,-0.011466999538242817,0.0007271633949130774
4639,0.07866799831390381,0.0007271231734193861
4640,0.008533000014722347,0.0007264473242685199
4641,0.06373400241136551,0.0007256881799548864
4642,0.01360000018030405,0.0007248326437547803
4643,0.028534000739455223,0.0007241940475068986
4644,0.028534000739455223,0.0007235367665998638
4645,0.043733999133110046,0.0007225891458801925
4646,0.02346700057387352,0.0007216478697955608
4647,0.05866700038313866,0.0007209250470623374
4648,0.003467000089585781,0.0007201908156275749
4649,0.01866699941456318,0.0007194044883362949
4650,-0.0013330000219866633,0.0007184750284068286
4651,0.05866700038313866,0.0007175681530497968
4652,-0.016534000635147095,0.0007166139548644423
4653,0.04853399842977524,0.0007158559747040272
4654,-0.016534000635147095,0.0007151789031922817
4655,0.07360100001096725,0.000714117253664881
4656,-0.011466999538242817,0.0007133181788958609
4657,0.0685340017080307,0.000712570094037801
4658,0.02346700057387352,0.0007119214860722423
4659,0.043733999133110046,0.0007113607134670019
4660,0.003467000089585781,0.0007107267156243324
4661,0.03359999880194664,0.000709964195266366
4662,0.02346700057387352,0.0007090285653248429
4663,0.04853399842977524,0.0007082915399223566
4664,0.01360000018030405,0.00070764753036201
4665,0.03866700083017349,0.0007071025902405381
4666,0.003467000089585781,0.000706482445821166
4667,0.05360100045800209,0.0007057132897898555
4668,0.01360000018030405,0.0007051085704006255
4669,0.043733999133110046,0.0007046202663332224
4670,-0.0013330000219866633,0.0007040510536171496
4671,0.04853399842977524,0.0007033112924546003
4672,0.03359999880194664,0.000702501623891294
4673,0.02346700057387352,0.0007018378819338977
4674,0.03866700083017349,0.0007009879918769002
4675,0.043733999133110046,0.0007002378115430474
4676,-0.016534000635147095,0.0006994509603828192
4677,0.05360100045800209,0.0006985337240621448
4678,0.003467000089585781,0.0006976488512009382
4679,0.05360100045800209,0.0006967883091419935
4680,0.01866699941456318,0.0006960104219615459
4681,0.06373400241136551,0.0006953193224035203
4682,-0.006399999838322401,0.0006947671063244343
4683,0.04853399842977524,0.0006939658778719604
4684,0.003467000089585781,0.00069325981894508
4685,0.05360100045800209,0.0006925673806108534
4686,0.01360000018030405,0.0006919981678947806
4687,0.028534000739455223,0.0006914751138538122
4688,0.003467000089585781,0.0006909235962666571
4689,0.028534000739455223,0.0006900760345160961
4690,0.003467000089585781,0.000689300533849746
4691,0.03866700083017349,0.0006885386537760496
4692,-0.026399999856948853,0.0006877260748296976
4693,0.028534000739455223,0.0006868605269119143
4694,0.003467000089585781,0.0006860926514491439
4695,0.01360000018030405,0.0006852990482002497
4696,-0.011466999538242817,0.0006843713927082717
4697,0.043733999133110046,0.0006835850654169917
4698,0.01866699941456318,0.0006828121258877218
4699,0.04853399842977524,0.000682022247929126
4700,0.028534000739455223,0.0006813522195443511
4701,0.04853399842977524,0.0006805435987189412
4702,0.02346700057387352,0.0006796916713938117
4703,0.03866700083017349,0.0006786197191104293
4704,0.01360000018030405,0.0006776972441002727
4705,0.07360100001096725,0.0006769509636797011
4706,-0.02160000056028366,0.0006762098055332899
4707,0.07360100001096725,0.0006751564797013998
4708,0.01360000018030405,0.0006743246922269464
4709,0.05360100045800209,0.000673411414027214
4710,0.01866699941456318,0.0006728176958858967
4711,0.06373400241136551,0.0006722487742081285
4712,0.02346700057387352,0.0006718924269080162
4713,0.07866799831390381,0.0006714373594149947
4714,0.028534000739455223,0.0006712087197229266
4715,0.06373400241136551,0.000670885550789535
4716,-0.011466999538242817,0.000670710694976151
4717,0.03866700083017349,0.0006702437531203032
4718,0.01866699941456318,0.0006696277996525168
4719,0.0685340017080307,0.0006691486923955381
4720,0.01866699941456318,0.00066879898076877
4721,0.06373400241136551,0.0006687260465696454
4722,0.03866700083017349,0.0006685911794193089
4723,0.04853399842977524,0.0006684905965812504
4724,0.03866700083017349,0.0006683394894935191
4725,0.0685340017080307,0.0006681540980935097
4726,0.02346700057387352,0.000667979009449482
4727,0.03359999880194664,0.0006676382618024945
4728,-0.0013330000219866633,0.0006672442541457713
4729,0.05360100045800209,0.0006666851695626974
4730,-0.0013330000219866633,0.0006662678206339478
4731,0.028534000739455223,0.000665755826048553
4732,0.03359999880194664,0.0006652658921666443
4733,0.03866700083017349,0.0006647852715104818
4734,0.01866699941456318,0.0006643092492595315
4735,0.01360000018030405,0.0006636717589572072
4736,-0.02160000056028366,0.0006628779228776693
4737,0.03866700083017349,0.0006621797801926732
4738,0.008533000014722347,0.0006616143509745598
4739,0.05866700038313866,0.000661030295304954
4740,0.008533000014722347,0.0006605005473829806
4741,0.07360100001096725,0.0006602163193747401
4742,0.003467000089585781,0.0006600030465051532
4743,0.06373400241136551,0.0006597621832042933
4744,0.003467000089585781,0.0006598058389499784
4745,0.07866799831390381,0.0007372277323156595
4746,-0.031466998159885406,0.0008191931410692632
4747,0.02346700057387352,0.0008561710128560662
4748,-0.0013330000219866633,0.0008812686428427696
4749,0.003467000089585781,0.0008969958289526403
4750,-0.016534000635147095,0.0009069937514141202
4751,0.01360000018030405,0.0009157402091659606
4752,-0.011466999538242817,0.0009256668272428215
4753,0.05360100045800209,0.0009329530294053257
4754,-0.0013330000219866633,0.0009417900000698864
4755,0.03866700083017349,0.0009487568167969584
4756,0.01360000018030405,0.0009558023884892464
4757,0.01360000018030405,0.0009624579688534141
4758,0.028534000739455223,0.0009677658090367913
4759,0.03866700083017349,0.0009730156743898988
4760,-0.0013330000219866633,0.0009766810107976198
4761,0.04853399842977524,0.0009791236370801926
4762,0.01360000018030405,0.000980886397883296
4763,0.05360100045800209,0.0009819275001063943
4764,-0.0013330000219866633,0.0009831947972998023
4765,0.04853399842977524,0.000984144862741232
4766,-0.0013330000219866633,0.0009849186753854156
4767,0.05360100045800209,0.0009858538396656513
4768,0.02346700057387352,0.0009874815586954355
4769,0.04853399842977524,0.0009893919341266155
4770,0.008533000014722347,0.000992737477645278
4771,0.04853399842977524,0.0009952718392014503
4772,0.003467000089585781,0.000998758478090167
4773,0.043733999133110046,0.001001022756099701
4774,-0.006399999838322401,0.0010030705016106367
4775,0.06373400241136551,0.0010051126591861248
4776,-0.011466999538242817,0.0010060349013656378
4777,0.08880099654197693,0.0010069032432511449
4778,0.02346700057387352,0.0010071315336972475
4779,0.03359999880194664,0.001007307437248528
4780,-0.0013330000219866633,0.0010075585450977087
4781,0.03866700083017349,0.0010078700724989176
4782,-0.006399999838322401,0.0010083832312375307
4783,0.01866699941456318,0.001008625840768218
4784,-0.026399999856948853,0.0010085856774821877
4785,0.03866700083017349,0.0010076728649437428
4786,-0.011466999538242817,0.0010069115087389946
4787,0.02346700057387352,0.0010064211674034595
4788,0.008533000014722347,0.0010057335020974278
4789,0.03866700083017349,0.0010044437367469072
4790,-0.006399999838322401,0.0010034926235675812
4791,0.07866799831390381,0.0010016171727329493
4792,-0.011466999538242817,0.0010001355549320579
4793,0.05360100045800209,0.000998040777631104
4794,0.028534000739455223,0.000995755079202354
4795,0.05866700038313866,0.0009935097768902779
4796,0.02346700057387352,0.0009917826391756535
4797,0.03359999880194664,0.0009901539888232946
4798,-0.0013330000219866633,0.0009887441992759705
4799,0.03866700083017349,0.0009874680545181036
4800,-0.0013330000219866633,0.000986225320957601
4801,0.043733999133110046,0.000984848476946354
4802,0.01360000018030405,0.000983423087745905
4803,0.0685340017080307,0.0009817444952204823
4804,0.008533000014722347,0.0009806902380660176
4805,0.01360000018030405,0.0009792401688173413
4806,0.01360000018030405,0.000977946212515235
4807,0.05360100045800209,0.0009766173316165805
4808,-0.0013330000219866633,0.0009755597566254437
4809,0.04853399842977524,0.0009747618460096419
4810,0.008533000014722347,0.0009744786657392979
4811,0.05866700038313866,0.0009749446180649102
4812,-0.011466999538242817,0.0009757677325978875
4813,0.04853399842977524,0.0009771750774234533
4814,0.003467000089585781,0.0009798005921766162
4815,0.043733999133110046,0.0009819174883887172
4816,0.01360000018030405,0.0009844700107350945
4817,0.03866700083017349,0.0009865997126325965
4818,0.01866699941456318,0.0009885336039587855
4819,0.05866700038313866,0.0009899901924654841
4820,0.003467000089585781,0.0009919004514813423
4821,0.06373400241136551,0.000994869857095182
4822,-0.016534000635147095,0.0009986796649172902
4823,0.043733999133110046,0.001001977943815291
4824,-0.026399999856948853,0.0010058677289634943
4825,0.04853399842977524,0.0010109717259183526
4826,-0.011466999538242817,0.0010182694531977177
4827,0.03866700083017349,0.0010272786021232605
4828,0.01360000018030405,0.001036359928548336
4829,0.03866700083017349,0.0010440198238939047
4830,0.02346700057387352,0.0010511069558560848
4831,0.03866700083017349,0.00105801853351295
4832,0.01360000018030405,0.0010656361700966954
4833,0.043733999133110046,0.00107260060030967
4834,-0.006399999838322401,0.001078988891094923
4835,0.06373400241136551,0.0010853736894205213
4836,0.003467000089585781,0.0010912958532571793
4837,0.043733999133110046,0.0010964664397761226
4838,-0.0013330000219866633,0.0011014938354492188
4839,0.03359999880194664,0.0011067877057939768
4840,0.01866699941456318,0.0011110587511211634
4841,0.043733999133110046,0.0011145684402436018
4842,-0.02160000056028366,0.0011180680012330413
4843,0.01360000018030405,0.0011217419523745775
4844,-0.02160000056028366,0.0011257557198405266
4845,0.04853399842977524,0.0011294633150100708
4846,-0.016534000635147095,0.0011336177121847868
4847,0.05360100045800209,0.001137627987191081
4848,0.003467000089585781,0.0011413410538807511
4849,0.028534000739455223,0.0011453558690845966
4850,0.02346700057387352,0.0011498495005071163
4851,0.02346700057387352,0.0011550129856914282
4852,0.003467000089585781,0.001160497311502695
4853,0.06373400241136551,0.001165545778349042
4854,-0.03653400018811226,0.0011695032007992268
4855,0.04853399842977524,0.0011730027617886662
4856,0.003467000089585781,0.0011779572814702988
4857,0.043733999133110046,0.0011847682762891054
4858,-0.02160000056028366,0.0011940263211727142
4859,0.07360100001096725,0.001206379965879023
4860,0.003467000089585781,0.0012231594882905483
4861,0.03866700083017349,0.001241816789843142
4862,0.03866700083017349,0.0012634550221264362
4863,0.05360100045800209,0.0012888000346720219
4864,-0.011466999538242817,0.0013186493888497353
4865,0.04853399842977524,0.0013537707272917032
4866,0.028534000739455223,0.0013952088775113225
4867,0.05360100045800209,0.0014434990007430315
4868,0.003467000089585781,0.0014997554244473577
4869,0.0685340017080307,0.0015649073757231236
4870,-0.0013330000219866633,0.0016387414652854204
4871,0.01360000018030405,0.001720618805848062
4872,-0.0013330000219866633,0.0018080355366691947
4873,0.028534000739455223,0.001898175454698503
4874,0.01866699941456318,0.0019907155074179173
4875,0.028534000739455223,0.0020860680378973484
4876,0.003467000089585781,0.002184552839025855
4877,0.03866700083017349,0.0022832974791526794
4878,0.01360000018030405,0.0023776458110660315
4879,0.028534000739455223,0.0024667102843523026
4880,-0.011466999538242817,0.002551371231675148
4881,0.008533000014722347,0.002632103394716978
4882,-0.026399999856948853,0.0027099577710032463
4883,0.03866700083017349,0.002785326447337866
4884,0.003467000089585781,0.002859016414731741
4885,0.043733999133110046,0.00293146725744009
4886,0.003467000089585781,0.003003286197781563
4887,0.028534000739455223,0.003070854814723134
4888,0.003467000089585781,0.003134447382763028
4889,0.08880099654197693,0.003194867167621851
4890,-0.0013330000219866633,0.003252801951020956
4891,0.06373400241136551,0.0033080161083489656
4892,-0.011466999538242817,0.0033598891459405422
4893,0.03866700083017349,0.0034089230466634035
4894,-0.011466999538242817,0.0034557345788925886
4895,0.06373400241136551,0.003500497667118907
4896,0.01866699941456318,0.0035441797226667404
4897,0.0685340017080307,0.0035867211408913136
4898,0.05866700038313866,0.003628608537837863
4899,0.06373400241136551,0.003668721066787839
4900,0.003467000089585781,0.003706674324348569
4901,0.04853399842977524,0.003742809407413006
4902,0.028534000739455223,0.0037770916242152452
4903,0.05360100045800209,0.0038094953633844852
4904,0.01360000018030405,0.0038402897771447897
4905,0.0685340017080307,0.003869851352646947
4906,0.01360000018030405,0.0038983323611319065
4907,0.03866700083017349,0.003925601486116648
4908,0.008533000014722347,0.003951928578317165
4909,0.0685340017080307,0.003977262414991856
4910,0.01866699941456318,0.004002002067863941
4911,0.08880099654197693,0.0040260544046759605
4912,0.03359999880194664,0.004049629904329777
4913,0.07866799831390381,0.00407258328050375
4914,0.01360000018030405,0.004094976000487804
4915,0.03866700083017349,0.0041168807074427605
4916,-0.0013330000219866633,0.004138578195124865
4917,0.08373399823904037,0.004160009790211916
4918,0.02346700057387352,0.004181385971605778
4919,0.05360100045800209,0.004202342592179775
4920,0.01360000018030405,0.004221862182021141
4921,0.02346700057387352,0.004240117967128754
4922,-0.0013330000219866633,0.0042573921382427216
4923,0.03866700083017349,0.004273794591426849
4924,0.008533000014722347,0.004289325326681137
4925,0.06373400241136551,0.004304058384150267
4926,-0.016534000635147095,0.004318238236010075
4927,0.07360100001096725,0.004331829492002726
4928,0.01360000018030405,0.004345025401562452
4929,0.05360100045800209,0.004357845522463322
4930,0.02346700057387352,0.004370505455881357
4931,0.02346700057387352,0.004382987041026354
4932,-0.0013330000219866633,0.004395641852170229
4933,0.04853399842977524,0.004408527165651321
4934,0.03359999880194664,0.0044217826798558235
4935,0.05360100045800209,0.004435325041413307
4936,0.01866699941456318,0.004449499770998955
4937,0.03866700083017349,0.004464331548660994
4938,0.028534000739455223,0.004480077885091305
4939,0.04853399842977524,0.004496939014643431
4940,-0.011466999538242817,0.004514888860285282
4941,0.02346700057387352,0.004533883649855852
4942,0.003467000089585781,0.004553316161036491
4943,0.05866700038313866,0.004572818987071514
4944,0.01866699941456318,0.004592574667185545
4945,0.07360100001096725,0.004612295888364315
4946,0.008533000014722347,0.004631428048014641
4947,0.04853399842977524,0.004650451242923737
4948,-0.011466999538242817,0.004669309128075838
4949,0.028534000739455223,0.004688064567744732
4950,-0.031466998159885406,0.004706903360784054
4951,0.05360100045800209,0.004726001992821693
4952,-0.02160000056028366,0.004745529964566231
4953,0.04853399842977524,0.004764627665281296
4954,-0.026399999856948853,0.004783060401678085
4955,0.04853399842977524,0.00480103213340044
4956,0.01360000018030405,0.004818614572286606
4957,0.07866799831390381,0.004835342988371849
4958,0.02346700057387352,0.004851392470300198
4959,0.05360100045800209,0.004866782575845718
4960,0.02346700057387352,0.004881598055362701
4961,0.04853399842977524,0.004895808175206184
4962,0.008533000014722347,0.004909538198262453
4963,0.01360000018030405,0.004922494757920504
4964,-0.011466999538242817,0.004934671334922314
4965,0.05360100045800209,0.0049461438320577145
4966,0.01866699941456318,0.004957172088325024
4967,0.05866700038313866,0.004967289045453072
4968,0.01360000018030405,0.004976562224328518
4969,0.03866700083017349,0.004984998609870672
4970,0.02346700057387352,0.0049926768988370895
4971,0.028534000739455223,0.004999655298888683
4972,0.01360000018030405,0.005005997605621815
4973,0.03866700083017349,0.005011613015085459
4974,-0.0013330000219866633,0.005016700364649296
4975,0.0685340017080307,0.005021262913942337
4976,-0.026399999856948853,0.005025596357882023
4977,0.03866700083017349,0.005029493942856789
4978,-0.016534000635147095,0.005033103283494711
4979,0.028534000739455223,0.005036032292991877
4980,0.008533000014722347,0.005038607865571976
4981,0.06373400241136551,0.005040840245783329
4982,0.003467000089585781,0.005042925477027893
4983,0.05360100045800209,0.005044994410127401
4984,-0.006399999838322401,0.00504702515900135
4985,0.06373400241136551,0.005048870574682951
4986,-0.0013330000219866633,0.005050482228398323
4987,0.043733999133110046,0.005051860585808754
4988,-0.011466999538242817,0.0050530945882201195
4989,0.05360100045800209,0.005054257810115814
4990,0.01360000018030405,0.005055408924818039
4991,0.03866700083017349,0.005056672729551792
4992,-0.006399999838322401,0.005058128386735916
4993,0.05866700038313866,0.005059582181274891
4994,0.008533000014722347,0.005061217118054628
4995,0.07360100001096725,0.005062646698206663
4996,0.01360000018030405,0.005064004100859165
4997,0.05360100045800209,0.005065238103270531
4998,0.04853399842977524,0.005066371522843838
4999,0.1488019973039627,0.005067282821983099
5000,0.609607994556427,0.005067836493253708
5001,1.150413990020752,0.00499084684997797
5002,1.37575101852417,0.004909584764391184
5003,1.6864210367202759,0.004872883670032024
5004,1.7914890050888062,0.00484815426170826
5005,1.8816239833831787,0.004832702223211527
5006,1.9317569732666016,0.004822907038033009
5007,2.0669589042663574,0.004814271815121174
5008,2.061892032623291,0.004804359283298254
5009,2.167227029800415,0.00479707820340991
5010,2.1021599769592285,0.004788422957062721
5011,2.197093963623047,0.0047815460711717606
5012,2.167227029800415,0.004774664528667927
5013,2.257361888885498,0.004768197424709797
5014,2.2173609733581543,0.004762947093695402
5015,2.2672278881073,0.0047577861696481705
5016,2.207227945327759,0.004754265304654837
5017,2.2824289798736572,0.004751844331622124
5018,2.292294979095459,0.004750383086502552
5019,2.3474960327148438,0.004749597050249577
5020,2.2973620891571045,0.004748658277094364
5021,2.3776299953460693,0.004747994244098663
5022,2.33256196975708,0.004747368395328522
5023,2.382430076599121,0.004746515303850174
5024,2.357362985610962,0.00474501121789217
5025,2.442697048187256,0.004743277095258236
5026,2.427496910095215,0.004740123171359301
5027,2.4826979637145996,0.0047375718131661415
5028,2.477631092071533,0.0047341277822852135
5029,2.5277650356292725,0.00473184185102582
5030,2.477631092071533,0.0047299060970544815
5031,2.5728321075439453,0.004727903753519058
5032,2.537898063659668,0.00472713727504015
5033,2.592832088470459,0.004726284183561802
5034,2.5528318881988525,0.004726109094917774
5035,2.5778989791870117,0.00472603365778923
5036,2.547765016555786,0.00472587114199996
5037,2.628032922744751,0.0047253151424229145
5038,2.5528318881988525,0.004724668338894844
5039,2.5728321075439453,0.004724135622382164
5040,2.5528318881988525,0.004723499063402414
5041,2.592832088470459,0.004723428748548031
5042,2.532831907272339,0.004723258316516876
5043,2.5528318881988525,0.0047228094190359116
5044,2.557898998260498,0.004722642712295055
5045,2.562964916229248,0.00472314702346921
5046,2.5426979064941406,0.004723064135760069
5047,2.5728321075439453,0.004723525606095791
5048,2.547765016555786,0.004724063444882631
5049,2.5528318881988525,0.004724645987153053
5050,2.532831907272339,0.004725295584648848
5051,2.5829660892486572,0.00472602341324091
5052,2.5277650356292725,0.004727078601717949
5053,2.5528318881988525,0.004727713298052549
5054,2.537898063659668,0.004728092812001705
5055,2.5728321075439453,0.0047283414751291275
5056,2.547765016555786,0.004729152657091618
5057,2.5426979064941406,0.004729796200990677
5058,2.507765054702759,0.004730400163680315
5059,2.5728321075439453,0.00473139388486743
5060,2.4626970291137695,0.0047324541956186295
5061,2.562964916229248,0.004734001588076353
5062,2.5277650356292725,0.004735191352665424
5063,2.537898063659668,0.004736579023301601
5064,2.5176310539245605,0.004738029092550278
5065,2.562964916229248,0.004739109426736832
5066,2.522697925567627,0.004739854484796524
5067,2.557898998260498,0.004739829339087009
5068,2.5026979446411133,0.004739303141832352
5069,2.5426979064941406,0.004738076124340296
5070,2.512830972671509,0.004735718481242657
5071,2.547765016555786,0.004733572714030743
5072,2.507765054702759,0.004731536377221346
5073,2.5277650356292725,0.004730469547212124
5074,2.492830991744995,0.004729736130684614
5075,2.5426979064941406,0.004728658124804497
5076,2.492830991744995,0.0047268010675907135
5077,2.537898063659668,0.004723677411675453
5078,2.507765054702759,0.004719572141766548
5079,2.5277650356292725,0.004715656861662865
5080,2.507765054702759,0.004711226560175419
5081,2.532831907272339,0.004705401603132486
5082,2.4826979637145996,0.00469745509326458
5083,2.532831907272339,0.00468774139881134
5084,2.5277650356292725,0.00467786705121398
5085,2.5277650356292725,0.0046694641932845116
5086,2.4826979637145996,0.0046617453917860985
5087,2.547765016555786,0.004654067102819681
5088,2.492830991744995,0.004645748063921928
5089,2.522697925567627,0.004638168029487133
5090,2.492830991744995,0.0046311947517097
5091,2.5277650356292725,0.004624336026608944
5092,2.4826979637145996,0.0046180235221982
5093,2.522697925567627,0.004612350836396217
5094,2.4576311111450195,0.004606769420206547
5095,2.4725639820098877,0.004601010121405125
5096,2.4325640201568604,0.004596339073032141
5097,2.497631072998047,0.0045924196019768715
5098,2.497631072998047,0.004588705953210592
5099,2.5176310539245605,0.004584810696542263
5100,2.477631092071533,0.0045805806294083595
5101,2.497631072998047,0.004576639272272587
5102,2.477631092071533,0.004572411999106407
5103,2.547765016555786,0.004568320699036121
5104,2.507765054702759,0.004564432892948389
5105,2.5426979064941406,0.004560583271086216
5106,2.452564001083374,0.004556569270789623
5107,1.9869580268859863,0.004551688674837351
5108,0.554407000541687,0.004546406678855419
5109,-0.12160199880599976,0.004541462752968073
5110,-0.592540979385376,0.004537452477961779
5111,-1.0232130289077759,0.004533560015261173
5112,-1.2834830284118652,0.004528074525296688
5113,-1.3336169719696045,0.004520507995039225
5114,-1.5792200565338135,0.004510137718170881
5115,-1.7093549966812134,0.00449674017727375
5116,-1.8194890022277832,0.004479175433516502
5117,-1.7845560312271118,0.004459445830434561
5118,-1.889623999595642,0.004436647053807974
5119,-1.8997570276260376,0.004409766755998135
5120,-1.9898920059204102,0.004378410056233406
5121,-1.9946919679641724,0.004341700114309788
5122,-2.0800259113311768,0.004298747982829809
5123,-2.0848259925842285,0.0042488533072173595
5124,-2.114959955215454,0.004190998151898384
5125,-2.120026111602783,0.004124274477362633
5126,-2.1800270080566406,0.004049061797559261
5127,-2.1450929641723633,0.003965467214584351
5128,-2.1901609897613525,0.0038767862133681774
5129,-2.1952269077301025,0.0037851035594940186
5130,-2.2501609325408936,0.0036912597715854645
5131,-2.2701621055603027,0.003594735637307167
5132,-2.3653628826141357,0.003495038952678442
5133,-2.4104299545288086,0.0033950828947126865
5134,-2.5056309700012207,0.0032996670342981815
5135,-2.5157649517059326,0.0032099136151373386
5136,-2.6109659671783447,0.003125255461782217
5137,-2.5906989574432373,0.0030453859362751245
5138,-2.6608328819274902,0.0029691620729863644
5139,-2.6157660484313965,0.002895320300012827
5140,-2.6960339546203613,0.002822929061949253
5141,-2.6760330200195312,0.0027515836991369724
5142,-2.7309670448303223,0.0026807242538779974
5143,-2.6709671020507812,0.0026137023232877254
5144,-2.7560338973999023,0.002550389850512147
5145,-2.6658999919891357,0.0024902918376028538
5146,-2.6960339546203613,0.002433045534417033
5147,-2.6808340549468994,0.002378493547439575
5148,-2.705899953842163,0.0023271727841347456
5149,-2.620832920074463,0.0022785484325140715
5150,-2.6709671020507812,0.0022321310825645924
5151,-2.6808340549468994,0.002187565201893449
5152,-2.6808340549468994,0.0021447711624205112
5153,-2.6408329010009766,0.0021032197400927544
5154,-2.6760330200195312,0.0020624371245503426
5155,-2.620832920074463,0.002023349516093731
5156,-2.6760330200195312,0.001986528281122446
5157,-2.6058990955352783,0.0019518844783306122
5158,-2.6658999919891357,0.0019189590821042657
5159,-2.5906989574432373,0.0018875158857554197
5160,-2.645900011062622,0.0018576408037915826
5161,-2.625899076461792,0.0018292112508788705
5162,-2.6658999919891357,0.0018018980044871569
5163,-2.6109659671783447,0.0017757306341081858
5164,-2.6560330390930176,0.001750446972437203
5165,-2.6109659671783447,0.001726007554680109
5166,-2.650965929031372,0.001702151377685368
5167,-2.6309659481048584,0.001678770873695612
5168,-2.650965929031372,0.0016559199430048466
5169,-2.6157660484313965,0.001633531297557056
5170,-2.6709671020507812,0.0016116003971546888
5171,-2.595766067504883,0.0015901087317615747
5172,-2.6560330390930176,0.0015689560677856207
5173,-2.5858991146087646,0.001548086409457028
5174,-2.6058990955352783,0.00152745028026402
5175,-2.5656321048736572,0.0015071373200044036
5176,-2.6309659481048584,0.0014881951501592994
5177,-2.5906989574432373,0.0014704305212944746
5178,-2.6408329010009766,0.001453777658753097
5179,-2.575766086578369,0.0014381033834069967
5180,-2.625899076461792,0.001423328765667975
5181,-2.580832004547119,0.0014093454228714108
5182,-2.620832920074463,0.0013960660435259342
5183,-2.595766067504883,0.0013833470875397325
5184,-2.6157660484313965,0.0013711201027035713
5185,-2.5706989765167236,0.001359227579087019
5186,-2.6309659481048584,0.001347575569525361
5187,-2.5608320236206055,0.0013360134325921535
5188,-2.625899076461792,0.001324414392001927
5189,-2.6157660484313965,0.0013126411940902472
5190,-2.625899076461792,0.0013005535583943129
5191,-2.5656321048736572,0.0012880454305559397
5192,-2.6109659671783447,0.00127505196724087
5193,-2.5906989574432373,0.0012614550068974495
5194,-2.63576602935791,0.0012470879592001438
5195,-2.5656321048736572,0.0012318032095208764
5196,-2.6058990955352783,0.0012155275326222181
5197,-2.5608320236206055,0.0011981821153312922
5198,-2.6157660484313965,0.001180422492325306
5199,-2.5906989574432373,0.001162602799013257
5200,-2.600832939147949,0.0011445286218076944
5201,-2.5706989765167236,0.0011265997309237719
5202,-2.5656321048736572,0.0011090616462752223
5203,-2.5656321048736572,0.0010918502230197191
5204,-2.625899076461792,0.0010747658088803291
5205,-2.5608320236206055,0.0010577368084341288
5206,-2.620832920074463,0.0010405778884887695
5207,-2.580832004547119,0.0010232868371531367
5208,-2.6157660484313965,0.0010056647006422281
5209,-2.55576491355896,0.000988435815088451
5210,-2.625899076461792,0.0009717927314341068
5211,-2.5656321048736572,0.00095569301629439
5212,-2.625899076461792,0.0009399352129548788
5213,-2.5706989765167236,0.0009250643197447062
5214,-2.5906989574432373,0.0009109480888582766
5215,-2.55069899559021,0.0008975430973805487
5216,-2.580832004547119,0.0008846691343933344
5217,-2.5906989574432373,0.0008722339407540858
5218,-2.6058990955352783,0.0008603698806837201
5219,-2.5706989765167236,0.0008494070498272777
5220,-2.5706989765167236,0.0008392006275244057
5221,-2.540832042694092,0.000829653232358396
5222,-2.575766086578369,0.0008205909398384392
5223,-2.5656321048736572,0.0008122500730678439
5224,-2.5706989765167236,0.0008047777228057384
5225,-2.5656321048736572,0.000798093038611114
5226,-2.5906989574432373,0.0007921606302261353
5227,-2.55069899559021,0.0007867775275371969
5228,-2.575766086578369,0.0007820638129487634
5229,-2.5456318855285645,0.0007782995235174894
5230,-2.600832939147949,0.0007755897240713239
5231,-2.5456318855285645,0.0007740627625025809
5232,-2.0048251152038574,0.0007729938952252269
5233,-0.6125410199165344,0.0007721638539806008
5234,0.02346700057387352,0.0007717874250374734
5235,0.5896070003509521,0.0007720560533925891
5236,0.9850789904594421,0.0007727895863354206
5237,1.1904150247573853,0.0007739237044006586
5238,1.2957500219345093,0.0007753970567137003
5239,1.541085958480835,0.0007770811207592487
5240,1.6512210369110107,0.0007789670489728451
5241,1.7162879705429077,0.0007810945389792323
5242,1.7114880084991455,0.0007835299475118518
5243,1.8266890048980713,0.0007863003993406892
5244,1.8165559768676758,0.0007893134607002139
5245,1.9466910362243652,0.0007924673845991492
5246,1.8968240022659302,0.0007956859190016985
5247,1.9968249797821045,0.0007989167352207005
5248,2.02695894241333,0.0008020334644243121
5249,2.0069580078125,0.0008051389595493674
5250,2.0120251178741455,0.0008082501590251923
5251,2.061892032623291,0.0008115712553262711
5252,2.0821590423583984,0.0008150347857736051
5253,2.142159938812256,0.0008185374899767339
5254,2.1069600582122803,0.0008221871685236692
5255,2.1570940017700195,0.0008259802707470953
5256,2.1821610927581787,0.0008298949105665088
5257,2.32749605178833,0.0008339144987985492
5258,2.3674960136413574,0.0008380003273487091
5259,2.452564001083374,0.0008421398815698922
5260,2.452564001083374,0.0008465845603495836
5261,2.522697925567627,0.0008515032823197544
5262,2.492830991744995,0.0008571117650717497
5263,2.5778989791870117,0.0008631196687929332
5264,2.5426979064941406,0.0008695672731846571
5265,2.612833023071289,0.0008758898475207388
5266,2.602966070175171,0.0008823247044347227
5267,2.673099994659424,0.0008887169533409178
5268,2.592832088470459,0.0008948155445978045
5269,2.6379001140594482,0.0009008118649944663
5270,2.592832088470459,0.0009068502113223076
5271,2.5978989601135254,0.0009131752885878086
5272,2.5778989791870117,0.0009199721971526742
5273,2.617898941040039,0.000927492743358016
5274,2.5778989791870117,0.0009358690003864467
5275,2.5978989601135254,0.0009453139500692487
5276,2.532831907272339,0.0009557434823364019
5277,2.5677649974823,0.0009669122518971562
5278,2.507765054702759,0.0009790490148589015
5279,2.58776593208313,0.0009923223406076431
5280,2.532831907272339,0.0010058073094114661
5281,2.5277650356292725,0.0010195989161729813
5282,2.4877638816833496,0.0010338968131691217
5283,2.492830991744995,0.0010484979720786214
5284,2.492830991744995,0.0010631890036165714
5285,2.512830972671509,0.0010779921431094408
5286,2.512830972671509,0.0010920367203652859
5287,2.537898063659668,0.001105420757085085
5288,2.512830972671509,0.0011185647454112768
5289,2.5277650356292725,0.0011312360875308514
5290,2.4826979637145996,0.0011437383946031332
5291,2.537898063659668,0.0011554124066606164
5292,2.497631072998047,0.0011657180730253458
5293,2.5277650356292725,0.0011752964928746223
5294,2.357362985610962,0.0011845319531857967
5295,1.2354819774627686,0.0011937078088521957
5296,0.07866799831390381,0.001203371211886406
5297,-0.35707101225852966,0.0012128042289987206
5298,-0.9130780100822449,0.0012218630872666836
5299,-1.188547968864441,0.0012303469702601433
5300,-1.3288170099258423,0.0012384046567603946
5301,-1.4538849592208862,0.0012462567538022995
5302,-1.6992210149765015,0.0012542136246338487
5303,-1.7845560312271118,0.0012620723573490977
5304,-1.8194890022277832,0.0012695366749539971
5305,-1.7994890213012695,0.0012770829489454627
5306,-1.9397579431533813,0.0012845643796026707
5307,-1.9746910333633423,0.0012917973799631
5308,-2.009891986846924,0.0012986126821488142
5309,-2.024825096130371,0.0013054593000561
5310,-2.0800259113311768,0.0013123543467372656
5311,-2.060025930404663,0.0013189954916015267
5312,-2.1250929832458496,0.0013251511845737696
5313,-2.1098930835723877,0.0013313291128724813
5314,-2.1349599361419678,0.0013375391718000174
5315,-2.1349599361419678,0.0013434936990961432
5316,-2.2000279426574707,0.001348875928670168
5317,-2.210160970687866,0.001354125328361988
5318,-2.280294895172119,0.001359462272375822
5319,-2.310429096221924,0.0013646394945681095
5320,-2.460563898086548,0.0013693580403923988
5321,-2.470698118209839,0.001373656908981502
5322,-2.540832042694092,0.001377352513372898
5323,-2.580832004547119,0.001380606205202639
5324,-2.6058990955352783,0.001383558614179492
5325,-2.5056309700012207,0.0013864457141608
5326,-1.6893539428710938,0.0013897102326154709
5327,-0.38720500469207764,0.001393407117575407
5328,0.05360100045800209,0.0013967107515782118
5329,0.5994740128517151,0.001399449072778225
5330,0.9450780153274536,0.0014019435038790107
5331,1.1154810190200806,0.001405089977197349
5332,1.1856149435043335,0.001408744603395462
5333,1.4861520528793335,0.0014129073824733496
5334,1.5560189485549927,0.001417552470229566
5335,1.646420955657959,0.0014222079189494252
5336,1.6312199831008911,0.0014267071383073926
5337,1.7565549612045288,0.0014309394173324108
5338,1.7664220333099365,0.0014347293181344867
5339,1.8314900398254395,0.001437844941392541
5340,1.8666900396347046,0.0014405676629394293
5341,1.9168239831924438,0.0014431355521082878
5342,1.906690001487732,0.0014458403456956148
5343,1.9717580080032349,0.001448960043489933
5344,1.9418909549713135,0.0014526061713695526
5345,2.0120251178741455,0.0014564853627234697
5346,1.9968249797821045,0.0014603619929403067
5347,2.0520260334014893,0.0014637777348980308
5348,2.072026014328003,0.0014670488890260458
5349,2.1069600582122803,0.0014704565983265638
5350,2.152026891708374,0.0014742970233783126
5351,2.3074960708618164,0.0014789344277232885
5352,2.312295913696289,0.0014841980300843716
5353,2.3874969482421875,0.0014897894579917192
5354,2.4026970863342285,0.0014957012608647346
5355,2.477631092071533,0.001501868013292551
5356,2.467763900756836,0.0015086997300386429
5357,1.9466910362243652,0.001515093958005309
5358,0.5245400071144104,0.0015219997148960829
5359,-0.09653499722480774,0.001529323635622859
5360,-0.5474740266799927,0.001537033822387457
5361,-0.958145022392273,0.001544417580589652
5362,-1.2234820127487183,0.0015512501122429967
5363,-1.2586820125579834,0.0015579627361148596
5364,-1.5389529466629028,0.0015643262304365635
5365,-1.6493539810180664,0.0015703394310548902
5366,-1.7493549585342407,0.0015761557733640075
5367,-1.7394880056381226,0.0015817682724446058
5368,-1.8845570087432861,0.001587193924933672
5369,-1.8645570278167725,0.001592452870681882
5370,-1.9397579431533813,0.0015975767746567726
5371,-1.9245569705963135,0.0016025525983422995
5372,-1.9946919679641724,0.0016073854640126228
5373,-1.999758005142212,0.0016120877116918564
5374,-2.064826011657715,0.0016166737768799067
5375,-2.049891948699951,0.0016211967449635267
5376,-2.0549590587615967,0.0016256393864750862
5377,-2.0749590396881104,0.0016300193965435028
5378,-2.130160093307495,0.0016341903246939182
5379,-2.130160093307495,0.0016381815075874329
5380,-2.175226926803589,0.0016419622115790844
5381,-2.210160970687866,0.0016455283621326089
5382,-2.3304290771484375,0.0016489896224811673
5383,-2.335495948791504,0.00165237404871732
5384,-2.4754979610443115,0.001655602129176259
5385,-2.4754979610443115,0.0016587425488978624
5386,-2.55069899559021,0.0016620494425296783
5387,-2.5608320236206055,0.0016655499348416924
5388,-2.2501609325408936,0.0016697898972779512
5389,-0.8880109786987305,0.0016752450028434396
5390,-0.09653499722480774,0.001681340392678976
5391,0.36427098512649536,0.0016877210000529885
5392,0.8000100255012512,0.00169404037296772
5393,1.1154810190200806,0.0016998422797769308
5394,1.1453479528427124,0.0017047415021806955
5395,1.3957509994506836,0.0017100365366786718
5396,1.5261520147323608,0.001716373022645712
5397,1.6562869548797607,0.0017235325649380684
5398,1.5912200212478638,0.0017320036422461271
5399,1.7314879894256592,0.001742408494465053
5400,1.7365549802780151,0.0017536529339849949
5401,1.8165559768676758,0.001765338471159339
5402,1.8266890048980713,0.001777301891706884
5403,1.906690001487732,0.001789549714885652
5404,1.8765569925308228,0.0018028741469606757
5405,1.9669580459594727,0.0018162669148296118
5406,1.9168239831924438,0.0018303978722542524
5407,1.9768249988555908,0.0018451798241585493
5408,1.9818910360336304,0.001858780742622912
5409,2.016824960708618,0.001871810993179679
5410,1.9768249988555908,0.0018849786138162017
5411,2.072026014328003,0.001898464048281312
5412,2.1320269107818604,0.0019119620556011796
5413,2.2272279262542725,0.0019251445773988962
5414,2.2424280643463135,0.0019392697140574455
5415,2.382430076599121,0.0019537750631570816
5416,2.4026970863342285,0.0019671879708766937
5417,2.4576311111450195,0.001979021355509758
5418,2.4176299571990967,0.0019904053770005703
5419,2.35256290435791,0.002001431304961443
5420,1.2106820344924927,0.0020122018177062273
5421,0.18880200386047363,0.0020229287911206484
5422,-0.2970699965953827,0.0020333020947873592
5423,-0.7426760196685791,0.002042215783149004
5424,-1.1434810161590576,0.0020494237542152405
5425,-1.1984150409698486,0.0020554503425955772
5426,-1.403751015663147,0.002060124883428216
5427,-1.5792200565338135,0.0020637493580579758
5428,-1.714421033859253,0.0020665274932980537
5429,-1.6893539428710938,0.0020686439238488674
5430,-1.7794890403747559,0.0020700846798717976
5431,-1.8045560121536255,0.002071019960567355
5432,-1.9146909713745117,0.002071474678814411
5433,-1.8997570276260376,0.0020716353319585323
5434,-2.024825096130371,0.0020714940037578344
5435,-1.9597580432891846,0.0020711570978164673
5436,-2.049891948699951,0.0020706052891910076
5437,-2.0549590587615967,0.0020698884036391973
5438,-2.120026111602783,0.002068958478048444
5439,-2.0698928833007812,0.0020679165609180927
5440,-2.150160074234009,0.002066713757812977
5441,-2.1250929832458496,0.0020654320251196623
5442,-2.2050940990448,0.0020640422590076923
5443,-2.210160970687866,0.0020625912584364414
5444,-2.300295114517212,0.002061061328276992
5445,-2.3602960109710693,0.0020594734232872725
5446,-2.4554970264434814,0.0020580729469656944
5447,-2.4906980991363525,0.0020573395304381847
5448,-2.5608320236206055,0.0020585369784384966
5449,-2.540832042694092,0.0020605516619980335
5450,-2.580832004547119,0.00206393888220191
5451,-2.5706989765167236,0.0020686909556388855
5452,-2.6808340549468994,0.0020731608383357525
5453,-2.6560330390930176,0.0020783061627298594
5454,-2.7011001110076904,0.0020849681459367275
5455,-2.6408329010009766,0.0020906548015773296
5456,-2.690967082977295,0.0020951321348547935
5457,-2.6709671020507812,0.002099287463352084
5458,-2.7011001110076904,0.0021037966944277287
5459,-2.625899076461792,0.0021090684458613396
5460,-2.645900011062622,0.0021142782643437386
5461,-2.6109659671783447,0.0021197109017521143
5462,-2.6760330200195312,0.002125032711774111
5463,-2.600832939147949,0.00213075359351933
5464,-2.6157660484313965,0.0021365699358284473
5465,-2.595766067504883,0.002142680110409856
5466,-2.6408329010009766,0.0021479325369000435
5467,-2.6157660484313965,0.0021529849618673325
5468,-2.600832939147949,0.002158400136977434
5469,-2.580832004547119,0.002164584118872881
5470,-2.6157660484313965,0.002170706167817116
5471,-2.5656321048736572,0.002175824949517846
5472,-2.6058990955352783,0.002180297626182437
5473,-2.55069899559021,0.0021847235038876534
5474,-2.600832939147949,0.002188633196055889
5475,-2.575766086578369,0.0021915058605372906
5476,-2.5906989574432373,0.0021935191471129656
5477,-2.5656321048736572,0.002195169683545828
5478,-2.600832939147949,0.0021966600324958563
5479,-2.55576491355896,0.0021983690094202757
5480,-2.6309659481048584,0.0022001820616424084
5481,-2.540832042694092,0.0022024507634341717
5482,-2.0149590969085693,0.002205171622335911
5483,-0.5773410201072693,0.0022079190239310265
5484,0.01866699941456318,0.0022109062410891056
5485,0.5794739723205566,0.0022137644700706005
5486,0.9501450061798096,0.0022166115231812
5487,1.2154819965362549,0.0022191586904227734
5488,1.25068199634552,0.002221990842372179
5489,1.5109519958496094,0.00222493102774024
5490,1.6562869548797607,0.0022279205732047558
5491,1.7064210176467896,0.00223147077485919
5492,1.6864210367202759,0.0022359932772815228
5493,1.7864220142364502,0.002241774694994092
5494,1.7914890050888062,0.0022477279417216778
5495,1.8866900205612183,0.0022543356753885746
5496,1.8666900396347046,0.0022610099986195564
5497,1.9568239450454712,0.0022682915441691875
5498,1.9568239450454712,0.0022767228074371815
5499,2.00189208984375,0.0022857272997498512
5500,1.9869580268859863,0.0022953920997679234
5501,2.02695894241333,0.002305991016328335
5502,2.0218920707702637,0.0023161713033914566
5503,2.1069600582122803,0.002325883600860834
5504,2.061892032623291,0.0023357211612164974
5505,2.1570940017700195,0.0023461924865841866
5506,2.177093982696533,0.0023570251651108265
5507,2.2824289798736572,0.0023682015016674995
5508,2.317362070083618,0.002380198799073696
5509,2.407496929168701,0.0023922002874314785
5510,2.4325640201568604,0.002402796410024166
5511,2.477631092071533,0.0024116751737892628
5512,2.492830991744995,0.002420149277895689
5513,2.177093982696533,0.0024281018413603306
5514,0.8549439907073975,0.0024357803631573915
5515,0.05866700038313866,0.002443309873342514
5516,-0.3970719873905182,0.002449930179864168
5517,-0.8778780102729797,0.0024542282335460186
5518,-1.1634809970855713,0.0024561816826462746
5519,-1.1984150409698486,0.0024564042687416077
5520,-1.4488179683685303,0.0024548121728003025
5521,-1.569085955619812,0.0024523786269128323
5522,-1.6842880249023438,0.0024489527568221092
5523,-1.6992210149765015,0.0024448975455015898
5524,-1.7744220495224,0.002440507523715496
5525,-1.8394900560379028,0.002435727044939995
5526,-1.9096239805221558,0.002430462511256337
5527,-1.8997570276260376,0.0024245972745120525
5528,-2.0048251152038574,0.002417945768684149
5529,-1.9746910333633423,0.0024103724863380194
5530,-2.049891948699951,0.0024017328396439552
5531,-2.049891948699951,0.0023919136729091406
5532,-2.1000258922576904,0.0023809759877622128
5533,-2.089893102645874,0.0023691970854997635
5534,-2.1549599170684814,0.002356323879212141
5535,-2.120026111602783,0.0023422683589160442
5536,-2.210160970687866,0.002327907830476761
5537,-2.2250940799713135,0.002313207136467099
5538,-2.325361967086792,0.002297963947057724
5539,-2.350429058074951,0.0022824020124971867
5540,-2.4906980991363525,0.0022667283192276955
5541,-2.4754979610443115,0.0022509456612169743
5542,-2.575766086578369,0.002235906198620796
5543,-2.580832004547119,0.002221521455794573
5544,-2.6157660484313965,0.0022073518484830856
5545,-2.620832920074463,0.002193639986217022
5546,-2.650965929031372,0.0021800873801112175
5547,-2.6560330390930176,0.0021673766896128654
5548,-2.6808340549468994,0.0021560178138315678
5549,-2.6560330390930176,0.0021453946828842163
5550,-2.6960339546203613,0.0021351161412894726
5551,-2.6309659481048584,0.002124938415363431
5552,-2.650965929031372,0.0021144445054233074
5553,-2.6560330390930176,0.0021044332534074783
5554,-2.6709671020507812,0.0020949561148881912
5555,-2.600832939147949,0.0020859125070273876
5556,-2.6560330390930176,0.002077164826914668
5557,-2.595766067504883,0.002068706788122654
5558,-2.625899076461792,0.002060490194708109
5559,-2.595766067504883,0.0020524966530501842
5560,-2.6058990955352783,0.002044696593657136
5561,-2.5858991146087646,0.002037081401795149
5562,-2.6157660484313965,0.0020295814611017704
5563,-2.5858991146087646,0.002022223547101021
5564,-2.6058990955352783,0.002014955272898078
5565,-2.55576491355896,0.002007797360420227
5566,-2.6109659671783447,0.0020007274579256773
5567,-2.580832004547119,0.0019937618635594845
5568,-2.6058990955352783,0.0019868689123541117
5569,-2.580832004547119,0.00198005186393857
5570,-2.63576602935791,0.0019733284134417772
5571,-2.5456318855285645,0.001966711599379778
5572,-2.6157660484313965,0.0019601755775511265
5573,-2.5706989765167236,0.0019536735489964485
5574,-2.620832920074463,0.0019471814157441258
5575,-2.575766086578369,0.0019406460924074054
5576,-2.600832939147949,0.0019343566382303834
5577,-2.5706989765167236,0.001928412588313222
5578,-2.5906989574432373,0.0019230070756748319
5579,-2.5456318855285645,0.0019180509261786938
5580,-2.5906989574432373,0.0019135152688249946
5581,-2.55576491355896,0.001909172278828919
5582,-2.5656321048736572,0.0019044732907786965
5583,-2.5456318855285645,0.0018994803540408611
5584,-2.5906989574432373,0.0018945764750242233
5585,-2.5157649517059326,0.0018896502442657948
5586,-2.6058990955352783,0.001884877448901534
5587,-2.5906989574432373,0.0018801451660692692
5588,-2.575766086578369,0.001875395653769374
5589,-2.5456318855285645,0.001870389562100172
5590,-2.600832939147949,0.0018651369027793407
5591,-2.5656321048736572,0.001860055373981595
5592,-2.580832004547119,0.0018552376423031092
5593,-2.540832042694092,0.0018508107168599963
5594,-2.600832939147949,0.001846893923357129
5595,-2.55576491355896,0.0018436834216117859
5596,-2.595766067504883,0.0018408983014523983
5597,-2.55069899559021,0.0018382600974291563
5598,-2.600832939147949,0.0018354818457737565
5599,-2.5456318855285645,0.0018322716932743788
5600,-2.5906989574432373,0.0018285172991454601
5601,-2.53069806098938,0.0018245081882923841
5602,-2.6157660484313965,0.0018204846419394016
5603,-2.55069899559021,0.0018169016111642122
5604,-2.5656321048736572,0.0018134519923478365
5605,-2.5608320236206055,0.001809842768125236
5606,-2.5656321048736572,0.0018057851120829582
5607,-2.5656321048736572,0.001800903701223433
5608,-2.5906989574432373,0.001795358955860138
5609,-2.55576491355896,0.0017894450575113297
5610,-2.55069899559021,0.0017831793520599604
5611,-2.5608320236206055,0.0017766037490218878
5612,-2.5858991146087646,0.0017692928668111563
5613,-2.55069899559021,0.0017622947925701737
5614,-2.5656321048736572,0.0017548012547194958
5615,-2.55576491355896,0.0017468612641096115
5616,-2.5656321048736572,0.001738566905260086
5617,-2.5456318855285645,0.0017304797656834126
5618,-2.580832004547119,0.0017225862247869372
5619,-2.55069899559021,0.0017148902406916022
5620,-2.540832042694092,0.001707611489109695
5621,-2.5205650329589844,0.0017008193535730243
5622,-2.575766086578369,0.0016944472445175052
5623,-2.540832042694092,0.0016884338110685349
5624,-2.575766086578369,0.0016827171202749014
5625,-2.525631904602051,0.0016772691160440445
5626,-2.575766086578369,0.0016720396233722568
5627,-2.540832042694092,0.0016670192126184702
5628,-2.575766086578369,0.001662178197875619
5629,-2.5608320236206055,0.001657477580010891
5630,-2.600832939147949,0.0016529103741049767
5631,-2.525631904602051,0.0016484224470332265
5632,-2.5706989765167236,0.0016440183389931917
5633,-2.540832042694092,0.0016396793071180582
5634,-2.5656321048736572,0.001635545864701271
5635,-2.55576491355896,0.0016315843677148223
5636,-2.5858991146087646,0.001627827063202858
5637,-2.600832939147949,0.0016242875717580318
5638,-2.5906989574432373,0.0016208495944738388
5639,-2.5706989765167236,0.0016174972988665104
5640,-2.575766086578369,0.0016143112443387508
5641,-2.5205650329589844,0.0016112440498545766
5642,-2.5858991146087646,0.0016080238856375217
5643,-2.5456318855285645,0.001604630728252232
5644,-2.575766086578369,0.0016005041543394327
5645,-2.5456318855285645,0.00159518513828516
5646,-2.575766086578369,0.0015890439972281456
5647,-2.55576491355896,0.0015823300927877426
5648,-2.575766086578369,0.001575010479427874
5649,-2.55576491355896,0.0015670561697334051
5650,-2.5906989574432373,0.0015592121053487062
5651,-2.53069806098938,0.001550814718939364
5652,-2.580832004547119,0.0015416441019624472
5653,-2.575766086578369,0.001531853573396802
5654,-2.575766086578369,0.0015211314894258976
5655,-2.5357649326324463,0.0015089011285454035
5656,-2.5706989765167236,0.0014960473636165261
5657,-2.55576491355896,0.0014826637925580144
5658,-2.580832004547119,0.0014689004747197032
5659,-2.5357649326324463,0.0014547148020938039
5660,-2.575766086578369,0.0014395874459296465
5661,-2.5706989765167236,0.0014244149206206203
5662,-2.580832004547119,0.0014087171293795109
5663,-2.540832042694092,0.0013923237565904856
5664,-2.5706989765167236,0.0013769700890406966
5665,-2.53069806098938,0.0013625244610011578
5666,-2.5906989574432373,0.0013488305266946554
5667,-2.525631904602051,0.001336601679213345
5668,-2.55576491355896,0.0013252473436295986
5669,-2.540832042694092,0.0013158193323761225
5670,-2.5706989765167236,0.0013061600038781762
5671,-2.5706989765167236,0.001296493224799633
5672,-2.5706989765167236,0.0012889797799289227
5673,-2.540832042694092,0.0012839495902881026
5674,-2.55576491355896,0.0012781256809830666
5675,-2.55576491355896,0.0012717365752905607
5676,-2.580832004547119,0.0012656089384108782
5677,-2.5456318855285645,0.001260221702978015
5678,-2.55576491355896,0.0012556278379634023
5679,-2.5205650329589844,0.001252881484106183
5680,-2.540832042694092,0.0012518938165158033
5681,-2.5205650329589844,0.0012523162877187133
5682,-2.595766067504883,0.0012542568147182465
5683,-2.53069806098938,0.001257563242688775
5684,-2.575766086578369,0.0012614134466275573
5685,-2.540832042694092,0.001265317085199058
5686,-2.575766086578369,0.0012698059435933828
5687,-2.5357649326324463,0.0012753679184243083
5688,-2.55576491355896,0.0012817918322980404
5689,-2.5157649517059326,0.0012882439186796546
5690,-2.55069899559021,0.0012939873849973083
5691,-2.525631904602051,0.0012994903372600675
5692,-2.540832042694092,0.0013049787376075983
5693,-2.5157649517059326,0.0013101607328280807
5694,-2.5357649326324463,0.0013143594842404127
5695,-2.5157649517059326,0.0013180410023778677
5696,-2.525631904602051,0.0013215388171374798
5697,-2.540832042694092,0.0013251034542918205
5698,-2.53069806098938,0.0013288750778883696
5699,-2.5357649326324463,0.0013328916393220425
5700,-2.5056309700012207,0.0013373184483498335
5701,-1.5541529655456543,0.0013421312905848026
5702,-0.35707101225852966,0.0013467083917930722
5703,0.24400299787521362,0.0013507455587387085
5704,0.6496080160140991,0.0013529709540307522
5705,1.1002800464630127,0.0013547283597290516
5706,1.1656149625778198,0.0013553991448134184
5707,1.3408169746398926,0.0013550788862630725
5708,1.5312190055847168,0.0013550592120736837
5709,1.6864210367202759,0.0013545516412705183
5710,1.68135404586792,0.0013532639713957906
5711,1.7464220523834229,0.0013541067019104958
5712,1.7664220333099365,0.001356972148641944
5713,1.8866900205612183,0.0013605674030259252
5714,1.8717570304870605,0.001364358700811863
5715,1.9568239450454712,0.001367736840620637
5716,1.9517580270767212,0.001372027792967856
5717,2.0069580078125,0.0013774312101304531
5718,1.9818910360336304,0.0013833869015797973
5719,2.0069580078125,0.0013898445758968592
5720,1.9968249797821045,0.001396908308379352
5721,2.0520260334014893,0.0014030630700290203
5722,2.016824960708618,0.0014099455438554287
5723,2.0821590423583984,0.0014173148665577173
5724,2.1120259761810303,0.0014250651001930237
5725,2.197093963623047,0.0014324740041047335
5726,2.2424280643463135,0.001440425869077444
5727,2.357362985610962,0.0014504196587949991
5728,2.3925631046295166,0.0014629717916250229
5729,2.4477639198303223,0.001478509046137333
5730,2.452564001083374,0.001496701268479228
5731,2.477631092071533,0.0015186567325145006
5732,1.8666900396347046,0.0015402608551084995
5733,0.5944070219993591,0.0015607282985001802
5734,-0.07653400301933289,0.0015803917776793242
5735,-0.5072060227394104,0.001598489936441183
5736,-0.9629449844360352,0.001615035580471158
5737,-1.1333470344543457,0.0016300096176564693
5738,-1.2885489463806152,0.0016437761951237917
5739,-1.4338849782943726,0.0016574434703215957
5740,-1.6442869901657104,0.0016700224950909615
5741,-1.6541539430618286,0.0016814598347991705
5742,-1.6893539428710938,0.0016913837753236294
5743,-1.7394880056381226,0.0016996772028505802
5744,-1.889623999595642,0.0017066914588212967
5745,-1.8645570278167725,0.001713167643174529
5746,-1.949623942375183,0.0017180510330945253
5747,-1.949623942375183,0.0017214324325323105
5748,-2.009891986846924,0.0017233791295439005
5749,-1.9797580242156982,0.0017238915897905827
5750,-2.0698928833007812,0.001723515335470438
5751,-2.064826011657715,0.001721933949738741
5752,-2.1250929832458496,0.0017190133221447468
5753,-2.105093002319336,0.001714762533083558
5754,-2.1549599170684814,0.0017090407200157642
5755,-2.150160074234009,0.0017019696533679962
5756,-2.2501609325408936,0.0016930222045630217
5757,-2.2853620052337646,0.0016822111792862415
5758,-2.4104299545288086,0.00167135673109442
5759,-2.415497064590454,0.001660638488829136
5760,-2.525631904602051,0.0016496207099407911
5761,-2.53069806098938,0.001637722598388791
5762,-2.580832004547119,0.001625650329515338
5763,-2.595766067504883,0.001613618223927915
5764,-2.6309659481048584,0.0016004188219085336
5765,-2.6157660484313965,0.0015868553891777992
5766,-2.6658999919891357,0.0015741895185783505
5767,-2.645900011062622,0.0015627969987690449
5768,-2.6760330200195312,0.001551593653857708
5769,-2.6408329010009766,0.0015406158054247499
5770,-2.6560330390930176,0.0015297732315957546
5771,-2.63576602935791,0.0015193047001957893
5772,-2.645900011062622,0.0015092514222487807
5773,-2.580832004547119,0.0015012078220024705
5774,-2.6658999919891357,0.0014946286100894213
5775,-2.575766086578369,0.0014895310159772635
5776,-2.6109659671783447,0.0014858595095574856
5777,-2.5656321048736572,0.0014831000007689
5778,-2.600832939147949,0.0014806522522121668
5779,-2.55069899559021,0.0014783283695578575
5780,-2.6058990955352783,0.0014764319639652967
5781,-2.5656321048736572,0.0014746851520612836
5782,-2.5858991146087646,0.0014730507973581553
5783,-2.5456318855285645,0.001471825409680605
5784,-2.6157660484313965,0.0014708904782310128
5785,-2.5858991146087646,0.0014703171327710152
5786,-2.6109659671783447,0.0014702783664688468
5787,-2.5706989765167236,0.0014700536848977208
5788,-2.6109659671783447,0.0014698859304189682
5789,-2.575766086578369,0.0014697215519845486
5790,-2.580832004547119,0.0014698784798383713
5791,-2.5656321048736572,0.0014703178312629461
5792,-2.625899076461792,0.001470794202759862
5793,-2.5608320236206055,0.001471137162297964
5794,-2.595766067504883,0.001471419120207429
5795,-2.5456318855285645,0.001471588620916009
5796,-2.575766086578369,0.0014715911820530891
5797,-2.5456318855285645,0.0014713980490341783
5798,-2.600832939147949,0.001471104915253818
5799,-2.5706989765167236,0.0014707572991028428
5800,-2.600832939147949,0.0014703714987263083
5801,-2.53069806098938,0.0014699602033942938
5802,-2.575766086578369,0.0014695175923407078
5803,-2.53069806098938,0.0014690525131300092
5804,-2.5706989765167236,0.0014685839414596558
5805,-2.5456318855285645,0.001468123635277152
5806,-2.55576491355896,0.0014676731079816818
5807,-2.53069806098938,0.00146722502540797
5808,-2.575766086578369,0.0014667967334389687
5809,-2.540832042694092,0.0014663804322481155
5810,-2.5456318855285645,0.0014659608714282513
5811,-2.5056309700012207,0.0014655429404228926
5812,-2.575766086578369,0.0014651324599981308
5813,-2.5456318855285645,0.0014647251227870584
5814,-2.5608320236206055,0.0014643227914348245
5815,-2.5005650520324707,0.0014639137079939246
5816,-2.575766086578369,0.0014635082334280014
5817,-2.5608320236206055,0.0014631118392571807
5818,-2.5906989574432373,0.001462720101699233
5819,-2.53069806098938,0.0014623308088630438
5820,-2.540832042694092,0.0014619603753089905
5821,-2.5157649517059326,0.0014615950640290976
5822,-2.5608320236206055,0.001461239531636238
5823,-2.525631904602051,0.0014608883066102862
5824,-2.5205650329589844,0.0014605436008423567
5825,-2.5205650329589844,0.0014602146111428738
5826,-2.5357649326324463,0.001459888881072402
5827,-2.510698080062866,0.0014595706015825272
5828,-2.55069899559021,0.0014592488296329975
5829,-2.5357649326324463,0.0014589354395866394
5830,-2.575766086578369,0.001458619488403201
5831,-2.53069806098938,0.0014583035372197628
5832,-2.540832042694092,0.0014579895650967956
5833,-2.510698080062866,0.0014576691901311278
5834,-2.5456318855285645,0.0014573505613952875
5835,-2.5357649326324463,0.0014570269268006086
5836,-2.55576491355896,0.0014567049220204353
5837,-2.53069806098938,0.0014563805889338255
5838,-2.5608320236206055,0.0014560730196535587
5839,-2.5157649517059326,0.0014557691756635904
5840,-2.540832042694092,0.0014554609078913927
5841,-2.5357649326324463,0.0014551603235304356
5842,-2.5608320236206055,0.0014548742910847068
5843,-2.510698080062866,0.0014545817393809557
5844,-2.55069899559021,0.0014542872086167336
5845,-2.495764970779419,0.0014539940748363733
5846,-2.5656321048736572,0.0014537079259753227
5847,-2.5157649517059326,0.0014534132787957788
5848,-2.5456318855285645,0.0014531206106767058
5849,-2.5608320236206055,0.0014528331812471151
5850,-2.55576491355896,0.0014525557635352015
5851,-2.53069806098938,0.0014522793935611844
5852,-2.5656321048736572,0.0014520013937726617
5853,-2.53069806098938,0.0014517350355163217
5854,-2.575766086578369,0.00145147112198174
5855,-2.525631904602051,0.001451202668249607
5856,-2.5656321048736572,0.0014509411994367838
5857,-2.495764970779419,0.0014506712323054671
5858,-2.55576491355896,0.0014504017308354378
5859,-2.5056309700012207,0.0014501261757686734
5860,-2.55576491355896,0.0014498530654236674
5861,-2.540832042694092,0.0014495749492198229
5862,-2.5608320236206055,0.0014493027701973915
5863,-2.5157649517059326,0.001449031406082213
5864,-2.5656321048736572,0.0014487591106444597
5865,-2.5056309700012207,0.00144848448690027
5866,-2.580832004547119,0.0014482119586318731
5867,-2.540832042694092,0.0014479404781013727
5868,-2.55069899559021,0.0014476706273853779
5869,-2.5157649517059326,0.001447394024580717
5870,-2.5706989765167236,0.0014471299946308136
5871,-2.5157649517059326,0.0014468564186245203
5872,-2.55069899559021,0.0014465765561908484
5873,-2.540832042694092,0.001446290174499154
5874,-2.540832042694092,0.001446013804525137
5875,-2.4906980991363525,0.0014457217184826732
5876,-2.5656321048736572,0.0014454321935772896
5877,-2.53069806098938,0.001445150119252503
5878,-2.5906989574432373,0.0014448727015405893
5879,-2.55069899559021,0.0014445972628891468
5880,-2.5656321048736572,0.0014443309046328068
5881,-2.53069806098938,0.0014440681552514434
5882,-2.5656321048736572,0.0014438142534345388
5883,-2.5205650329589844,0.0014435481280088425
5884,-2.5656321048736572,0.0014432813040912151
5885,-2.5157649517059326,0.0014430134324356914
5886,-2.53069806098938,0.0014427457936108112
5887,-2.5056309700012207,0.0014424745459109545
5888,-2.540832042694092,0.0014422142412513494
5889,-2.510698080062866,0.0014419571962207556
5890,-2.5656321048736572,0.0014417055062949657
5891,-2.5157649517059326,0.001441453699953854
5892,-2.5656321048736572,0.0014411946758627892
5893,-2.510698080062866,0.0014409368159249425
5894,-2.55069899559021,0.0014406805858016014
5895,-2.5005650520324707,0.0014404152752831578
5896,-2.575766086578369,0.001440155552700162
5897,-2.5157649517059326,0.0014398959465324879
5898,-2.5656321048736572,0.0014396386686712503
5899,-2.5357649326324463,0.0014393829042091966
5900,-2.5608320236206055,0.00143913843203336
5901,-2.5005650520324707,0.0014388912823051214
5902,-2.5456318855285645,0.0014386416878551245
5903,-2.5205650329589844,0.0014383941888809204
5904,-2.580832004547119,0.0014381567016243935
5905,-2.5157649517059326,0.0014379166532307863
5906,-2.540832042694092,0.0014376746257767081
5907,-2.4805641174316406,0.0014374250313267112
5908,-2.5157649517059326,0.0014371838187798858
5909,-2.4906980991363525,0.0014369278214871883
5910,-2.5205650329589844,0.001436651567928493
5911,-2.470698118209839,0.0014363841619342566
5912,-2.5157649517059326,0.0014361150097101927
5913,-2.5005650520324707,0.0014358870685100555
5914,-2.5656321048736572,0.0014356754254549742
5915,-2.510698080062866,0.0014355038292706013
5916,-2.53069806098938,0.0014354030136018991
5917,-2.5157649517059326,0.0014354982413351536
5918,-2.575766086578369,0.0014359740307554603
5919,-2.3402960300445557,0.0014370877761393785
5920,-1.2034820318222046,0.0014391373842954636
5921,-0.12160199880599976,0.0014409292489290237
5922,0.3141370117664337,0.0014418826904147863
5923,0.8298770189285278,0.0014410505536943674
5924,1.1253470182418823,0.0014394838362932205
5925,1.2106820344924927,0.0014360970817506313
5926,1.3658839464187622,0.0014321180060505867
5927,1.5962870121002197,0.0014277826994657516
5928,1.68135404586792,0.0014224001206457615
5929,1.7514890432357788,0.0014155651442706585
5930,1.696287989616394,0.001409950666129589
5931,1.8114889860153198,0.001405422342941165
5932,1.8266890048980713,0.0014008054276928306
5933,1.8968240022659302,0.0013956028269603848
5934,1.9168239831924438,0.001390369376167655
5935,1.9968249797821045,0.0013849013485014439
5936,1.9517580270767212,0.0013794995611533523
5937,1.9968249797821045,0.0013737247791141272
5938,1.9717580080032349,0.001368013210594654
5939,2.0218920707702637,0.0013621966354548931
5940,2.0418920516967773,0.0013564687687903643
5941,2.086958885192871,0.0013509246055036783
5942,2.0770928859710693,0.0013452837010845542
5943,2.142159938812256,0.0013393181143328547
5944,2.207227945327759,0.0013328797649592161
5945,2.3074960708618164,0.0013271744828671217
5946,2.317362070083618,0.0013230759650468826
5947,2.422697067260742,0.0013200290268287063
5948,2.4325640201568604,0.0013176524080336094
5949,2.5026979446411133,0.001315942034125328
5950,2.407496929168701,0.0013154578628018498
5951,1.5312190055847168,0.0013164294650778174
5952,0.2890700101852417,0.001318710157647729
5953,-0.14666900038719177,0.0013208462623879313
5954,-0.6776080131530762,0.001322664087638259
5955,-1.0482800006866455,0.0013235474471002817
5956,-1.2085479497909546,0.0013232225319370627
5957,-1.2834830284118652,0.0013217886444181204
5958,-1.5240190029144287,0.0013196823420003057
5959,-1.6541539430618286,0.0013168752193450928
5960,-1.6842880249023438,0.0013134556356817484
5961,-1.6741540431976318,0.0013092427980154753
5962,-1.7994890213012695,0.0013043261133134365
5963,-1.8296229839324951,0.0012987165246158838
5964,-1.889623999595642,0.0012928253272548318
5965,-1.9397579431533813,0.0012865019962191582
5966,-2.019758939743042,0.0012792767956852913
5967,-1.9648250341415405,0.0012707365676760674
5968,-2.0298919677734375,0.0012612368445843458
5969,-1.999758005142212,0.001251192414201796
5970,-2.0749590396881104,0.0012404877925291657
5971,-2.0848259925842285,0.001229340792633593
5972,-2.1250929832458496,0.001217282610014081
5973,-2.0949599742889404,0.0012038254644721746
5974,-2.1650938987731934,0.0011899127857759595
5975,-2.2450950145721436,0.0011751309502869844
5976,-2.3152289390563965,0.0011596560943871737
5977,-2.3602960109710693,0.0011448045261204243
5978,-2.440563917160034,0.0011301788035780191
5979,-2.4456310272216797,0.0011154875392094254
5980,-2.510698080062866,0.0011003746185451746
5981,-2.5056309700012207,0.0010853848652914166
5982,-1.8997570276260376,0.0010706288740038872
5983,-0.5522739887237549,0.0010551870800554752
5984,0.01866699941456318,0.0010378463193774223
5985,0.4893389940261841,0.001017595175653696
5986,0.8800110220909119,0.0009951823158189654
5987,1.1205470561981201,0.0009697627392597497
5988,1.150413990020752,0.0009455395047552884
5989,1.4509509801864624,0.00092327781021595
5990,1.5512189865112305,0.0009019144345074892
5991,1.6112200021743774,0.0008824854157865047
5992,1.6013530492782593,0.0008646270725876093
5993,1.7114880084991455,0.0008483896963298321
5994,1.7514890432357788,0.0008333168807439506
5995,1.8114889860153198,0.0008180838776752353
5996,1.7914890050888062,0.0008039703825488687
5997,1.911756992340088,0.0007911348948255181
5998,1.8666900396347046,0.0007795528508722782
5999,1.906690001487732,0.0007691679638810456
6000,1.911756992340088,0.0007587770232930779
6001,2.00189208984375,0.0007484286325052381
6002,1.9768249988555908,0.0007399772293865681
6003,2.0520260334014893,0.0007317963754758239
6004,2.0418920516967773,0.0007241254206746817
6005,2.117093086242676,0.0007176402723416686
6006,2.1320269107818604,0.0007123134564608335
6007,2.222161054611206,0.0007064062519930303
6008,2.292294979095459,0.000701491255313158
6009,2.3776299953460693,0.0006964944768697023
6010,2.407496929168701,0.000691371678840369
6011,2.4477639198303223,0.0006866793846711516
6012,2.4376299381256104,0.0006822849973104894
6013,2.5277650356292725,0.0006787641905248165
6014,2.4877638816833496,0.0006758900708518922
6015,2.562964916229248,0.0006734944763593376
6016,2.5426979064941406,0.000670822337269783
6017,2.5978989601135254,0.0006689805304631591
6018,2.5176310539245605,0.0006668189307674766
6019,2.547765016555786,0.0006646517431363463
6020,2.532831907272339,0.0006639778148382902
6021,2.557898998260498,0.0006637747283093631
6022,2.522697925567627,0.0006638532504439354
6023,2.5528318881988525,0.000665106694214046
6024,2.5026979446411133,0.0006664987886324525
6025,2.5277650356292725,0.0006689409492537379
6026,2.492830991744995,0.0006712839240208268
6027,2.512830972671509,0.0006740159587934613
6028,2.4877638816833496,0.0006770883919671178
6029,2.547765016555786,0.0006802176358178258
6030,2.4376299381256104,0.0006839252891950309
6031,2.5277650356292725,0.000688689760863781
6032,2.4626970291137695,0.00069411750882864
6033,2.477631092071533,0.0007001624908298254
6034,2.422697067260742,0.0007060914649628103
6035,2.4725639820098877,0.0007139189401641488
6036,2.4626970291137695,0.000721367949154228
6037,2.497631072998047,0.0007294021779671311
6038,2.492830991744995,0.0007390330429188907
6039,2.492830991744995,0.0007484008674509823
6040,2.467763900756836,0.0007614259957335889
6041,2.497631072998047,0.0007759972359053791
6042,2.467763900756836,0.0007925086538307369
6043,2.492830991744995,0.0008119707345031202
6044,2.232295036315918,0.0008333328878507018
6045,1.1453479528427124,0.0008573340601287782
6046,0.08373399823904037,0.0008798530325293541
6047,-0.3672049939632416,0.0008981720311567187
6048,-0.8880109786987305,0.0009171946439892054
6049,-1.183480978012085,0.0009406953467987478
6050,-1.3288170099258423,0.0009690537117421627
6051,-1.438951015472412,0.0010009597754105926
6052,-1.6893539428710938,0.0010404095519334078
6053,-1.7192209959030151,0.0010879810433834791
6054,-1.7544219493865967,0.0011370957363396883
6055,-1.8045560121536255,0.0011898817028850317
6056,-1.8546899557113647,0.0012493918184190989
6057,-1.9045569896697998,0.0013176733627915382
6058,-1.9546910524368286,0.0013891929993405938
6059,-1.9797580242156982,0.0014559956034645438
6060,-2.044826030731201,0.0015239670174196362
6061,-2.019758939743042,0.0015837856335565448
6062,-2.0749590396881104,0.0016422707121819258
6063,-2.0848259925842285,0.0017102608690038323
6064,-2.114959955215454,0.0017986533930525184
6065,-2.150160074234009,0.0018914466490969062
6066,-2.160027027130127,0.0019664131104946136
6067,-2.1400270462036133,0.0020316950976848602
6068,-2.2501609325408936,0.0020729280076920986
6069,-2.265362024307251,0.0021084831096231937
6070,-2.3754959106445312,0.002136376453563571
6071,-2.3954970836639404,0.0022217691875994205
6072,-2.5005650520324707,0.002264289651066065
6073,-2.4906980991363525,0.002295468468219042
6074,-2.540832042694092,0.0023154178634285927
6075,-2.55069899559021,0.0023314321879297495
6076,-2.5906989574432373,0.0023440588265657425
6077,-2.5906989574432373,0.00235710758715868
6078,-2.6408329010009766,0.0023682895116508007
6079,-2.620832920074463,0.0023777373135089874
6080,-2.6709671020507812,0.0023885928094387054
6081,-2.6058990955352783,0.0023961898405104876
6082,-2.6560330390930176,0.0024043999146670103
6083,-2.580832004547119,0.002411098452284932
6084,-2.6309659481048584,0.002417098032310605
6085,-2.575766086578369,0.0024225611705332994
6086,-2.6309659481048584,0.0024265446700155735
6087,-2.5706989765167236,0.002429310232400894
6088,-2.595766067504883,0.00243100943043828
6089,-2.5456318855285645,0.002432151697576046
6090,-2.6058990955352783,0.00243341620080173
6091,-2.5608320236206055,0.002434562426060438
6092,-2.5656321048736572,0.0024360131938010454
6093,-2.5608320236206055,0.0024375980719923973
6094,-2.5906989574432373,0.0024401498958468437
6095,-2.5357649326324463,0.002442787867039442
6096,-2.6109659671783447,0.002447183709591627
6097,-2.580832004547119,0.0024508642964065075
6098,-2.6058990955352783,0.0024554026313126087
6099,-2.55069899559021,0.002458957489579916
6100,-2.580832004547119,0.0024621232878416777
6101,-2.55576491355896,0.0024655000306665897
6102,-2.5906989574432373,0.002467543352395296
6103,-2.5205650329589844,0.0024697966873645782
6104,-2.5858991146087646,0.0024713072925806046
6105,-2.525631904602051,0.0024731350131332874
6106,-2.580832004547119,0.0024753031320869923
6107,-2.540832042694092,0.002477148314937949
6108,-2.5608320236206055,0.0024788291193544865
6109,-2.540832042694092,0.002480488969013095
6110,-2.5906989574432373,0.002481941832229495
6111,-2.53069806098938,0.0024832256603986025
6112,-2.575766086578369,0.0024844384752213955
6113,-2.5056309700012207,0.002485624048858881
6114,-2.5608320236206055,0.002486822661012411
6115,-2.540832042694092,0.0024880790151655674
6116,-2.55576491355896,0.002489438047632575
6117,-2.5157649517059326,0.0024906701873987913
6118,-2.5608320236206055,0.0024918243288993835
6119,-2.4754979610443115,0.00249289907515049
6120,-2.540832042694092,0.0024939291179180145
6121,-2.4805641174316406,0.0024949240032583475
6122,-2.5456318855285645,0.002495901193469763
6123,-2.4906980991363525,0.002496868371963501
6124,-2.53069806098938,0.0024978364817798138
6125,-2.5205650329589844,0.0024988099467009306
6126,-2.53069806098938,0.002499781083315611
6127,-2.5056309700012207,0.0025006963405758142
6128,-2.525631904602051,0.0025014961138367653
6129,-2.5157649517059326,0.002502152230590582
6130,-2.525631904602051,0.002502697054296732
6131,-2.5005650520324707,0.0025031608529388905
6132,-2.5357649326324463,0.0025035489816218615
6133,-2.525631904602051,0.0025039012543857098
6134,-2.525631904602051,0.002504228614270687
6135,-2.4805641174316406,0.00250453082844615
6136,-2.5205650329589844,0.002504812553524971
6137,-2.5056309700012207,0.002505094511434436
6138,-2.5005650520324707,0.0025053571444004774
6139,-2.495764970779419,0.0025056267622858286
6140,-2.540832042694092,0.002505885437130928
6141,-2.5456318855285645,0.0025061422493308783
6142,-2.540832042694092,0.002506393939256668
6143,-2.510698080062866,0.0025066444650292397
6144,-2.5456318855285645,0.002506883582100272
6145,-2.53069806098938,0.0025071175768971443
6146,-2.53069806098938,0.002507343888282776
6147,-2.485630989074707,0.0025075762532651424
6148,-2.5608320236206055,0.0025078104808926582
6149,-2.5157649517059326,0.002508043311536312
6150,-2.525631904602051,0.0025082691572606564
6151,-2.510698080062866,0.002508502919226885
6152,-2.540832042694092,0.002508737612515688
6153,-2.5005650520324707,0.002508978359401226
6154,-2.540832042694092,0.0025092121213674545
6155,-2.5056309700012207,0.0025094570592045784
6156,-2.540832042694092,0.002509697340428829
6157,-2.485630989074707,0.002509936224669218
6158,-2.5357649326324463,0.0025101806968450546
6159,-2.5157649517059326,0.0025104249361902475
6160,-2.55576491355896,0.002510666148737073
6161,-2.525631904602051,0.0025109141133725643
6162,-2.5056309700012207,0.00251116044819355
6163,-2.495764970779419,0.0025114179588854313
6164,-2.540832042694092,0.0025116889737546444
6165,-2.495764970779419,0.002512408420443535
6166,-2.525631904602051,0.0025140130892395973
6167,-2.470698118209839,0.002517564222216606
6168,-2.53069806098938,0.0025221530813723803
6169,-2.470698118209839,0.0025286297313869
6170,-2.525631904602051,0.002535660285502672
6171,-2.4554970264434814,0.00254289829172194
6172,-2.5157649517059326,0.002551192417740822
6173,-2.4906980991363525,0.002560222055763006
6174,-2.55069899559021,0.002567482180893421
6175,-2.470698118209839,0.0025732810609042645
6176,-2.5357649326324463,0.0025780508294701576
6177,-2.485630989074707,0.0025833570398390293
6178,-2.5157649517059326,0.0025889230892062187
6179,-2.4906980991363525,0.0025945305824279785
6180,-2.5357649326324463,0.002599907573312521
6181,-2.4656310081481934,0.0026053921319544315
6182,-2.53069806098938,0.0026109558530151844
6183,-2.4754979610443115,0.0026169605553150177
6184,-2.5456318855285645,0.0026226709596812725
6185,-2.470698118209839,0.002628165064379573
6186,-2.53069806098938,0.0026336940936744213
6187,-2.4906980991363525,0.002639561193063855
6188,-2.55576491355896,0.0026460718363523483
6189,-2.5056309700012207,0.0026521862018853426
6190,-2.540832042694092,0.0026569953188300133
6191,-2.4906980991363525,0.002661425154656172
6192,-2.525631904602051,0.0026655420660972595
6193,-2.5056309700012207,0.0026694731786847115
6194,-2.53069806098938,0.002671963768079877
6195,-2.510698080062866,0.0026734904386103153
6196,-2.540832042694092,0.002674933522939682
6197,-2.5205650329589844,0.0026765456423163414
6198,-2.5706989765167236,0.0026782378554344177
6199,-2.495764970779419,0.002679535187780857
6200,-2.525631904602051,0.0026813428848981857
6201,-2.510698080062866,0.00268298527225852
6202,-2.5357649326324463,0.002683558501303196
6203,-2.5005650520324707,0.0026833745650947094
6204,-2.5157649517059326,0.0026820648927241564
6205,-2.495764970779419,0.002680461388081312
6206,-2.55069899559021,0.0026787826791405678
6207,-2.5157649517059326,0.0026759325992316008
6208,-2.5456318855285645,0.002672356553375721
6209,-2.510698080062866,0.0026688906364142895
6210,-2.55576491355896,0.0026656067930161953
6211,-2.4805641174316406,0.002663073595613241
6212,-2.55069899559021,0.0026614749804139137
6213,-2.5357649326324463,0.0026606975588947535
6214,-2.525631904602051,0.002660578116774559
6215,-2.5205650329589844,0.0026606679894030094
6216,-2.5456318855285645,0.0026604365557432175
6217,-2.4805641174316406,0.0026602360885590315
6218,-2.525631904602051,0.002660199999809265
6219,-2.5005650520324707,0.002659933641552925
6220,-2.53069806098938,0.0026597704272717237
6221,-2.525631904602051,0.0026598884724080563
6222,-2.525631904602051,0.0026600854471325874
6223,-2.5157649517059326,0.0026607797481119633
6224,-2.540832042694092,0.002661498263478279
6225,-2.4805641174316406,0.002662109676748514
6226,-2.55069899559021,0.002662685001268983
6227,-2.5056309700012207,0.002663463121280074
6228,-2.525631904602051,0.0026646615006029606
6229,-2.485630989074707,0.0026664603501558304
6230,-2.55069899559021,0.0026687593199312687
6231,-2.485630989074707,0.002671833150088787
6232,-2.510698080062866,0.0026756105944514275
6233,-2.4656310081481934,0.002679106779396534
6234,-2.5157649517059326,0.0026819787453860044
6235,-2.5205650329589844,0.002684292383491993
6236,-2.4805641174316406,0.002685904037207365
6237,-2.5157649517059326,0.002686840947717428
6238,-2.540832042694092,0.002687244676053524
6239,-2.4754979610443115,0.002687173429876566
6240,-2.525631904602051,0.0026871105656027794
6241,-2.5005650520324707,0.002687356900423765
6242,-2.5205650329589844,0.0026878509670495987
6243,-2.5157649517059326,0.0026884102262556553
6244,-2.53069806098938,0.002689085667952895
6245,-2.5005650520324707,0.00268950080499053
6246,-2.55576491355896,0.0026897049974650145
6247,-2.5056309700012207,0.002689090557396412
6248,-2.55069899559021,0.0026884092949330807
6249,-2.5157649517059326,0.0026869664434343576
6250,-2.55576491355896,0.0026847601402550936
6251,-2.4754979610443115,0.002682814607396722
6252,-2.5005650520324707,0.0026808148249983788
6253,-2.5056309700012207,0.0026782096829265356
6254,-2.540832042694092,0.0026752979028970003
6255,-2.5157649517059326,0.0026725942734628916
6256,-2.5656321048736572,0.0026708184741437435
6257,-2.510698080062866,0.002669171430170536
6258,-2.53069806098938,0.0026672491803765297
6259,-2.4805641174316406,0.0026659942232072353
6260,-2.5357649326324463,0.002664600033313036
6261,-2.460563898086548,0.002662266604602337
6262,-2.510698080062866,0.0026593520306050777
6263,-2.4656310081481934,0.002657357370480895
6264,-2.525631904602051,0.00265536829829216
6265,-2.5056309700012207,0.0026538430247455835
6266,-2.53069806098938,0.0026525661814957857
6267,-2.525631904602051,0.002651454648002982
6268,-2.5656321048736572,0.002651123097166419
6269,-2.470698118209839,0.002650718204677105
6270,-2.5205650329589844,0.002650052774697542
6271,-2.4754979610443115,0.002649134723469615
6272,-2.540832042694092,0.002648597117513418
6273,-2.470698118209839,0.0026474022306501865
6274,-2.5157649517059326,0.002646286506205797
6275,-2.470698118209839,0.002644701860845089
6276,-2.525631904602051,0.002641922328621149
6277,-2.4805641174316406,0.0026389574632048607
6278,-2.540832042694092,0.002636197954416275
6279,-2.4906980991363525,0.002632620744407177
6280,-2.53069806098938,0.00262903212569654
6281,-2.510698080062866,0.002624599961563945
6282,-2.540832042694092,0.0026203379966318607
6283,-2.4754979610443115,0.002615373581647873
6284,-2.55576491355896,0.002610216848552227
6285,-2.4805641174316406,0.002604832174256444
6286,-2.53069806098938,0.0025990474969148636
6287,-2.5005650520324707,0.0025920842308551073
6288,-2.53069806098938,0.002584409434348345
6289,-2.485630989074707,0.0025762177538126707
6290,-2.5205650329589844,0.002568730153143406
6291,-2.495764970779419,0.002559925429522991
6292,-2.53069806098938,0.0025517046451568604
6293,-2.510698080062866,0.0025432701222598553
6294,-2.53069806098938,0.002533568535000086
6295,-2.5005650520324707,0.0025240785907953978
6296,-2.5056309700012207,0.002510971622541547
6297,-2.5056309700012207,0.0024961906019598246
6298,-2.5456318855285645,0.00247914413921535
6299,-2.5205650329589844,0.0024594590067863464
6300,-2.55576491355896,0.002437949413433671
6301,-2.495764970779419,0.002413926413282752
6302,-2.55069899559021,0.0023911776952445507
6303,-2.5205650329589844,0.002372403396293521
6304,-2.53069806098938,0.002352963201701641
6305,-2.4906980991363525,0.0023292172700166702
6306,-2.55069899559021,0.0023007034324109554
6307,-2.495764970779419,0.002268792362883687
6308,-2.5357649326324463,0.0022295271046459675
6309,-2.4906980991363525,0.00218234327621758
6310,-2.5157649517059326,0.0021337196230888367
6311,-2.495764970779419,0.0020814789459109306
6312,-2.5157649517059326,0.002022557659074664
6313,-2.4456310272216797,0.0019549052231013775
6314,-2.5205650329589844,0.0018840564880520105
6315,-2.4506969451904297,0.0018179489998146892
6316,-2.4906980991363525,0.0017506643198430538
6317,-2.495764970779419,0.0016915496671572328
6318,-2.5157649517059326,0.001633739098906517
6319,-2.5157649517059326,0.0015664726961404085
6320,-2.4906980991363525,0.001478885067626834
6321,-2.4906980991363525,0.0013869721442461014
6322,-2.525631904602051,0.0013128432910889387
6323,-2.495764970779419,0.0012483736500144005
6324,-2.540832042694092,0.001208130968734622
6325,-2.3954970836639404,0.00117394607514143
6326,-1.5138859748840332,0.0011476989602670074
6327,-0.2920039892196655,0.0010639801621437073
6328,0.19893600046634674,0.0010229526087641716
6329,0.7248089909553528,0.0009931621607393026
6330,1.090414047241211,0.0009745662100613117
6331,1.2605489492416382,0.000959829892963171
6332,1.3306829929351807,0.0009486018680036068
6333,1.5861530303955078,0.0009371309424750507
6334,1.6562869548797607,0.0009275964694097638
6335,1.6864210367202759,0.0009196243481710553
6336,1.68135404586792,0.0009102983167394996
6337,1.801622986793518,0.0009045563056133687
6338,1.8066890239715576,0.0008981784339994192
6339,1.8866900205612183,0.0008930754847824574
6340,1.9016239643096924,0.0008887377916835248
6341,1.9968249797821045,0.0008852718165144324
6342,1.9368239641189575,0.0008835764601826668
6343,1.9917579889297485,0.0008828515419736505
6344,1.9917579889297485,0.0008832521270960569
6345,2.016824960708618,0.0008844820549711585
6346,2.0218920707702637,0.0008855377091094851
6347,2.061892032623291,0.0008867572760209441
6348,2.0570919513702393,0.0008876953506842256
6349,2.152026891708374,0.000888232549186796
6350,2.177093982696533,0.0008877085638232529
6351,2.292294979095459,0.0008869585581123829
6352,2.317362070083618,0.0008843031828291714
6353,2.407496929168701,0.0008823684183880687
6354,2.442697048187256,0.00087953289039433
6355,2.497631072998047,0.0008776560425758362
6356,2.4576311111450195,0.0008762517827562988
6357,1.8717570304870605,0.0008748482796363533
6358,0.4893389940261841,0.0008753860602155328
6359,-0.04666699841618538,0.0008759693009778857
6360,-0.5474740266799927,0.0008771007414907217
6361,-0.9330779910087585,0.0008777995244599879
6362,-1.1784149408340454,0.0008780689095146954
6363,-1.183480978012085,0.0008786148973740637
6364,-1.4488179683685303,0.0008793119923211634
6365,-1.6090869903564453,0.0008800279465503991
6366,-1.6792210340499878,0.0008809148566797376
6367,-1.6493539810180664,0.0008819535141810775
6368,-1.7544219493865967,0.0008830524748191237
6369,-1.7944220304489136,0.0008841891540214419
6370,-1.8696229457855225,0.0008852935279719532
6371,-1.8594900369644165,0.0008863328257575631
6372,-1.9546910524368286,0.00088724703527987
6373,-1.949623942375183,0.000888291047886014
6374,-1.9848250150680542,0.0008894011843949556
6375,-1.9797580242156982,0.0008905865252017975
6376,-2.0549590587615967,0.0008918005623854697
6377,-2.0698928833007812,0.0008930631447583437
6378,-2.1349599361419678,0.0008943344582803547
6379,-2.1250929832458496,0.0008956277742981911
6380,-2.1800270080566406,0.0008969104383140802
6381,-2.1952269077301025,0.0008982005529105663
6382,-2.3152289390563965,0.0008994843810796738
6383,-2.350429058074951,0.0009008004562929273
6384,-2.4554970264434814,0.000902160769328475
6385,-2.4554970264434814,0.0009035288239829242
6386,-2.4906980991363525,0.0009052474051713943
6387,-2.5005650520324707,0.0009078958537429571
6388,-2.5656321048736572,0.000910180970095098
6389,-2.5205650329589844,0.0009122707415372133
6390,-2.6309659481048584,0.0009144471259787679
6391,-2.595766067504883,0.0009165465016849339
6392,-2.625899076461792,0.0009178738691844046
6393,-2.6157660484313965,0.0009188107796944678
6394,-2.620832920074463,0.0009196075843647122
6395,-2.5706989765167236,0.0009205205133184791
6396,-2.6408329010009766,0.0009215954341925681
6397,-2.6058990955352783,0.0009227555710822344
6398,-2.6109659671783447,0.0009242109954357147
6399,-2.55069899559021,0.0009259394719265401
6400,-2.575766086578369,0.0009275886695832014
6401,-2.5706989765167236,0.0009293864713981748
6402,-2.5858991146087646,0.0009312474867329001
6403,-2.55576491355896,0.0009328947635367513
6404,-2.580832004547119,0.0009344071731902659
6405,-2.55069899559021,0.0009358086390420794
6406,-2.5858991146087646,0.0009370822226628661
6407,-2.4754979610443115,0.0009380485862493515
6408,-2.495764970779419,0.0009390416089445353
6409,-2.510698080062866,0.0009401933057233691
6410,-2.53069806098938,0.000941037549637258
6411,-2.510698080062866,0.0009419119451195002
6412,-2.525631904602051,0.0009431156795471907
6413,-2.495764970779419,0.0009443328599445522
6414,-2.540832042694092,0.0009456152329221368
6415,-2.495764970779419,0.0009471940575167537
6416,-2.5656321048736572,0.0009489823132753372
6417,-2.4754979610443115,0.0009506078204140067
6418,-2.5608320236206055,0.0009523245971649885
6419,-2.295228958129883,0.0009538071462884545
6420,-1.1733479499816895,0.0009552708361297846
6421,-0.12160199880599976,0.000956110074184835
6422,0.32400399446487427,0.0009557838784530759
6423,0.8400099873542786,0.0009533676202408969
6424,1.1205470561981201,0.0009499550797045231
6425,1.2256150245666504,0.000944450031965971
6426,1.3858840465545654,0.0009382903226651251
6427,1.5962870121002197,0.0009320422541350126
6428,1.6512210369110107,0.0009245908004231751
6429,1.7064210176467896,0.0009159989422187209
6430,1.7064210176467896,0.0009088831720873713
6431,1.7914890050888062,0.0009027803316712379
6432,1.8165559768676758,0.0008968384936451912
6433,1.8816239833831787,0.0008900069515220821
6434,1.8666900396347046,0.0008830605074763298
6435,1.9717580080032349,0.000876339094247669
6436,1.9517580270767212,0.0008698187302798033
6437,2.0069580078125,0.0008629991207271814
6438,2.0469589233398438,0.0008562130387872458
6439,2.0669589042663574,0.0008495090296491981
6440,2.0570919513702393,0.0008430612506344914
6441,2.1021599769592285,0.0008372286101803184
6442,2.086958885192871,0.0008315747836604714
6443,2.177093982696533,0.0008251971448771656
6444,2.1821610927581787,0.0008181760786101222
6445,2.302428960800171,0.0008113887161016464
6446,2.33256196975708,0.0008055177750065923
6447,2.422697067260742,0.0008004028350114822
6448,2.407496929168701,0.0007962003001011908
6449,2.497631072998047,0.0007925524841994047
6450,2.4826979637145996,0.0007895487942732871
6451,2.512830972671509,0.0007868988905102015
6452,2.5277650356292725,0.0007842875202186406
6453,2.58776593208313,0.0007817305158823729
6454,2.5778989791870117,0.0007790457457304001
6455,2.628032922744751,0.0007763921748846769
6456,2.5426979064941406,0.0007731369696557522
6457,2.5829660892486572,0.0007695314707234502
6458,2.532831907272339,0.0007663420401513577
6459,2.58776593208313,0.000763282529078424
6460,2.522697925567627,0.000760889844968915
6461,2.522697925567627,0.0007586234714835882
6462,2.512830972671509,0.0007563835824839771
6463,2.547765016555786,0.0007545183761976659
6464,2.537898063659668,0.0007523889653384686
6465,2.5026979446411133,0.0007503304514102638
6466,2.4626970291137695,0.0007483038352802396
6467,2.522697925567627,0.000746301026083529
6468,2.507765054702759,0.0007442227797582746
6469,2.5277650356292725,0.0007421036716550589
6470,2.497631072998047,0.0007400164613500237
6471,2.5026979446411133,0.0007382582407444715
6472,2.4576311111450195,0.0007372582331299782
6473,2.512830972671509,0.0007366102654486895
6474,2.442697048187256,0.0007361373864114285
6475,2.492830991744995,0.0007361554889939725
6476,2.4376299381256104,0.0007362663745880127
6477,2.492830991744995,0.0007362924516201019
6478,2.467763900756836,0.0007363617769442499
6479,2.492830991744995,0.0007360581075772643
6480,2.467763900756836,0.0007358374423347414
6481,2.5176310539245605,0.0007358232396654785
6482,2.4477639198303223,0.0007359167793765664
6483,2.497631072998047,0.0007358841830864549
6484,2.4576311111450195,0.0007354819681495428
6485,2.492830991744995,0.0007345268386416137
6486,2.4477639198303223,0.0007330961525440216
6487,2.467763900756836,0.0007308707572519779
6488,2.4576311111450195,0.0007279456476680934
6489,2.492830991744995,0.0007252848008647561
6490,2.422697067260742,0.0007231528870761395
6491,2.4877638816833496,0.0007213682401925325
6492,2.427496910095215,0.0007199770770967007
6493,2.4725639820098877,0.0007187067531049252
6494,2.407496929168701,0.0007172537734732032
6495,2.4725639820098877,0.0007159371161833405
6496,2.407496929168701,0.0007145954295992851
6497,2.477631092071533,0.0007129260920919478
6498,2.4125630855560303,0.000711028347723186
6499,2.4576311111450195,0.0007093570893630385
6500,2.4477639198303223,0.0007075857138261199
6501,2.427496910095215,0.0007056028116494417
6502,2.4026970863342285,0.0007039321353659034
6503,2.4325640201568604,0.0007025105296634138
6504,2.407496929168701,0.000701069482602179
6505,2.4626970291137695,0.0006999489269219339
6506,2.3925631046295166,0.0006992732523940504
6507,2.452564001083374,0.0006988247623667121
6508,2.4026970863342285,0.0006981159676797688
6509,2.4626970291137695,0.0006978264427743852
6510,2.4026970863342285,0.000697608629707247
6511,2.467763900756836,0.000697239360306412
6512,2.427496910095215,0.0006971074035391212
6513,2.0920259952545166,0.0006972254486754537
6514,0.7448089718818665,0.0006970297545194626
6515,-0.031466998159885406,0.0006967915687710047
6516,-0.527472972869873,0.0006963118212297559
6517,-0.9530789852142334,0.0006955369608476758
6518,-1.2285490036010742,0.0006946874200366437
6519,-1.2586820125579834,0.0006938155274838209
6520,-1.5240190029144287,0.0006930297240614891
6521,-1.6442869901657104,0.0006924457848072052
6522,-1.7642890214920044,0.0006919826264493167
6523,-1.7394880056381226,0.0006916020065546036
6524,-1.8445559740066528,0.0006912820972502232
6525,-1.8546899557113647,0.0006909982766956091
6526,-1.8997570276260376,0.0006907209753990173
6527,-1.9245569705963135,0.0006904599722474813
6528,-2.0149590969085693,0.0006902213208377361
6529,-1.9946919679641724,0.000690016255248338
6530,-2.0698928833007812,0.0006898252759128809
6531,-2.044826030731201,0.0006896578706800938
6532,-2.1000258922576904,0.0006894778925925493
6533,-2.089893102645874,0.0006892981473356485
6534,-2.130160093307495,0.0006890992517583072
6535,-2.114959955215454,0.0006888795178383589
6536,-2.1800270080566406,0.000688635278493166
6537,-2.185094118118286,0.0006883707246743143
6538,-2.335495948791504,0.0006880982546135783
6539,-2.345362901687622,0.0006878268322907388
6540,-2.4506969451904297,0.0006875523249618709
6541,-2.460563898086548,0.0006872675148770213
6542,-2.5056309700012207,0.0006869626231491566
6543,-2.5357649326324463,0.0006866329349577427
6544,-2.6058990955352783,0.0006862785667181015
6545,-2.55576491355896,0.0006858860142529011
6546,-2.620832920074463,0.0006854561506770551
6547,-2.600832939147949,0.0006850011413916945
6548,-2.645900011062622,0.00068451720289886
6549,-2.6408329010009766,0.0006840150454081595
6550,-2.6560330390930176,0.0006834930973127484
6551,-2.5906989574432373,0.0006829405319876969
6552,-2.6408329010009766,0.0006823790608905256
6553,-2.6309659481048584,0.0006818041438236833
6554,-2.625899076461792,0.0006812276551499963
6555,-2.5906989574432373,0.0006806509336456656
6556,-2.595766067504883,0.0006800728151574731
6557,-2.540832042694092,0.0006794874207116663
6558,-2.575766086578369,0.0006789148901589215
6559,-2.5456318855285645,0.0006783577846363187
6560,-2.6157660484313965,0.0006778136594220996
6561,-2.55576491355896,0.0006772777996957302
6562,-2.575766086578369,0.0006767516606487334
6563,-2.53069806098938,0.0006762138218618929
6564,-2.55576491355896,0.000675678311381489
6565,-2.5157649517059326,0.0006751372129656374
6566,-2.580832004547119,0.0006746132858097553
6567,-2.55576491355896,0.0006740998942404985
6568,-2.5656321048736572,0.0006735955248586833
6569,-2.5005650520324707,0.0006730884779244661
6570,-2.525631904602051,0.0006725757266394794
6571,-2.495764970779419,0.0006720551173202693
6572,-2.540832042694092,0.0006715500494465232
6573,-2.5157649517059326,0.0006710197776556015
6574,-2.540832042694092,0.0006705022533424199
6575,-2.5056309700012207,0.0006699231453239918
6576,-2.5456318855285645,0.0006692451424896717
6577,-2.510698080062866,0.0006684840191155672
6578,-2.540832042694092,0.0006677557830698788
6579,-2.4906980991363525,0.0006670493166893721
6580,-2.525631904602051,0.0006661524530500174
6581,-2.5005650520324707,0.000664871942717582
6582,-2.5456318855285645,0.00066330935806036
6583,-2.470698118209839,0.0006617177277803421
6584,-2.540832042694092,0.0006603042129427195
6585,-2.5056309700012207,0.0006589906406588852
6586,-2.525631904602051,0.0006577145541086793
6587,-2.4754979610443115,0.0006565137882716954
6588,-2.53069806098938,0.0006551769911311567
6589,-2.485630989074707,0.0006536628352478147
6590,-2.540832042694092,0.0006520657916553319
6591,-2.4805641174316406,0.0006506232311949134
6592,-2.5157649517059326,0.0006491182721219957
6593,-2.495764970779419,0.0006472694803960621
6594,-2.540832042694092,0.0006454493850469589
6595,-2.470698118209839,0.0006438520504161716
6596,-2.4906980991363525,0.0006421961006708443
6597,-2.4754979610443115,0.0006402039434760809
6598,-2.5056309700012207,0.0006379252299666405
6599,-2.495764970779419,0.0006358953542076051
6600,-2.525631904602051,0.0006338064558804035
6601,-2.4906980991363525,0.0006314492784440517
6602,-2.4805641174316406,0.000629146583378315
6603,-2.4805641174316406,0.0006270799785852432
6604,-2.5157649517059326,0.0006253821775317192
6605,-2.5005650520324707,0.0006248587160371244
6606,-2.510698080062866,0.000625586835667491
6607,-2.5157649517059326,0.0006271807360462844
6608,-2.525631904602051,0.0006287771393544972
6609,-2.460563898086548,0.00063015625346452
6610,-2.5005650520324707,0.0006310582393780351
6611,-2.4754979610443115,0.0006315788486972451
6612,-2.5456318855285645,0.0006317214574664831
6613,-2.495764970779419,0.0006316248327493668
6614,-2.510698080062866,0.0006310538155958056
6615,-2.4906980991363525,0.0006303866393864155
6616,-2.525631904602051,0.0006298464140854776
6617,-2.5005650520324707,0.0006293799378909171
6618,-2.5205650329589844,0.0006287545547820628
6619,-2.495764970779419,0.0006281324313022196
6620,-2.53069806098938,0.0006277449429035187
6621,-2.5005650520324707,0.000627470959443599
6622,-2.5205650329589844,0.0006272132741287351
6623,-2.4906980991363525,0.0006270507001318038
6624,-2.55576491355896,0.0006270268931984901
6625,-2.4906980991363525,0.0006271538441069424
6626,-2.4906980991363525,0.0006273165927268565
6627,-2.4304299354553223,0.0006272050668485463
6628,-2.4805641174316406,0.0006270842859521508
6629,-2.4656310081481934,0.0006270930753089488
6630,-2.5157649517059326,0.00062706193421036
6631,-2.470698118209839,0.0006270909798331559
6632,-2.5005650520324707,0.0006271869642660022
6633,-2.4554970264434814,0.0006274327170103788
6634,-2.540832042694092,0.0006280314410105348
6635,-2.4805641174316406,0.0006289692828431726
6636,-2.5456318855285645,0.0006304126000031829
6637,-2.460563898086548,0.000631731643807143
6638,-2.130160093307495,0.0006329861935228109
6639,-0.7778760194778442,0.0006335153011605144
6640,-0.016534000635147095,0.0006339101237244904
6641,0.4944060146808624,0.0006343476707115769
6642,0.9200109839439392,0.000634342955891043
6643,1.2154819965362549,0.0006333317724056542
6644,1.2405489683151245,0.0006325923604890704
6645,1.476017951965332,0.0006319476524367929
6646,1.641353964805603,0.0006311489851213992
6647,1.7114880084991455,0.0006303639383986592
6648,1.68135404586792,0.0006302756955847144
6649,1.7464220523834229,0.0006304957787506282
6650,1.7714890241622925,0.0006308050360530615
6651,1.8717570304870605,0.0006309439777396619
6652,1.9016239643096924,0.0006308594602160156
6653,1.9568239450454712,0.00063063990091905
6654,1.9317569732666016,0.0006300631794147193
6655,1.9869580268859863,0.0006291705067269504
6656,1.9818910360336304,0.0006283133989199996
6657,2.016824960708618,0.0006272775353863835
6658,2.00189208984375,0.0006261438829824328
6659,2.0669589042663574,0.0006252062739804387
6660,2.0570919513702393,0.0006243602838367224
6661,2.1320269107818604,0.0006236147601157427
6662,2.1320269107818604,0.0006229844293557107
6663,2.247227907180786,0.0006226843688637018
6664,2.277362108230591,0.0006223341333679855
6665,2.4026970863342285,0.0006217177142389119
6666,2.427496910095215,0.0006214777822606266
6667,2.492830991744995,0.0006212275475263596
6668,2.4877638816833496,0.0006209809216670692
6669,2.317362070083618,0.000620660837739706
6670,1.1453479528427124,0.0006203357479535043
6671,0.17386899888515472,0.0006198934279382229
6672,-0.28693699836730957,0.0006191328866407275
6673,-0.7528089880943298,0.000618339458014816
6674,-1.1282809972763062,0.0006172782741487026
6675,-1.1333470344543457,0.0006163556245155632
6676,-1.3688169717788696,0.0006153167923912406
6677,-1.5290859937667847,0.0006143576465547085
6678,-1.6893539428710938,0.0006136398296803236
6679,-1.629086971282959,0.0006130120018497109
6680,-1.724287986755371,0.000612317759077996
6681,-1.7594890594482422,0.0006117625162005424
6682,-1.8645570278167725,0.0006112764240242541
6683,-1.874690055847168,0.0006106133805587888
6684,-1.9296239614486694,0.0006100284517742693
6685,-1.9346909523010254,0.0006096346769481897
6686,-2.009891986846924,0.0006091578397899866
6687,-1.9797580242156982,0.000608469417784363
6688,-2.0397589206695557,0.0006076885620132089
6689,-2.024825096130371,0.0006070845411159098
6690,-2.064826011657715,0.0006063394248485565
6691,-2.064826011657715,0.0006051770178601146
6692,-2.130160093307495,0.0006038462743163109
6693,-2.1450929641723633,0.0006027259514667094
6694,-2.2152280807495117,0.0006015458493493497
6695,-2.29042911529541,0.0006001892616041005
6696,-2.4104299545288086,0.0005990214413031936
6697,-2.3853631019592285,0.0005981635767966509
6698,-2.5357649326324463,0.0005974322557449341
6699,-2.4754979610443115,0.0005974238738417625
6700,-2.4205639362335205,0.0005973477382212877
6701,-1.4938850402832031,0.0005967364413663745
6702,-0.3269369900226593,0.0005960511625744402
6703,0.18880200386047363,0.0005948137259110808
6704,0.604541003704071,0.0005927950842306018
6705,1.0152130126953125,0.0005905756261199713
6706,1.0704129934310913,0.0005889124586246908
6707,1.2605489492416382,0.0005876077339053154
6708,1.470952033996582,0.0005865272833034396
6709,1.5810860395431519,0.0005856718635186553
6710,1.5810860395431519,0.000585013534873724
6711,1.6312199831008911,0.0005844791885465384
6712,1.6914880275726318,0.0005841219099238515
6713,1.7714890241622925,0.000583876739256084
6714,1.801622986793518,0.0005837040953338146
6715,1.846690058708191,0.0005835859337821603
6716,1.856557011604309,0.0005834890762344003
6717,1.9168239831924438,0.0005834175390191376
6718,1.9168239831924438,0.0005833424511365592
6719,1.9917579889297485,0.0005832790629938245
6720,1.9568239450454712,0.0005832250462844968
6721,2.0418920516967773,0.000583185232244432
6722,2.0218920707702637,0.0005831551970914006
6723,2.0570919513702393,0.0005831328453496099
6724,2.0669589042663574,0.000583144195843488
6725,2.1621599197387695,0.0005831940798088908
6726,2.2173609733581543,0.0005832820315845311
6727,2.3424289226531982,0.0005833807517774403
6728,2.3424289226531982,0.0005836517084389925
6729,2.4626970291137695,0.0005842804675921798
6730,2.4376299381256104,0.0005853433394804597
6731,2.497631072998047,0.0005869157612323761
6732,2.4826979637145996,0.0005890073953196406
6733,2.5528318881988525,0.0005914651555940509
6734,2.532831907272339,0.0005937935784459114
6735,2.5829660892486572,0.0005960965645499527
6736,2.5277650356292725,0.0005981450667604804
6737,2.562964916229248,0.0005999665008857846
6738,2.522697925567627,0.000601810053922236
6739,2.562964916229248,0.0006035938858985901
6740,2.5026979446411133,0.0006055672420188785
6741,2.5528318881988525,0.0006078545702621341
6742,2.507765054702759,0.0006104249623604119
6743,2.537898063659668,0.0006129374960437417
6744,2.467763900756836,0.0006156187155283988
6745,2.5026979446411133,0.0006182475481182337
6746,2.5026979446411133,0.0006207992555573583
6747,2.507765054702759,0.0006231155712157488
6748,2.5026979446411133,0.0006254386389628053
6749,2.537898063659668,0.0006279854569584131
6750,2.477631092071533,0.000631016562692821
6751,2.507765054702759,0.0006342337001115084
6752,2.452564001083374,0.0006377320969477296
6753,2.497631072998047,0.0006411428330466151
6754,2.427496910095215,0.0006445022881962359
6755,2.4877638816833496,0.0006475586560554802
6756,2.4725639820098877,0.0006505805067718029
6757,2.477631092071533,0.0006538867601193488
6758,2.467763900756836,0.0006574311410076916
6759,2.497631072998047,0.0006609613192267716
6760,2.4325640201568604,0.0006643531960435212
6761,2.4877638816833496,0.0006674024043604732
6762,2.4576311111450195,0.0006705805426463485
6763,2.1069600582122803,0.0006735273054800928
6764,0.7546759843826294,0.0006761838449165225
6765,-0.026399999856948853,0.0006784875877201557
6766,-0.53227299451828,0.0006803009891882539
6767,-0.9229450225830078,0.0006815760862082243
6768,-1.2285490036010742,0.0006821176502853632
6769,-1.2736159563064575,0.0006823136354796588
6770,-1.5138859748840332,0.0006824637530371547
6771,-1.6741540431976318,0.0006824434967711568
6772,-1.7493549585342407,0.0006825784221291542
6773,-1.729354977607727,0.0006827763863839209
6774,-1.8445559740066528,0.0006829904159530997
6775,-1.8794900178909302,0.0006832332001067698
6776,-1.9296239614486694,0.000683504855260253
6777,-1.9296239614486694,0.000683750375173986
6778,-1.999758005142212,0.0006839829729869962
6779,-1.9746910333633423,0.0006841733120381832
6780,-2.0397589206695557,0.0006843350711278617
6781,-2.024825096130371,0.0006844607414677739
6782,-2.089893102645874,0.0006845826283097267
6783,-2.0749590396881104,0.000684680009726435
6784,-2.1800270080566406,0.0006847644690424204
6785,-2.1098930835723877,0.0006848210468888283
6786,-2.2050940990448,0.0006848445627838373
6787,-2.1952269077301025,0.0006848486373201013
6788,-2.300295114517212,0.0006848432822152972
6789,-2.3602960109710693,0.0006848335033282638
6790,-2.4456310272216797,0.0006848346092738211
6791,-2.4354970455169678,0.0006848525954410434
6792,-2.5357649326324463,0.0006848883931525052
6793,-2.540832042694092,0.0006849518977105618
6794,-2.595766067504883,0.0006850147619843483
6795,-2.5656321048736572,0.0006850854260846972
6796,-2.6058990955352783,0.0006851510843262076
6797,-2.6058990955352783,0.0006852151709608734
6798,-2.6560330390930176,0.0006852695951238275
6799,-2.6408329010009766,0.000685308245010674
6800,-2.650965929031372,0.0006853295490145683
6801,-2.5906989574432373,0.0006853365339338779
6802,-2.645900011062622,0.0006853463710285723
6803,-2.575766086578369,0.0006853415397927165
6804,-2.625899076461792,0.0006853432860225439
6805,-2.575766086578369,0.000685338512994349
6806,-2.5858991146087646,0.0006853402010165155
6807,-2.5656321048736572,0.0006853447994217277
6808,-2.5706989765167236,0.0006853414233773947
6809,-2.540832042694092,0.000685342529322952
6810,-2.5906989574432373,0.0006853505037724972
6811,-2.5157649517059326,0.0006853557424619794
6812,-2.5656321048736572,0.0006853764643892646
6813,-2.53069806098938,0.0006853936356492341
6814,-2.580832004547119,0.0006854137172922492
6815,-2.5205650329589844,0.0006854228558950126
6816,-2.55576491355896,0.0006854361272417009
6817,-2.510698080062866,0.0006854449165984988
6818,-2.55069899559021,0.0006854560924693942
6819,-2.510698080062866,0.0006854692474007607
6820,-2.540832042694092,0.0006854860112071037
6821,-2.5157649517059326,0.0006855054525658488
6822,-2.55576491355896,0.0006855260580778122
6823,-2.5205650329589844,0.0006855460815131664
6824,-2.55069899559021,0.0006855609826743603
6825,-2.5205650329589844,0.0006855762912891805
6826,-2.53069806098938,0.0006855879910290241
6827,-2.53069806098938,0.0006856084801256657
6828,-2.5456318855285645,0.0006856212276034057
6829,-2.5005650520324707,0.000685636536218226
6830,-2.5157649517059326,0.0006856534164398909
6831,-2.5056309700012207,0.0006856736144982278
6832,-2.575766086578369,0.0006856973050162196
6833,-2.5205650329589844,0.0006857101689092815
6834,-2.5656321048736572,0.0006857287371531129
6835,-2.485630989074707,0.000685738050378859
6836,-2.510698080062866,0.0006857507396489382
6837,-2.5157649517059326,0.0006857714615762234
6838,-2.525631904602051,0.000685788516420871
6839,-2.4906980991363525,0.0006858152337372303
6840,-2.55069899559021,0.0006858489359728992
6841,-2.510698080062866,0.0006858803681097925
6842,-2.5706989765167236,0.0006859127897769213
6843,-2.470698118209839,0.0006859364220872521
6844,-2.5157649517059326,0.0006859682034701109
6845,-2.4456310272216797,0.0006859933491796255
6846,-2.4656310081481934,0.0006860184948891401
6847,-2.4554970264434814,0.0006860342109575868
6848,-2.485630989074707,0.0006860496941953897
6849,-2.4805641174316406,0.000686072395183146
6850,-2.4906980991363525,0.0006860803696326911
6851,-2.440563917160034,0.0006860988214612007
6852,-2.5005650520324707,0.0006861362489871681
6853,-2.470698118209839,0.000686226470861584
6854,-2.525631904602051,0.0006864563329145312
6855,-2.4805641174316406,0.000686854706145823
6856,-2.4906980991363525,0.0006877933628857136
6857,-1.7642890214920044,0.0006895821425132453
6858,-0.49733999371528625,0.0006920420564711094
6859,0.1488019973039627,0.0006941506871953607
6860,0.5845410227775574,0.0006959493039175868
6861,1.0653469562530518,0.0006971147377043962
6862,1.1805479526519775,0.0006972934352234006
6863,1.315750002861023,0.0006967917433939874
6864,1.5061520338058472,0.0006963111809454858
6865,1.6864210367202759,0.0006959259044378996
6866,1.68135404586792,0.0006958530284464359
6867,1.7514890432357788,0.0006958603044040501
6868,1.7464220523834229,0.0006962203187867999
6869,1.8314900398254395,0.0006966816727072
6870,1.8266890048980713,0.0006969432579353452
6871,1.906690001487732,0.0006973441340960562
6872,1.8816239833831787,0.0006977954180911183
6873,1.9669580459594727,0.0006984361680224538
6874,1.9466910362243652,0.0006991142872720957
6875,2.016824960708618,0.0006997905438765883
6876,1.9968249797821045,0.000700657838024199
6877,2.0920259952545166,0.0007012910791672766
6878,2.072026014328003,0.0007017368916422129
6879,2.0821590423583984,0.0007016580202616751
6880,2.1021599769592285,0.0007014900911599398
6881,2.1722939014434814,0.0007011707057245076
6882,2.222161054611206,0.0007009332184679806
6883,2.3474960327148438,0.0007015387527644634
6884,2.3776299953460693,0.0007024650694802403
6885,2.4325640201568604,0.000703964673448354
6886,2.4576311111450195,0.0007063738303259015
6887,2.5277650356292725,0.0007086173282004893
6888,2.4877638816833496,0.0007113419123925269
6889,2.5778989791870117,0.0007150781457312405
6890,2.5426979064941406,0.0007194122881628573
6891,2.5978989601135254,0.0007231142371892929
6892,2.557898998260498,0.0007266325992532074
6893,2.602966070175171,0.00073121243622154
6894,2.5426979064941406,0.0007361122407019138
6895,2.58776593208313,0.0007416561711579561
6896,2.5277650356292725,0.0007478124462068081
6897,2.5677649974823,0.0007550175068899989
6898,2.5176310539245605,0.0007631692569702864
6899,2.537898063659668,0.0007716694381088018
6900,2.492830991744995,0.0007809882517904043
6901,2.5277650356292725,0.0007912181317806244
6902,2.5026979446411133,0.0008019611705094576
6903,2.5026979446411133,0.0008134925737977028
6904,2.492830991744995,0.0008251211256720126
6905,2.522697925567627,0.0008373232558369637
6906,2.4477639198303223,0.0008506531594321132
6907,2.5026979446411133,0.0008630788652226329
6908,2.4325640201568604,0.0008750769775360823
6909,2.4877638816833496,0.0008870969759300351
6910,2.442697048187256,0.000899792299605906
6911,2.477631092071533,0.0009129574755206704
6912,2.4125630855560303,0.0009260947117581964
6913,2.477631092071533,0.000939693592954427
6914,2.442697048187256,0.0009546264773234725
6915,2.497631072998047,0.0009693829924799502
6916,2.427496910095215,0.0009832214564085007
6917,2.497631072998047,0.000995650072582066
6918,2.4376299381256104,0.0010076346807181835
6919,2.2672278881073,0.001019349554553628
6920,1.1002800464630127,0.0010309278732165694
6921,0.12373500317335129,0.0010424989741295576
6922,-0.4221389889717102,0.0010535386390984058
6923,-0.8528109788894653,0.0010626260191202164
6924,-1.2034820318222046,0.0010697981342673302
6925,-1.2634819746017456,0.0010756293777376413
6926,-1.4488179683685303,0.0010801672469824553
6927,-1.629086971282959,0.0010835874127224088
6928,-1.769355058670044,0.001086355885490775
6929,-1.724287986755371,0.0010887287789955735
6930,-1.8045560121536255,0.0010907154064625502
6931,-1.8194890022277832,0.0010923355584964156
6932,-1.9346909523010254,0.0010936892358586192
6933,-1.949623942375183,0.0010948628187179565
6934,-2.034959077835083,0.0010958288330584764
6935,-1.9946919679641724,0.0010966649278998375
6936,-2.0298919677734375,0.0010973543394356966
6937,-2.0397589206695557,0.0010979592334479094
6938,-2.0698928833007812,0.001098456559702754
6939,-2.044826030731201,0.001098897773772478
6940,-2.1000258922576904,0.0010992181487381458
6941,-2.089893102645874,0.0010994917247444391
6942,-2.175226926803589,0.0010997182689607143
6943,-2.1549599170684814,0.0010999543592333794
6944,-2.2853620052337646,0.0011001699604094028
6945,-2.3304290771484375,0.0011004237458109856
6946,-2.4256300926208496,0.001100755762308836
6947,-2.4354970455169678,0.001101263565942645
6948,-2.510698080062866,0.0011020796373486519
6949,-2.4656310081481934,0.001103186747059226
6950,-2.4506969451904297,0.001105176517739892
6951,-1.4938850402832031,0.0011086048325523734
6952,-0.33200401067733765,0.0011117714457213879
6953,0.17386899888515472,0.0011138452682644129
6954,0.609607994556427,0.0011153582017868757
6955,1.0301460027694702,0.001115619670599699
6956,1.090414047241211,0.0011165931355208158
6957,1.2808159589767456,0.0011177847627550364
6958,1.465885043144226,0.0011197419371455908
6959,1.6162869930267334,0.0011228250805288553
6960,1.5912200212478638,0.0011258813319727778
6961,1.6562869548797607,0.0011288417736068368
6962,1.6914880275726318,0.0011325448285788298
6963,1.7616219520568848,0.0011364795500412583
6964,1.7714890241622925,0.0011414401233196259
6965,1.8717570304870605,0.0011468224693089724
6966,1.8666900396347046,0.0011518776882439852
6967,1.9466910362243652,0.0011578421108424664
6968,1.9218909740447998,0.0011634731199592352
6969,1.9669580459594727,0.0011704338248819113
6970,1.9317569732666016,0.001178571954369545
6971,2.0069580078125,0.0011876053176820278
6972,2.00189208984375,0.0011962441494688392
6973,2.016824960708618,0.0012053875252604485
6974,2.0418920516967773,0.0012152402196079493
6975,2.142159938812256,0.0012244891840964556
6976,2.222161054611206,0.001236068899743259
6977,2.302428960800171,0.001247192732989788
6978,2.3424289226531982,0.0012616536114364862
6979,2.4125630855560303,0.0012797426898032427
6980,2.382430076599121,0.0013003598432987928
6981,2.4477639198303223,0.001322682946920395
6982,1.7864220142364502,0.0013467235257849097
6983,0.4944060146808624,0.0013686250895261765
6984,-0.1016009971499443,0.0013872452545911074
6985,-0.5173400044441223,0.0014019531663507223
6986,-0.9880120158195496,0.0014157796977087855
6987,-1.1333470344543457,0.0014308494282886386
6988,-1.2685489654541016,0.001448149443604052
6989,-1.4437509775161743,0.0014706940855830908
6990,-1.629086971282959,0.0014974500518292189
6991,-1.629086971282959,0.0015293153701350093
6992,-1.6992210149765015,0.0015686918050050735
6993,-1.734421968460083,0.00161487958393991
6994,-1.8594900369644165,0.0016633773921057582
6995,-1.8645570278167725,0.001718434737995267
6996,-1.889623999595642,0.001777407480403781
6997,-1.9296239614486694,0.0018388750031590462
6998,-1.9797580242156982,0.0018955065170302987
6999,-1.9848250150680542,0.001953360391780734
7000,-2.049891948699951,0.0020025093108415604
7001,-2.024825096130371,0.002050320152193308
7002,-2.0749590396881104,0.0021097217686474323
7003,-2.089893102645874,0.002186693251132965
7004,-2.1400270462036133,0.0022640700917690992
7005,-2.1349599361419678,0.002322495449334383
7006,-2.23016095161438,0.002362011233344674
7007,-2.255228042602539,0.0023838342167437077
7008,-2.3602960109710693,0.0024207448586821556
7009,-2.3954970836639404,0.0024651396088302135
7010,-2.4754979610443115,0.002498762449249625
7011,-2.485630989074707,0.002517679240554571
7012,-2.55576491355896,0.002531471662223339
7013,-2.55576491355896,0.0025415965355932713
7014,-2.5906989574432373,0.002549979370087385
7015,-2.595766067504883,0.002558858133852482
7016,-2.6309659481048584,0.0025644623674452305
7017,-2.6058990955352783,0.0025710253976285458
7018,-2.6309659481048584,0.0025755311362445354
7019,-2.5906989574432373,0.0025791653897613287
7020,-2.6309659481048584,0.002583659254014492
7021,-2.580832004547119,0.002586345188319683
7022,-2.6157660484313965,0.0025903689675033092
7023,-2.5608320236206055,0.002592439064756036
7024,-2.575766086578369,0.002594578079879284
7025,-2.5205650329589844,0.0025948139373213053
7026,-2.595766067504883,0.002595227211713791
7027,-2.5656321048736572,0.002594920340925455
7028,-2.55069899559021,0.0025949901901185513
7029,-2.5157649517059326,0.0025956272147595882
7030,-2.600832939147949,0.0025960237253457308
7031,-2.525631904602051,0.002597703132778406
7032,-2.5357649326324463,0.002599383471533656
7033,-2.5157649517059326,0.0026022528763860464
7034,-2.575766086578369,0.0026055146008729935
7035,-2.5706989765167236,0.0026090366300195456
7036,-2.600832939147949,0.0026128687895834446
7037,-2.5205650329589844,0.0026156757958233356
7038,-2.55069899559021,0.0026189032942056656
7039,-2.5357649326324463,0.002621077699586749
7040,-2.575766086578369,0.0026228204369544983
7041,-2.5205650329589844,0.0026243370957672596
7042,-2.55069899559021,0.002625714987516403
7043,-2.540832042694092,0.0026276239659637213
7044,-2.55576491355896,0.0026294896379113197
7045,-2.5157649517059326,0.002631144365295768
7046,-2.5205650329589844,0.0026327278465032578
7047,-2.4805641174316406,0.00263419677503407
7048,-2.53069806098938,0.002635458018630743
7049,-2.495764970779419,0.0026366272941231728
7050,-2.5608320236206055,0.002637759782373905
7051,-2.470698118209839,0.0026388908736407757
7052,-2.5157649517059326,0.002640038263052702
7053,-2.470698118209839,0.002641235012561083
7054,-2.5056309700012207,0.0026424461975693703
7055,-2.495764970779419,0.0026435530744493008
7056,-2.5205650329589844,0.002644589636474848
7057,-2.510698080062866,0.0026455603074282408
7058,-2.540832042694092,0.002646478358656168
7059,-2.470698118209839,0.0026473584584891796
7060,-2.525631904602051,0.0026482166722416878
7061,-2.470698118209839,0.0026490609161555767
7062,-2.525631904602051,0.0026499121449887753
7063,-2.4906980991363525,0.002650768728926778
7064,-2.55069899559021,0.002651631599292159
7065,-2.4805641174316406,0.002652382478117943
7066,-2.53069806098938,0.0026530250906944275
7067,-2.5157649517059326,0.0026535438373684883
7068,-2.525631904602051,0.002653947100043297
7069,-2.5005650520324707,0.002654273994266987
7070,-2.5205650329589844,0.0026545345317572355
7071,-2.5056309700012207,0.0026547620072960854
7072,-2.5005650520324707,0.0026549585163593292
7073,-2.495764970779419,0.002655155723914504
7074,-2.5157649517059326,0.0026553436182439327
7075,-2.5205650329589844,0.002655540592968464
7076,-2.53069806098938,0.002655726857483387
7077,-2.5205650329589844,0.002655915915966034
7078,-2.525631904602051,0.002656086813658476
7079,-2.4656310081481934,0.002656256780028343
7080,-2.510698080062866,0.002656421158462763
7081,-2.5056309700012207,0.002656587865203619
7082,-2.55069899559021,0.00265674851834774
7083,-2.495764970779419,0.0026569063775241375
7084,-2.5157649517059326,0.0026570563204586506
7085,-2.4906980991363525,0.0026572104543447495
7086,-2.5157649517059326,0.0026573515497148037
7087,-2.5056309700012207,0.0026575003284960985
7088,-2.5456318855285645,0.002657639794051647
7089,-2.4906980991363525,0.0026577881071716547
7090,-2.5157649517059326,0.0026579173281788826
7091,-2.5005650520324707,0.002658054232597351
7092,-2.5357649326324463,0.0026581822894513607
7093,-2.510698080062866,0.0026583108119666576
7094,-2.5357649326324463,0.0026584435254335403
7095,-2.53069806098938,0.002658580895513296
7096,-2.5456318855285645,0.002658708719536662
7097,-2.5056309700012207,0.0026588495820760727
7098,-2.5157649517059326,0.002658984623849392
7099,-2.5056309700012207,0.0026591334026306868
7100,-2.5205650329589844,0.0026592665817588568
7101,-2.4906980991363525,0.002659409074112773
7102,-2.5056309700012207,0.002659550867974758
7103,-2.4805641174316406,0.0026597147807478905
7104,-2.53069806098938,0.002659878693521023
7105,-2.4805641174316406,0.0026600491255521774
7106,-2.5157649517059326,0.0026602197904139757
7107,-2.4805641174316406,0.0026603960432112217
7108,-2.540832042694092,0.0026605434250086546
7109,-2.4906980991363525,0.002660642145201564
7110,-2.5005650520324707,0.0026606041938066483
7111,-2.4805641174316406,0.0026603995356708765
7112,-2.5357649326324463,0.002659659134224057
7113,-2.4754979610443115,0.0026580693665891886
7114,-2.5456318855285645,0.0026558013632893562
7115,-2.470698118209839,0.0026536034420132637
7116,-2.4906980991363525,0.0026513170450925827
7117,-2.470698118209839,0.0026487591676414013
7118,-2.55069899559021,0.002646020380780101
7119,-2.4805641174316406,0.0026432464364916086
7120,-2.5205650329589844,0.0026406003162264824
7121,-2.5056309700012207,0.00263806851580739
7122,-2.5205650329589844,0.0026357420720160007
7123,-2.5005650520324707,0.0026337436866015196
7124,-2.5056309700012207,0.0026316766161471605
7125,-2.470698118209839,0.002629542723298073
7126,-2.53069806098938,0.0026274651754647493
7127,-2.470698118209839,0.002625103574246168
7128,-2.540832042694092,0.0026227585040032864
7129,-2.4906980991363525,0.0026202602311968803
7130,-2.5608320236206055,0.0026179752312600613
7131,-2.4554970264434814,0.0026157288812100887
7132,-2.55069899559021,0.0026130680926144123
7133,-2.470698118209839,0.002610528375953436
7134,-2.575766086578369,0.0026081956457346678
7135,-2.4754979610443115,0.00260631600394845
7136,-2.55576491355896,0.0026043844409286976
7137,-2.5005650520324707,0.002602457068860531
7138,-2.5157649517059326,0.0026004305109381676
7139,-2.5005650520324707,0.002597845857962966
7140,-2.525631904602051,0.0025949692353606224
7141,-2.5205650329589844,0.0025913906283676624
7142,-2.510698080062866,0.0025869584642350674
7143,-2.4656310081481934,0.002582639455795288
7144,-2.540832042694092,0.0025777844712138176
7145,-2.4906980991363525,0.0025717660319060087
7146,-2.510698080062866,0.0025647999718785286
7147,-2.4656310081481934,0.002558115404099226
7148,-2.525631904602051,0.00255111837759614
7149,-2.5005650520324707,0.0025431851390749216
7150,-2.5157649517059326,0.002534996485337615
7151,-2.4906980991363525,0.0025269186589866877
7152,-2.525631904602051,0.0025184338446706533
7153,-2.470698118209839,0.0025089983828365803
7154,-2.4906980991363525,0.0024988106451928616
7155,-2.5157649517059326,0.002488443860784173
7156,-2.4906980991363525,0.0024774237535893917
7157,-2.5056309700012207,0.0024656292516738176
7158,-2.5157649517059326,0.0024534049443900585
7159,-2.4805641174316406,0.0024404837749898434
7160,-2.525631904602051,0.0024275658652186394
7161,-2.5005650520324707,0.0024141576141119003
7162,-2.510698080062866,0.0023996876552700996
7163,-2.5005650520324707,0.002386176260188222
7164,-2.53069806098938,0.0023731584660708904
7165,-2.4906980991363525,0.0023601616267114878
7166,-2.53069806098938,0.002346545923501253
7167,-2.5056309700012207,0.0023325011134147644
7168,-2.55069899559021,0.0023185391910374165
7169,-2.495764970779419,0.0023041418753564358
7170,-2.55576491355896,0.002288452349603176
7171,-2.495764970779419,0.0022729586344212294
7172,-2.540832042694092,0.0022584241814911366
7173,-2.5157649517059326,0.0022453139536082745
7174,-2.55069899559021,0.0022326591424643993
7175,-2.5056309700012207,0.002220253925770521
7176,-2.525631904602051,0.0022080009803175926
7177,-2.5157649517059326,0.002195859095081687
7178,-2.540832042694092,0.0021841879934072495
7179,-2.5157649517059326,0.002174438675865531
7180,-2.540832042694092,0.0021662740036845207
7181,-2.5005650520324707,0.0021595109719783068
7182,-2.53069806098938,0.0021539749577641487
7183,-2.5205650329589844,0.002149379113689065
7184,-2.53069806098938,0.00214554276317358
7185,-2.5005650520324707,0.0021422936115413904
7186,-2.5608320236206055,0.0021396088413894176
7187,-2.4906980991363525,0.0021373890340328217
7188,-2.5205650329589844,0.0021355499047785997
7189,-2.485630989074707,0.00213399576023221
7190,-2.5456318855285645,0.0021327072754502296
7191,-2.4656310081481934,0.002131592482328415
7192,-2.525631904602051,0.002130651380866766
7193,-2.495764970779419,0.0021298297215253115
7194,-2.5005650520324707,0.002129123080521822
7195,-2.485630989074707,0.0021284979302436113
7196,-2.5056309700012207,0.0021279933862388134
7197,-2.4805641174316406,0.0021275628823786974
7198,-2.525631904602051,0.002127178478986025
7199,-2.495764970779419,0.00212680920958519
7200,-2.5205650329589844,0.002126466017216444
7201,-2.5005650520324707,0.002126092091202736
7202,-2.5005650520324707,0.002125644125044346
7203,-2.5056309700012207,0.002125020604580641
7204,-2.5157649517059326,0.0021240473724901676
7205,-2.495764970779419,0.00212274887599051
7206,-2.55069899559021,0.0021204762160778046
7207,-2.5157649517059326,0.0021166177466511726
7208,-2.53069806098938,0.002112818183377385
7209,-2.495764970779419,0.0021098554134368896
7210,-2.510698080062866,0.0021072423551231623
7211,-2.4805641174316406,0.002105296589434147
7212,-2.55069899559021,0.002102860016748309
7213,-2.4805641174316406,0.0021007992327213287
7214,-2.5157649517059326,0.0020981666166335344
7215,-2.510698080062866,0.0020946429576724768
7216,-2.5357649326324463,0.0020912722684442997
7217,-2.5005650520324707,0.002088066190481186
7218,-2.5357649326324463,0.002084140432998538
7219,-2.4656310081481934,0.002080023754388094
7220,-2.5456318855285645,0.0020749028772115707
7221,-2.4906980991363525,0.002069359878078103
7222,-2.525631904602051,0.0020641502924263477
7223,-2.5005650520324707,0.002058019395917654
7224,-2.525631904602051,0.0020522018894553185
7225,-2.485630989074707,0.002045018132776022
7226,-2.5005650520324707,0.0020366415847092867
7227,-2.4805641174316406,0.0020273346453905106
7228,-2.5357649326324463,0.0020184118766337633
7229,-2.53069806098938,0.002008950337767601
7230,-2.5456318855285645,0.0019987761043012142
7231,-2.5157649517059326,0.001989168580621481
7232,-2.55576491355896,0.0019772148225456476
7233,-2.5157649517059326,0.001965682953596115
7234,-2.540832042694092,0.0019507817924022675
7235,-2.5157649517059326,0.0019322145963087678
7236,-2.540832042694092,0.0019110749708488584
7237,-2.485630989074707,0.0018881689757108688
7238,-2.5357649326324463,0.0018634982407093048
7239,-2.4805641174316406,0.0018409460317343473
7240,-2.53069806098938,0.0018214696319773793
7241,-2.485630989074707,0.001805523526854813
7242,-2.53069806098938,0.001790018635801971
7243,-2.4805641174316406,0.0017727334052324295
7244,-2.5005650520324707,0.001752694952301681
7245,-2.5056309700012207,0.0017270350363105536
7246,-2.4906980991363525,0.0016972956946119666
7247,-2.470698118209839,0.0016624705167487264
7248,-2.55069899559021,0.0016203918494284153
7249,-2.4754979610443115,0.0015717381611466408
7250,-2.5157649517059326,0.0015207708347588778
7251,-2.4656310081481934,0.0014633073005825281
7252,-2.485630989074707,0.0014017540961503983
7253,-2.4656310081481934,0.0013374083209782839
7254,-2.4805641174316406,0.0012776288203895092
7255,-2.4554970264434814,0.0012167188106104732
7256,-2.4906980991363525,0.0011643969919532537
7257,-2.470698118209839,0.0011135281529277563
7258,-2.5005650520324707,0.0010512499138712883
7259,-2.470698118209839,0.0009717862703837454
7260,-2.510698080062866,0.0008921674452722073
7261,-2.4906980991363525,0.0008316688472405076
7262,-2.5205650329589844,0.0007901624776422977
7263,-2.060025930404663,0.0007676644017919898
7264,-0.7626760005950928,0.0007305947365239263
7265,0.02346700057387352,0.0006855762330815196
7266,0.44933900237083435,0.0006505979690700769
7267,0.9752119779586792,0.0006300388486124575
7268,1.155480980873108,0.0006146632367745042
7269,1.2906830310821533,0.0006028003990650177
7270,1.4258840084075928,0.0005924801807850599
7271,1.646420955657959,0.0005829562433063984
7272,1.6762880086898804,0.0005769053241237998
7273,1.6762880086898804,0.0005696900770999491
7274,1.7162879705429077,0.0005649217637255788
7275,1.8314900398254395,0.0005612957174889743
7276,1.8416229486465454,0.0005580646684393287
7277,1.8717570304870605,0.0005573536618612707
7278,1.9168239831924438,0.0005559991113841534
7279,1.9568239450454712,0.0005571958608925343
7280,1.9517580270767212,0.0005589891807176173
7281,2.0120251178741455,0.0005634994595311582
7282,2.00189208984375,0.0005698781460523605
7283,2.0669589042663574,0.0005782836815342307
7284,2.0218920707702637,0.0005864581326022744
7285,2.0770928859710693,0.0005938439862802625
7286,2.0520260334014893,0.0006034743273630738
7287,2.177093982696533,0.0006106437649577856
7288,2.232295036315918,0.0006189935375005007
7289,2.33256196975708,0.0006267973803915083
7290,2.3424289226531982,0.0006360916886478662
7291,2.4376299381256104,0.000649922585580498
7292,2.397629976272583,0.000665527128148824
7293,2.5026979446411133,0.0006842975271865726
7294,2.237360954284668,0.0007047821418382227
7295,1.1002800464630127,0.0007247407920658588
7296,0.09360100328922272,0.0007437114254571497
7297,-0.2818700075149536,0.0007593491463921964
7298,-0.7877429723739624,0.0007730326615273952
7299,-1.0682799816131592,0.0007873607100918889
7300,-1.1634809970855713,0.0008038593805395067
7301,-1.338683009147644,0.000825714785605669
7302,-1.564020037651062,0.0008520236006006598
7303,-1.634153962135315,0.0008845070842653513
7304,-1.6642869710922241,0.0009236166952177882
7305,-1.6944210529327393,0.0009704754338599741
7306,-1.8045560121536255,0.0010200485121458769
7307,-1.8296229839324951,0.0010763665195554495
7308,-1.8997570276260376,0.0011384515091776848
7309,-1.8794900178909302,0.0012035071849822998
7310,-1.999758005142212,0.0012651172000914812
7311,-1.9746910333633423,0.0013255728408694267
7312,-1.9946919679641724,0.0013781050220131874
7313,-2.009891986846924,0.001429256284609437
7314,-2.0949599742889404,0.0014916497748345137
7315,-2.060025930404663,0.001565380021929741
7316,-2.1098930835723877,0.0016449764370918274
7317,-2.120026111602783,0.0017142149154096842
7318,-2.1901609897613525,0.0017654714174568653
7319,-2.210160970687866,0.0017912732437252998
7320,-2.325361967086792,0.0018063734751194715
7321,-2.3602960109710693,0.0018777747172862291
7322,-2.4506969451904297,0.0019151533488184214
7323,-2.485630989074707,0.0019445646321401
7324,-2.510698080062866,0.001964007969945669
7325,-2.495764970779419,0.0019798108842223883
7326,-2.5858991146087646,0.0019923497457057238
7327,-2.580832004547119,0.002005693968385458
7328,-2.6560330390930176,0.002016640268266201
7329,-2.6058990955352783,0.0020260673481971025
7330,-2.6309659481048584,0.0020365784876048565
7331,-2.580832004547119,0.002044022548943758
7332,-2.6058990955352783,0.002052196767181158
7333,-2.5706989765167236,0.0020586797036230564
7334,-2.6058990955352783,0.0020645505283027887
7335,-2.540832042694092,0.0020697680301964283
7336,-2.625899076461792,0.002073574811220169
7337,-2.5456318855285645,0.002076045610010624
7338,-2.580832004547119,0.0020776186138391495
7339,-2.5157649517059326,0.00207858020439744
7340,-2.5656321048736572,0.0020797501783818007
7341,-2.5157649517059326,0.0020807883702218533
7342,-2.600832939147949,0.0020820845384150743
7343,-2.5456318855285645,0.002083567203953862
7344,-2.5706989765167236,0.0020859348587691784
7345,-2.5357649326324463,0.0020885071717202663
7346,-2.55069899559021,0.0020926399156451225
7347,-2.510698080062866,0.0020962071139365435
7348,-2.5656321048736572,0.002100753365084529
7349,-2.495764970779419,0.002104109851643443
7350,-2.5205650329589844,0.00210715364664793
7351,-2.5056309700012207,0.002110299887135625
7352,-2.580832004547119,0.0021121888421475887
7353,-2.55069899559021,0.0021142163313925266
7354,-2.55069899559021,0.0021155576687306166
7355,-2.5205650329589844,0.0021172608248889446
7356,-2.55069899559021,0.00211925758048892
7357,-2.5157649517059326,0.0021209476981312037
7358,-2.55576491355896,0.0021225062664598227
7359,-2.4754979610443115,0.0021240264177322388
7360,-2.5456318855285645,0.002125311642885208
7361,-2.510698080062866,0.002126422943547368
7362,-2.5157649517059326,0.002127497922629118
7363,-2.5157649517059326,0.0021285167895257473
7364,-2.510698080062866,0.002129551023244858
7365,-2.485630989074707,0.0021306159906089306
7366,-2.525631904602051,0.0021317503415048122
7367,-2.5056309700012207,0.0021328141447156668
7368,-2.525631904602051,0.0021337964572012424
7369,-2.5056309700012207,0.0021346965804696083
7370,-2.5608320236206055,0.0021355487406253815
7371,-2.4805641174316406,0.0021363478153944016
7372,-2.525631904602051,0.002137127099558711
7373,-2.4805641174316406,0.0021378956735134125
7374,-2.525631904602051,0.002138684969395399
7375,-2.495764970779419,0.002139479387551546
7376,-2.5656321048736572,0.0021403050050139427
7377,-2.5005650520324707,0.002141046104952693
7378,-2.540832042694092,0.0021416833624243736
7379,-2.4656310081481934,0.002142174169421196
7380,-2.525631904602051,0.0021425506565719843
7381,-2.4805641174316406,0.0021428088657557964
7382,-2.5205650329589844,0.002142992801964283
7383,-2.495764970779419,0.002143206773325801
7384,-2.5056309700012207,0.0021440545096993446
7385,-2.4906980991363525,0.0021464363671839237
7386,-2.525631904602051,0.002150074578821659
7387,-2.495764970779419,0.002155028283596039
7388,-2.540832042694092,0.0021618197206407785
7389,-2.460563898086548,0.002168425126001239
7390,-2.5205650329589844,0.0021757371723651886
7391,-2.4906980991363525,0.002184803131967783
7392,-2.540832042694092,0.0021929582580924034
7393,-2.5157649517059326,0.0021999520249664783
7394,-2.5157649517059326,0.0022065029479563236
7395,-2.4906980991363525,0.0022133802995085716
7396,-2.5157649517059326,0.0022211417090147734
7397,-2.4906980991363525,0.00222882442176342
7398,-2.525631904602051,0.0022365693002939224
7399,-2.5157649517059326,0.002244118135422468
7400,-2.5205650329589844,0.0022519510239362717
7401,-2.4805641174316406,0.0022599142976105213
7402,-2.525631904602051,0.0022683748975396156
7403,-2.5005650520324707,0.0022759479470551014
7404,-2.525631904602051,0.002283131703734398
7405,-2.5005650520324707,0.00229053758084774
7406,-2.540832042694092,0.0022986838594079018
7407,-2.4805641174316406,0.0023069472517818213
7408,-2.5056309700012207,0.002314508892595768
7409,-2.495764970779419,0.002321325009688735
7410,-2.5357649326324463,0.0023278924636542797
7411,-2.4906980991363525,0.0023342170752584934
7412,-2.5157649517059326,0.002339922124519944
7413,-2.5005650520324707,0.0023445673286914825
7414,-2.5056309700012207,0.0023485892452299595
7415,-2.4554970264434814,0.0023521604016423225
7416,-2.5005650520324707,0.0023556253872811794
7417,-2.4805641174316406,0.0023590135388076305
7418,-2.5205650329589844,0.0023624682798981667
7419,-2.4906980991363525,0.002365557476878166
7420,-2.5205650329589844,0.0023683798499405384
7421,-2.53069806098938,0.002371198497712612
7422,-2.540832042694092,0.0023741712793707848
7423,-2.4906980991363525,0.002377333352342248
7424,-2.55069899559021,0.002380362479016185
7425,-2.4805641174316406,0.0023833047598600388
7426,-2.55069899559021,0.0023861685767769814
7427,-2.4805641174316406,0.0023890105076134205
7428,-2.55069899559021,0.0023918410297483206
7429,-2.495764970779419,0.00239467341452837
7430,-2.525631904602051,0.00239750137552619
7431,-2.4754979610443115,0.0024003738071769476
7432,-2.5056309700012207,0.002403276041150093
7433,-2.485630989074707,0.002406258136034012
7434,-2.53069806098938,0.0024092760868370533
7435,-2.5056309700012207,0.0024123829789459705
7436,-2.525631904602051,0.0024155299179255962
7437,-2.4906980991363525,0.002418773714452982
7438,-2.5205650329589844,0.002422065008431673
7439,-2.4754979610443115,0.002425429644063115
7440,-2.5056309700012207,0.0024288068525493145
7441,-2.4805641174316406,0.002432228298857808
7442,-2.5056309700012207,0.0024356385692954063
7443,-2.4906980991363525,0.00243907212279737
7444,-2.510698080062866,0.002442476339638233
7445,-2.485630989074707,0.0024458630941808224
7446,-2.53069806098938,0.002449208404868841
7447,-2.5005650520324707,0.002452544402331114
7448,-2.5157649517059326,0.0024558636359870434
7449,-2.5005650520324707,0.0024591698311269283
7450,-2.5357649326324463,0.0024624639190733433
7451,-2.4805641174316406,0.0024657812900841236
7452,-2.495764970779419,0.0024690942373126745
7453,-2.4805641174316406,0.0024724213872104883
7454,-2.5056309700012207,0.0024757366627454758
7455,-2.4805641174316406,0.002479062881320715
7456,-2.540832042694092,0.002482404001057148
7457,-2.4554970264434814,0.0024857553653419018
7458,-2.55069899559021,0.0024891099892556667
7459,-2.485630989074707,0.0024924827739596367
7460,-2.525631904602051,0.002495870692655444
7461,-2.4656310081481934,0.002499263733625412
7462,-2.485630989074707,0.0025026542134582996
7463,-2.4805641174316406,0.00250605889596045
7464,-2.4906980991363525,0.0025094696320593357
7465,-2.4754979610443115,0.0025128924753516912
7466,-2.5357649326324463,0.002516301814466715
7467,-2.495764970779419,0.0025197556242346764
7468,-2.5357649326324463,0.0025231901090592146
7469,-2.495764970779419,0.002526647876948118
7470,-2.55576491355896,0.00253010680899024
7471,-2.495764970779419,0.0025335904210805893
7472,-2.5357649326324463,0.0025370854418724775
7473,-2.485630989074707,0.0025406060740351677
7474,-2.525631904602051,0.0025441404432058334
7475,-2.460563898086548,0.0025476953014731407
7476,-2.53069806098938,0.0025512361899018288
7477,-2.5157649517059326,0.0025547819677740335
7478,-2.5205650329589844,0.002558333333581686
7479,-2.470698118209839,0.0025619000662118196
7480,-2.4906980991363525,0.0025654651690274477
7481,-2.4554970264434814,0.0025690430775284767
7482,-2.495764970779419,0.002572601428255439
7483,-2.5056309700012207,0.002576168393716216
7484,-2.5205650329589844,0.002579739782959223
7485,-2.4805641174316406,0.0025833258405327797
7486,-2.525631904602051,0.0025868969969451427
7487,-2.5056309700012207,0.0025904839858412743
7488,-2.525631904602051,0.0025940616615116596
7489,-2.5157649517059326,0.00259764795191586
7490,-2.5056309700012207,0.0026012302841991186
7491,-2.460563898086548,0.0026048170402646065
7492,-2.5456318855285645,0.002608378417789936
7493,-2.495764970779419,0.0026119579561054707
7494,-2.510698080062866,0.002615511417388916
7495,-2.5157649517059326,0.0026190802454948425
7496,-2.525631904602051,0.0026226479094475508
7497,-2.495764970779419,0.002626221626996994
7498,-2.55069899559021,0.002629763912409544
7499,-2.495764970779419,0.002633331110700965
7500,-2.53069806098938,0.002636887598782778
7501,-2.485630989074707,0.0026404436212033033
7502,-2.5357649326324463,0.0026439877692610025
7503,-2.4754979610443115,0.0026475386694073677
7504,-2.510698080062866,0.0026510562747716904
7505,-2.4805641174316406,0.0026545722503215075
7506,-2.525631904602051,0.0026580689009279013
7507,-2.4805641174316406,0.0026615792885422707
7508,-2.5056309700012207,0.0026650659274309874
7509,-2.5005650520324707,0.0026685472112149
7510,-2.55069899559021,0.0026720052119344473
7511,-2.4754979610443115,0.0026754485443234444
7512,-2.53069806098938,0.0026788273826241493
7513,-2.4906980991363525,0.0026821563951671124
7514,-2.525631904602051,0.002685379236936569
7515,-2.4906980991363525,0.002688455395400524
7516,-2.5157649517059326,0.0026912554167211056
7517,-2.4906980991363525,0.0026936798822134733
7518,-2.5157649517059326,0.0026955115608870983
7519,-2.5005650520324707,0.0026958368252962828
7520,-2.55069899559021,0.002695361152291298
7521,-2.5056309700012207,0.0026954347267746925
7522,-2.55069899559021,0.002696296898648143
7523,-2.495764970779419,0.0026977555826306343
7524,-2.540832042694092,0.0026991856284439564
7525,-2.495764970779419,0.002700513694435358
7526,-2.525631904602051,0.0027017705142498016
7527,-2.510698080062866,0.0027017579413950443
7528,-2.53069806098938,0.002701651304960251
7529,-2.4906980991363525,0.002702060155570507
7530,-2.5205650329589844,0.002701888093724847
7531,-2.470698118209839,0.00270155631005764
7532,-2.540832042694092,0.0027002543210983276
7533,-2.5005650520324707,0.0026985732838511467
7534,-2.525631904602051,0.0026966980658471584
7535,-2.4754979610443115,0.002694705268368125
7536,-2.540832042694092,0.0026924230623990297
7537,-2.5005650520324707,0.0026896276976913214
7538,-2.525631904602051,0.0026850239373743534
7539,-2.4805641174316406,0.002679311903193593
7540,-2.55576491355896,0.002673562616109848
7541,-2.5056309700012207,0.0026681791059672832
7542,-2.55069899559021,0.0026608924381434917
7543,-2.485630989074707,0.002654898911714554
7544,-2.5157649517059326,0.0026477896608412266
7545,-2.495764970779419,0.0026401395443826914
7546,-2.55069899559021,0.002630644477903843
7547,-2.510698080062866,0.0026164199225604534
7548,-2.55069899559021,0.0026001434307545424
7549,-2.495764970779419,0.0025818049907684326
7550,-2.5157649517059326,0.0025613359175622463
7551,-2.4906980991363525,0.002542514121159911
7552,-2.53069806098938,0.002525108167901635
7553,-2.485630989074707,0.0025113215669989586
7554,-2.540832042694092,0.002499653957784176
7555,-2.4554970264434814,0.0024868533946573734
7556,-2.5056309700012207,0.002471927087754011
7557,-2.5157649517059326,0.0024518906138837337
7558,-2.5056309700012207,0.002427480649203062
7559,-2.4906980991363525,0.002397042466327548
7560,-2.5205650329589844,0.0023601597640663385
7561,-2.470698118209839,0.0023156602401286364
7562,-2.5056309700012207,0.0022684624418616295
7563,-2.4554970264434814,0.00221452908590436
7564,-2.540832042694092,0.0021548052318394184
7565,-2.4304299354553223,0.002092082053422928
7566,-2.4754979610443115,0.0020327349193394184
7567,-2.470698118209839,0.001974687445908785
7568,-2.5157649517059326,0.0019246130250394344
7569,-2.4554970264434814,0.0018759742379188538
7570,-2.510698080062866,0.0018161379266530275
7571,-2.5056309700012207,0.001744925044476986
7572,-2.55576491355896,0.0016677487874403596
7573,-2.4754979610443115,0.0016010899562388659
7574,-2.5157649517059326,0.0015525398775935173
7575,-2.390429973602295,0.0015301055973395705
7576,-1.438951015472412,0.0015196059830486774
7577,-0.23173600435256958,0.0014539549592882395
7578,0.21386900544166565,0.0014232918620109558
7579,0.7498760223388672,0.0014011709718033671
7580,1.090414047241211,0.0013897358439862728
7581,1.2154819965362549,0.0013816901482641697
7582,1.3408169746398926,0.0013772263191640377
7583,1.5610860586166382,0.0013726996257901192
7584,1.636286973953247,0.0013711508363485336
7585,1.696287989616394,0.0013718258123844862
7586,1.6914880275726318,0.001372646540403366
7587,1.8066890239715576,0.0013775087427347898
7588,1.7914890050888062,0.0013820049352943897
7589,1.846690058708191,0.0013889679685235023
7590,1.8365559577941895,0.001396666280925274
7591,1.9418909549713135,0.0014056904474273324
7592,1.9168239831924438,0.0014165749307721853
7593,1.9317569732666016,0.001428984571248293
7594,1.9717580080032349,0.0014430719893425703
7595,1.9968249797821045,0.001457428210414946
7596,1.9768249988555908,0.00147085334174335
7597,2.0520260334014893,0.0014841684605926275
7598,2.036824941635132,0.0014975772937759757
7599,2.1370930671691895,0.0015112214023247361
7600,2.1021599769592285,0.0015242089284583926
7601,2.237360954284668,0.0015375888906419277
7602,2.2672278881073,0.0015504020266234875
7603,2.372562885284424,0.0015630859415978193
7604,2.4026970863342285,0.001573439221829176
7605,2.4725639820098877,0.0015837042592465878
7606,2.3925631046295166,0.0015939229633659124
7607,1.8066890239715576,0.0016035300213843584
7608,0.4544059932231903,0.0016144867986440659
7609,-0.08160100132226944,0.0016252294881269336
7610,-0.5674740076065063,0.0016359110595658422
7611,-0.9530789852142334,0.0016444819048047066
7612,-1.1685479879379272,0.0016511724097654223
7613,-1.2234820127487183,0.0016568491701036692
7614,-1.498952031135559,0.0016613089246675372
7615,-1.6040199995040894,0.0016648517921566963
7616,-1.6842880249023438,0.0016678061801940203
7617,-1.6642869710922241,0.0016702426364645362
7618,-1.7544219493865967,0.001672106795012951
7619,-1.7994890213012695,0.0016735261306166649
7620,-1.8997570276260376,0.001674492610618472
7621,-1.8794900178909302,0.0016751147340983152
7622,-1.9597580432891846,0.0016753659583628178
7623,-1.9648250341415405,0.0016754702664911747
7624,-1.9898920059204102,0.0016754625830799341
7625,-1.9746910333633423,0.0016754143871366978
7626,-2.024825096130371,0.001675282372161746
7627,-2.024825096130371,0.0016751240473240614
7628,-2.0949599742889404,0.0016748784109950066
7629,-2.0749590396881104,0.0016745671164244413
7630,-2.1400270462036133,0.0016741889994591475
7631,-2.150160074234009,0.0016737653641030192
7632,-2.255228042602539,0.0016732889926061034
7633,-2.320296049118042,0.0016730292700231075
7634,-2.440563917160034,0.0016732820076867938
7635,-2.4506969451904297,0.00167500926181674
7636,-2.4906980991363525,0.0016776251140981913
7637,-2.470698118209839,0.0016810116358101368
7638,-2.0949599742889404,0.0016845306381583214
7639,-0.7176089882850647,0.0016883176285773516
7640,-0.03653400018811226,0.0016912957653403282
7641,0.4192050099372864,0.0016924685332924128
7642,0.8450769782066345,0.0016923134680837393
7643,1.095479965209961,0.001690665609203279
7644,1.150413990020752,0.001687067560851574
7645,1.4008179903030396,0.0016835955902934074
7646,1.5061520338058472,0.0016794230323284864
7647,1.636286973953247,0.0016734522068873048
7648,1.57122004032135,0.0016683905851095915
7649,1.6712210178375244,0.0016644431743770838
7650,1.7264219522476196,0.0016609381418675184
7651,1.7616219520568848,0.0016570438165217638
7652,1.8066890239715576,0.0016522911610081792
7653,1.8666900396347046,0.0016475887969136238
7654,1.8165559768676758,0.0016428150702267885
7655,1.9016239643096924,0.0016382052563130856
7656,1.9418909549713135,0.0016333507373929024
7657,1.9466910362243652,0.0016283559380099177
7658,1.9317569732666016,0.0016228926833719015
7659,2.02695894241333,0.0016182996332645416
7660,1.9968249797821045,0.0016140772495418787
7661,2.0570919513702393,0.001609560800716281
7662,2.0669589042663574,0.0016043486539274454
7663,2.2173609733581543,0.0015991980908438563
7664,2.257361888885498,0.0015948126092553139
7665,2.35256290435791,0.0015910932561382651
7666,2.3925631046295166,0.0015876870602369308
7667,2.4125630855560303,0.0015845582820475101
7668,2.3925631046295166,0.001582286786288023
7669,2.277362108230591,0.001581045682542026
7670,1.025346040725708,0.0015805012080818415
7671,0.14373500645160675,0.0015803490532562137
7672,-0.3621380031108856,0.0015803363639861345
7673,-0.7328090071678162,0.0015801861882209778
7674,-1.1082810163497925,0.0015796327497810125
7675,-1.1634809970855713,0.0015792764024809003
7676,-1.3637499809265137,0.0015788788441568613
7677,-1.5138859748840332,0.0015782266855239868
7678,-1.6792210340499878,0.0015772248152643442
7679,-1.6392199993133545,0.001575881615281105
7680,-1.7093549966812134,0.001574528170749545
7681,-1.7594890594482422,0.001573146553710103
7682,-1.8394900560379028,0.0015717331552878022
7683,-1.8496229648590088,0.0015702447853982449
7684,-1.9597580432891846,0.0015686781844124198
7685,-1.9296239614486694,0.0015670532593503594
7686,-1.9797580242156982,0.0015653666341677308
7687,-1.9698909521102905,0.001563585945405066
7688,-2.049891948699951,0.0015616987366229296
7689,-2.044826030731201,0.001559648895636201
7690,-2.105093002319336,0.0015574689023196697
7691,-2.0698928833007812,0.0015550986863672733
7692,-2.1400270462036133,0.0015525721246376634
7693,-2.1349599361419678,0.00154977198690176
7694,-2.265362024307251,0.0015467831399291754
7695,-2.320296049118042,0.0015436145476996899
7696,-2.4005630016326904,0.0015403624856844544
7697,-2.415497064590454,0.0015370133332908154
7698,-2.4805641174316406,0.0015336222713813186
7699,-2.5056309700012207,0.00153017055708915
7700,-2.5656321048736572,0.0015267247799783945
7701,-2.5706989765167236,0.0015232842415571213
7702,-2.6058990955352783,0.0015198818873614073
7703,-2.5706989765167236,0.0015164881478995085
7704,-2.6408329010009766,0.0015131086111068726
7705,-2.620832920074463,0.0015097397845238447
7706,-2.6309659481048584,0.0015064043691381812
7707,-2.5656321048736572,0.0015030490467324853
7708,-2.5906989574432373,0.0014996964018791914
7709,-2.600832939147949,0.0014963301364332438
7710,-2.625899076461792,0.0014929905300959945
7711,-2.53069806098938,0.001489634858444333
7712,-2.6058990955352783,0.0014862597454339266
7713,-2.55576491355896,0.0014828827697783709
7714,-2.5858991146087646,0.0014795127790421247
7715,-2.55069899559021,0.0014761369675397873
7716,-2.6058990955352783,0.001472753006964922
7717,-2.55576491355896,0.0014693662524223328
7718,-2.575766086578369,0.0014659884618595243
7719,-2.5205650329589844,0.0014625921612605453
7720,-2.540832042694092,0.0014591882936656475
7721,-2.5357649326324463,0.0014557669637724757
7722,-2.540832042694092,0.0014523561112582684
7723,-2.5357649326324463,0.0014489167369902134
7724,-2.55576491355896,0.0014454999472945929
7725,-2.5205650329589844,0.0014420683728531003
7726,-2.5706989765167236,0.0014386456459760666
7727,-2.5056309700012207,0.001435203943401575
7728,-2.540832042694092,0.0014317638706415892
7729,-2.495764970779419,0.0014282953925430775
7730,-2.53069806098938,0.0014248243533074856
7731,-2.4906980991363525,0.0014213310787454247
7732,-2.525631904602051,0.0014178495621308684
7733,-2.4754979610443115,0.0014143581502139568
7734,-2.5056309700012207,0.0014108542818576097
7735,-2.4906980991363525,0.0014073299244046211
7736,-2.525631904602051,0.0014038067311048508
7737,-2.495764970779419,0.0014002760872244835
7738,-2.53069806098938,0.001396765117533505
7739,-2.4906980991363525,0.0013932582223787904
7740,-2.53069806098938,0.0013897526077926159
7741,-2.5056309700012207,0.0013862375635653734
7742,-2.53069806098938,0.0013827462680637836
7743,-2.4554970264434814,0.0013792517129331827
7744,-2.510698080062866,0.0013757547130808234
7745,-2.4805641174316406,0.0013722532894462347
7746,-2.5056309700012207,0.0013687575701624155
7747,-2.4656310081481934,0.0013652590569108725
7748,-2.510698080062866,0.0013617801014333963
7749,-2.4754979610443115,0.0013582853134721518
7750,-2.495764970779419,0.0013548142742365599
7751,-2.4506969451904297,0.0013513186713680625
7752,-2.5056309700012207,0.0013478253968060017
7753,-2.4805641174316406,0.0013443280477076769
7754,-2.53069806098938,0.0013408480444923043
7755,-2.4554970264434814,0.0013373505789786577
7756,-2.5157649517059326,0.0013338634744286537
7757,-2.4754979610443115,0.0013303686864674091
7758,-2.525631904602051,0.001326897880062461
7759,-2.5056309700012207,0.001323404721915722
7760,-2.510698080062866,0.00131993496324867
7761,-2.4554970264434814,0.0013164629926905036
7762,-2.5056309700012207,0.0013130030129104853
7763,-2.4805641174316406,0.0013095266185700893
7764,-2.5056309700012207,0.001306072692386806
7765,-2.495764970779419,0.001302611781284213
7766,-2.4906980991363525,0.0012991761323064566
7767,-2.460563898086548,0.0012957097496837378
7768,-2.5157649517059326,0.0012922596652060747
7769,-2.4754979610443115,0.0012888015480712056
7770,-2.5056309700012207,0.0012853514635935426
7771,-2.4805641174316406,0.001281900331377983
7772,-2.5056309700012207,0.0012784727150574327
7773,-2.4906980991363525,0.0012750289170071483
7774,-2.53069806098938,0.001271612592972815
7775,-2.460563898086548,0.0012681951047852635
7776,-2.53069806098938,0.001264793798327446
7777,-2.4656310081481934,0.0012613947037607431
7778,-2.525631904602051,0.0012580006150528789
7779,-2.4656310081481934,0.0012545980280265212
7780,-2.4805641174316406,0.0012512077810242772
7781,-2.4805641174316406,0.001247788080945611
7782,-2.5157649517059326,0.0012443967862054706
7783,-2.4805641174316406,0.0012409843038767576
7784,-2.5205650329589844,0.0012375881196931005
7785,-2.5005650520324707,0.0012341763358563185
7786,-2.53069806098938,0.0012307774741202593
7787,-2.4805641174316406,0.00122736394405365
7788,-2.55069899559021,0.0012239811476320028
7789,-2.495764970779419,0.0012205963721498847
7790,-2.55069899559021,0.0012172262649983168
7791,-2.4805641174316406,0.00121384859085083
7792,-2.53069806098938,0.0012105050263926387
7793,-2.460563898086548,0.0012071365490555763
7794,-2.5056309700012207,0.001203766674734652
7795,-2.4906980991363525,0.0012003863230347633
7796,-2.5056309700012207,0.001197037403471768
7797,-2.4456310272216797,0.0011936689261347055
7798,-2.5157649517059326,0.0011903074337169528
7799,-2.4805641174316406,0.0011869348818436265
7800,-2.510698080062866,0.0011835740879178047
7801,-2.470698118209839,0.0011802010703831911
7802,-2.540832042694092,0.0011768536642193794
7803,-2.4554970264434814,0.0011734932195395231
7804,-2.5005650520324707,0.0011701487237587571
7805,-2.4906980991363525,0.0011667804792523384
7806,-2.5056309700012207,0.0011634245747700334
7807,-2.4906980991363525,0.0011600579600781202
7808,-2.4906980991363525,0.0011567119508981705
7809,-2.485630989074707,0.001153353601694107
7810,-2.525631904602051,0.0011499959509819746
7811,-2.4805641174316406,0.0011466233991086483
7812,-2.540832042694092,0.0011432669125497341
7813,-2.440563917160034,0.0011398934293538332
7814,-2.5005650520324707,0.0011365094687789679
7815,-2.525631904602051,0.001133115729317069
7816,-2.5456318855285645,0.0011297499295324087
7817,-2.5157649517059326,0.0011263508349657059
7818,-2.5205650329589844,0.0011229758383706212
7819,-2.485630989074707,0.0011195981642231345
7820,-2.5005650520324707,0.0011162303853780031
7821,-2.4906980991363525,0.0011128420010209084
7822,-2.525631904602051,0.001109508564695716
7823,-2.470698118209839,0.0011061474215239286
7824,-2.5205650329589844,0.001102811424061656
7825,-2.4805641174316406,0.0010995068587362766
7826,-2.5056309700012207,0.0010961946099996567
7827,-2.4754979610443115,0.0010929718846455216
7828,-2.5005650520324707,0.0010898602195084095
7829,-2.460563898086548,0.0010866101365536451
7830,-2.5005650520324707,0.0010832303669303656
7831,-2.4656310081481934,0.001079195411875844
7832,-2.540832042694092,0.0010739290155470371
7833,-2.4906980991363525,0.0010676352540031075
7834,-2.485630989074707,0.0010604816488921642
7835,-2.4805641174316406,0.0010528911370784044
7836,-2.4754979610443115,0.0010446873493492603
7837,-2.4456310272216797,0.001036813366226852
7838,-2.510698080062866,0.001028680708259344
7839,-2.4456310272216797,0.0010198422241955996
7840,-2.5005650520324707,0.0010104430839419365
7841,-2.4506969451904297,0.0010003445204347372
7842,-2.5157649517059326,0.0009890156798064709
7843,-2.470698118209839,0.0009767046431079507
7844,-2.495764970779419,0.0009640385396778584
7845,-2.495764970779419,0.0009505916386842728
7846,-2.525631904602051,0.0009370276820845902
7847,-2.4906980991363525,0.0009227973059751093
7848,-2.5157649517059326,0.000908126006834209
7849,-2.4656310081481934,0.0008932690834626555
7850,-2.540832042694092,0.0008776398608461022
7851,-2.495764970779419,0.0008623622125014663
7852,-2.5205650329589844,0.0008478121017105877
7853,-2.460563898086548,0.0008335050661116838
7854,-2.495764970779419,0.000818856293335557
7855,-2.4656310081481934,0.0008037763764150441
7856,-2.5157649517059326,0.000788470555562526
7857,-2.4456310272216797,0.0007725770701654255
7858,-2.5157649517059326,0.0007556971977464855
7859,-2.470698118209839,0.0007395179127342999
7860,-2.510698080062866,0.0007246973691508174
7861,-2.4656310081481934,0.000711144763045013
7862,-2.4805641174316406,0.0006979471072554588
7863,-2.4554970264434814,0.0006852558581158519
7864,-2.495764970779419,0.0006724645500071347
7865,-2.4906980991363525,0.0006597474566660821
7866,-2.5157649517059326,0.0006477724527940154
7867,-2.485630989074707,0.0006375446100719273
7868,-2.495764970779419,0.0006289125885814428
7869,-2.470698118209839,0.000621595187112689
7870,-2.4906980991363525,0.0006156291929073632
7871,-2.470698118209839,0.0006106275832280517
7872,-2.525631904602051,0.0006064542103558779
7873,-2.470698118209839,0.000602979096584022
7874,-2.495764970779419,0.0006001194706186652
7875,-2.4656310081481934,0.0005977643304504454
7876,-2.4754979610443115,0.0005958511028438807
7877,-2.415497064590454,0.0005942451534792781
7878,-2.495764970779419,0.0005929409526288509
7879,-2.4304299354553223,0.0005918658571317792
7880,-2.4805641174316406,0.0005910085747018456
7881,-2.4456310272216797,0.0005903277778998017
7882,-2.510698080062866,0.0005898421513848007
7883,-2.4456310272216797,0.0005895778303965926
7884,-2.5157649517059326,0.0005895480280742049
7885,-2.4456310272216797,0.0005898646195419133
7886,-2.525631904602051,0.0005906719015911222
7887,-2.440563917160034,0.0005921678384765983
7888,-2.034959077835083,0.0005950976046733558
7889,-0.6674749851226807,0.000598705024458468
7890,0.04853399842977524,0.0006012467783875763
7891,0.549340009689331,0.0006017420091666281
7892,0.9301450252532959,0.0006008758209645748
7893,1.2005480527877808,0.0005993861705064774
7894,1.2405489683151245,0.000597959035076201
7895,1.5061520338058472,0.0005963180446997285
7896,1.6261539459228516,0.0005961300921626389
7897,1.6712210178375244,0.0005962875438854098
7898,1.6712210178375244,0.0005959668196737766
7899,1.7664220333099365,0.0005964312003925443
7900,1.8066890239715576,0.0005971902282908559
7901,1.8816239833831787,0.0005990027566440403
7902,1.846690058708191,0.0006012871162965894
7903,1.9568239450454712,0.000603690161369741
7904,1.9168239831924438,0.0006062776083126664
7905,1.9717580080032349,0.0006091092363931239
7906,1.9568239450454712,0.0006125697400420904
7907,1.9869580268859863,0.0006178729818202555
7908,1.9968249797821045,0.0006243842653930187
7909,2.0570919513702393,0.0006309428717941046
7910,2.036824941635132,0.0006373098585754633
7911,2.1069600582122803,0.0006455352995544672
7912,2.1069600582122803,0.0006526196375489235
7913,2.2424280643463135,0.0006608573021367192
7914,2.2672278881073,0.0006696566706523299
7915,2.4026970863342285,0.0006804967997595668
7916,2.3874969482421875,0.0006962865591049194
7917,2.4477639198303223,0.0007144897826947272
7918,2.4626970291137695,0.0007351062376983464
7919,2.247227907180786,0.0007578139775432646
7920,1.0002789497375488,0.0007782265311107039
7921,0.10373499989509583,0.0007959090871736407
7922,-0.35707101225852966,0.0008095629746094346
7923,-0.7677429914474487,0.0008212026441469789
7924,-1.1482809782028198,0.0008334890007972717
7925,-1.1434810161590576,0.0008462928235530853
7926,-1.3536169528961182,0.0008623442845419049
7927,-1.5541529655456543,0.0008843333926051855
7928,-1.6741540431976318,0.0009094103006646037
7929,-1.6090869903564453,0.0009387504542246461
7930,-1.6992210149765015,0.0009744983981363475
7931,-1.7594890594482422,0.001018766313791275
7932,-1.8144229650497437,0.0010688676265999675
7933,-1.8344229459762573,0.0011237511644139886
7934,-1.9296239614486694,0.0011830879375338554
7935,-1.9045569896697998,0.0012454178649932146
7936,-1.949623942375183,0.0013017852324992418
7937,-1.9648250341415405,0.001358254812657833
7938,-2.034959077835083,0.0014109861804172397
7939,-2.024825096130371,0.00146132567897439
7940,-2.064826011657715,0.001522244419902563
7941,-2.0698928833007812,0.0015994806308299303
7942,-2.089893102645874,0.0016778614372015
7943,-2.1450929641723633,0.0017412897432222962
7944,-2.2701621055603027,0.001771437586285174
7945,-2.2853620052337646,0.0017922744154930115
7946,-2.3602960109710693,0.0018563849152997136
7947,-2.3754959106445312,0.0018929879879578948
7948,-2.4656310081481934,0.0019208365119993687
7949,-2.4506969451904297,0.0019397528376430273
7950,-2.525631904602051,0.0019552307203412056
7951,-2.510698080062866,0.0019678983371704817
7952,-2.6058990955352783,0.0019819100853055716
7953,-2.580832004547119,0.0019926833920180798
7954,-2.6109659671783447,0.002002484630793333
7955,-2.595766067504883,0.0020127324387431145
7956,-2.6058990955352783,0.0020202971063554287
7957,-2.5656321048736572,0.0020288918167352676
7958,-2.5656321048736572,0.0020353475119918585
7959,-2.5656321048736572,0.0020413645543158054
7960,-2.6109659671783447,0.0020464735571295023
7961,-2.5205650329589844,0.0020503317937254906
7962,-2.5656321048736572,0.0020527078304439783
7963,-2.525631904602051,0.0020542882848531008
7964,-2.5656321048736572,0.002055212389677763
7965,-2.5205650329589844,0.002056484343484044
7966,-2.55069899559021,0.002057533711194992
7967,-2.5056309700012207,0.002058790298178792
7968,-2.55576491355896,0.002060322090983391
7969,-2.5056309700012207,0.0020626718178391457
7970,-2.5456318855285645,0.002065271371975541
7971,-2.5157649517059326,0.002069360576570034
7972,-2.55069899559021,0.002072919625788927
7973,-2.5056309700012207,0.002077531535178423
7974,-2.55576491355896,0.002080843783915043
7975,-2.5056309700012207,0.0020838980562984943
7976,-2.525631904602051,0.0020869404543191195
7977,-2.5056309700012207,0.002088779117912054
7978,-2.53069806098938,0.0020907765720039606
7979,-2.510698080062866,0.002092138398438692
7980,-2.5005650520324707,0.002093840856105089
7981,-2.5205650329589844,0.00209585833363235
7982,-2.5205650329589844,0.0020975498482584953
7983,-2.5005650520324707,0.0020990960765630007
7984,-2.5205650329589844,0.0021006111055612564
7985,-2.4656310081481934,0.0021018858533352613
7986,-2.5205650329589844,0.0021030022762715816
7987,-2.470698118209839,0.0021040518768131733
7988,-2.5157649517059326,0.0021050535142421722
7989,-2.4754979610443115,0.0021060772705823183
7990,-2.53069806098938,0.0021071527153253555
7991,-2.4805641174316406,0.0021083003375679255
7992,-2.525631904602051,0.0021093864925205708
7993,-2.495764970779419,0.002110367640852928
7994,-2.4906980991363525,0.00211128406226635
7995,-2.4554970264434814,0.002112137619405985
7996,-2.525631904602051,0.002112966263666749
7997,-2.485630989074707,0.002113774884492159
7998,-2.5157649517059326,0.0021145681384950876
7999,-2.5005650520324707,0.0021153665147721767
8000,-2.5056309700012207,0.002116195857524872
8001,-2.470698118209839,0.0021170407999306917
8002,-2.5157649517059326,0.002117804018780589
8003,-2.4805641174316406,0.002118451753631234
8004,-2.53069806098938,0.0021189923863857985
8005,-2.440563917160034,0.0021193951833993196
8006,-2.5205650329589844,0.0021196878515183926
8007,-2.470698118209839,0.0021198918111622334
8008,-2.5005650520324707,0.002120165154337883
8009,-2.470698118209839,0.002121063880622387
8010,-2.4754979610443115,0.0021235179156064987
8011,-2.4906980991363525,0.002127130515873432
8012,-2.5456318855285645,0.0021320905070751905
8013,-2.4805641174316406,0.002138787414878607
8014,-2.5205650329589844,0.00214533694088459
8015,-2.485630989074707,0.002152634086087346
8016,-2.485630989074707,0.0021617566235363483
8017,-2.4906980991363525,0.0021697094198316336
8018,-2.4805641174316406,0.002176537411287427
8019,-2.495764970779419,0.0021830517798662186
8020,-2.5005650520324707,0.0021899291314184666
8021,-2.4805641174316406,0.0021977564319968224
8022,-2.525631904602051,0.0022054165601730347
8023,-2.485630989074707,0.0022130627185106277
8024,-2.5056309700012207,0.0022205435670912266
8025,-2.4754979610443115,0.002228435128927231
8026,-2.5157649517059326,0.002236388623714447
8027,-2.4656310081481934,0.00224478542804718
8028,-2.5056309700012207,0.0022522604558616877
8029,-2.485630989074707,0.0022594372276216745
8030,-2.525631904602051,0.002266853116452694
8031,-2.470698118209839,0.002275184728205204
8032,-2.4805641174316406,0.002283424139022827
8033,-2.460563898086548,0.0022908751852810383
8034,-2.5157649517059326,0.0022975727915763855
8035,-2.4656310081481934,0.0023041260428726673
8036,-2.4906980991363525,0.002310364507138729
8037,-2.4506969451904297,0.0023158914409577847
8038,-2.5157649517059326,0.002320418134331703
8039,-2.5056309700012207,0.0023243138566613197
8040,-2.5056309700012207,0.002327815629541874
8041,-2.4506969451904297,0.002331227995455265
8042,-2.5005650520324707,0.0023344759829342365
8043,-2.470698118209839,0.0023378562182188034
8044,-2.470698118209839,0.0023408313281834126
8045,-2.495764970779419,0.0023435591720044613
8046,-2.525631904602051,0.0023462907411158085
8047,-2.470698118209839,0.002349207876250148
8048,-2.495764970779419,0.0023523031268268824
8049,-2.4805641174316406,0.002355267759412527
8050,-2.5205650329589844,0.0023581571877002716
8051,-2.4754979610443115,0.002361002843827009
8052,-2.5005650520324707,0.0023638370912522078
8053,-2.4805641174316406,0.0023666550405323505
8054,-2.5056309700012207,0.0023694513365626335
8055,-2.4906980991363525,0.0023722657933831215
8056,-2.4805641174316406,0.0023750988766551018
8057,-2.4506969451904297,0.0023780064657330513
8058,-2.5205650329589844,0.0023809403646737337
8059,-2.4456310272216797,0.002383971121162176
8060,-2.5205650329589844,0.002387030515819788
8061,-2.470698118209839,0.0023901783861219883
8062,-2.5157649517059326,0.0023933742195367813
8063,-2.4754979610443115,0.0023966669104993343
8064,-2.4906980991363525,0.002399990800768137
8065,-2.4805641174316406,0.002403362188488245
8066,-2.5157649517059326,0.0024067461490631104
8067,-2.4656310081481934,0.0024101692251861095
8068,-2.495764970779419,0.002413588110357523
8069,-2.485630989074707,0.0024170312099158764
8070,-2.510698080062866,0.002420456148684025
8071,-2.4906980991363525,0.002423853613436222
8072,-2.4906980991363525,0.00242720078676939
8073,-2.4754979610443115,0.002430536551401019
8074,-2.5056309700012207,0.0024338511284440756
8075,-2.4656310081481934,0.0024371682666242123
8076,-2.5157649517059326,0.0024404707364737988
8077,-2.4656310081481934,0.0024437769316136837
8078,-2.5357649326324463,0.002447074744850397
8079,-2.470698118209839,0.002450385596603155
8080,-2.5005650520324707,0.0024537001736462116
8081,-2.470698118209839,0.0024570224341005087
8082,-2.510698080062866,0.0024603521451354027
8083,-2.4805641174316406,0.002463690470904112
8084,-2.53069806098938,0.002467026701197028
8085,-2.4805641174316406,0.0024703792296350002
8086,-2.5157649517059326,0.0024737385101616383
8087,-2.4656310081481934,0.0024771089665591717
8088,-2.4805641174316406,0.002480502240359783
8089,-2.460563898086548,0.002483881078660488
8090,-2.4906980991363525,0.0024872696958482265
8091,-2.495764970779419,0.0024906517937779427
8092,-2.5005650520324707,0.002494045067578554
8093,-2.485630989074707,0.0024974499829113483
8094,-2.5005650520324707,0.0025008590891957283
8095,-2.495764970779419,0.0025042914785444736
8096,-2.4906980991363525,0.002507722470909357
8097,-2.4906980991363525,0.002511167898774147
8098,-2.5005650520324707,0.002514616586267948
8099,-2.470698118209839,0.002518078777939081
8100,-2.5005650520324707,0.0025215293280780315
8101,-2.4906980991363525,0.0025249989703297615
8102,-2.5157649517059326,0.0025284658186137676
8103,-2.470698118209839,0.0025319387204945087
8104,-2.540832042694092,0.0025354044046252966
8105,-2.4805641174316406,0.002538896631449461
8106,-2.5005650520324707,0.002542379777878523
8107,-2.5056309700012207,0.002545863389968872
8108,-2.5205650329589844,0.002549349330365658
8109,-2.470698118209839,0.0025528455153107643
8110,-2.540832042694092,0.0025563309900462627
8111,-2.4906980991363525,0.002559853717684746
8112,-2.4906980991363525,0.0025633685290813446
8113,-2.485630989074707,0.0025668800808489323
8114,-2.4906980991363525,0.002570393495261669
8115,-2.460563898086548,0.002573900856077671
8116,-2.53069806098938,0.0025773970410227776
8117,-2.470698118209839,0.0025809062644839287
8118,-2.5056309700012207,0.0025844171177595854
8119,-2.4656310081481934,0.0025879298336803913
8120,-2.485630989074707,0.002591431140899658
8121,-2.4906980991363525,0.002594941295683384
8122,-2.4906980991363525,0.0025984407402575016
8123,-2.4805641174316406,0.002601953921839595
8124,-2.53069806098938,0.0026054582558572292
8125,-2.5005650520324707,0.0026089693419635296
8126,-2.5157649517059326,0.0026124799624085426
8127,-2.4656310081481934,0.002615995705127716
8128,-2.5005650520324707,0.0026194793172180653
8129,-2.485630989074707,0.0026229689829051495
8130,-2.485630989074707,0.002626447007060051
8131,-2.4554970264434814,0.002629923401400447
8132,-2.5005650520324707,0.002633389551192522
8133,-2.470698118209839,0.0026368615217506886
8134,-2.5157649517059326,0.0026403209194540977
8135,-2.4554970264434814,0.002643770072609186
8136,-2.5205650329589844,0.0026471703313291073
8137,-2.5056309700012207,0.0026505279820412397
8138,-2.5056309700012207,0.0026538167148828506
8139,-2.4656310081481934,0.002656993456184864
8140,-2.5205650329589844,0.002660023281350732
8141,-2.5005650520324707,0.002662795130163431
8142,-2.525631904602051,0.002665109932422638
8143,-2.4805641174316406,0.0026667690835893154
8144,-2.525631904602051,0.002667004242539406
8145,-2.4754979610443115,0.0026664379984140396
8146,-2.5157649517059326,0.0026665148325264454
8147,-2.470698118209839,0.002667338354513049
8148,-2.495764970779419,0.0026687257923185825
8149,-2.5157649517059326,0.0026700773742049932
8150,-2.5656321048736572,0.002671289024874568
8151,-2.4906980991363525,0.002672445960342884
8152,-2.4906980991363525,0.00267230486497283
8153,-2.4656310081481934,0.0026721006724983454
8154,-2.5205650329589844,0.0026724261697381735
8155,-2.470698118209839,0.0026721421163529158
8156,-2.5357649326324463,0.0026716627180576324
8157,-2.5157649517059326,0.0026702024042606354
8158,-2.525631904602051,0.0026682657189667225
8159,-2.470698118209839,0.0026662726886570454
8160,-2.5205650329589844,0.002664073370397091
8161,-2.5056309700012207,0.002661672653630376
8162,-2.5157649517059326,0.002658631419762969
8163,-2.495764970779419,0.0026538134552538395
8164,-2.5005650520324707,0.0026477486826479435
8165,-2.5005650520324707,0.002641674131155014
8166,-2.525631904602051,0.0026357918977737427
8167,-2.4805641174316406,0.002628093585371971
8168,-2.53069806098938,0.0026214662939310074
8169,-2.5157649517059326,0.002613713499158621
8170,-2.525631904602051,0.002605358138680458
8171,-2.460563898086548,0.002594997175037861
8172,-2.5357649326324463,0.002579673193395138
8173,-2.485630989074707,0.002562022302299738
8174,-2.53069806098938,0.002541894093155861
8175,-2.470698118209839,0.0025195032358169556
8176,-2.53069806098938,0.002499313559383154
8177,-2.5157649517059326,0.0024819467216730118
8178,-2.5205650329589844,0.002468534279614687
8179,-2.470698118209839,0.002457113703712821
8180,-2.540832042694092,0.0024447827599942684
8181,-2.485630989074707,0.0024319766089320183
8182,-2.53069806098938,0.002415846800431609
8183,-2.4906980991363525,0.002393858041614294
8184,-2.525631904602051,0.0023687409702688456
8185,-2.5005650520324707,0.0023395877797156572
8186,-2.540832042694092,0.0023043614346534014
8187,-2.460563898086548,0.0022608060389757156
8188,-2.4754979610443115,0.0022117190528661013
8189,-2.470698118209839,0.0021581118926405907
8190,-2.4906980991363525,0.0021002350840717554
8191,-2.470698118209839,0.002039511688053608
8192,-2.5056309700012207,0.0019849196542054415
8193,-2.4656310081481934,0.001930363243445754
8194,-2.5056309700012207,0.0018796069780364633
8195,-2.4554970264434814,0.0018313316395506263
8196,-2.5205650329589844,0.001772420248016715
8197,-2.4906980991363525,0.0016971782315522432
8198,-2.5157649517059326,0.0016210053581744432
8199,-2.4656310081481934,0.0015600280603393912
8200,-2.3754959106445312,0.0015330957248806953
8201,-1.348816990852356,0.001516814110800624
8202,-0.23680299520492554,0.0014583674492314458
8203,0.29413700103759766,0.0014284774661064148
8204,0.7298759818077087,0.0014079303946346045
8205,1.1405479907989502,0.0013971291482448578
8206,1.2005480527877808,0.0013895677402615547
8207,1.37575101852417,0.0013852156698703766
8208,1.5210859775543213,0.001380284084007144
8209,1.696287989616394,0.001379141816869378
8210,1.6712210178375244,0.0013797300634905696
8211,1.7565549612045288,0.0013812088873237371
8212,1.7514890432357788,0.0013863553758710623
8213,1.8717570304870605,0.0013908788096159697
8214,1.851755976676941,0.0013984318356961012
8215,1.9218909740447998,0.0014066069852560759
8216,1.9368239641189575,0.001416384824551642
8217,1.9818910360336304,0.0014278278686106205
8218,1.9368239641189575,0.0014409248251467943
8219,2.0120251178741455,0.0014555277302861214
8220,1.9818910360336304,0.0014705985086038709
8221,2.0469589233398438,0.0014845130499452353
8222,2.032025098800659,0.0014984547160565853
8223,2.061892032623291,0.001512355636805296
8224,2.1069600582122803,0.0015266160480678082
8225,2.207227945327759,0.0015401889104396105
8226,2.2272279262542725,0.001554151065647602
8227,2.3424289226531982,0.0015675182221457362
8228,2.35256290435791,0.0015808905009180307
8229,2.4376299381256104,0.001591679290868342
8230,2.4725639820098877,0.0016025337390601635
8231,2.4477639198303223,0.0016133300960063934
8232,1.70135498046875,0.0016234286595135927
8233,0.4544059932231903,0.001634768908843398
8234,-0.15173499286174774,0.0016461140476167202
8235,-0.5424069762229919,0.0016572820022702217
8236,-1.01814603805542,0.0016665048897266388
8237,-1.1082810163497925,0.0016738034319132566
8238,-1.2536159753799438,0.0016801818273961544
8239,-1.4538849592208862,0.0016852819826453924
8240,-1.6242870092391968,0.0016893126303330064
8241,-1.6090869903564453,0.0016927431570366025
8242,-1.6642869710922241,0.0016955228056758642
8243,-1.729354977607727,0.0016977079212665558
8244,-1.789355993270874,0.00169939617626369
8245,-1.8445559740066528,0.0017006088746711612
8246,-1.8946900367736816,0.001701375818811357
8247,-1.8696229457855225,0.0017017880454659462
8248,-1.944823980331421,0.001701979897916317
8249,-1.949623942375183,0.0017020860686898232
8250,-2.0048251152038574,0.001702086883597076
8251,-1.9746910333633423,0.0017020360101014376
8252,-2.0397589206695557,0.0017019030638039112
8253,-2.049891948699951,0.001701704110018909
8254,-2.1000258922576904,0.0017014266923069954
8255,-2.0949599742889404,0.001701087923720479
8256,-2.2000279426574707,0.0017006888519972563
8257,-2.2152280807495117,0.0017002493841573596
8258,-2.310429096221924,0.001700054737739265
8259,-2.3602960109710693,0.001700331922620535
8260,-2.4754979610443115,0.001702026347629726
8261,-2.4456310272216797,0.0017046304419636726
8262,-2.470698118209839,0.0017079334938898683
8263,-1.9946919679641724,0.0017115306109189987
8264,-0.7176089882850647,0.0017153603257611394
8265,0.01360000018030405,0.0017184596508741379
8266,0.37920498847961426,0.0017197420820593834
8267,0.8901439905166626,0.0017197936540469527
8268,1.0752129554748535,0.0017183533636853099
8269,1.1704150438308716,0.00171501818113029
8270,1.3557499647140503,0.0017117727547883987
8271,1.536018967628479,0.0017077636439353228
8272,1.5912200212478638,0.0017019230872392654
8273,1.6213539838790894,0.0016971788136288524
8274,1.6562869548797607,0.0016935411840677261
8275,1.781622052192688,0.0016901844646781683
8276,1.781622052192688,0.0016864379867911339
8277,1.8416229486465454,0.0016817287541925907
8278,1.8816239833831787,0.0016771946102380753
8279,1.8866900205612183,0.0016726444009691477
8280,1.8866900205612183,0.0016682883724570274
8281,1.9418909549713135,0.0016634659841656685
8282,1.9418909549713135,0.0016586114652454853
8283,2.016824960708618,0.0016532822046428919
8284,1.9818910360336304,0.001648924546316266
8285,2.0418920516967773,0.0016447892412543297
8286,2.032025098800659,0.0016403892077505589
8287,2.1272270679473877,0.0016350839287042618
8288,2.152026891708374,0.0016300785355269909
8289,2.3074960708618164,0.0016258714022114873
8290,2.3074960708618164,0.0016223904676735401
8291,2.3674960136413574,0.0016190751921385527
8292,2.3925631046295166,0.001616105088032782
8293,2.467763900756836,0.0016140994848683476
8294,2.1821610927581787,0.0016129870200529695
8295,1.0402799844741821,0.0016126205446198583
8296,0.06373400241136551,0.0016126108821481466
8297,-0.31707099080085754,0.0016127107664942741
8298,-0.8328099846839905,0.001612755237147212
8299,-1.0882799625396729,0.0016123356763273478
8300,-1.2034820318222046,0.0016121193766593933
8301,-1.3586839437484741,0.0016119721112772822
8302,-1.564020037651062,0.0016115524340420961
8303,-1.6090869903564453,0.0016107489354908466
8304,-1.6741540431976318,0.0016095851315185428
8305,-1.6741540431976318,0.0016084073577076197
8306,-1.7994890213012695,0.0016071740537881851
8307,-1.789355993270874,0.0016058876644819975
8308,-1.9096239805221558,0.0016045048832893372
8309,-1.889623999595642,0.0016030463157221675
8310,-1.949623942375183,0.001601516269147396
8311,-1.9197570085525513,0.0015998739982023835
8312,-1.999758005142212,0.0015981219476088881
8313,-1.999758005142212,0.0015962256584316492
8314,-2.0749590396881104,0.0015942094614729285
8315,-2.034959077835083,0.0015920170117169619
8316,-2.130160093307495,0.0015896919649094343
8317,-2.0848259925842285,0.0015871345531195402
8318,-2.175226926803589,0.0015843664295971394
8319,-2.210160970687866,0.0015813508071005344
8320,-2.3402960300445557,0.001578204333782196
8321,-2.335495948791504,0.0015749442391097546
8322,-2.4554970264434814,0.0015716307098045945
8323,-2.4304299354553223,0.0015682501252740622
8324,-2.5056309700012207,0.0015648475382477045
8325,-2.4906980991363525,0.0015614035073667765
8326,-2.53069806098938,0.0015579699538648129
8327,-2.55069899559021,0.001554548041895032
8328,-2.600832939147949,0.0015511664096266031
8329,-2.55576491355896,0.0015477907145395875
8330,-2.595766067504883,0.0015444370219483972
8331,-2.580832004547119,0.001541083212941885
8332,-2.6157660484313965,0.0015377504751086235
8333,-2.5656321048736572,0.0015344168059527874
8334,-2.595766067504883,0.001531091402284801
8335,-2.5205650329589844,0.0015277480706572533
8336,-2.55576491355896,0.0015243993839249015
8337,-2.540832042694092,0.001521037076599896
8338,-2.5656321048736572,0.0015176791930571198
8339,-2.5608320236206055,0.001514319097623229
8340,-2.540832042694092,0.0015109723899513483
8341,-2.540832042694092,0.00150761054828763
8342,-2.5608320236206055,0.0015042484737932682
8343,-2.485630989074707,0.001500871847383678
8344,-2.5456318855285645,0.0014974625082686543
8345,-2.4754979610443115,0.0014940646942704916
8346,-2.540832042694092,0.0014906551223248243
8347,-2.485630989074707,0.0014872425235807896
8348,-2.5456318855285645,0.0014838206116110086
8349,-2.495764970779419,0.0014803936937823892
8350,-2.525631904602051,0.0014769613044336438
8351,-2.5157649517059326,0.0014735085424035788
8352,-2.5608320236206055,0.0014700666069984436
8353,-2.5056309700012207,0.0014666152419522405
8354,-2.5357649326324463,0.0014631624799221754
8355,-2.495764970779419,0.001459710649214685
8356,-2.55069899559021,0.0014562663855031133
8357,-2.5056309700012207,0.0014528126921504736
8358,-2.525631904602051,0.0014493667986243963
8359,-2.4656310081481934,0.0014459139201790094
8360,-2.5056309700012207,0.0014424750115722418
8361,-2.4754979610443115,0.0014390083961188793
8362,-2.540832042694092,0.0014355574967339635
8363,-2.495764970779419,0.0014321019407361746
8364,-2.4906980991363525,0.001428642775863409
8365,-2.4805641174316406,0.00142517383210361
8366,-2.5056309700012207,0.0014217097777873278
8367,-2.4554970264434814,0.0014182128943502903
8368,-2.5205650329589844,0.0014147250913083553
8369,-2.495764970779419,0.0014112333301454782
8370,-2.510698080062866,0.0014077444793656468
8371,-2.4656310081481934,0.0014042574912309647
8372,-2.53069806098938,0.001400783658027649
8373,-2.460563898086548,0.001397299813106656
8374,-2.510698080062866,0.0013938159681856632
8375,-2.4754979610443115,0.0013903328217566013
8376,-2.495764970779419,0.0013868623645976186
8377,-2.485630989074707,0.001383366296067834
8378,-2.5056309700012207,0.0013798843137919903
8379,-2.4554970264434814,0.0013763809110969305
8380,-2.5157649517059326,0.0013728743651881814
8381,-2.4906980991363525,0.0013693631626665592
8382,-2.5005650520324707,0.001365854637697339
8383,-2.4906980991363525,0.0013623288832604885
8384,-2.53069806098938,0.0013588289730250835
8385,-2.495764970779419,0.0013553118333220482
8386,-2.5056309700012207,0.001351803308352828
8387,-2.4554970264434814,0.0013482848880812526
8388,-2.510698080062866,0.001344770542345941
8389,-2.4754979610443115,0.0013412539847195148
8390,-2.53069806098938,0.0013377468567341566
8391,-2.4554970264434814,0.0013342441525310278
8392,-2.5056309700012207,0.0013307651970535517
8393,-2.5005650520324707,0.0013272736687213182
8394,-2.495764970779419,0.0013237922685220838
8395,-2.4456310272216797,0.001320290844887495
8396,-2.4906980991363525,0.0013168086297810078
8397,-2.4754979610443115,0.0013133123284205794
8398,-2.5205650329589844,0.0013098317431285977
8399,-2.460563898086548,0.0013063480146229267
8400,-2.4805641174316406,0.0013028697576373816
8401,-2.470698118209839,0.0012993840500712395
8402,-2.5056309700012207,0.001295906607992947
8403,-2.5005650520324707,0.0012924033217132092
8404,-2.5056309700012207,0.0012889327481389046
8405,-2.4906980991363525,0.0012854639207944274
8406,-2.4656310081481934,0.0012820139527320862
8407,-2.5005650520324707,0.0012785295257344842
8408,-2.5005650520324707,0.0012750716414302588
8409,-2.4906980991363525,0.0012716135242953897
8410,-2.540832042694092,0.0012681754305958748
8411,-2.4805641174316406,0.0012647522380575538
8412,-2.5005650520324707,0.0012613434810191393
8413,-2.4656310081481934,0.0012579229660332203
8414,-2.470698118209839,0.0012544922064989805
8415,-2.4805641174316406,0.0012510318774729967
8416,-2.5056309700012207,0.0012476019328460097
8417,-2.470698118209839,0.0012441709404811263
8418,-2.510698080062866,0.0012407518224790692
8419,-2.5005650520324707,0.0012373302597552538
8420,-2.53069806098938,0.001233926392160356
8421,-2.4554970264434814,0.0012305197305977345
8422,-2.510698080062866,0.001227112952619791
8423,-2.470698118209839,0.0012236969778314233
8424,-2.510698080062866,0.00122031569480896
8425,-2.4656310081481934,0.0012169077526777983
8426,-2.485630989074707,0.0012135077267885208
8427,-2.470698118209839,0.001210089074447751
8428,-2.4906980991363525,0.0012067039497196674
8429,-2.4805641174316406,0.0012032887898385525
8430,-2.525631904602051,0.0011998942354694009
8431,-2.470698118209839,0.0011964893201366067
8432,-2.5157649517059326,0.0011931092012673616
8433,-2.4805641174316406,0.0011897138319909573
8434,-2.5157649517059326,0.0011863351101055741
8435,-2.495764970779419,0.0011829477734863758
8436,-2.540832042694092,0.0011795845348387957
8437,-2.4906980991363525,0.001176216290332377
8438,-2.5056309700012207,0.0011728532845154405
8439,-2.4805641174316406,0.001169463968835771
8440,-2.4906980991363525,0.0011660698801279068
8441,-2.4805641174316406,0.0011626615887507796
8442,-2.5005650520324707,0.001159254228696227
8443,-2.4554970264434814,0.0011558259138837457
8444,-2.55576491355896,0.0011524090077728033
8445,-2.485630989074707,0.001149002811871469
8446,-2.525631904602051,0.0011456136126071215
8447,-2.470698118209839,0.0011422402458265424
8448,-2.5157649517059326,0.0011388410348445177
8449,-2.4805641174316406,0.0011354245943948627
8450,-2.4906980991363525,0.0011320521589368582
8451,-2.4805641174316406,0.0011286890367045999
8452,-2.5056309700012207,0.0011254762066528201
8453,-2.460563898086548,0.0011223298497498035
8454,-2.5205650329589844,0.0011190352961421013
8455,-2.4754979610443115,0.001115546328946948
8456,-2.5005650520324707,0.0011113716755062342
8457,-2.495764970779419,0.0011059374082833529
8458,-2.5157649517059326,0.00109949242323637
8459,-2.470698118209839,0.0010921050561591983
8460,-2.525631904602051,0.0010842450428754091
8461,-2.4805641174316406,0.0010757583659142256
8462,-2.5056309700012207,0.001067603938281536
8463,-2.4304299354553223,0.0010591611498966813
8464,-2.5005650520324707,0.0010500210337340832
8465,-2.4656310081481934,0.0010403806809335947
8466,-2.5056309700012207,0.0010300327558070421
8467,-2.4754979610443115,0.0010183814447373152
8468,-2.4906980991363525,0.0010057729668915272
8469,-2.4554970264434814,0.0009927774081006646
8470,-2.495764970779419,0.000978883937932551
8471,-2.485630989074707,0.0009648114792071283
8472,-2.485630989074707,0.0009500443120487034
8473,-2.4354970455169678,0.0009348539751954377
8474,-2.4805641174316406,0.0009194755111820996
8475,-2.5005650520324707,0.0009033848182298243
8476,-2.485630989074707,0.000887477770447731
8477,-2.4805641174316406,0.000872383126989007
8478,-2.510698080062866,0.0008574665989726782
8479,-2.4805641174316406,0.0008423816761933267
8480,-2.4805641174316406,0.0008266615332104266
8481,-2.470698118209839,0.0008108070469461381
8482,-2.5005650520324707,0.0007943096570670605
8483,-2.4754979610443115,0.000776914122980088
8484,-2.5056309700012207,0.0007600458338856697
8485,-2.495764970779419,0.0007446970557793975
8486,-2.4906980991363525,0.0007305822800844908
8487,-2.4354970455169678,0.0007167855510488153
8488,-2.4805641174316406,0.0007036938332021236
8489,-2.4554970264434814,0.0006905703921802342
8490,-2.4754979610443115,0.0006772820488549769
8491,-2.4906980991363525,0.0006648077396675944
8492,-2.525631904602051,0.0006539375171996653
8493,-2.4506969451904297,0.00064466503681615
8494,-2.5205650329589844,0.000636633369140327
8495,-2.4554970264434814,0.0006300330860540271
8496,-2.5005650520324707,0.0006245149997994304
8497,-2.4506969451904297,0.0006198511691763997
8498,-2.5456318855285645,0.0006159961922094226
8499,-2.4506969451904297,0.0006128199165686965
8500,-2.5056309700012207,0.0006101838080212474
8501,-2.4354970455169678,0.0006080045131966472
8502,-2.4656310081481934,0.0006062258617021143
8503,-2.405363082885742,0.0006047419155947864
8504,-2.4754979610443115,0.0006035473197698593
8505,-2.4456310272216797,0.000602600397542119
8506,-2.470698118209839,0.0006018767016939819
8507,-2.4506969451904297,0.0006013301899656653
8508,-2.4656310081481934,0.0006009995704516768
8509,-2.4304299354553223,0.0006009051576256752
8510,-2.4656310081481934,0.0006011644145473838
8511,-2.460563898086548,0.0006018280982971191
8512,-2.4754979610443115,0.0006031537195667624
8513,-1.9698909521102905,0.0006059984443709254
8514,-0.6925420165061951,0.0006094005657359958
8515,0.06373400241136551,0.0006118640303611755
8516,0.4994730055332184,0.0006122296908870339
8517,0.9701449871063232,0.0006112572737038136
8518,1.1904150247573853,0.0006096985307522118
8519,1.2906830310821533,0.0006080533494241536
8520,1.4560179710388184,0.000606162182521075
8521,1.6613539457321167,0.0006056755664758384
8522,1.6762880086898804,0.0006055196281522512
8523,1.7264219522476196,0.0006048810901120305
8524,1.7264219522476196,0.0006049611256457865
8525,1.8365559577941895,0.0006053752731531858
8526,1.851755976676941,0.0006068280199542642
8527,1.911756992340088,0.0006087163928896189
8528,1.9568239450454712,0.0006107209483161569
8529,1.9869580268859863,0.0006129496032372117
8530,1.9917579889297485,0.0006154670263640583
8531,2.0669589042663574,0.0006185765378177166
8532,2.0069580078125,0.0006235444452613592
8533,2.0520260334014893,0.0006296156207099557
8534,2.0120251178741455,0.0006356744561344385
8535,2.097093105316162,0.0006414834642782807
8536,2.0770928859710693,0.0006491952808573842
8537,2.207227945327759,0.0006556643638759851
8538,2.222161054611206,0.0006631739670410752
8539,2.33256196975708,0.0006712269969284534
8540,2.33256196975708,0.0006812171195633709
8541,2.4626970291137695,0.000696212169714272
8542,2.427496910095215,0.000713190995156765
8543,2.5026979446411133,0.0007321098237298429
8544,2.257361888885498,0.0007529121357947588
8545,1.0552129745483398,0.0007712659426033497
8546,0.07866799831390381,0.0007884107762947679
8547,-0.30693700909614563,0.0008021285175345838
8548,-0.7626760005950928,0.0008136772084981203
8549,-1.0632129907608032,0.0008275447180494666
8550,-1.1733479499816895,0.0008434166666120291
8551,-1.2736159563064575,0.0008645349880680442
8552,-1.574152946472168,0.0008905049180611968
8553,-1.629086971282959,0.0009213403100147843
8554,-1.6792210340499878,0.00095870450604707
8555,-1.66935396194458,0.0010031479177996516
8556,-1.7744220495224,0.0010521765798330307
8557,-1.7642890214920044,0.0011063017882406712
8558,-1.8645570278167725,0.0011658582370728254
8559,-1.874690055847168,0.001229509711265564
8560,-1.9296239614486694,0.0012870955979451537
8561,-1.9245569705963135,0.0013432250125333667
8562,-1.9698909521102905,0.0013968435814604163
8563,-1.9898920059204102,0.0014469786547124386
8564,-2.0749590396881104,0.0015087100910022855
8565,-2.0698928833007812,0.0015854742377996445
8566,-2.130160093307495,0.0016676492523401976
8567,-2.1000258922576904,0.0017372900620102882
8568,-2.1650938987731934,0.0017924192361533642
8569,-2.2000279426574707,0.0018180601764470339
8570,-2.3053619861602783,0.001830713707022369
8571,-2.3402960300445557,0.00189171452075243
8572,-2.4554970264434814,0.0019293889636173844
8573,-2.440563917160034,0.001956317340955138
8574,-2.5005650520324707,0.0019747340120375156
8575,-2.4906980991363525,0.0019897196907550097
8576,-2.53069806098938,0.00200188672170043
8577,-2.5456318855285645,0.0020154768135398626
8578,-2.600832939147949,0.0020259409211575985
8579,-2.5706989765167236,0.002035456709563732
8580,-2.620832920074463,0.0020453468896448612
8581,-2.580832004547119,0.002052644733339548
8582,-2.600832939147949,0.0020610345527529716
8583,-2.55576491355896,0.0020672220271080732
8584,-2.575766086578369,0.002073064213618636
8585,-2.5456318855285645,0.002077927812933922
8586,-2.595766067504883,0.0020815858151763678
8587,-2.5456318855285645,0.0020837371703237295
8588,-2.55576491355896,0.0020851464942097664
8589,-2.5157649517059326,0.002085871296003461
8590,-2.575766086578369,0.002087028231471777
8591,-2.5005650520324707,0.002087956527248025
8592,-2.55069899559021,0.0020890405867248774
8593,-2.5157649517059326,0.002090499736368656
8594,-2.580832004547119,0.0020926869474351406
8595,-2.510698080062866,0.002095233416184783
8596,-2.5706989765167236,0.0020991237834095955
8597,-2.5005650520324707,0.0021025848109275103
8598,-2.53069806098938,0.0021071434020996094
8599,-2.4906980991363525,0.0021102875471115112
8600,-2.53069806098938,0.002113274298608303
8601,-2.495764970779419,0.002116082701832056
8602,-2.540832042694092,0.002117808908224106
8603,-2.470698118209839,0.002119618933647871
8604,-2.5056309700012207,0.002120831049978733
8605,-2.4805641174316406,0.0021224282681941986
8606,-2.5656321048736572,0.0021242902148514986
8607,-2.4906980991363525,0.0021258278284221888
8608,-2.540832042694092,0.002127246465533972
8609,-2.4906980991363525,0.0021286632400006056
8610,-2.525631904602051,0.002129881177097559
8611,-2.5056309700012207,0.002130923792719841
8612,-2.5005650520324707,0.0021319319494068623
8613,-2.4754979610443115,0.002132895402610302
8614,-2.5205650329589844,0.0021338779479265213
8615,-2.4656310081481934,0.002134920097887516
8616,-2.5157649517059326,0.002136014401912689
8617,-2.4506969451904297,0.0021369887981563807
8618,-2.525631904602051,0.0021378821693360806
8619,-2.460563898086548,0.002138695679605007
8620,-2.495764970779419,0.002139466116204858
8621,-2.460563898086548,0.0021401848644018173
8622,-2.5056309700012207,0.002140891272574663
8623,-2.4554970264434814,0.0021415913943201303
8624,-2.485630989074707,0.002142305951565504
8625,-2.4805641174316406,0.002143031917512417
8626,-2.495764970779419,0.0021437774412333965
8627,-2.4456310272216797,0.0021445169113576412
8628,-2.470698118209839,0.0021451872307807207
8629,-2.470698118209839,0.002145689446479082
8630,-2.4754979610443115,0.002146060112863779
8631,-2.4656310081481934,0.002146298298612237
8632,-2.5005650520324707,0.0021464484743773937
8633,-2.4656310081481934,0.0021466745529323816
8634,-2.4805641174316406,0.0021475108806043863
8635,-2.495764970779419,0.002149867592379451
8636,-2.5205650329589844,0.002153370063751936
8637,-2.4906980991363525,0.002158203162252903
8638,-2.5005650520324707,0.002164671663194895
8639,-2.4656310081481934,0.002171013504266739
8640,-2.5005650520324707,0.002178120892494917
8641,-2.495764970779419,0.0021870441269129515
8642,-2.5357649326324463,0.0021947550121694803
8643,-2.495764970779419,0.0022014183923602104
8644,-2.5056309700012207,0.002207718091085553
8645,-2.4906980991363525,0.0022144410759210587
8646,-2.510698080062866,0.0022220779210329056
8647,-2.4554970264434814,0.002229619538411498
8648,-2.5056309700012207,0.002237049862742424
8649,-2.470698118209839,0.002244353760033846
8650,-2.5005650520324707,0.002251992467790842
8651,-2.460563898086548,0.0022597559727728367
8652,-2.5205650329589844,0.0022679329849779606
8653,-2.4805641174316406,0.002275196835398674
8654,-2.5157649517059326,0.002282078843563795
8655,-2.4656310081481934,0.002289270516484976
8656,-2.510698080062866,0.002297286642715335
8657,-2.4805641174316406,0.002305287402123213
8658,-2.5157649517059326,0.002312570344656706
8659,-2.4554970264434814,0.002319165039807558
8660,-2.5056309700012207,0.0023255704436451197
8661,-2.460563898086548,0.002331760246306658
8662,-2.53069806098938,0.002337274607270956
8663,-2.460563898086548,0.0023417621850967407
8664,-2.5056309700012207,0.0023456451017409563
8665,-2.460563898086548,0.0023490856401622295
8666,-2.4805641174316406,0.0023524421267211437
8667,-2.470698118209839,0.0023556987289339304
8668,-2.5005650520324707,0.0023590519558638334
8669,-2.4656310081481934,0.0023620016872882843
8670,-2.5157649517059326,0.0023647232446819544
8671,-2.4805641174316406,0.0023674461990594864
8672,-2.5056309700012207,0.0023703372571617365
8673,-2.4354970455169678,0.002373406896367669
8674,-2.5056309700012207,0.0023763859644532204
8675,-2.4554970264434814,0.0023792609572410583
8676,-2.4906980991363525,0.0023820651695132256
8677,-2.4656310081481934,0.002384831663221121
8678,-2.5056309700012207,0.002387585584074259
8679,-2.4805641174316406,0.0023903301917016506
8680,-2.5056309700012207,0.00239304406568408
8681,-2.495764970779419,0.0023958110250532627
8682,-2.5005650520324707,0.0023985947482287884
8683,-2.4554970264434814,0.002401454374194145
8684,-2.5005650520324707,0.0024043256416916847
8685,-2.4656310081481934,0.0024072756059467793
8686,-2.5056309700012207,0.0024102567695081234
8687,-2.4456310272216797,0.0024133194237947464
8688,-2.525631904602051,0.002416408620774746
8689,-2.440563917160034,0.002419569529592991
8690,-2.5056309700012207,0.002422736492007971
8691,-2.4554970264434814,0.002425942337140441
8692,-2.5205650329589844,0.002429128857329488
8693,-2.485630989074707,0.0024323249235749245
8694,-2.5157649517059326,0.002435496309772134
8695,-2.4656310081481934,0.0024386446457356215
8696,-2.5205650329589844,0.0024417629465460777
8697,-2.485630989074707,0.0024448654148727655
8698,-2.5056309700012207,0.0024479555431753397
8699,-2.4554970264434814,0.0024510317016392946
8700,-2.5005650520324707,0.0024541004095226526
8701,-2.5056309700012207,0.0024571623653173447
8702,-2.525631904602051,0.0024602292105555534
8703,-2.4805641174316406,0.0024633025750517845
8704,-2.4906980991363525,0.002466376405209303
8705,-2.470698118209839,0.0024694539606571198
8706,-2.525631904602051,0.002472527325153351
8707,-2.4656310081481934,0.0024756116326898336
8708,-2.4754979610443115,0.0024786973372101784
8709,-2.4754979610443115,0.0024817921221256256
8710,-2.5005650520324707,0.002484897617250681
8711,-2.470698118209839,0.0024880152195692062
8712,-2.5056309700012207,0.0024911421351134777
8713,-2.4656310081481934,0.0024942783638834953
8714,-2.510698080062866,0.002497416455298662
8715,-2.460563898086548,0.002500561997294426
8716,-2.4805641174316406,0.00250371266156435
8717,-2.4805641174316406,0.002506881020963192
8718,-2.4754979610443115,0.0025100652128458023
8719,-2.4656310081481934,0.0025132657028734684
8720,-2.495764970779419,0.0025164689868688583
8721,-2.4656310081481934,0.002519692061468959
8722,-2.4906980991363525,0.0025229027960449457
8723,-2.4554970264434814,0.002526138909161091
8724,-2.470698118209839,0.00252936827018857
8725,-2.440563917160034,0.0025326211471110582
8726,-2.4805641174316406,0.0025358744896948338
8727,-2.460563898086548,0.00253913551568985
8728,-2.525631904602051,0.0025423921179026365
8729,-2.4354970455169678,0.0025456722360104322
8730,-2.5056309700012207,0.0025489442050457
8731,-2.460563898086548,0.0025522257201373577
8732,-2.485630989074707,0.0025555118918418884
8733,-2.4656310081481934,0.0025588027201592922
8734,-2.5005650520324707,0.002562099602073431
8735,-2.485630989074707,0.002565413247793913
8736,-2.5157649517059326,0.0025687161833047867
8737,-2.5157649517059326,0.0025720465928316116
8738,-2.495764970779419,0.002575376071035862
8739,-2.4656310081481934,0.0025787102058529854
8740,-2.53069806098938,0.0025820378214120865
8741,-2.470698118209839,0.002585400827229023
8742,-2.4906980991363525,0.0025887677911669016
8743,-2.4506969451904297,0.002592149656265974
8744,-2.495764970779419,0.0025955119635909796
8745,-2.4805641174316406,0.0025988940615206957
8746,-2.485630989074707,0.002602273365482688
8747,-2.4354970455169678,0.0026056745555251837
8748,-2.5005650520324707,0.0026090575847774744
8749,-2.4554970264434814,0.002612461568787694
8750,-2.5005650520324707,0.0026158529799431562
8751,-2.4456310272216797,0.0026192348450422287
8752,-2.5157649517059326,0.002622600644826889
8753,-2.460563898086548,0.0026259743608534336
8754,-2.4906980991363525,0.0026293252594769
8755,-2.4805641174316406,0.0026326696388423443
8756,-2.5157649517059326,0.002636007033288479
8757,-2.4656310081481934,0.002639352809637785
8758,-2.5157649517059326,0.0026426813565194607
8759,-2.485630989074707,0.0026459929067641497
8760,-2.53069806098938,0.002649292815476656
8761,-2.4805641174316406,0.002652551047503948
8762,-2.4906980991363525,0.0026557568926364183
8763,-2.4506969451904297,0.002658905228599906
8764,-2.5005650520324707,0.002661918755620718
8765,-2.495764970779419,0.002664792351424694
8766,-2.5205650329589844,0.002667381428182125
8767,-2.4906980991363525,0.0026696377899497747
8768,-2.5157649517059326,0.002671262715011835
8769,-2.470698118209839,0.0026714142877608538
8770,-2.5056309700012207,0.002670820103958249
8771,-2.4656310081481934,0.002670818939805031
8772,-2.525631904602051,0.0026715826243162155
8773,-2.4554970264434814,0.002672945149242878
8774,-2.4906980991363525,0.0026742832269519567
8775,-2.470698118209839,0.0026755337603390217
8776,-2.5157649517059326,0.002676714677363634
8777,-2.4554970264434814,0.002676615957170725
8778,-2.525631904602051,0.002676446922123432
8779,-2.4506969451904297,0.0026768366806209087
8780,-2.525631904602051,0.0026766411028802395
8781,-2.4456310272216797,0.0026762972120195627
8782,-2.5056309700012207,0.0026749353855848312
8783,-2.4656310081481934,0.002673191949725151
8784,-2.495764970779419,0.002671321388334036
8785,-2.440563917160034,0.0026693022809922695
8786,-2.5205650329589844,0.0026670023798942566
8787,-2.440563917160034,0.0026641543954610825
8788,-2.5005650520324707,0.0026594391092658043
8789,-2.4656310081481934,0.0026537179946899414
8790,-2.5056309700012207,0.0026483822148293257
8791,-2.4554970264434814,0.002643315587192774
8792,-2.5205650329589844,0.002637313213199377
8793,-2.440563917160034,0.002634507603943348
8794,-2.5205650329589844,0.0026314505375921726
8795,-2.470698118209839,0.0026282123290002346
8796,-2.510698080062866,0.0026226909831166267
8797,-2.4805641174316406,0.0026108729653060436
8798,-2.53069806098938,0.002596377395093441
8799,-2.470698118209839,0.0025794259272515774
8800,-2.5357649326324463,0.00255997059866786
8801,-2.470698118209839,0.002542932517826557
8802,-2.5157649517059326,0.002527431584894657
8803,-2.495764970779419,0.0025155027396976948
8804,-2.5005650520324707,0.002504939679056406
8805,-2.485630989074707,0.002490782644599676
8806,-2.5005650520324707,0.0024740330409258604
8807,-2.4656310081481934,0.0024516009725630283
8808,-2.5005650520324707,0.0024242764338850975
8809,-2.4906980991363525,0.002392271300777793
8810,-2.485630989074707,0.00235393806360662
8811,-2.4656310081481934,0.0023091596085578203
8812,-2.4906980991363525,0.002260581124573946
8813,-2.440563917160034,0.002207227051258087
8814,-2.440563917160034,0.002148472238332033
8815,-2.4354970455169678,0.0020855835173279047
8816,-2.470698118209839,0.002028935356065631
8817,-2.460563898086548,0.00197417289018631
8818,-2.5056309700012207,0.0019226112635806203
8819,-2.4554970264434814,0.0018751390744000673
8820,-2.470698118209839,0.0018159197643399239
8821,-2.4456310272216797,0.0017416609916836023
8822,-2.5056309700012207,0.0016616986831650138
8823,-2.4205639362335205,0.0015941988676786423
8824,-2.4805641174316406,0.0015409395564347506
8825,-2.310429096221924,0.0015170187689363956
8826,-1.338683009147644,0.0015057016862556338
8827,-0.1866690069437027,0.0014457880752161145
8828,0.25387001037597656,0.0014090624172240496
8829,0.7749429941177368,0.0013830927200615406
8830,1.1104140281677246,0.0013657314702868462
8831,1.2354819774627686,0.0013518364867195487
8832,1.3408169746398926,0.0013407896040007472
8833,1.6112200021743774,0.0013283239677548409
8834,1.646420955657959,0.0013189679011702538
8835,1.6914880275726318,0.0013105404796078801
8836,1.6914880275726318,0.0013017100282013416
8837,1.796555995941162,0.001295449212193489
8838,1.8365559577941895,0.001288077561184764
8839,1.8968240022659302,0.0012828910257667303
8840,1.9266910552978516,0.0012780188117176294
8841,1.9317569732666016,0.0012740971287712455
8842,1.9368239641189575,0.0012713499600067735
8843,1.9869580268859863,0.0012700887164101005
8844,1.9869580268859863,0.0012695274781435728
8845,2.02695894241333,0.0012696324847638607
8846,2.016824960708618,0.0012692899908870459
8847,2.0821590423583984,0.0012691742740571499
8848,2.0669589042663574,0.0012689258437603712
8849,2.1320269107818604,0.001268387888558209
8850,2.1821610927581787,0.0012672158190980554
8851,2.2874948978424072,0.001265771104954183
8852,2.3074960708618164,0.001263016602024436
8853,2.427496910095215,0.0012606335803866386
8854,2.4325640201568604,0.0012570488033816218
8855,2.497631072998047,0.001255056937225163
8856,2.407496929168701,0.0012534705456346273
8857,1.6864210367202759,0.0012523059267550707
8858,0.40933799743652344,0.0012528279330581427
8859,-0.07653400301933289,0.0012536634458228946
8860,-0.6176080107688904,0.0012553121196106076
8861,-0.958145022392273,0.0012566358782351017
8862,-1.1533479690551758,0.0012577782617881894
8863,-1.2285490036010742,0.0012595357839018106
8864,-1.4890849590301514,0.0012616612948477268
8865,-1.5792200565338135,0.0012639282504096627
8866,-1.6493539810180664,0.0012664408423006535
8867,-1.6192200183868408,0.001268796157091856
8868,-1.7442879676818848,0.0012710853479802608
8869,-1.7794890403747559,0.0012735245982185006
8870,-1.8445559740066528,0.0012755910865962505
8871,-1.8245559930801392,0.001277221250347793
8872,-1.9296239614486694,0.0012786807492375374
8873,-1.9245569705963135,0.001279973890632391
8874,-1.9546910524368286,0.0012809380423277617
8875,-1.9898920059204102,0.0012816675007343292
8876,-2.0048251152038574,0.0012824275763705373
8877,-1.999758005142212,0.0012832144275307655
8878,-2.0549590587615967,0.0012836522655561566
8879,-2.0549590587615967,0.001284042140468955
8880,-2.105093002319336,0.0012845994206145406
8881,-2.1549599170684814,0.001285212580114603
8882,-2.295228958129883,0.0012857080437242985
8883,-2.29042911529541,0.0012864409945905209
8884,-2.4256300926208496,0.0012875018874183297
8885,-2.4354970455169678,0.0012886661570519209
8886,-2.4805641174316406,0.0012901801383122802
8887,-2.4754979610443115,0.0012921594316139817
8888,-1.9797580242156982,0.0012940677115693688
8889,-0.642408013343811,0.0012957407161593437
8890,0.01360000018030405,0.001296608243137598
8891,0.44933900237083435,0.001295856200158596
8892,0.8498769998550415,0.0012939064763486385
8893,1.095479965209961,0.0012905397452414036
8894,1.1704150438308716,0.0012854740489274263
8895,1.3858840465545654,0.0012804833240807056
8896,1.5312190055847168,0.0012746958527714014
8897,1.6261539459228516,0.0012670637806877494
8898,1.5661530494689941,0.001260627992451191
8899,1.7114880084991455,0.0012552086263895035
8900,1.7514890432357788,0.0012501489836722612
8901,1.8114889860153198,0.001244646031409502
8902,1.8066890239715576,0.0012382162967696786
8903,1.9266910552978516,0.0012318341759964824
8904,1.9016239643096924,0.0012255387846380472
8905,1.9368239641189575,0.0012193305883556604
8906,1.906690001487732,0.0012127561494708061
8907,1.9917579889297485,0.0012060152366757393
8908,1.9568239450454712,0.00119885359890759
8909,2.02695894241333,0.0011926027946174145
8910,1.9917579889297485,0.0011867281282320619
8911,2.0570919513702393,0.0011805430985987186
8912,2.1069600582122803,0.001173580065369606
8913,2.1872270107269287,0.0011666500940918922
8914,2.222161054611206,0.001160412561148405
8915,2.32749605178833,0.001154708443209529
8916,2.357362985610962,0.001149004208855331
8917,2.4477639198303223,0.0011434205807745457
8918,2.4325640201568604,0.0011387059930711985
8919,2.212294101715088,0.0011349910637363791
8920,0.9400119781494141,0.0011319672921672463
8921,0.08880099654197693,0.0011291084811091423
8922,-0.3821380138397217,0.0011260369792580605
8923,-0.8077430129051208,0.0011228631483390927
8924,-1.1232140064239502,0.0011194522958248854
8925,-1.1634809970855713,0.0011163372546434402
8926,-1.398684024810791,0.0011133693624287844
8927,-1.5341529846191406,0.0011103542055934668
8928,-1.6642869710922241,0.001107127871364355
8929,-1.6392199993133545,0.0011036951327696443
8930,-1.714421033859253,0.0011003336403518915
8931,-1.7642890214920044,0.0010970542207360268
8932,-1.8546899557113647,0.0010938257910311222
8933,-1.8245559930801392,0.001090613892301917
8934,-1.9296239614486694,0.0010874033905565739
8935,-1.9045569896697998,0.0010841928888112307
8936,-1.9898920059204102,0.0010810022940859199
8937,-1.9746910333633423,0.0010777537245303392
8938,-2.0149590969085693,0.0010744845494627953
8939,-2.044826030731201,0.0010711313225328922
8940,-2.089893102645874,0.0010677578393369913
8941,-2.060025930404663,0.0010643041459843516
8942,-2.1400270462036133,0.0010608140146359801
8943,-2.1349599361419678,0.0010572453029453754
8944,-2.2501609325408936,0.001053652260452509
8945,-2.2701621055603027,0.0010499979835003614
8946,-2.405363082885742,0.0010463393991813064
8947,-2.4005630016326904,0.0010426528751850128
8948,-2.510698080062866,0.0010389888193458319
8949,-2.4656310081481934,0.0010353251127526164
8950,-2.55576491355896,0.0010316834086552262
8951,-2.5205650329589844,0.0010280889691784978
8952,-2.5706989765167236,0.0010245260782539845
8953,-2.540832042694092,0.001020991476252675
8954,-2.625899076461792,0.0010174644412472844
8955,-2.5656321048736572,0.0010139605728909373
8956,-2.5906989574432373,0.0010104478569701314
8957,-2.575766086578369,0.0010069416603073478
8958,-2.5906989574432373,0.0010034155566245317
8959,-2.5456318855285645,0.0009998868918046355
8960,-2.5706989765167236,0.0009963425109162927
8961,-2.55069899559021,0.00099279941059649
8962,-2.5906989574432373,0.0009892560774460435
8963,-2.5205650329589844,0.0009857059922069311
8964,-2.5656321048736572,0.0009821386775001884
8965,-2.5456318855285645,0.0009785689180716872
8966,-2.55576491355896,0.0009749893797561526
8967,-2.5157649517059326,0.0009713968029245734
8968,-2.55069899559021,0.0009677923517301679
8969,-2.53069806098938,0.000964183418545872
8970,-2.5706989765167236,0.0009605605737306178
8971,-2.540832042694092,0.0009569296380504966
8972,-2.5205650329589844,0.000953284848947078
8973,-2.5205650329589844,0.0009496242273598909
8974,-2.5205650329589844,0.00094594870461151
8975,-2.5056309700012207,0.0009422574657946825
8976,-2.5205650329589844,0.0009385559242218733
8977,-2.5056309700012207,0.0009348450694233179
8978,-2.525631904602051,0.0009311353787779808
8979,-2.510698080062866,0.0009274068288505077
8980,-2.540832042694092,0.00092367606703192
8981,-2.4805641174316406,0.0009199196938425303
8982,-2.5456318855285645,0.0009161641355603933
8983,-2.5056309700012207,0.0009124039206653833
8984,-2.5357649326324463,0.0009086420177482069
8985,-2.5157649517059326,0.0009048754582181573
8986,-2.5357649326324463,0.000901108724065125
8987,-2.5056309700012207,0.0008973373332992196
8988,-2.53069806098938,0.0008935605874285102
8989,-2.4906980991363525,0.0008897777297534049
8990,-2.5056309700012207,0.00088598852744326
8991,-2.495764970779419,0.0008821900119073689
8992,-2.525631904602051,0.0008784003439359367
8993,-2.5056309700012207,0.0008745905361138284
8994,-2.53069806098938,0.0008707719389349222
8995,-2.5005650520324707,0.0008669483358971775
8996,-2.5005650520324707,0.000863123161252588
8997,-2.4554970264434814,0.0008592670783400536
8998,-2.5056309700012207,0.000855397607665509
8999,-2.5157649517059326,0.0008515151566825807
9000,-2.495764970779419,0.0008476516231894493
9001,-2.4656310081481934,0.0008437679498456419
9002,-2.4754979610443115,0.000839883170556277
9003,-2.460563898086548,0.000835978367831558
9004,-2.5056309700012207,0.0008320793858729303
9005,-2.470698118209839,0.000828174059279263
9006,-2.495764970779419,0.0008242769399657845
9007,-2.4805641174316406,0.0008203843026421964
9008,-2.5157649517059326,0.0008165037725120783
9009,-2.470698118209839,0.0008126944303512573
9010,-2.5056309700012207,0.0008091735653579235
9011,-2.470698118209839,0.0008061141124926507
9012,-2.510698080062866,0.0008034666534513235
9013,-2.470698118209839,0.0008010657038539648
9014,-2.55069899559021,0.0007985180709511042
9015,-2.470698118209839,0.0007957703783176839
9016,-2.5056309700012207,0.0007928322302177548
9017,-2.4554970264434814,0.0007896276656538248
9018,-2.5157649517059326,0.0007864307845011353
9019,-2.4805641174316406,0.0007832271512597799
9020,-2.5157649517059326,0.0007802024483680725
9021,-2.4656310081481934,0.0007776077254675329
9022,-2.5056309700012207,0.000775327265728265
9023,-2.4656310081481934,0.0007736693369224668
9024,-2.5005650520324707,0.0007718162378296256
9025,-2.485630989074707,0.0007699962588958442
9026,-2.5157649517059326,0.0007680346025153995
9027,-2.495764970779419,0.0007662158459424973
9028,-2.5157649517059326,0.0007648897590115666
9029,-2.4754979610443115,0.0007638083770871162
9030,-2.4805641174316406,0.0007625690777786076
9031,-2.4805641174316406,0.0007613021298311651
9032,-2.495764970779419,0.0007598366937600076
9033,-2.4205639362335205,0.000758459500502795
9034,-2.4805641174316406,0.0007574944174848497
9035,-2.440563917160034,0.0007561535458080471
9036,-2.4656310081481934,0.0007546114502474666
9037,-2.440563917160034,0.0007528773276135325
9038,-2.4554970264434814,0.0007510915165767074
9039,-2.4506969451904297,0.0007494973251596093
9040,-2.5056309700012207,0.0007480621570721269
9041,-2.4554970264434814,0.0007466437527909875
9042,-2.4906980991363525,0.0007453353027813137
9043,-2.4906980991363525,0.000744008575566113
9044,-2.2202939987182617,0.0007423131610266864
9045,-0.9330779910087585,0.0007401909097097814
9046,-0.05653399974107742,0.0007375855930149555
9047,0.3992049992084503,0.0007348426734097302
9048,0.8498769998550415,0.0007309842621907592
9049,1.155480980873108,0.0007252442301250994
9050,1.2106820344924927,0.0007190261967480183
9051,1.4509509801864624,0.0007125576375983655
9052,1.5912200212478638,0.0007062074728310108
9053,1.7314879894256592,0.0007010995759628713
9054,1.6512210369110107,0.0006968816742300987
9055,1.7464220523834229,0.000693666166625917
9056,1.7616219520568848,0.0006908479263074696
9057,1.8765569925308228,0.0006879073916934431
9058,1.846690058708191,0.0006845175521448255
9059,1.9368239641189575,0.0006807885365560651
9060,1.9317569732666016,0.0006779812974855304
9061,1.9568239450454712,0.0006766220321878791
9062,1.9669580459594727,0.000675480579957366
9063,2.0418920516967773,0.0006745003629475832
9064,2.00189208984375,0.0006734757917001843
9065,2.061892032623291,0.0006720805540680885
9066,2.0570919513702393,0.0006708285072818398
9067,2.1570940017700195,0.0006691511371172965
9068,2.117093086242676,0.0006666245171800256
9069,2.207227945327759,0.0006639963248744607
9070,2.247227907180786,0.0006616950267925858
9071,2.372562885284424,0.0006597390165552497
9072,2.4026970863342285,0.0006576363230124116
9073,2.4725639820098877,0.000655083917081356
9074,2.4576311111450195,0.0006520553724840283
9075,2.497631072998047,0.0006484418408945203
9076,2.507765054702759,0.0006451337831094861
9077,2.5778989791870117,0.0006419691490009427
9078,2.5528318881988525,0.0006390513153746724
9079,2.612833023071289,0.0006363455322571099
9080,2.5778989791870117,0.0006338712410070002
9081,2.5677649974823,0.0006315917707979679
9082,2.547765016555786,0.0006300117820501328
9083,2.5277650356292725,0.0006290997844189405
9084,2.5277650356292725,0.0006284459959715605
9085,2.547765016555786,0.0006277829525060952
9086,2.5026979446411133,0.0006273083854466677
9087,2.507765054702759,0.0006273504113778472
9088,2.532831907272339,0.0006274243351072073
9089,2.522697925567627,0.0006273639155551791
9090,2.4826979637145996,0.0006274773622862995
9091,2.5176310539245605,0.0006280409288592637
9092,2.4826979637145996,0.0006288873846642673
9093,2.522697925567627,0.0006296173669397831
9094,2.477631092071533,0.000630461610853672
9095,2.497631072998047,0.000631471280939877
9096,2.4626970291137695,0.0006324855494312942
9097,2.5026979446411133,0.0006337481900118291
9098,2.4826979637145996,0.0006349605391733348
9099,2.477631092071533,0.0006358937243930995
9100,2.452564001083374,0.0006368490867316723
9101,2.512830972671509,0.0006376317469403148
9102,2.4376299381256104,0.0006383026484400034
9103,2.4725639820098877,0.0006390688940882683
9104,2.4576311111450195,0.0006399358389899135
9105,2.467763900756836,0.0006406254833564162
9106,2.4576311111450195,0.0006414359668269753
9107,2.477631092071533,0.0006425993633456528
9108,2.477631092071533,0.0006440103170461953
9109,2.4826979637145996,0.0006452759844250977
9110,2.452564001083374,0.0006465842016041279
9111,2.4826979637145996,0.000647786189801991
9112,2.442697048187256,0.0006490694358944893
9113,2.467763900756836,0.0006502745673060417
9114,2.4725639820098877,0.0006507325451821089
9115,2.4877638816833496,0.0006505651399493217
9116,2.4325640201568604,0.0006501375464722514
9117,2.4376299381256104,0.0006492189131677151
9118,2.452564001083374,0.000648212619125843
9119,2.4626970291137695,0.0006471896776929498
9120,2.407496929168701,0.0006457609124481678
9121,2.4626970291137695,0.0006444203900173306
9122,2.4176299571990967,0.0006432216614484787
9123,2.4826979637145996,0.0006423562299460173
9124,2.4477639198303223,0.0006415890529751778
9125,2.452564001083374,0.0006405315943993628
9126,2.442697048187256,0.0006401066784746945
9127,2.4826979637145996,0.0006400438724085689
9128,2.4176299571990967,0.0006399325211532414
9129,2.477631092071533,0.0006396152311936021
9130,2.427496910095215,0.0006396761746145785
9131,2.4576311111450195,0.0006401409627869725
9132,2.442697048187256,0.0006406327593140304
9133,2.492830991744995,0.0006415834650397301
9134,2.4176299571990967,0.0006436544354073703
9135,2.492830991744995,0.0006468708161264658
9136,2.4176299571990967,0.0006514883716590703
9137,2.4626970291137695,0.000655858195386827
9138,2.4176299571990967,0.0006603605579584837
9139,2.4626970291137695,0.0006646385882049799
9140,2.442697048187256,0.0006683277315460145
9141,2.4826979637145996,0.000671509129460901
9142,2.4176299571990967,0.0006739441305398941
9143,2.4877638816833496,0.0006757591618224978
9144,2.452564001083374,0.0006774946814402938
9145,2.5026979446411133,0.0006792846834287047
9146,2.407496929168701,0.0006812335923314095
9147,2.4826979637145996,0.0006832598010078073
9148,2.442697048187256,0.000685355975292623
9149,2.4325640201568604,0.0006875721155665815
9150,2.4176299571990967,0.0006898704450577497
9151,2.5026979446411133,0.0006922250613570213
9152,2.427496910095215,0.0006946236826479435
9153,2.4725639820098877,0.0006970887770876288
9154,2.4325640201568604,0.0006995961302891374
9155,2.4725639820098877,0.000702138408087194
9156,2.4325640201568604,0.0007047515828162432
9157,2.4376299381256104,0.0007074150489643216
9158,2.4026970863342285,0.0007101540104486048
9159,2.4576311111450195,0.0007129573496058583
9160,2.3925631046295166,0.000715864822268486
9161,2.4325640201568604,0.000718805764336139
9162,2.3925631046295166,0.0007219446706585586
9163,2.452564001083374,0.000725307094398886
9164,2.4176299571990967,0.0007289889617823064
9165,2.477631092071533,0.0007330934167839587
9166,2.4125630855560303,0.0007374518318101764
9167,2.4725639820098877,0.0007420872570946813
9168,2.4125630855560303,0.0007473552250303328
9169,2.1621599197387695,0.0007528572459705174
9170,0.9050779938697815,0.0007593079935759306
9171,-0.0013330000219866633,0.000766127894166857
9172,-0.47227299213409424,0.0007730736979283392
9173,-0.9080110192298889,0.000779476307798177
9174,-1.238415002822876,0.0007850973634049296
9175,-1.2685489654541016,0.0007898217882029712
9176,-1.509086012840271,0.0007936268812045455
9177,-1.6642869710922241,0.0007972944295033813
9178,-1.7493549585342407,0.0008012724574655294
9179,-1.7192209959030151,0.0008054175996221602
9180,-1.8245559930801392,0.0008093815413303673
9181,-1.8344229459762573,0.0008133161463774741
9182,-1.9346909523010254,0.00081730040255934
9183,-1.9397579431533813,0.0008205542108044028
9184,-2.024825096130371,0.0008230514358729124
9185,-1.9898920059204102,0.0008251901599578559
9186,-2.0549590587615967,0.0008271195110864937
9187,-2.034959077835083,0.0008285552030429244
9188,-2.089893102645874,0.000829857774078846
9189,-2.0800259113311768,0.0008312440477311611
9190,-2.130160093307495,0.0008325085509568453
9191,-2.105093002319336,0.0008340569911524653
9192,-2.1901609897613525,0.0008356268517673016
9193,-2.2152280807495117,0.0008368779090233147
9194,-2.3152289390563965,0.0008379651699215174
9195,-2.3402960300445557,0.0008390480652451515
9196,-2.4304299354553223,0.0008404325926676393
9197,-2.4656310081481934,0.0008422117680311203
9198,-2.495764970779419,0.0008444461273029447
9199,-2.5157649517059326,0.0008473438210785389
9200,-2.55576491355896,0.0008510343031957746
9201,-2.540832042694092,0.0008550510974600911
9202,-2.6157660484313965,0.0008584538009017706
9203,-2.5656321048736572,0.0008614208782091737
9204,-2.625899076461792,0.0008639785810373724
9205,-2.5706989765167236,0.0008662525215186179
9206,-2.63576602935791,0.0008686028886586428
9207,-2.5656321048736572,0.000870967865921557
9208,-2.5906989574432373,0.0008732122369110584
9209,-2.575766086578369,0.0008756319293752313
9210,-2.5906989574432373,0.0008783655939623713
9211,-2.55069899559021,0.0008809993742033839
9212,-2.5656321048736572,0.0008836073684506118
9213,-2.5157649517059326,0.0008864322444424033
9214,-2.5906989574432373,0.0008891710895113647
9215,-2.5056309700012207,0.0008915435173548758
9216,-2.540832042694092,0.0008938848040997982
9217,-2.540832042694092,0.0008960730629041791
9218,-2.5357649326324463,0.0008978702244348824
9219,-2.495764970779419,0.0008994218660518527
9220,-2.55069899559021,0.000901097257155925
9221,-2.5056309700012207,0.0009026625193655491
9222,-2.53069806098938,0.0009039885480888188
9223,-2.5056309700012207,0.0009053885005414486
9224,-2.540832042694092,0.0009071780368685722
9225,-2.5056309700012207,0.0009086777572520077
9226,-2.5205650329589844,0.0009101593168452382
9227,-2.4805641174316406,0.0009118951857089996
9228,-2.5456318855285645,0.0009135713335126638
9229,-2.5157649517059326,0.0009153981227427721
9230,-2.53069806098938,0.0009176645544357598
9231,-2.5056309700012207,0.0009193660807795823
9232,-2.5005650520324707,0.0009206704562529922
9233,-2.4805641174316406,0.0009218233753927052
9234,-2.55576491355896,0.0009226092370226979
9235,-2.4656310081481934,0.0009232317097485065
9236,-2.55069899559021,0.0009239990031346679
9237,-2.495764970779419,0.0009250837611034513
9238,-2.495764970779419,0.0009264268446713686
9239,-2.4906980991363525,0.0009283008403144777
9240,-2.5056309700012207,0.0009307514410465956
9241,-2.470698118209839,0.0009336295770481229
9242,-2.5157649517059326,0.0009363272693008184
9243,-2.4656310081481934,0.0009389723418280482
9244,-2.510698080062866,0.0009414477972313762
9245,-2.460563898086548,0.0009440365829505026
9246,-2.4805641174316406,0.0009470356744714081
9247,-2.4656310081481934,0.0009502678294666111
9248,-2.4906980991363525,0.0009532636613585055
9249,-2.4754979610443115,0.0009562477935105562
9250,-2.5056309700012207,0.0009589484543539584
9251,-2.4304299354553223,0.0009616576717235148
9252,-2.4656310081481934,0.0009646794060245156
9253,-2.440563917160034,0.0009675392648205161
9254,-2.460563898086548,0.000970102904830128
9255,-2.440563917160034,0.0009725234122015536
9256,-2.4754979610443115,0.0009746862342581153
9257,-2.4104299545288086,0.0009769857861101627
9258,-2.5056309700012207,0.0009794180514290929
9259,-2.415497064590454,0.0009817257523536682
9260,-2.4805641174316406,0.0009839400881901383
9261,-2.4656310081481934,0.0009860829450190067
9262,-2.4304299354553223,0.0009882425656542182
9263,-1.889623999595642,0.0009905511979013681
9264,-0.6024079918861389,0.0009932946413755417
9265,0.10880099982023239,0.0009963323827832937
9266,0.549340009689331,0.0009993237908929586
9267,1.020279049873352,0.0010020150803029537
9268,1.1805479526519775,0.0010042404755949974
9269,1.310683012008667,0.0010061259381473064
9270,1.481084942817688,0.001008089049719274
9271,1.6664210557937622,0.0010101823136210442
9272,1.6914880275726318,0.0010124372784048319
9273,1.7162879705429077,0.0010149064473807812
9274,1.7664220333099365,0.001017341623082757
9275,1.856557011604309,0.0010197263909503818
9276,1.8416229486465454,0.0010219165123999119
9277,1.911756992340088,0.0010236306115984917
9278,1.9317569732666016,0.0010250110644847155
9279,1.9869580268859863,0.001025724457576871
9280,1.9669580459594727,0.0010266241151839495
9281,1.9968249797821045,0.0010274476371705532
9282,2.00189208984375,0.0010284248273819685
9283,2.0520260334014893,0.0010292129591107368
9284,2.02695894241333,0.0010295171523466706
9285,2.0770928859710693,0.001029513543471694
9286,2.0520260334014893,0.0010296946857124567
9287,2.177093982696533,0.0010298832785338163
9288,2.2173609733581543,0.0010302632581442595
9289,2.32749605178833,0.001030484214425087
9290,2.3424289226531982,0.0010303030721843243
9291,2.477631092071533,0.001030548708513379
9292,2.427496910095215,0.0010310681536793709
9293,2.467763900756836,0.00103181810118258
9294,2.167227029800415,0.0010326658375561237
9295,0.9701449871063232,0.0010335473343729973
9296,0.04853399842977524,0.0010343969333916903
9297,-0.3520039916038513,0.0010350465308874846
9298,-0.8026769757270813,0.0010354653932154179
9299,-1.053346037864685,0.0010359660955145955
9300,-1.1733479499816895,0.0010373189579695463
9301,-1.3586839437484741,0.0010398717131465673
9302,-1.574152946472168,0.0010426139924675226
9303,-1.6242870092391968,0.0010448201792314649
9304,-1.629086971282959,0.001046906691044569
9305,-1.6741540431976318,0.001049109036102891
9306,-1.8096230030059814,0.0010513351298868656
9307,-1.8296229839324951,0.001053750398568809
9308,-1.9045569896697998,0.0010568355210125446
9309,-1.8696229457855225,0.001060033799149096
9310,-1.9698909521102905,0.001063422067090869
9311,-1.9146909713745117,0.0010661364067345858
9312,-1.9946919679641724,0.00106888881418854
9313,-1.9946919679641724,0.0010719902347773314
9314,-2.049891948699951,0.0010749426437541842
9315,-2.0549590587615967,0.0010780328884720802
9316,-2.0800259113311768,0.0010811237152665854
9317,-2.0749590396881104,0.0010836187284439802
9318,-2.1800270080566406,0.0010865952353924513
9319,-2.2000279426574707,0.0010894222650676966
9320,-2.345362901687622,0.0010923607042059302
9321,-2.3554959297180176,0.0010954084573313594
9322,-2.4456310272216797,0.0010979874059557915
9323,-2.4354970455169678,0.001100599067285657
9324,-2.5056309700012207,0.0011036309879273176
9325,-2.5056309700012207,0.001107014948502183
9326,-2.5906989574432373,0.0011106564197689295
9327,-2.55576491355896,0.0011141784489154816
9328,-2.6109659671783447,0.0011174591490998864
9329,-2.595766067504883,0.00112077035009861
9330,-2.6109659671783447,0.0011241119354963303
9331,-2.55069899559021,0.001127882394939661
9332,-2.625899076461792,0.0011315636802464724
9333,-2.5456318855285645,0.0011352021247148514
9334,-2.580832004547119,0.0011392077431082726
9335,-2.5205650329589844,0.0011436077766120434
9336,-2.5357649326324463,0.0011484138667583466
9337,-2.5357649326324463,0.0011525372974574566
9338,-2.55576491355896,0.0011557417456060648
9339,-2.5157649517059326,0.0011581508442759514
9340,-2.55576491355896,0.0011602862505242229
9341,-2.4906980991363525,0.001162571832537651
9342,-2.540832042694092,0.001164984772913158
9343,-2.5205650329589844,0.001167501788586378
9344,-2.5608320236206055,0.0011701744515448809
9345,-2.5157649517059326,0.0011730401311069727
9346,-2.540832042694092,0.0011756701860576868
9347,-2.495764970779419,0.0011779277119785547
9348,-2.55069899559021,0.0011801788350567222
9349,-2.4656310081481934,0.001182913314551115
9350,-2.5656321048736572,0.0011850736336782575
9351,-2.5157649517059326,0.001186818815767765
9352,-2.55069899559021,0.0011883920524269342
9353,-2.485630989074707,0.0011890807654708624
9354,-2.5157649517059326,0.0011891990434378386
9355,-2.510698080062866,0.0011890700552612543
9356,-2.540832042694092,0.0011885854182764888
9357,-2.470698118209839,0.0011881438549607992
9358,-2.5205650329589844,0.0011878192890435457
9359,-2.485630989074707,0.0011875431519001722
9360,-2.525631904602051,0.0011874833144247532
9361,-2.470698118209839,0.001188122434541583
9362,-2.5005650520324707,0.001189420698210597
9363,-2.460563898086548,0.0011914484202861786
9364,-2.53069806098938,0.0011943556601181626
9365,-2.4554970264434814,0.0011980169219896197
9366,-2.495764970779419,0.0012025672476738691
9367,-2.495764970779419,0.001208184054121375
9368,-2.495764970779419,0.0012137298472225666
9369,-2.4754979610443115,0.0012197893811389804
9370,-2.525631904602051,0.0012270831502974033
9371,-2.4805641174316406,0.0012362346751615405
9372,-2.4906980991363525,0.0012476169504225254
9373,-2.470698118209839,0.0012623462826013565
9374,-2.495764970779419,0.001279162592254579
9375,-2.4656310081481934,0.0012952876277267933
9376,-2.4754979610443115,0.0013118997449055314
9377,-2.4554970264434814,0.0013295670505613089
9378,-2.470698118209839,0.0013492772122845054
9379,-2.4205639362335205,0.0013726011384278536
9380,-2.4754979610443115,0.001399874221533537
9381,-2.4456310272216797,0.001428599120117724
9382,-2.5005650520324707,0.0014597433619201183
9383,-2.4456310272216797,0.0014947790186852217
9384,-2.5056309700012207,0.0015351383481174707
9385,-2.470698118209839,0.0015820214757695794
9386,-2.510698080062866,0.001635373686440289
9387,-2.4205639362335205,0.001690637320280075
9388,-1.9245569705963135,0.0017412395682185888
9389,-0.592540979385376,0.0017809364944696426
9390,0.04853399842977524,0.001816871459595859
9391,0.5696070194244385,0.0018481733277440071
9392,1.0002789497375488,0.0018765836721286178
9393,1.2005480527877808,0.001906103570945561
9394,1.255748987197876,0.0019373091636225581
9395,1.4960190057754517,0.001971759367734194
9396,1.5861530303955078,0.0020122069399803877
9397,1.696287989616394,0.0020603318698704243
9398,1.68135404586792,0.002116192365065217
9399,1.7864220142364502,0.0021817442029714584
9400,1.781622052192688,0.0022569720167666674
9401,1.8765569925308228,0.002347572473809123
9402,1.9168239831924438,0.0024562901817262173
9403,1.9618910551071167,0.0025899377651512623
9404,1.9418909549713135,0.0027419065590947866
9405,1.9917579889297485,0.0029083453118801117
9406,1.9917579889297485,0.0030796248465776443
9407,2.0120251178741455,0.0032269153743982315
9408,2.061892032623291,0.0033630591351538897
9409,2.0770928859710693,0.0034781694412231445
9410,2.032025098800659,0.0035750039387494326
9411,2.142159938812256,0.003660757327452302
9412,2.152026891708374,0.0037225033156573772
9413,2.257361888885498,0.0037615280598402023
9414,2.3074960708618164,0.003793482668697834
9415,2.4026970863342285,0.003822876140475273
9416,2.4125630855560303,0.0038495808839797974
9417,2.4576311111450195,0.0038758153095841408
9418,2.4477639198303223,0.003901213873177767
9419,2.547765016555786,0.003926336299628019
9420,2.4877638816833496,0.003949697129428387
9421,2.562964916229248,0.0039721401408314705
9422,2.522697925567627,0.00399093609303236
9423,2.58776593208313,0.00400844682008028
9424,2.5528318881988525,0.0040200199000537395
9425,2.5778989791870117,0.004030161537230015
9426,2.532831907272339,0.0040388586930930614
9427,2.5778989791870117,0.004046165384352207
9428,2.5426979064941406,0.00404971232637763
9429,2.5528318881988525,0.004052731208503246
9430,2.4826979637145996,0.004054827615618706
9431,2.507765054702759,0.004057575017213821
9432,2.477631092071533,0.004060453735291958
9433,2.507765054702759,0.004063277505338192
9434,2.4826979637145996,0.004065176472067833
9435,2.532831907272339,0.004067268222570419
9436,2.477631092071533,0.004068884998559952
9437,2.5026979446411133,0.004070589318871498
9438,2.507765054702759,0.004071328788995743
9439,2.512830972671509,0.004072471056133509
9440,2.467763900756836,0.00407393928617239
9441,2.497631072998047,0.0040756952948868275
9442,2.4576311111450195,0.004077220801264048
9443,2.512830972671509,0.0040792785584926605
9444,2.4376299381256104,0.0040809717029333115
9445,2.497631072998047,0.004082858562469482
9446,2.4576311111450195,0.00408460246399045
9447,2.497631072998047,0.004085933789610863
9448,2.4477639198303223,0.004086918663233519
9449,2.477631092071533,0.004088037181645632
9450,2.4325640201568604,0.0040892865508794785
9451,2.477631092071533,0.004090705420821905
9452,2.4325640201568604,0.0040916805155575275
9453,2.4626970291137695,0.0040924884378910065
9454,2.4376299381256104,0.004092739894986153
9455,2.4576311111450195,0.004092410672456026
9456,2.467763900756836,0.004091364331543446
9457,2.497631072998047,0.004089679569005966
9458,2.4576311111450195,0.004088326822966337
9459,2.4626970291137695,0.0040871817618608475
9460,2.422697067260742,0.004086248576641083
9461,2.4877638816833496,0.004085710272192955
9462,2.4576311111450195,0.004085083492100239
9463,2.4877638816833496,0.004084303509443998
9464,2.4376299381256104,0.004083632491528988
9465,2.4877638816833496,0.0040826089680194855
9466,2.407496929168701,0.004081232473254204
9467,2.442697048187256,0.004079895094037056
9468,2.4176299571990967,0.004078694619238377
9469,2.4376299381256104,0.004077242687344551
9470,2.4325640201568604,0.004075962584465742
9471,2.4626970291137695,0.004074878990650177
9472,2.407496929168701,0.004074046388268471
9473,2.4626970291137695,0.004073337651789188
9474,2.4325640201568604,0.004073091316968203
9475,2.4626970291137695,0.004072999581694603
9476,2.4176299571990967,0.004072793293744326
9477,2.4576311111450195,0.0040726265870034695
9478,2.397629976272583,0.004072842188179493
9479,2.4325640201568604,0.004072912037372589
9480,2.3925631046295166,0.004072626121342182
9481,2.4725639820098877,0.004072721116244793
9482,2.4125630855560303,0.004072869196534157
9483,2.467763900756836,0.004072727635502815
9484,2.4176299571990967,0.004072785377502441
9485,2.452564001083374,0.004078852944076061
9486,2.4325640201568604,0.004146365448832512
9487,2.4826979637145996,0.004240426234900951
9488,2.4125630855560303,0.004350738599896431
9489,2.4477639198303223,0.004455531015992165
9490,2.427496910095215,0.00455124955624342
9491,2.4626970291137695,0.0046418942511081696
9492,2.442697048187256,0.004713454283773899
9493,2.4626970291137695,0.004770493134856224
9494,2.427496910095215,0.0048161642625927925
9495,2.4477639198303223,0.004853004589676857
9496,2.442697048187256,0.004883545450866222
9497,2.4626970291137695,0.004909822717308998
9498,2.452564001083374,0.004934514872729778
9499,2.467763900756836,0.0049590179696679115
9500,2.427496910095215,0.004984529223293066
9501,2.477631092071533,0.0050102295354008675
9502,2.442697048187256,0.00503414124250412
9503,2.452564001083374,0.00505676306784153
9504,2.4325640201568604,0.005079079885035753
9505,2.477631092071533,0.005097702145576477
9506,2.427496910095215,0.005113047547638416
9507,2.452564001083374,0.005125802475959063
9508,2.4125630855560303,0.005136072635650635
9509,2.452564001083374,0.005145058035850525
9510,2.4026970863342285,0.005153214558959007
9511,2.452564001083374,0.005160940811038017
9512,2.4176299571990967,0.005168589763343334
9513,2.467763900756836,0.005175917409360409
9514,2.407496929168701,0.00518213352188468
9515,2.4477639198303223,0.00518787419423461
9516,2.4376299381256104,0.00519334664568305
9517,2.4176299571990967,0.005197914317250252
9518,2.452564001083374,0.005201200023293495
9519,2.422697067260742,0.005203346721827984
9520,2.427496910095215,0.0052042207680642605
9521,2.4477639198303223,0.005204132758080959
9522,2.407496929168701,0.005203419364988804
9523,2.4725639820098877,0.005202248226851225
9524,2.4325640201568604,0.005200961604714394
9525,2.452564001083374,0.005199831444770098
9526,2.407496929168701,0.005199017468839884
9527,2.4626970291137695,0.0051987203769385815
9528,2.4176299571990967,0.005199067294597626
9529,2.422697067260742,0.005200016777962446
9530,2.4376299381256104,0.0052006128244102
9531,2.477631092071533,0.005200703162699938
9532,2.442697048187256,0.005200418643653393
9533,2.4376299381256104,0.005199994891881943
9534,2.4176299571990967,0.005199624225497246
9535,2.477631092071533,0.00519953016191721
9536,2.4176299571990967,0.0051999762654304504
9537,2.4626970291137695,0.005200526677072048
9538,2.4125630855560303,0.005200560670346022
9539,2.4376299381256104,0.005200409796088934
9540,2.4176299571990967,0.005200262181460857
9541,2.4725639820098877,0.005200402345508337
9542,2.422697067260742,0.005201018415391445
9543,2.4626970291137695,0.00520235113799572
9544,2.4325640201568604,0.005204147193580866
9545,2.477631092071533,0.0052058398723602295
9546,2.4325640201568604,0.005207596812397242
9547,2.452564001083374,0.005209588911384344
9548,2.4325640201568604,0.005212043412029743
9549,2.4725639820098877,0.005215154029428959
9550,2.4376299381256104,0.00521793682128191
9551,2.4376299381256104,0.005220415070652962
9552,2.4176299571990967,0.005222788546234369
9553,2.442697048187256,0.005225236061960459
9554,2.442697048187256,0.005227925255894661
9555,2.4626970291137695,0.005230915732681751
9556,2.3925631046295166,0.005233308300375938
9557,2.4877638816833496,0.005234695505350828
9558,2.3925631046295166,0.0052360473200678825
9559,2.452564001083374,0.0052384790033102036
9560,2.427496910095215,0.0052416156977415085
9561,2.452564001083374,0.005244349129498005
9562,2.3874969482421875,0.005246319342404604
9563,2.452564001083374,0.005247917491942644
9564,2.407496929168701,0.0052491179667413235
9565,2.4477639198303223,0.00525073753669858
9566,2.4176299571990967,0.005252334289252758
9567,2.4325640201568604,0.005254257004708052
9568,2.442697048187256,0.005255262367427349
9569,2.4877638816833496,0.0052552614361047745
9570,2.4176299571990967,0.005255004391074181
9571,2.4477639198303223,0.005254576914012432
9572,2.427496910095215,0.005253927316516638
9573,2.422697067260742,0.005252724513411522
9574,2.4176299571990967,0.005251087248325348
9575,2.442697048187256,0.005249712150543928
9576,2.3874969482421875,0.005248614586889744
9577,2.452564001083374,0.0052480073645710945
9578,2.407496929168701,0.005247293971478939
9579,2.452564001083374,0.005246683955192566
9580,2.4026970863342285,0.0052461158484220505
9581,2.4877638816833496,0.005245347507297993
9582,2.3925631046295166,0.0052447631023824215
9583,2.427496910095215,0.005244522355496883
9584,2.397629976272583,0.00524433609098196
9585,2.422697067260742,0.005244417116045952
9586,2.407496929168701,0.005244900472462177
9587,2.4477639198303223,0.005245505832135677
9588,2.407496929168701,0.005246237386018038
9589,2.4376299381256104,0.005247388035058975
9590,2.4026970863342285,0.0052475351840257645
9591,2.4325640201568604,0.005246909335255623
9592,2.427496910095215,0.005246090702712536
9593,2.4626970291137695,0.005245482083410025
9594,2.4176299571990967,0.005245409905910492
9595,2.452564001083374,0.005246076267212629
9596,2.427496910095215,0.005247263237833977
9597,2.4877638816833496,0.005248808301985264
9598,2.422697067260742,0.005249631591141224
9599,2.442697048187256,0.005249808542430401
9600,2.452564001083374,0.005249911919236183
9601,2.452564001083374,0.005249875131994486
9602,2.4325640201568604,0.005250169895589352
9603,2.4626970291137695,0.005251015070825815
9604,2.4026970863342285,0.005251102149486542
9605,2.452564001083374,0.005250562913715839
9606,2.427496910095215,0.005250515881925821
9607,2.4477639198303223,0.0052511063404381275
9608,2.4325640201568604,0.005252503789961338
9609,2.452564001083374,0.0052543142810463905
9610,2.3874969482421875,0.0052568307146430016
9611,2.4477639198303223,0.00526029895991087
9612,2.4477639198303223,0.005264418199658394
9613,2.4626970291137695,0.005268885754048824
9614,2.4477639198303223,0.0052728974260389805
9615,2.427496910095215,0.00527664739638567
9616,2.407496929168701,0.0052799019031226635
9617,2.4626970291137695,0.005281962454319
9618,2.4176299571990967,0.0052824788726866245
9619,2.467763900756836,0.005280849523842335
9620,2.4125630855560303,0.0052773053757846355
9621,2.452564001083374,0.005272836424410343
9622,2.4026970863342285,0.005267459433525801
9623,2.427496910095215,0.005261239595711231
9624,2.427496910095215,0.005254644900560379
9625,2.4376299381256104,0.005247545428574085
9626,2.4176299571990967,0.00523984944447875
9627,2.442697048187256,0.005231386050581932
9628,2.427496910095215,0.005221248138695955
9629,2.4576311111450195,0.0052087148651480675
9630,2.407496929168701,0.005193805787712336
9631,2.4826979637145996,0.00517903920263052
9632,2.407496929168701,0.005163779482245445
9633,2.4626970291137695,0.005147464107722044
9634,2.3925631046295166,0.005129428114742041
9635,2.452564001083374,0.005108313634991646
9636,2.4026970863342285,0.005083285737782717
9637,2.4725639820098877,0.005056525580585003
9638,2.427496910095215,0.005026835482567549
9639,2.477631092071533,0.00499335303902626
9640,2.407496929168701,0.00495467334985733
9641,2.452564001083374,0.00491025485098362
9642,2.407496929168701,0.0048597450368106365
9643,2.4477639198303223,0.004807126708328724
9644,2.382430076599121,0.004758466966450214
9645,2.4626970291137695,0.004719835706055164
9646,2.4026970863342285,0.004683835431933403
9647,2.467763900756836,0.004651025868952274
9648,2.427496910095215,0.004619339480996132
9649,2.4725639820098877,0.00458654947578907
9650,2.4376299381256104,0.00455197598785162
9651,2.477631092071533,0.004513890948146582
9652,2.4125630855560303,0.004470204934477806
9653,2.477631092071533,0.0044199321419000626
9654,2.4176299571990967,0.0043626818805933
9655,2.4477639198303223,0.004296531435102224
9656,2.4176299571990967,0.004221895709633827
9657,2.4576311111450195,0.004132648464292288
9658,2.427496910095215,0.00402575358748436
9659,2.4477639198303223,0.0038935986813157797
9660,2.442697048187256,0.0037423809990286827
9661,2.477631092071533,0.0035757983569055796
9662,2.4325640201568604,0.0034040031023323536
9663,2.4626970291137695,0.003256102092564106
9664,2.442697048187256,0.0031195797491818666
9665,2.4376299381256104,0.0030048235785216093
9666,2.3925631046295166,0.002909263828769326
9667,2.4626970291137695,0.0028252191841602325
9668,2.4325640201568604,0.002764645265415311
9669,2.452564001083374,0.0027267341502010822
9670,2.427496910095215,0.002695893868803978
9671,2.4626970291137695,0.0026673399843275547
9672,2.4176299571990967,0.0026417551562190056
9673,2.452564001083374,0.002616599202156067
9674,2.4325640201568604,0.002591881901025772
9675,2.4576311111450195,0.0025676502846181393
9676,2.4125630855560303,0.002545563504099846
9677,2.4576311111450195,0.002524765208363533
9678,2.4125630855560303,0.0025082805659621954
9679,2.4826979637145996,0.002492708619683981
9680,2.427496910095215,0.002481340430676937
9681,2.452564001083374,0.002470793668180704
9682,2.4125630855560303,0.0024601235054433346
9683,2.4477639198303223,0.0024501699954271317
9684,2.382430076599121,0.0024439282715320587
9685,2.4376299381256104,0.00243849097751081
9686,2.4325640201568604,0.002434495836496353
9687,2.442697048187256,0.0024309370201081038
9688,2.4176299571990967,0.0024283023085445166
9689,2.4477639198303223,0.0024269442074000835
9690,2.4176299571990967,0.00242666807025671
9691,2.452564001083374,0.002426979597657919
9692,2.422697067260742,0.002428800333291292
9693,2.4477639198303223,0.0024313421454280615
9694,2.4176299571990967,0.002436142647638917
9695,2.467763900756836,0.0024430672638118267
9696,2.407496929168701,0.002448915969580412
9697,2.452564001083374,0.0024538286961615086
9698,2.4176299571990967,0.0024588354863226414
9699,2.4576311111450195,0.0024634520523250103
9700,2.4125630855560303,0.002467862330377102
9701,2.4477639198303223,0.0024718735367059708
9702,2.4026970863342285,0.0024762433022260666
9703,2.4725639820098877,0.002480283845216036
9704,2.4176299571990967,0.002484900876879692
9705,2.442697048187256,0.00248898146674037
9706,2.407496929168701,0.0024928031489253044
9707,2.4376299381256104,0.0024968504440039396
9708,2.3925631046295166,0.0025015424471348524
9709,2.452564001083374,0.002505300100892782
9710,2.4176299571990967,0.002508600940927863
9711,2.4477639198303223,0.002511072438210249
9712,2.407496929168701,0.0025135083124041557
9713,2.467763900756836,0.0025169169530272484
9714,2.4125630855560303,0.002521204762160778
9715,2.477631092071533,0.0025270353071391582
9716,2.4176299571990967,0.0025329445488750935
9717,2.4477639198303223,0.002538868226110935
9718,2.407496929168701,0.0025455348659306765
9719,2.4477639198303223,0.002551276935264468
9720,2.427496910095215,0.0025560962967574596
9721,2.4376299381256104,0.0025606013368815184
9722,2.4125630855560303,0.002565751550719142
9723,2.4376299381256104,0.002570903394371271
9724,2.397629976272583,0.002576733473688364
9725,2.4376299381256104,0.0025832615792751312
9726,2.397629976272583,0.002590246731415391
9727,2.422697067260742,0.0025971708819270134
9728,2.422697067260742,0.0026049199514091015
9729,2.452564001083374,0.0026141959242522717
9730,2.4376299381256104,0.00262385793030262
9731,2.4626970291137695,0.002632556017488241
9732,2.397629976272583,0.002641338389366865
9733,2.4376299381256104,0.0026501042302697897
9734,2.4026970863342285,0.0026600626297295094
9735,2.452564001083374,0.0026729609817266464
9736,2.397629976272583,0.0026889946311712265
9737,2.4725639820098877,0.0027076618280261755
9738,2.442697048187256,0.002727371407672763
9739,2.422697067260742,0.002744862576946616
9740,2.2424280643463135,0.0027602396439760923
9741,1.4008179903030396,0.002776098670437932
9742,1.0152130126953125,0.0027317439671605825
9743,1.4008179903030396,0.0026614831294864416
9744,0.9952120184898376,0.0025791297666728497
9745,0.8698779940605164,0.002481647999957204
9746,1.0552129745483398,0.002392924390733242
9747,0.9149450063705444,0.0023087901063263416
9748,0.6848090291023254,0.0022432359401136637
9749,0.7597429752349854,0.002191640203818679
9750,0.7698760032653809,0.0021510133519768715
9751,0.7197420001029968,0.0021185874938964844
9752,0.6496080160140991,0.002091815695166588
9753,0.6848090291023254,0.002068793633952737
9754,0.6245409846305847,0.0020474321208894253
9755,0.604541003704071,0.0020261432509869337
9756,0.549340009689331,0.0020038082730025053
9757,0.5944070219993591,0.0019809650257229805
9758,0.5194730162620544,0.0019593979232013226
9759,0.5645400285720825,0.001938768196851015
9760,0.4794729948043823,0.0019185502314940095
9761,0.4893389940261841,0.0019021268235519528
9762,0.4293389916419983,0.001889402512460947
9763,0.44933900237083435,0.0018793547060340643
9764,0.3741379976272583,0.0018715824699029326
9765,0.37920498847961426,0.0018653165316209197
9766,0.2890700101852417,0.0018602346535772085
9767,0.3141370117664337,0.0018557343864813447
9768,0.25387001037597656,0.0018515739357098937
9769,0.2890700101852417,0.0018475755350664258
9770,0.2189359962940216,0.0018446408212184906
9771,0.25387001037597656,0.0018423431320115924
9772,0.15893499553203583,0.0018404405564069748
9773,0.16880199313163757,0.0018396113300696015
9774,0.1386680006980896,0.001840215059928596
9775,0.15386900305747986,0.001841942546889186
9776,0.11866799741983414,0.0018446557223796844
9777,0.12373500317335129,0.0018480534199625254
9778,0.09866800159215927,0.0018519433215260506
9779,0.1386680006980896,0.001856197020970285
9780,0.05360100045800209,0.0018607019446790218
9781,0.11866799741983414,0.0018651559948921204
9782,0.09866800159215927,0.0018693822203204036
9783,0.12373500317335129,0.0018731259042397141
9784,0.08880099654197693,0.0018761864630505443
9785,0.12373500317335129,0.0018786009168252349
9786,0.06373400241136551,0.0018814922077581286
9787,0.07866799831390381,0.001885071163997054
9788,0.09866800159215927,0.0018891846993938088
9789,0.09866800159215927,0.0018935493426397443
9790,0.05360100045800209,0.0018979315645992756
9791,0.0685340017080307,0.0019020482432097197
9792,0.04853399842977524,0.00190555932931602
9793,0.07360100001096725,0.0019089964916929603
9794,0.03359999880194664,0.0019131217850372195
9795,0.07360100001096725,0.0019175618654116988
9796,0.02346700057387352,0.0019220600370317698
9797,0.08880099654197693,0.0019262786954641342
9798,0.043733999133110046,0.001929927384480834
9799,0.07360100001096725,0.0019326861947774887
9800,0.028534000739455223,0.001934917876496911
9801,0.05866700038313866,0.0019373613176867366
9802,0.05360100045800209,0.0019397462019696832
9803,0.04853399842977524,0.001941773691214621
9804,0.01360000018030405,0.001943137845955789
9805,0.04853399842977524,0.0019435703288763762
9806,-0.0013330000219866633,0.0019444175995886326
9807,0.05866700038313866,0.0019453351851552725
9808,-0.011466999538242817,0.001946264528669417
9809,0.06373400241136551,0.0019473328720778227
9810,0.01360000018030405,0.0019482702482491732
9811,0.08373399823904037,0.0019487014506012201
9812,0.03359999880194664,0.0019493395229801536
9813,0.04853399842977524,0.0019501884235069156
9814,0.008533000014722347,0.0019509680569171906
9815,0.07866799831390381,0.0019512200960889459
9816,-0.0013330000219866633,0.0019508313853293657
9817,0.05360100045800209,0.0019508162513375282
9818,0.03359999880194664,0.0019513719016686082
9819,0.08880099654197693,0.0019520747009664774
9820,0.01866699941456318,0.0019526523537933826
9821,0.06373400241136551,0.0019526524702087045
9822,0.008533000014722347,0.0019521672511473298
9823,0.05866700038313866,0.0019514495506882668
9824,0.01360000018030405,0.0019520234782248735
9825,0.07360100001096725,0.0019537699408829212
9826,0.02346700057387352,0.001956356456503272
9827,0.043733999133110046,0.0019592742901295424
9828,0.008533000014722347,0.001962337177246809
9829,0.04853399842977524,0.00196652440354228
9830,-0.0013330000219866633,0.001971414079889655
9831,0.07360100001096725,0.0019764394965022802
9832,0.003467000089585781,0.0019811298698186874
9833,0.04853399842977524,0.0019852155819535255
9834,-0.0013330000219866633,0.001990048447623849
9835,0.04853399842977524,0.001994926715269685
9836,0.003467000089585781,0.0019995488692075014
9837,0.04853399842977524,0.00200390606187284
9838,-0.016534000635147095,0.002007486065849662
9839,0.04853399842977524,0.0020105834119021893
9840,-0.0013330000219866633,0.0020142400171607733
9841,0.07360100001096725,0.0020177378319203854
9842,0.003467000089585781,0.0020204593893140554
9843,0.03866700083017349,0.0020224337931722403
9844,-0.011466999538242817,0.0020242983009666204
9845,0.043733999133110046,0.002025496680289507
9846,0.03866700083017349,0.0020280105527490377
9847,0.02346700057387352,0.002031101146712899
9848,0.01360000018030405,0.002034097211435437
9849,0.028534000739455223,0.002037975937128067
9850,0.01360000018030405,0.0020421724766492844
9851,0.028534000739455223,0.0020459438674151897
9852,-0.026399999856948853,0.0020493033807724714
9853,0.04853399842977524,0.002052073832601309
9854,-0.02160000056028366,0.0020557246170938015
9855,0.01360000018030405,0.0020596678368747234
9856,-0.02160000056028366,0.002063595689833164
9857,0.05360100045800209,0.0020678257569670677
9858,-0.006399999838322401,0.00207174988463521
9859,0.01360000018030405,0.002074681455269456
9860,0.028534000739455223,0.0020786337554454803
9861,0.028534000739455223,0.0020832016598433256
9862,-0.0013330000219866633,0.002087835455313325
9863,0.028534000739455223,0.0020918631926178932
9864,-0.0013330000219866633,0.0020948159508407116
9865,0.03866700083017349,0.0020982977002859116
9866,0.003467000089585781,0.0021017210092395544
9867,0.03866700083017349,0.0021044141612946987
9868,-0.02160000056028366,0.0021065992768853903
9869,-0.0013330000219866633,0.0021084186155349016
9870,-0.061601001769304276,0.002111183013767004
9871,0.028534000739455223,0.0021142277400940657
9872,-0.02160000056028366,0.002117634518072009
9873,0.01866699941456318,0.0021222750656306744
9874,-0.011466999538242817,0.0021283437963575125
9875,0.02346700057387352,0.0021364926360547543
9876,-0.006399999838322401,0.0021463134326040745
9877,0.01360000018030405,0.0021570674143731594
9878,-0.011466999538242817,0.0021681550424546003
9879,0.028534000739455223,0.002178789349272847
9880,-0.02160000056028366,0.002189863473176956
9881,0.06373400241136551,0.0022007280495017767
9882,-0.0013330000219866633,0.002210706938058138
9883,0.003467000089585781,0.002218974055722356
9884,0.008533000014722347,0.0022262539714574814
9885,0.008533000014722347,0.0022324963938444853
9886,-0.006399999838322401,0.002239516470581293
9887,0.043733999133110046,0.0022472895216196775
9888,-0.026399999856948853,0.0022555626928806305
9889,0.03866700083017349,0.0022634584456682205
9890,-0.016534000635147095,0.002270317170768976
9891,0.028534000739455223,0.002276015467941761
9892,0.003467000089585781,0.0022817470598965883
9893,0.05360100045800209,0.0022886854130774736
9894,-0.011466999538242817,0.002296313876286149
9895,0.04853399842977524,0.0023038762155920267
9896,-0.0013330000219866633,0.0023116646334528923
9897,0.02346700057387352,0.002318874467164278
9898,0.01866699941456318,0.0023253392428159714
9899,0.05866700038313866,0.0023321930784732103
9900,0.01866699941456318,0.002340960316359997
9901,0.07360100001096725,0.0023510365281254053
9902,0.01360000018030405,0.0023623050656169653
9903,-0.0013330000219866633,0.002374734729528427
9904,0.003467000089585781,0.002387914340943098
9905,0.01360000018030405,0.0024018308613449335
9906,-0.026399999856948853,0.002416222123429179
9907,0.043733999133110046,0.0024316320195794106
9908,0.003467000089585781,0.002447179052978754
9909,0.02346700057387352,0.002461616415530443
9910,-0.0013330000219866633,0.002475717104971409
9911,0.05360100045800209,0.00248867180198431
9912,0.01360000018030405,0.0024991685058921576
9913,0.003467000089585781,0.002507998375222087
9914,-0.011466999538242817,0.002515742089599371
9915,0.02346700057387352,0.002524746349081397
9916,-0.031466998159885406,0.0025362048763781786
9917,0.028534000739455223,0.00255060032941401
9918,-0.011466999538242817,0.0025664372369647026
9919,0.05360100045800209,0.002582957735285163
9920,0.02346700057387352,0.0025991115253418684
9921,0.08373399823904037,0.0026131703052669764
9922,0.03866700083017349,0.00262448750436306
9923,0.043733999133110046,0.002634635427966714
9924,-0.0013330000219866633,0.002646653214469552
9925,0.01360000018030405,0.002659087534993887
9926,0.02346700057387352,0.002671635476872325
9927,0.04853399842977524,0.002685405546799302
9928,0.003467000089585781,0.0026982652489095926
9929,0.05360100045800209,0.002711657201871276
9930,-0.0013330000219866633,0.002726275473833084
9931,0.043733999133110046,0.0027398280799388885
9932,-0.026399999856948853,0.00275117508135736
9933,0.028534000739455223,0.0027598561719059944
9934,0.03866700083017349,0.002765254583209753
9935,0.07866799831390381,0.002771203638985753
9936,0.008533000014722347,0.0027815774083137512
9937,0.07360100001096725,0.002793731400743127
9938,0.008533000014722347,0.002808945719152689
9939,0.04853399842977524,0.00282657565549016
9940,-0.026399999856948853,0.0028452661354094744
9941,0.043733999133110046,0.0028661719989031553
9942,0.02346700057387352,0.002888118615373969
9943,0.04853399842977524,0.0029101006221026182
9944,0.003467000089585781,0.002931819763034582
9945,0.04853399842977524,0.002950534224510193
9946,0.03359999880194664,0.0029691339004784822
9947,0.03359999880194664,0.002984783612191677
9948,0.003467000089585781,0.002997534815222025
9949,0.03866700083017349,0.0030074212700128555
9950,0.03866700083017349,0.003011266700923443
9951,0.028534000739455223,0.0030061674769967794
9952,-0.0013330000219866633,0.0030091244261711836
9953,0.05360100045800209,0.0030178287997841835
9954,0.03866700083017349,0.003028949024155736
9955,0.01866699941456318,0.003042682306841016
9956,0.003467000089585781,0.003061237744987011
9957,0.043733999133110046,0.00308144255541265
9958,-0.011466999538242817,0.003102130489423871
9959,0.04853399842977524,0.0031267351005226374
9960,0.028534000739455223,0.003151028184220195
9961,0.008533000014722347,0.0031813690438866615
9962,-0.0013330000219866633,0.0032153327483683825
9963,0.05360100045800209,0.0032485052943229675
9964,0.008533000014722347,0.003280005883425474
9965,0.01866699941456318,0.0033185214269906282
9966,-0.03653400018811226,0.003363553434610367
9967,0.003467000089585781,0.003417102387174964
9968,-0.05146700143814087,0.0034736893139779568
9969,0.028534000739455223,0.0035283956676721573
9970,-0.016534000635147095,0.0035816046874970198
9971,0.043733999133110046,0.0036267288960516453
9972,0.008533000014722347,0.0036761376541107893
9973,0.01360000018030405,0.0037278488744050264
9974,0.003467000089585781,0.0037763912696391344
9975,0.01866699941456318,0.0038394967559725046
9976,-0.026399999856948853,0.003917907830327749
9977,0.02346700057387352,0.0040085031650960445
9978,-0.02160000056028366,0.004100368823856115
9979,0.003467000089585781,0.004201587289571762
9980,-0.03653400018811226,0.004303020425140858
9981,0.02346700057387352,0.004406091291457415
9982,-0.011466999538242817,0.004513122607022524
9983,0.043733999133110046,0.004636064637452364
9984,-0.016534000635147095,0.004757869988679886
9985,0.043733999133110046,0.004870335105806589
9986,0.003467000089585781,0.004990627057850361
9987,0.0685340017080307,0.005150050390511751
9988,-0.02160000056028366,0.005334359128028154
9989,0.028534000739455223,0.005554056726396084
9990,0.003467000089585781,0.005783631466329098
9991,0.028534000739455223,0.005982531234622002
9992,-0.02160000056028366,0.006129841320216656
9993,0.043733999133110046,0.006219449918717146
9994,0.003467000089585781,0.0062932767905294895
9995,0.03866700083017349,0.00651174783706665
9996,0.003467000089585781,0.006966322660446167
9997,0.03866700083017349,0.007156445179134607
9998,-0.04666699841618538,0.00732372235506773
9999,0.01360000018030405,0.007804115768522024
