index,value,anomaly_score
0,-1.7794890403747559,4.291534423828125e-06
1,-1.8496229648590088,4.450480446394067e-06
2,-1.789355993270874,4.437235020304797e-06
3,-1.8344229459762573,4.470348358154297e-06
4,-1.789355993270874,4.414717295730952e-06
5,-1.8296229839324951,4.410743713378906e-06
6,-1.789355993270874,4.413581791595789e-06
7,-1.8394900560379028,4.423161499289563e-06
8,-1.789355993270874,4.421781795826973e-06
9,-1.8394900560379028,4.4008093027514406e-06
10,-1.8045560121536255,4.374619493319187e-06
11,-1.8296229839324951,4.375974185677478e-06
12,-1.7794890403747559,4.367950623418437e-06
13,-1.8296229839324951,4.380941390991211e-06
14,-1.8045560121536255,4.369682756077964e-06
15,-1.8245559930801392,4.369765520095825e-06
16,-1.7794890403747559,4.356982572062407e-06
17,-1.8194890022277832,4.3610730244836304e-06
18,-1.8096230030059814,4.34800176662975e-06
19,-1.8496229648590088,4.363059815659653e-06
20,-1.7744220495224,4.355869350547437e-06
21,-1.8194890022277832,4.369201178633375e-06
22,-1.8045560121536255,4.362369054433657e-06
23,-1.8296229839324951,4.376802280603442e-06
24,-1.789355993270874,4.371007435111096e-06
25,-1.8344229459762573,4.373299816506915e-06
26,-1.7944220304489136,4.349667506176047e-06
27,-1.8546899557113647,4.353977601567749e-06
28,-1.7994890213012695,4.347028607298853e-06
29,-1.8096230030059814,4.3438540160423145e-06
30,-1.7994890213012695,4.319734671298647e-06
31,-1.8445559740066528,4.3169902710360475e-06
32,-1.8394900560379028,4.316219019528944e-06
33,-1.8144229650497437,4.340620307630161e-06
34,-1.8194890022277832,4.354544671514304e-06
35,-1.8045560121536255,4.371559043647721e-06
36,-1.789355993270874,4.369932867120951e-06
37,-1.8546899557113647,4.377281129563926e-06
38,-1.8045560121536255,4.377629920782056e-06
39,-1.8194890022277832,4.385908141557593e-06
40,-1.7845560312271118,4.3836066652147565e-06
41,-1.8344229459762573,4.390875346871326e-06
42,-1.8144229650497437,4.383020495879464e-06
43,-1.8045560121536255,4.375522621558048e-06
44,-1.789355993270874,4.3665918383339886e-06
45,-1.8344229459762573,4.36971140516107e-06
46,-1.8096230030059814,4.379461643111426e-06
47,-1.8344229459762573,4.402465037856018e-06
48,-1.8245559930801392,4.492649168241769e-06
49,-1.8245559930801392,4.727045507024741e-06
50,-1.7642890214920044,5.207030426390702e-06
51,-1.8194890022277832,6.120556463429239e-06
52,-1.7845560312271118,7.588908374600578e-06
53,-1.8296229839324951,9.6478570412728e-06
54,-1.789355993270874,1.2759005585394334e-05
55,-1.769355058670044,1.7736994777806103e-05
56,-1.1784149408340454,2.464808858348988e-05
57,-0.3018699884414673,3.241876038373448e-05
58,-0.05146700143814087,4.000818444183096e-05
59,0.18880200386047363,4.701945363194682e-05
60,0.4994730055332184,5.3471554565476254e-05
61,0.5194730162620544,6.0278882301645353e-05
62,0.6896089911460876,6.886480696266517e-05
63,0.8200100064277649,7.652305066585541e-05
64,1.2154819965362549,8.452580368611962e-05
65,1.4410849809646606,9.274542389903218e-05
66,1.6162869930267334,0.00010133264004252851
67,1.70135498046875,0.00011000680387951434
68,1.7365549802780151,0.00011858156358357519
69,1.7765560150146484,0.000127411462017335
70,1.8616230487823486,0.00013562686217483133
71,1.8314900398254395,0.0001446877868147567
72,1.8314900398254395,0.00015441251161973923
73,1.8114889860153198,0.00016379947192035615
74,1.846690058708191,0.00017267598013859242
75,1.8616230487823486,0.00018289189029019326
76,1.8816239833831787,0.0001931688457261771
77,1.8266890048980713,0.00020132870122324675
78,1.8416229486465454,0.00021067778288852423
79,1.7664220333099365,0.00021924599423073232
80,1.8165559768676758,0.00022808343055658042
81,1.7864220142364502,0.00023562490241602063
82,1.8216229677200317,0.0002422576944809407
83,1.7616219520568848,0.0002495038788765669
84,1.8066890239715576,0.0002545001625549048
85,1.7314879894256592,0.0002593966491986066
86,1.7864220142364502,0.0002616283018141985
87,1.7413549423217773,0.0002645423519425094
88,1.781622052192688,0.0002676326548680663
89,1.781622052192688,0.00027102563763037324
90,1.7864220142364502,0.00027348793810233474
91,1.7664220333099365,0.0002779999631457031
92,1.7914890050888062,0.00028143348754383624
93,1.7514890432357788,0.0002874905476346612
94,1.7765560150146484,0.00029446242842823267
95,1.7565549612045288,0.00030314610921777785
96,1.8066890239715576,0.0003084761556237936
97,1.7264219522476196,0.00031437617144547403
98,1.7864220142364502,0.0003209575661458075
99,1.7264219522476196,0.00032630504574626684
100,1.7616219520568848,0.0003346129960846156
101,1.7114880084991455,0.0003419438435230404
102,1.7864220142364502,0.0003497592988424003
103,1.7213549613952637,0.0003619627677835524
104,1.7413549423217773,0.0003713350452017039
105,1.7064210176467896,0.00038273754762485623
106,1.7714890241622925,0.00039298529736697674
107,1.7213549613952637,0.0004018046602141112
108,1.7464220523834229,0.000414687383454293
109,1.7413549423217773,0.0004235473461449146
110,1.7365549802780151,0.0004333010583650321
111,1.6914880275726318,0.0004440280026756227
112,1.7565549612045288,0.0004528929712250829
113,1.68135404586792,0.00046749215107411146
114,1.7565549612045288,0.0004814163548871875
115,1.7064210176467896,0.0004991089226678014
116,1.7765560150146484,0.0005180771113373339
117,1.7264219522476196,0.000536660198122263
118,1.536018967628479,0.0005562694277614355
119,0.6797419786453247,0.0005774865276180208
120,0.16373500227928162,0.000606091576628387
121,-0.09653499722480774,0.0006352892378345132
122,-0.3520039916038513,0.0006770415930077434
123,-0.592540979385376,0.0007424516370519996
124,-0.6525409817695618,0.0008158725104294717
125,-0.8229439854621887,0.0009249754366464913
126,-1.0232130289077759,0.0010978520149365067
127,-1.4138840436935425,0.0011623387690633535
128,-1.558953046798706,0.0011806500842794776
129,-1.714421033859253,0.00118747737724334
130,-1.7493549585342407,0.0011920244432985783
131,-1.8245559930801392,0.0011969812912866473
132,-1.8394900560379028,0.0012021941365674138
133,-1.8997570276260376,0.001207474386319518
134,-1.8696229457855225,0.0012125670909881592
135,-1.8946900367736816,0.0012192069552838802
136,-1.889623999595642,0.001227636937983334
137,-1.949623942375183,0.0012379048857837915
138,-1.9245569705963135,0.0012446381151676178
139,-1.949623942375183,0.001248481567017734
140,-1.889623999595642,0.0012476072879508138
141,-1.8946900367736816,0.0012462410377338529
142,-1.874690055847168,0.0012437416007742286
143,-1.9045569896697998,0.0012405570596456528
144,-1.8594900369644165,0.0012366926530376077
145,-1.9045569896697998,0.0014627451309934258
146,-1.8144229650497437,0.00153725640848279
147,-1.8546899557113647,0.0015779327368363738
148,-1.7994890213012695,0.0016035098815336823
149,-1.8496229648590088,0.0016207494772970676
150,-1.8194890022277832,0.0016302542062476277
151,-1.8645570278167725,0.0016399003798142076
152,-1.789355993270874,0.0016481919446960092
153,-1.8344229459762573,0.0016536596231162548
154,-1.7794890403747559,0.0016623892588540912
155,-1.8394900560379028,0.001666306285187602
156,-1.7944220304489136,0.0016691612545400858
157,-1.8394900560379028,0.0016729570925235748
158,-1.7944220304489136,0.001672677812166512
159,-1.8344229459762573,0.001672826474532485
160,-1.7744220495224,0.0016697064274922013
161,-1.874690055847168,0.0016657402738928795
162,-1.789355993270874,0.0016589699080213904
163,-1.8296229839324951,0.0016522565856575966
164,-1.8296229839324951,0.0016441262559965253
165,-1.8394900560379028,0.0016368785873055458
166,-1.8045560121536255,0.001630165264941752
167,-1.8245559930801392,0.001623227959498763
168,-1.7544219493865967,0.0016181273385882378
169,-1.8496229648590088,0.0016132689779624343
170,-1.7794890403747559,0.0016101759392768145
171,-1.8045560121536255,0.0016077104955911636
172,-1.7744220495224,0.0016056381864473224
173,-1.7994890213012695,0.001603954122401774
174,-1.7394880056381226,0.0016007747035473585
175,-1.8296229839324951,0.0015983060002326965
176,-1.7794890403747559,0.0015942055033519864
177,-1.8296229839324951,0.0015894797397777438
178,-1.789355993270874,0.0015843204455450177
179,-1.8496229648590088,0.0015789906028658152
180,-1.7794890403747559,0.0015736190835013986
181,-1.8045560121536255,0.0015688594430685043
182,-1.7544219493865967,0.0015642063226550817
183,-1.8245559930801392,0.001560370670631528
184,-1.769355058670044,0.0015556832076981664
185,-1.7994890213012695,0.0015507612843066454
186,-1.789355993270874,0.0015448933700099587
187,-1.8344229459762573,0.0015395822701975703
188,-1.7544219493865967,0.001534449402242899
189,-1.8296229839324951,0.001528776017948985
190,-1.7794890403747559,0.0015228665433824062
191,-1.8144229650497437,0.0015166603261604905
192,-1.7794890403747559,0.0015104461926966906
193,-1.8096230030059814,0.0015038944547995925
194,-1.7794890403747559,0.0014974451623857021
195,-1.8045560121536255,0.001490781782194972
196,-1.7394880056381226,0.0014843803364783525
197,-1.789355993270874,0.0014781526988372207
198,-1.789355993270874,0.001472481875680387
199,-1.8045560121536255,0.0014668869553133845
200,-1.7845560312271118,0.0014616880798712373
201,-1.7944220304489136,0.0014562481082975864
202,-1.7845560312271118,0.0014513698406517506
203,-1.8194890022277832,0.0014458460500463843
204,-1.7944220304489136,0.0014405237743631005
205,-1.7994890213012695,0.0014352055732160807
206,-1.7544219493865967,0.001429851516149938
207,-1.8394900560379028,0.001424832851625979
208,-1.8194890022277832,0.0014195333933457732
209,-1.8045560121536255,0.0014145657187327743
210,-1.8144229650497437,0.0014093451900407672
211,-1.8394900560379028,0.0014040275709703565
212,-1.7794890403747559,0.0013985215919092298
213,-1.8594900369644165,0.0013928458793088794
214,-1.8144229650497437,0.00138714793138206
215,-1.8045560121536255,0.001381504232995212
216,-1.7594890594482422,0.001375686377286911
217,-1.8394900560379028,0.0013697699178010225
218,-1.769355058670044,0.0013637958327308297
219,-1.8445559740066528,0.001357835135422647
220,-1.789355993270874,0.001351864542812109
221,-1.8344229459762573,0.0013458883622661233
222,-1.7642890214920044,0.0013399295276030898
223,-1.8496229648590088,0.0013340042205527425
224,-1.8045560121536255,0.0013281094143167138
225,-1.8045560121536255,0.001322260475717485
226,-1.7794890403747559,0.0013164610136300325
227,-1.8344229459762573,0.0013107153354212642
228,-1.7794890403747559,0.0013050216948613524
229,-1.8245559930801392,0.001299379044212401
230,-1.8194890022277832,0.0012937845895066857
231,-1.8245559930801392,0.0012882375158369541
232,-1.7845560312271118,0.0012827329337596893
233,-1.8296229839324951,0.0012772743357345462
234,-1.7994890213012695,0.0012718571815639734
235,-1.8344229459762573,0.0012664853129535913
236,-1.789355993270874,0.0012611574493348598
237,-1.8144229650497437,0.001255874871276319
238,-1.7794890403747559,0.0012506346683949232
239,-1.8546899557113647,0.0012454383540898561
240,-1.7794890403747559,0.0012402855791151524
241,-1.8144229650497437,0.001235175528563559
242,-1.8144229650497437,0.0012301071546971798
243,-1.8296229839324951,0.0012250816216692328
244,-1.7744220495224,0.0012200966011732817
245,-1.8245559930801392,0.001215152908116579
246,-1.7544219493865967,0.0012102480977773666
247,-1.8296229839324951,0.00120538251940161
248,-1.789355993270874,0.0012005564058199525
249,-1.8296229839324951,0.0011957701062783599
250,-1.7744220495224,0.0011910222237929702
251,-1.8394900560379028,0.0011863121762871742
252,-1.789355993270874,0.0011816400801762938
253,-1.8344229459762573,0.0011770044220611453
254,-1.7794890403747559,0.0011724045034497976
255,-1.8394900560379028,0.0011678412556648254
256,-1.7794890403747559,0.0011678412556648254
257,-1.8144229650497437,0.0011678412556648254
258,-1.8144229650497437,0.001167840207926929
259,-1.8194890022277832,0.0011678398586809635
260,-1.789355993270874,0.0011678410228341818
261,-1.8245559930801392,0.0011678424198180437
262,-1.789355993270874,0.0011678439332172275
263,-1.8096230030059814,0.0011678452137857676
264,-1.8045560121536255,0.0011678445152938366
265,-1.8496229648590088,0.0011678468436002731
266,-1.789355993270874,0.001167850336059928
267,-1.8194890022277832,0.0011678531300276518
268,-1.7794890403747559,0.001167856389656663
269,-1.8394900560379028,0.0011678584851324558
270,-1.789355993270874,0.0011678609298542142
271,-1.8296229839324951,0.0011678627924993634
272,-1.7845560312271118,0.0011678636074066162
273,-1.8496229648590088,0.0011678647715598345
274,-1.7794890403747559,0.001167865819297731
275,-1.8394900560379028,0.0011678650043904781
276,-1.7642890214920044,0.0011678647715598345
277,-1.8296229839324951,0.0011678629089146852
278,-1.7794890403747559,0.0011678636074066162
279,-1.8546899557113647,0.0011678627924993634
280,-1.8245559930801392,0.0011678634909912944
281,-1.8394900560379028,0.0011678643058985472
282,-1.7794890403747559,0.0011678689625114202
283,-1.8296229839324951,0.0011678722221404314
284,-1.7744220495224,0.0011678762966766953
285,-1.8394900560379028,0.0011678803712129593
286,-1.7744220495224,0.0011678860755637288
287,-1.8096230030059814,0.0011678871233016253
288,-1.7642890214920044,0.0011678868904709816
289,-1.8245559930801392,0.0011678836308419704
290,-1.7744220495224,0.001167879905551672
291,-1.8496229648590088,0.001167875248938799
292,-1.8045560121536255,0.001167872454971075
293,-1.8296229839324951,0.0011678696610033512
294,-1.8045560121536255,0.0011678687296807766
295,-1.8045560121536255,0.001167867798358202
296,-1.7744220495224,0.0011678675655275583
297,-1.8696229457855225,0.001167865819297731
298,-1.789355993270874,0.0011678661685436964
299,-1.8394900560379028,0.0011678674491122365
300,-1.7794890403747559,0.0011678680311888456
301,-1.8344229459762573,0.00116786640137434
302,-1.8096230030059814,0.001167863025330007
303,-1.8245559930801392,0.0011678580194711685
304,-1.8144229650497437,0.0011678393930196762
305,-1.7994890213012695,0.0011677942238748074
306,-1.8045560121536255,0.0011676974827423692
307,-1.8296229839324951,0.0011675097048282623
308,-1.789355993270874,0.0011671986430883408
309,-1.8296229839324951,0.001166753238067031
310,-1.7744220495224,0.0011660645250231028
311,-1.8194890022277832,0.001164943678304553
312,-1.7845560312271118,0.0011633526301011443
313,-1.8445559740066528,0.001161513035185635
314,-1.8144229650497437,0.0011596537660807371
315,-1.8445559740066528,0.0011578720295801759
316,-1.789355993270874,0.0011561664287000895
317,-1.8394900560379028,0.001154326368123293
318,-1.7845560312271118,0.0011519945692270994
319,-1.8194890022277832,0.0011498272651806474
320,-1.8296229839324951,0.0011475099017843604
321,-1.8496229648590088,0.0011450760066509247
322,-1.7845560312271118,0.0011424818076193333
323,-1.8344229459762573,0.0011397976195439696
324,-1.7642890214920044,0.001137071056291461
325,-1.8546899557113647,0.0011342091020196676
326,-1.8096230030059814,0.001131447497755289
327,-1.8245559930801392,0.0011283850762993097
328,-1.8045560121536255,0.001125061884522438
329,-1.8144229650497437,0.0011217601131647825
330,-1.7994890213012695,0.0011185338953509927
331,-1.8394900560379028,0.001114842016249895
332,-1.7744220495224,0.0011110508348792791
333,-1.8144229650497437,0.0011078238021582365
334,-1.7794890403747559,0.0011041653342545033
335,-1.8594900369644165,0.001100678346119821
336,-1.8144229650497437,0.0010970388539135456
337,-1.8296229839324951,0.0010937468614429235
338,-1.7794890403747559,0.0010906897950917482
339,-1.8194890022277832,0.0010873801074922085
340,-1.7744220495224,0.0010847598314285278
341,-1.8296229839324951,0.0010821351315826178
342,-1.7794890403747559,0.0010803763289004564
343,-1.8194890022277832,0.0010783665347844362
344,-1.8096230030059814,0.0010762718738988042
345,-1.8344229459762573,0.0010740471770986915
346,-1.7744220495224,0.001072125742211938
347,-1.8546899557113647,0.0010694506345316768
348,-1.8045560121536255,0.001067131059244275
349,-1.7994890213012695,0.001063821604475379
350,-1.789355993270874,0.0010601243702694774
351,-1.8546899557113647,0.0010557316709309816
352,-1.7794890403747559,0.0010525400284677744
353,-1.8546899557113647,0.0010490886634215713
354,-1.8245559930801392,0.0010453271679580212
355,-1.8394900560379028,0.0010419971076771617
356,-1.7994890213012695,0.0010374567937105894
357,-1.8144229650497437,0.0010332423262298107
358,-1.789355993270874,0.0010287744225934148
359,-1.8144229650497437,0.0010224636644124985
360,-1.7994890213012695,0.0010172182228416204
361,-1.8344229459762573,0.0010110607836395502
362,-1.789355993270874,0.001005294849164784
363,-1.8394900560379028,0.001000052783638239
364,-1.8045560121536255,0.0009930108208209276
365,-1.8394900560379028,0.0009875979740172625
366,-1.7794890403747559,0.000981727847829461
367,-1.8394900560379028,0.000975357077550143
368,-1.7744220495224,0.0009697230998426676
369,-1.8394900560379028,0.0009614688460715115
370,-1.7594890594482422,0.0009534024866297841
371,-1.8045560121536255,0.000943522434681654
372,-1.7642890214920044,0.0009329199092462659
373,-1.7994890213012695,0.0009223467204719782
374,-1.7794890403747559,0.0009111497201956809
375,-1.8496229648590088,0.0008990465430542827
376,-1.8144229650497437,0.0008832845487631857
377,-1.874690055847168,0.0008670170791447163
378,-1.789355993270874,0.0008444870472885668
379,-1.8594900369644165,0.0008101724670268595
380,-1.7845560312271118,0.0007714340463280678
381,-1.8445559740066528,0.0007145609706640244
382,-1.8096230030059814,0.0006251977174542844
383,-1.8144229650497437,0.0005886800936423242
384,-1.7594890594482422,0.0005749253905378282
385,-1.8144229650497437,0.0005668598460033536
386,-1.8045560121536255,0.0005599074065685272
387,-1.8394900560379028,0.0005527088651433587
388,-1.7845560312271118,0.000545336923096329
389,-1.8496229648590088,0.0005378905916586518
390,-1.789355993270874,0.0005305022932589054
391,-1.8344229459762573,0.0005222577601671219
392,-1.8045560121536255,0.000513018574565649
393,-1.8245559930801392,0.0005027549341320992
394,-1.7845560312271118,0.0004943743115290999
395,-1.8445559740066528,0.00048762295045889914
396,-1.8144229650497437,0.0004835893341805786
397,-1.8394900560379028,0.0004799909074790776
398,-1.7944220304489136,0.000477333931485191
399,-1.729354977607727,0.0004754811234306544
400,-0.9429450035095215,0.00047454499872401357
401,-0.2269359976053238,0.0003426656185183674
402,0.028534000739455223,0.0002961033023893833
403,0.2640030086040497,0.0002683254424482584
404,0.4794729948043823,0.00024905469035729766
405,0.549340009689331,0.00023464237165171653
406,0.7048090100288391,0.0002250621619168669
407,0.9000110030174255,0.0002151307708118111
408,1.2906830310821533,0.000206260709092021
409,1.470952033996582,0.00019899290055036545
410,1.6213539838790894,0.00018987269140779972
411,1.68135404586792,0.00018375864601694047
412,1.7714890241622925,0.00017821183428168297
413,1.7914890050888062,0.00017233318067155778
414,1.8365559577941895,0.0001687588228378445
415,1.801622986793518,0.00016535530448891222
416,1.8165559768676758,0.00016415731806773692
417,1.8266890048980713,0.00016335856344085187
418,1.8314900398254395,0.00016447994858026505
419,1.856557011604309,0.00016606878489255905
420,1.856557011604309,0.0001684296876192093
421,1.8114889860153198,0.00016997879720292985
422,1.8616230487823486,0.00017158128321170807
423,1.8165559768676758,0.00017336709424853325
424,1.8314900398254395,0.00017393581219948828
425,1.7914890050888062,0.00017397617921233177
426,1.8114889860153198,0.00017294280405621976
427,1.7914890050888062,0.0001713527162792161
428,1.8165559768676758,0.0001690998615231365
429,1.796555995941162,0.00016622515977360308
430,1.7914890050888062,0.0001638750545680523
431,1.7464220523834229,0.00016166277055162936
432,1.8216229677200317,0.0001603684650035575
433,1.7064210176467896,0.0001594858185853809
434,1.7664220333099365,0.00015897490084171295
435,1.7664220333099365,0.00015901224105618894
436,1.781622052192688,0.00015913329843897372
437,1.7314879894256592,0.00016020191833376884
438,1.7714890241622925,0.000161248492076993
439,1.7365549802780151,0.00016185431741178036
440,1.8165559768676758,0.0001622853596927598
441,1.7264219522476196,0.00016355996194761246
442,1.796555995941162,0.00016533755115233362
443,1.7264219522476196,0.00016665979637764394
444,1.7565549612045288,0.0001695094833848998
445,1.7114880084991455,0.0001718592830002308
446,1.781622052192688,0.0001751427334966138
447,1.6914880275726318,0.00017974557704292238
448,1.781622052192688,0.00018382762209512293
449,1.696287989616394,0.00018960128363687545
450,1.7514890432357788,0.0001941104419529438
451,1.70135498046875,0.00019888696260750294
452,1.7413549423217773,0.0002047177404165268
453,1.6762880086898804,0.0002091062196996063
454,1.7464220523834229,0.00021406254381872714
455,1.7365549802780151,0.0002186913916375488
456,1.7864220142364502,0.00022297298710327595
457,1.7264219522476196,0.000230805337196216
458,1.7413549423217773,0.00023712273105047643
459,1.7064210176467896,0.00024658144684508443
460,1.7413549423217773,0.0002558039559517056
461,1.70135498046875,0.00026542629348114133
462,1.3909510374069214,0.0002759164199233055
463,0.4794729948043823,0.0002873025950975716
464,0.09360100328922272,0.00030142144532874227
465,-0.13173499703407288,0.00031626122654415667
466,-0.4322719871997833,0.0003381325805094093
467,-0.6024079918861389,0.0003708201402332634
468,-0.6877419948577881,0.0004091169103048742
469,-0.8778780102729797,0.00046704805572517216
470,-1.113347053527832,0.0005558407865464687
471,-1.504019021987915,0.000580228166654706
472,-1.569085955619812,0.0005918943206779659
473,-1.729354977607727,0.0006030852673575282
474,-1.7744220495224,0.000613912008702755
475,-1.8496229648590088,0.0006250517326407135
476,-1.874690055847168,0.0006366183515638113
477,-1.8997570276260376,0.0006474147085100412
478,-1.8794900178909302,0.000656892720144242
479,-1.9197570085525513,0.0006654246244579554
480,-1.8546899557113647,0.0006728874868713319
481,-1.9245569705963135,0.0006811016355641186
482,-1.9146909713745117,0.0006894566467963159
483,-1.944823980331421,0.0006985616637393832
484,-1.889623999595642,0.0007056581671349704
485,-1.9346909523010254,0.0007120408117771149
486,-1.8794900178909302,0.0007163450354710221
487,-1.874690055847168,0.0007199865067377687
488,-1.8394900560379028,0.0007270047208294272
489,-1.874690055847168,0.0008114749216474593
490,-1.8394900560379028,0.0008454484050162137
491,-1.8645570278167725,0.0008738889009691775
492,-1.8045560121536255,0.0008929825853556395
493,-1.8645570278167725,0.0009078951552510262
494,-1.8296229839324951,0.0009198274346999824
495,-1.8245559930801392,0.0009329592576250434
496,-1.8344229459762573,0.0009435928659513593
497,-1.8394900560379028,0.0009537383448332548
498,-1.8194890022277832,0.0009649552521295846
499,-1.8245559930801392,0.0009734734194353223
500,-1.7994890213012695,0.0009820912964642048
501,-1.874690055847168,0.0009900275617837906
502,-1.7994890213012695,0.0009962331969290972
503,-1.8496229648590088,0.0010029528057202697
504,-1.7944220304489136,0.001007132581435144
505,-1.7994890213012695,0.0010109065333381295
506,-1.7744220495224,0.0010128715075552464
507,-1.8245559930801392,0.0010146890999749303
508,-1.8144229650497437,0.0010159894591197371
509,-1.8645570278167725,0.00101758842356503
510,-1.8096230030059814,0.0010198565432801843
511,-1.8194890022277832,0.001021782634779811
512,-1.7642890214920044,0.0010252391221001744
513,-1.8245559930801392,0.0010284337913617492
514,-1.7642890214920044,0.0010332155507057905
515,-1.8245559930801392,0.0010377394501119852
516,-1.7845560312271118,0.0010429240064695477
517,-1.8344229459762573,0.0010476259049028158
518,-1.789355993270874,0.0010516868205741048
519,-1.8194890022277832,0.0010563635732978582
520,-1.7594890594482422,0.0010594844352453947
521,-1.8144229650497437,0.0010625304421409965
522,-1.7594890594482422,0.0010649962350726128
523,-1.8045560121536255,0.0010673729702830315
524,-1.769355058670044,0.001069735619239509
525,-1.8344229459762573,0.0010727678891271353
526,-1.8096230030059814,0.0010756223928183317
527,-1.8394900560379028,0.0010787295177578926
528,-1.7744220495224,0.0010814605047926307
529,-1.8144229650497437,0.00108368752989918
530,-1.7744220495224,0.0010854385327547789
531,-1.8194890022277832,0.0010878255125135183
532,-1.789355993270874,0.0010901066707447171
533,-1.8045560121536255,0.0010917128529399633
534,-1.7794890403747559,0.001093394123017788
535,-1.8045560121536255,0.0010945552494376898
536,-1.7744220495224,0.0010959154460579157
537,-1.7994890213012695,0.0010968196438625455
538,-1.7544219493865967,0.0010976253543049097
539,-1.8144229650497437,0.0010984274558722973
540,-1.769355058670044,0.001099257729947567
541,-1.8394900560379028,0.0011003236286342144
542,-1.8045560121536255,0.0011016138596460223
543,-1.8296229839324951,0.0011030711466446519
544,-1.789355993270874,0.0011045860592275858
545,-1.8194890022277832,0.0011060216929763556
546,-1.8045560121536255,0.0011076098307967186
547,-1.8096230030059814,0.0011088275350630283
548,-1.7744220495224,0.0011103565338999033
549,-1.8144229650497437,0.00111159379594028
550,-1.7642890214920044,0.001112953294068575
551,-1.8096230030059814,0.0011142779840156436
552,-1.7744220495224,0.0011155289830639958
553,-1.8245559930801392,0.0011169725330546498
554,-1.7944220304489136,0.0011181223671883345
555,-1.8296229839324951,0.001119205728173256
556,-1.7845560312271118,0.0011200082954019308
557,-1.7994890213012695,0.0011206637136638165
558,-1.7642890214920044,0.0011212918907403946
559,-1.8045560121536255,0.0011218637228012085
560,-1.7493549585342407,0.0011222709435969591
561,-1.8194890022277832,0.0011225527850911021
562,-1.789355993270874,0.0011227676877751946
563,-1.8194890022277832,0.0011229494120925665
564,-1.7493549585342407,0.0011230739764869213
565,-1.8296229839324951,0.0011231470853090286
566,-1.7594890594482422,0.001123191206716001
567,-1.8045560121536255,0.0011232271790504456
568,-1.7845560312271118,0.0011232474353164434
569,-1.7994890213012695,0.0011232648976147175
570,-1.7642890214920044,0.001123280730098486
571,-1.8394900560379028,0.0011233007535338402
572,-1.7642890214920044,0.001123320311307907
573,-1.8096230030059814,0.0011233389377593994
574,-1.7944220304489136,0.001123353373259306
575,-1.8546899557113647,0.0011233675759285688
576,-1.7493549585342407,0.0011233810801059008
577,-1.8045560121536255,0.001123390393331647
578,-1.7944220304489136,0.0011233955156058073
579,-1.8296229839324951,0.0011233990080654621
580,-1.7394880056381226,0.0011234035482630134
581,-1.8096230030059814,0.0011234038975089788
582,-1.8245559930801392,0.0011234050616621971
583,-1.7994890213012695,0.0011234062258154154
584,-1.7994890213012695,0.0011234059929847717
585,-1.8245559930801392,0.001123405760154128
586,-1.7794890403747559,0.001123406458646059
587,-1.8045560121536255,0.0011234048288315535
588,-1.789355993270874,0.0011234034318476915
589,-1.8245559930801392,0.0011234020348638296
590,-1.7944220304489136,0.0011234022676944733
591,-1.8296229839324951,0.001123401103541255
592,-1.7594890594482422,0.0011234022676944733
593,-1.8194890022277832,0.001123401103541255
594,-1.789355993270874,0.001123400405049324
595,-1.8496229648590088,0.001123398425988853
596,-1.7944220304489136,0.001123397727496922
597,-1.8296229839324951,0.0011233962140977383
598,-1.7794890403747559,0.0011233966797590256
599,-1.8194890022277832,0.0011233952827751637
600,-1.7944220304489136,0.001123395748436451
601,-1.8245559930801392,0.0011233955156058073
602,-1.7845560312271118,0.001123396446928382
603,-1.8445559740066528,0.0011233944678679109
604,-1.8045560121536255,0.0011233933037146926
605,-1.8296229839324951,0.0011233929544687271
606,-1.789355993270874,0.0011233933037146926
607,-1.8296229839324951,0.0011233929544687271
608,-1.8245559930801392,0.0011233942350372672
609,-1.8144229650497437,0.0011233953991904855
610,-1.7994890213012695,0.0011233973782509565
611,-1.8394900560379028,0.001123398425988853
612,-1.789355993270874,0.0011234001722186804
613,-1.8245559930801392,0.001123399706557393
614,-1.7845560312271118,0.0011234019184485078
615,-1.8245559930801392,0.0011234031990170479
616,-1.7642890214920044,0.0011234049452468753
617,-1.8394900560379028,0.0011234041303396225
618,-1.7845560312271118,0.0011234061094000936
619,-1.8045560121536255,0.0011234055273234844
620,-1.7794890403747559,0.0011234061094000936
621,-1.8144229650497437,0.0011234059929847717
622,-1.7544219493865967,0.0011234068078920245
623,-1.8496229648590088,0.0011234049452468753
624,-1.769355058670044,0.00112340587656945
625,-1.8194890022277832,0.0011234033154323697
626,-1.7493549585342407,0.0011234036646783352
627,-1.8144229650497437,0.0011234000558033586
628,-1.7845560312271118,0.0011233971454203129
629,-1.8296229839324951,0.001123393070884049
630,-1.789355993270874,0.001123391673900187
631,-1.8194890022277832,0.001123388996347785
632,-1.7744220495224,0.0011233888799324632
633,-1.8394900560379028,0.0011233874829486012
634,-1.8045560121536255,0.0011233884142711759
635,-1.8096230030059814,0.0011233880650252104
636,-1.7845560312271118,0.0011233895784243941
637,-1.789355993270874,0.0011233894620090723
638,-1.7994890213012695,0.0011233887635171413
639,-1.8245559930801392,0.0011233866680413485
640,-1.7994890213012695,0.0011233865516260266
641,-1.8194890022277832,0.001123385620303452
642,-1.7794890403747559,0.0011233859695494175
643,-1.8594900369644165,0.0011233855038881302
644,-1.789355993270874,0.0011233862023800611
645,-1.8394900560379028,0.0011233851546421647
646,-1.7642890214920044,0.0011233852710574865
647,-1.8045560121536255,0.0011233785189688206
648,-1.7642890214920044,0.0011233562836423516
649,-1.8245559930801392,0.0011233012191951275
650,-1.789355993270874,0.0011232038959860802
651,-1.8194890022277832,0.0011230048257857561
652,-1.7845560312271118,0.0011226559290662408
653,-1.8245559930801392,0.0011221504537388682
654,-1.7794890403747559,0.0011213483521714807
655,-1.7994890213012695,0.0011201470624655485
656,-1.789355993270874,0.00111843878403306
657,-1.8546899557113647,0.0011165784671902657
658,-1.7994890213012695,0.0011146531905978918
659,-1.8194890022277832,0.0011129226768389344
660,-1.7744220495224,0.0011111559579148889
661,-1.8096230030059814,0.001109215198084712
662,-1.7845560312271118,0.001106870360672474
663,-1.8045560121536255,0.0011047180742025375
664,-1.7744220495224,0.0011022391263395548
665,-1.8245559930801392,0.0010997907957062125
666,-1.789355993270874,0.001097177155315876
667,-1.8245559930801392,0.0010944224195554852
668,-1.8045560121536255,0.0010917223989963531
669,-1.8344229459762573,0.0010887500829994678
670,-1.8045560121536255,0.001085975207388401
671,-1.8344229459762573,0.0010827649384737015
672,-1.7994890213012695,0.0010794030968099833
673,-1.8496229648590088,0.0010762012097984552
674,-1.7794890403747559,0.0010728962952271104
675,-1.7994890213012695,0.001069140387699008
676,-1.7744220495224,0.0010655778460204601
677,-1.8096230030059814,0.0010623183334246278
678,-1.8096230030059814,0.0010587126016616821
679,-1.7994890213012695,0.001055123982951045
680,-1.7944220304489136,0.0010515941539779305
681,-1.8245559930801392,0.001048470614477992
682,-1.7944220304489136,0.0010452799033373594
683,-1.8144229650497437,0.0010422486811876297
684,-1.7845560312271118,0.0010396335273981094
685,-1.8245559930801392,0.0010373929981142282
686,-1.7845560312271118,0.0010356632992625237
687,-1.8344229459762573,0.0010333315003663301
688,-1.789355993270874,0.0010312290396541357
689,-1.8096230030059814,0.0010291816433891654
690,-1.7944220304489136,0.0010271038627251983
691,-1.8496229648590088,0.001024637371301651
692,-1.7845560312271118,0.0010221581906080246
693,-1.8394900560379028,0.0010183388367295265
694,-1.8144229650497437,0.001014502253383398
695,-1.8194890022277832,0.0010105548426508904
696,-1.7594890594482422,0.0010074275778606534
697,-1.7994890213012695,0.0010036644525825977
698,-1.7794890403747559,0.0010001284535974264
699,-1.8394900560379028,0.0009966851212084293
700,-1.789355993270874,0.0009916226845234632
701,-1.8096230030059814,0.000987502047792077
702,-1.7744220495224,0.0009826687164604664
703,-1.8394900560379028,0.000976785086095333
704,-1.7944220304489136,0.0009714765474200249
705,-1.8645570278167725,0.0009647796396166086
706,-1.7994890213012695,0.0009593212744221091
707,-1.7845560312271118,0.0009538113372400403
708,-1.7642890214920044,0.0009470968507230282
709,-1.8144229650497437,0.0009417396504431963
710,-1.7544219493865967,0.000935430871322751
711,-1.7944220304489136,0.0009294339688494802
712,-1.7744220495224,0.0009235157049261034
713,-1.8144229650497437,0.0009142783819697797
714,-1.7994890213012695,0.0009061542223207653
715,-1.8496229648590088,0.0008954405202530324
716,-1.7744220495224,0.0008848434663377702
717,-1.8296229839324951,0.0008738852920942008
718,-1.8045560121536255,0.0008621302549727261
719,-1.8096230030059814,0.0008492504130117595
720,-1.7744220495224,0.0008339063497260213
721,-1.8496229648590088,0.000817609834484756
722,-1.769355058670044,0.0007945290999487042
723,-1.8194890022277832,0.0007607527077198029
724,-1.769355058670044,0.0007215650985017419
725,-1.8245559930801392,0.0006629290292039514
726,-1.8045560121536255,0.0005734943551942706
727,-1.8394900560379028,0.0005484639550559223
728,-1.769355058670044,0.0005363461095839739
729,-1.8344229459762573,0.0005248332163318992
730,-1.7794890403747559,0.0005137801053933799
731,-1.8496229648590088,0.0005024490528739989
732,-1.7642890214920044,0.0004907463444396853
733,-1.8445559740066528,0.00047986640129238367
734,-1.8144229650497437,0.0004703367012552917
735,-1.8194890022277832,0.0004617774102371186
736,-1.789355993270874,0.00045433014747686684
737,-1.789355993270874,0.0004461680364329368
738,-1.8045560121536255,0.000437921000411734
739,-1.8496229648590088,0.0004290124343242496
740,-1.8144229650497437,0.0004222544375807047
741,-1.8194890022277832,0.00041638052789494395
742,-1.789355993270874,0.0004129336739424616
743,-1.6192200183868408,0.0004105528350919485
744,-0.6925420165061951,0.0004052495933137834
745,-0.11173500120639801,0.00032259183353744447
746,0.08880099654197693,0.0002905467408709228
747,0.3141370117664337,0.00026379054179415107
748,0.559473991394043,0.0002465044963173568
749,0.6146739721298218,0.00023369089467450976
750,0.7848100066184998,0.0002241086622234434
751,1.0053459405899048,0.0002131178043782711
752,1.3957509994506836,0.0002050002512987703
753,1.5010850429534912,0.0001973876787815243
754,1.6712210178375244,0.00018881898722611368
755,1.7162879705429077,0.00018313154578208923
756,1.7864220142364502,0.00017724474309943616
757,1.8114889860153198,0.0001721458975225687
758,1.8717570304870605,0.00016880159091670066
759,1.8114889860153198,0.00016543702804483473
760,1.851755976676941,0.00016472683637402952
761,1.8216229677200317,0.0001641293929424137
762,1.8968240022659302,0.000165646051755175
763,1.8717570304870605,0.0001675690000411123
764,1.8816239833831787,0.00016967873671092093
765,1.851755976676941,0.0001714115496724844
766,1.8616230487823486,0.00017263545305468142
767,1.7714890241622925,0.0001743757165968418
768,1.8165559768676758,0.00017439955263398588
769,1.7664220333099365,0.00017421887605451047
770,1.8365559577941895,0.0001728402858134359
771,1.781622052192688,0.00017109948385041207
772,1.8216229677200317,0.00016858142043929547
773,1.7864220142364502,0.00016584403056185693
774,1.8216229677200317,0.00016353240062016994
775,1.7514890432357788,0.00016112688172142953
776,1.7864220142364502,0.00016014347784221172
777,1.7864220142364502,0.00015898668789304793
778,1.7765560150146484,0.00015878211706876755
779,1.7864220142364502,0.00015869372873567045
780,1.7914890050888062,0.00015900228754617274
781,1.7565549612045288,0.00015967441140674055
782,1.7914890050888062,0.00016084576782304794
783,1.7664220333099365,0.00016132541350089014
784,1.8066890239715576,0.00016174193297047168
785,1.7213549613952637,0.000163735676323995
786,1.796555995941162,0.0001653130166232586
787,1.7264219522476196,0.00016669408068992198
788,1.7864220142364502,0.00016906284145079553
789,1.7464220523834229,0.00017159867275040597
790,1.7413549423217773,0.0001753392571117729
791,1.70135498046875,0.0001796692085918039
792,1.7714890241622925,0.00018382645794190466
793,1.7413549423217773,0.0001896493195090443
794,1.7514890432357788,0.00019407567742746323
795,1.7413549423217773,0.00019922952924389392
796,1.7714890241622925,0.00020441910601221025
797,1.7413549423217773,0.00020876953203696758
798,1.8114889860153198,0.00021468600607477129
799,1.7314879894256592,0.00021884567104279995
800,1.8066890239715576,0.00022408536460716277
801,1.7413549423217773,0.00023121037520468235
802,1.796555995941162,0.00023819590569473803
803,1.7314879894256592,0.00024885404855012894
804,1.796555995941162,0.0002583556924946606
805,1.6864210367202759,0.0002685943618416786
806,1.155480980873108,0.00027909548953175545
807,0.2589370012283325,0.0002915941586252302
808,0.03866700083017349,0.0003061054740101099
809,-0.23680299520492554,0.0003223014937248081
810,-0.5024060010910034,0.00034585664980113506
811,-0.6325410008430481,0.00037904977216385305
812,-0.7176089882850647,0.00041753618279471993
813,-0.8728110194206238,0.0004761627351399511
814,-1.1933480501174927,0.0005593326641246676
815,-1.5290859937667847,0.0005804189713671803
816,-1.6090869903564453,0.0005942919524386525
817,-1.7442879676818848,0.000606694957241416
818,-1.7493549585342407,0.0006189587293192744
819,-1.8645570278167725,0.0006314195925369859
820,-1.8645570278167725,0.0006439228891395032
821,-1.9397579431533813,0.000656403077300638
822,-1.8394900560379028,0.0006650545983575284
823,-1.9146909713745117,0.0006739941891282797
824,-1.8394900560379028,0.0006818811525590718
825,-1.9296239614486694,0.0006902466993778944
826,-1.889623999595642,0.0006987735396251082
827,-1.9096239805221558,0.0007071540458127856
828,-1.8696229457855225,0.0007142913527786732
829,-1.9045569896697998,0.0007209280738607049
830,-1.8496229648590088,0.0007264894666150212
831,-1.8594900369644165,0.0007312408415600657
832,-1.8344229459762573,0.0007612187182530761
833,-1.8794900178909302,0.0008219580631703138
834,-1.8296229839324951,0.0008539065602235496
835,-1.8496229648590088,0.0008795333560556173
836,-1.8245559930801392,0.0008989627240225673
837,-1.8845570087432861,0.0009134680731222034
838,-1.8096230030059814,0.0009257720084860921
839,-1.8394900560379028,0.0009399530244991183
840,-1.8496229648590088,0.0009504123590886593
841,-1.8496229648590088,0.0009611354907974601
842,-1.7845560312271118,0.0009715771302580833
843,-1.8344229459762573,0.0009799790568649769
844,-1.7642890214920044,0.000989029766060412
845,-1.8144229650497437,0.000996429123915732
846,-1.7642890214920044,0.0010026226518675685
847,-1.8394900560379028,0.0010086733382195234
848,-1.7794890403747559,0.0010126810520887375
849,-1.8344229459762573,0.0010158766526728868
850,-1.7944220304489136,0.0010177763178944588
851,-1.8144229650497437,0.001019305200316012
852,-1.7642890214920044,0.0010208000894635916
853,-1.8096230030059814,0.0010224056895822287
854,-1.7493549585342407,0.0010244469158351421
855,-1.8194890022277832,0.0010265411110594869
856,-1.7845560312271118,0.0010298057459294796
857,-1.8144229650497437,0.0010331827215850353
858,-1.7642890214920044,0.00103833619505167
859,-1.7994890213012695,0.001042865915223956
860,-1.7442879676818848,0.0010484019294381142
861,-1.8344229459762573,0.0010528494603931904
862,-1.7493549585342407,0.0010569877922534943
863,-1.8096230030059814,0.001061254646629095
864,-1.7794890403747559,0.001064264215528965
865,-1.7994890213012695,0.0010674352524802089
866,-1.7642890214920044,0.001069817808456719
867,-1.8045560121536255,0.001072219107300043
868,-1.7794890403747559,0.0010745865292847157
869,-1.8045560121536255,0.001077499007806182
870,-1.7594890594482422,0.0010804657358676195
871,-1.8245559930801392,0.001083415700122714
872,-1.7794890403747559,0.0010861949995160103
873,-1.8344229459762573,0.0010882677743211389
874,-1.7845560312271118,0.0010900538181886077
875,-1.8045560121536255,0.0010924215894192457
876,-1.7794890403747559,0.0010947776027023792
877,-1.7994890213012695,0.0010963177774101496
878,-1.7642890214920044,0.0010981375817209482
879,-1.8045560121536255,0.0010992605239152908
880,-1.7544219493865967,0.001100455760024488
881,-1.8045560121536255,0.0011013997718691826
882,-1.7642890214920044,0.0011021330719813704
883,-1.8194890022277832,0.0011030688183382154
884,-1.769355058670044,0.0011039040982723236
885,-1.8144229650497437,0.0011051611509174109
886,-1.7544219493865967,0.0011064432328566909
887,-1.8144229650497437,0.0011080435942858458
888,-1.7794890403747559,0.0011094956425949931
889,-1.7944220304489136,0.001111009856685996
890,-1.7845560312271118,0.0011124690063297749
891,-1.8045560121536255,0.0011137011460959911
892,-1.7744220495224,0.0011153228115290403
893,-1.7994890213012695,0.0011165325995534658
894,-1.7442879676818848,0.001118008280172944
895,-1.8045560121536255,0.0011192599777132273
896,-1.7794890403747559,0.001120550325140357
897,-1.8045560121536255,0.0011218857252970338
898,-1.7744220495224,0.0011230020318180323
899,-1.8144229650497437,0.0011240261374041438
900,-1.7794890403747559,0.0011247600195929408
901,-1.8045560121536255,0.0011253922712057829
902,-1.7794890403747559,0.0011260102037340403
903,-1.7794890403747559,0.00112652697134763
904,-1.7594890594482422,0.0011268903035670519
905,-1.8194890022277832,0.0011271432740613818
906,-1.7744220495224,0.0011273478157818317
907,-1.7994890213012695,0.001127500319853425
908,-1.7744220495224,0.001127602532505989
909,-1.8194890022277832,0.0011276684235781431
910,-1.7744220495224,0.0011277146404609084
911,-1.8194890022277832,0.0011277562007308006
912,-1.7794890403747559,0.0011277853045612574
913,-1.8045560121536255,0.0011278185993432999
914,-1.7794890403747559,0.0011278530582785606
915,-1.8144229650497437,0.0011278882157057524
916,-1.7642890214920044,0.0011279202299192548
917,-1.8296229839324951,0.0011279539903625846
918,-1.8045560121536255,0.0011279844911769032
919,-1.8144229650497437,0.0011280144099146128
920,-1.7493549585342407,0.0011280374601483345
921,-1.789355993270874,0.001128060626797378
922,-1.7794890403747559,0.0011280772741883993
923,-1.7794890403747559,0.0011280928738415241
924,-1.769355058670044,0.001128105679526925
925,-1.8296229839324951,0.001128117786720395
926,-1.7794890403747559,0.0011281280312687159
927,-1.8144229650497437,0.0011281365295872092
928,-1.7794890403747559,0.0011281457263976336
929,-1.8144229650497437,0.0011281545739620924
930,-1.769355058670044,0.0011281624902039766
931,-1.8045560121536255,0.001128169009461999
932,-1.789355993270874,0.0011281768092885613
933,-1.8144229650497437,0.00112818437628448
934,-1.8045560121536255,0.001128191128373146
935,-1.8045560121536255,0.001128196599893272
936,-1.7944220304489136,0.0011282013729214668
937,-1.8245559930801392,0.0011282075429335237
938,-1.7642890214920044,0.0011282144114375114
939,-1.8144229650497437,0.0011282203486189246
940,-1.7845560312271118,0.001128228148445487
941,-1.8194890022277832,0.0011282358318567276
942,-1.7493549585342407,0.0011282435152679682
943,-1.7994890213012695,0.0011282502673566341
944,-1.7845560312271118,0.0011282565537840128
945,-1.8045560121536255,0.001128263073042035
946,-1.7794890403747559,0.0011282686609774828
947,-1.8296229839324951,0.0011282749474048615
948,-1.8045560121536255,0.001128281932324171
949,-1.8096230030059814,0.0011282885679975152
950,-1.7794890403747559,0.0011282949708402157
951,-1.7944220304489136,0.0011283019557595253
952,-1.7744220495224,0.0011283087078481913
953,-1.8394900560379028,0.0011283152271062136
954,-1.7744220495224,0.0011283212807029486
955,-1.8096230030059814,0.0011283280327916145
956,-1.7744220495224,0.0011283372296020389
957,-1.8144229650497437,0.0011283477069810033
958,-1.7944220304489136,0.001128356670960784
959,-1.7994890213012695,0.0011283655185252428
960,-1.7642890214920044,0.0011283747153356671
961,-1.8144229650497437,0.0011283840285614133
962,-1.7544219493865967,0.0011283928761258721
963,-1.8045560121536255,0.0011284007923677564
964,-1.7994890213012695,0.0011284101055935025
965,-1.7994890213012695,0.0011284201173111796
966,-1.7493549585342407,0.0011284304782748222
967,-1.8045560121536255,0.0011284403735771775
968,-1.7944220304489136,0.0011284525971859694
969,-1.8144229650497437,0.0011284666834399104
970,-1.7794890403747559,0.001128479721955955
971,-1.7944220304489136,0.0011284934589639306
972,-1.729354977607727,0.0011285095242783427
973,-1.8045560121536255,0.0011285209329798818
974,-1.729354977607727,0.0011285321088507771
975,-1.8245559930801392,0.0011285406071692705
976,-1.8045560121536255,0.001128548290580511
977,-1.8245559930801392,0.0011285567888990045
978,-1.7642890214920044,0.0011285655200481415
979,-1.8296229839324951,0.0011285750661045313
980,-1.7594890594482422,0.0011285839136689901
981,-1.7994890213012695,0.0011285924119874835
982,-1.8096230030059814,0.0011285997461527586
983,-1.8045560121536255,0.0011286090593785048
984,-1.789355993270874,0.0011286177905276418
985,-1.8296229839324951,0.0011286265216767788
986,-1.7744220495224,0.0011286342050880194
987,-1.8144229650497437,0.001128642586991191
988,-1.7944220304489136,0.0011286500375717878
989,-1.8245559930801392,0.0011286583030596375
990,-1.789355993270874,0.0011286648223176599
991,-1.8144229650497437,0.0011286644730716944
992,-1.7744220495224,0.0011286408407613635
993,-1.8194890022277832,0.001128586707636714
994,-1.7744220495224,0.0011284789070487022
995,-1.8194890022277832,0.0011282808845862746
996,-1.7744220495224,0.001127938274294138
997,-1.8194890022277832,0.0011274246498942375
998,-1.7744220495224,0.0011265622451901436
999,-1.8496229648590088,0.0011252982076257467
1000,-1.7845560312271118,0.001123584108427167
1001,-1.8496229648590088,0.0011217750143259764
1002,-1.7994890213012695,0.0011198518332093954
1003,-1.8194890022277832,0.0011181756854057312
1004,-1.7994890213012695,0.0011163766030222178
1005,-1.8144229650497437,0.0011142859002575278
1006,-1.7744220495224,0.0011119444388896227
1007,-1.8496229648590088,0.0011098127579316497
1008,-1.8096230030059814,0.0011073057539761066
1009,-1.8194890022277832,0.001104783033952117
1010,-1.7544219493865967,0.0011021437821909785
1011,-1.8096230030059814,0.0010993210598826408
1012,-1.7794890403747559,0.0010965995024889708
1013,-1.8344229459762573,0.0010937713086605072
1014,-1.7642890214920044,0.001090919366106391
1015,-1.8296229839324951,0.0010875745210796595
1016,-1.769355058670044,0.0010841144248843193
1017,-1.8245559930801392,0.001080945017747581
1018,-1.7544219493865967,0.0010774722322821617
1019,-1.8445559740066528,0.0010737408883869648
1020,-1.769355058670044,0.0010703373700380325
1021,-1.8045560121536255,0.0010670131305232644
1022,-1.7845560312271118,0.0010635291691869497
1023,-1.8144229650497437,0.0010598698863759637
1024,-1.789355993270874,0.001056396053172648
1025,-1.8144229650497437,0.0010533879976719618
1026,-1.789355993270874,0.0010499920463189483
1027,-1.8194890022277832,0.0010472157737240195
1028,-1.7594890594482422,0.0010445546358823776
1029,-1.8045560121536255,0.0010425953660160303
1030,-1.7744220495224,0.001040849951095879
1031,-1.8194890022277832,0.0010385840432718396
1032,-1.7845560312271118,0.0010364532936364412
1033,-1.8096230030059814,0.0010345703922212124
1034,-1.7794890403747559,0.00103231449611485
1035,-1.8045560121536255,0.0010300311259925365
1036,-1.7744220495224,0.0010273642838001251
1037,-1.789355993270874,0.0010236658854410052
1038,-1.7794890403747559,0.0010196445509791374
1039,-1.8144229650497437,0.0010160628007724881
1040,-1.7994890213012695,0.0010129231959581375
1041,-1.8546899557113647,0.001008707331493497
1042,-1.7794890403747559,0.0010053843725472689
1043,-1.8144229650497437,0.0010016228770837188
1044,-1.789355993270874,0.0009969794191420078
1045,-1.7944220304489136,0.0009928439976647496
1046,-1.7794890403747559,0.0009874284733086824
1047,-1.8144229650497437,0.0009819436818361282
1048,-1.7845560312271118,0.0009764324058778584
1049,-1.8045560121536255,0.0009697098284959793
1050,-1.7794890403747559,0.0009644814417697489
1051,-1.8394900560379028,0.0009585287771187723
1052,-1.7744220495224,0.0009525115601718426
1053,-1.8296229839324951,0.0009470993536524475
1054,-1.769355058670044,0.0009398963302373886
1055,-1.7994890213012695,0.0009342858102172613
1056,-1.7544219493865967,0.0009275386109948158
1057,-1.8445559740066528,0.0009189851116389036
1058,-1.7744220495224,0.0009104198543354869
1059,-1.8344229459762573,0.0008985538734123111
1060,-1.7994890213012695,0.0008875331841409206
1061,-1.8344229459762573,0.000876068021170795
1062,-1.789355993270874,0.0008642149623483419
1063,-1.8045560121536255,0.000850399665068835
1064,-1.7744220495224,0.0008346453541889787
1065,-1.8144229650497437,0.0008170139044523239
1066,-1.7794890403747559,0.0007923160446807742
1067,-1.8394900560379028,0.0007580483215861022
1068,-1.8144229650497437,0.0007187675219029188
1069,-1.7944220304489136,0.0006594948354177177
1070,-1.7744220495224,0.0005757058970630169
1071,-1.8496229648590088,0.0005540584097616374
1072,-1.769355058670044,0.0005397870554588735
1073,-1.8144229650497437,0.0005271101254038513
1074,-1.7744220495224,0.0005146393086761236
1075,-1.8394900560379028,0.0005020067910663784
1076,-1.7944220304489136,0.0004893876030109823
1077,-1.8296229839324951,0.0004768446087837219
1078,-1.7845560312271118,0.00046816206304356456
1079,-1.8394900560379028,0.00045920201228000224
1080,-1.769355058670044,0.0004513435997068882
1081,-1.8594900369644165,0.000443052442278713
1082,-1.7994890213012695,0.0004346738860476762
1083,-1.8296229839324951,0.00042653240961954
1084,-1.8045560121536255,0.00041977677028626204
1085,-1.8496229648590088,0.0004136973002459854
1086,-1.7944220304489136,0.0004090678703505546
1087,-1.4437509775161743,0.0004056670586578548
1088,-0.4773389995098114,0.0003774320939555764
1089,-0.086667999625206,0.00031848051003180444
1090,0.14373500645160675,0.0002883554552681744
1091,0.4141390025615692,0.0002643971238285303
1092,0.549340009689331,0.00024676803150214255
1093,0.6245409846305847,0.00023449321452062577
1094,0.8048099875450134,0.00022444198839366436
1095,1.095479965209961,0.00021245570678729564
1096,1.4360179901123047,0.00020444043911993504
1097,1.541085958480835,0.0001963221002370119
1098,1.696287989616394,0.00018856341193895787
1099,1.7064210176467896,0.00018293899483978748
1100,1.801622986793518,0.0001766409259289503
1101,1.7914890050888062,0.0001719954889267683
1102,1.8866900205612183,0.00016870131366886199
1103,1.7664220333099365,0.00016596136265434325
1104,1.8216229677200317,0.00016531176515854895
1105,1.856557011604309,0.00016526645049452782
1106,1.8917570114135742,0.00016692615463398397
1107,1.8666900396347046,0.00016911537386476994
1108,1.8917570114135742,0.000170848798006773
1109,1.8066890239715576,0.00017271246179006994
1110,1.8266890048980713,0.00017410633154213428
1111,1.8314900398254395,0.0001756703422870487
1112,1.8266890048980713,0.0001758516300469637
1113,1.7914890050888062,0.00017547296010889113
1114,1.8314900398254395,0.00017366730025969446
1115,1.7714890241622925,0.0001717517152428627
1116,1.796555995941162,0.000168947663041763
1117,1.7413549423217773,0.00016625567513983697
1118,1.796555995941162,0.00016394311387557536
1119,1.7464220523834229,0.00016174264601431787
1120,1.8066890239715576,0.0001609787141205743
1121,1.7514890432357788,0.0001596640795469284
1122,1.8216229677200317,0.00015987898223102093
1123,1.7565549612045288,0.0001597357913851738
1124,1.8066890239715576,0.00016042513016145676
1125,1.7413549423217773,0.0001611645275261253
1126,1.8066890239715576,0.00016258866526186466
1127,1.7514890432357788,0.000162941258167848
1128,1.796555995941162,0.0001634510699659586
1129,1.7514890432357788,0.0001654250081628561
1130,1.781622052192688,0.00016689642507117242
1131,1.7464220523834229,0.0001686084142420441
1132,1.8066890239715576,0.00017060976824723184
1133,1.7314879894256592,0.00017333091818727553
1134,1.7565549612045288,0.0001775398850440979
1135,1.7264219522476196,0.00018171174451708794
1136,1.7464220523834229,0.00018635974265635014
1137,1.7365549802780151,0.00019154170877300203
1138,1.7714890241622925,0.00019598170183598995
1139,1.7064210176467896,0.00020149661577306688
1140,1.7616219520568848,0.00020621524890884757
1141,1.7114880084991455,0.0002104369195876643
1142,1.7616219520568848,0.0002158672286896035
1143,1.7264219522476196,0.00021966539497952908
1144,1.781622052192688,0.00022559831268154085
1145,1.7565549612045288,0.00023199307906907052
1146,1.7864220142364502,0.0002394237817497924
1147,1.7714890241622925,0.00024839970865286887
1148,1.781622052192688,0.0002567597257439047
1149,1.6261539459228516,0.00026641698786988854
1150,0.9650790095329285,0.00027730618603527546
1151,0.17386899888515472,0.00029179168632254004
1152,0.02346700057387352,0.00030612695263698697
1153,-0.3370710015296936,0.0003273388429079205
1154,-0.5224069952964783,0.00036122248275205493
1155,-0.6725419759750366,0.00039757462218403816
1156,-0.7176089882850647,0.0004430227854754776
1157,-0.9530789852142334,0.0005110722850076854
1158,-1.2586820125579834,0.0005713228601962328
1159,-1.5792200565338135,0.0005892608314752579
1160,-1.6392199993133545,0.0006036048289388418
1161,-1.7594890594482422,0.000618481426499784
1162,-1.789355993270874,0.0006331073236651719
1163,-1.8997570276260376,0.0006473028333857656
1164,-1.874690055847168,0.0006615950842387974
1165,-1.9245569705963135,0.0006754486821591854
1166,-1.874690055847168,0.0006885207840241492
1167,-1.9146909713745117,0.0007016992312856019
1168,-1.8845570087432861,0.0007139111403375864
1169,-1.9397579431533813,0.0007240334525704384
1170,-1.8696229457855225,0.0007326641352847219
1171,-1.9245569705963135,0.0007409582030959427
1172,-1.8946900367736816,0.0007493968587368727
1173,-1.9296239614486694,0.000757266825530678
1174,-1.8845570087432861,0.0007636386435478926
1175,-1.8645570278167725,0.0007697890396229923
1176,-1.8496229648590088,0.0008489752071909606
1177,-1.8645570278167725,0.0009009932982735336
1178,-1.8394900560379028,0.0009313701884821057
1179,-1.8794900178909302,0.0009542972547933459
1180,-1.8245559930801392,0.0009714342886582017
1181,-1.8645570278167725,0.0009835941018536687
1182,-1.8045560121536255,0.000995107227936387
1183,-1.8645570278167725,0.0010077495826408267
1184,-1.8245559930801392,0.0010174550116062164
1185,-1.8496229648590088,0.0010282761650159955
1186,-1.8296229839324951,0.0010375557467341423
1187,-1.874690055847168,0.0010456067975610495
1188,-1.8245559930801392,0.00105517846532166
1189,-1.8245559930801392,0.0010617724619805813
1190,-1.7794890403747559,0.0010680591221898794
1191,-1.8296229839324951,0.0010730482172220945
1192,-1.7944220304489136,0.001076916349120438
1193,-1.8045560121536255,0.0010794110130518675
1194,-1.7744220495224,0.0010813595727086067
1195,-1.8096230030059814,0.001082603121176362
1196,-1.7642890214920044,0.0010844793869182467
1197,-1.8194890022277832,0.001086223404854536
1198,-1.789355993270874,0.0010880334302783012
1199,-1.8045560121536255,0.0010905296076089144
1200,-1.7642890214920044,0.0010935993632301688
1201,-1.7944220304489136,0.0010973524767905474
1202,-1.7794890403747559,0.0011021299287676811
1203,-1.8245559930801392,0.0011067662853747606
1204,-1.8144229650497437,0.0011123172007501125
1205,-1.8045560121536255,0.001116500236093998
1206,-1.7493549585342407,0.0011208367068320513
1207,-1.8394900560379028,0.001124541973695159
1208,-1.7594890594482422,0.001127449912019074
1209,-1.7845560312271118,0.0011302430648356676
1210,-1.729354977607727,0.0011326479725539684
1211,-1.7994890213012695,0.0011350649874657393
1212,-1.7594890594482422,0.0011375762987881899
1213,-1.789355993270874,0.0011403360404074192
1214,-1.7744220495224,0.0011435442138463259
1215,-1.8245559930801392,0.001146244932897389
1216,-1.7744220495224,0.001148934941738844
1217,-1.7594890594482422,0.0011507270392030478
1218,-1.7394880056381226,0.0011526818852871656
1219,-1.789355993270874,0.0011549077462404966
1220,-1.729354977607727,0.0011568557238206267
1221,-1.8194890022277832,0.0011583378072828054
1222,-1.7442879676818848,0.001159760169684887
1223,-1.7744220495224,0.0011608790373429656
1224,-1.7493549585342407,0.0011618416756391525
1225,-1.789355993270874,0.001162897446192801
1226,-1.7544219493865967,0.0011635753326117992
1227,-1.7794890403747559,0.0011645343620330095
1228,-1.7493549585342407,0.0011653994442895055
1229,-1.7994890213012695,0.0011668317019939423
1230,-1.7642890214920044,0.0011681276373565197
1231,-1.8296229839324951,0.0011698936577886343
1232,-1.7544219493865967,0.0011712794657796621
1233,-1.7845560312271118,0.0011729315156117082
1234,-1.7493549585342407,0.0011742303613573313
1235,-1.8194890022277832,0.0011755020823329687
1236,-1.7544219493865967,0.0011769128032028675
1237,-1.7944220304489136,0.0011781139764934778
1238,-1.7394880056381226,0.001179712126031518
1239,-1.8194890022277832,0.001180931692942977
1240,-1.7744220495224,0.0011822994565591216
1241,-1.8245559930801392,0.001183567102998495
1242,-1.7493549585342407,0.0011846518609672785
1243,-1.8144229650497437,0.0011855977354571223
1244,-1.789355993270874,0.0011863037943840027
1245,-1.8194890022277832,0.001186928479000926
1246,-1.7794890403747559,0.0011875438503921032
1247,-1.7994890213012695,0.0011880118399858475
1248,-1.769355058670044,0.0011883324477821589
1249,-1.7794890403747559,0.001188546302728355
1250,-1.789355993270874,0.0011887246510013938
1251,-1.8296229839324951,0.0011888386216014624
1252,-1.7794890403747559,0.0011889109155163169
1253,-1.8144229650497437,0.0011889507295563817
1254,-1.7493549585342407,0.0011889766901731491
1255,-1.8045560121536255,0.0011889887973666191
1256,-1.7794890403747559,0.0011889904271811247
1257,-1.8296229839324951,0.0011889907764270902
1258,-1.7493549585342407,0.0011889943853020668
1259,-1.8144229650497437,0.0011889988090842962
1260,-1.7794890403747559,0.0011890011373907328
1261,-1.8245559930801392,0.00118900160305202
1262,-1.7544219493865967,0.0011890002060681581
1263,-1.7794890403747559,0.0011889970628544688
1264,-1.7493549585342407,0.0011889918241649866
1265,-1.8296229839324951,0.001188985537737608
1266,-1.7544219493865967,0.0011889776214957237
1267,-1.7944220304489136,0.0011889687739312649
1268,-1.7794890403747559,0.0011889580637216568
1269,-1.7944220304489136,0.0011889475863426924
1270,-1.7994890213012695,0.0011889366433024406
1271,-1.8144229650497437,0.0011889254674315453
1272,-1.7544219493865967,0.0011889140587300062
1273,-1.8096230030059814,0.0011889035813510418
1274,-1.7744220495224,0.0011888905428349972
1275,-1.7944220304489136,0.0011888776207342744
1276,-1.789355993270874,0.0011888665612787008
1277,-1.7994890213012695,0.0011888549197465181
1278,-1.7845560312271118,0.0011888437438756227
1279,-1.8194890022277832,0.0011888329172506928
1280,-1.789355993270874,0.0011888239532709122
1281,-1.8144229650497437,0.0011888142907992005
1282,-1.7394880056381226,0.0011888053268194199
1283,-1.8144229650497437,0.0011887962464243174
1284,-1.7744220495224,0.0011887901928275824
1285,-1.8144229650497437,0.0011887832079082727
1286,-1.7794890403747559,0.001188777619972825
1287,-1.8296229839324951,0.0011887717992067337
1288,-1.789355993270874,0.001188767491839826
1289,-1.8296229839324951,0.0011887599248439074
1290,-1.7794890403747559,0.0011887508444488049
1291,-1.8144229650497437,0.001188741298392415
1292,-1.7994890213012695,0.0011887324508279562
1293,-1.8144229650497437,0.001188722555525601
1294,-1.789355993270874,0.0011887145228683949
1295,-1.8144229650497437,0.001188704976812005
1296,-1.7744220495224,0.0011886954307556152
1297,-1.8245559930801392,0.0011886878637596965
1298,-1.789355993270874,0.001188681460916996
1299,-1.7994890213012695,0.00118867342825979
1300,-1.7994890213012695,0.0011886660940945148
1301,-1.7994890213012695,0.0011886582942679524
1302,-1.7845560312271118,0.0011886507272720337
1303,-1.8144229650497437,0.0011886415304616094
1304,-1.7594890594482422,0.0011886327993124723
1305,-1.8296229839324951,0.0011886251159012318
1306,-1.7845560312271118,0.001188616850413382
1307,-1.8245559930801392,0.0011886080028489232
1308,-1.7594890594482422,0.0011886016000062227
1309,-1.8045560121536255,0.0011885922867804766
1310,-1.7744220495224,0.0011885857675224543
1311,-1.7944220304489136,0.0011885759886354208
1312,-1.7394880056381226,0.001188567839562893
1313,-1.8194890022277832,0.001188559690490365
1314,-1.7594890594482422,0.0011885510757565498
1315,-1.8194890022277832,0.0011885421117767692
1316,-1.8194890022277832,0.001188536174595356
1317,-1.8194890022277832,0.0011885279091075063
1318,-1.7544219493865967,0.0011885212734341621
1319,-1.7994890213012695,0.001188511261716485
1320,-1.7493549585342407,0.0011885040439665318
1321,-1.8245559930801392,0.0011884953128173947
1322,-1.7493549585342407,0.0011884875129908323
1323,-1.8394900560379028,0.0011884765699505806
1324,-1.7845560312271118,0.0011884686537086964
1325,-1.8245559930801392,0.0011884592240676284
1326,-1.7744220495224,0.0011884511914104223
1327,-1.8245559930801392,0.001188440015539527
1328,-1.7744220495224,0.0011884307023137808
1329,-1.8194890022277832,0.0011884202249348164
1330,-1.7994890213012695,0.0011884106788784266
1331,-1.8394900560379028,0.0011883991537615657
1332,-1.769355058670044,0.0011883899569511414
1333,-1.7994890213012695,0.0011883770348504186
1334,-1.7642890214920044,0.0011883628321811557
1335,-1.8296229839324951,0.0011883440893143415
1336,-1.7594890594482422,0.0011882922844961286
1337,-1.8245559930801392,0.0011881974060088396
1338,-1.7794890403747559,0.0011880306992679834
1339,-1.8394900560379028,0.0011877681827172637
1340,-1.7944220304489136,0.0011873662006109953
1341,-1.8496229648590088,0.0011867877328768373
1342,-1.7544219493865967,0.0011858405778184533
1343,-1.7845560312271118,0.0011844744440168142
1344,-1.7493549585342407,0.0011827199487015605
1345,-1.8245559930801392,0.0011809220304712653
1346,-1.7642890214920044,0.0011790922144427896
1347,-1.8144229650497437,0.0011774187441915274
1348,-1.769355058670044,0.001175613608211279
1349,-1.8045560121536255,0.0011733798310160637
1350,-1.7744220495224,0.0011711245169863105
1351,-1.8194890022277832,0.001168925897218287
1352,-1.8144229650497437,0.0011664805933833122
1353,-1.8394900560379028,0.001163874170742929
1354,-1.7794890403747559,0.0011611897498369217
1355,-1.8144229650497437,0.0011584112653508782
1356,-1.7394880056381226,0.001155658159404993
1357,-1.8045560121536255,0.001152904937043786
1358,-1.7744220495224,0.0011500046821311116
1359,-1.8296229839324951,0.0011466938303783536
1360,-1.769355058670044,0.0011433335021138191
1361,-1.8045560121536255,0.0011401816736906767
1362,-1.7794890403747559,0.0011366208782419562
1363,-1.8245559930801392,0.0011329029221087694
1364,-1.8045560121536255,0.0011296761222183704
1365,-1.8096230030059814,0.0011262077605351806
1366,-1.7794890403747559,0.0011227729264646769
1367,-1.8194890022277832,0.0011191146913915873
1368,-1.8045560121536255,0.00111566879786551
1369,-1.8594900369644165,0.001112670637667179
1370,-1.789355993270874,0.0011093223001807928
1371,-1.8096230030059814,0.0011067073792219162
1372,-1.7944220304489136,0.001103975810110569
1373,-1.8445559740066528,0.0011022204998880625
1374,-1.769355058670044,0.0011003948748111725
1375,-1.8245559930801392,0.0010983289685100317
1376,-1.7794890403747559,0.0010960850631818175
1377,-1.874690055847168,0.0010942303342744708
1378,-1.789355993270874,0.0010916328756138682
1379,-1.8496229648590088,0.0010893750004470348
1380,-1.7845560312271118,0.0010863179340958595
1381,-1.8245559930801392,0.0010826652869582176
1382,-1.769355058670044,0.0010782720055431128
1383,-1.8645570278167725,0.0010749679058790207
1384,-1.7794890403747559,0.0010716768447309732
1385,-1.7944220304489136,0.001067628967575729
1386,-1.789355993270874,0.001064370502717793
1387,-1.8394900560379028,0.0010602911934256554
1388,-1.8245559930801392,0.001055933884344995
1389,-1.8344229459762573,0.0010516716865822673
1390,-1.8045560121536255,0.001045640674419701
1391,-1.8096230030059814,0.0010403437772765756
1392,-1.7744220495224,0.001034497283399105
1393,-1.8296229839324951,0.0010283691808581352
1394,-1.8045560121536255,0.0010231928899884224
1395,-1.8394900560379028,0.0010167404543608427
1396,-1.7544219493865967,0.0010111855808645487
1397,-1.8344229459762573,0.0010057063773274422
1398,-1.7493549585342407,0.0009989931713789701
1399,-1.7744220495224,0.0009935935959219933
1400,-1.789355993270874,0.0009862079750746489
1401,-1.8045560121536255,0.000978298601694405
1402,-1.7744220495224,0.0009694094187580049
1403,-1.8245559930801392,0.0009592006681486964
1404,-1.8045560121536255,0.0009492189856246114
1405,-1.8394900560379028,0.000938350975047797
1406,-1.769355058670044,0.0009259858052246273
1407,-1.8245559930801392,0.0009102480253204703
1408,-1.7944220304489136,0.000894620839972049
1409,-1.8245559930801392,0.0008720721234567463
1410,-1.8045560121536255,0.0008370705181732774
1411,-1.8144229650497437,0.0007996928761713207
1412,-1.7744220495224,0.0007535098120570183
1413,-1.8144229650497437,0.0006848264019936323
1414,-1.8045560121536255,0.0006239557405933738
1415,-1.8496229648590088,0.0006055008852854371
1416,-1.7642890214920044,0.0005907946615479887
1417,-1.7744220495224,0.0005756645696237683
1418,-1.7642890214920044,0.0005608326755464077
1419,-1.789355993270874,0.0005464826244860888
1420,-1.7544219493865967,0.0005320881027728319
1421,-1.789355993270874,0.0005181707674637437
1422,-1.7845560312271118,0.000505058909766376
1423,-1.8344229459762573,0.0004918562481179833
1424,-1.8096230030059814,0.00047966677811928093
1425,-1.8394900560379028,0.00046960642794147134
1426,-1.7994890213012695,0.0004611335461959243
1427,-1.8296229839324951,0.00045311887515708804
1428,-1.8144229650497437,0.00044509756844490767
1429,-1.8245559930801392,0.00043788886978290975
1430,-1.724287986755371,0.000432628788985312
1431,-1.1784149408340454,0.0004279964487068355
1432,-0.3120039999485016,0.0003505860804580152
1433,-0.061601001769304276,0.00030038817203603685
1434,0.2338699996471405,0.0002717711904551834
1435,0.46427199244499207,0.0002505294978618622
1436,0.5994740128517151,0.00023524663993157446
1437,0.6896089911460876,0.00022541102953255177
1438,0.9050779938697815,0.0002160371805075556
1439,1.1754809617996216,0.00020568235777318478
1440,1.5010850429534912,0.0001984060218092054
1441,1.5762859582901,0.00019015194266103208
1442,1.7114880084991455,0.000183554133400321
1443,1.7464220523834229,0.00017823712551034987
1444,1.8216229677200317,0.00017155418754555285
1445,1.8266890048980713,0.00016770798538345844
1446,1.8666900396347046,0.00016451417468488216
1447,1.846690058708191,0.0001628779136808589
1448,1.856557011604309,0.000162310287123546
1449,1.851755976676941,0.0001630131882848218
1450,1.906690001487732,0.00016478527686558664
1451,1.8666900396347046,0.00016731893992982805
1452,1.911756992340088,0.00016870535910129547
1453,1.8165559768676758,0.00017061232938431203
1454,1.8666900396347046,0.00017230771481990814
1455,1.8114889860153198,0.0001734122633934021
1456,1.8616230487823486,0.0001736126432660967
1457,1.781622052192688,0.0001729301584418863
1458,1.8717570304870605,0.00017141387797892094
1459,1.7914890050888062,0.00016937110922299325
1460,1.796555995941162,0.00016631225298624486
1461,1.7616219520568848,0.00016386434435844421
1462,1.7864220142364502,0.00016157468780875206
1463,1.7565549612045288,0.00015995162539184093
1464,1.796555995941162,0.0001592126936884597
1465,1.7314879894256592,0.0001583376433700323
1466,1.8165559768676758,0.00015853950753808022
1467,1.7765560150146484,0.00015842774882912636
1468,1.7864220142364502,0.00015928347420413047
1469,1.7514890432357788,0.0001602006668690592
1470,1.7714890241622925,0.00016131981101352721
1471,1.7413549423217773,0.00016179060912691057
1472,1.801622986793518,0.00016260666598100215
1473,1.7464220523834229,0.0001645343581913039
1474,1.801622986793518,0.00016591115854680538
1475,1.7413549423217773,0.00016828766092658043
1476,1.781622052192688,0.00017051826580427587
1477,1.7264219522476196,0.0001735584082780406
1478,1.8114889860153198,0.0001783125044312328
1479,1.7514890432357788,0.00018245339742861688
1480,1.7864220142364502,0.00018779505626298487
1481,1.7162879705429077,0.00019246889860369265
1482,1.7565549612045288,0.00019709067419171333
1483,1.7464220523834229,0.00020325183868408203
1484,1.7714890241622925,0.00020784309890586883
1485,1.7064210176467896,0.00021231469872873276
1486,1.7565549612045288,0.00021739536896348
1487,1.7413549423217773,0.00022132857702672482
1488,1.7864220142364502,0.00022842129692435265
1489,1.7213549613952637,0.0002350230497540906
1490,1.7714890241622925,0.0002437207440380007
1491,1.7413549423217773,0.0002535901148803532
1492,1.7714890241622925,0.00026339926989749074
1493,1.5261520147323608,0.00027365447022020817
1494,0.7197420001029968,0.00028323574224486947
1495,0.10373499989509583,0.00029714638367295265
1496,-0.07146800309419632,0.000311397627228871
1497,-0.4072049856185913,0.00032989587634801865
1498,-0.5072060227394104,0.0003576079907361418
1499,-0.6925420165061951,0.0003922420146409422
1500,-0.7626760005950928,0.00043655215995386243
1501,-1.0581469535827637,0.0005189721123315394
1502,-1.3688169717788696,0.0005698521272279322
1503,-1.6141539812088013,0.0005846981657668948
1504,-1.6842880249023438,0.0005931649939157069
1505,-1.789355993270874,0.0006012843223288655
1506,-1.8245559930801392,0.0006094553973525763
1507,-1.8594900369644165,0.0006175944581627846
1508,-1.8594900369644165,0.0006255116313695908
1509,-1.8696229457855225,0.0006332763587124646
1510,-1.8344229459762573,0.0006412517977878451
1511,-1.8997570276260376,0.0006500316085293889
1512,-1.8546899557113647,0.0006598118343390524
1513,-1.944823980331421,0.0006700088852085173
1514,-1.889623999595642,0.0006773086497560143
1515,-1.8794900178909302,0.0006841403665021062
1516,-1.8245559930801392,0.0006903585745021701
1517,-1.8794900178909302,0.0006964440690353513
1518,-1.8344229459762573,0.0007024510996416211
1519,-1.8845570087432861,0.0007089176215231419
1520,-1.8245559930801392,0.0008321558125317097
1521,-1.8594900369644165,0.0008704056381247938
1522,-1.8296229839324951,0.0009005386964417994
1523,-1.874690055847168,0.0009208692936226726
1524,-1.8296229839324951,0.0009370569605380297
1525,-1.8496229648590088,0.0009494347032159567
1526,-1.8144229650497437,0.0009623458608984947
1527,-1.8394900560379028,0.0009741872199811041
1528,-1.8096230030059814,0.00098430085927248
1529,-1.8296229839324951,0.000996274407953024
1530,-1.789355993270874,0.0010053359437733889
1531,-1.8245559930801392,0.001013658125884831
1532,-1.8144229650497437,0.001022619428113103
1533,-1.8194890022277832,0.0010290475329384208
1534,-1.7744220495224,0.0010357272112742066
1535,-1.8296229839324951,0.00104030582588166
1536,-1.7744220495224,0.001044358592480421
1537,-1.8045560121536255,0.0010465525556355715
1538,-1.729354977607727,0.0010487532708793879
1539,-1.8045560121536255,0.001049983548000455
1540,-1.7744220495224,0.001051721628755331
1541,-1.7794890403747559,0.001053698011673987
1542,-1.7493549585342407,0.0010555126937106252
1543,-1.7944220304489136,0.0010583752300590277
1544,-1.8045560121536255,0.0010614471975713968
1545,-1.8296229839324951,0.0010655653895810246
1546,-1.7544219493865967,0.001070181606337428
1547,-1.8344229459762573,0.001075016101822257
1548,-1.7594890594482422,0.0010801164899021387
1549,-1.7944220304489136,0.001084203482605517
1550,-1.7845560312271118,0.0010887831449508667
1551,-1.8144229650497437,0.0010921892244368792
1552,-1.7544219493865967,0.0010951370932161808
1553,-1.8144229650497437,0.0010977254714816809
1554,-1.7794890403747559,0.0011001626262441278
1555,-1.8045560121536255,0.00110250199213624
1556,-1.769355058670044,0.001105222967453301
1557,-1.8096230030059814,0.0011080082040280104
1558,-1.7794890403747559,0.0011113337241113186
1559,-1.8144229650497437,0.0011140190763399005
1560,-1.7594890594482422,0.0011165007017552853
1561,-1.8344229459762573,0.001118258573114872
1562,-1.7544219493865967,0.0011203583562746644
1563,-1.8096230030059814,0.001122565008699894
1564,-1.7594890594482422,0.0011243578046560287
1565,-1.8445559740066528,0.0011259105522185564
1566,-1.7642890214920044,0.0011272027622908354
1567,-1.7845560312271118,0.0011284237261861563
1568,-1.7794890403747559,0.001129352254793048
1569,-1.8096230030059814,0.0011303089559078217
1570,-1.729354977607727,0.001131053315475583
1571,-1.8045560121536255,0.0011319434270262718
1572,-1.7744220495224,0.001132927369326353
1573,-1.8245559930801392,0.0011342763900756836
1574,-1.7642890214920044,0.0011356609174981713
1575,-1.789355993270874,0.0011372966691851616
1576,-1.7642890214920044,0.0011387073900550604
1577,-1.8296229839324951,0.001140483422204852
1578,-1.7744220495224,0.001141727203503251
1579,-1.789355993270874,0.0011431239545345306
1580,-1.7544219493865967,0.001144421985372901
1581,-1.7994890213012695,0.0011456930078566074
1582,-1.7594890594482422,0.0011471258476376534
1583,-1.8144229650497437,0.0011483546113595366
1584,-1.7744220495224,0.0011498464737087488
1585,-1.7994890213012695,0.0011510346084833145
1586,-1.7544219493865967,0.0011521194828674197
1587,-1.8144229650497437,0.001152978977188468
1588,-1.7544219493865967,0.001153646851889789
1589,-1.8245559930801392,0.001154269091784954
1590,-1.7794890403747559,0.0011548600159585476
1591,-1.8296229839324951,0.0011552883079275489
1592,-1.7794890403747559,0.0011555923847481608
1593,-1.8045560121536255,0.0011558136902749538
1594,-1.7442879676818848,0.0011560064740478992
1595,-1.8144229650497437,0.0011561342980712652
1596,-1.7642890214920044,0.0011562126455828547
1597,-1.7994890213012695,0.00115625886246562
1598,-1.7845560312271118,0.001156294485554099
1599,-1.8144229650497437,0.0011563195148482919
1600,-1.7642890214920044,0.0011563391890376806
1601,-1.8144229650497437,0.0011563594453036785
1602,-1.7994890213012695,0.0011563810985535383
1603,-1.8045560121536255,0.0011564043816179037
1604,-1.8045560121536255,0.0011564271990209818
1605,-1.789355993270874,0.0011564488522708416
1606,-1.7794890403747559,0.001156467478722334
1607,-1.8144229650497437,0.0011564830783754587
1608,-1.789355993270874,0.0011564965825527906
1609,-1.8296229839324951,0.0011565082240849733
1610,-1.7744220495224,0.0011565156746655703
1611,-1.8144229650497437,0.0011565224267542362
1612,-1.769355058670044,0.0011565263848751783
1613,-1.8394900560379028,0.0011565283639356494
1614,-1.7944220304489136,0.0011565301101654768
1615,-1.8496229648590088,0.0011565297609195113
1616,-1.7994890213012695,0.001156529295258224
1617,-1.8194890022277832,0.0011565284803509712
1618,-1.7544219493865967,0.0011565295280888677
1619,-1.8096230030059814,0.0011565282475203276
1620,-1.7794890403747559,0.0011565254535526037
1621,-1.8245559930801392,0.001156521961092949
1622,-1.7845560312271118,0.001156519865617156
1623,-1.8194890022277832,0.0011565187014639378
1624,-1.7994890213012695,0.0011565181193873286
1625,-1.8144229650497437,0.0011565177701413631
1626,-1.7794890403747559,0.0011565188178792596
1627,-1.8245559930801392,0.001156520564109087
1628,-1.7594890594482422,0.0011565227760002017
1629,-1.8144229650497437,0.0011565224267542362
1630,-1.7493549585342407,0.0011565228924155235
1631,-1.8045560121536255,0.001156519865617156
1632,-1.7794890403747559,0.001156515907496214
1633,-1.8096230030059814,0.001156512415036559
1634,-1.7845560312271118,0.0011565105523914099
1635,-1.8394900560379028,0.001156507758423686
1636,-1.7944220304489136,0.0011565067106857896
1637,-1.8245559930801392,0.0011565061286091805
1638,-1.7794890403747559,0.0011565067106857896
1639,-1.7994890213012695,0.0011565061286091805
1640,-1.7642890214920044,0.001156506361439824
1641,-1.8096230030059814,0.0011565056629478931
1642,-1.7794890403747559,0.0011565049644559622
1643,-1.8645570278167725,0.001156502403318882
1644,-1.8096230030059814,0.0011565007735043764
1645,-1.8296229839324951,0.0011564989108592272
1646,-1.7744220495224,0.0011564991436898708
1647,-1.8394900560379028,0.0011564998421818018
1648,-1.769355058670044,0.0011565012391656637
1649,-1.8344229459762573,0.0011565012391656637
1650,-1.789355993270874,0.0011565019376575947
1651,-1.8144229650497437,0.0011565028689801693
1652,-1.7794890403747559,0.001156503800302744
1653,-1.8194890022277832,0.0011565042659640312
1654,-1.7642890214920044,0.0011565047316253185
1655,-1.8096230030059814,0.0011565042659640312
1656,-1.7642890214920044,0.0011565033346414566
1657,-1.8096230030059814,0.0011565019376575947
1658,-1.7944220304489136,0.0011564989108592272
1659,-1.8194890022277832,0.0011564979795366526
1660,-1.7994890213012695,0.0011564951855689287
1661,-1.8344229459762573,0.001156494370661676
1662,-1.7994890213012695,0.0011564939050003886
1663,-1.8245559930801392,0.001156493672169745
1664,-1.7744220495224,0.0011564947199076414
1665,-1.8194890022277832,0.001156494952738285
1666,-1.7794890403747559,0.0011564948363229632
1667,-1.8045560121536255,0.0011564933229237795
1668,-1.7845560312271118,0.0011564921587705612
1669,-1.8546899557113647,0.0011564907617866993
1670,-1.7794890403747559,0.0011564900632947683
1671,-1.8296229839324951,0.0011564887827262282
1672,-1.7994890213012695,0.0011564870364964008
1673,-1.8394900560379028,0.0011564864544197917
1674,-1.7544219493865967,0.0011564861051738262
1675,-1.8144229650497437,0.0011564858723431826
1676,-1.789355993270874,0.001156484242528677
1677,-1.7845560312271118,0.0011564812157303095
1678,-1.7794890403747559,0.001156472833827138
1679,-1.8394900560379028,0.00115645257756114
1680,-1.789355993270874,0.0011563985608518124
1681,-1.8245559930801392,0.0011563014704734087
1682,-1.7794890403747559,0.0011561093851923943
1683,-1.8296229839324951,0.001155794132500887
1684,-1.8144229650497437,0.0011553438380360603
1685,-1.8394900560379028,0.0011546473251655698
1686,-1.7493549585342407,0.0011535041267052293
1687,-1.8296229839324951,0.001151955220848322
1688,-1.8045560121536255,0.0011501542758196592
1689,-1.8344229459762573,0.0011483104899525642
1690,-1.8045560121536255,0.0011465339921414852
1691,-1.8394900560379028,0.0011448314180597663
1692,-1.789355993270874,0.0011429624864831567
1693,-1.8296229839324951,0.001140625448897481
1694,-1.789355993270874,0.0011384744429960847
1695,-1.7994890213012695,0.0011361769866198301
1696,-1.8144229650497437,0.001133736688643694
1697,-1.8394900560379028,0.0011311587877571583
1698,-1.8194890022277832,0.0011284678475931287
1699,-1.8144229650497437,0.0011257259175181389
1700,-1.7994890213012695,0.0011228283401578665
1701,-1.8194890022277832,0.001120071392506361
1702,-1.7944220304489136,0.0011169712524861097
1703,-1.8144229650497437,0.001113611739128828
1704,-1.769355058670044,0.0011103068245574832
1705,-1.8344229459762573,0.0011071024928241968
1706,-1.7845560312271118,0.0011033741757273674
1707,-1.8344229459762573,0.001099589979276061
1708,-1.789355993270874,0.0010963196400552988
1709,-1.8546899557113647,0.0010926604736596346
1710,-1.8144229650497437,0.0010891463607549667
1711,-1.8245559930801392,0.001085537951439619
1712,-1.7794890403747559,0.001082260743714869
1713,-1.8245559930801392,0.0010791851673275232
1714,-1.8096230030059814,0.0010759173892438412
1715,-1.8245559930801392,0.0010733159724622965
1716,-1.7744220495224,0.0010708157205954194
1717,-1.8245559930801392,0.0010690728668123484
1718,-1.789355993270874,0.0010670184856280684
1719,-1.8045560121536255,0.0010649303440004587
1720,-1.7994890213012695,0.0010627552401274443
1721,-1.8394900560379028,0.001060830894857645
1722,-1.7994890213012695,0.0010582178365439177
1723,-1.8344229459762573,0.0010559044312685728
1724,-1.789355993270874,0.0010525282705202699
1725,-1.8194890022277832,0.0010488397674635053
1726,-1.8096230030059814,0.0010445024818181992
1727,-1.8245559930801392,0.001041320851072669
1728,-1.7994890213012695,0.001037805457599461
1729,-1.8296229839324951,0.0010340772569179535
1730,-1.7994890213012695,0.001030735089443624
1731,-1.8245559930801392,0.001026122597977519
1732,-1.7845560312271118,0.0010219330433756113
1733,-1.8394900560379028,0.0010174005292356014
1734,-1.7944220304489136,0.0010112128220498562
1735,-1.8296229839324951,0.0010059436317533255
1736,-1.8045560121536255,0.000999628216959536
1737,-1.8096230030059814,0.0009938847506418824
1738,-1.7642890214920044,0.0009885712061077356
1739,-1.8394900560379028,0.0009814371587708592
1740,-1.7744220495224,0.000975965871475637
1741,-1.8245559930801392,0.0009700501104816794
1742,-1.7642890214920044,0.0009636615868657827
1743,-1.7994890213012695,0.0009579520556144416
1744,-1.7845560312271118,0.0009494649711996317
1745,-1.8394900560379028,0.000941203732509166
1746,-1.7744220495224,0.0009311980102211237
1747,-1.7845560312271118,0.0009200472268275917
1748,-1.7794890403747559,0.0009088191436603665
1749,-1.8144229650497437,0.0008973543881438673
1750,-1.7744220495224,0.0008861664100550115
1751,-1.7944220304489136,0.0008710252004675567
1752,-1.7642890214920044,0.0008553958614356816
1753,-1.8045560121536255,0.0008356206817552447
1754,-1.7845560312271118,0.0008068167371675372
1755,-1.8344229459762573,0.0007712271763011813
1756,-1.7794890403747559,0.0007262026192620397
1757,-1.8344229459762573,0.0006431479705497622
1758,-1.7794890403747559,0.0005916439695283771
1759,-1.8245559930801392,0.0005763231893070042
1760,-1.7744220495224,0.0005675283027812839
1761,-1.8245559930801392,0.0005591868539340794
1762,-1.789355993270874,0.0005508282338269055
1763,-1.8445559740066528,0.000542566878721118
1764,-1.7994890213012695,0.0005345697281882167
1765,-1.8344229459762573,0.0005267586093395948
1766,-1.789355993270874,0.0005187534261494875
1767,-1.8096230030059814,0.0005099702975712717
1768,-1.769355058670044,0.0005002327379770577
1769,-1.8496229648590088,0.0004901209031231701
1770,-1.8546899557113647,0.00048300239723175764
1771,-1.8546899557113647,0.0004764874465763569
1772,-1.7994890213012695,0.0004707244806922972
1773,-1.8645570278167725,0.00046538724564015865
1774,-1.6792210340499878,0.0004605941940099001
1775,-0.9029449820518494,0.00045576595584861934
1776,-0.1866690069437027,0.0003343213757034391
1777,-0.026399999856948853,0.0002979427226819098
1778,0.2890700101852417,0.00026952585903927684
1779,0.4994730055332184,0.0002509353798814118
1780,0.5896070003509521,0.00023667817004024982
1781,0.6848090291023254,0.00022663774143438786
1782,0.9552119970321655,0.00021587344235740602
1783,1.2957500219345093,0.00020651184604503214
1784,1.5160189867019653,0.00019884845823980868
1785,1.6261539459228516,0.00018944568000733852
1786,1.7314879894256592,0.00018310360610485077
1787,1.7264219522476196,0.00017747547826729715
1788,1.8314900398254395,0.00017143553122878075
1789,1.7914890050888062,0.0001677321270108223
1790,1.846690058708191,0.000164223529282026
1791,1.801622986793518,0.0001629878970561549
1792,1.856557011604309,0.0001620932889636606
1793,1.846690058708191,0.00016318191774189472
1794,1.8968240022659302,0.00016471673734486103
1795,1.8666900396347046,0.0001670041383476928
1796,1.8666900396347046,0.00016850302927196026
1797,1.8416229486465454,0.0001701097935438156
1798,1.851755976676941,0.0001718723215162754
1799,1.7864220142364502,0.0001724671310512349
1800,1.7864220142364502,0.00017251835379283875
1801,1.7864220142364502,0.00017155427485704422
1802,1.8066890239715576,0.0001699967251624912
1803,1.7664220333099365,0.0001677360851317644
1804,1.7714890241622925,0.0001648537872824818
1805,1.7264219522476196,0.00016245665028691292
1806,1.7714890241622925,0.0001601511612534523
1807,1.7616219520568848,0.0001588081067893654
1808,1.8114889860153198,0.00015786413860041648
1809,1.7365549802780151,0.00015732087194919586
1810,1.796555995941162,0.00015730489394627512
1811,1.7565549612045288,0.00015740236267447472
1812,1.7616219520568848,0.00015848790644668043
1813,1.7365549802780151,0.00015949030057527125
1814,1.7765560150146484,0.00016008495003916323
1815,1.7264219522476196,0.0001605090219527483
1816,1.781622052192688,0.0001618301757844165
1817,1.7264219522476196,0.00016357205458916724
1818,1.7365549802780151,0.00016494133160449564
1819,1.7114880084991455,0.0001678391417954117
1820,1.7616219520568848,0.000170135943335481
1821,1.7162879705429077,0.00017341093916911632
1822,1.7616219520568848,0.0001779096928657964
1823,1.7365549802780151,0.0001819780154619366
1824,1.7413549423217773,0.00018786024884320796
1825,1.7162879705429077,0.00019230638281442225
1826,1.7714890241622925,0.00019707079627551138
1827,1.7264219522476196,0.00020275721908546984
1828,1.7714890241622925,0.00020702315669041127
1829,1.7264219522476196,0.0002119257114827633
1830,1.7365549802780151,0.0002163546159863472
1831,1.696287989616394,0.00022063241340219975
1832,1.7464220523834229,0.0002281891502207145
1833,1.7213549613952637,0.00023455178597941995
1834,1.7616219520568848,0.0002441200485918671
1835,1.7064210176467896,0.00025281752459704876
1836,1.7714890241622925,0.0002621971070766449
1837,1.3458830118179321,0.0002720999182201922
1838,0.4944060146808624,0.00028388379723764956
1839,0.02346700057387352,0.00029791489941999316
1840,-0.12160199880599976,0.0003136249724775553
1841,-0.47227299213409424,0.0003397373075131327
1842,-0.58747398853302,0.00037246267311275005
1843,-0.7125419974327087,0.0004147498984821141
1844,-0.8026769757270813,0.0004740063159260899
1845,-1.1533479690551758,0.0005583014572039247
1846,-1.4538849592208862,0.0005780989886261523
1847,-1.6242870092391968,0.0005925192963331938
1848,-1.6741540431976318,0.0006034700782038271
1849,-1.7794890403747559,0.0006128118257038295
1850,-1.7944220304489136,0.0006219541537575424
1851,-1.8845570087432861,0.0006308882730081677
1852,-1.9045569896697998,0.0006386080058291554
1853,-1.9146909713745117,0.0006453786045312881
1854,-1.8794900178909302,0.0006524284253828228
1855,-1.8794900178909302,0.0006594730075448751
1856,-1.8997570276260376,0.0006672072922810912
1857,-1.9296239614486694,0.0006742015830241144
1858,-1.889623999595642,0.0006802314892411232
1859,-1.9296239614486694,0.0006861324072815478
1860,-1.8794900178909302,0.0006914096884429455
1861,-1.889623999595642,0.0006963860359974205
1862,-1.8496229648590088,0.0007009455584920943
1863,-1.9096239805221558,0.0007136741187423468
1864,-1.8645570278167725,0.0008038083906285465
1865,-1.8696229457855225,0.0008404061663895845
1866,-1.8296229839324951,0.0008694984717294574
1867,-1.8245559930801392,0.0008888063603080809
1868,-1.7944220304489136,0.0009032723028212786
1869,-1.8696229457855225,0.0009147507371380925
1870,-1.8245559930801392,0.0009274093899875879
1871,-1.8344229459762573,0.0009379056864418089
1872,-1.8045560121536255,0.0009477128041908145
1873,-1.8445559740066528,0.0009587474633008242
1874,-1.7794890403747559,0.0009670648723840714
1875,-1.8496229648590088,0.0009755672072060406
1876,-1.7845560312271118,0.0009833462536334991
1877,-1.7845560312271118,0.0009894822724163532
1878,-1.7642890214920044,0.0009959695162251592
1879,-1.8144229650497437,0.0010000469628721476
1880,-1.7642890214920044,0.0010036274325102568
1881,-1.8194890022277832,0.0010055419988930225
1882,-1.7544219493865967,0.001007231418043375
1883,-1.8144229650497437,0.0010085522662848234
1884,-1.7845560312271118,0.0010101184016093612
1885,-1.8245559930801392,0.00101229059509933
1886,-1.7994890213012695,0.0010142349638044834
1887,-1.8045560121536255,0.00101763557177037
1888,-1.7544219493865967,0.001020861673168838
1889,-1.8496229648590088,0.001025688019581139
1890,-1.7744220495224,0.0010301907313987613
1891,-1.8394900560379028,0.0010354089317843318
1892,-1.7744220495224,0.001040013274177909
1893,-1.8096230030059814,0.001044082804583013
1894,-1.7594890594482422,0.0010486140381544828
1895,-1.7944220304489136,0.001051715575158596
1896,-1.7544219493865967,0.0010547979036346078
1897,-1.7994890213012695,0.001057227491401136
1898,-1.7794890403747559,0.0010595978237688541
1899,-1.8096230030059814,0.001061930088326335
1900,-1.7794890403747559,0.0010648781899362803
1901,-1.7994890213012695,0.0010677475947886705
1902,-1.7744220495224,0.0010706896428018808
1903,-1.8245559930801392,0.0010733703384175897
1904,-1.7594890594482422,0.0010754413669928908
1905,-1.7944220304489136,0.0010771892266348004
1906,-1.7594890594482422,0.0010796133428812027
1907,-1.8245559930801392,0.0010819219751283526
1908,-1.7794890403747559,0.0010834925342351198
1909,-1.8344229459762573,0.0010851992992684245
1910,-1.7845560312271118,0.0010863335337489843
1911,-1.789355993270874,0.001087636686861515
1912,-1.7544219493865967,0.0010885319206863642
1913,-1.8296229839324951,0.001089315628632903
1914,-1.7642890214920044,0.00109014380723238
1915,-1.8045560121536255,0.0010909636039286852
1916,-1.7642890214920044,0.001092077000066638
1917,-1.8296229839324951,0.0010933526791632175
1918,-1.7744220495224,0.0010948360431939363
1919,-1.789355993270874,0.0010963242966681719
1920,-1.7744220495224,0.001097766449674964
1921,-1.8194890022277832,0.0010993352625519037
1922,-1.7744220495224,0.001100544584915042
1923,-1.8344229459762573,0.001102074165828526
1924,-1.7594890594482422,0.0011032992042601109
1925,-1.8245559930801392,0.0011046688305214047
1926,-1.7794890403747559,0.0011059846729040146
1927,-1.8245559930801392,0.0011072466149926186
1928,-1.7794890403747559,0.0011086789891123772
1929,-1.8496229648590088,0.0011098375543951988
1930,-1.7642890214920044,0.0011109255719929934
1931,-1.8194890022277832,0.0011117205722257495
1932,-1.769355058670044,0.001112365280278027
1933,-1.8045560121536255,0.0011129877530038357
1934,-1.7845560312271118,0.0011135373497381806
1935,-1.8245559930801392,0.0011139302514493465
1936,-1.7642890214920044,0.0011142038274556398
1937,-1.7794890403747559,0.0011144138406962156
1938,-1.7544219493865967,0.0011145793832838535
1939,-1.8344229459762573,0.0011146889301016927
1940,-1.7794890403747559,0.001114753307774663
1941,-1.8296229839324951,0.0011147952172905207
1942,-1.7642890214920044,0.0011148260673508048
1943,-1.8296229839324951,0.0011148466728627682
1944,-1.8144229650497437,0.0011148643679916859
1945,-1.8144229650497437,0.00111488439142704
1946,-1.8096230030059814,0.0011149048805236816
1947,-1.8394900560379028,0.0011149289784952998
1948,-1.7394880056381226,0.0011149487691000104
1949,-1.8194890022277832,0.0011149672791361809
1950,-1.7794890403747559,0.001114984042942524
1951,-1.8296229839324951,0.0011149980127811432
1952,-1.7944220304489136,0.0011150091886520386
1953,-1.7944220304489136,0.001115020364522934
1954,-1.7642890214920044,0.0011150308419018984
1955,-1.8394900560379028,0.001115038525313139
1956,-1.7642890214920044,0.0011150457430630922
1957,-1.789355993270874,0.0011150543577969074
1958,-1.7544219493865967,0.0011150595964863896
1959,-1.789355993270874,0.0011150648351758718
1960,-1.7845560312271118,0.0011150683276355267
1961,-1.8194890022277832,0.001115072751417756
1962,-1.769355058670044,0.0011150777572765946
1963,-1.7994890213012695,0.0011150829959660769
1964,-1.8194890022277832,0.001115085557103157
1965,-1.8394900560379028,0.0011150900973007083
1966,-1.7744220495224,0.0011150959180667996
1967,-1.8394900560379028,0.001115101738832891
1968,-1.7544219493865967,0.0011151082580909133
1969,-1.8194890022277832,0.001115111168473959
1970,-1.7794890403747559,0.0011151160579174757
1971,-1.8394900560379028,0.0011151226935908198
1972,-1.789355993270874,0.0011151309590786695
1973,-1.8394900560379028,0.0011151395738124847
1974,-1.7794890403747559,0.0011151486542075872
1975,-1.8394900560379028,0.0011151556391268969
1976,-1.7794890403747559,0.001115163555368781
1977,-1.8194890022277832,0.001115173101425171
1978,-1.769355058670044,0.0011151806684210896
1979,-1.8144229650497437,0.0011151899816468358
1980,-1.8045560121536255,0.0011151994112879038
1981,-1.8245559930801392,0.001115209306590259
1982,-1.7845560312271118,0.0011152175720781088
1983,-1.7994890213012695,0.0011152256047353148
1984,-1.7794890403747559,0.001115232240408659
1985,-1.8546899557113647,0.0011152385268360376
1986,-1.7642890214920044,0.0011152459774166346
1987,-1.8394900560379028,0.001115251798182726
1988,-1.8045560121536255,0.0011152592487633228
1989,-1.8394900560379028,0.0011152668157592416
1990,-1.7642890214920044,0.0011152757797390223
1991,-1.8394900560379028,0.0011152827646583319
1992,-1.789355993270874,0.001115290680900216
1993,-1.8096230030059814,0.0011152983643114567
1994,-1.7442879676818848,0.0011153053492307663
1995,-1.8245559930801392,0.001115312217734754
1996,-1.789355993270874,0.0011153186205774546
1997,-1.8594900369644165,0.0011153265368193388
1998,-1.7845560312271118,0.001115336548537016
1999,-1.8344229459762573,0.0011153463274240494
2000,-1.7944220304489136,0.0011153542436659336
2001,-1.8144229650497437,0.0011153616942465305
2002,-1.7744220495224,0.0011153697269037366
2003,-1.789355993270874,0.0011153777595609426
2004,-1.7442879676818848,0.0011153838131576777
2005,-1.8496229648590088,0.0011153874220326543
2006,-1.8045560121536255,0.0011153917293995619
2007,-1.7994890213012695,0.0011153977829962969
2008,-1.8144229650497437,0.0011154012754559517
2009,-1.7994890213012695,0.0011154041858389974
2010,-1.7994890213012695,0.0011154052335768938
2011,-1.8594900369644165,0.0011154086096212268
2012,-1.8096230030059814,0.001115412451326847
2013,-1.8344229459762573,0.0011154157109558582
2014,-1.8144229650497437,0.0011154189705848694
2015,-1.8394900560379028,0.0011154203675687313
2016,-1.8045560121536255,0.0011154217645525932
2017,-1.8344229459762573,0.0011154238600283861
2018,-1.7642890214920044,0.0011154249077662826
2019,-1.8245559930801392,0.0011154236271977425
2020,-1.7794890403747559,0.0011154214153066278
2021,-1.8594900369644165,0.001115418504923582
2022,-1.8144229650497437,0.0011154132662340999
2023,-1.8546899557113647,0.0011153959203511477
2024,-1.8096230030059814,0.001115343882702291
2025,-1.8296229839324951,0.001115249004215002
2026,-1.7994890213012695,0.0011150563368573785
2027,-1.8445559740066528,0.0011147261830046773
2028,-1.7994890213012695,0.0011142612202093005
2029,-1.8296229839324951,0.0011135049862787127
2030,-1.769355058670044,0.0011122868163511157
2031,-1.8445559740066528,0.0011106433812528849
2032,-1.7994890213012695,0.001108847325667739
2033,-1.8045560121536255,0.0011069753672927618
2034,-1.7642890214920044,0.0011052596382796764
2035,-1.8344229459762573,0.001103521091863513
2036,-1.789355993270874,0.0011015923228114843
2037,-1.8496229648590088,0.001099256332963705
2038,-1.7994890213012695,0.0010971117299050093
2039,-1.8394900560379028,0.0010946347611024976
2040,-1.8144229650497437,0.001092187943868339
2041,-1.8344229459762573,0.0010896202875301242
2042,-1.789355993270874,0.0010869050165638328
2043,-1.8296229839324951,0.0010842147748917341
2044,-1.7794890403747559,0.0010812953114509583
2045,-1.8045560121536255,0.0010785735212266445
2046,-1.8194890022277832,0.0010754028335213661
2047,-1.8496229648590088,0.001072061131708324
2048,-1.789355993270874,0.001068902900442481
2049,-1.8245559930801392,0.001065619639120996
2050,-1.7794890403747559,0.0010618835221976042
2051,-1.8296229839324951,0.0010583651019260287
2052,-1.8096230030059814,0.0010551252635195851
2053,-1.8194890022277832,0.0010515401372686028
2054,-1.7642890214920044,0.0010479597840458155
2055,-1.7994890213012695,0.0010444987565279007
2056,-1.8045560121536255,0.0010413695126771927
2057,-1.8245559930801392,0.0010382125619798899
2058,-1.7845560312271118,0.0010351527016609907
2059,-1.8394900560379028,0.0010325779439881444
2060,-1.7944220304489136,0.001030358369462192
2061,-1.8394900560379028,0.0010286665055900812
2062,-1.7845560312271118,0.0010263915173709393
2063,-1.8245559930801392,0.001024328637868166
2064,-1.7794890403747559,0.0010223225690424442
2065,-1.8496229648590088,0.0010202755220234394
2066,-1.789355993270874,0.00101785222068429
2067,-1.8144229650497437,0.0010154142510145903
2068,-1.789355993270874,0.0010116056073457003
2069,-1.8645570278167725,0.0010078172199428082
2070,-1.8296229839324951,0.001003894256427884
2071,-1.8096230030059814,0.0010007842211052775
2072,-1.7794890403747559,0.0009969808161258698
2073,-1.8696229457855225,0.0009934804402291775
2074,-1.8045560121536255,0.0009900103323161602
2075,-1.8045560121536255,0.000984904239885509
2076,-1.8245559930801392,0.0009808107279241085
2077,-1.8546899557113647,0.0009759801905602217
2078,-1.7994890213012695,0.0009701846865937114
2079,-1.8594900369644165,0.0009648939594626427
2080,-1.7642890214920044,0.0009580798796378076
2081,-1.8546899557113647,0.0009526735520921648
2082,-1.7845560312271118,0.0009471628000028431
2083,-1.8296229839324951,0.0009405838791280985
2084,-1.7642890214920044,0.0009353302884846926
2085,-1.8144229650497437,0.000929074885789305
2086,-1.7845560312271118,0.0009232586016878486
2087,-1.8194890022277832,0.0009173441794700921
2088,-1.7794890403747559,0.0009083732729777694
2089,-1.8144229650497437,0.0009002325823530555
2090,-1.769355058670044,0.0008894177153706551
2091,-1.8245559930801392,0.0008793212473392487
2092,-1.7944220304489136,0.0008686387445777655
2093,-1.8394900560379028,0.0008574619423598051
2094,-1.8245559930801392,0.0008442411781288683
2095,-1.8296229839324951,0.000828978547360748
2096,-1.7944220304489136,0.0008117746911011636
2097,-1.8045560121536255,0.0007844730280339718
2098,-1.789355993270874,0.000750661245547235
2099,-1.8245559930801392,0.0007075123721733689
2100,-1.7493549585342407,0.000647585024125874
2101,-1.8245559930801392,0.0005626649362966418
2102,-1.7744220495224,0.0005422736285254359
2103,-1.8496229648590088,0.0005274234572425485
2104,-1.7642890214920044,0.000516167376190424
2105,-1.8194890022277832,0.0005066032172180712
2106,-1.8144229650497437,0.0004972672322764993
2107,-1.8546899557113647,0.0004882046487182379
2108,-1.789355993270874,0.00048040502588264644
2109,-1.8194890022277832,0.00047358940355479717
2110,-1.8045560121536255,0.00046651088632643223
2111,-1.8394900560379028,0.0004594679339788854
2112,-1.789355993270874,0.0004517658962868154
2113,-1.8445559740066528,0.00044486409751698375
2114,-1.7994890213012695,0.0004390217363834381
2115,-1.8245559930801392,0.00043345140875317156
2116,-1.8296229839324951,0.00042866473086178303
2117,-1.8245559930801392,0.0004245452582836151
2118,-1.5341529846191406,0.00042129121720790863
2119,-0.6525409817695618,0.00041025521932169795
2120,-0.12160199880599976,0.00032191857462748885
2121,0.05866700038313866,0.0002872447366826236
2122,0.36427098512649536,0.00025984359672293067
2123,0.5144060254096985,0.0002423306868877262
2124,0.6245409846305847,0.00022997653286438435
2125,0.7597429752349854,0.0002208859659731388
2126,1.085347056388855,0.0002104130107909441
2127,1.3306829929351807,0.00020241674792487174
2128,1.5762859582901,0.00019512907601892948
2129,1.636286973953247,0.00018674033344723284
2130,1.7514890432357788,0.00018128233205061406
2131,1.7464220523834229,0.00017548927280586213
2132,1.8365559577941895,0.00017054527415893972
2133,1.801622986793518,0.00016725575551390648
2134,1.8616230487823486,0.00016414103447459638
2135,1.801622986793518,0.0001634939108043909
2136,1.851755976676941,0.00016306836914736778
2137,1.8066890239715576,0.00016462444909848273
2138,1.906690001487732,0.00016664744180161506
2139,1.856557011604309,0.00016870955005288124
2140,1.8717570304870605,0.00017051654867827892
2141,1.801622986793518,0.0001718270796118304
2142,1.8365559577941895,0.00017362057405989617
2143,1.8114889860153198,0.0001737221609801054
2144,1.8314900398254395,0.0001735182013362646
2145,1.7714890241622925,0.0001720879226922989
2146,1.8365559577941895,0.00017036870121955872
2147,1.7616219520568848,0.00016778979625087231
2148,1.7765560150146484,0.00016514956951141357
2149,1.7365549802780151,0.00016281451098620892
2150,1.8114889860153198,0.0001605660654604435
2151,1.7616219520568848,0.00015960315067786723
2152,1.8165559768676758,0.00015843092114664614
2153,1.7765560150146484,0.00015826080925762653
2154,1.8216229677200317,0.0001582020486239344
2155,1.7616219520568848,0.00015855752280913293
2156,1.7864220142364502,0.00015933695249259472
2157,1.7413549423217773,0.0001605114375706762
2158,1.801622986793518,0.00016114162281155586
2159,1.7413549423217773,0.0001616107765585184
2160,1.7914890050888062,0.00016379178850911558
2161,1.7314879894256592,0.0001653730869293213
2162,1.7514890432357788,0.00016670837067067623
2163,1.7765560150146484,0.0001691074576228857
2164,1.7714890241622925,0.00017166021279990673
2165,1.7213549613952637,0.00017526428564451635
2166,1.781622052192688,0.00017962566926144063
2167,1.7264219522476196,0.00018378059030510485
2168,1.7314879894256592,0.00018967417418025434
2169,1.7314879894256592,0.0001941233203979209
2170,1.7464220523834229,0.00019916419114451855
2171,1.70135498046875,0.00020443074754439294
2172,1.7464220523834229,0.00020865413534920663
2173,1.7264219522476196,0.00021427024330478162
2174,1.7616219520568848,0.00021835060033481568
2175,1.7314879894256592,0.00022339960560202599
2176,1.7565549612045288,0.00023042324755806476
2177,1.7264219522476196,0.00023724720813333988
2178,1.7314879894256592,0.0002475554938428104
2179,1.7413549423217773,0.0002565758768469095
2180,1.70135498046875,0.0002663413470145315
2181,1.090414047241211,0.0002759810886345804
2182,0.30907100439071655,0.0002878436353057623
2183,0.03359999880194664,0.0003016295377165079
2184,-0.2418700009584427,0.0003176433383487165
2185,-0.537339985370636,0.00034371059155091643
2186,-0.6125410199165344,0.0003763457643799484
2187,-0.7626760005950928,0.0004185991710983217
2188,-0.8829439878463745,0.000476580869872123
2189,-1.238415002822876,0.0005489900941029191
2190,-1.4840190410614014,0.0005704712239094079
2191,-1.6442869901657104,0.0005854094051755965
2192,-1.714421033859253,0.0005979368579573929
2193,-1.8144229650497437,0.0006099542370066047
2194,-1.8144229650497437,0.000622049905359745
2195,-1.9045569896697998,0.0006340243853628635
2196,-1.8845570087432861,0.0006434055394493043
2197,-1.9096239805221558,0.0006515225395560265
2198,-1.874690055847168,0.0006583886570297182
2199,-1.9197570085525513,0.0006652725278399885
2200,-1.9245569705963135,0.0006717212381772697
2201,-1.9045569896697998,0.0006788954488001764
2202,-1.8997570276260376,0.0006853616796433926
2203,-1.9296239614486694,0.0006910770898684859
2204,-1.8645570278167725,0.0006967060035094619
2205,-1.8645570278167725,0.0007020309567451477
2206,-1.8546899557113647,0.0007070736610330641
2207,-1.8696229457855225,0.0007478967891074717
2208,-1.8546899557113647,0.0008140214486047626
2209,-1.8997570276260376,0.0008452280890196562
2210,-1.8144229650497437,0.0008699132595211267
2211,-1.8645570278167725,0.0008878641529008746
2212,-1.8296229839324951,0.0009011180954985321
2213,-1.8496229648590088,0.0009128233650699258
2214,-1.7944220304489136,0.0009266366832889616
2215,-1.874690055847168,0.000936727796215564
2216,-1.8245559930801392,0.0009472836391068995
2217,-1.8296229839324951,0.0009573451825417578
2218,-1.8144229650497437,0.0009655569447204471
2219,-1.8546899557113647,0.0009746227879077196
2220,-1.7944220304489136,0.0009817775571718812
2221,-1.8194890022277832,0.000987953506410122
2222,-1.7994890213012695,0.0009937246795743704
2223,-1.8296229839324951,0.000997668132185936
2224,-1.7794890403747559,0.0010007250821217895
2225,-1.8144229650497437,0.0010026078671216965
2226,-1.7744220495224,0.0010040509514510632
2227,-1.7944220304489136,0.001005583442747593
2228,-1.7744220495224,0.001007188344374299
2229,-1.8245559930801392,0.0010091597214341164
2230,-1.789355993270874,0.0010113143362104893
2231,-1.8045560121536255,0.001014525769278407
2232,-1.7544219493865967,0.0010179446544498205
2233,-1.8296229839324951,0.001023037708364427
2234,-1.7544219493865967,0.001027554739266634
2235,-1.7994890213012695,0.0010331172961741686
2236,-1.7944220304489136,0.0010374835692346096
2237,-1.8144229650497437,0.0010416150325909257
2238,-1.7744220495224,0.001045741606503725
2239,-1.8245559930801392,0.0010487192776054144
2240,-1.7744220495224,0.0010518080089241266
2241,-1.8144229650497437,0.0010542114032432437
2242,-1.7744220495224,0.001056610606610775
2243,-1.7994890213012695,0.0010590129531919956
2244,-1.7594890594482422,0.0010618598898872733
2245,-1.8194890022277832,0.0010648437310010195
2246,-1.7744220495224,0.001067683333531022
2247,-1.8394900560379028,0.0010704463347792625
2248,-1.7544219493865967,0.001072392798960209
2249,-1.8045560121536255,0.001074190833605826
2250,-1.7493549585342407,0.0010764910839498043
2251,-1.8045560121536255,0.001078811939805746
2252,-1.7544219493865967,0.0010803185869008303
2253,-1.8245559930801392,0.001082046888768673
2254,-1.7493549585342407,0.0010831463150680065
2255,-1.8296229839324951,0.0010842792689800262
2256,-1.789355993270874,0.0010852210689336061
2257,-1.789355993270874,0.0010859286412596703
2258,-1.7744220495224,0.001086887437850237
2259,-1.8296229839324951,0.0010877083986997604
2260,-1.7744220495224,0.0010889964178204536
2261,-1.8144229650497437,0.0010902690701186657
2262,-1.7994890213012695,0.00109189935028553
2263,-1.8194890022277832,0.0010933323064818978
2264,-1.7744220495224,0.001094861887395382
2265,-1.8096230030059814,0.001096296706236899
2266,-1.7594890594482422,0.0010975251207128167
2267,-1.8045560121536255,0.0010991343297064304
2268,-1.7744220495224,0.0011003378313034773
2269,-1.8296229839324951,0.0011018107179552317
2270,-1.7794890403747559,0.0011030687019228935
2271,-1.8394900560379028,0.001104355207644403
2272,-1.7994890213012695,0.0011057010851800442
2273,-1.8296229839324951,0.001106820534914732
2274,-1.789355993270874,0.0011078567476943135
2275,-1.8496229648590088,0.0011086093727499247
2276,-1.7744220495224,0.0011092451168224216
2277,-1.8045560121536255,0.0011098544346168637
2278,-1.7594890594482422,0.001110352692194283
2279,-1.8045560121536255,0.0011107026366516948
2280,-1.7994890213012695,0.00111094256862998
2281,-1.8245559930801392,0.0011111365165561438
2282,-1.789355993270874,0.001111286343075335
2283,-1.8045560121536255,0.0011113823857158422
2284,-1.7744220495224,0.0011114379158243537
2285,-1.8096230030059814,0.001111476682126522
2286,-1.7994890213012695,0.0011115050874650478
2287,-1.8245559930801392,0.001111524412408471
2288,-1.734421968460083,0.001111538615077734
2289,-1.8296229839324951,0.001111556077376008
2290,-1.7845560312271118,0.0011115731904283166
2291,-1.8045560121536255,0.001111591118387878
2292,-1.7744220495224,0.0011116042733192444
2293,-1.7944220304489136,0.0011116177774965763
2294,-1.7794890403747559,0.0011116265086457133
2295,-1.8296229839324951,0.0011116336099803448
2296,-1.7594890594482422,0.0011116378009319305
2297,-1.8296229839324951,0.0011116394307464361
2298,-1.789355993270874,0.0011116391979157925
2299,-1.8394900560379028,0.0011116394307464361
2300,-1.7994890213012695,0.0011116393143311143
2301,-1.8045560121536255,0.0011116391979157925
2302,-1.7744220495224,0.0011116389650851488
2303,-1.8245559930801392,0.0011116382665932178
2304,-1.8194890022277832,0.0011116373352706432
2305,-1.8594900369644165,0.0011116387322545052
2306,-1.789355993270874,0.0011116384994238615
2307,-1.8445559740066528,0.0011116376845166087
2308,-1.7642890214920044,0.0011116364039480686
2309,-1.8296229839324951,0.0011116357054561377
2310,-1.7845560312271118,0.0011116355890408158
2311,-1.8045560121536255,0.0011116353562101722
2312,-1.7944220304489136,0.0011116350069642067
2313,-1.8096230030059814,0.0011116344248875976
2314,-1.8144229650497437,0.0011116346577182412
2315,-1.8144229650497437,0.0011116359382867813
2316,-1.7994890213012695,0.0011116375681012869
2317,-1.8144229650497437,0.0011116419918835163
2318,-1.7794890403747559,0.0011116447858512402
2319,-1.8245559930801392,0.0011116483947262168
2320,-1.7744220495224,0.0011116539826616645
2321,-1.8496229648590088,0.0011116587556898594
2322,-1.7442879676818848,0.0011116628302261233
2323,-1.7994890213012695,0.0011116655077785254
2324,-1.8144229650497437,0.001111669815145433
2325,-1.8344229459762573,0.001111673889681697
2326,-1.769355058670044,0.0011116772657260299
2327,-1.8194890022277832,0.0011116808746010065
2328,-1.7794890403747559,0.001111683901399374
2329,-1.8245559930801392,0.0011116864625364542
2330,-1.769355058670044,0.0011116883251816034
2331,-1.8445559740066528,0.0011116911191493273
2332,-1.7994890213012695,0.001111694029532373
2333,-1.8245559930801392,0.0011116971727460623
2334,-1.8045560121536255,0.00111170276068151
2335,-1.8445559740066528,0.001111708814278245
2336,-1.7944220304489136,0.0011117164976894855
2337,-1.7994890213012695,0.0011117233661934733
2338,-1.7744220495224,0.0011117290705442429
2339,-1.8194890022277832,0.0011117345420643687
2340,-1.7845560312271118,0.0011117381509393454
2341,-1.8445559740066528,0.0011117422254756093
2342,-1.7744220495224,0.0011117453686892986
2343,-1.8296229839324951,0.0011117496760562062
2344,-1.789355993270874,0.0011117530521005392
2345,-1.8296229839324951,0.001111755846068263
2346,-1.8096230030059814,0.0011117600370198488
2347,-1.8546899557113647,0.0011117651592940092
2348,-1.789355993270874,0.0011117730755358934
2349,-1.8096230030059814,0.0011117786634713411
2350,-1.7744220495224,0.001111782854422927
2351,-1.8096230030059814,0.0011117865797132254
2352,-1.8194890022277832,0.001111790188588202
2353,-1.8394900560379028,0.0011117924004793167
2354,-1.789355993270874,0.0011117940302938223
2355,-1.8245559930801392,0.0011117954272776842
2356,-1.7744220495224,0.0011117984540760517
2357,-1.8296229839324951,0.0011118013644590974
2358,-1.7944220304489136,0.0011118054389953613
2359,-1.8496229648590088,0.0011118100956082344
2360,-1.7794890403747559,0.0011118182446807623
2361,-1.8144229650497437,0.0011118254624307156
2362,-1.7642890214920044,0.0011118326801806688
2363,-1.8245559930801392,0.0011118368711322546
2364,-1.769355058670044,0.0011118408292531967
2365,-1.8546899557113647,0.0011118442052975297
2366,-1.8245559930801392,0.0011118382681161165
2367,-1.8496229648590088,0.0011118146358057857
2368,-1.8245559930801392,0.001111763995140791
2369,-1.8445559740066528,0.0011116545647382736
2370,-1.8096230030059814,0.001111446414142847
2371,-1.8394900560379028,0.0011110935593023896
2372,-1.8045560121536255,0.0011105837766081095
2373,-1.8546899557113647,0.0011097094975411892
2374,-1.7944220304489136,0.0011083887657150626
2375,-1.8045560121536255,0.0011066823499277234
2376,-1.7944220304489136,0.0011048727901652455
2377,-1.8546899557113647,0.0011029416928067803
2378,-1.7994890213012695,0.0011012441245839
2379,-1.8144229650497437,0.00109944271389395
2380,-1.7744220495224,0.0010973303578794003
2381,-1.8845570087432861,0.0010949467541649938
2382,-1.7944220304489136,0.0010927640832960606
2383,-1.8394900560379028,0.0010902679059654474
2384,-1.7794890403747559,0.0010877540335059166
2385,-1.8496229648590088,0.001085115596652031
2386,-1.8144229650497437,0.0010822612093761563
2387,-1.8296229839324951,0.001079558627679944
2388,-1.789355993270874,0.0010767308995127678
2389,-1.8645570278167725,0.0010738923447206616
2390,-1.7994890213012695,0.001070525380782783
2391,-1.8344229459762573,0.001067102886736393
2392,-1.8045560121536255,0.0010639537358656526
2393,-1.8245559930801392,0.0010604881681501865
2394,-1.769355058670044,0.0010567796416580677
2395,-1.8496229648590088,0.0010534020839259028
2396,-1.8045560121536255,0.0010500317439436913
2397,-1.8496229648590088,0.0010465540690347552
2398,-1.8144229650497437,0.0010428184177726507
2399,-1.8394900560379028,0.0010393215343356133
2400,-1.789355993270874,0.0010363028850406408
2401,-1.8194890022277832,0.0010329119395464659
2402,-1.8045560121536255,0.0010301340371370316
2403,-1.7994890213012695,0.0010275004897266626
2404,-1.7744220495224,0.001025539473630488
2405,-1.8045560121536255,0.001023810007609427
2406,-1.8045560121536255,0.0010215324582532048
2407,-1.8344229459762573,0.0010193991474807262
2408,-1.7794890403747559,0.0010174923809245229
2409,-1.8394900560379028,0.0010152384638786316
2410,-1.7994890213012695,0.0010129293659701943
2411,-1.8296229839324951,0.001010246924124658
2412,-1.7994890213012695,0.0010065240785479546
2413,-1.8296229839324951,0.001002485048957169
2414,-1.789355993270874,0.0009989156387746334
2415,-1.8296229839324951,0.000995771144516766
2416,-1.8045560121536255,0.000991521985270083
2417,-1.8296229839324951,0.0009881977457553148
2418,-1.789355993270874,0.0009844431187957525
2419,-1.8394900560379028,0.0009797406382858753
2420,-1.769355058670044,0.0009756201761774719
2421,-1.8496229648590088,0.0009703146643005311
2422,-1.7994890213012695,0.0009648228297010064
2423,-1.8144229650497437,0.0009593710419721901
2424,-1.789355993270874,0.00095258594956249
2425,-1.8344229459762573,0.0009473579120822251
2426,-1.7744220495224,0.0009414932574145496
2427,-1.8144229650497437,0.0009354121866635978
2428,-1.789355993270874,0.0009300811216235161
2429,-1.8296229839324951,0.0009231952717527747
2430,-1.7642890214920044,0.0009176363819278777
2431,-1.7845560312271118,0.0009111047256737947
2432,-1.8096230030059814,0.0009026440675370395
2433,-1.8045560121536255,0.0008942557033151388
2434,-1.7642890214920044,0.0008827411802485585
2435,-1.8245559930801392,0.0008721970370970666
2436,-1.8045560121536255,0.0008612117962911725
2437,-1.8496229648590088,0.0008502087439410388
2438,-1.789355993270874,0.0008370337309315801
2439,-1.8296229839324951,0.0008219884475693107
2440,-1.8045560121536255,0.000804545939899981
2441,-1.8445559740066528,0.0007773257093504071
2442,-1.789355993270874,0.0007436055457219481
2443,-1.7944220304489136,0.0007005604566074908
2444,-1.789355993270874,0.0006419364362955093
2445,-1.8296229839324951,0.0005689091049134731
2446,-1.8144229650497437,0.0005468817544169724
2447,-1.8245559930801392,0.0005315545131452382
2448,-1.7642890214920044,0.000518756452947855
2449,-1.8344229459762573,0.0005065341247245669
2450,-1.8096230030059814,0.0004942743689753115
2451,-1.8296229839324951,0.00048219296149909496
2452,-1.789355993270874,0.00047275173710659146
2453,-1.8194890022277832,0.0004646005982067436
2454,-1.7744220495224,0.0004577173385769129
2455,-1.8496229648590088,0.00045085925376042724
2456,-1.8144229650497437,0.0004444792284630239
2457,-1.8144229650497437,0.0004374427371658385
2458,-1.8045560121536255,0.0004312368982937187
2459,-1.8645570278167725,0.00042590679368004203
2460,-1.8045560121536255,0.00042085908353328705
2461,-1.8296229839324951,0.0004165110585745424
2462,-1.3637499809265137,0.0004128979053348303
2463,-0.5024060010910034,0.00037379973218776286
2464,-0.08160100132226944,0.00030945916660130024
2465,0.07360100001096725,0.000280067470157519
2466,0.4442720115184784,0.0002570422366261482
2467,0.5144060254096985,0.00024087875499390066
2468,0.6696079969406128,0.00022986569092608988
2469,0.7648100256919861,0.00022037490271031857
2470,1.085347056388855,0.0002087553293677047
2471,1.3909510374069214,0.00020111841149628162
2472,1.5762859582901,0.00019318284466862679
2473,1.646420955657959,0.00018579140305519104
2474,1.7314879894256592,0.00018036791880149394
2475,1.7514890432357788,0.000174086686456576
2476,1.846690058708191,0.0001697156112641096
2477,1.8165559768676758,0.00016648680320940912
2478,1.856557011604309,0.00016405936912633479
2479,1.801622986793518,0.0001634631771594286
2480,1.846690058708191,0.00016354450781363994
2481,1.8314900398254395,0.00016519270138815045
2482,1.8816239833831787,0.0001675160601735115
2483,1.8416229486465454,0.00016927593969739974
2484,1.8717570304870605,0.00017117112292908132
2485,1.8114889860153198,0.00017265656788367778
2486,1.8365559577941895,0.00017417539493180811
2487,1.781622052192688,0.00017446053971070796
2488,1.796555995941162,0.00017404733807779849
2489,1.7765560150146484,0.00017230173398274928
2490,1.8165559768676758,0.00017044428386725485
2491,1.7514890432357788,0.00016764372412580997
2492,1.7765560150146484,0.00016509555280208588
2493,1.7616219520568848,0.00016282475553452969
2494,1.796555995941162,0.00016083505761343986
2495,1.7514890432357788,0.00016012585547287017
2496,1.781622052192688,0.00015890209760982543
2497,1.7514890432357788,0.00015900927246548235
2498,1.801622986793518,0.00015887385234236717
2499,1.7413549423217773,0.00015942062600515783
2500,1.7616219520568848,0.00016022232011891901
2501,1.7162879705429077,0.00016156397759914398
2502,1.7714890241622925,0.00016202482220251113
2503,1.7714890241622925,0.00016254768706858158
2504,1.7714890241622925,0.00016463236534036696
2505,1.7213549613952637,0.00016611706814728677
2506,1.7464220523834229,0.0001680116110946983
2507,1.7264219522476196,0.00017004778783302754
2508,1.7616219520568848,0.00017284075147472322
2509,1.6914880275726318,0.00017716060392558575
2510,1.7565549612045288,0.00018134727724827826
2511,1.7162879705429077,0.00018602896307129413
2512,1.7565549612045288,0.00019120665092486888
2513,1.7064210176467896,0.0001956670603249222
2514,1.7864220142364502,0.0002011963224504143
2515,1.70135498046875,0.00020600335847120732
2516,1.7413549423217773,0.00021027945331297815
2517,1.7064210176467896,0.00021588694653473794
2518,1.781622052192688,0.0002197843714384362
2519,1.7314879894256592,0.0002258094900753349
2520,1.7664220333099365,0.00023252665414474905
2521,1.7162879705429077,0.000240310953813605
2522,1.7714890241622925,0.0002503228315617889
2523,1.7616219520568848,0.00025960663333535194
2524,1.6712210178375244,0.00026989326579496264
2525,0.9000110030174255,0.0002798144705593586
2526,0.2040030062198639,0.00029310878016985953
2527,-0.026399999856948853,0.0003071261162403971
2528,-0.30693700909614563,0.0003245184780098498
2529,-0.5824069976806641,0.00035310062230564654
2530,-0.642408013343811,0.0003857456613332033
2531,-0.7728099822998047,0.0004287653719075024
2532,-0.9730790257453918,0.0004981206730008125
2533,-1.3688169717788696,0.0005634515546262264
2534,-1.5341529846191406,0.0005837198696099222
2535,-1.6642869710922241,0.000597193546127528
2536,-1.7192209959030151,0.0006064381450414658
2537,-1.8194890022277832,0.0006150390254333615
2538,-1.8594900369644165,0.0006232322193682194
2539,-1.9197570085525513,0.000630533613730222
2540,-1.874690055847168,0.0006376109668053687
2541,-1.9296239614486694,0.000643937848508358
2542,-1.8496229648590088,0.0006506741628982127
2543,-1.9146909713745117,0.0006575384177267551
2544,-1.9045569896697998,0.0006636809557676315
2545,-1.9346909523010254,0.0006693898467347026
2546,-1.9045569896697998,0.0006746283615939319
2547,-1.8946900367736816,0.0006791978375986218
2548,-1.8594900369644165,0.0006827905308455229
2549,-1.8645570278167725,0.000686212326399982
2550,-1.8394900560379028,0.0006894076941534877
2551,-1.9045569896697998,0.0007853546412661672
2552,-1.8245559930801392,0.0008357035694643855
2553,-1.8845570087432861,0.0008654372068122029
2554,-1.8144229650497437,0.0008872225880622864
2555,-1.8546899557113647,0.0009040042641572654
2556,-1.8445559740066528,0.0009163824724964797
2557,-1.8696229457855225,0.0009283722611144185
2558,-1.7944220304489136,0.0009407502948306501
2559,-1.8445559740066528,0.000950620393268764
2560,-1.8445559740066528,0.0009618363110348582
2561,-1.8794900178909302,0.0009711477905511856
2562,-1.8445559740066528,0.0009793434292078018
2563,-1.8344229459762573,0.0009889903012663126
2564,-1.7994890213012695,0.0009956139838322997
2565,-1.8496229648590088,0.0010019800392910838
2566,-1.8245559930801392,0.0010069356067106128
2567,-1.8296229839324951,0.0010108462302014232
2568,-1.789355993270874,0.0010132865281775594
2569,-1.8496229648590088,0.0010152682662010193
2570,-1.7642890214920044,0.001016499474644661
2571,-1.8394900560379028,0.0010183798149228096
2572,-1.769355058670044,0.0010201625991612673
2573,-1.8144229650497437,0.0010219747200608253
2574,-1.8045560121536255,0.0010245224693790078
2575,-1.8045560121536255,0.001027591759338975
2576,-1.7944220304489136,0.001031400403007865
2577,-1.8445559740066528,0.0010361645836383104
2578,-1.769355058670044,0.0010408372618258
2579,-1.8394900560379028,0.001046349061653018
2580,-1.7794890403747559,0.0010504985693842173
2581,-1.8445559740066528,0.0010548309655860066
2582,-1.7642890214920044,0.0010584762785583735
2583,-1.8496229648590088,0.0010613882914185524
2584,-1.7994890213012695,0.0010641405824571848
2585,-1.8245559930801392,0.0010665806476026773
2586,-1.7994890213012695,0.0010689636692404747
2587,-1.8144229650497437,0.0010715276002883911
2588,-1.7642890214920044,0.0010743036400526762
2589,-1.8144229650497437,0.0010775460395962
2590,-1.7744220495224,0.0010802662000060081
2591,-1.8194890022277832,0.0010830151150003076
2592,-1.789355993270874,0.0010848324745893478
2593,-1.8144229650497437,0.001086814096197486
2594,-1.7944220304489136,0.00108905672095716
2595,-1.8344229459762573,0.0010910033015534282
2596,-1.7642890214920044,0.0010924976086243987
2597,-1.8096230030059814,0.001093922182917595
2598,-1.7744220495224,0.0010950579307973385
2599,-1.8394900560379028,0.0010960313957184553
2600,-1.8144229650497437,0.0010971245355904102
2601,-1.8194890022277832,0.0010978220961987972
2602,-1.7544219493865967,0.001098778797313571
2603,-1.8344229459762573,0.001099662040360272
2604,-1.7794890403747559,0.0011010882444679737
2605,-1.8144229650497437,0.001102392328903079
2606,-1.8045560121536255,0.001104164170101285
2607,-1.8496229648590088,0.0011055596405640244
2608,-1.8194890022277832,0.0011072246124967933
2609,-1.8296229839324951,0.0011085307924076915
2610,-1.7845560312271118,0.0011098249815404415
2611,-1.8144229650497437,0.0011112448992207646
2612,-1.8045560121536255,0.0011124636512249708
2613,-1.7994890213012695,0.0011140592396259308
2614,-1.7794890403747559,0.001115276594646275
2615,-1.7994890213012695,0.001116656931117177
2616,-1.7794890403747559,0.0011179152643308043
2617,-1.8496229648590088,0.0011190131772309542
2618,-1.7744220495224,0.0011199592845514417
2619,-1.8194890022277832,0.0011206797789782286
2620,-1.7994890213012695,0.0011213140096515417
2621,-1.8194890022277832,0.001121944165788591
2622,-1.769355058670044,0.001122425775974989
2623,-1.8496229648590088,0.0011227664072066545
2624,-1.8245559930801392,0.0011230011004954576
2625,-1.8194890022277832,0.0011231924872845411
2626,-1.7944220304489136,0.0011233323020860553
2627,-1.7994890213012695,0.001123420661315322
2628,-1.7944220304489136,0.0011234678095206618
2629,-1.8546899557113647,0.0011235038982704282
2630,-1.789355993270874,0.001123526832088828
2631,-1.8296229839324951,0.0011235419660806656
2632,-1.8245559930801392,0.00112355244345963
2633,-1.8546899557113647,0.0011235619895160198
2634,-1.7394880056381226,0.0011235747952014208
2635,-1.8194890022277832,0.0011235922574996948
2636,-1.789355993270874,0.001123602851293981
2637,-1.8144229650497437,0.0011236108839511871
2638,-1.7744220495224,0.0011236169375479221
2639,-1.8296229839324951,0.0011236213613301516
2640,-1.7794890403747559,0.0011236225254833698
2641,-1.7944220304489136,0.0011236213613301516
2642,-1.7794890403747559,0.0011236188001930714
2643,-1.8245559930801392,0.0011236158898100257
2644,-1.7642890214920044,0.0011236113496124744
2645,-1.8194890022277832,0.0011236065765842795
2646,-1.7845560312271118,0.0011236036662012339
2647,-1.8045560121536255,0.0011235980782657862
2648,-1.7594890594482422,0.0011235916754230857
2649,-1.8245559930801392,0.0011235857382416725
2650,-1.7493549585342407,0.0011235799174755812
2651,-1.8296229839324951,0.001123572001233697
2652,-1.8045560121536255,0.0011235661804676056
2653,-1.8496229648590088,0.0011235603597015142
2654,-1.8144229650497437,0.001123558497056365
2655,-1.8096230030059814,0.001123557798564434
2656,-1.7744220495224,0.001123559195548296
2657,-1.8245559930801392,0.0011235580313950777
2658,-1.7744220495224,0.0011235573329031467
2659,-1.8144229650497437,0.0011235560523346066
2660,-1.7744220495224,0.0011235568672418594
2661,-1.8245559930801392,0.001123556517995894
2662,-1.7794890403747559,0.0011235547717660666
2663,-1.8546899557113647,0.0011235529091209173
2664,-1.8045560121536255,0.0011235529091209173
2665,-1.8144229650497437,0.0011235516285523772
2666,-1.7944220304489136,0.0011235519777983427
2667,-1.8344229459762573,0.0011235522106289864
2668,-1.789355993270874,0.0011235550045967102
2669,-1.8194890022277832,0.0011235579149797559
2670,-1.8045560121536255,0.0011235621059313416
2671,-1.8296229839324951,0.001123565947636962
2672,-1.7493549585342407,0.0011235711863264441
2673,-1.8296229839324951,0.0011235740967094898
2674,-1.789355993270874,0.0011235745623707771
2675,-1.8394900560379028,0.0011235747952014208
2676,-1.769355058670044,0.001123578054830432
2677,-1.8344229459762573,0.0011235785204917192
2678,-1.7944220304489136,0.0011235804995521903
2679,-1.8445559740066528,0.001123581314459443
2680,-1.7642890214920044,0.0011235837591812015
2681,-1.8546899557113647,0.001123584806919098
2682,-1.769355058670044,0.001123584806919098
2683,-1.8296229839324951,0.001123582711443305
2684,-1.7944220304489136,0.0011235808487981558
2685,-1.8045560121536255,0.0011235789861530066
2686,-1.8144229650497437,0.0011235775891691446
2687,-1.8445559740066528,0.001123575260862708
2688,-1.7994890213012695,0.0011235718848183751
2689,-1.8144229650497437,0.0011235701385885477
2690,-1.7845560312271118,0.001123569207265973
2691,-1.8045560121536255,0.0011235668789595366
2692,-1.8144229650497437,0.0011235635029152036
2693,-1.8296229839324951,0.0011235612910240889
2694,-1.8045560121536255,0.0011235603597015142
2695,-1.8296229839324951,0.0011235603597015142
2696,-1.7944220304489136,0.0011235589627176523
2697,-1.8496229648590088,0.0011235564015805721
2698,-1.7845560312271118,0.001123554422520101
2699,-1.8594900369644165,0.0011235526762902737
2700,-1.8245559930801392,0.0011235519777983427
2701,-1.8445559740066528,0.0011235501151531935
2702,-1.789355993270874,0.0011235488345846534
2703,-1.8394900560379028,0.0011235475540161133
2704,-1.7944220304489136,0.0011235461570322514
2705,-1.8296229839324951,0.0011235441779717803
2706,-1.789355993270874,0.001123543712310493
2707,-1.8496229648590088,0.0011235442943871021
2708,-1.7994890213012695,0.0011235431302338839
2709,-1.8296229839324951,0.00112354033626616
2710,-1.789355993270874,0.0011235317215323448
2711,-1.7944220304489136,0.0011234910925850272
2712,-1.789355993270874,0.0011234094854444265
2713,-1.8245559930801392,0.0011232543038204312
2714,-1.7944220304489136,0.0011229756055399776
2715,-1.8496229648590088,0.0011225702473893762
2716,-1.7944220304489136,0.0011219712905585766
2717,-1.8344229459762573,0.001120976870879531
2718,-1.8194890022277832,0.0011195328552275896
2719,-1.8245559930801392,0.0011177959386259317
2720,-1.7944220304489136,0.0011160046560689807
2721,-1.8344229459762573,0.0011141833383589983
2722,-1.7794890403747559,0.0011125169694423676
2723,-1.8394900560379028,0.0011107251048088074
2724,-1.7994890213012695,0.0011084802681580186
2725,-1.8296229839324951,0.0011062632547691464
2726,-1.789355993270874,0.0011040677782148123
2727,-1.8296229839324951,0.0011016124626621604
2728,-1.8144229650497437,0.0010989902075380087
2729,-1.8445559740066528,0.0010963201057165861
2730,-1.8194890022277832,0.0010935318423435092
2731,-1.8496229648590088,0.0010907480027526617
2732,-1.8045560121536255,0.0010879661422222853
2733,-1.8546899557113647,0.0010850192047655582
2734,-1.7442879676818848,0.0010816759895533323
2735,-1.8245559930801392,0.001078328350558877
2736,-1.7994890213012695,0.001075188396498561
2737,-1.8344229459762573,0.0010716572869569063
2738,-1.7944220304489136,0.001067889854311943
2739,-1.8394900560379028,0.001064596581272781
2740,-1.7744220495224,0.0010610924800857902
2741,-1.8144229650497437,0.0010576319182291627
2742,-1.8045560121536255,0.0010539537761360407
2743,-1.8194890022277832,0.0010504534002393484
2744,-1.7845560312271118,0.0010474417358636856
2745,-1.8296229839324951,0.0010440873447805643
2746,-1.7794890403747559,0.0010414214339107275
2747,-1.8144229650497437,0.0010386527283117175
2748,-1.7994890213012695,0.0010368269868195057
2749,-1.8394900560379028,0.0010349582880735397
2750,-1.789355993270874,0.001032813685014844
2751,-1.8296229839324951,0.0010305385803803802
2752,-1.7744220495224,0.0010286663891747594
2753,-1.8394900560379028,0.001026149489916861
2754,-1.789355993270874,0.0010238786926493049
2755,-1.8645570278167725,0.0010209244210273027
2756,-1.8045560121536255,0.0010172683978453279
2757,-1.8496229648590088,0.0010129348374903202
2758,-1.8096230030059814,0.0010096251498907804
2759,-1.8496229648590088,0.0010063309455290437
2760,-1.8296229839324951,0.0010022905189543962
2761,-1.8645570278167725,0.0009989996906369925
2762,-1.8194890022277832,0.0009947973303496838
2763,-1.8394900560379028,0.0009904340840876102
2764,-1.8045560121536255,0.0009861285798251629
2765,-1.8496229648590088,0.0009800740517675877
2766,-1.7944220304489136,0.0009747800067998469
2767,-1.8194890022277832,0.0009689575526863337
2768,-1.8096230030059814,0.0009628311381675303
2769,-1.8496229648590088,0.0009576566517353058
2770,-1.7744220495224,0.0009511609096080065
2771,-1.8096230030059814,0.0009455266408622265
2772,-1.8045560121536255,0.0009399563423357904
2773,-1.8245559930801392,0.0009330728789791465
2774,-1.7794890403747559,0.0009275401826016605
2775,-1.8245559930801392,0.0009200777276419103
2776,-1.7994890213012695,0.0009118275484070182
2777,-1.8245559930801392,0.0009026054758578539
2778,-1.7642890214920044,0.0008913627825677395
2779,-1.8344229459762573,0.0008804666576907039
2780,-1.789355993270874,0.0008689727401360869
2781,-1.8546899557113647,0.0008575766114518046
2782,-1.7544219493865967,0.0008430209709331393
2783,-1.8394900560379028,0.000827712588943541
2784,-1.789355993270874,0.0008089694892987609
2785,-1.8296229839324951,0.0007792637916281819
2786,-1.8045560121536255,0.0007455797167494893
2787,-1.8794900178909302,0.0007018066244199872
2788,-1.8144229650497437,0.0006318148807622492
2789,-1.8296229839324951,0.0005658736918121576
2790,-1.7594890594482422,0.0005451064789667726
2791,-1.8245559930801392,0.0005312805296853185
2792,-1.789355993270874,0.0005217937286943197
2793,-1.8344229459762573,0.0005129972705617547
2794,-1.7944220304489136,0.0005046525038778782
2795,-1.8344229459762573,0.0004972526803612709
2796,-1.8045560121536255,0.0004901178181171417
2797,-1.7994890213012695,0.0004837526357732713
2798,-1.7794890403747559,0.0004770033119712025
2799,-1.874690055847168,0.0004701628349721432
2800,-1.789355993270874,0.0004640962870325893
2801,-1.8045560121536255,0.0004585475253406912
2802,-1.8245559930801392,0.00045360447256825864
2803,-1.8344229459762573,0.0004494598542805761
2804,-1.7994890213012695,0.00044654301018454134
2805,-1.7994890213012695,0.0004442277713678777
2806,-1.1584140062332153,0.0004426097439136356
2807,-0.3520039916038513,0.0003484628105070442
2808,-0.0013330000219866633,0.00029995813383720815
2809,0.15893499553203583,0.0002720069023780525
2810,0.504272997379303,0.00025192671455442905
2811,0.5394729971885681,0.0002369970898143947
2812,0.7397429943084717,0.00022694244398735464
2813,0.8749439716339111,0.00021713515161536634
2814,1.2256150245666504,0.00020710317767225206
2815,1.4610849618911743,0.00019966524268966168
2816,1.646420955657959,0.000191017214092426
2817,1.6512210369110107,0.0001843685022322461
2818,1.7114880084991455,0.00017889651644509286
2819,1.801622986793518,0.00017212673265021294
2820,1.8314900398254395,0.0001682556903688237
2821,1.8266890048980713,0.0001649692130740732
2822,1.846690058708191,0.00016334265819750726
2823,1.8066890239715576,0.00016270081687252969
2824,1.856557011604309,0.0001634662039577961
2825,1.851755976676941,0.00016517883341293782
2826,1.8866900205612183,0.00016768951900303364
2827,1.8314900398254395,0.0001690246572252363
2828,1.846690058708191,0.00017092509369831532
2829,1.8114889860153198,0.00017260698950849473
2830,1.8365559577941895,0.0001736735866870731
2831,1.7914890050888062,0.00017387901607435197
2832,1.8266890048980713,0.0001731275988277048
2833,1.781622052192688,0.0001716197730274871
2834,1.8165559768676758,0.00016951894212979823
2835,1.7464220523834229,0.0001665374729782343
2836,1.8066890239715576,0.00016410151147283614
2837,1.7314879894256592,0.00016177180805243552
2838,1.796555995941162,0.00016018064343370497
2839,1.7765560150146484,0.00015943714242894202
2840,1.7864220142364502,0.0001585991121828556
2841,1.7464220523834229,0.00015877427358645946
2842,1.7714890241622925,0.0001587044243933633
2843,1.7616219520568848,0.00015950047236401588
2844,1.7765560150146484,0.0001604176068212837
2845,1.7213549613952637,0.00016154084005393088
2846,1.7914890050888062,0.00016199371020775288
2847,1.7264219522476196,0.00016272379434667528
2848,1.7714890241622925,0.00016463478095829487
2849,1.7064210176467896,0.0001659812405705452
2850,1.7464220523834229,0.00016832670371513814
2851,1.7162879705429077,0.0001705714239506051
2852,1.7616219520568848,0.0001736194099066779
2853,1.7162879705429077,0.00017836899496614933
2854,1.7664220333099365,0.00018248241394758224
2855,1.7064210176467896,0.00018781423568725586
2856,1.796555995941162,0.0001923653035191819
2857,1.7314879894256592,0.0001969653385458514
2858,1.7664220333099365,0.0002031580952461809
2859,1.696287989616394,0.00020766505622304976
2860,1.7514890432357788,0.00021216660388745368
2861,1.7365549802780151,0.00021717030904255807
2862,1.781622052192688,0.00022108294069766998
2863,1.7264219522476196,0.0002281605266034603
2864,1.7514890432357788,0.00023462506942451
2865,1.7264219522476196,0.00024345780548173934
2866,1.7864220142364502,0.000253020174568519
2867,1.7514890432357788,0.0002624302578624338
2868,1.5160189867019653,0.000272543344181031
2869,0.6146739721298218,0.0002827695570886135
2870,0.12373500317335129,0.0002977498807013035
2871,-0.13680200278759003,0.00031249254243448377
2872,-0.3520039916038513,0.00033260430791415274
2873,-0.58747398853302,0.00036669132532551885
2874,-0.637607991695404,0.00040230160811915994
2875,-0.8277440071105957,0.00045317155309021473
2876,-1.0282800197601318,0.0005398058565333486
2877,-1.4237509965896606,0.0005807195557281375
2878,-1.574152946472168,0.0005965346936136484
2879,-1.7042880058288574,0.00060598662821576
2880,-1.7493549585342407,0.0006144666112959385
2881,-1.8394900560379028,0.0006240899092517793
2882,-1.8245559930801392,0.000633776537142694
2883,-1.944823980331421,0.0006442824960686266
2884,-1.8496229648590088,0.0006530965911224484
2885,-1.8845570087432861,0.0006624628440476954
2886,-1.9096239805221558,0.0006718306103721261
2887,-1.9296239614486694,0.0006825134041719139
2888,-1.8794900178909302,0.0006918287836015224
2889,-1.949623942375183,0.0007018060423433781
2890,-1.9197570085525513,0.0007089922437444329
2891,-1.9146909713745117,0.0007152757607400417
2892,-1.8645570278167725,0.0007200993713922799
2893,-1.8645570278167725,0.0007245217566378415
2894,-1.8546899557113647,0.0007289856439456344
2895,-1.8997570276260376,0.0008536347886547446
2896,-1.8344229459762573,0.0008980772690847516
2897,-1.8696229457855225,0.000927392509765923
2898,-1.8296229839324951,0.0009480756125412881
2899,-1.8445559740066528,0.0009642934892326593
2900,-1.8245559930801392,0.0009763774578459561
2901,-1.8997570276260376,0.0009887074120342731
2902,-1.8045560121536255,0.0010000064503401518
2903,-1.8645570278167725,0.0010098228231072426
2904,-1.8194890022277832,0.0010218023089691997
2905,-1.8594900369644165,0.0010306297335773706
2906,-1.8045560121536255,0.0010389757808297873
2907,-1.8645570278167725,0.0010476837633177638
2908,-1.7944220304489136,0.0010540005750954151
2909,-1.8394900560379028,0.0010607008589431643
2910,-1.789355993270874,0.0010652013588696718
2911,-1.8496229648590088,0.0010692373616620898
2912,-1.7845560312271118,0.0010713891824707389
2913,-1.8245559930801392,0.0010735881514847279
2914,-1.789355993270874,0.0010747993364930153
2915,-1.8245559930801392,0.0010765115730464458
2916,-1.7744220495224,0.0010785131016746163
2917,-1.8245559930801392,0.0010803279001265764
2918,-1.7994890213012695,0.0010832705302163959
2919,-1.8194890022277832,0.001086361357010901
2920,-1.8296229839324951,0.0010905858362093568
2921,-1.8045560121536255,0.0010951957665383816
2922,-1.7744220495224,0.0011000726372003555
2923,-1.7845560312271118,0.0011051580077037215
2924,-1.7642890214920044,0.0011092302156612277
2925,-1.8296229839324951,0.0011138091795146465
2926,-1.7794890403747559,0.0011171613587066531
2927,-1.8045560121536255,0.00112009362783283
2928,-1.7744220495224,0.0011226922506466508
2929,-1.8245559930801392,0.0011251091491430998
2930,-1.7744220495224,0.0011274679563939571
2931,-1.7994890213012695,0.001130242832005024
2932,-1.7794890403747559,0.0011330231791362166
2933,-1.8296229839324951,0.001136326463893056
2934,-1.7744220495224,0.001139019150286913
2935,-1.7994890213012695,0.0011415020562708378
2936,-1.8144229650497437,0.001143263652920723
2937,-1.8546899557113647,0.0011454075574874878
2938,-1.7794890403747559,0.0011476424988359213
2939,-1.8245559930801392,0.0011494274949654937
2940,-1.7642890214920044,0.0011509759351611137
2941,-1.8394900560379028,0.0011522744316607714
2942,-1.7994890213012695,0.0011534879449754953
2943,-1.874690055847168,0.0011544080916792154
2944,-1.789355993270874,0.0011553496588021517
2945,-1.8245559930801392,0.001156073878519237
2946,-1.789355993270874,0.001156950369477272
2947,-1.8144229650497437,0.0011579152196645737
2948,-1.7794890403747559,0.0011592628434300423
2949,-1.8496229648590088,0.001160630490630865
2950,-1.7744220495224,0.0011622565798461437
2951,-1.8296229839324951,0.0011636569397524
2952,-1.7744220495224,0.001165446126833558
2953,-1.8645570278167725,0.001166701316833496
2954,-1.789355993270874,0.0011680794414132833
2955,-1.8445559740066528,0.0011694114655256271
2956,-1.789355993270874,0.0011706806253641844
2957,-1.8344229459762573,0.001172150718048215
2958,-1.8194890022277832,0.001173374941572547
2959,-1.8645570278167725,0.001174843404442072
2960,-1.7744220495224,0.0011760371271520853
2961,-1.8144229650497437,0.0011771174613386393
2962,-1.7744220495224,0.0011779998894780874
2963,-1.8296229839324951,0.0011786893010139465
2964,-1.7794890403747559,0.001179319922812283
2965,-1.8144229650497437,0.0011799463536590338
2966,-1.789355993270874,0.0011803887318819761
2967,-1.8445559740066528,0.0011806936236098409
2968,-1.8096230030059814,0.0011809079442173243
2969,-1.8144229650497437,0.0011810949072241783
2970,-1.8045560121536255,0.0011812200536951423
2971,-1.8445559740066528,0.0011813017772510648
2972,-1.7994890213012695,0.0011813542805612087
2973,-1.8245559930801392,0.0011813935125246644
2974,-1.7845560312271118,0.0011814143508672714
2975,-1.7994890213012695,0.0011814312310889363
2976,-1.7642890214920044,0.0011814481113106012
2977,-1.8496229648590088,0.0011814679019153118
2978,-1.789355993270874,0.0011814860627055168
2979,-1.8096230030059814,0.0011815032921731472
2980,-1.7642890214920044,0.0011815144680440426
2981,-1.8394900560379028,0.0011815248290076852
2982,-1.7493549585342407,0.0011815337929874659
2983,-1.8344229459762573,0.0011815412435680628
2984,-1.7794890403747559,0.0011815479956567287
2985,-1.7994890213012695,0.0011815524194389582
2986,-1.7794890403747559,0.0011815546313300729
2987,-1.8245559930801392,0.0011815548641607165
2988,-1.7744220495224,0.00118155381642282
2989,-1.7994890213012695,0.0011815519537776709
2990,-1.7794890403747559,0.0011815486941486597
2991,-1.8296229839324951,0.0011815472971647978
2992,-1.7544219493865967,0.0011815460165962577
2993,-1.8394900560379028,0.0011815421748906374
2994,-1.7994890213012695,0.0011815396137535572
2995,-1.8045560121536255,0.0011815368197858334
2996,-1.7642890214920044,0.0011815351899713278
2997,-1.8344229459762573,0.001181532279588282
2998,-1.7794890403747559,0.001181530999019742
2999,-1.8296229839324951,0.001181527622975409
3000,-1.8194890022277832,0.001181525643914938
3001,-1.8045560121536255,0.0011815251782536507
3002,-1.7944220304489136,0.0011815255274996161
3003,-1.8296229839324951,0.0011815254110842943
3004,-1.8144229650497437,0.001181526225991547
3005,-1.8496229648590088,0.0011815272737294436
3006,-1.7944220304489136,0.0011815289035439491
3007,-1.8496229648590088,0.001181529718451202
3008,-1.7845560312271118,0.0011815311154350638
3009,-1.8496229648590088,0.0011815319303423166
3010,-1.8045560121536255,0.001181532978080213
3011,-1.8546899557113647,0.0011815328616648912
3012,-1.7944220304489136,0.0011815361212939024
3013,-1.8194890022277832,0.0011815386824309826
3014,-1.8096230030059814,0.0011815407779067755
3015,-1.8546899557113647,0.0011815447360277176
3016,-1.789355993270874,0.001181550556793809
3017,-1.8045560121536255,0.0011815563775599003
3018,-1.789355993270874,0.0011815616162493825
3019,-1.7994890213012695,0.0011815656907856464
3020,-1.7994890213012695,0.0011815684847533703
3021,-1.8296229839324951,0.0011815724428743124
3022,-1.7794890403747559,0.00118157546967268
3023,-1.8344229459762573,0.0011815759353339672
3024,-1.7794890403747559,0.0011815775651484728
3025,-1.8296229839324951,0.0011815772159025073
3026,-1.7794890403747559,0.0011815793113783002
3027,-1.8645570278167725,0.001181580126285553
3028,-1.8045560121536255,0.0011815822217613459
3029,-1.874690055847168,0.0011815825710073113
3030,-1.7994890213012695,0.0011815862962976098
3031,-1.8296229839324951,0.0011815880425274372
3032,-1.7794890403747559,0.0011815893230959773
3033,-1.8344229459762573,0.0011815899051725864
3034,-1.7944220304489136,0.0011815893230959773
3035,-1.8296229839324951,0.0011815889738500118
3036,-1.8096230030059814,0.0011815896723419428
3037,-1.8245559930801392,0.0011815879261121154
3038,-1.8245559930801392,0.001181586878374219
3039,-1.8645570278167725,0.001181586878374219
3040,-1.7994890213012695,0.0011815887410193682
3041,-1.8344229459762573,0.0011815906036645174
3042,-1.7744220495224,0.001181592931970954
3043,-1.8445559740066528,0.0011815925827249885
3044,-1.7845560312271118,0.0011815940961241722
3045,-1.8296229839324951,0.0011815943289548159
3046,-1.789355993270874,0.0011815931648015976
3047,-1.8394900560379028,0.0011815926991403103
3048,-1.8096230030059814,0.0011815918842330575
3049,-1.8546899557113647,0.0011815906036645174
3050,-1.7994890213012695,0.0011815911857411265
3051,-1.8496229648590088,0.0011815913021564484
3052,-1.8045560121536255,0.0011815903708338737
3053,-1.8144229650497437,0.0011815885081887245
3054,-1.7794890403747559,0.0011815698817372322
3055,-1.8546899557113647,0.001181524945423007
3056,-1.7944220304489136,0.0011814329773187637
3057,-1.8194890022277832,0.00118125113658607
3058,-1.8096230030059814,0.0011809354182332754
3059,-1.8245559930801392,0.001180489780381322
3060,-1.7845560312271118,0.0011797978077083826
3061,-1.8245559930801392,0.0011786750983446836
3062,-1.7794890403747559,0.0011770871933549643
3063,-1.8245559930801392,0.0011752764694392681
3064,-1.789355993270874,0.0011734243016690016
3065,-1.8296229839324951,0.0011716377921402454
3066,-1.7744220495224,0.0011699290480464697
3067,-1.8394900560379028,0.001168074319139123
3068,-1.789355993270874,0.0011657499708235264
3069,-1.8546899557113647,0.001163566019386053
3070,-1.8045560121536255,0.0011612219968810678
3071,-1.8096230030059814,0.0011587917106226087
3072,-1.789355993270874,0.0011562230065464973
3073,-1.8496229648590088,0.0011535584926605225
3074,-1.7794890403747559,0.0011508346069604158
3075,-1.8394900560379028,0.0011479558888822794
3076,-1.8045560121536255,0.0011452020844444633
3077,-1.874690055847168,0.0011421202216297388
3078,-1.7944220304489136,0.0011387888807803392
3079,-1.8245559930801392,0.0011355187743902206
3080,-1.8045560121536255,0.0011323131620883942
3081,-1.8245559930801392,0.0011286186054348946
3082,-1.7994890213012695,0.0011248760856688023
3083,-1.8296229839324951,0.0011216583661735058
3084,-1.7994890213012695,0.0011179728899151087
3085,-1.8045560121536255,0.001114474143832922
3086,-1.7794890403747559,0.0011108546750620008
3087,-1.8394900560379028,0.0011075742077082396
3088,-1.7744220495224,0.0011045103892683983
3089,-1.8296229839324951,0.001101248199120164
3090,-1.7845560312271118,0.0010986701818183064
3091,-1.8394900560379028,0.0010961344232782722
3092,-1.8045560121536255,0.0010944141540676355
3093,-1.8645570278167725,0.0010924043599516153
3094,-1.7944220304489136,0.001090344856493175
3095,-1.8496229648590088,0.0010881696362048388
3096,-1.7994890213012695,0.0010862487833946943
3097,-1.8496229648590088,0.0010836280416697264
3098,-1.789355993270874,0.0010813100961968303
3099,-1.8245559930801392,0.0010779445292428136
3100,-1.8045560121536255,0.0010742467129603028
3101,-1.8394900560379028,0.0010698771802708507
3102,-1.8045560121536255,0.001066697994247079
3103,-1.8296229839324951,0.001063210773281753
3104,-1.8194890022277832,0.0010594739578664303
3105,-1.8245559930801392,0.0010561393573880196
3106,-1.789355993270874,0.0010515437461435795
3107,-1.8696229457855225,0.0010473456932231784
3108,-1.8045560121536255,0.0010427976958453655
3109,-1.8445559740066528,0.0010366174392402172
3110,-1.8344229459762573,0.0010313622187823057
3111,-1.8546899557113647,0.0010250493651255965
3112,-1.8096230030059814,0.001019398681819439
3113,-1.8394900560379028,0.0010140961967408657
3114,-1.7944220304489136,0.0010069413110613823
3115,-1.8245559930801392,0.0010015455773100257
3116,-1.789355993270874,0.0009956099092960358
3117,-1.8344229459762573,0.000989295425824821
3118,-1.8144229650497437,0.0009836049284785986
3119,-1.8394900560379028,0.000975127681158483
3120,-1.789355993270874,0.000966992462053895
3121,-1.8144229650497437,0.0009568480891175568
3122,-1.7944220304489136,0.000945986364968121
3123,-1.8594900369644165,0.0009351518820039928
3124,-1.7794890403747559,0.0009238150087185204
3125,-1.8394900560379028,0.0009119882597588003
3126,-1.8144229650497437,0.0008957835962064564
3127,-1.8296229839324951,0.0008796532056294382
3128,-1.7994890213012695,0.0008582727168686688
3129,-1.8546899557113647,0.0008230783278122544
3130,-1.789355993270874,0.0007865121006034315
3131,-1.8594900369644165,0.0007349151419475675
3132,-1.7794890403747559,0.000647639506496489
3133,-1.8394900560379028,0.0006060872692614794
3134,-1.7944220304489136,0.0005897831870242953
3135,-1.8394900560379028,0.000579983345232904
3136,-1.789355993270874,0.0005712622660212219
3137,-1.8245559930801392,0.0005614410038106143
3138,-1.8045560121536255,0.0005516097298823297
3139,-1.8394900560379028,0.0005410118028521538
3140,-1.8296229839324951,0.0005321446806192398
3141,-1.8394900560379028,0.0005227422225289047
3142,-1.8045560121536255,0.0005133706144988537
3143,-1.8245559930801392,0.000502722105011344
3144,-1.789355993270874,0.0004934916505590081
3145,-1.8394900560379028,0.00048368945135734975
3146,-1.8144229650497437,0.00047682225704193115
3147,-1.8445559740066528,0.00047100073425099254
3148,-1.8144229650497437,0.0004669428162742406
3149,-1.7394880056381226,0.00046371843200176954
3150,-0.8978779911994934,0.00046094192657619715
3151,-0.252003014087677,0.0003381194546818733
3152,-0.02160000056028366,0.0002955981472041458
3153,0.24907000362873077,0.00026801895000971854
3154,0.5245400071144104,0.0002491233462933451
3155,0.5744069814682007,0.00023486503050662577
3156,0.7197420001029968,0.00022512758732773364
3157,0.9000110030174255,0.0002149320935131982
3158,1.2757489681243896,0.00020611859508790076
3159,1.4610849618911743,0.00019874400459229946
3160,1.6312199831008911,0.00018935036496259272
3161,1.641353964805603,0.00018326519057154655
3162,1.781622052192688,0.0001776251883711666
3163,1.7914890050888062,0.0001718559506116435
3164,1.8365559577941895,0.00016831466928124428
3165,1.8066890239715576,0.00016481606871820986
3166,1.8314900398254395,0.00016369165678042918
3167,1.796555995941162,0.00016285935998894274
3168,1.8968240022659302,0.00016406038776040077
3169,1.856557011604309,0.0001656185631873086
3170,1.8917570114135742,0.00016795253031887114
3171,1.8216229677200317,0.0001694893726380542
3172,1.8616230487823486,0.00017107324674725533
3173,1.8165559768676758,0.00017285393550992012
3174,1.8266890048980713,0.00017342218779958785
3175,1.7616219520568848,0.00017343368381261826
3176,1.8314900398254395,0.0001724062894936651
3177,1.7765560150146484,0.00017079091048799455
3178,1.8216229677200317,0.00016849557869136333
3179,1.7314879894256592,0.00016560079529881477
3180,1.7714890241622925,0.0001632224302738905
3181,1.7413549423217773,0.0001609579921932891
3182,1.8114889860153198,0.00015968293882906437
3183,1.7616219520568848,0.00015876503312028944
3184,1.7664220333099365,0.00015822649584151804
3185,1.7413549423217773,0.00015825459558982402
3186,1.7714890241622925,0.00015835480007808656
3187,1.7464220523834229,0.00015937327407300472
3188,1.7664220333099365,0.00016040270566008985
3189,1.7162879705429077,0.00016106913972180337
3190,1.7464220523834229,0.00016149497241713107
3191,1.7064210176467896,0.0001628008612897247
3192,1.7565549612045288,0.00016452037380076945
3193,1.7314879894256592,0.00016586380661465228
3194,1.7565549612045288,0.0001687167678028345
3195,1.7114880084991455,0.00017103420395869762
3196,1.7514890432357788,0.00017432813183404505
3197,1.7064210176467896,0.00017887679859995842
3198,1.7714890241622925,0.0001829615794122219
3199,1.696287989616394,0.0001887734979391098
3200,1.7464220523834229,0.00019326643086969852
3201,1.7213549613952637,0.0001980256347451359
3202,1.7464220523834229,0.00020378781482577324
3203,1.7162879705429077,0.00020814858726225793
3204,1.7314879894256592,0.000213125953450799
3205,1.70135498046875,0.00021767336875200272
3206,1.7864220142364502,0.00022201969113666564
3207,1.7365549802780151,0.00022970922873355448
3208,1.7314879894256592,0.00023605176829732955
3209,1.7064210176467896,0.0002455603389535099
3210,1.7664220333099365,0.0002548724878579378
3211,1.7162879705429077,0.0002644555061124265
3212,1.320816993713379,0.0002744860830716789
3213,0.4141390025615692,0.0002857185900211334
3214,0.07360100001096725,0.00029989713220857084
3215,-0.1818690001964569,0.00031521348864771426
3216,-0.4472059905529022,0.0003379620029591024
3217,-0.6024079918861389,0.00037207454442977905
3218,-0.7026749849319458,0.0004105492844246328
3219,-0.8778780102729797,0.00046588073018938303
3220,-1.1082810163497925,0.0005589666543528438
3221,-1.4738850593566895,0.0005869059823453426
3222,-1.5941530466079712,0.0006026230985298753
3223,-1.7594890594482422,0.0006153614958748221
3224,-1.789355993270874,0.0006275152554735541
3225,-1.8645570278167725,0.000639400677755475
3226,-1.8645570278167725,0.0006499516312032938
3227,-1.9146909713745117,0.0006598784821107984
3228,-1.8794900178909302,0.0006680957740172744
3229,-1.9245569705963135,0.000675861956551671
3230,-1.8845570087432861,0.0006827640463598073
3231,-1.949623942375183,0.0006893877289257944
3232,-1.9146909713745117,0.0006960068130865693
3233,-1.9146909713745117,0.0007019299082458019
3234,-1.8594900369644165,0.0007071644067764282
3235,-1.9045569896697998,0.0007122814422473311
3236,-1.8594900369644165,0.0007172607583925128
3237,-1.9045569896697998,0.0007222643471322954
3238,-1.8794900178909302,0.0007351795793510973
3239,-1.9045569896697998,0.0008148127235472202
3240,-1.8645570278167725,0.0008481218828819692
3241,-1.889623999595642,0.0008752624271437526
3242,-1.8394900560379028,0.0008938377723097801
3243,-1.8645570278167725,0.0009080577874556184
3244,-1.8394900560379028,0.0009198693442158401
3245,-1.8794900178909302,0.0009333357447758317
3246,-1.8546899557113647,0.0009437137050554156
3247,-1.8296229839324951,0.0009540981845930219
3248,-1.8194890022277832,0.0009646827820688486
3249,-1.8696229457855225,0.0009730512974783778
3250,-1.789355993270874,0.0009819059632718563
3251,-1.8594900369644165,0.0009895379189401865
3252,-1.8144229650497437,0.0009957177098840475
3253,-1.8394900560379028,0.001002117758616805
3254,-1.7794890403747559,0.001006206264719367
3255,-1.8296229839324951,0.0010097315534949303
3256,-1.7744220495224,0.0010116745252162218
3257,-1.8245559930801392,0.0010133637115359306
3258,-1.7744220495224,0.0010147482389584184
3259,-1.8296229839324951,0.0010163449915125966
3260,-1.7944220304489136,0.0010185018181800842
3261,-1.8296229839324951,0.0010204899590462446
3262,-1.8144229650497437,0.001023867167532444
3263,-1.8394900560379028,0.0010271272622048855
3264,-1.7845560312271118,0.0010320934234187007
3265,-1.8144229650497437,0.0010366092901676893
3266,-1.8045560121536255,0.0010419059544801712
3267,-1.8445559740066528,0.0010465020313858986
3268,-1.7794890403747559,0.0010505833197385073
3269,-1.8296229839324951,0.0010550725273787975
3270,-1.769355058670044,0.0010581371607258916
3271,-1.8045560121536255,0.0010612430050969124
3272,-1.789355993270874,0.001063697156496346
3273,-1.8144229650497437,0.001066076336428523
3274,-1.7994890213012695,0.0010684637818485498
3275,-1.8144229650497437,0.00107142748311162
3276,-1.7845560312271118,0.0010743325110524893
3277,-1.8144229650497437,0.0010773340472951531
3278,-1.789355993270874,0.001080070622265339
3279,-1.8045560121536255,0.0010822066105902195
3280,-1.769355058670044,0.0010839737951755524
3281,-1.8144229650497437,0.0010864161886274815
3282,-1.789355993270874,0.0010887393727898598
3283,-1.8144229650497437,0.0010903147049248219
3284,-1.7794890403747559,0.0010920469649136066
3285,-1.8245559930801392,0.0010931899305433035
3286,-1.8194890022277832,0.0010944799287244678
3287,-1.8344229459762573,0.001095387851819396
3288,-1.7944220304489136,0.0010961625957861543
3289,-1.8194890022277832,0.0010970111470669508
3290,-1.789355993270874,0.001097837113775313
3291,-1.8296229839324951,0.0010989649454131722
3292,-1.8096230030059814,0.0011002476094290614
3293,-1.8296229839324951,0.0011017454089596868
3294,-1.7944220304489136,0.001103233895264566
3295,-1.8245559930801392,0.00110468955244869
3296,-1.7642890214920044,0.0011062361299991608
3297,-1.8394900560379028,0.0011074523208662868
3298,-1.8045560121536255,0.00110900541767478
3299,-1.8144229650497437,0.0011102359276264906
3300,-1.8045560121536255,0.0011116198729723692
3301,-1.8645570278167725,0.0011129329213872552
3302,-1.7744220495224,0.0011142047587782145
3303,-1.8344229459762573,0.0011156247928738594
3304,-1.7744220495224,0.0011167807970196009
3305,-1.8296229839324951,0.0011178844142705202
3306,-1.7744220495224,0.001118700485676527
3307,-1.8296229839324951,0.001119375927373767
3308,-1.7794890403747559,0.0011200173757970333
3309,-1.8344229459762573,0.0011206015478819609
3310,-1.8045560121536255,0.0011210101656615734
3311,-1.8245559930801392,0.001121291657909751
3312,-1.8144229650497437,0.0011215056292712688
3313,-1.8296229839324951,0.0011216886341571808
3314,-1.8096230030059814,0.0011218150611966848
3315,-1.8445559740066528,0.001121898414567113
3316,-1.789355993270874,0.0011219518491998315
3317,-1.8296229839324951,0.0011219882871955633
3318,-1.8245559930801392,0.0011220071464776993
3319,-1.7994890213012695,0.0011220225133001804
3320,-1.7744220495224,0.0011220367159694433
3321,-1.8594900369644165,0.001122051733545959
3322,-1.7744220495224,0.001122067915275693
3323,-1.8144229650497437,0.001122082700021565
3324,-1.7794890403747559,0.0011220949236303568
3325,-1.8045560121536255,0.0011221056338399649
3326,-1.7994890213012695,0.0011221130844205618
3327,-1.8245559930801392,0.0011221205350011587
3328,-1.8096230030059814,0.0011221288004890084
3329,-1.8344229459762573,0.0011221369495615363
3330,-1.8245559930801392,0.0011221457971259952
3331,-1.8445559740066528,0.0011221554595977068
3332,-1.7594890594482422,0.0011221677996218204
3333,-1.8245559930801392,0.0011221787426620722
3334,-1.7594890594482422,0.001122188987210393
3335,-1.8496229648590088,0.00112219771835953
3336,-1.7845560312271118,0.0011222055181860924
3337,-1.8496229648590088,0.001122211804613471
3338,-1.789355993270874,0.0011222211178392172
3339,-1.8296229839324951,0.001122229965403676
3340,-1.7794890403747559,0.0011222383473068476
3341,-1.8496229648590088,0.0011222460307180882
3342,-1.7994890213012695,0.0011222563916817307
3343,-1.8096230030059814,0.0011222664033994079
3344,-1.7994890213012695,0.0011222766479477286
3345,-1.8845570087432861,0.0011222867760807276
3346,-1.8194890022277832,0.0011223012115806341
3347,-1.8245559930801392,0.0011223165784031153
3348,-1.789355993270874,0.0011223324108868837
3349,-1.8394900560379028,0.0011223475448787212
3350,-1.7994890213012695,0.0011223654728382826
3351,-1.8344229459762573,0.0011223817709833384
3352,-1.8045560121536255,0.0011223992332816124
3353,-1.8794900178909302,0.0011224177433177829
3354,-1.8144229650497437,0.0011224419577047229
3355,-1.8194890022277832,0.0011224669869989157
3356,-1.7744220495224,0.0011224925983697176
3357,-1.8245559930801392,0.0011225161142647266
3358,-1.7994890213012695,0.0011225389316678047
3359,-1.8296229839324951,0.001122562331147492
3360,-1.7944220304489136,0.0011225834023207426
3361,-1.8496229648590088,0.0011226041242480278
3362,-1.7794890403747559,0.0011226291535422206
3363,-1.8096230030059814,0.0011226516216993332
3364,-1.7994890213012695,0.0011226717615500093
3365,-1.8594900369644165,0.0011226909700781107
3366,-1.7845560312271118,0.001122710993513465
3367,-1.8394900560379028,0.0011227305512875319
3368,-1.769355058670044,0.0011227517388761044
3369,-1.8144229650497437,0.0011227710638195276
3370,-1.8045560121536255,0.0011227920185774565
3371,-1.8245559930801392,0.0011228113435208797
3372,-1.8045560121536255,0.0011228329967707396
3373,-1.8296229839324951,0.0011228549992665648
3374,-1.7642890214920044,0.0011228767689317465
3375,-1.8445559740066528,0.001122894580475986
3376,-1.8144229650497437,0.0011229133233428001
3377,-1.8546899557113647,0.001122932299040258
3378,-1.7994890213012695,0.0011229533702135086
3379,-1.8344229459762573,0.001122970599681139
3380,-1.7944220304489136,0.001122987479902804
3381,-1.8344229459762573,0.0011230038944631815
3382,-1.789355993270874,0.001123021706007421
3383,-1.8496229648590088,0.0011230389354750514
3384,-1.8144229650497437,0.0011230552336201072
3385,-1.8194890022277832,0.0011230709496885538
3386,-1.8144229650497437,0.0011230864329263568
3387,-1.8194890022277832,0.0011231008684262633
3388,-1.7994890213012695,0.001123114605434239
3389,-1.8696229457855225,0.0011231258977204561
3390,-1.7944220304489136,0.0011231385869905353
3391,-1.8496229648590088,0.0011231494136154652
3392,-1.7944220304489136,0.0011231601238250732
3393,-1.8194890022277832,0.0011231682728976011
3394,-1.7845560312271118,0.0011231756070628762
3395,-1.8546899557113647,0.0011231803800910711
3396,-1.7994890213012695,0.0011231862008571625
3397,-1.8546899557113647,0.0011231868993490934
3398,-1.7994890213012695,0.0011231692042201757
3399,-1.8546899557113647,0.0011231243843212724
3400,-1.789355993270874,0.0011230353266000748
3401,-1.8144229650497437,0.0011228563962504268
3402,-1.8045560121536255,0.0011225342750549316
3403,-1.8245559930801392,0.001122066518291831
3404,-1.8045560121536255,0.0011212994577363133
3405,-1.8194890022277832,0.001120100379921496
3406,-1.789355993270874,0.00111841456964612
3407,-1.7794890403747559,0.0011165906907990575
3408,-1.8144229650497437,0.0011146723991259933
3409,-1.8496229648590088,0.0011129386257380247
3410,-1.789355993270874,0.001111155143007636
3411,-1.8594900369644165,0.0011091998312622309
3412,-1.7845560312271118,0.0011068570893257856
3413,-1.8296229839324951,0.0011047287844121456
3414,-1.8245559930801392,0.0011022468097507954
3415,-1.8394900560379028,0.0010998096549883485
3416,-1.8144229650497437,0.0010972300078719854
3417,-1.8445559740066528,0.0010944941313937306
3418,-1.789355993270874,0.0010917955078184605
3419,-1.8394900560379028,0.0010888654505833983
3420,-1.7794890403747559,0.0010860953480005264
3421,-1.8496229648590088,0.0010828988160938025
3422,-1.8144229650497437,0.0010795271955430508
3423,-1.8594900369644165,0.0010763267055153847
3424,-1.7845560312271118,0.0010729770874604583
3425,-1.8496229648590088,0.001069223158992827
3426,-1.7994890213012695,0.0010656807571649551
3427,-1.8546899557113647,0.0010624353308230639
3428,-1.8096230030059814,0.0010588527657091618
3429,-1.8696229457855225,0.001055259956046939
3430,-1.8144229650497437,0.001051750616170466
3431,-1.8296229839324951,0.0010486512910574675
3432,-1.8245559930801392,0.0010454553412273526
3433,-1.8445559740066528,0.0010424621868878603
3434,-1.8245559930801392,0.0010398816084489226
3435,-1.8394900560379028,0.0010376919526606798
3436,-1.8144229650497437,0.001035997993312776
3437,-1.8394900560379028,0.001033684704452753
3438,-1.7794890403747559,0.0010316064581274986
3439,-1.8296229839324951,0.001029590843245387
3440,-1.8144229650497437,0.0010275297099724412
3441,-1.8594900369644165,0.0010250872001051903
3442,-1.7794890403747559,0.0010226306039839983
3443,-1.8296229839324951,0.0010188394226133823
3444,-1.8045560121536255,0.0010150278685614467
3445,-1.8445559740066528,0.0010110584553331137
3446,-1.8194890022277832,0.0010079375933855772
3447,-1.8546899557113647,0.0010041468776762486
3448,-1.8245559930801392,0.0010006623342633247
3449,-1.8496229648590088,0.0009971746476367116
3450,-1.8045560121536255,0.0009920884622260928
3451,-1.7845560312271118,0.0009879886638373137
3452,-1.7994890213012695,0.0009831474162638187
3453,-1.8496229648590088,0.0009773022029548883
3454,-1.8045560121536255,0.0009720068774186075
3455,-1.8144229650497437,0.000965278537478298
3456,-1.769355058670044,0.000959847355261445
3457,-1.8394900560379028,0.0009543679771013558
3458,-1.7544219493865967,0.0009477330604568124
3459,-1.8045560121536255,0.000942411832511425
3460,-1.7944220304489136,0.0009360908297821879
3461,-1.8344229459762573,0.000930179376155138
3462,-1.7845560312271118,0.0009242094238288701
3463,-1.8344229459762573,0.0009151236154139042
3464,-1.789355993270874,0.0009069946827366948
3465,-1.8394900560379028,0.0008962347637861967
3466,-1.7944220304489136,0.0008855480118654668
3467,-1.8394900560379028,0.0008746384410187602
3468,-1.8144229650497437,0.0008633423713035882
3469,-1.8394900560379028,0.0008506442536599934
3470,-1.7944220304489136,0.0008352450095117092
3471,-1.8245559930801392,0.0008184646139852703
3472,-1.7994890213012695,0.000794525898527354
3473,-1.8496229648590088,0.000759337330237031
3474,-1.8245559930801392,0.0007199844694696367
3475,-1.8394900560379028,0.0006639668135903776
3476,-1.7794890403747559,0.0005702520138584077
3477,-1.8296229839324951,0.0005416891071945429
3478,-1.8296229839324951,0.0005255311261862516
3479,-1.8344229459762573,0.0005124895833432674
3480,-1.8096230030059814,0.0005001246463507414
3481,-1.8496229648590088,0.0004880567139480263
3482,-1.8144229650497437,0.0004773831460624933
3483,-1.8296229839324951,0.00046738082892261446
3484,-1.8296229839324951,0.0004591178148984909
3485,-1.8296229839324951,0.00045132357627153397
3486,-1.789355993270874,0.000444433419033885
3487,-1.8394900560379028,0.0004378543235361576
3488,-1.7642890214920044,0.0004313373938202858
3489,-1.8645570278167725,0.00042560743167996407
3490,-1.8144229650497437,0.0004207249148748815
3491,-1.8496229648590088,0.0004161270917393267
3492,-1.789355993270874,0.0004120553785469383
3493,-1.558953046798706,0.0004083673993591219
3494,-0.6525409817695618,0.0003971988335251808
3495,-0.15173499286174774,0.0003193874435964972
3496,0.07866799831390381,0.00028800786822102964
3497,0.33920401334762573,0.00026254402473568916
3498,0.5245400071144104,0.00024576112627983093
3499,0.6296079754829407,0.0002336094039492309
3500,0.7498760223388672,0.0002241763286292553
3501,0.9952120184898376,0.00021286061382852495
3502,1.3858840465545654,0.00020499387755990028
3503,1.5010850429534912,0.00019710611377377063
3504,1.6562869548797607,0.00018915868713520467
3505,1.696287989616394,0.00018362421542406082
3506,1.781622052192688,0.00017747911624610424
3507,1.801622986793518,0.00017269630916416645
3508,1.856557011604309,0.00016938196495175362
3509,1.8066890239715576,0.00016631852486170828
3510,1.8365559577941895,0.0001656465174164623
3511,1.8066890239715576,0.00016525821411050856
3512,1.8816239833831787,0.00016677891835570335
3513,1.8314900398254395,0.00016878475435078144
3514,1.8666900396347046,0.0001707558985799551
3515,1.8266890048980713,0.00017250337987206876
3516,1.856557011604309,0.00017381645739078522
3517,1.801622986793518,0.00017554119403939694
3518,1.8365559577941895,0.00017569198098499328
3519,1.7864220142364502,0.00017544750880915672
3520,1.8365559577941895,0.00017386022955179214
3521,1.7765560150146484,0.0001721306034596637
3522,1.8066890239715576,0.000169456543517299
3523,1.7413549423217773,0.0001668063923716545
3524,1.7864220142364502,0.00016445650544483215
3525,1.7264219522476196,0.00016221520490944386
3526,1.796555995941162,0.00016129219147842377
3527,1.7514890432357788,0.00016009707178454846
3528,1.781622052192688,0.00015998042363207787
3529,1.7464220523834229,0.0001599196548340842
3530,1.7714890241622925,0.00016027867968659848
3531,1.7616219520568848,0.00016104918904602528
3532,1.7714890241622925,0.0001622416020836681
3533,1.7365549802780151,0.00016279020928777754
3534,1.7714890241622925,0.0001632159110158682
3535,1.7314879894256592,0.00016538295312784612
3536,1.7565549612045288,0.00016692963254172355
3537,1.7264219522476196,0.00016824179328978062
3538,1.7714890241622925,0.00017058709636330605
3539,1.7664220333099365,0.0001731241645757109
3540,1.781622052192688,0.00017672963440418243
3541,1.7264219522476196,0.00018109451048076153
3542,1.7616219520568848,0.00018526925123296678
3543,1.7064210176467896,0.00019111337314825505
3544,1.7565549612045288,0.00019555268227122724
3545,1.7264219522476196,0.00020057903020642698
3546,1.7464220523834229,0.00020574484369717538
3547,1.7064210176467896,0.00020991452038288116
3548,1.781622052192688,0.00021555376588366926
3549,1.70135498046875,0.00021956497221253812
3550,1.7464220523834229,0.00022461079061031342
3551,1.7464220523834229,0.00023142101417761296
3552,1.7616219520568848,0.0002381990198045969
3553,1.7264219522476196,0.00024803291307762265
3554,1.7714890241622925,0.00025672215269878507
3555,1.6562869548797607,0.0002662471088115126
3556,1.1453479528427124,0.00027637556195259094
3557,0.2640030086040497,0.000289498595520854
3558,0.06373400241136551,0.0003036405541934073
3559,-0.22186900675296783,0.0003210240392945707
3560,-0.482138991355896,0.00034895649878308177
3561,-0.6224079728126526,0.0003835153765976429
3562,-0.7026749849319458,0.0004271354409866035
3563,-0.9480119943618774,0.0004899761988781393
3564,-1.2085479497909546,0.0005598723655566573
3565,-1.5240190029144287,0.0005754177691414952
3566,-1.634153962135315,0.0005898516974411905
3567,-1.7493549585342407,0.0006031321245245636
3568,-1.8045560121536255,0.0006165964296087623
3569,-1.8594900369644165,0.0006299226079136133
3570,-1.8546899557113647,0.0006429294589906931
3571,-1.889623999595642,0.0006557807791978121
3572,-1.8696229457855225,0.0006666070548817515
3573,-1.8845570087432861,0.000676535302773118
3574,-1.8594900369644165,0.0006853466620668769
3575,-1.9296239614486694,0.0006940223975107074
3576,-1.9045569896697998,0.0007022079080343246
3577,-1.9397579431533813,0.0007102463860064745
3578,-1.8696229457855225,0.0007178959785960615
3579,-1.9146909713745117,0.0007254913216456771
3580,-1.8344229459762573,0.0007322262972593307
3581,-1.889623999595642,0.0007392780389636755
3582,-1.8546899557113647,0.0007754296530038118
3583,-1.8546899557113647,0.0008385254186578095
3584,-1.8296229839324951,0.0008698998717591166
3585,-1.8794900178909302,0.0008938719984143972
3586,-1.8144229650497437,0.0009116047294810414
3587,-1.8645570278167725,0.0009244865505024791
3588,-1.8496229648590088,0.0009359647519886494
3589,-1.8645570278167725,0.0009494565310887992
3590,-1.8296229839324951,0.0009594065486453474
3591,-1.8496229648590088,0.0009699254878796637
3592,-1.8194890022277832,0.0009797804523259401
3593,-1.8594900369644165,0.000987935345619917
3594,-1.8296229839324951,0.0009971130639314651
3595,-1.8496229648590088,0.0010040939087048173
3596,-1.8096230030059814,0.0010102724190801382
3597,-1.8344229459762573,0.001015775604173541
3598,-1.7794890403747559,0.001019666320644319
3599,-1.8296229839324951,0.0010225385194644332
3600,-1.8096230030059814,0.001024423399940133
3601,-1.8394900560379028,0.0010257973335683346
3602,-1.7744220495224,0.0010274254018440843
3603,-1.8296229839324951,0.0010290616191923618
3604,-1.7394880056381226,0.0010309492936357856
3605,-1.8394900560379028,0.0010332209058105946
3606,-1.789355993270874,0.0010363474721089005
3607,-1.8194890022277832,0.001039889408275485
3608,-1.7493549585342407,0.0010448285611346364
3609,-1.7845560312271118,0.0010493793524801731
3610,-1.7642890214920044,0.0010551308514550328
3611,-1.7944220304489136,0.0010594180785119534
3612,-1.7642890214920044,0.001063611125573516
3613,-1.8344229459762573,0.0010675772791728377
3614,-1.7442879676818848,0.0010705008171498775
3615,-1.8296229839324951,0.0010735169053077698
3616,-1.7493549585342407,0.0010759190190583467
3617,-1.7744220495224,0.0010783192701637745
3618,-1.7744220495224,0.0010807563085108995
3619,-1.8144229650497437,0.0010835607536137104
3620,-1.7994890213012695,0.0010866078082472086
3621,-1.7994890213012695,0.001089396420866251
3622,-1.7845560312271118,0.0010922024957835674
3623,-1.7944220304489136,0.0010941051878035069
3624,-1.7394880056381226,0.0010959429200738668
3625,-1.789355993270874,0.0010982293169945478
3626,-1.7744220495224,0.0011004172265529633
3627,-1.7744220495224,0.0011019045487046242
3628,-1.7394880056381226,0.0011035248171538115
3629,-1.8096230030059814,0.0011046105064451694
3630,-1.7642890214920044,0.0011056780349463224
3631,-1.7994890213012695,0.0011066313600167632
3632,-1.7493549585342407,0.0011073182104155421
3633,-1.789355993270874,0.0011083146091550589
3634,-1.789355993270874,0.0011091348715126514
3635,-1.7845560312271118,0.0011104783043265343
3636,-1.7642890214920044,0.001111745834350586
3637,-1.7944220304489136,0.0011134329251945019
3638,-1.7642890214920044,0.001114833983592689
3639,-1.8045560121536255,0.001116394530981779
3640,-1.7642890214920044,0.001117774285376072
3641,-1.789355993270874,0.0011190103832632303
3642,-1.769355058670044,0.0011205417104065418
3643,-1.8096230030059814,0.0011217398568987846
3644,-1.8045560121536255,0.001123264548368752
3645,-1.8144229650497437,0.0011245033238083124
3646,-1.7845560312271118,0.0011258125305175781
3647,-1.8394900560379028,0.0011271217372268438
3648,-1.7994890213012695,0.0011282209306955338
3649,-1.8394900560379028,0.0011292104609310627
3650,-1.789355993270874,0.0011299324687570333
3651,-1.8144229650497437,0.0011305641382932663
3652,-1.789355993270874,0.00113119394518435
3653,-1.8144229650497437,0.0011316954623907804
3654,-1.7642890214920044,0.0011320584453642368
3655,-1.7794890403747559,0.0011323089711368084
3656,-1.7642890214920044,0.0011325115337967873
3657,-1.7845560312271118,0.0011326753301545978
3658,-1.7794890403747559,0.0011327749816700816
3659,-1.789355993270874,0.0011328288819640875
3660,-1.7944220304489136,0.0011328591499477625
3661,-1.7994890213012695,0.001132875680923462
3662,-1.7642890214920044,0.0011328780092298985
3663,-1.8296229839324951,0.0011328798718750477
3664,-1.7845560312271118,0.0011328833643347025
3665,-1.8445559740066528,0.001132893143221736
3666,-1.7794890403747559,0.001132899196818471
3667,-1.8045560121536255,0.0011329039698466659
3668,-1.7544219493865967,0.0011329068802297115
3669,-1.8245559930801392,0.0011329073458909988
3670,-1.789355993270874,0.0011329080443829298
3671,-1.8194890022277832,0.0011329080443829298
3672,-1.7642890214920044,0.001132905948907137
3673,-1.8194890022277832,0.0011329029221087694
3674,-1.7594890594482422,0.0011328982654958963
3675,-1.8344229459762573,0.0011328929103910923
3676,-1.7994890213012695,0.0011328919790685177
3677,-1.7744220495224,0.0011328896507620811
3678,-1.7845560312271118,0.0011328880209475756
3679,-1.8144229650497437,0.00113288639113307
3680,-1.7794890403747559,0.0011328859254717827
3681,-1.8045560121536255,0.0011328847613185644
3682,-1.7394880056381226,0.001132883713580668
3683,-1.8594900369644165,0.001132881734520197
3684,-1.8096230030059814,0.001132881618104875
3685,-1.8144229650497437,0.001132881618104875
3686,-1.8045560121536255,0.0011328845284879208
3687,-1.8194890022277832,0.0011328882537782192
3688,-1.7794890403747559,0.0011328950058668852
3689,-1.8096230030059814,0.0011329022236168385
3690,-1.7594890594482422,0.0011329115368425846
3691,-1.8045560121536255,0.0011329202679917216
3692,-1.7845560312271118,0.001132928067818284
3693,-1.7994890213012695,0.0011329352855682373
3694,-1.7642890214920044,0.0011329445987939835
3695,-1.8144229650497437,0.001132952282205224
3696,-1.7642890214920044,0.0011329588014632463
3697,-1.8245559930801392,0.0011329626431688666
3698,-1.7994890213012695,0.0011329678818583488
3699,-1.8344229459762573,0.0011329720728099346
3700,-1.7744220495224,0.0011329809203743935
3701,-1.8445559740066528,0.0011329889530315995
3702,-1.7794890403747559,0.0011329988483339548
3703,-1.8394900560379028,0.0011330090928822756
3704,-1.7544219493865967,0.0011330212000757456
3705,-1.7944220304489136,0.001133028999902308
3706,-1.769355058670044,0.0011330354027450085
3707,-1.8344229459762573,0.001133042387664318
3708,-1.7544219493865967,0.0011330522829666734
3709,-1.8096230030059814,0.0011330607812851667
3710,-1.7994890213012695,0.0011330690467730165
3711,-1.8296229839324951,0.0011330770794302225
3712,-1.7744220495224,0.001133085461333394
3713,-1.7994890213012695,0.0011330912820994854
3714,-1.789355993270874,0.001133096986450255
3715,-1.8445559740066528,0.0011331007117405534
3716,-1.7744220495224,0.0011331056011840701
3717,-1.8296229839324951,0.0011331085115671158
3718,-1.7642890214920044,0.0011331120040267706
3719,-1.8194890022277832,0.0011331125861033797
3720,-1.789355993270874,0.001133115729317069
3721,-1.8546899557113647,0.0011331179412081838
3722,-1.7845560312271118,0.0011331215500831604
3723,-1.8245559930801392,0.001133123179897666
3724,-1.7994890213012695,0.0011331280693411827
3725,-1.8296229839324951,0.0011331320274621248
3726,-1.7794890403747559,0.0011331373825669289
3727,-1.8296229839324951,0.001133142039179802
3728,-1.7845560312271118,0.0011331492569297552
3729,-1.8045560121536255,0.0011331557761877775
3730,-1.7794890403747559,0.0011331615969538689
3731,-1.8344229459762573,0.0011331664863973856
3732,-1.7642890214920044,0.001133173005655408
3733,-1.8096230030059814,0.0011331764981150627
3734,-1.7493549585342407,0.001133178942836821
3735,-1.8296229839324951,0.001133179059252143
3736,-1.789355993270874,0.0011331791756674647
3737,-1.8445559740066528,0.0011331806890666485
3738,-1.8245559930801392,0.0011331835994496942
3739,-1.8045560121536255,0.0011331827845424414
3740,-1.8144229650497437,0.0011331825517117977
3741,-1.8445559740066528,0.0011331797577440739
3742,-1.789355993270874,0.0011331532150506973
3743,-1.8245559930801392,0.001133097568526864
3744,-1.7794890403747559,0.001132983947172761
3745,-1.8245559930801392,0.001132776029407978
3746,-1.789355993270874,0.0011324109509587288
3747,-1.8344229459762573,0.001131878700107336
3748,-1.789355993270874,0.00113096390850842
3749,-1.8594900369644165,0.0011296413140371442
3750,-1.7794890403747559,0.0011278912425041199
3751,-1.8296229839324951,0.0011260663159191608
3752,-1.769355058670044,0.0011241354513913393
3753,-1.8296229839324951,0.0011224576737731695
3754,-1.7794890403747559,0.001120667438954115
3755,-1.7994890213012695,0.0011186031624674797
3756,-1.769355058670044,0.0011162285227328539
3757,-1.8344229459762573,0.0011140832211822271
3758,-1.7594890594482422,0.001111578312702477
3759,-1.8194890022277832,0.0011090862099081278
3760,-1.7594890594482422,0.001106453244574368
3761,-1.8344229459762573,0.0011036249343305826
3762,-1.789355993270874,0.0011009208392351866
3763,-1.8296229839324951,0.0010980766965076327
3764,-1.769355058670044,0.0010952164884656668
3765,-1.8546899557113647,0.0010918850312009454
3766,-1.8045560121536255,0.001088471501134336
3767,-1.8394900560379028,0.0010853391140699387
3768,-1.8194890022277832,0.0010818809969350696
3769,-1.8296229839324951,0.0010781900491565466
3770,-1.7594890594482422,0.00107483786996454
3771,-1.8144229650497437,0.001071496051736176
3772,-1.789355993270874,0.0010680289706215262
3773,-1.8394900560379028,0.0010643184650689363
3774,-1.7744220495224,0.001060792594216764
3775,-1.8296229839324951,0.0010577794164419174
3776,-1.8096230030059814,0.0010544020915403962
3777,-1.8144229650497437,0.0010516182519495487
3778,-1.7944220304489136,0.0010489989072084427
3779,-1.8296229839324951,0.001047056633979082
3780,-1.8045560121536255,0.0010453262366354465
3781,-1.8496229648590088,0.0010430796537548304
3782,-1.7944220304489136,0.0010409409878775477
3783,-1.8445559740066528,0.0010390307288616896
3784,-1.7794890403747559,0.0010366905480623245
3785,-1.8394900560379028,0.0010343710891902447
3786,-1.8296229839324951,0.001031622989103198
3787,-1.8296229839324951,0.001027886290103197
3788,-1.7944220304489136,0.00102378916926682
3789,-1.8594900369644165,0.0010202385019510984
3790,-1.8144229650497437,0.001017075963318348
3791,-1.8096230030059814,0.0010127746500074863
3792,-1.7744220495224,0.00100946135353297
3793,-1.8245559930801392,0.0010057070758193731
3794,-1.7642890214920044,0.0010010373080149293
3795,-1.8194890022277832,0.000996923539787531
3796,-1.7994890213012695,0.0009915854316204786
3797,-1.8296229839324951,0.0009860785212367773
3798,-1.7944220304489136,0.000980614684522152
3799,-1.8394900560379028,0.0009738646331243217
3800,-1.789355993270874,0.0009686558623798192
3801,-1.8144229650497437,0.000962786260060966
3802,-1.7544219493865967,0.0009567984379827976
3803,-1.8045560121536255,0.0009515052661299706
3804,-1.7744220495224,0.0009445860050618649
3805,-1.7994890213012695,0.0009390806080773473
3806,-1.7642890214920044,0.0009325508144684136
3807,-1.8394900560379028,0.0009242896921932697
3808,-1.7744220495224,0.0009159694309346378
3809,-1.8245559930801392,0.0009049224900081754
3810,-1.7642890214920044,0.0008946829475462437
3811,-1.8144229650497437,0.000883930828422308
3812,-1.7642890214920044,0.0008724196231923997
3813,-1.8445559740066528,0.0008579854620620608
3814,-1.7994890213012695,0.0008425747510045767
3815,-1.8096230030059814,0.0008237747242674232
3816,-1.7794890403747559,0.0007946891128085554
3817,-1.8194890022277832,0.0007590284803882241
3818,-1.789355993270874,0.0007145946146920323
3819,-1.8344229459762573,0.0006510808598250151
3820,-1.7544219493865967,0.0005805453984066844
3821,-1.8096230030059814,0.0005644158227369189
3822,-1.789355993270874,0.0005495756631717086
3823,-1.8245559930801392,0.0005360172362998128
3824,-1.7744220495224,0.0005223420448601246
3825,-1.7994890213012695,0.0005088361212983727
3826,-1.769355058670044,0.0004957065102644265
3827,-1.8394900560379028,0.00048277684254571795
3828,-1.7794890403747559,0.0004719060962088406
3829,-1.8645570278167725,0.00046195858158171177
3830,-1.7944220304489136,0.0004531805752776563
3831,-1.8394900560379028,0.00044457666808739305
3832,-1.8045560121536255,0.00043654441833496094
3833,-1.8344229459762573,0.00042877462692558765
3834,-1.7794890403747559,0.0004215361550450325
3835,-1.8096230030059814,0.0004145487619098276
3836,-1.7442879676818848,0.0004088353307452053
3837,-1.3688169717788696,0.0004031989665236324
3838,-0.4072049856185913,0.00036880429252050817
3839,-0.1016009971499443,0.00030750883161090314
3840,0.16373500227928162,0.0002779601200018078
3841,0.4141390025615692,0.00025566265685483813
3842,0.5845410227775574,0.00023974500072654337
3843,0.6245409846305847,0.0002291413547936827
3844,0.8549439907073975,0.00021987594664096832
3845,1.1304140090942383,0.00020857900381088257
3846,1.4509509801864624,0.0002010607422562316
3847,1.5061520338058472,0.00019313968368805945
3848,1.7314879894256592,0.00018596075824461877
3849,1.7064210176467896,0.00018056854605674744
3850,1.8114889860153198,0.00017416330229025334
3851,1.8114889860153198,0.00016992338350974023
3852,1.846690058708191,0.0001667060423642397
3853,1.8165559768676758,0.00016453387797810137
3854,1.8765569925308228,0.00016402460460085422
3855,1.8717570304870605,0.00016430197865702212
3856,1.906690001487732,0.00016598138608969748
3857,1.8314900398254395,0.0001683493610471487
3858,1.8816239833831787,0.00016997598868329078
3859,1.8216229677200317,0.00017182683222927153
3860,1.8717570304870605,0.0001733824610710144
3861,1.801622986793518,0.0001747744099702686
3862,1.851755976676941,0.00017505667346995324
3863,1.801622986793518,0.00017451347957830876
3864,1.8365559577941895,0.0001729039940983057
3865,1.7765560150146484,0.0001709678617771715
3866,1.8216229677200317,0.00016795200644992292
3867,1.7616219520568848,0.00016542237426619977
3868,1.8066890239715576,0.00016309173952322453
3869,1.7565549612045288,0.0001612094638403505
3870,1.8066890239715576,0.00016057374887168407
3871,1.7765560150146484,0.0001593995839357376
3872,1.8066890239715576,0.00015958421863615513
3873,1.7616219520568848,0.0001594254281371832
3874,1.8114889860153198,0.00016004344797693193
3875,1.7664220333099365,0.00016087503172457218
3876,1.7765560150146484,0.00016222437261603773
3877,1.7565549612045288,0.00016270561900455505
3878,1.781622052192688,0.00016319844871759415
3879,1.7314879894256592,0.0001652867067605257
3880,1.7365549802780151,0.00016670775949023664
3881,1.7514890432357788,0.00016861602489370853
3882,1.7664220333099365,0.00017072734772227705
3883,1.7365549802780151,0.00017352619033772498
3884,1.781622052192688,0.00017801346257328987
3885,1.7264219522476196,0.00018219595949631184
3886,1.781622052192688,0.0001869929546955973
3887,1.7213549613952637,0.00019208008598070592
3888,1.781622052192688,0.0001965649425983429
3889,1.7314879894256592,0.00020210917864460498
3890,1.7464220523834229,0.00020683144975919276
3891,1.7314879894256592,0.00021108161308802664
3892,1.7864220142364502,0.00021650393318850547
3893,1.7514890432357788,0.00022031986736692488
3894,1.7565549612045288,0.0002264919166918844
3895,1.7264219522476196,0.00023303421039599925
3896,1.781622052192688,0.00024081580340862274
3897,1.7314879894256592,0.00025036316947080195
3898,1.8066890239715576,0.0002594091056380421
3899,1.6013530492782593,0.00026927460567094386
3900,0.8901439905166626,0.00027956199483014643
3901,0.16373500227928162,0.00029434217140078545
3902,-0.016534000635147095,0.00030846698791719973
3903,-0.34693801403045654,0.000327316956827417
3904,-0.4922730028629303,0.0003573087160475552
3905,-0.6626750230789185,0.0003915951820090413
3906,-0.7477430105209351,0.00043477528379298747
3907,-0.9880120158195496,0.0005053573404438794
3908,-1.3288170099258423,0.0005675392458215356
3909,-1.558953046798706,0.0005817605415359139
3910,-1.6592210531234741,0.0005951030761934817
3911,-1.7642890214920044,0.0006062083411961794
3912,-1.7594890594482422,0.0006170879933051765
3913,-1.8946900367736816,0.0006279745139181614
3914,-1.8496229648590088,0.0006370746996253729
3915,-1.8946900367736816,0.0006454768590629101
3916,-1.8645570278167725,0.0006528134690597653
3917,-1.9197570085525513,0.000660333433188498
3918,-1.8946900367736816,0.0006681940285488963
3919,-1.9346909523010254,0.0006765106227248907
3920,-1.9146909713745117,0.0006831503706052899
3921,-1.9146909713745117,0.0006894682301208377
3922,-1.8496229648590088,0.0006947008660063148
3923,-1.8794900178909302,0.0006996149895712733
3924,-1.8496229648590088,0.000703791796695441
3925,-1.8946900367736816,0.0007081687217578292
3926,-1.8496229648590088,0.0008157400880008936
3927,-1.889623999595642,0.0008633406832814217
3928,-1.8245559930801392,0.0008936052909120917
3929,-1.8794900178909302,0.0009152998100034893
3930,-1.8194890022277832,0.0009327217703685164
3931,-1.8645570278167725,0.000945196021348238
3932,-1.7845560312271118,0.000957453390583396
3933,-1.8245559930801392,0.0009696027846075594
3934,-1.8045560121536255,0.0009793669451028109
3935,-1.8496229648590088,0.0009907395578920841
3936,-1.7794890403747559,0.0009997491724789143
3937,-1.8245559930801392,0.0010079784551635385
3938,-1.7845560312271118,0.0010171278845518827
3939,-1.8344229459762573,0.0010236030211672187
3940,-1.7994890213012695,0.0010300646536052227
3941,-1.8144229650497437,0.0010348472278565168
3942,-1.7642890214920044,0.0010387648362666368
3943,-1.8245559930801392,0.0010411058319732547
3944,-1.789355993270874,0.0010431446135044098
3945,-1.7994890213012695,0.0010443488135933876
3946,-1.7642890214920044,0.001046117627993226
3947,-1.8045560121536255,0.0010479879565536976
3948,-1.7594890594482422,0.0010497753974050283
3949,-1.7944220304489136,0.0010524917161092162
3950,-1.7642890214920044,0.00105554168112576
3951,-1.8096230030059814,0.0010594964260235429
3952,-1.7493549585342407,0.0010641645640134811
3953,-1.8144229650497437,0.0010688991751521826
3954,-1.769355058670044,0.0010741837322711945
3955,-1.789355993270874,0.001078297384083271
3956,-1.7642890214920044,0.0010827325750142336
3957,-1.8245559930801392,0.0010862719500437379
3958,-1.789355993270874,0.0010891745332628489
3959,-1.8045560121536255,0.0010918773477897048
3960,-1.7642890214920044,0.0010943287052214146
3961,-1.8245559930801392,0.00109672243706882
3962,-1.7544219493865967,0.0010993871837854385
3963,-1.789355993270874,0.0011021546088159084
3964,-1.729354977607727,0.0011054943315684795
3965,-1.8144229650497437,0.0011081984266638756
3966,-1.7642890214920044,0.0011108338367193937
3967,-1.8394900560379028,0.001112630357965827
3968,-1.7794890403747559,0.0011146431788802147
3969,-1.8045560121536255,0.001116861472837627
3970,-1.7994890213012695,0.0011187323834747076
3971,-1.7994890213012695,0.0011202309979125857
3972,-1.7944220304489136,0.0011215887498110533
3973,-1.8245559930801392,0.001122739166021347
3974,-1.7642890214920044,0.001123676192946732
3975,-1.8045560121536255,0.001124716131016612
3976,-1.7744220495224,0.0011254142737016082
3977,-1.8096230030059814,0.001126337330788374
3978,-1.769355058670044,0.0011272543342784047
3979,-1.8096230030059814,0.0011286500375717878
3980,-1.7594890594482422,0.0011299795005470514
3981,-1.8245559930801392,0.001131681026890874
3982,-1.7794890403747559,0.0011330705601722002
3983,-1.789355993270874,0.0011347896652296185
3984,-1.7594890594482422,0.0011360635980963707
3985,-1.8096230030059814,0.001137373736128211
3986,-1.789355993270874,0.0011387401027604938
3987,-1.7944220304489136,0.0011399609502404928
3988,-1.7994890213012695,0.001141493790782988
3989,-1.8245559930801392,0.001142706023529172
3990,-1.7642890214920044,0.001144123263657093
3991,-1.789355993270874,0.0011453464394435287
3992,-1.7642890214920044,0.0011464336421340704
3993,-1.8445559740066528,0.001147362170740962
3994,-1.7394880056381226,0.0011480649700388312
3995,-1.8194890022277832,0.0011486979201436043
3996,-1.7845560312271118,0.0011493335478007793
3997,-1.8296229839324951,0.001149806659668684
3998,-1.7442879676818848,0.0011501337867230177
3999,-1.8245559930801392,0.0011503595160320401
4000,-1.7493549585342407,0.001150553347542882
4001,-1.7994890213012695,0.0011506909504532814
4002,-1.8045560121536255,0.0011507754679769278
4003,-1.7845560312271118,0.001150825060904026
4004,-1.769355058670044,0.0011508541647344828
4005,-1.8245559930801392,0.001150869531556964
4006,-1.7744220495224,0.0011508711613714695
4007,-1.8394900560379028,0.0011508718598634005
4008,-1.7642890214920044,0.0011508725583553314
4009,-1.789355993270874,0.0011508779134601355
4010,-1.7642890214920044,0.0011508808238431811
4011,-1.8394900560379028,0.001150885014794767
4012,-1.7794890403747559,0.001150886993855238
4013,-1.8144229650497437,0.0011508890893310308
4014,-1.7744220495224,0.0011508858297020197
4015,-1.8245559930801392,0.0011508823372423649
4016,-1.7544219493865967,0.0011508783791214228
4017,-1.8194890022277832,0.0011508744210004807
4018,-1.7544219493865967,0.0011508704628795385
4019,-1.8045560121536255,0.0011508653406053782
4020,-1.7845560312271118,0.0011508589377626777
4021,-1.8394900560379028,0.0011508530005812645
4022,-1.7744220495224,0.0011508478783071041
4023,-1.8045560121536255,0.0011508425232023
4024,-1.7794890403747559,0.001150837168097496
4025,-1.7994890213012695,0.0011508329771459103
4026,-1.7994890213012695,0.0011508283205330372
4027,-1.8245559930801392,0.0011508258758112788
4028,-1.8045560121536255,0.0011508231982588768
4029,-1.8045560121536255,0.0011508227325975895
4030,-1.7794890403747559,0.0011508220341056585
4031,-1.8296229839324951,0.001150821102783084
4032,-1.7845560312271118,0.0011508208699524403
4033,-1.8245559930801392,0.0011508208699524403
4034,-1.7642890214920044,0.001150821684859693
4035,-1.8296229839324951,0.0011508213356137276
4036,-1.7744220495224,0.0011508214520290494
4037,-1.8344229459762573,0.0011508220341056585
4038,-1.769355058670044,0.001150822383351624
4039,-1.8296229839324951,0.0011508238967508078
4040,-1.7744220495224,0.0011508279712870717
4041,-1.8096230030059814,0.0011508297175168991
4042,-1.7642890214920044,0.0011508315801620483
4043,-1.8296229839324951,0.0011508347233757377
4044,-1.7794890403747559,0.0011508362367749214
4045,-1.8496229648590088,0.001150836469605565
4046,-1.789355993270874,0.0011508374009281397
4047,-1.8144229650497437,0.0011508396128192544
4048,-1.8045560121536255,0.00115084124263376
4049,-1.8045560121536255,0.0011508442694321275
4050,-1.7744220495224,0.001150847994722426
4051,-1.7994890213012695,0.0011508520692586899
4052,-1.7544219493865967,0.0011508548632264137
4053,-1.8045560121536255,0.0011508564930409193
4054,-1.8096230030059814,0.001150857307948172
4055,-1.8096230030059814,0.0011508588213473558
4056,-1.8245559930801392,0.0011508581228554249
4057,-1.8144229650497437,0.0011508582392707467
4058,-1.7642890214920044,0.0011508604511618614
4059,-1.8144229650497437,0.001150862080976367
4060,-1.7794890403747559,0.0011508630122989416
4061,-1.8144229650497437,0.001150863477960229
4062,-1.7845560312271118,0.0011508618481457233
4063,-1.8045560121536255,0.0011508611496537924
4064,-1.7594890594482422,0.0011508609168231487
4065,-1.8144229650497437,0.001150860683992505
4066,-1.8245559930801392,0.0011508595198392868
4067,-1.8144229650497437,0.0011508616153150797
4068,-1.789355993270874,0.0011508641764521599
4069,-1.8144229650497437,0.001150867436081171
4070,-1.7642890214920044,0.0011508690658956766
4071,-1.8645570278167725,0.0011508696479722857
4072,-1.8045560121536255,0.0011508698808029294
4073,-1.8296229839324951,0.0011508720926940441
4074,-1.7794890403747559,0.0011508716270327568
4075,-1.8445559740066528,0.0011508709285408258
4076,-1.769355058670044,0.0011508698808029294
4077,-1.8245559930801392,0.0011508692987263203
4078,-1.7642890214920044,0.0011508672032505274
4079,-1.8296229839324951,0.0011508646421134472
4080,-1.7944220304489136,0.0011508614988997579
4081,-1.8045560121536255,0.0011508588213473558
4082,-1.7944220304489136,0.001150856027379632
4083,-1.8394900560379028,0.0011508524185046554
4084,-1.7944220304489136,0.001150843920186162
4085,-1.8394900560379028,0.0011508273892104626
4086,-1.7994890213012695,0.0011507768649607897
4087,-1.8496229648590088,0.0011506921146064997
4088,-1.7845560312271118,0.0011505265720188618
4089,-1.8296229839324951,0.0011502447305247188
4090,-1.8194890022277832,0.0011498192325234413
4091,-1.8245559930801392,0.001149197923950851
4092,-1.7744220495224,0.0011481649708002806
4093,-1.8344229459762573,0.0011467405129224062
4094,-1.769355058670044,0.0011449744924902916
4095,-1.8344229459762573,0.001143166096881032
4096,-1.8096230030059814,0.0011413332540541887
4097,-1.8296229839324951,0.0011396508198231459
4098,-1.789355993270874,0.0011378256604075432
4099,-1.8496229648590088,0.0011355387978255749
4100,-1.7794890403747559,0.0011333131697028875
4101,-1.8394900560379028,0.0011311073321849108
4102,-1.7944220304489136,0.0011286635417491198
4103,-1.8194890022277832,0.00112605607137084
4104,-1.8144229650497437,0.0011233702534809709
4105,-1.8096230030059814,0.0011205982882529497
4106,-1.7744220495224,0.0011178140994161367
4107,-1.8245559930801392,0.0011150629725307226
4108,-1.7493549585342407,0.0011120911221951246
4109,-1.8194890022277832,0.0011087502352893353
4110,-1.7794890403747559,0.0011053578928112984
4111,-1.8394900560379028,0.0011021981481462717
4112,-1.7994890213012695,0.0010986232664436102
4113,-1.8144229650497437,0.001094871899113059
4114,-1.7794890403747559,0.0010916024912148714
4115,-1.789355993270874,0.0010881007183343172
4116,-1.789355993270874,0.0010846426011994481
4117,-1.8245559930801392,0.0010809648083522916
4118,-1.7994890213012695,0.0010775376576930285
4119,-1.8496229648590088,0.00107452308293432
4120,-1.7642890214920044,0.0010711770737543702
4121,-1.8096230030059814,0.0010685451561585069
4122,-1.8194890022277832,0.0010657862294465303
4123,-1.8394900560379028,0.0010640056570991874
4124,-1.7794890403747559,0.0010621187975630164
4125,-1.8144229650497437,0.0010600117966532707
4126,-1.7845560312271118,0.0010577004868537188
4127,-1.8496229648590088,0.0010558359790593386
4128,-1.789355993270874,0.0010532273445278406
4129,-1.8645570278167725,0.001050964230671525
4130,-1.7794890403747559,0.0010478845797479153
4131,-1.8245559930801392,0.001044225413352251
4132,-1.7944220304489136,0.0010398079175502062
4133,-1.8296229839324951,0.0010365182533860207
4134,-1.7744220495224,0.0010331985540688038
4135,-1.8296229839324951,0.0010291874641552567
4136,-1.7994890213012695,0.0010259069968014956
4137,-1.8245559930801392,0.001021691830828786
4138,-1.7794890403747559,0.0010173703776672482
4139,-1.7994890213012695,0.00101306417491287
4140,-1.769355058670044,0.0010069343261420727
4141,-1.8245559930801392,0.001001642900519073
4142,-1.7794890403747559,0.0009957565926015377
4143,-1.8245559930801392,0.000989697640761733
4144,-1.7493549585342407,0.000984508078545332
4145,-1.8096230030059814,0.0009779497049748898
4146,-1.7994890213012695,0.0009723867406137288
4147,-1.7994890213012695,0.0009667773265391588
4148,-1.7744220495224,0.0009600719786249101
4149,-1.789355993270874,0.0009545539505779743
4150,-1.7544219493865967,0.0009469640790484846
4151,-1.8245559930801392,0.0009388451580889523
4152,-1.7642890214920044,0.0009296686039306223
4153,-1.7994890213012695,0.0009188716067001224
4154,-1.7493549585342407,0.000908280722796917
4155,-1.8144229650497437,0.0008972034556791186
4156,-1.7642890214920044,0.0008853788021951914
4157,-1.7944220304489136,0.0008693503332324326
4158,-1.7845560312271118,0.0008539059199392796
4159,-1.8296229839324951,0.0008337375475093722
4160,-1.7744220495224,0.0008026381256058812
4161,-1.8194890022277832,0.0007673554355278611
4162,-1.7642890214920044,0.0007234469521790743
4163,-1.8394900560379028,0.0006522282492369413
4164,-1.7642890214920044,0.00058941007591784
4165,-1.7994890213012695,0.0005746828392148018
4166,-1.7744220495224,0.0005609698710031807
4167,-1.8194890022277832,0.0005496065714396536
4168,-1.7794890403747559,0.000538514694198966
4169,-1.7994890213012695,0.0005274534923955798
4170,-1.7594890594482422,0.0005182421300560236
4171,-1.8496229648590088,0.000509777048137039
4172,-1.7944220304489136,0.0005024027777835727
4173,-1.8296229839324951,0.0004948716377839446
4174,-1.7794890403747559,0.0004870516713708639
4175,-1.8245559930801392,0.0004788227961398661
4176,-1.7794890403747559,0.0004723773745354265
4177,-1.8394900560379028,0.00046637171180918813
4178,-1.789355993270874,0.00046159964404068887
4179,-1.8245559930801392,0.00045740348286926746
4180,-1.7192209959030151,0.0004543925169855356
4181,-1.0984139442443848,0.0004516297485679388
4182,-0.21173599362373352,0.0003458989958744496
4183,-0.04666699841618538,0.00030017245444469154
4184,0.2640030086040497,0.00027166103245690465
4185,0.46427199244499207,0.00025169108994305134
4186,0.604541003704071,0.00023616189719177783
4187,0.6848090291023254,0.00022602788521908224
4188,0.8749439716339111,0.00021590152755379677
4189,1.2005480527877808,0.0002060944098047912
4190,1.4861520528793335,0.00019876527949236333
4191,1.5762859582901,0.00018995674327015877
4192,1.7162879705429077,0.0001836474984884262
4193,1.7162879705429077,0.00017814571037888527
4194,1.856557011604309,0.00017194318934343755
4195,1.851755976676941,0.00016823154874145985
4196,1.856557011604309,0.00016492707072757185
4197,1.8165559768676758,0.00016350788064301014
4198,1.8666900396347046,0.00016286603931803256
4199,1.8266890048980713,0.0001637438836041838
4200,1.8816239833831787,0.00016547771519981325
4201,1.846690058708191,0.00016798055730760098
4202,1.8666900396347046,0.0001694627571851015
4203,1.8216229677200317,0.00017129117622971535
4204,1.856557011604309,0.00017302963533438742
4205,1.8066890239715576,0.00017386101535521448
4206,1.846690058708191,0.0001739893777994439
4207,1.7914890050888062,0.0001731376105453819
4208,1.851755976676941,0.0001715836115181446
4209,1.781622052192688,0.000169444436323829
4210,1.8066890239715576,0.00016652241174597293
4211,1.7616219520568848,0.00016413108096458018
4212,1.8216229677200317,0.00016188970766961575
4213,1.7616219520568848,0.0001604161225259304
4214,1.796555995941162,0.00015957397408783436
4215,1.7765560150146484,0.00015883722517173737
4216,1.8165559768676758,0.00015888805501163006
4217,1.7616219520568848,0.00015885662287473679
4218,1.7864220142364502,0.00015977126895450056
4219,1.7314879894256592,0.00016071779828052968
4220,1.7864220142364502,0.0001615228393347934
4221,1.7264219522476196,0.00016196188516914845
4222,1.781622052192688,0.00016293635417241603
4223,1.7264219522476196,0.00016478457837365568
4224,1.7914890050888062,0.00016615197819191962
4225,1.7664220333099365,0.0001687041949480772
4226,1.7616219520568848,0.0001709709467831999
4227,1.7162879705429077,0.00017410641885362566
4228,1.796555995941162,0.00017878561629913747
4229,1.696287989616394,0.00018289382569491863
4230,1.7616219520568848,0.0001883845980046317
4231,1.7413549423217773,0.0001929510326590389
4232,1.7616219520568848,0.00019759700808208436
4233,1.7264219522476196,0.00020372527069412172
4234,1.7514890432357788,0.00020818095072172582
4235,1.7213549613952637,0.00021281505178194493
4236,1.7616219520568848,0.0002176527923438698
4237,1.7064210176467896,0.00022172043099999428
4238,1.7616219520568848,0.0002292604185640812
4239,1.7114880084991455,0.0002356946060899645
4240,1.796555995941162,0.0002447651349939406
4241,1.7213549613952637,0.00025417431606911123
4242,1.7664220333099365,0.0002638234291225672
4243,1.4560179710388184,0.0002741249627433717
4244,0.609607994556427,0.0002847817668225616
4245,0.10373499989509583,0.0002994546084664762
4246,-0.08160100132226944,0.0003142239584121853
4247,-0.4221389889717102,0.0003352240310050547
4248,-0.5624070167541504,0.0003689697477966547
4249,-0.7026749849319458,0.00040448870277032256
4250,-0.7778760194778442,0.00044947469723410904
4251,-1.1032140254974365,0.0005375913460738957
4252,-1.403751015663147,0.0005709914839826524
4253,-1.629086971282959,0.0005862338002771139
4254,-1.6792210340499878,0.0005978556000627577
4255,-1.789355993270874,0.0006091209943406284
4256,-1.7845560312271118,0.0006200397037900984
4257,-1.8594900369644165,0.000630614289548248
4258,-1.8445559740066528,0.000640512618701905
4259,-1.889623999595642,0.0006496009300462902
4260,-1.8496229648590088,0.0006584294023923576
4261,-1.889623999595642,0.0006668496644124389
4262,-1.8794900178909302,0.0006754554342478514
4263,-1.9146909713745117,0.0006843251176178455
4264,-1.8845570087432861,0.0006926957285031676
4265,-1.9296239614486694,0.0007004468352533877
4266,-1.8696229457855225,0.0007064042729325593
4267,-1.8946900367736816,0.0007121272501535714
4268,-1.8344229459762573,0.0007167612784542143
4269,-1.8394900560379028,0.0007245360175147653
4270,-1.8296229839324951,0.0008389033610001206
4271,-1.8997570276260376,0.0008770697750151157
4272,-1.8144229650497437,0.0009080009767785668
4273,-1.874690055847168,0.0009287865832448006
4274,-1.7994890213012695,0.0009449761128053069
4275,-1.8696229457855225,0.0009574061259627342
4276,-1.7845560312271118,0.0009704758413136005
4277,-1.889623999595642,0.0009821383282542229
4278,-1.7794890403747559,0.0009923772886395454
4279,-1.8194890022277832,0.0010047233663499355
4280,-1.789355993270874,0.001013655448332429
4281,-1.8045560121536255,0.0010221026604995131
4282,-1.789355993270874,0.001030858838930726
4283,-1.8045560121536255,0.001037256675772369
4284,-1.789355993270874,0.001044027740135789
4285,-1.8344229459762573,0.0010485452366992831
4286,-1.7794890403747559,0.0010526394471526146
4287,-1.8394900560379028,0.0010547859128564596
4288,-1.7744220495224,0.0010570017620921135
4289,-1.789355993270874,0.0010582456598058343
4290,-1.7845560312271118,0.0010599400848150253
4291,-1.8245559930801392,0.001062013441696763
4292,-1.7744220495224,0.0010638514067977667
4293,-1.8045560121536255,0.0010668684262782335
4294,-1.7642890214920044,0.0010699646081775427
4295,-1.789355993270874,0.0010742074809968472
4296,-1.7794890403747559,0.001078806002624333
4297,-1.8096230030059814,0.0010836913716048002
4298,-1.7544219493865967,0.0010887174867093563
4299,-1.8144229650497437,0.001092789345420897
4300,-1.7944220304489136,0.0010974243050441146
4301,-1.789355993270874,0.0011007697321474552
4302,-1.7744220495224,0.0011037287767976522
4303,-1.8296229839324951,0.0011063112178817391
4304,-1.7642890214920044,0.0011087274178862572
4305,-1.8045560121536255,0.0011110835475847125
4306,-1.7744220495224,0.001113885547965765
4307,-1.7944220304489136,0.0011166813783347607
4308,-1.7794890403747559,0.0011199780274182558
4309,-1.7744220495224,0.0011226898059248924
4310,-1.7642890214920044,0.0011251545511186123
4311,-1.8045560121536255,0.001126925926655531
4312,-1.7744220495224,0.0011290747206658125
4313,-1.8296229839324951,0.001131300232373178
4314,-1.7794890403747559,0.0011330427369102836
4315,-1.8045560121536255,0.001134605030529201
4316,-1.7794890403747559,0.001135864295065403
4317,-1.8144229650497437,0.0011371034197509289
4318,-1.7544219493865967,0.0011380171636119485
4319,-1.7944220304489136,0.0011389355640858412
4320,-1.769355058670044,0.001139683066867292
4321,-1.7944220304489136,0.0011405495461076498
4322,-1.7493549585342407,0.0011415495537221432
4323,-1.8144229650497437,0.0011428848374634981
4324,-1.7493549585342407,0.0011442763498052955
4325,-1.7994890213012695,0.0011458891676738858
4326,-1.7744220495224,0.0011472946498543024
4327,-1.8144229650497437,0.0011490483302623034
4328,-1.7794890403747559,0.001150284893810749
4329,-1.8296229839324951,0.0011516825761646032
4330,-1.7794890403747559,0.0011529766488820314
4331,-1.8096230030059814,0.0011542512802407146
4332,-1.7845560312271118,0.0011556758545339108
4333,-1.7994890213012695,0.0011569052003324032
4334,-1.7744220495224,0.0011584049789234996
4335,-1.8194890022277832,0.001159594627097249
4336,-1.7794890403747559,0.0011606743792071939
4337,-1.8045560121536255,0.0011615208350121975
4338,-1.7594890594482422,0.0011621875455603004
4339,-1.8394900560379028,0.0011628088541328907
4340,-1.7493549585342407,0.0011633947724476457
4341,-1.789355993270874,0.0011638124706223607
4342,-1.7744220495224,0.0011640978045761585
4343,-1.7944220304489136,0.0011643064208328724
4344,-1.7642890214920044,0.0011644908227026463
4345,-1.8144229650497437,0.001164609449915588
4346,-1.7594890594482422,0.0011646832572296262
4347,-1.8144229650497437,0.0011647262144833803
4348,-1.7544219493865967,0.0011647617211565375
4349,-1.8245559930801392,0.001164780231192708
4350,-1.7544219493865967,0.0011647958308458328
4351,-1.8096230030059814,0.0011648109648376703
4352,-1.769355058670044,0.001164827961474657
4353,-1.8144229650497437,0.0011648477520793676
4354,-1.8045560121536255,0.0011648689396679401
4355,-1.8245559930801392,0.0011648873332887888
4356,-1.8045560121536255,0.0011649051448330283
4357,-1.8045560121536255,0.0011649227235466242
4358,-1.7794890403747559,0.001164939720183611
4359,-1.8645570278167725,0.0011649527586996555
4360,-1.7994890213012695,0.0011649621883407235
4361,-1.7994890213012695,0.001164968591183424
4362,-1.7794890403747559,0.0011649723164737225
4363,-1.8096230030059814,0.001164973946288228
4364,-1.7794890403747559,0.0011649755761027336
4365,-1.7994890213012695,0.0011649741791188717
4366,-1.7744220495224,0.0011649734806269407
4367,-1.8144229650497437,0.0011649716179817915
4368,-1.7794890403747559,0.0011649702209979296
4369,-1.8594900369644165,0.0011649674270302057
4370,-1.7845560312271118,0.0011649669613689184
4371,-1.8096230030059814,0.001164965913631022
4372,-1.7744220495224,0.0011649664957076311
4373,-1.8045560121536255,0.0011649664957076311
4374,-1.789355993270874,0.001164967892691493
4375,-1.7994890213012695,0.0011649675434455276
4376,-1.7845560312271118,0.0011649681255221367
4377,-1.8096230030059814,0.0011649676598608494
4378,-1.7845560312271118,0.0011649677762761712
4379,-1.8394900560379028,0.0011649664957076311
4380,-1.789355993270874,0.0011649683583527803
4381,-1.7994890213012695,0.0011649690568447113
4382,-1.7994890213012695,0.0011649704538285732
4383,-1.7944220304489136,0.001164971268735826
4384,-1.7642890214920044,0.0011649730149656534
4385,-1.8096230030059814,0.0011649711523205042
4386,-1.7744220495224,0.0011649703374132514
4387,-1.8296229839324951,0.0011649680091068149
4388,-1.8194890022277832,0.0011649662628769875
4389,-1.8296229839324951,0.0011649648658931255
4390,-1.7794890403747559,0.0011649660300463438
4391,-1.8144229650497437,0.0011649655643850565
4392,-1.7994890213012695,0.0011649669613689184
4393,-1.8245559930801392,0.0011649670777842402
4394,-1.7794890403747559,0.0011649691732600331
4395,-1.8296229839324951,0.001164969988167286
4396,-1.7642890214920044,0.001164971268735826
4397,-1.8245559930801392,0.0011649722000584006
4398,-1.7794890403747559,0.001164973247796297
4399,-1.789355993270874,0.0011649731313809752
4400,-1.7944220304489136,0.0011649718508124352
4401,-1.8096230030059814,0.0011649702209979296
4402,-1.7845560312271118,0.001164969988167286
4403,-1.8296229839324951,0.001164967194199562
4404,-1.7944220304489136,0.0011649653315544128
4405,-1.8245559930801392,0.0011649630032479763
4406,-1.7994890213012695,0.0011649623047560453
4407,-1.8045560121536255,0.001164960558526218
4408,-1.7794890403747559,0.0011649595107883215
4409,-1.8144229650497437,0.0011649566004052758
4410,-1.789355993270874,0.0011649540392681956
4411,-1.8096230030059814,0.001164951710961759
4412,-1.7544219493865967,0.0011649492662400007
4413,-1.8245559930801392,0.001164945657365024
4414,-1.7994890213012695,0.0011649428633973002
4415,-1.8245559930801392,0.0011649401858448982
4416,-1.7744220495224,0.0011649375082924962
4417,-1.8394900560379028,0.0011649345979094505
4418,-1.8144229650497437,0.0011649318039417267
4419,-1.8296229839324951,0.0011649291263893247
4420,-1.7642890214920044,0.0011649278458207846
4421,-1.8394900560379028,0.0011649243533611298
4422,-1.7493549585342407,0.0011649224907159805
4423,-1.8445559740066528,0.0011649199295789003
4424,-1.7744220495224,0.0011649169027805328
4425,-1.789355993270874,0.0011649136431515217
4426,-1.7944220304489136,0.0011649553198367357
4427,-1.8245559930801392,0.0011653273832052946
4428,-1.789355993270874,0.001166340196505189
4429,-1.8245559930801392,0.0011680532479658723
4430,-1.7544219493865967,0.0011695005232468247
4431,-1.8296229839324951,0.0011709720129147172
4432,-1.7594890594482422,0.0011723937932401896
4433,-1.8344229459762573,0.0011740631889551878
4434,-1.789355993270874,0.0011755169834941626
4435,-1.8144229650497437,0.0011768774129450321
4436,-1.7744220495224,0.0011775016319006681
4437,-1.8394900560379028,0.001177026191726327
4438,-1.8045560121536255,0.0011759060434997082
4439,-1.8296229839324951,0.001174809760414064
4440,-1.789355993270874,0.0011736454907804728
4441,-1.8394900560379028,0.0011730508413165808
4442,-1.7845560312271118,0.0011724034557119012
4443,-1.8296229839324951,0.001171772019006312
4444,-1.7642890214920044,0.001171184703707695
4445,-1.8045560121536255,0.0011708687525242567
4446,-1.789355993270874,0.0011703821364790201
4447,-1.7944220304489136,0.0011697415029630065
4448,-1.7845560312271118,0.0011691951658576727
4449,-1.8296229839324951,0.0011684700148180127
4450,-1.789355993270874,0.0011673973640426993
4451,-1.7994890213012695,0.0011663222685456276
4452,-1.7845560312271118,0.001164603396318853
4453,-1.7944220304489136,0.0011625438928604126
4454,-1.789355993270874,0.001160478568635881
4455,-1.8045560121536255,0.001158075057901442
4456,-1.7845560312271118,0.0011548411566764116
4457,-1.8245559930801392,0.001151501783169806
4458,-1.7744220495224,0.0011485526338219643
4459,-1.7944220304489136,0.001145354239270091
4460,-1.7994890213012695,0.0011428282596170902
4461,-1.8394900560379028,0.001140916720032692
4462,-1.7744220495224,0.0011402806267142296
4463,-1.8296229839324951,0.0011406433768570423
4464,-1.7845560312271118,0.0011415723711252213
4465,-1.8096230030059814,0.0011431163875386119
4466,-1.8296229839324951,0.0011445144191384315
4467,-1.8496229648590088,0.0011457755463197827
4468,-1.7845560312271118,0.0011459572706371546
4469,-1.8496229648590088,0.0011460254900157452
4470,-1.789355993270874,0.001146146678365767
4471,-1.8496229648590088,0.001146193826571107
4472,-1.8096230030059814,0.0011455552885308862
4473,-1.8546899557113647,0.0011449141893535852
4474,-1.7794890403747559,0.00114321312867105
4475,-1.8144229650497437,0.0011414524633437395
4476,-1.7642890214920044,0.001139167114160955
4477,-1.8546899557113647,0.001137700630351901
4478,-1.7642890214920044,0.0011358839692547917
4479,-1.8296229839324951,0.0011339405318722129
4480,-1.7794890403747559,0.0011321492493152618
4481,-1.8496229648590088,0.0011287906672805548
4482,-1.7642890214920044,0.0011260497849434614
4483,-1.8144229650497437,0.001122680027037859
4484,-1.8045560121536255,0.0011179916327819228
4485,-1.8245559930801392,0.0011139973066747189
4486,-1.7642890214920044,0.0011086435988545418
4487,-1.8245559930801392,0.0011042737169191241
4488,-1.7544219493865967,0.0011002063984051347
4489,-1.7994890213012695,0.0010944687528535724
4490,-1.7794890403747559,0.0010905221570283175
4491,-1.7994890213012695,0.001086089527234435
4492,-1.734421968460083,0.0010815792484208941
4493,-1.8296229839324951,0.0010775087866932154
4494,-1.7642890214920044,0.0010701797436922789
4495,-1.7994890213012695,0.0010635002981871367
4496,-1.769355058670044,0.0010545384138822556
4497,-1.8096230030059814,0.0010451874695718288
4498,-1.7744220495224,0.0010355133563280106
4499,-1.8194890022277832,0.001025269739329815
4500,-1.7944220304489136,0.001014259411022067
4501,-1.8245559930801392,0.0009994929423555732
4502,-1.7845560312271118,0.0009843609295785427
4503,-1.7944220304489136,0.0009631522698327899
4504,-1.769355058670044,0.0009293140610679984
4505,-1.8045560121536255,0.0008938446990214288
4506,-1.7794890403747559,0.000849130388814956
4507,-1.8144229650497437,0.0007613449124619365
4508,-1.769355058670044,0.0007282817969098687
4509,-1.8144229650497437,0.00071353540988639
4510,-1.7744220495224,0.0007025593658909202
4511,-1.8296229839324951,0.0006920337909832597
4512,-1.7994890213012695,0.0006818913388997316
4513,-1.8344229459762573,0.0006721301469951868
4514,-1.7845560312271118,0.0006630983552895486
4515,-1.8194890022277832,0.000654893578030169
4516,-1.8144229650497437,0.0006469758227467537
4517,-1.8194890022277832,0.000639500271063298
4518,-1.7994890213012695,0.0006318915402516723
4519,-1.8496229648590088,0.000624058535322547
4520,-1.8045560121536255,0.0006167280953377485
4521,-1.8496229648590088,0.000610145041719079
4522,-1.8045560121536255,0.0006055597332306206
4523,-1.8496229648590088,0.0006015822291374207
4524,-1.629086971282959,0.0005991670768707991
4525,-0.8778780102729797,0.0005936173256486654
4526,-0.17680199444293976,0.00048128532944247127
4527,-0.011466999538242817,0.0004449416883289814
4528,0.2890700101852417,0.0004155155620537698
4529,0.5144060254096985,0.000395977491280064
4530,0.6346750259399414,0.0003808896872214973
4531,0.7048090100288391,0.00036944643943570554
4532,0.9701449871063232,0.0003572918358258903
4533,1.310683012008667,0.0003465258050709963
4534,1.5610860586166382,0.0003371777420397848
4535,1.6261539459228516,0.0003257188363932073
4536,1.7365549802780151,0.0003176882746629417
4537,1.7565549612045288,0.00031013780971989036
4538,1.8216229677200317,0.00030228664400056005
4539,1.8216229677200317,0.00029678913415409625
4540,1.8765569925308228,0.0002909213362727314
4541,1.801622986793518,0.0002872965415008366
4542,1.8717570304870605,0.0002841102541424334
4543,1.8365559577941895,0.00028286868473514915
4544,1.911756992340088,0.00028156908228993416
4545,1.856557011604309,0.000281227461528033
4546,1.8866900205612183,0.00028043691418133676
4547,1.8314900398254395,0.00027925948961637914
4548,1.8866900205612183,0.0002783209492918104
4549,1.8416229486465454,0.0002761954383458942
4550,1.856557011604309,0.00027399364626035094
4551,1.8165559768676758,0.0002706365776248276
4552,1.8216229677200317,0.00026692397659644485
4553,1.7864220142364502,0.00026291701942682266
4554,1.7864220142364502,0.0002587662893347442
4555,1.7365549802780151,0.0002555631217546761
4556,1.7914890050888062,0.0002518072142265737
4557,1.7514890432357788,0.0002493383944965899
4558,1.8066890239715576,0.0002472647465765476
4559,1.7765560150146484,0.0002455621142871678
4560,1.801622986793518,0.00024402575218118727
4561,1.7314879894256592,0.00024254224263131618
4562,1.7616219520568848,0.00024061657313723117
4563,1.7413549423217773,0.0002386927662882954
4564,1.7714890241622925,0.00023627388873137534
4565,1.7365549802780151,0.00023443794634658843
4566,1.781622052192688,0.0002328560221940279
4567,1.7864220142364502,0.00023196078836917877
4568,1.796555995941162,0.00023068806331139058
4569,1.7064210176467896,0.00022932894353289157
4570,1.7914890050888062,0.00022846281353849918
4571,1.7464220523834229,0.00022777263075113297
4572,1.7664220333099365,0.00022738883853890002
4573,1.70135498046875,0.00022702135902363807
4574,1.7714890241622925,0.0002269900869578123
4575,1.7213549613952637,0.00022694825020153075
4576,1.7864220142364502,0.00022708266624249518
4577,1.7514890432357788,0.0002270916011184454
4578,1.7464220523834229,0.0002269684337079525
4579,1.70135498046875,0.00022650625032838434
4580,1.7464220523834229,0.00022599085059482604
4581,1.70135498046875,0.0002252450940432027
4582,1.7565549612045288,0.00022471191186923534
4583,1.7314879894256592,0.00022382871247828007
4584,1.7664220333099365,0.00022350414656102657
4585,1.7264219522476196,0.00022289094340521842
4586,1.7565549612045288,0.0002223219780717045
4587,1.305616021156311,0.00022179936058819294
4588,0.47440600395202637,0.00022123870439827442
4589,0.02346700057387352,0.00022096412430983037
4590,-0.14666900038719177,0.0002204984484706074
4591,-0.49733999371528625,0.00022038607858121395
4592,-0.5674740076065063,0.00022057685418985784
4593,-0.7077419757843018,0.00022108983830548823
4594,-0.8178769946098328,0.00022195689962245524
4595,-1.188547968864441,0.00022306137543637305
4596,-1.4840190410614014,0.0002243641356471926
4597,-1.6040199995040894,0.00022633024491369724
4598,-1.66935396194458,0.000228391116252169
4599,-1.7493549585342407,0.0002304883673787117
4600,-1.8045560121536255,0.00023244679323397577
4601,-1.874690055847168,0.00023446479463018477
4602,-1.8794900178909302,0.0002368582208873704
4603,-1.9045569896697998,0.0002397900098003447
4604,-1.8546899557113647,0.0002423790137981996
4605,-1.9146909713745117,0.0002449719759169966
4606,-1.8394900560379028,0.0002472028718329966
4607,-1.9197570085525513,0.000249379372689873
4608,-1.874690055847168,0.0002518529072403908
4609,-1.9146909713745117,0.0002542255097068846
4610,-1.8594900369644165,0.00025628902949392796
4611,-1.8997570276260376,0.00025824186741374433
4612,-1.8645570278167725,0.0002599414438009262
4613,-1.8845570087432861,0.00026172626530751586
4614,-1.8144229650497437,0.00026368669932708144
4615,-1.8645570278167725,0.00026547405286692083
4616,-1.8194890022277832,0.0002672542759682983
4617,-1.8496229648590088,0.0002689193352125585
4618,-1.8045560121536255,0.0002708672545850277
4619,-1.8194890022277832,0.00027295079780742526
4620,-1.7845560312271118,0.000274658523267135
4621,-1.8296229839324951,0.00027589514502324164
4622,-1.7794890403747559,0.00027705932734534144
4623,-1.8096230030059814,0.0002784068346954882
4624,-1.7642890214920044,0.00027992360992357135
4625,-1.8144229650497437,0.00028151110745966434
4626,-1.7642890214920044,0.0002829002623911947
4627,-1.7994890213012695,0.00028436174034141004
4628,-1.7493549585342407,0.0002857858780771494
4629,-1.8144229650497437,0.0002874757628887892
4630,-1.7642890214920044,0.00028978739283047616
4631,-1.789355993270874,0.00029249428189359605
4632,-1.7544219493865967,0.00029546450241468847
4633,-1.8144229650497437,0.00029854438616894186
4634,-1.7642890214920044,0.0003011047374457121
4635,-1.7794890403747559,0.00030323179089464247
4636,-1.7544219493865967,0.00030515497201122344
4637,-1.8045560121536255,0.000306691654259339
4638,-1.7442879676818848,0.0003079739981330931
4639,-1.8045560121536255,0.00030913777300156653
4640,-1.769355058670044,0.00031045108335092664
4641,-1.8045560121536255,0.0003121748159173876
4642,-1.7794890403747559,0.00031405198387801647
4643,-1.8045560121536255,0.00031571678118780255
4644,-1.729354977607727,0.00031723681604489684
4645,-1.7794890403747559,0.00031885068165138364
4646,-1.7442879676818848,0.0003207943809684366
4647,-1.789355993270874,0.0003232378512620926
4648,-1.7744220495224,0.0003256800991948694
4649,-1.769355058670044,0.0003281733370386064
4650,-1.734421968460083,0.0003309514722786844
4651,-1.7994890213012695,0.0003342251875437796
4652,-1.7493549585342407,0.00033798348158597946
4653,-1.7744220495224,0.00034234035410918295
4654,-1.7394880056381226,0.0003474299446679652
4655,-1.8045560121536255,0.0003525315842125565
4656,-1.724287986755371,0.0003576852031983435
4657,-1.8194890022277832,0.0003630896098911762
4658,-1.7442879676818848,0.0003689732402563095
4659,-1.7845560312271118,0.00037552445428445935
4660,-1.7442879676818848,0.0003829297493211925
4661,-1.7944220304489136,0.00039093242958188057
4662,-1.7594890594482422,0.0003996326122432947
4663,-1.7944220304489136,0.0004078657948412001
4664,-1.7594890594482422,0.0004153568297624588
4665,-1.8045560121536255,0.00042198339360766113
4666,-1.7442879676818848,0.00042795733315870166
4667,-1.8144229650497437,0.00043349858606234193
4668,-1.7544219493865967,0.00043885534978471696
4669,-1.789355993270874,0.00044424738734960556
4670,-1.7442879676818848,0.0004499606438912451
4671,-1.7744220495224,0.0004561886307783425
4672,-1.7794890403747559,0.0004631982301361859
4673,-1.8296229839324951,0.0004711512883659452
4674,-1.7594890594482422,0.000479342183098197
4675,-1.8045560121536255,0.00048756846808828413
4676,-1.7642890214920044,0.0004952939925715327
4677,-1.8045560121536255,0.0005026779253967106
4678,-1.7944220304489136,0.0005099199479445815
4679,-1.8245559930801392,0.0005171338561922312
4680,-1.7042880058288574,0.0005247256485745311
4681,-1.078147053718567,0.0005323381046764553
4682,-0.20693600177764893,0.0005397662753239274
4683,-0.0013330000219866633,0.0005467123701237142
4684,0.27386999130249023,0.0005528941401280463
4685,0.4893389940261841,0.0005583930760622025
4686,0.609607994556427,0.0005643194308504462
4687,0.6896089911460876,0.0005704004433937371
4688,0.8901439905166626,0.0005766137037426233
4689,1.2306820154190063,0.000582809851039201
4690,1.5160189867019653,0.0005893067573197186
4691,1.5810860395431519,0.0005959318950772285
4692,1.7565549612045288,0.000602424202952534
4693,1.70135498046875,0.0006093139527365565
4694,1.801622986793518,0.0006163570797070861
4695,1.8416229486465454,0.0006230504950508475
4696,1.846690058708191,0.0006299071246758103
4697,1.801622986793518,0.0006363795837387443
4698,1.846690058708191,0.000643131963443011
4699,1.846690058708191,0.0006492654210887849
4700,1.8616230487823486,0.0006553856073878706
4701,1.846690058708191,0.0006610531127080321
4702,1.8816239833831787,0.0006670381408184767
4703,1.851755976676941,0.0006726186256855726
4704,1.8816239833831787,0.0006775436922907829
4705,1.8066890239715576,0.0006823275471106172
4706,1.8616230487823486,0.0006871682126075029
4707,1.8165559768676758,0.0006915758713148534
4708,1.851755976676941,0.0006958593148738146
4709,1.781622052192688,0.000700093456543982
4710,1.8314900398254395,0.0007040099008008838
4711,1.7314879894256592,0.0007076238980516791
4712,1.8266890048980713,0.0007110585574992001
4713,1.781622052192688,0.0007143185939639807
4714,1.8114889860153198,0.0007172308396548033
4715,1.7514890432357788,0.0007195500656962395
4716,1.7864220142364502,0.0007212263881228864
4717,1.7765560150146484,0.000722033844795078
4718,1.796555995941162,0.000721639720723033
4719,1.7413549423217773,0.0007201213156804442
4720,1.7864220142364502,0.000718077877536416
4721,1.7064210176467896,0.0007156081264838576
4722,1.7714890241622925,0.0007134509505704045
4723,1.7664220333099365,0.0007122327224351466
4724,1.781622052192688,0.0007120453519746661
4725,1.7264219522476196,0.0007122681709006429
4726,1.781622052192688,0.0007123383693397045
4727,1.7365549802780151,0.000712195411324501
4728,1.7765560150146484,0.0007121460512280464
4729,1.7314879894256592,0.0007125027477741241
4730,1.7765560150146484,0.0007132805185392499
4731,1.7565549612045288,0.0007143833208829165
4732,1.7565549612045288,0.0007152860052883625
4733,1.7213549613952637,0.0007158281514421105
4734,1.781622052192688,0.0007159719243645668
4735,1.7765560150146484,0.0007163221016526222
4736,1.781622052192688,0.000716784386895597
4737,1.7565549612045288,0.0007171037141233683
4738,1.7864220142364502,0.0007175338687375188
4739,1.7314879894256592,0.0007180484244599938
4740,1.7565549612045288,0.0007184430724009871
4741,1.7514890432357788,0.0007187471492215991
4742,1.801622986793518,0.0007193263154476881
4743,1.4960190057754517,0.0007199793471954763
4744,0.6946750283241272,0.0007209105533547699
4745,0.12880200147628784,0.000721729826182127
4746,-0.04160099849104881,0.0007221405394375324
4747,-0.39200499653816223,0.0007220965344458818
4748,-0.5522739887237549,0.0007218903629109263
4749,-0.6626750230789185,0.0007218548562377691
4750,-0.7728099822998047,0.0007219066610559821
4751,-1.113347053527832,0.0007220420520752668
4752,-1.34375,0.0007222417625598609
4753,-1.5792200565338135,0.0007223653374239802
4754,-1.634153962135315,0.0007228331523947418
4755,-1.7544219493865967,0.0007239887490868568
4756,-1.8144229650497437,0.0007257020333781838
4757,-1.9346909523010254,0.0007275540847331285
4758,-1.9045569896697998,0.000729645136743784
4759,-1.9245569705963135,0.0007311335066333413
4760,-1.8594900369644165,0.0007322747260332108
4761,-1.8946900367736816,0.0007332084933295846
4762,-1.8645570278167725,0.0007338004652410746
4763,-1.9296239614486694,0.0007341263117268682
4764,-1.8794900178909302,0.0007343498873524368
4765,-1.9346909523010254,0.0007347515202127397
4766,-1.8794900178909302,0.0007355868583545089
4767,-1.8997570276260376,0.000736558809876442
4768,-1.8445559740066528,0.0007371733663603663
4769,-1.8794900178909302,0.000737611495424062
4770,-1.8344229459762573,0.0007380681345239282
4771,-1.8645570278167725,0.0007387577788904309
4772,-1.8045560121536255,0.0007399117457680404
4773,-1.8794900178909302,0.0007415099535137415
4774,-1.66935396194458,0.0007433760911226273
4775,-0.9330779910087585,0.000745501194614917
4776,-0.20693600177764893,0.0007479054620489478
4777,-0.05653399974107742,0.0007504526292905211
4778,0.27386999130249023,0.0007531506707891822
4779,0.4794729948043823,0.0007558231591247022
4780,0.604541003704071,0.0007583681144751608
4781,0.6797419786453247,0.0007611971814185381
4782,0.9400119781494141,0.0007641284610144794
4783,1.2456159591674805,0.0007672193460166454
4784,1.5010850429534912,0.0007706041214987636
4785,1.5962870121002197,0.0007742398884147406
4786,1.7213549613952637,0.0007780134910717607
4787,1.7464220523834229,0.0007819088059477508
4788,1.801622986793518,0.0007858625031076372
4789,1.8165559768676758,0.0007898419862613082
4790,1.8616230487823486,0.0007938211201690137
4791,1.801622986793518,0.0007978102075867355
4792,1.8666900396347046,0.0008017755462788045
4793,1.8266890048980713,0.0008057415252551436
4794,1.911756992340088,0.0008096933597698808
4795,1.8666900396347046,0.0008136621909216046
4796,1.8816239833831787,0.000817611173260957
4797,1.8266890048980713,0.0008215752895921469
4798,1.8616230487823486,0.0008255187422037125
4799,1.7765560150146484,0.000829472322948277
4800,1.856557011604309,0.0008334082085639238
4801,1.7914890050888062,0.0008373711025342345
4802,1.846690058708191,0.0008413185132667422
4803,1.7914890050888062,0.0008452699985355139
4804,1.8216229677200317,0.0008492161286994815
4805,1.7413549423217773,0.0008531821658834815
4806,1.7714890241622925,0.0008571359212510288
4807,1.7664220333099365,0.0008611051016487181
4808,1.7864220142364502,0.0008650663075968623
4809,1.7765560150146484,0.0008690396789461374
4810,1.8216229677200317,0.0008730030385777354
4811,1.7514890432357788,0.0008769814157858491
4812,1.781622052192688,0.0008809472201392055
4813,1.7365549802780151,0.0008849300211295485
4814,1.781622052192688,0.0008888918673619628
4815,1.7365549802780151,0.0008928629686124623
4816,1.781622052192688,0.0008968248730525374
4817,1.7413549423217773,0.0009007970220409334
4818,1.781622052192688,0.0009047591593116522
4819,1.7264219522476196,0.0009087382350116968
4820,1.7616219520568848,0.0009127043304033577
4821,1.7514890432357788,0.000916676945053041
4822,1.7864220142364502,0.0009206356480717659
4823,1.7616219520568848,0.0009245983092114329
4824,1.801622986793518,0.0009285559644922614
4825,1.7413549423217773,0.0009325385326519608
4826,1.7464220523834229,0.0009365023579448462
4827,1.7413549423217773,0.0009404786396771669
4828,1.7714890241622925,0.0009444506140425801
4829,1.70135498046875,0.0009484328329563141
4830,1.7514890432357788,0.0009524013148620725
4831,1.7264219522476196,0.0009563820203766227
4832,1.7514890432357788,0.0009603602811694145
4833,1.7413549423217773,0.000964360951911658
4834,1.781622052192688,0.0009683523094281554
4835,1.7365549802780151,0.000971880741417408
4836,1.7616219520568848,0.0009748706361278892
4837,1.7162879705429077,0.0009776233928278089
4838,1.7616219520568848,0.000980303273536265
4839,1.7413549423217773,0.0009826046880334616
4840,1.7664220333099365,0.0009845989989116788
4841,1.7565549612045288,0.0009866748005151749
4842,1.7765560150146484,0.0009884749306365848
4843,1.7314879894256592,0.0009898669086396694
4844,1.7765560150146484,0.0009909926448017359
4845,1.7314879894256592,0.0009920855518430471
4846,1.7616219520568848,0.0009927998762577772
4847,1.7114880084991455,0.0009933842811733484
4848,1.7714890241622925,0.000993921305052936
4849,1.7314879894256592,0.000994769623503089
4850,1.7664220333099365,0.000995683018118143
4851,1.7514890432357788,0.0009962760377675295
4852,1.7565549612045288,0.0009963405318558216
4853,1.7365549802780151,0.0009958110749721527
4854,1.7565549612045288,0.0009955399436876178
4855,1.7314879894256592,0.0009958544978871942
4856,1.796555995941162,0.000996815855614841
4857,1.7664220333099365,0.0009975292487069964
4858,1.781622052192688,0.0009973648702725768
4859,1.7514890432357788,0.0009963642805814743
4860,1.7864220142364502,0.000995777198113501
4861,1.7413549423217773,0.0009953337721526623
4862,1.7664220333099365,0.0009948678780347109
4863,1.7464220523834229,0.000994431204162538
4864,1.7714890241622925,0.0009936434216797352
4865,1.7264219522476196,0.000993077177554369
4866,1.7914890050888062,0.0009924026671797037
4867,1.7264219522476196,0.0009916224516928196
4868,1.7464220523834229,0.0009910541120916605
4869,1.7464220523834229,0.0009904522448778152
4870,1.7314879894256592,0.000989801250398159
4871,1.7064210176467896,0.0009894048562273383
4872,1.7413549423217773,0.0009890806395560503
4873,1.7264219522476196,0.0009889074135571718
4874,1.7664220333099365,0.000988455256447196
4875,1.7413549423217773,0.0009878259152173996
4876,1.7765560150146484,0.000987526378594339
4877,1.7264219522476196,0.0009877075208351016
4878,1.7864220142364502,0.0009879479184746742
4879,1.7616219520568848,0.000988007988780737
4880,1.7616219520568848,0.0009879053104668856
4881,1.7365549802780151,0.0009877451229840517
4882,1.7914890050888062,0.0009877870324999094
4883,1.7664220333099365,0.0009877688717097044
4884,1.7714890241622925,0.0009877788834273815
4885,1.7565549612045288,0.0009875325486063957
4886,1.781622052192688,0.0009866554755717516
4887,1.7264219522476196,0.0009853901574388146
4888,1.781622052192688,0.0009838524274528027
4889,1.7314879894256592,0.0009822053834795952
4890,1.781622052192688,0.000981067307293415
4891,1.7413549423217773,0.000980365090072155
4892,1.7714890241622925,0.0009798568207770586
4893,1.7464220523834229,0.0009797376114875078
4894,1.7765560150146484,0.0009798711398616433
4895,1.7162879705429077,0.0009801643900573254
4896,1.7464220523834229,0.0009804763831198215
4897,1.7213549613952637,0.0009805955924093723
4898,1.7314879894256592,0.0009807443711906672
4899,1.7314879894256592,0.00098144612275064
4900,1.7514890432357788,0.000982819008640945
4901,1.7162879705429077,0.0009844156447798014
4902,1.7714890241622925,0.0009857339318841696
4903,1.7314879894256592,0.0009864853927865624
4904,1.781622052192688,0.0009866149630397558
4905,1.7514890432357788,0.0009864026214927435
4906,1.7765560150146484,0.0009857622208073735
4907,1.7514890432357788,0.0009845102904364467
4908,1.7714890241622925,0.0009829433402046561
4909,1.7514890432357788,0.0009807543829083443
4910,1.7514890432357788,0.000978047028183937
4911,1.7264219522476196,0.0009750591707415879
4912,1.7864220142364502,0.0009720126399770379
4913,1.7616219520568848,0.0009686831035651267
4914,1.7864220142364502,0.0009651061263866723
4915,1.7213549613952637,0.0009609208209440112
4916,1.7464220523834229,0.0009557135053910315
4917,1.7565549612045288,0.0009496782440692186
4918,1.7765560150146484,0.0009428344201296568
4919,1.7264219522476196,0.0009366016602143645
4920,1.781622052192688,0.0009315033094026148
4921,1.7616219520568848,0.0009273971081711352
4922,1.781622052192688,0.0009234843892045319
4923,1.7314879894256592,0.0009197788313031197
4924,1.7714890241622925,0.0009163254289887846
4925,1.7314879894256592,0.0009131628321483731
4926,1.7664220333099365,0.0009096501162275672
4927,1.7514890432357788,0.0009052632958628237
4928,1.7413549423217773,0.0008998300181701779
4929,1.7765560150146484,0.0008934262441471219
4930,1.68135404586792,0.0008867841679602861
4931,1.1104140281677246,0.0008802058291621506
4932,0.28400400280952454,0.0008742169593460858
4933,-0.006399999838322401,0.0008685998618602753
4934,-0.2418700009584427,0.0008631432428956032
4935,-0.5024060010910034,0.0008578112465329468
4936,-0.592540979385376,0.0008519576513208449
4937,-0.7477430105209351,0.0008461131365038455
4938,-0.8680109977722168,0.0008405902190133929
4939,-1.2736159563064575,0.0008356308680959046
4940,-1.4840190410614014,0.0008309435215778649
4941,-1.6792210340499878,0.0008259391179308295
4942,-1.7093549966812134,0.000820517772808671
4943,-1.8245559930801392,0.0008149262284860015
4944,-1.7994890213012695,0.0008094412041828036
4945,-1.9146909713745117,0.0008037119405344129
4946,-1.8997570276260376,0.0007972975145094097
4947,-1.9146909713745117,0.0007903565419837832
4948,-1.8794900178909302,0.0007838517194613814
4949,-1.9296239614486694,0.0007775964913889766
4950,-1.8997570276260376,0.0007716608233749866
4951,-1.9346909523010254,0.0007660341798327863
4952,-1.8645570278167725,0.0007600493263453245
4953,-1.9245569705963135,0.0007537922356277704
4954,-1.8645570278167725,0.000747250160202384
4955,-1.9045569896697998,0.000740922405384481
4956,-1.8496229648590088,0.0007351255044341087
4957,-1.874690055847168,0.0007294653914868832
4958,-1.8696229457855225,0.0007239881670102477
4959,-1.8794900178909302,0.0007190635660663247
4960,-1.8394900560379028,0.000714963476639241
4961,-1.8794900178909302,0.0007118458161130548
4962,-1.8045560121536255,0.0007092150626704097
4963,-1.8445559740066528,0.0007076043402776122
4964,-1.8144229650497437,0.0007064152741804719
4965,-1.8445559740066528,0.0007048457628116012
4966,-1.8144229650497437,0.0007034202571958303
4967,-1.8144229650497437,0.0007026621024124324
4968,-1.8045560121536255,0.0007026292732916772
4969,-1.8496229648590088,0.0007030551205389202
4970,-1.8045560121536255,0.0007040941854938865
4971,-1.8245559930801392,0.0007056052563712001
4972,-1.7794890403747559,0.0007070235442370176
4973,-1.7994890213012695,0.0007087273988872766
4974,-1.7744220495224,0.0007110902806743979
4975,-1.8045560121536255,0.0007139394292607903
4976,-1.7744220495224,0.0007166722789406776
4977,-1.8645570278167725,0.0007197327213361859
4978,-1.7744220495224,0.0007225708104670048
4979,-1.8045560121536255,0.0007251857314258814
4980,-1.7642890214920044,0.0007272107177414
4981,-1.789355993270874,0.0007291543297469616
4982,-1.7594890594482422,0.0007315041730180383
4983,-1.8245559930801392,0.0007342048338614404
4984,-1.789355993270874,0.0007366511272266507
4985,-1.8045560121536255,0.0007388250669464469
4986,-1.7594890594482422,0.0007405303185805678
4987,-1.8296229839324951,0.0007415928412228823
4988,-1.7394880056381226,0.0007428932003676891
4989,-1.8045560121536255,0.0007443505455739796
4990,-1.7744220495224,0.0007454643491655588
4991,-1.8194890022277832,0.0007461459608748555
4992,-1.734421968460083,0.000746630656067282
4993,-1.5189520120620728,0.0007471870630979538
4994,-0.5522739887237549,0.0007473907899111509
4995,-0.1165350005030632,0.0007474085432477295
4996,0.11360099911689758,0.0007473097066394985
4997,0.36427098512649536,0.0007473445148207247
4998,0.554407000541687,0.0007473508594557643
4999,0.6194739937782288,0.0007472200086340308
5000,0.7848100066184998,0.0007469216943718493
5001,1.0402799844741821,0.0007468612166121602
5002,1.4258840084075928,0.0007472315919585526
5003,1.546152949333191,0.0007479486521333456
5004,1.6712210178375244,0.0007488342234864831
5005,1.7114880084991455,0.0007495229365304112
5006,1.8266890048980713,0.0007502598455175757
5007,1.7914890050888062,0.0007510439609177411
5008,1.856557011604309,0.0007518854108639061
5009,1.8266890048980713,0.0007528079440817237
5010,1.846690058708191,0.0007534192409366369
5011,1.8314900398254395,0.0007534021278843284
5012,1.8866900205612183,0.0007529536378569901
5013,1.8266890048980713,0.0007524125394411385
5014,1.8717570304870605,0.0007517114281654358
5015,1.8314900398254395,0.0007516468176618218
5016,1.8365559577941895,0.0007519526407122612
5017,1.7914890050888062,0.000752470747102052
5018,1.8666900396347046,0.0007533567259088159
5019,1.781622052192688,0.0007544936379417777
5020,1.856557011604309,0.0007557424833066761
5021,1.7914890050888062,0.0007567993015982211
5022,1.8365559577941895,0.0007574330666102469
5023,1.7864220142364502,0.0007579243974760175
5024,1.7914890050888062,0.0007587795262224972
5025,1.7616219520568848,0.0007598158554174006
5026,1.8266890048980713,0.0007608518935739994
5027,1.7664220333099365,0.0007616492221131921
5028,1.8216229677200317,0.0007619879906997085
5029,1.781622052192688,0.0007618540548719466
5030,1.8314900398254395,0.000761411851271987
5031,1.7213549613952637,0.0007606408325955272
5032,1.781622052192688,0.0007596015348099172
5033,1.7314879894256592,0.0007582801626995206
5034,1.7765560150146484,0.0007566122221760452
5035,1.7565549612045288,0.0007545854896306992
5036,1.7714890241622925,0.0007522149826399982
5037,1.7264219522476196,0.0007495424943044782
5038,1.7765560150146484,0.0007469793199561536
5039,1.7314879894256592,0.0007444448419846594
5040,1.7464220523834229,0.0007419397006742656
5041,1.7314879894256592,0.0007394404383376241
5042,1.7765560150146484,0.0007369680097326636
5043,1.7413549423217773,0.0007344757905229926
5044,1.7616219520568848,0.0007319930009543896
5045,1.6864210367202759,0.0007294918759725988
5046,1.7464220523834229,0.0007270234054885805
5047,1.7413549423217773,0.0007245437009260058
5048,1.7616219520568848,0.0007220745319500566
5049,1.70135498046875,0.0007195904618129134
5050,1.7664220333099365,0.0007171398610807955
5051,1.7064210176467896,0.000714664813131094
5052,1.7565549612045288,0.0007122183451429009
5053,1.7565549612045288,0.0007097616326063871
5054,1.7914890050888062,0.0007073080050759017
5055,1.6914880275726318,0.0007048285333439708
5056,1.7464220523834229,0.0007023796788416803
5057,1.7213549613952637,0.0006999035831540823
5058,1.7616219520568848,0.0006974448333494365
5059,1.7264219522476196,0.0006949912058189511
5060,1.7616219520568848,0.0006925570196472108
5061,1.7413549423217773,0.0006900959415361285
5062,1.7616219520568848,0.0006876441184431314
5063,1.70135498046875,0.0006851761718280613
5064,1.7464220523834229,0.0006827292963862419
5065,1.7714890241622925,0.0006802743300795555
5066,1.7714890241622925,0.0006778305396437645
5067,1.7162879705429077,0.0006753656780347228
5068,1.7616219520568848,0.0006729082087986171
5069,1.70135498046875,0.0006704226834699512
5070,1.7264219522476196,0.0006679568323306739
5071,1.7264219522476196,0.000665481376927346
5072,1.7464220523834229,0.000663025479298085
5073,1.7264219522476196,0.0006605633534491062
5074,1.7514890432357788,0.0006581171182915568
5075,1.70135498046875,0.0006556487642228603
5076,1.7464220523834229,0.0006532069528475404
5077,1.7213549613952637,0.0006507522193714976
5078,1.7464220523834229,0.0006483083125203848
5079,1.7514890432357788,0.0006458619027398527
5080,1.7765560150146484,0.000643421895802021
5081,1.7264219522476196,0.0006409497000277042
5082,1.8066890239715576,0.0006385179003700614
5083,1.7413549423217773,0.0006361300474964082
5084,1.7864220142364502,0.0006338120438158512
5085,1.7616219520568848,0.0006315261125564575
5086,1.781622052192688,0.0006293019978329539
5087,1.2757489681243896,0.0006272492464631796
5088,0.4442720115184784,0.0006254049367271364
5089,0.05360100045800209,0.000623949570581317
5090,-0.16666899621486664,0.0006228701095096767
5091,-0.44213899970054626,0.0006227755802683532
5092,-0.537339985370636,0.0006238016649149358
5093,-0.7226759791374207,0.0006250452133826911
5094,-0.8277440071105957,0.0006265984266065061
5095,-1.1784149408340454,0.0006289628800004721
5096,-1.4488179683685303,0.0006322344415821135
5097,-1.629086971282959,0.0006364210275933146
5098,-1.6992210149765015,0.000641656864900142
5099,-1.8245559930801392,0.0006480462616309524
5100,-1.8445559740066528,0.0006544836796820164
5101,-1.8997570276260376,0.000660334131680429
5102,-1.889623999595642,0.0006655541365034878
5103,-1.8845570087432861,0.0006701502716168761
5104,-1.8946900367736816,0.0006741185788996518
5105,-1.9045569896697998,0.0006774062057957053
5106,-1.9045569896697998,0.0006804317235946655
5107,-1.9546910524368286,0.0006837778491899371
5108,-1.8794900178909302,0.0006879557040520012
5109,-1.9045569896697998,0.0006928793154656887
5110,-1.8794900178909302,0.0006985095096752048
5111,-1.889623999595642,0.0007043051882646978
5112,-1.8496229648590088,0.0007097086636349559
5113,-1.9245569705963135,0.0007150217425078154
5114,-1.874690055847168,0.0007200052496045828
5115,-1.9045569896697998,0.000724466925021261
5116,-1.8344229459762573,0.00072810472920537
5117,-1.8645570278167725,0.0007309708162210882
5118,-1.558953046798706,0.0007333701942116022
5119,-0.7077419757843018,0.0007346735801547766
5120,-0.1717350035905838,0.0007353645050898194
5121,-0.011466999538242817,0.0007354712579399347
5122,0.3490709960460663,0.0007355789421126246
5123,0.4592060148715973,0.0007356309215538204
5124,0.6397410035133362,0.0007355689303949475
5125,0.714676022529602,0.0007353421533480287
5126,1.0301460027694702,0.0007349124643951654
5127,1.305616021156311,0.0007344020414166152
5128,1.5762859582901,0.0007338327122852206
5129,1.6162869930267334,0.0007332296809181571
5130,1.7213549613952637,0.0007326335180550814
5131,1.7365549802780151,0.0007320774020627141
5132,1.8165559768676758,0.0007315821130760014
5133,1.8165559768676758,0.0007310773944482207
5134,1.856557011604309,0.0007305914768949151
5135,1.796555995941162,0.0007300992729142308
5136,1.851755976676941,0.0007296066032722592
5137,1.846690058708191,0.0007291034562513232
5138,1.8968240022659302,0.0007286042673513293
5139,1.8314900398254395,0.000728088547475636
5140,1.856557011604309,0.0007275840034708381
5141,1.8165559768676758,0.0007270608912222087
5142,1.8114889860153198,0.0007265574531629682
5143,1.7914890050888062,0.0007260675774887204
5144,1.846690058708191,0.0007256167009472847
5145,1.7914890050888062,0.0007252150680869818
5146,1.8666900396347046,0.0007249070331454277
5147,1.801622986793518,0.0007247155299410224
5148,1.8365559577941895,0.0007246562745422125
5149,1.6112200021743774,0.0007248834008350968
5150,0.9200109839439392,0.0007253721123561263
5151,0.22400300204753876,0.0007258441182784736
5152,0.05866700038313866,0.0007262218277901411
5153,-0.2920039892196655,0.0007266112370416522
5154,-0.47227299213409424,0.0007272810325957835
5155,-0.642408013343811,0.0007283699233084917
5156,-0.7125419974327087,0.0007301488658413291
5157,-1.0032130479812622,0.0007332171080633998
5158,-1.2586820125579834,0.000737422495149076
5159,-1.574152946472168,0.000742554955650121
5160,-1.629086971282959,0.0007496284088119864
5161,-1.7642890214920044,0.0007573084440082312
5162,-1.7794890403747559,0.000765896518714726
5163,-1.874690055847168,0.0007758386200293899
5164,-1.889623999595642,0.0007874363218434155
5165,-1.9045569896697998,0.0008014817722141743
5166,-1.874690055847168,0.0008186049526557326
5167,-1.9296239614486694,0.0008362767985090613
5168,-1.9045569896697998,0.0008537115063518286
5169,-1.9296239614486694,0.0008717024466022849
5170,-1.8997570276260376,0.0008910546312108636
5171,-1.9296239614486694,0.0009129435056820512
5172,-1.889623999595642,0.0009391813073307276
5173,-1.9096239805221558,0.000967706146184355
5174,-1.8546899557113647,0.0009979032911360264
5175,-1.8645570278167725,0.0010311577934771776
5176,-1.8296229839324951,0.001069474732503295
5177,-1.9146909713745117,0.0011139264097437263
5178,-1.8045560121536255,0.0011676044669002295
5179,-1.8645570278167725,0.001229580957442522
5180,-1.724287986755371,0.0012971191899850965
5181,-1.0933469533920288,0.001365255331620574
5182,-0.2818700075149536,0.0014380161883309484
5183,-0.09653499722480774,0.0015231352299451828
5184,0.24400299787521362,0.0016173652838915586
5185,0.44933900237083435,0.0017211830709129572
5186,0.5845410227775574,0.0018418788677081466
5187,0.6546750068664551,0.0019646272994577885
5188,0.8800110220909119,0.002080646576359868
5189,1.2154819965362549,0.0021776705980300903
5190,1.4610849618911743,0.0022238343954086304
5191,1.5560189485549927,0.002254825085401535
5192,1.696287989616394,0.00227889372035861
5193,1.7264219522476196,0.002299455925822258
5194,1.8216229677200317,0.0023188930936157703
5195,1.8165559768676758,0.0023369332775473595
5196,1.8616230487823486,0.0023537790402770042
5197,1.8165559768676758,0.002369642723351717
5198,1.856557011604309,0.002385381143540144
5199,1.8666900396347046,0.002399894641712308
5200,1.8816239833831787,0.00241383770480752
5201,1.856557011604309,0.0024234990123659372
5202,1.911756992340088,0.002432611770927906
5203,1.8165559768676758,0.0024394451174885035
5204,1.856557011604309,0.002445709425956011
5205,1.796555995941162,0.002450126688927412
5206,1.8165559768676758,0.002454721834510565
5207,1.8114889860153198,0.002458697184920311
5208,1.8365559577941895,0.002462573116645217
5209,1.801622986793518,0.002465900033712387
5210,1.8066890239715576,0.0024694963358342648
5211,1.7765560150146484,0.0025607412680983543
5212,1.8066890239715576,0.0026412643492221832
5213,1.7616219520568848,0.002741260454058647
5214,1.8616230487823486,0.0028469772078096867
5215,1.781622052192688,0.0029567787423729897
5216,1.8114889860153198,0.003054496133700013
5217,1.7514890432357788,0.0031417557038366795
5218,1.8114889860153198,0.0032091066241264343
5219,1.7616219520568848,0.0032622660510241985
5220,1.7765560150146484,0.0033055313397198915
5221,1.7314879894256592,0.0033424654975533485
5222,1.7864220142364502,0.0033752000890672207
5223,1.7314879894256592,0.003404447343200445
5224,1.7714890241622925,0.0034317374229431152
5225,1.7413549423217773,0.003458382561802864
5226,1.7914890050888062,0.0034856570418924093
5227,1.7314879894256592,0.0035123503766953945
5228,1.7565549612045288,0.003538675606250763
5229,1.7064210176467896,0.003564325161278248
5230,1.7616219520568848,0.003588669002056122
5231,1.7064210176467896,0.0036084982566535473
5232,1.7565549612045288,0.0036251607816666365
5233,1.70135498046875,0.003639054484665394
5234,1.781622052192688,0.0036510899662971497
5235,1.7162879705429077,0.0036613703705370426
5236,1.7565549612045288,0.003670647507533431
5237,1.7114880084991455,0.0036789625883102417
5238,1.7616219520568848,0.003686666488647461
5239,1.7064210176467896,0.003693695878610015
5240,1.7664220333099365,0.003700240748003125
5241,1.7162879705429077,0.003705996321514249
5242,1.7664220333099365,0.0037112608551979065
5243,1.7413549423217773,0.0037156250327825546
5244,1.7864220142364502,0.003718788269907236
5245,1.7413549423217773,0.0037211866583675146
5246,1.7664220333099365,0.003723421599715948
5247,1.7264219522476196,0.003725350834429264
5248,1.7616219520568848,0.003727068193256855
5249,1.7162879705429077,0.003728637006133795
5250,1.7616219520568848,0.003730387194082141
5251,1.7114880084991455,0.0037324223667383194
5252,1.7514890432357788,0.0037349718622863293
5253,1.7264219522476196,0.003738056868314743
5254,1.7464220523834229,0.0037417884450405836
5255,1.7213549613952637,0.003745389636605978
5256,1.7314879894256592,0.0037482334300875664
5257,1.7114880084991455,0.0037504180800169706
5258,1.7565549612045288,0.003752248827368021
5259,1.7565549612045288,0.0037538944743573666
5260,1.7565549612045288,0.00375558715313673
5261,1.68135404586792,0.003757572267204523
5262,1.7664220333099365,0.0037600125651806593
5263,1.7064210176467896,0.003762063104659319
5264,1.7616219520568848,0.0037636763881891966
5265,1.70135498046875,0.003765090135857463
5266,1.7664220333099365,0.0037665721029043198
5267,1.7365549802780151,0.003768323687836528
5268,1.7464220523834229,0.0037705504801124334
5269,1.7514890432357788,0.0037734999787062407
5270,1.7464220523834229,0.0037767640314996243
5271,1.7064210176467896,0.003779867198318243
5272,1.7616219520568848,0.00378306838683784
5273,1.7413549423217773,0.003786566201597452
5274,1.781622052192688,0.003790521528571844
5275,1.7314879894256592,0.0037951909471303225
5276,1.7864220142364502,0.003799604717642069
5277,1.7213549613952637,0.003803890896961093
5278,1.7765560150146484,0.0038082210812717676
5279,1.7064210176467896,0.003812403418123722
5280,1.796555995941162,0.003816689597442746
5281,1.7314879894256592,0.0038212910294532776
5282,1.7365549802780151,0.0038258982822299004
5283,1.7365549802780151,0.003830297850072384
5284,1.7714890241622925,0.003834758885204792
5285,1.7365549802780151,0.0038395405281335115
5286,1.7464220523834229,0.003844877937808633
5287,1.7264219522476196,0.0038499580696225166
5288,1.7565549612045288,0.0038545485585927963
5289,1.7264219522476196,0.0038589395117014647
5290,1.7514890432357788,0.0038634533993899822
5291,1.68135404586792,0.0038683332968503237
5292,1.7616219520568848,0.003873606212437153
5293,1.7264219522476196,0.0038790875114500523
5294,1.7314879894256592,0.003883800469338894
5295,1.7064210176467896,0.0038876633625477552
5296,1.7314879894256592,0.003890989813953638
5297,1.7464220523834229,0.0038940217345952988
5298,1.7914890050888062,0.003897095564752817
5299,1.70135498046875,0.0038993037305772305
5300,1.7765560150146484,0.003901091869920492
5301,1.7264219522476196,0.0039027126040309668
5302,1.7664220333099365,0.0039045754820108414
5303,1.7064210176467896,0.003906944766640663
5304,1.7616219520568848,0.003908874932676554
5305,1.7365549802780151,0.003910746891051531
5306,1.7464220523834229,0.003912803716957569
5307,1.7365549802780151,0.003914999775588512
5308,1.7616219520568848,0.003917560912668705
5309,1.696287989616394,0.003920542076230049
5310,1.7714890241622925,0.003923185169696808
5311,1.7413549423217773,0.003925871104001999
5312,1.7565549612045288,0.003928971476852894
5313,1.7162879705429077,0.003932645544409752
5314,1.7565549612045288,0.00393635081127286
5315,1.7565549612045288,0.003940484952181578
5316,1.781622052192688,0.003944060765206814
5317,1.7365549802780151,0.003947192803025246
5318,1.7765560150146484,0.003950332757085562
5319,1.7413549423217773,0.003953068982809782
5320,1.7514890432357788,0.003955560736358166
5321,1.7365549802780151,0.003958219196647406
5322,1.7714890241622925,0.003961189184337854
5323,1.7213549613952637,0.0039643957279622555
5324,1.7864220142364502,0.003967606462538242
5325,1.7114880084991455,0.0039706178940832615
5326,1.7413549423217773,0.003973749000579119
5327,1.7365549802780151,0.003976671025156975
5328,1.7464220523834229,0.003979729022830725
5329,1.7464220523834229,0.003983251750469208
5330,1.7565549612045288,0.003986267372965813
5331,1.7464220523834229,0.003988903947174549
5332,1.7765560150146484,0.003991489298641682
5333,1.7464220523834229,0.003994372207671404
5334,1.781622052192688,0.003997861873358488
5335,1.7314879894256592,0.004001263529062271
5336,1.7565549612045288,0.004004707094281912
5337,1.7413549423217773,0.004008512012660503
5338,1.8114889860153198,0.00401258934289217
5339,1.7413549423217773,0.004016546532511711
5340,1.7714890241622925,0.0040201470255851746
5341,1.7264219522476196,0.004023483954370022
5342,1.781622052192688,0.004026896320283413
5343,1.7514890432357788,0.004029693081974983
5344,1.7464220523834229,0.0040317317470908165
5345,1.7264219522476196,0.004032644908875227
5346,1.8066890239715576,0.004032444208860397
5347,1.7162879705429077,0.00403123814612627
5348,1.781622052192688,0.004029401578009129
5349,1.7365549802780151,0.004027772229164839
5350,1.7864220142364502,0.004026035778224468
5351,1.7413549423217773,0.004023996647447348
5352,1.796555995941162,0.0040218159556388855
5353,1.7264219522476196,0.0040194196626544
5354,1.7864220142364502,0.00401682686060667
5355,1.7114880084991455,0.004014234058558941
5356,1.7714890241622925,0.004011478740721941
5357,1.7314879894256592,0.0040089585818350315
5358,1.7616219520568848,0.004007238429039717
5359,1.7365549802780151,0.004006410948932171
5360,1.7514890432357788,0.004006602801382542
5361,1.7413549423217773,0.004007355310022831
5362,1.7864220142364502,0.004008444957435131
5363,1.7514890432357788,0.00400901585817337
5364,1.781622052192688,0.004008878022432327
5365,1.7514890432357788,0.004008128773421049
5366,1.7565549612045288,0.004006470087915659
5367,1.7413549423217773,0.0040043857879936695
5368,1.781622052192688,0.0040025003254413605
5369,1.7314879894256592,0.004000694956630468
5370,1.7664220333099365,0.003999154549092054
5371,1.7264219522476196,0.003997917287051678
5372,1.781622052192688,0.003997066058218479
5373,1.7914890050888062,0.003996649291366339
5374,1.8165559768676758,0.003996900282800198
5375,1.7514890432357788,0.003997914493083954
5376,1.7664220333099365,0.003999766428023577
5377,1.7314879894256592,0.004001833498477936
5378,1.801622986793518,0.004004513844847679
5379,1.7264219522476196,0.004007888957858086
5380,1.7714890241622925,0.00401157233864069
5381,1.7314879894256592,0.004015957936644554
5382,1.781622052192688,0.004021474160254002
5383,1.7264219522476196,0.004027873743325472
5384,1.7664220333099365,0.004034292884171009
5385,1.7213549613952637,0.004040248692035675
5386,1.7616219520568848,0.0040453337132930756
5387,1.7565549612045288,0.004049729090183973
5388,1.7765560150146484,0.004053876735270023
5389,1.7514890432357788,0.00405799550935626
5390,1.781622052192688,0.004062560386955738
5391,1.7314879894256592,0.0040679872035980225
5392,1.7714890241622925,0.004074317868798971
5393,1.7314879894256592,0.004080317914485931
5394,1.7914890050888062,0.004085936583578587
5395,1.7264219522476196,0.0040917834267020226
5396,1.7413549423217773,0.004097486846148968
5397,1.696287989616394,0.004103192128241062
5398,1.796555995941162,0.0041091302409768105
5399,1.7413549423217773,0.004114729352295399
5400,1.7664220333099365,0.004120278172194958
5401,1.7365549802780151,0.004126362502574921
5402,1.7616219520568848,0.0041328673250973225
5403,1.7464220523834229,0.004139747470617294
5404,1.7664220333099365,0.00414743646979332
5405,1.7413549423217773,0.0041541773825883865
5406,1.7864220142364502,0.004159852396696806
5407,1.7413549423217773,0.004165163263678551
5408,1.781622052192688,0.004169845022261143
5409,1.7413549423217773,0.004174074158072472
5410,1.7616219520568848,0.004177526105195284
5411,1.7464220523834229,0.004179751500487328
5412,1.7714890241622925,0.0041806516237556934
5413,1.7514890432357788,0.00417975103482604
5414,1.7616219520568848,0.004177992232143879
5415,1.7464220523834229,0.0041759442538022995
5416,1.7616219520568848,0.0041728392243385315
5417,1.7413549423217773,0.004170299042016268
5418,1.781622052192688,0.004167442210018635
5419,1.7114880084991455,0.004164102021604776
5420,1.7464220523834229,0.004160305019468069
5421,1.7314879894256592,0.004154983442276716
5422,1.8066890239715576,0.004145000129938126
5423,1.7565549612045288,0.004133923910558224
5424,1.8066890239715576,0.00412273034453392
5425,1.7314879894256592,0.004110523499548435
5426,1.7914890050888062,0.004096025601029396
5427,1.7413549423217773,0.004079015925526619
5428,1.7765560150146484,0.004057435784488916
5429,1.7514890432357788,0.004033604636788368
5430,1.8165559768676758,0.004008633084595203
5431,1.7264219522476196,0.003980062901973724
5432,1.781622052192688,0.003945891745388508
5433,1.7314879894256592,0.0039060069248080254
5434,1.7714890241622925,0.0038572156336158514
5435,1.7616219520568848,0.003799721132963896
5436,1.7864220142364502,0.00373641075566411
5437,1.7413549423217773,0.0036715141031891108
5438,1.8066890239715576,0.003601867938414216
5439,1.7365549802780151,0.0035208724439144135
5440,1.781622052192688,0.0034316466189920902
5441,1.7514890432357788,0.003333883825689554
5442,1.7664220333099365,0.003219218458980322
5443,1.7213549613952637,0.0031023104675114155
5444,1.7714890241622925,0.0029926085844635963
5445,1.7264219522476196,0.0029016199987381697
5446,1.796555995941162,0.0028603719547390938
5447,1.7565549612045288,0.0028340225107967854
5448,1.796555995941162,0.002814818639308214
5449,1.7314879894256592,0.0027991230599582195
5450,1.7714890241622925,0.0027853287756443024
5451,1.7365549802780151,0.0027730742003768682
5452,1.7714890241622925,0.0027621141634881496
5453,1.7314879894256592,0.002752484753727913
5454,1.796555995941162,0.002744127996265888
5455,1.7264219522476196,0.0027371561154723167
5456,1.8114889860153198,0.0027316873893141747
5457,1.7365549802780151,0.0027298990171402693
5458,1.8114889860153198,0.0027288421988487244
5459,1.7413549423217773,0.0027305912226438522
5460,1.7565549612045288,0.002734628040343523
5461,1.7565549612045288,0.0027422066777944565
5462,1.781622052192688,0.002753155305981636
5463,1.7413549423217773,0.002766580320894718
5464,1.7864220142364502,0.002782099414616823
5465,1.6562869548797607,0.0027984285261482
5466,1.090414047241211,0.002818087348714471
5467,0.9301450252532959,0.0027519254945218563
5468,1.020279049873352,0.0026961565017700195
5469,0.8901439905166626,0.0026225601322948933
5470,0.9149450063705444,0.002544751390814781
5471,0.8901439905166626,0.002467929385602474
5472,0.8600109815597534,0.002411387860774994
5473,0.6997420191764832,0.002369520254433155
5474,0.6194739937782288,0.0023496830835938454
5475,0.5194730162620544,0.0023497245274484158
5476,0.5645400285720825,0.0023647239431738853
5477,0.5144060254096985,0.0024021323770284653
5478,0.5245400071144104,0.0024619312025606632
5479,0.47440600395202637,0.0025320122949779034
5480,0.4592060148715973,0.0026055241469293833
5481,0.42427200078964233,0.0026648505590856075
5482,0.43920499086380005,0.002717933151870966
5483,0.3440040051937103,0.0027749743312597275
5484,0.3842709958553314,0.0028381762094795704
5485,0.29893699288368225,0.0028848000802099705
5486,0.3040040135383606,0.0029249773360788822
5487,0.2789370119571686,0.0029642335139214993
5488,0.27386999130249023,0.0029951133765280247
5489,0.24400299787521362,0.003020047675818205
5490,0.2640030086040497,0.0030429642647504807
5491,0.22880299389362335,0.0030544265173375607
5492,0.22400300204753876,0.0030632908456027508
5493,0.15386900305747986,0.003065994707867503
5494,0.17893600463867188,0.003068274585530162
5495,0.12880200147628784,0.003071016166359186
5496,0.17386899888515472,0.0030730445869266987
5497,0.12880200147628784,0.0030735288746654987
5498,0.12880200147628784,0.0030739614740014076
5499,0.10373499989509583,0.003073151223361492
5500,0.1338679939508438,0.003072948195040226
5501,0.08880099654197693,0.0030717067420482635
5502,0.09866800159215927,0.003071342594921589
5503,0.04853399842977524,0.003070991951972246
5504,0.12880200147628784,0.0030708606354892254
5505,0.04853399842977524,0.0030702361837029457
5506,0.08880099654197693,0.0030693954322487116
5507,0.06373400241136551,0.003068123711273074
5508,0.05866700038313866,0.0030667358078062534
5509,0.03359999880194664,0.003064516233280301
5510,0.09360100328922272,0.003061531111598015
5511,0.03359999880194664,0.00305827334523201
5512,0.05360100045800209,0.0030555324628949165
5513,-0.011466999538242817,0.003053284017369151
5514,0.05866700038313866,0.003051526378840208
5515,0.01360000018030405,0.003049735212698579
5516,0.04853399842977524,0.0030479650013148785
5517,0.04853399842977524,0.0030458453111350536
5518,0.09360100328922272,0.0030430606566369534
5519,0.028534000739455223,0.0030407835729420185
5520,0.06373400241136551,0.0030388575978577137
5521,0.01866699941456318,0.003037076909095049
5522,0.03866700083017349,0.0030351756140589714
5523,0.01866699941456318,0.0030329981818795204
5524,0.06373400241136551,0.003030152525752783
5525,0.02346700057387352,0.003026613499969244
5526,0.028534000739455223,0.003022822318598628
5527,-0.006399999838322401,0.003019162453711033
5528,0.03866700083017349,0.0030153857078403234
5529,0.01360000018030405,0.00301149720326066
5530,0.03866700083017349,0.003007057821378112
5531,-0.0013330000219866633,0.0030019613914191723
5532,0.04853399842977524,0.0029971222393214703
5533,-0.0013330000219866633,0.0029923818074166775
5534,0.03866700083017349,0.002987449523061514
5535,0.003467000089585781,0.002982753561809659
5536,0.06373400241136551,0.0029778885655105114
5537,0.01360000018030405,0.002972640097141266
5538,0.05360100045800209,0.002967479173094034
5539,-0.011466999538242817,0.00296256085857749
5540,0.028534000739455223,0.0029575680382549763
5541,-0.04666699841618538,0.0029522227123379707
5542,0.06373400241136551,0.0029462550301104784
5543,0.003467000089585781,0.0029407204128801823
5544,0.028534000739455223,0.0029356684535741806
5545,0.01360000018030405,0.0029307748191058636
5546,0.04853399842977524,0.002925638575106859
5547,0.003467000089585781,0.00292022991925478
5548,0.02346700057387352,0.002914479933679104
5549,-0.0013330000219866633,0.0029084989801049232
5550,0.043733999133110046,0.0029030542355030775
5551,0.01360000018030405,0.0028984900563955307
5552,0.03866700083017349,0.0028944648802280426
5553,-0.011466999538242817,0.002890785690397024
5554,0.04853399842977524,0.0028868846129626036
5555,0.01360000018030405,0.0028839800506830215
5556,0.03866700083017349,0.002881515771150589
5557,-0.02160000056028366,0.0028792789671570063
5558,0.01866699941456318,0.0028768011834472418
5559,-0.016534000635147095,0.002873827703297138
5560,0.028534000739455223,0.002871324308216572
5561,-0.006399999838322401,0.0028687776066362858
5562,0.003467000089585781,0.002865962916985154
5563,-0.011466999538242817,0.0028629666194319725
5564,0.03359999880194664,0.0028596660122275352
5565,-0.04666699841618538,0.0028559956699609756
5566,0.05360100045800209,0.002852505538612604
5567,0.003467000089585781,0.002849072217941284
5568,0.05360100045800209,0.0028451867401599884
5569,-0.006399999838322401,0.002840840257704258
5570,0.008533000014722347,0.0028364346362650394
5571,-0.0013330000219866633,0.0028315954841673374
5572,0.02346700057387352,0.0028273214120417833
5573,0.008533000014722347,0.0028234871570020914
5574,0.043733999133110046,0.002819544170051813
5575,0.01360000018030405,0.0028160884976387024
5576,0.03359999880194664,0.002812841674312949
5577,-0.0013330000219866633,0.0028094586450606585
5578,0.05360100045800209,0.002805657684803009
5579,0.01360000018030405,0.002801636466756463
5580,0.043733999133110046,0.0027976660057902336
5581,-0.016534000635147095,0.0027940375730395317
5582,0.01360000018030405,0.002790324855595827
5583,0.003467000089585781,0.0027867211028933525
5584,0.03866700083017349,0.002782914787530899
5585,-0.0013330000219866633,0.0027787452563643456
5586,0.02346700057387352,0.0027749710716307163
5587,-0.011466999538242817,0.002771655796095729
5588,0.02346700057387352,0.0027682981453835964
5589,0.003467000089585781,0.002764627104625106
5590,0.043733999133110046,0.002760360948741436
5591,-0.02160000056028366,0.0027561686001718044
5592,0.008533000014722347,0.002752078929916024
5593,-0.011466999538242817,0.0027476355899125338
5594,0.028534000739455223,0.0027428665198385715
5595,-0.031466998159885406,0.0027381107211112976
5596,0.043733999133110046,0.002733851782977581
5597,-0.0013330000219866633,0.0027298214845359325
5598,0.05360100045800209,0.002725540194660425
5599,-0.011466999538242817,0.0027216162998229265
5600,0.05360100045800209,0.0027183194179087877
5601,0.02346700057387352,0.002715667709708214
5602,0.05360100045800209,0.002713831141591072
5603,-0.0013330000219866633,0.002712359419092536
5604,0.043733999133110046,0.0027110252995043993
5605,-0.016534000635147095,0.0027095957193523645
5606,0.028534000739455223,0.002708055078983307
5607,-0.011466999538242817,0.002706502564251423
5608,0.07360100001096725,0.002704479731619358
5609,0.008533000014722347,0.002701687626540661
5610,0.05866700038313866,0.002698377938941121
5611,-0.006399999838322401,0.0026942722033709288
5612,0.05866700038313866,0.002690507797524333
5613,-0.011466999538242817,0.002687083324417472
5614,0.05360100045800209,0.0026838432531803846
5615,0.003467000089585781,0.0026805128436535597
5616,0.06373400241136551,0.0026765652000904083
5617,-0.031466998159885406,0.002672152826562524
5618,0.07360100001096725,0.0026674449909478426
5619,0.028534000739455223,0.002663032617419958
5620,0.02346700057387352,0.002658860757946968
5621,-0.04160099849104881,0.002654687501490116
5622,0.043733999133110046,0.00265060318633914
5623,0.02346700057387352,0.002646041801199317
5624,0.03866700083017349,0.0026411712169647217
5625,-0.0013330000219866633,0.002636529738083482
5626,0.05360100045800209,0.002632656367495656
5627,0.028534000739455223,0.0026294123381376266
5628,0.01866699941456318,0.0026265145279467106
5629,0.028534000739455223,0.0026235897094011307
5630,0.05360100045800209,0.0026209838688373566
5631,-0.011466999538242817,0.0026187566109001637
5632,0.03866700083017349,0.0026163430884480476
5633,-0.016534000635147095,0.0026141938287764788
5634,0.05360100045800209,0.0026120110414922237
5635,-0.006399999838322401,0.002609263639897108
5636,0.043733999133110046,0.002606371883302927
5637,0.003467000089585781,0.002602715278044343
5638,0.03866700083017349,0.002598031423985958
5639,0.01866699941456318,0.0025924493093043566
5640,0.04853399842977524,0.002586856484413147
5641,-0.0013330000219866633,0.002581798704341054
5642,0.04853399842977524,0.0025775576941668987
5643,-0.011466999538242817,0.0025737574324011803
5644,0.003467000089585781,0.0025702142156660557
5645,0.003467000089585781,0.002566790208220482
5646,0.03359999880194664,0.002562957350164652
5647,-0.031466998159885406,0.0025581985246390104
5648,0.03359999880194664,0.0025526797398924828
5649,0.003467000089585781,0.002547526266425848
5650,0.01866699941456318,0.0025426754727959633
5651,-0.04666699841618538,0.0025377292186021805
5652,0.02346700057387352,0.002533135935664177
5653,0.03359999880194664,0.0025283689610660076
5654,0.028534000739455223,0.0025232862681150436
5655,0.01360000018030405,0.0025184480473399162
5656,0.008533000014722347,0.0025136317126452923
5657,-0.0013330000219866633,0.0025082030333578587
5658,-0.0013330000219866633,0.0025022421032190323
5659,-0.026399999856948853,0.0024958329740911722
5660,0.02346700057387352,0.002488484373316169
5661,0.003467000089585781,0.002481765579432249
5662,0.06373400241136551,0.0024757864885032177
5663,-0.026399999856948853,0.002470048377290368
5664,0.03866700083017349,0.0024649128317832947
5665,-0.011466999538242817,0.0024600368924438953
5666,0.028534000739455223,0.002455613575875759
5667,0.008533000014722347,0.0024515800178050995
5668,0.02346700057387352,0.002447674283757806
5669,0.003467000089585781,0.002443794161081314
5670,0.043733999133110046,0.0024396469816565514
5671,-0.02160000056028366,0.0024348439183086157
5672,0.028534000739455223,0.0024299086071550846
5673,0.008533000014722347,0.002424015197902918
5674,0.05360100045800209,0.0024178014136850834
5675,-0.02160000056028366,0.002410897286608815
5676,0.03866700083017349,0.0024026925675570965
5677,0.02346700057387352,0.0023936887737363577
5678,0.0685340017080307,0.0023859981447458267
5679,0.03866700083017349,0.0023789783008396626
5680,0.03359999880194664,0.0023722706828266382
5681,0.003467000089585781,0.002365994267165661
5682,-0.02160000056028366,0.0023604226298630238
5683,-0.011466999538242817,0.002354881726205349
5684,0.01866699941456318,0.002349778078496456
5685,-0.026399999856948853,0.0023448283318430185
5686,0.03866700083017349,0.0023396816104650497
5687,-0.011466999538242817,0.0023348177783191204
5688,0.04853399842977524,0.002330206334590912
5689,-0.0013330000219866633,0.00232506450265646
5690,0.04853399842977524,0.002320065861567855
5691,-0.026399999856948853,0.00231562159024179
5692,0.05866700038313866,0.0023114404175430536
5693,0.003467000089585781,0.0023079293314367533
5694,0.03866700083017349,0.0023046499118208885
5695,-0.011466999538242817,0.0023006305564194918
5696,0.043733999133110046,0.00229607499204576
5697,-0.0013330000219866633,0.002290358766913414
5698,0.05360100045800209,0.002284824149683118
5699,-0.02160000056028366,0.002279223408550024
5700,0.028534000739455223,0.002273129764944315
5701,-0.03653400018811226,0.0022671185433864594
5702,-0.0013330000219866633,0.002262278227135539
5703,-0.026399999856948853,0.0022576774936169386
5704,0.02346700057387352,0.0022531445138156414
5705,-0.03653400018811226,0.0022485246881842613
5706,0.05866700038313866,0.0022430727258324623
5707,0.003467000089585781,0.0022369096986949444
5708,0.02346700057387352,0.002230376936495304
5709,-0.02160000056028366,0.002223844639956951
5710,0.028534000739455223,0.0022165679838508368
5711,-0.011466999538242817,0.0022090240381658077
5712,0.07360100001096725,0.002200252842158079
5713,-0.02160000056028366,0.0021919426508247852
5714,0.04853399842977524,0.0021840534172952175
5715,0.01866699941456318,0.002175678964704275
5716,0.04853399842977524,0.002165485406294465
5717,-0.006399999838322401,0.0021536420099437237
5718,0.01866699941456318,0.0021382952108979225
5719,-0.0013330000219866633,0.002121089491993189
5720,0.03359999880194664,0.0021023640874773264
5721,0.028534000739455223,0.0020835031755268574
5722,0.06373400241136551,0.0020609283819794655
5723,0.028534000739455223,0.0020365440286695957
5724,0.028534000739455223,0.0020120968110859394
5725,0.008533000014722347,0.001985887298360467
5726,0.08880099654197693,0.001957800006493926
5727,0.028534000739455223,0.0019243909046053886
5728,0.06373400241136551,0.0018823961727321148
5729,-0.006399999838322401,0.0018354554194957018
5730,0.05360100045800209,0.001785919303074479
5731,0.01866699941456318,0.001730274991132319
5732,0.043733999133110046,0.0016696356469765306
5733,0.003467000089585781,0.0015934751136228442
5734,0.043733999133110046,0.001499410136602819
5735,0.003467000089585781,0.0013984697870910168
5736,0.03866700083017349,0.0012957293074578047
5737,0.003467000089585781,0.0012076962739229202
5738,0.03866700083017349,0.0011250115931034088
5739,-0.031466998159885406,0.001039049937389791
5740,-0.011466999538242817,0.0009474795078858733
5741,-0.011466999538242817,0.000873141223564744
5742,0.01360000018030405,0.000806169759016484
5743,-0.0013330000219866633,0.000744280987419188
5744,0.03866700083017349,0.0006939752493053675
5745,-0.006399999838322401,0.000652365735732019
5746,0.01866699941456318,0.0006149632972665131
5747,-0.04160099849104881,0.000590795069001615
5748,0.008533000014722347,0.000570434785913676
5749,-0.031466998159885406,0.0005571820074692369
5750,0.03359999880194664,0.0005448164884001017
5751,-0.011466999538242817,0.0005325344391167164
5752,0.028534000739455223,0.0005218624137341976
5753,0.003467000089585781,0.0005135534447617829
5754,0.03866700083017349,0.0005055429646745324
5755,-0.02160000056028366,0.0004999745870009065
5756,0.02346700057387352,0.000495291140396148
5757,-0.026399999856948853,0.0004929923452436924
5758,0.03359999880194664,0.0004905039677396417
5759,0.01360000018030405,0.0004886126262135804
5760,0.03866700083017349,0.0004868186661042273
5761,0.008533000014722347,0.0004859016335103661
5762,0.03359999880194664,0.00048523646546527743
5763,-0.04666699841618538,0.00048495089868083596
5764,0.028534000739455223,0.0004846203955821693
5765,0.01866699941456318,0.0004847021191380918
5766,0.008533000014722347,0.0004848057869821787
5767,0.003467000089585781,0.00048517552204430103
5768,0.03359999880194664,0.0004855454317294061
5769,-0.006399999838322401,0.00048586915363557637
5770,0.03866700083017349,0.0004858946776948869
5771,0.003467000089585781,0.000486097764223814
5772,0.028534000739455223,0.0004861043707933277
5773,-0.016534000635147095,0.0004861266352236271
5774,0.05360100045800209,0.00048644779599271715
5775,-0.026399999856948853,0.0004866449162364006
5776,0.05866700038313866,0.00048698941827751696
5777,0.003467000089585781,0.0004874157311860472
5778,0.03866700083017349,0.000487918354338035
5779,0.02346700057387352,0.00048826291458681226
5780,0.04853399842977524,0.0004887690301984549
5781,-0.04160099849104881,0.0004894669400528073
5782,0.03359999880194664,0.0004902424989268184
5783,0.02346700057387352,0.0004908039700239897
5784,0.07866799831390381,0.0004913771990686655
5785,0.003467000089585781,0.0004917729529552162
5786,0.0685340017080307,0.0004924096283502877
5787,0.01360000018030405,0.0004929042770527303
5788,0.03866700083017349,0.0004933851887471974
5789,0.008533000014722347,0.0004939046921208501
5790,0.028534000739455223,0.0004945617984049022
5791,-0.04666699841618538,0.0004950573202222586
5792,0.06373400241136551,0.0004955525510013103
5793,-0.016534000635147095,0.0004961322993040085
5794,0.02346700057387352,0.0004966622800566256
5795,-0.011466999538242817,0.0004971999442204833
5796,-0.0013330000219866633,0.0004977272474206984
5797,-0.02160000056028366,0.0004981530364602804
5798,0.008533000014722347,0.0004987219581380486
5799,-0.006399999838322401,0.0004992007743567228
5800,0.06373400241136551,0.0004996729549020529
5801,-0.026399999856948853,0.0005000315140932798
5802,0.028534000739455223,0.000500649563036859
5803,-0.011466999538242817,0.000501189730130136
5804,0.043733999133110046,0.000501748756505549
5805,-0.02160000056028366,0.0005022941622883081
5806,0.03866700083017349,0.0005030211759731174
5807,0.01866699941456318,0.0005038018571212888
5808,0.028534000739455223,0.000504673458635807
5809,-0.011466999538242817,0.0005053593195043504
5810,0.03866700083017349,0.0005061713745817542
5811,0.003467000089585781,0.0005068893660791218
5812,0.06373400241136551,0.0005078272661194205
5813,0.008533000014722347,0.0005085938610136509
5814,0.05360100045800209,0.0005092653445899487
5815,-0.026399999856948853,0.000509619596414268
5816,0.04853399842977524,0.0005100282141938806
5817,-0.011466999538242817,0.0005105318850837648
5818,0.03866700083017349,0.0005110360216349363
5819,-0.05146700143814087,0.0005115904496051371
5820,0.05360100045800209,0.0005120240966789424
5821,0.003467000089585781,0.000512454193085432
5822,0.02346700057387352,0.0005131071666255593
5823,0.01866699941456318,0.0005136154941283166
5824,0.08373399823904037,0.0005141167785041034
5825,-0.006399999838322401,0.0005143617745488882
5826,0.04853399842977524,0.0005145852919667959
5827,-0.011466999538242817,0.0005148971104063094
5828,0.028534000739455223,0.0005151561927050352
5829,0.01866699941456318,0.0005153962410986423
5830,0.003467000089585781,0.0005157110281288624
5831,-0.02160000056028366,0.0005160666769370437
5832,0.02346700057387352,0.0005163195892237127
5833,0.003467000089585781,0.0005165452603250742
5834,0.05360100045800209,0.0005168878706172109
5835,-0.026399999856948853,0.000517366686835885
5836,0.04853399842977524,0.0005178024293854833
5837,-0.016534000635147095,0.0005180791486054659
5838,0.043733999133110046,0.0005182275781407952
5839,0.003467000089585781,0.0005185834015719593
5840,0.02346700057387352,0.0005189182702451944
5841,-0.026399999856948853,0.0005191781092435122
5842,0.028534000739455223,0.0005195833509787917
5843,-0.02160000056028366,0.0005199185106903315
5844,0.028534000739455223,0.0005203749751672149
5845,-0.006399999838322401,0.0005208254442550242
5846,0.043733999133110046,0.0005213342374190688
5847,-0.016534000635147095,0.0005216114223003387
5848,0.043733999133110046,0.000521772657521069
5849,-0.006399999838322401,0.0005219217855483294
5850,0.04853399842977524,0.0005220963503234088
5851,-0.026399999856948853,0.0005224912310950458
5852,0.01866699941456318,0.0005227132351137698
5853,0.003467000089585781,0.0005227785441093147
5854,0.028534000739455223,0.0005231255781836808
5855,-0.011466999538242817,0.0005233922274783254
5856,0.05360100045800209,0.0005234172567725182
5857,-0.011466999538242817,0.0005234797718003392
5858,0.043733999133110046,0.0005234077689237893
5859,-0.011466999538242817,0.0005235018907114863
5860,0.03866700083017349,0.0005235339631326497
5861,-0.02160000056028366,0.000523452996276319
5862,0.003467000089585781,0.0005235792486928403
5863,-0.011466999538242817,0.0005234958953224123
5864,0.02346700057387352,0.0005236202850937843
5865,0.008533000014722347,0.0005236949073150754
5866,0.003467000089585781,0.0005236365832388401
5867,-0.006399999838322401,0.0005234520649537444
5868,0.01360000018030405,0.0005234283162280917
5869,-0.04160099849104881,0.0005231968243606389
5870,0.01866699941456318,0.0005230334936641157
5871,0.003467000089585781,0.0005225366330705583
5872,0.03359999880194664,0.0005221150349825621
5873,-0.02160000056028366,0.0005217654979787767
5874,0.06373400241136551,0.0005215100827626884
5875,-0.04160099849104881,0.0005212005926296115
5876,0.003467000089585781,0.0005210706731304526
5877,-0.0013330000219866633,0.000520841684192419
5878,0.043733999133110046,0.0005205552442930639
5879,-0.016534000635147095,0.0005204704939387739
5880,0.04853399842977524,0.0005206260830163956
5881,-0.03653400018811226,0.000520785921253264
5882,0.028534000739455223,0.0005209902301430702
5883,-0.011466999538242817,0.0005209605442360044
5884,0.043733999133110046,0.0005211022216826677
5885,-0.031466998159885406,0.0005214519915170968
5886,0.028534000739455223,0.0005218610749579966
5887,-0.026399999856948853,0.0005220633465796709
5888,0.02346700057387352,0.0005224185879342258
5889,-0.04666699841618538,0.0005226140492595732
5890,0.03866700083017349,0.0005231841932982206
5891,-0.011466999538242817,0.0005238389130681753
5892,0.0685340017080307,0.0005245606298558414
5893,0.003467000089585781,0.0005251557449810207
5894,0.06373400241136551,0.0005257427110336721
5895,-0.0013330000219866633,0.0005261583719402552
5896,-0.011466999538242817,0.0005265331128612161
5897,-0.006399999838322401,0.0005266825901344419
5898,0.0685340017080307,0.0005269413813948631
5899,-0.026399999856948853,0.0005272557027637959
5900,0.04853399842977524,0.0005276368465274572
5901,-0.006399999838322401,0.000527953845448792
5902,0.028534000739455223,0.0005282456986606121
5903,0.003467000089585781,0.000528474454768002
5904,0.028534000739455223,0.0005285407532937825
5905,-0.0013330000219866633,0.0005285973893478513
5906,0.01360000018030405,0.0005287430831231177
5907,0.01360000018030405,0.0005285645020194352
5908,0.05360100045800209,0.000528220902197063
5909,0.02346700057387352,0.0005278464523144066
5910,0.01360000018030405,0.0005275512812659144
5911,-0.0013330000219866633,0.0005272248527035117
5912,0.043733999133110046,0.0005270505789667368
5913,0.01866699941456318,0.0005267166998237371
5914,-0.016534000635147095,0.0005265039508230984
5915,-0.03653400018811226,0.0005262406193651259
5916,0.04853399842977524,0.0005260061589069664
5917,-0.011466999538242817,0.0005258689634501934
5918,0.04853399842977524,0.0005257554585114121
5919,-0.026399999856948853,0.0005256542935967445
5920,-0.0013330000219866633,0.0005258256569504738
5921,-0.031466998159885406,0.0005257896264083683
5922,0.028534000739455223,0.0005256381118670106
5923,-0.03653400018811226,0.0005254459683783352
5924,0.03866700083017349,0.0005254491697996855
5925,0.003467000089585781,0.0005256321746855974
5926,0.0685340017080307,0.0005259033059701324
5927,-0.016534000635147095,0.0005258894525468349
5928,0.07360100001096725,0.0005260078469291329
5929,0.008533000014722347,0.0005261102342046797
5930,0.04853399842977524,0.000526092539075762
5931,-0.011466999538242817,0.000526009185705334
5932,-0.0013330000219866633,0.0005258871242403984
5933,0.01360000018030405,0.0005255343276076019
5934,0.003467000089585781,0.0005253308918327093
5935,-0.011466999538242817,0.0005252280971035361
5936,0.03866700083017349,0.0005252945702522993
5937,-0.02160000056028366,0.0005253186682239175
5938,0.03866700083017349,0.0005253908457234502
5939,0.01866699941456318,0.0005253911949694157
5940,0.028534000739455223,0.0005253614508546889
5941,-0.031466998159885406,0.0005252574337646365
5942,0.028534000739455223,0.0005251381662674248
5943,0.003467000089585781,0.0005251263501122594
5944,0.028534000739455223,0.0005250110407359898
5945,-0.05146700143814087,0.0005248434608802199
5946,0.03866700083017349,0.0005246977088972926
5947,-0.016534000635147095,0.0005244705243967474
5948,0.02346700057387352,0.0005243299528956413
5949,-0.006399999838322401,0.0005239894962869585
5950,0.05360100045800209,0.0005237808218225837
5951,-0.016534000635147095,0.0005235925782471895
5952,0.028534000739455223,0.000523442286066711
5953,0.003467000089585781,0.0005232590483501554
5954,0.01866699941456318,0.0005229910602793097
5955,-0.026399999856948853,0.0005227972287684679
5956,0.06373400241136551,0.0005225877393968403
5957,-0.031466998159885406,0.0005225167842581868
5958,0.04853399842977524,0.0005223204498179257
5959,-0.026399999856948853,0.0005219884915277362
5960,0.028534000739455223,0.0005216047866269946
5961,-0.0013330000219866633,0.0005211661336943507
5962,0.04853399842977524,0.0005206314381211996
5963,0.008533000014722347,0.0005202117608860135
5964,0.02346700057387352,0.0005199407460168004
5965,-0.0013330000219866633,0.0005195475532673299
5966,0.03866700083017349,0.0005190848605707288
5967,-0.0013330000219866633,0.000518568092957139
5968,-0.016534000635147095,0.0005182222812436521
5969,-0.026399999856948853,0.0005178276333026588
5970,0.03359999880194664,0.0005173587705940008
5971,-0.026399999856948853,0.0005169191863387823
5972,0.01360000018030405,0.0005166752962395549
5973,0.003467000089585781,0.0005162969464436173
5974,0.04853399842977524,0.0005159153370186687
5975,-0.006399999838322401,0.0005154090467840433
5976,0.05866700038313866,0.000514826737344265
5977,-0.0013330000219866633,0.0005142184672877192
5978,0.008533000014722347,0.0005136180552653968
5979,0.003467000089585781,0.000512930448167026
5980,0.028534000739455223,0.0005122910952195525
5981,-0.0013330000219866633,0.0005115746753290296
5982,-0.016534000635147095,0.0005108052864670753
5983,-0.006399999838322401,0.0005102225113660097
5984,0.028534000739455223,0.0005095896194688976
5985,-0.011466999538242817,0.0005089184269309044
5986,0.028534000739455223,0.000508367083966732
5987,-0.02160000056028366,0.000507824239321053
5988,0.06373400241136551,0.0005072217318229377
5989,-0.006399999838322401,0.0005065972218289971
5990,0.02346700057387352,0.0005059182876721025
5991,0.003467000089585781,0.0005053433123975992
5992,0.028534000739455223,0.0005048451712355018
5993,-0.02160000056028366,0.0005044066347181797
5994,0.008533000014722347,0.0005040765390731394
5995,-0.02160000056028366,0.0005036004004068673
5996,0.01360000018030405,0.000503010640386492
5997,-0.006399999838322401,0.0005024563288316131
5998,0.02346700057387352,0.0005018912488594651
5999,-0.0013330000219866633,0.0005013514310121536
6000,0.04853399842977524,0.0005009915912523866
6001,-0.0013330000219866633,0.0005006790161132812
6002,0.06373400241136551,0.0005003080586902797
6003,0.003467000089585781,0.0004998418153263628
6004,0.01360000018030405,0.0004993908805772662
6005,-0.011466999538242817,0.0004988458240404725
6006,0.05866700038313866,0.0004982257960364223
6007,-0.03653400018811226,0.0004976965137757361
6008,0.03866700083017349,0.000496990280225873
6009,0.003467000089585781,0.0004964334657415748
6010,0.03866700083017349,0.0004960687947459519
6011,-0.031466998159885406,0.0004956905031576753
6012,0.01360000018030405,0.0004951107548549771
6013,-0.0013330000219866633,0.000494291540235281
6014,0.008533000014722347,0.0004936108598485589
6015,0.01360000018030405,0.0004928929265588522
6016,0.03359999880194664,0.000492322607897222
6017,-0.0013330000219866633,0.000491772429086268
6018,0.043733999133110046,0.0004912094445899129
6019,0.02346700057387352,0.0004907195689156651
6020,0.028534000739455223,0.0004900608910247684
6021,-0.011466999538242817,0.0004892132710665464
6022,0.003467000089585781,0.0004884704831056297
6023,-0.016534000635147095,0.000487705779960379
6024,0.043733999133110046,0.0004870664270129055
6025,-0.02160000056028366,0.00048629933735355735
6026,0.003467000089585781,0.00048562342999503016
6027,0.01360000018030405,0.00048492499627172947
6028,0.04853399842977524,0.0004843511269427836
6029,-0.026399999856948853,0.0004836751613765955
6030,0.05360100045800209,0.0004829444515053183
6031,0.003467000089585781,0.00048214412527158856
6032,0.05360100045800209,0.00048132590018212795
6033,0.003467000089585781,0.00048052024794742465
6034,0.04853399842977524,0.00047969951992854476
6035,-0.0013330000219866633,0.00047903438098728657
6036,0.028534000739455223,0.00047841324703767896
6037,-0.03653400018811226,0.0004774596600327641
6038,0.05360100045800209,0.00047647557221353054
6039,-0.0013330000219866633,0.00047561293467879295
6040,0.05360100045800209,0.00047489412827417254
6041,-0.026399999856948853,0.0004742165911011398
6042,0.03866700083017349,0.00047338142758235335
6043,-0.02160000056028366,0.00047267950139939785
6044,0.01360000018030405,0.00047200065455399454
6045,-0.03653400018811226,0.00047127879224717617
6046,0.03866700083017349,0.0004706036706920713
6047,-0.016534000635147095,0.00047007366083562374
6048,0.02346700057387352,0.0004696615505963564
6049,0.01866699941456318,0.0004691633803304285
6050,0.028534000739455223,0.00046866596676409245
6051,-0.026399999856948853,0.0004678985569626093
6052,0.06373400241136551,0.0004673133953474462
6053,0.003467000089585781,0.00046678780927322805
6054,0.06373400241136551,0.0004663611180149019
6055,-0.0013330000219866633,0.000465933553641662
6056,0.0685340017080307,0.0004655822995118797
6057,0.008533000014722347,0.0004651967319659889
6058,0.05360100045800209,0.0004648185276892036
6059,-0.006399999838322401,0.0004642726853489876
6060,0.06373400241136551,0.0004637645906768739
6061,-0.0013330000219866633,0.00046330102486535907
6062,0.01360000018030405,0.00046286312863230705
6063,-0.0013330000219866633,0.00046228175051510334
6064,0.03866700083017349,0.00046170162386260927
6065,-0.011466999538242817,0.00046102883061394095
6066,0.003467000089585781,0.00046036968706175685
6067,-0.04666699841618538,0.00045952986693009734
6068,0.06373400241136551,0.0004585603019222617
6069,-0.011466999538242817,0.0004577953368425369
6070,0.008533000014722347,0.0004570235323626548
6071,-0.026399999856948853,0.000456484267488122
6072,0.03866700083017349,0.00045585533371195197
6073,0.003467000089585781,0.00045519438572227955
6074,0.043733999133110046,0.00045461341505870223
6075,0.02346700057387352,0.00045413136831484735
6076,0.03359999880194664,0.0004536366031970829
6077,-0.0013330000219866633,0.0004531232116278261
6078,0.003467000089585781,0.00045254407450556755
6079,-0.03653400018811226,0.00045206956565380096
6080,0.02346700057387352,0.00045165017945691943
6081,-0.0013330000219866633,0.0004513966850936413
6082,0.03359999880194664,0.0004511435981839895
6083,0.01360000018030405,0.00045077147660776973
6084,0.003467000089585781,0.0004504077951423824
6085,-0.011466999538242817,0.00045005325227975845
6086,0.003467000089585781,0.0004497930349316448
6087,0.008533000014722347,0.0004493567976169288
6088,0.01866699941456318,0.00044884876115247607
6089,-0.026399999856948853,0.0004481517244130373
6090,0.07360100001096725,0.0004476085305213928
6091,-0.0013330000219866633,0.0004470080020837486
6092,0.03866700083017349,0.0004463134682737291
6093,0.01360000018030405,0.0004456997849047184
6094,0.003467000089585781,0.00044518010690808296
6095,-0.0013330000219866633,0.00044457646436057985
6096,0.01866699941456318,0.00044389869435690343
6097,0.008533000014722347,0.0004432962159626186
6098,0.02346700057387352,0.00044264644384384155
6099,-0.0013330000219866633,0.0004419477190822363
6100,0.04853399842977524,0.0004412342677824199
6101,-0.026399999856948853,0.0004405879008118063
6102,0.04853399842977524,0.0004399237222969532
6103,0.003467000089585781,0.00043950555846095085
6104,0.028534000739455223,0.00043907141662202775
6105,0.01360000018030405,0.0004386179498396814
6106,0.028534000739455223,0.00043812202056869864
6107,-0.031466998159885406,0.0004374044365249574
6108,0.03866700083017349,0.0004367136862128973
6109,-0.03653400018811226,0.0004361270403023809
6110,0.03866700083017349,0.00043538265163078904
6111,0.003467000089585781,0.00043476358405314386
6112,0.05360100045800209,0.0004342854372225702
6113,0.028534000739455223,0.00043388534686528146
6114,0.03866700083017349,0.0004336610436439514
6115,-0.011466999538242817,0.00043324739090166986
6116,0.07866799831390381,0.00043300515972077847
6117,-0.011466999538242817,0.00043278024531900883
6118,0.02346700057387352,0.00043230759911239147
6119,-0.02160000056028366,0.000431843101978302
6120,0.03866700083017349,0.0004310430958867073
6121,-0.0013330000219866633,0.0004304645990487188
6122,0.05360100045800209,0.00043011922389268875
6123,-0.03653400018811226,0.000429908512160182
6124,0.03866700083017349,0.00042934389784932137
6125,-0.011466999538242817,0.0004289978533051908
6126,0.028534000739455223,0.0004285569302737713
6127,-0.006399999838322401,0.00042833323823288083
6128,0.028534000739455223,0.0004281633591745049
6129,-0.006399999838322401,0.00042809051228687167
6130,0.03866700083017349,0.0004279472923371941
6131,-0.04160099849104881,0.00042793573811650276
6132,-0.0013330000219866633,0.0004278200794942677
6133,-0.02160000056028366,0.0004277427797205746
6134,0.028534000739455223,0.0004276112304069102
6135,-0.04666699841618538,0.00042751748696900904
6136,-0.0013330000219866633,0.0004273688537068665
6137,-0.016534000635147095,0.0004271992074791342
6138,0.028534000739455223,0.0004267520271241665
6139,-0.03653400018811226,0.00042653121636249125
6140,0.01866699941456318,0.00042608342482708395
6141,-0.011466999538242817,0.0004255118255969137
6142,0.05866700038313866,0.0004248106270097196
6143,0.003467000089585781,0.00042448745807632804
6144,0.01360000018030405,0.00042396923527121544
6145,-0.0013330000219866633,0.0004235322121530771
6146,0.008533000014722347,0.0004224875010550022
6147,-0.03653400018811226,0.00042147230124101043
6148,0.028534000739455223,0.0004202828276902437
6149,0.01360000018030405,0.0004195293877273798
6150,0.01360000018030405,0.0004188072052784264
6151,-0.011466999538242817,0.000418312381953001
6152,0.04853399842977524,0.0004177714290563017
6153,-0.03653400018811226,0.0004174693603999913
6154,0.028534000739455223,0.0004170705215074122
6155,0.003467000089585781,0.0004167821316514164
6156,0.028534000739455223,0.00041634688386693597
6157,0.028534000739455223,0.00041591119952499866
6158,0.04853399842977524,0.0004155418719165027
6159,-0.016534000635147095,0.0004154159687459469
6160,0.028534000739455223,0.00041527216671966016
6161,-0.026399999856948853,0.00041499052895233035
6162,0.043733999133110046,0.00041466689435765147
6163,-0.006399999838322401,0.00041447835974395275
6164,0.04853399842977524,0.0004142460529692471
6165,0.008533000014722347,0.00041422207141295075
6166,0.03359999880194664,0.00041425233939662576
6167,-0.0013330000219866633,0.00041445615352131426
6168,0.06373400241136551,0.00041454541496932507
6169,-0.02160000056028366,0.00041481596417725086
6170,0.01360000018030405,0.00041502556996420026
6171,0.003467000089585781,0.0004152039182372391
6172,0.01866699941456318,0.0004153669869992882
6173,0.003467000089585781,0.0004155192873440683
6174,0.043733999133110046,0.000415679911384359
6175,-0.011466999538242817,0.00041587138548493385
6176,0.028534000739455223,0.0004157389630563557
6177,0.01866699941456318,0.00041580270044505596
6178,0.02346700057387352,0.00041577842785045505
6179,-0.011466999538242817,0.00041578494710847735
6180,-0.0013330000219866633,0.0004156576469540596
6181,-0.011466999538242817,0.0004155859351158142
6182,0.02346700057387352,0.00041541020618751645
6183,-0.05146700143814087,0.0004156480426900089
6184,0.043733999133110046,0.0004155410570092499
6185,-0.026399999856948853,0.0004154703638050705
6186,0.028534000739455223,0.00041532592149451375
6187,-0.0013330000219866633,0.00041514370241202414
6188,0.04853399842977524,0.000415019370848313
6189,-0.0013330000219866633,0.0004150241147726774
6190,0.028534000739455223,0.000414987385738641
6191,-0.03653400018811226,0.0004149648011662066
6192,0.02346700057387352,0.0004147299041505903
6193,-0.02160000056028366,0.00041463732486590743
6194,0.03866700083017349,0.00041442341171205044
6195,-0.02160000056028366,0.0004142273683100939
6196,0.028534000739455223,0.000413999252486974
6197,-0.02160000056028366,0.0004139801603741944
6198,0.03359999880194664,0.0004137814976274967
6199,-0.02160000056028366,0.000413647445384413
6200,0.028534000739455223,0.00041350751416757703
6201,0.02346700057387352,0.00041335541754961014
6202,0.003467000089585781,0.0004132515168748796
6203,-0.03653400018811226,0.00041341743781231344
6204,0.028534000739455223,0.0004132168833166361
6205,-0.031466998159885406,0.00041336301364935935
6206,0.02346700057387352,0.0004132308531552553
6207,0.003467000089585781,0.0004132455796934664
6208,0.05360100045800209,0.0004131023306399584
6209,0.003467000089585781,0.0004129089938942343
6210,0.04853399842977524,0.0004126302956137806
6211,0.003467000089585781,0.00041239583515562117
6212,0.03866700083017349,0.0004120565135963261
6213,0.003467000089585781,0.00041172123746946454
6214,0.028534000739455223,0.0004114716430194676
6215,-0.0013330000219866633,0.0004113631439395249
6216,0.04853399842977524,0.00041128104203380644
6217,-0.04666699841618538,0.0004114352632313967
6218,0.03866700083017349,0.00041123246774077415
6219,-0.011466999538242817,0.0004111319431103766
6220,0.003467000089585781,0.00041100700036622584
6221,-0.026399999856948853,0.0004110294976271689
6222,0.043733999133110046,0.0004109158762730658
6223,-0.011466999538242817,0.00041094754124060273
6224,0.01866699941456318,0.0004107779823243618
6225,0.01360000018030405,0.0004106922133360058
6226,0.0685340017080307,0.00041057044290937483
6227,0.01360000018030405,0.0004104504478164017
6228,0.06373400241136551,0.00041019520722329617
6229,0.003467000089585781,0.00041002623038366437
6230,0.028534000739455223,0.0004097829223610461
6231,-0.011466999538242817,0.0004096723278053105
6232,0.01360000018030405,0.0004095101321581751
6233,-0.0013330000219866633,0.000409379048505798
6234,0.028534000739455223,0.0004092290182597935
6235,-0.03653400018811226,0.00040920847095549107
6236,0.028534000739455223,0.00040901009924709797
6237,-0.011466999538242817,0.0004089331778232008
6238,0.043733999133110046,0.00040882910252548754
6239,-0.011466999538242817,0.00040873000398278236
6240,0.05360100045800209,0.0004085623659193516
6241,0.003467000089585781,0.00040849941433407366
6242,0.04853399842977524,0.0004084607644472271
6243,0.02346700057387352,0.00040842179441824555
6244,0.06373400241136551,0.0004082703962922096
6245,-0.016534000635147095,0.0004080933576915413
6246,0.04853399842977524,0.00040770904161036015
6247,0.028534000739455223,0.0004073794116266072
6248,0.028534000739455223,0.0004071940202265978
6249,-0.0013330000219866633,0.0004069727729074657
6250,0.03866700083017349,0.00040677195647731423
6251,-0.026399999856948853,0.0004064303357154131
6252,-0.0013330000219866633,0.00040617879130877554
6253,-0.016534000635147095,0.0004058761114720255
6254,0.043733999133110046,0.000405589904403314
6255,-0.02160000056028366,0.00040545460069552064
6256,0.043733999133110046,0.0004050333518534899
6257,-0.011466999538242817,0.00040458422154188156
6258,0.02346700057387352,0.00040421393350698054
6259,-0.006399999838322401,0.0004040143103338778
6260,0.02346700057387352,0.0004038400365971029
6261,-0.02160000056028366,0.000403847370762378
6262,0.05360100045800209,0.0004036732134409249
6263,0.01360000018030405,0.0004035729798488319
6264,0.028534000739455223,0.0004035509773530066
6265,0.01360000018030405,0.00040354402153752744
6266,0.028534000739455223,0.0004033676814287901
6267,-0.006399999838322401,0.00040314425132237375
6268,0.02346700057387352,0.0004027084796689451
6269,0.01360000018030405,0.0004023203509859741
6270,0.03866700083017349,0.0004019284970127046
6271,0.003467000089585781,0.00040159333730116487
6272,0.028534000739455223,0.00040116827585734427
6273,-0.026399999856948853,0.0004008673131465912
6274,0.003467000089585781,0.00040052045369520783
6275,-0.026399999856948853,0.0004001652414444834
6276,0.01360000018030405,0.0003996550221927464
6277,-0.011466999538242817,0.00039924835436977446
6278,0.03866700083017349,0.00039866287261247635
6279,-0.011466999538242817,0.0003981078916694969
6280,0.05360100045800209,0.0003975283761974424
6281,-0.006399999838322401,0.0003971503465436399
6282,0.05360100045800209,0.00039668212411925197
6283,-0.011466999538242817,0.00039626331999897957
6284,0.03359999880194664,0.0003957841545343399
6285,0.003467000089585781,0.0003954525454901159
6286,0.028534000739455223,0.000395091570680961
6287,-0.0013330000219866633,0.000394844391848892
6288,0.028534000739455223,0.0003945850767195225
6289,-0.016534000635147095,0.0003942407201975584
6290,0.01360000018030405,0.00039387415745295584
6291,0.003467000089585781,0.0003934812848456204
6292,0.05360100045800209,0.00039306911639869213
6293,-0.011466999538242817,0.00039280453347600996
6294,0.05866700038313866,0.00039239530451595783
6295,-0.026399999856948853,0.00039219032623805106
6296,0.01360000018030405,0.0003917540016118437
6297,0.01866699941456318,0.0003913339169230312
6298,0.028534000739455223,0.00039075748645700514
6299,-0.011466999538242817,0.0003902549797203392
6300,0.043733999133110046,0.00038970966124907136
6301,-0.0013330000219866633,0.000389119319152087
6302,0.03359999880194664,0.0003885194309987128
6303,0.008533000014722347,0.00038792131817899644
6304,0.05360100045800209,0.00038727311766706407
6305,-0.016534000635147095,0.0003867067280225456
6306,0.06373400241136551,0.00038607511669397354
6307,-0.02160000056028366,0.0003857926931232214
6308,0.03866700083017349,0.00038531841710209846
6309,-0.0013330000219866633,0.0003849719651043415
6310,0.028534000739455223,0.0003843149752356112
6311,0.01360000018030405,0.00038365996442735195
6312,0.028534000739455223,0.0003829226770903915
6313,-0.02160000056028366,0.0003823187144007534
6314,0.03359999880194664,0.00038158506504260004
6315,0.003467000089585781,0.0003810214693658054
6316,0.05360100045800209,0.0003803670988418162
6317,-0.016534000635147095,0.00037967978278174996
6318,0.01866699941456318,0.0003790606861002743
6319,0.02346700057387352,0.0003786094894167036
6320,0.06373400241136551,0.0003778745885938406
6321,-0.02160000056028366,0.00037744524888694286
6322,0.02346700057387352,0.0003769927134271711
6323,0.01360000018030405,0.0003767096786759794
6324,0.02346700057387352,0.0003762603737413883
6325,-0.011466999538242817,0.0003757913946174085
6326,0.03359999880194664,0.0003754222416318953
6327,0.01360000018030405,0.00037525640800595284
6328,0.06373400241136551,0.00037502351915463805
6329,-0.006399999838322401,0.00037481667823158205
6330,0.06373400241136551,0.0003747020964510739
6331,0.02346700057387352,0.00037446594797074795
6332,0.04853399842977524,0.00037422930472530425
6333,-0.0013330000219866633,0.00037391879595816135
6334,0.028534000739455223,0.00037359935231506824
6335,-0.016534000635147095,0.0003732191398739815
6336,-0.0013330000219866633,0.0003728242008946836
6337,-0.0013330000219866633,0.0003724407870322466
6338,0.02346700057387352,0.0003720333334058523
6339,-0.011466999538242817,0.00037173012970015407
6340,0.03359999880194664,0.0003714472404681146
6341,-0.006399999838322401,0.00037122005596756935
6342,0.028534000739455223,0.000370912894140929
6343,-0.03653400018811226,0.0003706968273036182
6344,0.03866700083017349,0.0003706761635839939
6345,0.02346700057387352,0.00037084193900227547
6346,0.04853399842977524,0.00037086871452629566
6347,-0.016534000635147095,0.00037078652530908585
6348,0.02346700057387352,0.00037086274824105203
6349,0.01866699941456318,0.000370912195648998
6350,0.03866700083017349,0.00037095946026965976
6351,-0.03653400018811226,0.00037095355219207704
6352,0.05360100045800209,0.00037123713991604745
6353,-0.02160000056028366,0.0003713820187840611
6354,0.04853399842977524,0.0003716885985340923
6355,-0.0013330000219866633,0.0003719718661159277
6356,0.05360100045800209,0.0003723396803252399
6357,0.003467000089585781,0.00037248581065796316
6358,0.03866700083017349,0.00037261174293234944
6359,0.008533000014722347,0.0003727790026459843
6360,0.01360000018030405,0.00037292204797267914
6361,-0.006399999838322401,0.0003730258031282574
6362,0.028534000739455223,0.00037320121191442013
6363,-0.016534000635147095,0.0003733881749212742
6364,0.01360000018030405,0.0003736017388291657
6365,-0.031466998159885406,0.0003739159437827766
6366,0.028534000739455223,0.00037439516745507717
6367,0.003467000089585781,0.0003749056195374578
6368,0.02346700057387352,0.0003753937198780477
6369,-0.0013330000219866633,0.000375709671061486
6370,0.04853399842977524,0.00037620458169840276
6371,0.003467000089585781,0.00037677393993362784
6372,0.04853399842977524,0.0003771886113099754
6373,-0.02160000056028366,0.00037752854404971004
6374,0.02346700057387352,0.0003780557308346033
6375,-0.05146700143814087,0.0003785703447647393
6376,0.008533000014722347,0.0003792442730627954
6377,-0.04666699841618538,0.0003797058016061783
6378,0.01866699941456318,0.0003801428247243166
6379,-0.026399999856948853,0.00038056407356634736
6380,0.003467000089585781,0.00038105511339381337
6381,-0.0013330000219866633,0.0003815141099039465
6382,0.02346700057387352,0.0003819627745542675
6383,-0.026399999856948853,0.00038244822644628584
6384,0.06373400241136551,0.0003828523331321776
6385,-0.016534000635147095,0.00038330123061314225
6386,0.01866699941456318,0.0003835936659015715
6387,-0.011466999538242817,0.0003838481497950852
6388,0.01866699941456318,0.0003839817363768816
6389,-0.011466999538242817,0.00038419809425249696
6390,0.028534000739455223,0.00038441899232566357
6391,-0.006399999838322401,0.00038460612995550036
6392,0.05360100045800209,0.0003846460022032261
6393,0.003467000089585781,0.0003847701591439545
6394,0.02346700057387352,0.0003849330823868513
6395,-0.0013330000219866633,0.00038494696491397917
6396,0.043733999133110046,0.0003850804641842842
6397,0.003467000089585781,0.00038535791100002825
6398,0.01866699941456318,0.0003856634721159935
6399,-0.006399999838322401,0.0003857129777316004
6400,0.01866699941456318,0.0003858072741422802
6401,-0.02160000056028366,0.00038584735011681914
6402,0.04853399842977524,0.00038601108826696873
6403,-0.026399999856948853,0.0003862296580336988
6404,0.03866700083017349,0.000386509345844388
6405,0.01866699941456318,0.00038671091897413135
6406,0.07360100001096725,0.00038678146665915847
6407,-0.016534000635147095,0.0003869209031108767
6408,0.043733999133110046,0.0003871060907840729
6409,0.008533000014722347,0.00038721031160093844
6410,0.028534000739455223,0.00038729264633730054
6411,-0.006399999838322401,0.000387445033993572
6412,0.01360000018030405,0.0003875428228639066
6413,-0.011466999538242817,0.0003875777474604547
6414,0.01360000018030405,0.00038753580884076655
6415,0.008533000014722347,0.0003874046669807285
6416,0.04853399842977524,0.0003872766683343798
6417,0.02346700057387352,0.0003872908710036427
6418,0.07360100001096725,0.0003873124660458416
6419,0.02346700057387352,0.00038730856613256037
6420,0.02346700057387352,0.000387274514650926
6421,0.02346700057387352,0.0003872769884765148
6422,0.028534000739455223,0.00038722241879440844
6423,-0.04666699841618538,0.0003871865919791162
6424,0.003467000089585781,0.00038703600876033306
6425,-0.011466999538242817,0.00038688251515850425
6426,0.04853399842977524,0.0003867273626383394
6427,-0.026399999856948853,0.00038658780977129936
6428,0.03359999880194664,0.0003864329191856086
6429,-0.0013330000219866633,0.00038626365130767226
6430,0.03359999880194664,0.00038608344038948417
6431,-0.031466998159885406,0.00038598058745265007
6432,0.028534000739455223,0.00038599720573984087
6433,-0.016534000635147095,0.00038603367283940315
6434,0.03866700083017349,0.000386048894142732
6435,-0.0013330000219866633,0.00038602473796345294
6436,0.03359999880194664,0.0003859547432512045
6437,-0.006399999838322401,0.0003858517447952181
6438,0.008533000014722347,0.0003856341354548931
6439,-0.026399999856948853,0.00038542365655303
6440,0.028534000739455223,0.00038523381226696074
6441,-0.0013330000219866633,0.0003852259833365679
6442,0.01360000018030405,0.00038523459807038307
6443,-0.026399999856948853,0.0003853648086078465
6444,0.03359999880194664,0.0003853046800941229
6445,-0.011466999538242817,0.0003853989765048027
6446,0.03866700083017349,0.0003854463866446167
6447,-0.02160000056028366,0.00038551786565221846
6448,0.05360100045800209,0.00038562575355172157
6449,-0.016534000635147095,0.0003856689727399498
6450,0.03359999880194664,0.00038593076169490814
6451,-0.011466999538242817,0.0003860071301460266
6452,0.01866699941456318,0.0003860325668938458
6453,-0.0013330000219866633,0.00038601300911977887
6454,0.043733999133110046,0.0003859961871057749
6455,-0.04666699841618538,0.00038603023858740926
6456,0.02346700057387352,0.0003860743308905512
6457,0.008533000014722347,0.00038604834116995335
6458,0.06373400241136551,0.0003859516291413456
6459,0.01866699941456318,0.0003859389980789274
6460,0.008533000014722347,0.00038599540130235255
6461,-0.011466999538242817,0.00038581015542149544
6462,0.06373400241136551,0.00038588340976275504
6463,-0.03653400018811226,0.0003857365809381008
6464,0.028534000739455223,0.00038561379187740386
6465,-0.016534000635147095,0.0003857563715428114
6466,0.028534000739455223,0.00038603515713475645
6467,-0.031466998159885406,0.0003863886813633144
6468,0.028534000739455223,0.00038670748472213745
6469,-0.02160000056028366,0.0003871169756166637
6470,0.03359999880194664,0.00038751750253140926
6471,-0.04160099849104881,0.00038783607305958867
6472,0.003467000089585781,0.0003879503929056227
6473,-0.02160000056028366,0.00038795178988948464
6474,0.02346700057387352,0.00038818223401904106
6475,0.003467000089585781,0.0003882426826748997
6476,0.028534000739455223,0.0003883667232003063
6477,-0.016534000635147095,0.0003883455938193947
6478,0.01866699941456318,0.00038848951226100326
6479,0.02346700057387352,0.0003885410260409117
6480,0.043733999133110046,0.0003886295889969915
6481,-0.02160000056028366,0.00038883573142811656
6482,0.008533000014722347,0.00038889655843377113
6483,-0.031466998159885406,0.00038912362651899457
6484,0.008533000014722347,0.0003892878594342619
6485,-0.03653400018811226,0.0003895438276231289
6486,-0.0013330000219866633,0.0003897678689099848
6487,-0.006399999838322401,0.0003898875438608229
6488,0.028534000739455223,0.00039020925760269165
6489,0.003467000089585781,0.00039053577347658575
6490,0.04853399842977524,0.0003908135404344648
6491,-0.006399999838322401,0.0003909832739736885
6492,0.01360000018030405,0.0003914895933121443
6493,-0.016534000635147095,0.00039185560308396816
6494,0.01866699941456318,0.0003924232441931963
6495,-0.006399999838322401,0.0003928446676582098
6496,0.01866699941456318,0.0003933780826628208
6497,-0.016534000635147095,0.00039360695518553257
6498,0.05360100045800209,0.0003938711597584188
6499,-0.031466998159885406,0.0003942099865525961
6500,0.01866699941456318,0.00039476988604292274
6501,0.008533000014722347,0.0003951981198042631
6502,0.028534000739455223,0.00039593674591742456
6503,-0.026399999856948853,0.0003963909111917019
6504,0.0685340017080307,0.000396838499000296
6505,-0.031466998159885406,0.00039717191248200834
6506,0.03359999880194664,0.00039750197902321815
6507,-0.026399999856948853,0.00039793032919988036
6508,0.01866699941456318,0.0003984292852692306
6509,-0.016534000635147095,0.0003988032112829387
6510,0.02346700057387352,0.00039922812720760703
6511,-0.011466999538242817,0.0003995457664132118
6512,0.01866699941456318,0.000400125136366114
6513,-0.006399999838322401,0.00040061818435788155
6514,0.03866700083017349,0.00040113297291100025
6515,-0.011466999538242817,0.00040140593773685396
6516,0.06373400241136551,0.000401678349589929
6517,0.008533000014722347,0.0004016995371785015
6518,0.028534000739455223,0.0004018770414404571
6519,-0.011466999538242817,0.00040193236782215536
6520,0.08880099654197693,0.00040214633918367326
6521,-0.0013330000219866633,0.00040210303268395364
6522,0.028534000739455223,0.00040215248009189963
6523,0.008533000014722347,0.00040222960524261
6524,0.02346700057387352,0.0004024722147732973
6525,-0.0013330000219866633,0.00040269672172144055
6526,0.03866700083017349,0.00040289899334311485
6527,-0.0013330000219866633,0.00040323700523003936
6528,0.01360000018030405,0.0004036521422676742
6529,-0.016534000635147095,0.00040388162597082555
6530,0.03866700083017349,0.00040425051702186465
6531,-0.0013330000219866633,0.0004044962115585804
6532,0.02346700057387352,0.00040486687794327736
6533,0.02346700057387352,0.00040523536154069006
6534,0.03866700083017349,0.00040570407873019576
6535,0.003467000089585781,0.0004061294603161514
6536,0.01866699941456318,0.00040654162876307964
6537,0.003467000089585781,0.00040701538091525435
6538,0.03866700083017349,0.000407492188969627
6539,-0.026399999856948853,0.00040794583037495613
6540,0.02346700057387352,0.00040834536775946617
6541,-0.031466998159885406,0.00040866335621103644
6542,0.043733999133110046,0.0004088706918992102
6543,-0.04160099849104881,0.00040914397686719894
6544,0.043733999133110046,0.0004094730247743428
6545,-0.0013330000219866633,0.00040973597788251936
6546,0.01360000018030405,0.000409960572142154
6547,-0.011466999538242817,0.0004101174999959767
6548,0.04853399842977524,0.0004103256796952337
6549,-0.011466999538242817,0.00041047041304409504
6550,0.06373400241136551,0.00041062687523663044
6551,0.003467000089585781,0.00041067940765060484
6552,0.028534000739455223,0.00041079934453591704
6553,0.003467000089585781,0.0004107820859644562
6554,0.028534000739455223,0.00041099428199231625
6555,-0.0013330000219866633,0.00041102105751633644
6556,0.03359999880194664,0.00041111689643003047
6557,0.003467000089585781,0.000411260494729504
6558,0.05360100045800209,0.00041142935515381396
6559,0.003467000089585781,0.0004114810726605356
6560,0.028534000739455223,0.0004116743803024292
6561,0.01360000018030405,0.00041176751255989075
6562,0.03866700083017349,0.000411969143897295
6563,0.003467000089585781,0.0004121726378798485
6564,0.05360100045800209,0.00041234595119021833
6565,-0.0013330000219866633,0.0004125129780732095
6566,0.03359999880194664,0.00041271414374932647
6567,-0.016534000635147095,0.0004129325971007347
6568,-0.016534000635147095,0.0004130260495003313
6569,0.003467000089585781,0.0004132657777518034
6570,0.05360100045800209,0.0004136526840738952
6571,0.008533000014722347,0.00041389063699170947
6572,0.05360100045800209,0.0004142271354794502
6573,0.01360000018030405,0.000414584472309798
6574,0.04853399842977524,0.00041483467794023454
6575,-0.011466999538242817,0.0004150403547100723
6576,0.01360000018030405,0.00041544545092619956
6577,0.02346700057387352,0.0004158552619628608
6578,0.02346700057387352,0.0004164401034358889
6579,-0.0013330000219866633,0.0004170308238826692
6580,0.028534000739455223,0.00041757686994969845
6581,-0.0013330000219866633,0.0004180066753178835
6582,0.06373400241136551,0.00041861654608510435
6583,-0.03653400018811226,0.00041895112372003496
6584,0.05360100045800209,0.00041947391582652926
6585,-0.011466999538242817,0.0004199841932859272
6586,0.02346700057387352,0.00042027709423564374
6587,-0.0013330000219866633,0.0004205200239084661
6588,0.01866699941456318,0.00042085256427526474
6589,-0.011466999538242817,0.0004212615895085037
6590,0.043733999133110046,0.0004217199457343668
6591,-0.0013330000219866633,0.00042219305760227144
6592,0.07360100001096725,0.0004228386969771236
6593,0.043733999133110046,0.00042320392094552517
6594,0.06373400241136551,0.00042372074676677585
6595,-0.0013330000219866633,0.000424112135078758
6596,0.03866700083017349,0.000424515048507601
6597,0.003467000089585781,0.00042494130320847034
6598,0.028534000739455223,0.00042541982838883996
6599,-0.006399999838322401,0.00042578205466270447
6600,0.008533000014722347,0.0004261483554728329
6601,0.01360000018030405,0.00042649396345950663
6602,0.02346700057387352,0.00042685019434429705
6603,-0.011466999538242817,0.0004271894576959312
6604,0.043733999133110046,0.00042741684592328966
6605,-0.026399999856948853,0.0004276274121366441
6606,0.04853399842977524,0.00042789283907040954
6607,-0.0013330000219866633,0.00042828195728361607
6608,0.028534000739455223,0.00042848539305850863
6609,0.003467000089585781,0.00042868341552093625
6610,0.008533000014722347,0.00042872875928878784
6611,-0.011466999538242817,0.00042883725836873055
6612,0.01866699941456318,0.00042892718920484185
6613,-0.026399999856948853,0.0004292523954063654
6614,0.02346700057387352,0.00042956174002029
6615,0.02346700057387352,0.00042983476305380464
6616,0.02346700057387352,0.0004303402383811772
6617,0.003467000089585781,0.00043067598016932607
6618,-0.006399999838322401,0.00043103023199364543
6619,-0.011466999538242817,0.0004312912351451814
6620,0.028534000739455223,0.00043149455450475216
6621,0.008533000014722347,0.0004316094855312258
6622,0.043733999133110046,0.00043150526471436024
6623,-0.02160000056028366,0.00043144874507561326
6624,0.01360000018030405,0.0004314817488193512
6625,-0.006399999838322401,0.00043156981701031327
6626,0.028534000739455223,0.0004314691759645939
6627,-0.011466999538242817,0.00043143643415533006
6628,0.01360000018030405,0.0004312529636081308
6629,-0.0013330000219866633,0.0004311464144848287
6630,0.02346700057387352,0.0004309435316827148
6631,-0.0013330000219866633,0.00043085930519737303
6632,0.01360000018030405,0.0004306160844862461
6633,-0.03653400018811226,0.0004306026385165751
6634,-0.016534000635147095,0.0004305545298848301
6635,-0.026399999856948853,0.000430580839747563
6636,-0.0013330000219866633,0.0004306537448428571
6637,-0.006399999838322401,0.00043070068932138383
6638,0.03866700083017349,0.00043063893099315464
6639,-0.016534000635147095,0.0004307103808969259
6640,0.03866700083017349,0.00043094856664538383
6641,-0.026399999856948853,0.0004312066885177046
6642,-0.016534000635147095,0.0004312895762268454
6643,0.01866699941456318,0.0004314511897973716
6644,0.03866700083017349,0.00043159016058780253
6645,-0.016534000635147095,0.00043167133117094636
6646,0.008533000014722347,0.0004315993282943964
6647,-0.0013330000219866633,0.0004314864636398852
6648,0.028534000739455223,0.00043126344098709524
6649,-0.0013330000219866633,0.0004310326767154038
6650,0.03359999880194664,0.00043087080121040344
6651,-0.016534000635147095,0.00043078442104160786
6652,0.003467000089585781,0.0004306199843995273
6653,-0.02160000056028366,0.00043032504618167877
6654,0.05866700038313866,0.00042999660945497453
6655,-0.006399999838322401,0.00042977937846444547
6656,0.03359999880194664,0.00042954570380970836
6657,-0.0013330000219866633,0.00042940210551023483
6658,0.02346700057387352,0.0004292181693017483
6659,0.003467000089585781,0.0004290359211154282
6660,0.03866700083017349,0.0004289481439627707
6661,0.01360000018030405,0.00042883516289293766
6662,0.028534000739455223,0.0004287885967642069
6663,-0.0013330000219866633,0.0004286395851522684
6664,0.008533000014722347,0.0004285180475562811
6665,-0.016534000635147095,0.00042829528683796525
6666,0.043733999133110046,0.00042824624688364565
6667,-0.03653400018811226,0.0004281305300537497
6668,0.028534000739455223,0.00042809630394913256
6669,-0.02160000056028366,0.0004281158617231995
6670,0.003467000089585781,0.000428282335633412
6671,0.003467000089585781,0.00042836135253310204
6672,-0.0013330000219866633,0.00042842706898227334
6673,0.008533000014722347,0.00042840270907618105
6674,0.03866700083017349,0.00042839377420023084
6675,0.003467000089585781,0.0004285624308977276
6676,-0.011466999538242817,0.0004288503550924361
6677,-0.0013330000219866633,0.00042903353460133076
6678,0.03866700083017349,0.0004291844670660794
6679,0.008533000014722347,0.00042921892600134015
6680,0.05360100045800209,0.0004294998070690781
6681,-0.006399999838322401,0.00042967466288246214
6682,0.03866700083017349,0.0004297951818443835
6683,0.01360000018030405,0.0004299822321627289
6684,0.04853399842977524,0.00043023802572861314
6685,-0.011466999538242817,0.00043044533231295645
6686,0.04853399842977524,0.000430835789302364
6687,-0.0013330000219866633,0.00043116850429214537
6688,0.07360100001096725,0.00043136184103786945
6689,0.008533000014722347,0.0004314600373618305
6690,0.003467000089585781,0.0004316447302699089
6691,0.003467000089585781,0.0004318626597523689
6692,0.05866700038313866,0.000432072818512097
6693,0.01866699941456318,0.00043228251161053777
6694,0.05360100045800209,0.0004325467743910849
6695,0.028534000739455223,0.0004327661881688982
6696,0.04853399842977524,0.0004329918883740902
6697,0.003467000089585781,0.0004330715164542198
6698,0.05866700038313866,0.000433272507507354
6699,-0.006399999838322401,0.00043346750317141414
6700,0.043733999133110046,0.00043380819261074066
6701,-0.0013330000219866633,0.0004338557773735374
6702,0.06373400241136551,0.0004339937004260719
6703,-0.031466998159885406,0.00043399882270023227
6704,0.03359999880194664,0.0004340577288530767
6705,-0.011466999538242817,0.00043419416761025786
6706,0.028534000739455223,0.0004342985339462757
6707,0.003467000089585781,0.00043454821570776403
6708,0.043733999133110046,0.00043484600610099733
6709,0.01866699941456318,0.0004351253155618906
6710,0.05866700038313866,0.00043539347825571895
6711,0.01360000018030405,0.00043545570224523544
6712,0.03866700083017349,0.0004355334094725549
6713,-0.0013330000219866633,0.000435712281614542
6714,0.05360100045800209,0.00043596947216428816
6715,0.008533000014722347,0.0004360065213404596
6716,0.02346700057387352,0.00043616333277896047
6717,0.01360000018030405,0.0004363725893199444
6718,0.04853399842977524,0.0004363786429166794
6719,0.028534000739455223,0.0004365854838397354
6720,0.02346700057387352,0.00043676886707544327
6721,-0.006399999838322401,0.0004368842928670347
6722,0.01360000018030405,0.00043698312947526574
6723,-0.0013330000219866633,0.00043690059101209044
6724,0.028534000739455223,0.00043686703429557383
6725,-0.006399999838322401,0.0004367374931462109
6726,0.008533000014722347,0.00043662870302796364
6727,-0.02160000056028366,0.0004364025662653148
6728,0.04853399842977524,0.00043631548760458827
6729,-0.026399999856948853,0.0004362085310276598
6730,0.05360100045800209,0.0004364128690212965
6731,-0.011466999538242817,0.0004367954679764807
6732,0.02346700057387352,0.0004370094684418291
6733,-0.02160000056028366,0.00043734628707170486
6734,0.03866700083017349,0.0004375586286187172
6735,0.02346700057387352,0.00043789585470221937
6736,0.01360000018030405,0.0004380689933896065
6737,-0.0013330000219866633,0.0004380891041364521
6738,0.02346700057387352,0.000438229733845219
6739,-0.011466999538242817,0.00043827382614836097
6740,0.06373400241136551,0.0004383508930914104
6741,0.003467000089585781,0.0004385180654935539
6742,0.008533000014722347,0.0004386451910249889
6743,0.008533000014722347,0.00043888064101338387
6744,0.008533000014722347,0.0004389867535792291
6745,-0.02160000056028366,0.00043900488526560366
6746,0.02346700057387352,0.0004391191469039768
6747,-0.031466998159885406,0.0004394564894028008
6748,0.03359999880194664,0.00043957465095445514
6749,0.01360000018030405,0.0004396912991069257
6750,0.01866699941456318,0.00043958466267213225
6751,-0.016534000635147095,0.0004395369905978441
6752,0.03866700083017349,0.00043956204899586737
6753,0.003467000089585781,0.0004399706667754799
6754,0.03866700083017349,0.00044032116420567036
6755,0.01360000018030405,0.00044065722613595426
6756,0.05360100045800209,0.00044085760600864887
6757,-0.026399999856948853,0.0004411491099745035
6758,0.03866700083017349,0.0004413454735185951
6759,-0.011466999538242817,0.0004417205636855215
6760,0.03359999880194664,0.0004419318865984678
6761,-0.026399999856948853,0.00044221937423571944
6762,0.01866699941456318,0.00044258846901357174
6763,-0.011466999538242817,0.0004429087566677481
6764,0.03866700083017349,0.0004432261921465397
6765,-0.031466998159885406,0.0004435748851392418
6766,0.05360100045800209,0.00044400361366569996
6767,-0.03653400018811226,0.000444337580120191
6768,0.028534000739455223,0.00044453656300902367
6769,-0.0013330000219866633,0.00044488077401183546
6770,0.03866700083017349,0.00044504570541903377
6771,-0.011466999538242817,0.0004454418958630413
6772,0.028534000739455223,0.00044591870391741395
6773,-0.011466999538242817,0.00044652604265138507
6774,0.028534000739455223,0.0004470058192964643
6775,-0.011466999538242817,0.0004478060582187027
6776,0.04853399842977524,0.0004484822857193649
6777,-0.016534000635147095,0.0004493572632782161
6778,0.02346700057387352,0.0004503270611166954
6779,0.003467000089585781,0.0004511763690970838
6780,0.02346700057387352,0.0004520785005297512
6781,-0.02160000056028366,0.0004529122670646757
6782,0.07360100001096725,0.0004537347122095525
6783,-0.016534000635147095,0.000454482389613986
6784,0.04853399842977524,0.0004551573656499386
6785,0.003467000089585781,0.0004559669177979231
6786,0.04853399842977524,0.0004567436408251524
6787,0.003467000089585781,0.000457600224763155
6788,0.043733999133110046,0.00045851999311707914
6789,0.003467000089585781,0.00045957547263242304
6790,0.06373400241136551,0.0004606381990015507
6791,0.003467000089585781,0.0004619128012564033
6792,0.03359999880194664,0.0004632422642316669
6793,-0.02160000056028366,0.00046448386274278164
6794,0.028534000739455223,0.0004658241232391447
6795,0.003467000089585781,0.0004670501220971346
6796,0.028534000739455223,0.0004682880826294422
6797,-0.016534000635147095,0.0004696291871368885
6798,0.08373399823904037,0.00047091604210436344
6799,-0.011466999538242817,0.000472252257168293
6800,0.043733999133110046,0.00047315796837210655
6801,-0.006399999838322401,0.0004740792792290449
6802,0.04853399842977524,0.00047503411769866943
6803,0.008533000014722347,0.000476086133858189
6804,0.05360100045800209,0.00047704274766147137
6805,0.02346700057387352,0.0004781816969625652
6806,0.02346700057387352,0.00047913164598867297
6807,-0.02160000056028366,0.00047996779903769493
6808,0.043733999133110046,0.0004808304365724325
6809,-0.011466999538242817,0.0004818153684027493
6810,0.03359999880194664,0.00048270117258653045
6811,-0.0013330000219866633,0.00048373028403148055
6812,0.02346700057387352,0.0004847037489525974
6813,-0.011466999538242817,0.0004857393796555698
6814,0.03866700083017349,0.0004867766983807087
6815,-0.04160099849104881,0.0004878456238657236
6816,0.02346700057387352,0.0004888194962404668
6817,-0.02160000056028366,0.0004897324834018946
6818,0.06373400241136551,0.00049067591316998
6819,-0.016534000635147095,0.0004915151512250304
6820,0.05360100045800209,0.0004924008389934897
6821,0.01360000018030405,0.000493381405249238
6822,0.02346700057387352,0.0004943362437188625
6823,0.01866699941456318,0.0004952555755153298
6824,0.03866700083017349,0.0004962132079526782
6825,-0.006399999838322401,0.0004970735171809793
6826,0.043733999133110046,0.000497738248668611
6827,-0.0013330000219866633,0.0004986673011444509
6828,0.03866700083017349,0.0004995021154172719
6829,0.003467000089585781,0.0005004042177461088
6830,0.028534000739455223,0.000501374714076519
6831,0.008533000014722347,0.0005023559206165373
6832,0.043733999133110046,0.0005031671025790274
6833,-0.02160000056028366,0.0005039203097112477
6834,0.028534000739455223,0.0005045999423600733
6835,0.01866699941456318,0.0005053089698776603
6836,0.02346700057387352,0.0005061479168944061
6837,-0.026399999856948853,0.0005068624159321189
6838,0.043733999133110046,0.0005075096851214767
6839,-0.031466998159885406,0.0005083699943497777
6840,0.02346700057387352,0.0005091443890705705
6841,0.008533000014722347,0.0005099638947285712
6842,0.05360100045800209,0.000510864076204598
6843,0.008533000014722347,0.0005119562847539783
6844,0.03359999880194664,0.0005130275385454297
6845,0.01360000018030405,0.0005141205620020628
6846,0.028534000739455223,0.0005147980991750956
6847,0.008533000014722347,0.000515730818733573
6848,0.01360000018030405,0.0005164032336324453
6849,-0.0013330000219866633,0.0005173757672309875
6850,0.03866700083017349,0.0005185023183003068
6851,0.01866699941456318,0.0005197346908971667
6852,0.01866699941456318,0.0005207069916650653
6853,-0.006399999838322401,0.0005215101409703493
6854,0.01866699941456318,0.0005224613123573363
6855,0.02346700057387352,0.0005235215649008751
6856,0.06373400241136551,0.0005242562619969249
6857,0.003467000089585781,0.0005251184338703752
6858,0.01866699941456318,0.0005257948068901896
6859,0.003467000089585781,0.000526551331859082
6860,0.028534000739455223,0.0005272609414532781
6861,0.003467000089585781,0.0005280335317365825
6862,0.02346700057387352,0.0005286026280373335
6863,0.02346700057387352,0.0005291304551064968
6864,0.008533000014722347,0.0005296937888488173
6865,-0.02160000056028366,0.0005303440848365426
6866,-0.016534000635147095,0.0005308726103976369
6867,0.028534000739455223,0.0005315558519214392
6868,0.02346700057387352,0.000532022095285356
6869,-0.04160099849104881,0.0005323332152329385
6870,0.04853399842977524,0.0005328531842678785
6871,-0.05146700143814087,0.0005333716399036348
6872,0.02346700057387352,0.0005333651206456125
6873,-0.006399999838322401,0.0005335563328117132
6874,0.01360000018030405,0.0005337211769074202
6875,0.02346700057387352,0.0005339198978617787
6876,0.03866700083017349,0.0005341602955013514
6877,-0.011466999538242817,0.0005343285738490522
6878,0.04853399842977524,0.0005344198434613645
6879,0.003467000089585781,0.0005345712415874004
6880,0.01360000018030405,0.0005347445840016007
6881,-0.011466999538242817,0.0005350629216991365
6882,0.04853399842977524,0.0005353208398446441
6883,-0.03653400018811226,0.000535565079189837
6884,0.01866699941456318,0.0005357448244467378
6885,-0.006399999838322401,0.0005359814967960119
6886,0.03359999880194664,0.0005360469222068787
6887,0.008533000014722347,0.0005361207295209169
6888,0.03866700083017349,0.0005361244548112154
6889,0.01360000018030405,0.0005360282957553864
6890,0.06373400241136551,0.0005359892966225743
6891,0.01360000018030405,0.0005361146759241819
6892,0.01360000018030405,0.0005362418596632779
6893,-0.04160099849104881,0.0005364598473533988
6894,0.04853399842977524,0.0005365456454455853
6895,-0.006399999838322401,0.000536483945325017
6896,0.05360100045800209,0.0005362225929275155
6897,-0.02160000056028366,0.0005359025090001523
6898,0.05360100045800209,0.0005358690395951271
6899,0.008533000014722347,0.0005357119371183217
6900,0.05360100045800209,0.0005356990732252598
6901,0.003467000089585781,0.000535725150257349
6902,0.02346700057387352,0.0005358938360586762
6903,-0.011466999538242817,0.0005359848728403449
6904,0.01866699941456318,0.0005362443625926971
6905,0.003467000089585781,0.0005364245735108852
6906,0.04853399842977524,0.0005366575205698609
6907,0.008533000014722347,0.0005368614802137017
6908,0.0685340017080307,0.0005371705628931522
6909,0.02346700057387352,0.000537453277502209
6910,0.04853399842977524,0.0005376545013859868
6911,0.01866699941456318,0.000537708168849349
6912,0.02346700057387352,0.000537936924956739
6913,-0.0013330000219866633,0.0005380940274335444
6914,0.04853399842977524,0.0005383006064221263
6915,0.003467000089585781,0.0005384769756346941
6916,0.01360000018030405,0.0005385474651120603
6917,0.008533000014722347,0.0005384425166994333
6918,0.02346700057387352,0.0005383504321798682
6919,0.003467000089585781,0.0005383224925026298
6920,0.02346700057387352,0.0005383228417485952
6921,0.008533000014722347,0.0005383897805586457
6922,0.01360000018030405,0.0005383205716498196
6923,-0.02160000056028366,0.0005383273819461465
6924,0.03359999880194664,0.0005383737734518945
6925,-0.0013330000219866633,0.0005384315154515207
6926,0.008533000014722347,0.0005382438539527357
6927,-0.0013330000219866633,0.0005381532246246934
6928,0.02346700057387352,0.0005381035152822733
6929,0.003467000089585781,0.0005380781949497759
6930,0.043733999133110046,0.0005381229566410184
6931,-0.02160000056028366,0.0005381372757256031
6932,0.02346700057387352,0.0005379795911721885
6933,-0.0013330000219866633,0.0005378848291002214
6934,0.01360000018030405,0.0005378945497795939
6935,-0.03653400018811226,0.0005377988563850522
6936,0.03866700083017349,0.0005376148037612438
6937,0.03866700083017349,0.0005374725442379713
6938,0.03359999880194664,0.0005374384927563369
6939,0.01360000018030405,0.0005373279564082623
6940,0.028534000739455223,0.0005371813895180821
6941,0.028534000739455223,0.0005369682912714779
6942,0.028534000739455223,0.0005366792902350426
6943,-0.0013330000219866633,0.0005363457603380084
6944,0.03359999880194664,0.0005360031500458717
6945,-0.006399999838322401,0.0005356875481083989
6946,0.0685340017080307,0.0005353937158361077
6947,0.01360000018030405,0.000535191094968468
6948,0.04853399842977524,0.0005350002320483327
6949,-0.0013330000219866633,0.0005348442355170846
6950,0.028534000739455223,0.0005347185069695115
6951,0.01866699941456318,0.0005345958052203059
6952,0.03866700083017349,0.0005345272948034108
6953,-0.0013330000219866633,0.0005346218822523952
6954,0.028534000739455223,0.0005347129190340638
6955,-0.03653400018811226,0.0005346001125872135
6956,0.003467000089585781,0.0005344689125195146
6957,-0.0013330000219866633,0.0005344890523701906
6958,0.03866700083017349,0.0005344845121726394
6959,-0.0013330000219866633,0.0005345484823919833
6960,0.05866700038313866,0.0005346310790628195
6961,0.01360000018030405,0.0005347650730982423
6962,0.03359999880194664,0.0005347037222236395
6963,0.008533000014722347,0.0005346513353288174
6964,0.03866700083017349,0.0005345399840734899
6965,-0.0013330000219866633,0.0005344543606042862
6966,0.01360000018030405,0.0005344548844732344
6967,-0.016534000635147095,0.0005344587843865156
6968,0.04853399842977524,0.0005344123346731067
6969,-0.016534000635147095,0.0005343363154679537
6970,0.03359999880194664,0.0005341878859326243
6971,0.003467000089585781,0.0005340737989172339
6972,0.028534000739455223,0.0005340813077054918
6973,-0.011466999538242817,0.0005341205978766084
6974,0.05360100045800209,0.0005340745556168258
6975,-0.026399999856948853,0.0005338843911886215
6976,0.028534000739455223,0.0005339056369848549
6977,0.003467000089585781,0.0005340064526535571
6978,0.06373400241136551,0.000534099992364645
6979,-0.0013330000219866633,0.0005343630909919739
6980,0.01360000018030405,0.000534654303919524
6981,0.003467000089585781,0.0005347864935174584
6982,0.028534000739455223,0.0005349696730263531
6983,-0.016534000635147095,0.0005353956948965788
6984,0.06373400241136551,0.0005359761416912079
6985,-0.02160000056028366,0.0005364948883652687
6986,0.05360100045800209,0.0005369264981709421
6987,-0.0013330000219866633,0.0005372423911467195
6988,0.06373400241136551,0.0005376579356379807
6989,0.02346700057387352,0.0005379185313358903
6990,0.06373400241136551,0.0005380635848268867
6991,-0.006399999838322401,0.0005381939699873328
6992,0.02346700057387352,0.0005385956028476357
6993,0.003467000089585781,0.0005389107391238213
6994,0.03359999880194664,0.0005392172606661916
6995,0.003467000089585781,0.0005394363543018699
6996,0.08880099654197693,0.000539779313839972
6997,0.03866700083017349,0.000540100852958858
6998,0.03359999880194664,0.0005405215779319406
6999,0.03359999880194664,0.0005407987628132105
7000,0.04853399842977524,0.0005408606957644224
7001,-0.026399999856948853,0.0005409070290625095
7002,0.05866700038313866,0.0005407764110714197
7003,0.003467000089585781,0.0005403745453804731
7004,0.01360000018030405,0.0005402161623351276
7005,0.02346700057387352,0.0005400890368036926
7006,0.05866700038313866,0.0005398549255914986
7007,-0.0013330000219866633,0.0005396995111368597
7008,0.02346700057387352,0.0005394784966483712
7009,0.028534000739455223,0.0005391150480136275
7010,0.03866700083017349,0.0005387453129515052
7011,0.03866700083017349,0.0005383954849094152
7012,0.01866699941456318,0.00053792615653947
7013,-0.006399999838322401,0.000537519867066294
7014,0.03359999880194664,0.000537196930963546
7015,0.02346700057387352,0.0005368882557377219
7016,0.02346700057387352,0.000536531035322696
7017,-0.0013330000219866633,0.0005361555377021432
7018,0.03866700083017349,0.0005356287001632154
7019,-0.011466999538242817,0.0005350932478904724
7020,0.043733999133110046,0.0005346349789761007
7021,-0.0013330000219866633,0.0005340839270502329
7022,0.043733999133110046,0.0005335274618119001
7023,0.01360000018030405,0.0005329898558557034
7024,0.07866799831390381,0.00053242506692186
7025,0.003467000089585781,0.0005319189513102174
7026,0.043733999133110046,0.0005316010792739689
7027,0.04853399842977524,0.0005312280845828354
7028,0.03866700083017349,0.0005307438550516963
7029,-0.026399999856948853,0.0005302187637425959
7030,0.04853399842977524,0.0005298417527228594
7031,0.008533000014722347,0.0005292397690936923
7032,0.02346700057387352,0.000528526958078146
7033,-0.0013330000219866633,0.0005277260206639767
7034,0.043733999133110046,0.0005268983077257872
7035,0.01360000018030405,0.0005261071491986513
7036,0.03359999880194664,0.0005253207054920495
7037,-0.0013330000219866633,0.0005244766944088042
7038,0.02346700057387352,0.0005237925797700882
7039,0.003467000089585781,0.000523017137311399
7040,0.04853399842977524,0.0005222909967415035
7041,-0.0013330000219866633,0.0005213833646848798
7042,0.03359999880194664,0.0005205999477766454
7043,0.01360000018030405,0.0005196991260163486
7044,0.028534000739455223,0.000518775312229991
7045,0.01360000018030405,0.0005176606355234981
7046,0.04853399842977524,0.0005165628390386701
7047,0.01360000018030405,0.0005153342499397695
7048,0.01360000018030405,0.000514101586304605
7049,-0.011466999538242817,0.0005128595512360334
7050,0.03866700083017349,0.0005115175154060125
7051,-0.031466998159885406,0.0005102339200675488
7052,0.05360100045800209,0.000508954981341958
7053,-0.011466999538242817,0.0005075627705082297
7054,0.05866700038313866,0.0005063211428932846
7055,-0.02160000056028366,0.0005049338797107339
7056,0.03866700083017349,0.0005041211261413991
7057,0.003467000089585781,0.000503178802318871
7058,0.08880099654197693,0.0005023133708164096
7059,0.008533000014722347,0.0005012208712287247
7060,0.06373400241136551,0.0005002417601644993
7061,-0.011466999538242817,0.0004990925081074238
7062,0.028534000739455223,0.0004981434321962297
7063,-0.026399999856948853,0.0004972684546373785
7064,0.028534000739455223,0.0004966524429619312
7065,0.01866699941456318,0.0004959800280630589
7066,0.04853399842977524,0.0004954039468429983
7067,-0.03653400018811226,0.0004947613924741745
7068,0.03359999880194664,0.0004941020160913467
7069,-0.02160000056028366,0.0004934698808938265
7070,0.01360000018030405,0.0004928733687847853
7071,0.01360000018030405,0.0004922939115203917
7072,0.028534000739455223,0.000491676852107048
7073,0.02346700057387352,0.0004911536816507578
7074,0.03359999880194664,0.0004905924433842301
7075,0.008533000014722347,0.0004900539643131196
7076,0.043733999133110046,0.0004894835292361677
7077,-0.011466999538242817,0.0004887910909019411
7078,0.028534000739455223,0.00048835389316082
7079,0.01360000018030405,0.0004878602921962738
7080,0.02346700057387352,0.00048746465472504497
7081,-0.0013330000219866633,0.0004869996919296682
7082,0.06373400241136551,0.00048651648103259504
7083,0.01360000018030405,0.00048595963744446635
7084,0.028534000739455223,0.0004853897262364626
7085,0.01360000018030405,0.00048473780043423176
7086,0.03866700083017349,0.00048401099047623575
7087,-0.011466999538242817,0.0004831924452446401
7088,0.03866700083017349,0.00048262294149026275
7089,0.03359999880194664,0.00048204194172285497
7090,0.03866700083017349,0.0004814164713025093
7091,0.03866700083017349,0.0004807226941920817
7092,0.03359999880194664,0.00048004317795857787
7093,0.01360000018030405,0.0004794290289282799
7094,0.03866700083017349,0.00047879613703116775
7095,0.008533000014722347,0.0004780481103807688
7096,0.008533000014722347,0.0004773199907504022
7097,-0.0013330000219866633,0.00047657935647293925
7098,0.03866700083017349,0.0004760357551276684
7099,0.01360000018030405,0.0004752851091325283
7100,0.03359999880194664,0.00047463225200772285
7101,-0.03653400018811226,0.00047392756096087396
7102,0.07866799831390381,0.0004737387935165316
7103,-0.011466999538242817,0.0004732636734843254
7104,0.01360000018030405,0.0004728073254227638
7105,-0.0013330000219866633,0.0004722214362118393
7106,0.03866700083017349,0.00047141261165961623
7107,-0.011466999538242817,0.0004704742750618607
7108,0.05360100045800209,0.0004697796539403498
7109,0.01360000018030405,0.0004691033682320267
7110,0.043733999133110046,0.0004683714359998703
7111,-0.011466999538242817,0.00046765818842686713
7112,0.03359999880194664,0.0004673290532082319
7113,-0.04160099849104881,0.00046691569150425494
7114,0.05360100045800209,0.00046657194616273046
7115,0.01360000018030405,0.00046616667532362044
7116,0.05360100045800209,0.00046598498011007905
7117,-0.011466999538242817,0.0004655788652598858
7118,0.08880099654197693,0.00046538677997887135
7119,-0.0013330000219866633,0.00046528325765393674
7120,0.03866700083017349,0.0004649352631531656
7121,0.003467000089585781,0.00046448115608654916
7122,0.04853399842977524,0.00046419003047049046
7123,-0.0013330000219866633,0.0004638668615370989
7124,0.003467000089585781,0.00046364226727746427
7125,-0.0013330000219866633,0.0004636638914234936
7126,0.02346700057387352,0.0004633254720829427
7127,-0.026399999856948853,0.0004627470043487847
7128,0.01360000018030405,0.0004625991568900645
7129,0.03359999880194664,0.0004624333814717829
7130,0.06373400241136551,0.0004622760752681643
7131,-0.02160000056028366,0.00046220351941883564
7132,0.04853399842977524,0.00046205022954382
7133,-0.0013330000219866633,0.0004619721439667046
7134,0.028534000739455223,0.00046195770846679807
7135,0.008533000014722347,0.000461870979052037
7136,0.03866700083017349,0.00046176277101039886
7137,-0.011466999538242817,0.0004615295329131186
7138,0.06373400241136551,0.00046131806448102
7139,0.003467000089585781,0.0004611207696143538
7140,0.05360100045800209,0.0004611643962562084
7141,-0.016534000635147095,0.00046122027561068535
7142,0.02346700057387352,0.000461408868432045
7143,-0.011466999538242817,0.000461493618786335
7144,0.01866699941456318,0.0004618139937520027
7145,-0.0013330000219866633,0.00046209641732275486
7146,0.02346700057387352,0.00046213981113396585
7147,-0.011466999538242817,0.0004619490937329829
7148,0.03866700083017349,0.00046185991959646344
7149,-0.0013330000219866633,0.0004617100930772722
7150,0.02346700057387352,0.0004618226666934788
7151,-0.006399999838322401,0.00046183349331840873
7152,0.028534000739455223,0.00046188634587451816
7153,-0.011466999538242817,0.0004619482788257301
7154,0.05360100045800209,0.0004621429252438247
7155,-0.0013330000219866633,0.0004624362918548286
7156,-0.006399999838322401,0.0004625944420695305
7157,-0.016534000635147095,0.00046259764349088073
7158,0.01360000018030405,0.00046279458911158144
7159,-0.011466999538242817,0.00046293981722556055
7160,0.01866699941456318,0.00046306397416628897
7161,-0.0013330000219866633,0.00046312357881106436
7162,-0.006399999838322401,0.0004631162155419588
7163,-0.006399999838322401,0.00046302471309900284
7164,0.043733999133110046,0.00046299450332298875
7165,0.01360000018030405,0.0004630154580809176
7166,0.05866700038313866,0.0004630708135664463
7167,0.003467000089585781,0.0004630633629858494
7168,0.05360100045800209,0.00046313871280290186
7169,-0.031466998159885406,0.0004631768970284611
7170,0.07866799831390381,0.00046328501775860786
7171,-0.02160000056028366,0.00046331738121807575
7172,0.01866699941456318,0.0004632791969925165
7173,0.01360000018030405,0.0004633520729839802
7174,0.05866700038313866,0.0004634842334780842
7175,0.003467000089585781,0.000463634030893445
7176,0.06373400241136551,0.00046369992196559906
7177,-0.0013330000219866633,0.00046383769949898124
7178,0.028534000739455223,0.00046387891052290797
7179,-0.011466999538242817,0.000463914533611387
7180,0.043733999133110046,0.00046411302173510194
7181,0.003467000089585781,0.0004643160500563681
7182,0.06373400241136551,0.0004646445740945637
7183,0.008533000014722347,0.00046494408161379397
7184,0.04853399842977524,0.00046536605805158615
7185,-0.016534000635147095,0.0004656524979509413
7186,0.05360100045800209,0.0004658877442125231
7187,0.003467000089585781,0.0004659474943764508
7188,-0.0013330000219866633,0.00046600247151218355
7189,-0.0013330000219866633,0.00046593492152169347
7190,0.03866700083017349,0.0004658550024032593
7191,0.02346700057387352,0.0004658926627598703
7192,0.06373400241136551,0.0004658524412661791
7193,-0.03653400018811226,0.0004660010745283216
7194,0.02346700057387352,0.00046598794870078564
7195,0.008533000014722347,0.0004659068654291332
7196,0.02346700057387352,0.00046591745922341943
7197,-0.02160000056028366,0.0004658282850869
7198,0.028534000739455223,0.00046568928519263864
7199,0.028534000739455223,0.00046561346971429884
7200,0.03359999880194664,0.0004656324745155871
7201,-0.02160000056028366,0.0004655875382013619
7202,0.05360100045800209,0.00046545188524760306
7203,-0.026399999856948853,0.0004651146591641009
7204,0.028534000739455223,0.0004649010952562094
7205,-0.011466999538242817,0.00046461919555440545
7206,0.09866800159215927,0.0004642973653972149
7207,0.02346700057387352,0.00046383898006752133
7208,0.01866699941456318,0.00046333917998708785
7209,0.003467000089585781,0.0004627029411494732
7210,0.028534000739455223,0.0004620323015842587
7211,-0.016534000635147095,0.0004614961799234152
7212,0.02346700057387352,0.00046095935977064073
7213,0.003467000089585781,0.00046042492613196373
7214,0.03866700083017349,0.0004598188097588718
7215,0.003467000089585781,0.00045922439312562346
7216,0.03866700083017349,0.0004586328286677599
7217,0.003467000089585781,0.00045787263661623
7218,0.043733999133110046,0.0004572145116981119
7219,-0.006399999838322401,0.0004564801638480276
7220,0.01360000018030405,0.0004559001827146858
7221,0.01360000018030405,0.00045518213300965726
7222,0.02346700057387352,0.00045435232459567487
7223,-0.011466999538242817,0.0004535138141363859
7224,0.04853399842977524,0.00045265472726896405
7225,0.008533000014722347,0.00045185358612798154
7226,0.03866700083017349,0.0004510635044425726
7227,0.003467000089585781,0.0004503237141761929
7228,0.003467000089585781,0.0004495390166994184
7229,-0.02160000056028366,0.00044871034333482385
7230,0.043733999133110046,0.00044795620488002896
7231,-0.011466999538242817,0.0004472584114409983
7232,0.01360000018030405,0.0004464513622224331
7233,0.02346700057387352,0.00044558109948411584
7234,0.03866700083017349,0.0004446546081453562
7235,0.003467000089585781,0.0004436208982951939
7236,0.07866799831390381,0.00044264650205150247
7237,0.008533000014722347,0.0004418587777763605
7238,0.028534000739455223,0.0004410016699694097
7239,0.02346700057387352,0.0004400716570671648
7240,0.03866700083017349,0.0004389153909869492
7241,0.003467000089585781,0.00043785013258457184
7242,0.028534000739455223,0.000436614325735718
7243,-0.006399999838322401,0.0004353905678726733
7244,0.05866700038313866,0.0004342258907854557
7245,-0.02160000056028366,0.0004331444506533444
7246,0.02346700057387352,0.0004322226741351187
7247,-0.006399999838322401,0.0004311699012760073
7248,0.03866700083017349,0.0004299494903534651
7249,0.003467000089585781,0.0004287815245334059
7250,0.05360100045800209,0.00042761527583934367
7251,0.003467000089585781,0.00042662667692638934
7252,0.01866699941456318,0.00042563831084407866
7253,0.003467000089585781,0.0004244869633112103
7254,0.028534000739455223,0.000423339573899284
7255,-0.03653400018811226,0.0004223109281156212
7256,0.04853399842977524,0.000421412056311965
7257,-0.016534000635147095,0.0004206590820103884
7258,0.01866699941456318,0.00041993166087195277
7259,0.01360000018030405,0.000419222837081179
7260,0.03359999880194664,0.00041834969306364655
7261,0.003467000089585781,0.0004174938367214054
7262,0.01866699941456318,0.0004168005252722651
7263,0.01360000018030405,0.0004160987155046314
7264,0.03866700083017349,0.0004153916670475155
7265,-0.011466999538242817,0.00041472469456493855
7266,0.028534000739455223,0.0004140193632338196
7267,-0.011466999538242817,0.0004132144676987082
7268,0.028534000739455223,0.00041251518996432424
7269,-0.011466999538242817,0.00041187350871041417
7270,0.06373400241136551,0.0004111953894607723
7271,0.003467000089585781,0.0004104939289391041
7272,0.06373400241136551,0.0004098227364011109
7273,0.01360000018030405,0.0004091548325959593
7274,0.028534000739455223,0.0004085466789547354
7275,0.01360000018030405,0.000407970801461488
7276,0.01866699941456318,0.00040735467337071896
7277,-0.016534000635147095,0.0004069663118571043
7278,0.043733999133110046,0.0004063996020704508
7279,0.003467000089585781,0.0004058837075717747
7280,0.043733999133110046,0.00040536155574955046
7281,-0.0013330000219866633,0.0004047455731779337
7282,0.03866700083017349,0.0004040388739667833
7283,0.008533000014722347,0.00040341803105548024
7284,0.03359999880194664,0.00040270350291393697
7285,-0.011466999538242817,0.0004019457846879959
7286,0.03866700083017349,0.00040110322879627347
7287,0.02346700057387352,0.0004002883215434849
7288,0.043733999133110046,0.0003995911683887243
7289,-0.016534000635147095,0.00039887925959192216
7290,0.028534000739455223,0.00039815803756937385
7291,0.01360000018030405,0.0003974063729401678
7292,0.03866700083017349,0.000396681105485186
7293,-0.016534000635147095,0.00039617758011445403
7294,0.008533000014722347,0.0003957029839511961
7295,-0.006399999838322401,0.00039529771311208606
7296,0.03866700083017349,0.00039487890899181366
7297,-0.04666699841618538,0.0003946293145418167
7298,0.028534000739455223,0.0003939711023122072
7299,-0.02160000056028366,0.00039340220973826945
7300,0.03359999880194664,0.0003928381484001875
7301,0.01360000018030405,0.0003923481854144484
7302,0.03359999880194664,0.0003918543516192585
7303,0.01360000018030405,0.00039134538383223116
7304,0.05360100045800209,0.00039091348298825324
7305,-0.0013330000219866633,0.000390510365832597
7306,0.05360100045800209,0.0003902352473232895
7307,0.01360000018030405,0.0003898734285030514
7308,0.03866700083017349,0.000389717984944582
7309,-0.02160000056028366,0.0003896273556165397
7310,0.028534000739455223,0.00038935686461627483
7311,-0.026399999856948853,0.000389124354114756
7312,0.04853399842977524,0.0003885498736053705
7313,0.008533000014722347,0.0003882034798152745
7314,0.03866700083017349,0.00038781255716457963
7315,0.03866700083017349,0.00038759526796638966
7316,0.028534000739455223,0.0003873910754919052
7317,0.003467000089585781,0.0003872267552651465
7318,0.03359999880194664,0.0003870468062814325
7319,-0.011466999538242817,0.00038690940709784627
7320,0.04853399842977524,0.00038656420656479895
7321,0.01360000018030405,0.00038627308094874024
7322,0.01360000018030405,0.0003858929267153144
7323,0.01360000018030405,0.0003856095136143267
7324,0.05360100045800209,0.00038542068796232343
7325,-0.02160000056028366,0.00038532601320184767
7326,0.03359999880194664,0.00038519882946275175
7327,-0.016534000635147095,0.00038503436371684074
7328,0.02346700057387352,0.0003847265033982694
7329,0.02346700057387352,0.00038461264921352267
7330,0.03866700083017349,0.00038443482480943203
7331,-0.011466999538242817,0.0003843432350549847
7332,0.03866700083017349,0.00038422667421400547
7333,0.028534000739455223,0.0003840081044472754
7334,0.07360100001096725,0.0003837335971184075
7335,0.01866699941456318,0.0003834972158074379
7336,0.03866700083017349,0.000383240869268775
7337,-0.006399999838322401,0.0003830636851489544
7338,0.03866700083017349,0.0003827344626188278
7339,0.003467000089585781,0.0003824729938060045
7340,0.03866700083017349,0.00038213818334043026
7341,-0.011466999538242817,0.000381936552003026
7342,0.04853399842977524,0.0003816362004727125
7343,-0.006399999838322401,0.0003813941148109734
7344,0.028534000739455223,0.0003810010966844857
7345,-0.03653400018811226,0.0003807626198977232
7346,0.03359999880194664,0.00038024882087484
7347,-0.02160000056028366,0.0003798344114329666
7348,0.01360000018030405,0.00037934008287265897
7349,-0.006399999838322401,0.0003790298942476511
7350,0.03866700083017349,0.0003786447923630476
7351,-0.02160000056028366,0.0003784082946367562
7352,0.01360000018030405,0.00037798602716065943
7353,-0.03653400018811226,0.00037774996599182487
7354,0.04853399842977524,0.0003772492054849863
7355,0.01360000018030405,0.00037684114067815244
7356,0.07360100001096725,0.00037649046862497926
7357,-0.02160000056028366,0.00037609878927469254
7358,0.05866700038313866,0.0003755124344024807
7359,0.008533000014722347,0.00037489202804863453
7360,0.03866700083017349,0.0003743219713214785
7361,-0.026399999856948853,0.0003738761879503727
7362,0.03866700083017349,0.00037333794170990586
7363,0.003467000089585781,0.00037283534766174853
7364,0.02346700057387352,0.00037242932012304664
7365,-0.016534000635147095,0.00037212116876617074
7366,0.03359999880194664,0.00037162983790040016
7367,-0.0013330000219866633,0.00037119706394150853
7368,0.05360100045800209,0.00037082485505379736
7369,-0.006399999838322401,0.0003703490365296602
7370,0.01360000018030405,0.0003701077657751739
7371,-0.03653400018811226,0.0003699377120938152
7372,0.03866700083017349,0.00036984457983635366
7373,-0.011466999538242817,0.0003699079097714275
7374,0.07360100001096725,0.0003697550855576992
7375,0.03359999880194664,0.00036956858821213245
7376,0.028534000739455223,0.00036966189509257674
7377,-0.011466999538242817,0.00036987761268392205
7378,0.04853399842977524,0.0003700036904774606
7379,0.02346700057387352,0.0003700739180203527
7380,0.05360100045800209,0.0003701845998875797
7381,-0.016534000635147095,0.00037018125294707716
7382,0.07866799831390381,0.0003702212998177856
7383,-0.02160000056028366,0.0003706775023601949
7384,0.04853399842977524,0.00037090503610670567
7385,0.02346700057387352,0.00037120888009667397
7386,0.03359999880194664,0.00037147835246287286
7387,-0.0013330000219866633,0.000371741596609354
7388,0.01360000018030405,0.00037211342714726925
7389,-0.02160000056028366,0.0003724170965142548
7390,0.02346700057387352,0.000372832000721246
7391,-0.02160000056028366,0.0003732729237526655
7392,0.043733999133110046,0.0003735110512934625
7393,0.02346700057387352,0.00037384359166026115
7394,0.028534000739455223,0.000374344817828387
7395,-0.0013330000219866633,0.0003746633301489055
7396,0.04853399842977524,0.0003750081523321569
7397,-0.026399999856948853,0.0003752459306269884
7398,0.04853399842977524,0.00037559945485554636
7399,0.008533000014722347,0.0003759926767088473
7400,0.0685340017080307,0.0003763053100556135
7401,-0.026399999856948853,0.00037672571488656104
7402,0.04853399842977524,0.00037731416523456573
7403,-0.0013330000219866633,0.00037791411159560084
7404,0.01360000018030405,0.00037831897498108447
7405,-0.011466999538242817,0.0003784680156968534
7406,0.03866700083017349,0.00037866225466132164
7407,0.003467000089585781,0.0003790221526287496
7408,0.01360000018030405,0.00037928036181256175
7409,0.01360000018030405,0.0003794879885390401
7410,0.04853399842977524,0.0003795476513914764
7411,0.02346700057387352,0.00037959578912705183
7412,0.03866700083017349,0.0003796830715145916
7413,0.008533000014722347,0.0003798562102019787
7414,0.05360100045800209,0.00037987716495990753
7415,0.01866699941456318,0.0003800589474849403
7416,0.05360100045800209,0.0003802369465120137
7417,0.008533000014722347,0.00038036168552935123
7418,0.05360100045800209,0.00038045807741582394
7419,0.008533000014722347,0.0003807595930993557
7420,0.06373400241136551,0.0003809480112977326
7421,0.003467000089585781,0.0003813676885329187
7422,0.028534000739455223,0.00038186839083209634
7423,0.01360000018030405,0.00038239042623899877
7424,0.05360100045800209,0.0003826890024356544
7425,0.003467000089585781,0.00038315419806167483
7426,0.02346700057387352,0.00038343947380781174
7427,-0.006399999838322401,0.00038381427293643355
7428,0.03866700083017349,0.00038440030766651034
7429,0.01360000018030405,0.0003848703927360475
7430,0.04853399842977524,0.0003853465896099806
7431,-0.011466999538242817,0.00038572424091398716
7432,0.03359999880194664,0.0003863386227749288
7433,-0.03653400018811226,0.0003868912754114717
7434,0.003467000089585781,0.00038758511072956026
7435,-0.016534000635147095,0.00038810400292277336
7436,0.043733999133110046,0.0003882944583892822
7437,0.028534000739455223,0.0003885565383825451
7438,0.03359999880194664,0.0003888765349984169
7439,0.01360000018030405,0.00038910500006750226
7440,0.03866700083017349,0.0003891393425874412
7441,0.02346700057387352,0.0003894136752933264
7442,0.043733999133110046,0.0003897838178090751
7443,-0.026399999856948853,0.0003904058539774269
7444,0.043733999133110046,0.0003909447696059942
7445,0.01360000018030405,0.0003917398862540722
7446,0.02346700057387352,0.00039236852899193764
7447,-0.011466999538242817,0.00039313151501119137
7448,0.0685340017080307,0.00039378911606036127
7449,0.003467000089585781,0.0003943985793739557
7450,0.04853399842977524,0.00039516459219157696
7451,-0.006399999838322401,0.0003957014996558428
7452,0.05360100045800209,0.00039609018131159246
7453,-0.02160000056028366,0.00039683966315351427
7454,0.02346700057387352,0.0003977147862315178
7455,0.008533000014722347,0.00039848205051384866
7456,0.01866699941456318,0.0003990197437815368
7457,-0.0013330000219866633,0.00039951136568561196
7458,0.05360100045800209,0.00040022339089773595
7459,0.008533000014722347,0.00040122895734384656
7460,0.01866699941456318,0.0004020498599857092
7461,-0.026399999856948853,0.00040283487760461867
7462,0.02346700057387352,0.00040374224772676826
7463,0.008533000014722347,0.000404733931645751
7464,0.01360000018030405,0.0004057750920765102
7465,-0.0013330000219866633,0.0004067436675541103
7466,0.01866699941456318,0.00040769093902781606
7467,0.003467000089585781,0.00040862703463062644
7468,0.043733999133110046,0.0004095201729796827
7469,-0.02160000056028366,0.0004104286781512201
7470,0.04853399842977524,0.0004113118629902601
7471,-0.011466999538242817,0.00041226166649721563
7472,0.0685340017080307,0.0004131280293222517
7473,-0.0013330000219866633,0.0004141419194638729
7474,0.07360100001096725,0.0004150485619902611
7475,0.02346700057387352,0.0004157751682214439
7476,0.06373400241136551,0.00041650779894553125
7477,0.028534000739455223,0.0004173165070824325
7478,0.02346700057387352,0.0004180970718152821
7479,0.01360000018030405,0.0004189419560134411
7480,0.03866700083017349,0.000419924093876034
7481,-0.006399999838322401,0.00042090416536666453
7482,0.01360000018030405,0.0004219328402541578
7483,0.01360000018030405,0.00042286436655558646
7484,0.02346700057387352,0.0004235546221025288
7485,-0.011466999538242817,0.0004245801828801632
7486,0.07360100001096725,0.0004255067615304142
7487,-0.006399999838322401,0.00042657050653360784
7488,0.04853399842977524,0.00042745424434542656
7489,-0.0013330000219866633,0.0004284562892280519
7490,0.043733999133110046,0.0004293917154427618
7491,-0.016534000635147095,0.0004305248730815947
7492,0.03866700083017349,0.0004316018894314766
7493,0.003467000089585781,0.00043259491212666035
7494,0.04853399842977524,0.00043353013461455703
7495,0.003467000089585781,0.0004344626795500517
7496,0.03359999880194664,0.0004352930118329823
7497,0.02346700057387352,0.0004362629842944443
7498,0.028534000739455223,0.00043733371421694756
7499,-0.011466999538242817,0.00043836544500663877
7500,0.03866700083017349,0.0004394138231873512
7501,-0.02160000056028366,0.00044047372648492455
7502,0.02346700057387352,0.00044152740156278014
7503,0.01360000018030405,0.00044266035547479987
7504,0.028534000739455223,0.00044373265700414777
7505,0.02346700057387352,0.0004448951222002506
7506,0.028534000739455223,0.0004459884366951883
7507,-0.016534000635147095,0.0004472628643270582
7508,0.043733999133110046,0.0004483194788917899
7509,-0.0013330000219866633,0.0004494381428230554
7510,0.02346700057387352,0.0004506312543526292
7511,-0.016534000635147095,0.0004518168861977756
7512,0.028534000739455223,0.00045265728840604424
7513,0.043733999133110046,0.00045372056774795055
7514,0.03359999880194664,0.0004547873977571726
7515,0.003467000089585781,0.0004559634835459292
7516,0.03866700083017349,0.00045700062764808536
7517,-0.011466999538242817,0.00045818393118679523
7518,0.04853399842977524,0.00045932288048788905
7519,0.003467000089585781,0.00046050804667174816
7520,0.04853399842977524,0.0004615237412508577
7521,0.028534000739455223,0.0004625431611202657
7522,0.05360100045800209,0.0004636425001081079
7523,-0.0013330000219866633,0.000464763113996014
7524,0.03866700083017349,0.00046575706801377237
7525,-0.011466999538242817,0.00046695536002516747
7526,0.01866699941456318,0.0004679852572735399
7527,0.01866699941456318,0.0004691528156399727
7528,0.04853399842977524,0.00047035975148901343
7529,-0.016534000635147095,0.0004716909897979349
7530,0.07866799831390381,0.0004727967898361385
7531,0.03866700083017349,0.0004739349242299795
7532,0.05360100045800209,0.00047505274415016174
7533,0.028534000739455223,0.00047611648915335536
7534,0.03359999880194664,0.00047742639435455203
7535,-0.0013330000219866633,0.0004787353682331741
7536,0.05360100045800209,0.0004798755398951471
7537,-0.006399999838322401,0.00048103011795319617
7538,0.04853399842977524,0.00048200637684203684
7539,-0.0013330000219866633,0.00048304558731615543
7540,0.04853399842977524,0.0004841198679059744
7541,-0.031466998159885406,0.000485300668515265
7542,0.04853399842977524,0.0004863514914177358
7543,0.008533000014722347,0.00048742012586444616
7544,0.03866700083017349,0.0004885439993813634
7545,0.01360000018030405,0.0004896163009107113
7546,0.06373400241136551,0.0004905954701825976
7547,-0.0013330000219866633,0.0004918077611364424
7548,0.05360100045800209,0.0004928658017888665
7549,0.003467000089585781,0.0004939570790156722
7550,0.03866700083017349,0.0004948441637679935
7551,-0.0013330000219866633,0.0004956959164701402
7552,0.06373400241136551,0.0004964789841324091
7553,-0.016534000635147095,0.0004972908063791692
7554,0.06373400241136551,0.0004983015824109316
7555,-0.0013330000219866633,0.0004994046175852418
7556,0.0685340017080307,0.0005004450213164091
7557,0.02346700057387352,0.0005015418282710016
7558,0.028534000739455223,0.000502680370118469
7559,-0.02160000056028366,0.0005038502858951688
7560,0.043733999133110046,0.0005046608857810497
7561,0.003467000089585781,0.0005054630455560982
7562,0.06373400241136551,0.0005061044939793646
7563,0.003467000089585781,0.0005069414619356394
7564,0.04853399842977524,0.0005075311055406928
7565,0.008533000014722347,0.0005082158022560179
7566,0.043733999133110046,0.0005089944461360574
7567,-0.011466999538242817,0.0005097505636513233
7568,0.028534000739455223,0.0005105588352307677
7569,0.028534000739455223,0.000511282472871244
7570,0.06373400241136551,0.0005119704874232411
7571,-0.016534000635147095,0.0005127895856276155
7572,0.03866700083017349,0.000513409439008683
7573,0.01866699941456318,0.0005140217253938317
7574,0.05360100045800209,0.0005146562471054494
7575,-0.026399999856948853,0.0005154303507879376
7576,0.03866700083017349,0.0005160439759492874
7577,0.003467000089585781,0.000516638858243823
7578,0.05866700038313866,0.0005172405508346856
7579,-0.0013330000219866633,0.0005177520215511322
7580,0.04853399842977524,0.0005182379391044378
7581,-0.016534000635147095,0.0005184065084904432
7582,0.05360100045800209,0.0005184185574762523
7583,0.028534000739455223,0.0005185548798181117
7584,0.06373400241136551,0.0005187996430322528
7585,-0.011466999538242817,0.0005189993535168469
7586,0.028534000739455223,0.000519053777679801
7587,0.01360000018030405,0.000518941436894238
7588,0.01360000018030405,0.0005190983647480607
7589,-0.0013330000219866633,0.0005192627431824803
7590,0.028534000739455223,0.000519252847880125
7591,0.02346700057387352,0.0005191914970055223
7592,0.043733999133110046,0.0005192013923078775
7593,0.003467000089585781,0.000519338296726346
7594,0.08373399823904037,0.0005195994162932038
7595,-0.0013330000219866633,0.0005196892889216542
7596,0.028534000739455223,0.0005199577426537871
7597,0.003467000089585781,0.0005199640290811658
7598,0.01866699941456318,0.0005200541927479208
7599,0.01866699941456318,0.0005202441243454814
7600,0.03359999880194664,0.0005204147892072797
7601,0.01866699941456318,0.0005204416811466217
7602,0.02346700057387352,0.0005207497160881758
7603,-0.02160000056028366,0.000520961475558579
7604,0.028534000739455223,0.0005213001859374344
7605,0.02346700057387352,0.000521500944159925
7606,0.03866700083017349,0.0005217655561864376
7607,0.003467000089585781,0.0005218432052060962
7608,0.07360100001096725,0.0005219951272010803
7609,0.008533000014722347,0.000522277201525867
7610,0.05866700038313866,0.0005227131186984479
7611,-0.006399999838322401,0.0005230504320934415
7612,0.028534000739455223,0.0005232429830357432
7613,-0.006399999838322401,0.0005233059637248516
7614,0.07866799831390381,0.0005234036361798644
7615,0.028534000739455223,0.0005235711578279734
7616,0.043733999133110046,0.0005237929290160537
7617,0.03359999880194664,0.0005239397869445384
7618,0.05360100045800209,0.000524280418176204
7619,-0.031466998159885406,0.000524636940099299
7620,0.07866799831390381,0.000524896546266973
7621,0.01360000018030405,0.0005248868837952614
7622,0.05866700038313866,0.0005249943351373076
7623,-0.006399999838322401,0.0005251987022347748
7624,0.07360100001096725,0.0005251717520877719
7625,-0.011466999538242817,0.0005252945702522993
7626,0.028534000739455223,0.0005252138362266123
7627,-0.026399999856948853,0.000525020353961736
7628,0.03866700083017349,0.0005244825733825564
7629,0.02346700057387352,0.0005238840822130442
7630,0.07360100001096725,0.0005234308773651719
7631,0.008533000014722347,0.0005230183014646173
7632,0.03866700083017349,0.000522637099493295
7633,-0.006399999838322401,0.0005220842431299388
7634,0.01360000018030405,0.0005216000135987997
7635,-0.011466999538242817,0.0005209558876231313
7636,0.05360100045800209,0.0005202651955187321
7637,-0.011466999538242817,0.0005195828853175044
7638,0.01360000018030405,0.0005189708317629993
7639,0.01360000018030405,0.0005181363085284829
7640,0.05360100045800209,0.000517386884894222
7641,0.028534000739455223,0.0005166797200217843
7642,0.03866700083017349,0.0005160015425644815
7643,0.003467000089585781,0.0005152658559381962
7644,0.03359999880194664,0.0005145497852936387
7645,0.01360000018030405,0.0005138482665643096
7646,0.07866799831390381,0.0005131994839757681
7647,0.02346700057387352,0.0005122704897075891
7648,0.07360100001096725,0.0005115672829560935
7649,-0.0013330000219866633,0.0005107037140987813
7650,0.0685340017080307,0.0005097539396956563
7651,0.003467000089585781,0.0005089269834570587
7652,0.06373400241136551,0.0005080552655272186
7653,-0.011466999538242817,0.0005073111387901008
7654,0.028534000739455223,0.0005063439602963626
7655,-0.0013330000219866633,0.0005054779467172921
7656,0.028534000739455223,0.0005046152509748936
7657,-0.011466999538242817,0.0005037156515754759
7658,0.03866700083017349,0.0005027233273722231
7659,0.003467000089585781,0.000501833506859839
7660,0.07360100001096725,0.0005010089371353388
7661,0.003467000089585781,0.0005004153354093432
7662,0.01866699941456318,0.0004997339565306902
7663,0.03866700083017349,0.0004990290617570281
7664,0.03866700083017349,0.0004985047853551805
7665,-0.0013330000219866633,0.0004980098456144333
7666,0.03359999880194664,0.0004975192132405937
7667,0.01360000018030405,0.0004970271838828921
7668,0.04853399842977524,0.0004965969128534198
7669,0.003467000089585781,0.000496068736538291
7670,0.03866700083017349,0.0004955971380695701
7671,-0.02160000056028366,0.0004950367147102952
7672,0.05360100045800209,0.0004943102248944342
7673,-0.0013330000219866633,0.0004938996862620115
7674,0.04853399842977524,0.0004935042816214263
7675,0.01360000018030405,0.0004931522416882217
7676,0.043733999133110046,0.0004926917608827353
7677,-0.006399999838322401,0.0004921674262732267
7678,0.03866700083017349,0.000491489190608263
7679,-0.011466999538242817,0.0004909993149340153
7680,0.03359999880194664,0.0004904641536995769
7681,0.01360000018030405,0.000489879515953362
7682,0.05360100045800209,0.0004893788136541843
7683,-0.02160000056028366,0.0004888937692157924
7684,0.04853399842977524,0.00048818456707522273
7685,0.01360000018030405,0.0004877172759734094
7686,0.04853399842977524,0.0004872423014603555
7687,0.003467000089585781,0.00048671456170268357
7688,0.03359999880194664,0.0004860031767748296
7689,-0.016534000635147095,0.0004853412392549217
7690,0.06373400241136551,0.0004845986550208181
7691,0.003467000089585781,0.0004839871544390917
7692,0.03866700083017349,0.00048352661542594433
7693,-0.011466999538242817,0.0004831537080463022
7694,0.043733999133110046,0.00048274174332618713
7695,0.01360000018030405,0.0004824560019187629
7696,-0.0013330000219866633,0.00048224820056930184
7697,-0.031466998159885406,0.0004821353068109602
7698,0.008533000014722347,0.00048187136417254806
7699,-0.011466999538242817,0.0004813759005628526
7700,0.02346700057387352,0.0004810570681001991
7701,0.01360000018030405,0.00048066396266222
7702,0.06373400241136551,0.000480233778944239
7703,0.01360000018030405,0.00047961188829503953
7704,0.02346700057387352,0.0004790478269569576
7705,-0.011466999538242817,0.00047853199066594243
7706,0.06373400241136551,0.0004780330345965922
7707,0.01360000018030405,0.00047797817387618124
7708,0.01866699941456318,0.000477934954687953
7709,-0.016534000635147095,0.0004776893765665591
7710,0.04853399842977524,0.00047711352817714214
7711,-0.0013330000219866633,0.00047675915993750095
7712,0.0685340017080307,0.0004765177145600319
7713,-0.006399999838322401,0.0004764166660606861
7714,0.05360100045800209,0.00047617132076993585
7715,0.01360000018030405,0.000475927023217082
7716,0.06373400241136551,0.0004756814450956881
7717,-0.0013330000219866633,0.0004754783003591001
7718,0.03866700083017349,0.00047521316446363926
7719,0.003467000089585781,0.00047502253437414765
7720,0.03866700083017349,0.00047467477270402014
7721,0.008533000014722347,0.0004743282333947718
7722,0.04853399842977524,0.0004739124851766974
7723,-0.0013330000219866633,0.00047357389121316373
7724,0.07866799831390381,0.0004732373636215925
7725,0.003467000089585781,0.0004728452186100185
7726,0.05360100045800209,0.00047233878285624087
7727,0.02346700057387352,0.0004718999844044447
7728,0.07360100001096725,0.0004715331888291985
7729,0.02346700057387352,0.0004711845831479877
7730,0.05360100045800209,0.00047094537876546383
7731,-0.0013330000219866633,0.00047090015141293406
7732,0.06373400241136551,0.00047068909043446183
7733,-0.006399999838322401,0.0004704351886175573
7734,0.06373400241136551,0.00047019595513120294
7735,0.01866699941456318,0.00047012773575261235
7736,0.05360100045800209,0.0004700263380073011
7737,-0.006399999838322401,0.00046995803131721914
7738,0.028534000739455223,0.000469802413135767
7739,0.01360000018030405,0.0004697160329669714
7740,0.04853399842977524,0.00046974653378129005
7741,-0.006399999838322401,0.0004695422830991447
7742,0.03866700083017349,0.0004696154501289129
7743,0.01360000018030405,0.00046969266259111464
7744,0.043733999133110046,0.0004698422271758318
7745,-0.006399999838322401,0.0004698942939285189
7746,0.03866700083017349,0.0004699022101704031
7747,-0.026399999856948853,0.0004698054981417954
7748,0.04853399842977524,0.0004695292154792696
7749,-0.026399999856948853,0.00046935660066083074
7750,0.03359999880194664,0.00046899961307644844
7751,0.028534000739455223,0.0004685490857809782
7752,0.05866700038313866,0.0004682876169681549
7753,0.028534000739455223,0.00046782480785623193
7754,0.04853399842977524,0.000467387872049585
7755,0.008533000014722347,0.0004670325724873692
7756,0.05360100045800209,0.0004665086162276566
7757,-0.006399999838322401,0.0004660124541260302
7758,0.03866700083017349,0.0004654126241803169
7759,0.02346700057387352,0.00046489801025018096
7760,0.028534000739455223,0.0004644033615477383
7761,0.03359999880194664,0.00046384241431951523
7762,0.05866700038313866,0.00046342634595930576
7763,0.028534000739455223,0.0004628657770808786
7764,0.05360100045800209,0.00046254199696704745
7765,-0.03653400018811226,0.0004622202250175178
7766,0.06373400241136551,0.00046165031380951405
7767,-0.011466999538242817,0.00046113738790154457
7768,0.043733999133110046,0.0004609292955137789
7769,-0.011466999538242817,0.00046053744154050946
7770,0.05360100045800209,0.0004601192777045071
7771,0.008533000014722347,0.00045967023470439017
7772,0.04853399842977524,0.00045943399891257286
7773,0.003467000089585781,0.00045908131869509816
7774,0.06373400241136551,0.0004588726442307234
7775,0.01360000018030405,0.0004587210132740438
7776,0.02346700057387352,0.00045878044329583645
7777,-0.02160000056028366,0.00045870570465922356
7778,0.04853399842977524,0.0004584219423122704
7779,-0.02160000056028366,0.00045809062430635095
7780,0.06373400241136551,0.0004578673397190869
7781,0.03359999880194664,0.0004575362545438111
7782,0.07360100001096725,0.0004573685582727194
7783,0.01360000018030405,0.00045717228204011917
7784,0.028534000739455223,0.0004570196906570345
7785,0.028534000739455223,0.0004567347059492022
7786,0.028534000739455223,0.00045664282515645027
7787,-0.0013330000219866633,0.00045657381997443736
7788,0.03866700083017349,0.0004565054550766945
7789,-0.026399999856948853,0.0004564653499983251
7790,0.028534000739455223,0.0004562015528790653
7791,-0.02160000056028366,0.0004560498637147248
7792,0.02346700057387352,0.0004561109817586839
7793,0.003467000089585781,0.00045610094093717635
7794,0.028534000739455223,0.00045634349226020277
7795,-0.0013330000219866633,0.000456472480436787
7796,0.05360100045800209,0.0004568045842461288
7797,0.028534000739455223,0.0004570137243717909
7798,0.043733999133110046,0.0004573027545120567
7799,0.003467000089585781,0.00045755706378258765
7800,0.04853399842977524,0.00045777735067531466
7801,0.008533000014722347,0.00045799254439771175
7802,-0.006399999838322401,0.00045815581688657403
7803,-0.0013330000219866633,0.00045804562978446484
7804,0.02346700057387352,0.0004581630346365273
7805,0.01866699941456318,0.00045821559615433216
7806,0.043733999133110046,0.0004580956883728504
7807,0.01360000018030405,0.000457994407042861
7808,0.02346700057387352,0.00045802368549630046
7809,0.01360000018030405,0.00045798448263667524
7810,0.05360100045800209,0.0004580074455589056
7811,-0.006399999838322401,0.0004580265376716852
7812,0.008533000014722347,0.0004580412060022354
7813,-0.02160000056028366,0.00045793369645252824
7814,0.03359999880194664,0.00045799720101058483
7815,-0.011466999538242817,0.00045787557610310614
7816,0.04853399842977524,0.0004580204258672893
7817,-0.02160000056028366,0.0004580351524055004
7818,0.05866700038313866,0.0004581304674502462
7819,0.003467000089585781,0.0004581704270094633
7820,0.043733999133110046,0.00045835808850824833
7821,0.003467000089585781,0.0004584332345984876
7822,0.06373400241136551,0.00045868917368352413
7823,-0.02160000056028366,0.00045888038584962487
7824,0.03866700083017349,0.0004591745382640511
7825,-0.02160000056028366,0.00045943507575429976
7826,0.04853399842977524,0.0004599135718308389
7827,-0.011466999538242817,0.00046013621613383293
7828,0.028534000739455223,0.00046058063162490726
7829,0.003467000089585781,0.00046090796240605414
7830,0.03866700083017349,0.00046128517715260386
7831,0.008533000014722347,0.00046150386333465576
7832,0.03359999880194664,0.000461682619061321
7833,-0.0013330000219866633,0.0004616228980012238
7834,0.03866700083017349,0.00046164263039827347
7835,-0.04160099849104881,0.0004616560763679445
7836,0.04853399842977524,0.0004617254307959229
7837,0.003467000089585781,0.00046182010555639863
7838,0.03866700083017349,0.0004620568361133337
7839,-0.0013330000219866633,0.00046212627785280347
7840,0.07360100001096725,0.000462265161331743
7841,0.01360000018030405,0.0004624395223800093
7842,0.028534000739455223,0.00046262663090601563
7843,-0.0013330000219866633,0.0004628040478564799
7844,0.028534000739455223,0.0004628135357052088
7845,0.01360000018030405,0.00046292063780128956
7846,0.01866699941456318,0.00046297814697027206
7847,0.003467000089585781,0.00046305256546474993
7848,0.02346700057387352,0.00046321010449901223
7849,-0.011466999538242817,0.0004631249757949263
7850,0.043733999133110046,0.0004630376643035561
7851,-0.04666699841618538,0.00046296045184135437
7852,0.04853399842977524,0.00046282392577268183
7853,-0.0013330000219866633,0.0004628468304872513
7854,0.05866700038313866,0.00046313987695612013
7855,0.008533000014722347,0.00046324596041813493
7856,0.02346700057387352,0.000463350850623101
7857,-0.02160000056028366,0.0004633486387319863
7858,0.028534000739455223,0.00046350707998499274
7859,-0.026399999856948853,0.00046363292494788766
7860,0.02346700057387352,0.00046363085857592523
7861,-0.011466999538242817,0.0004637684323824942
7862,0.05866700038313866,0.0004637010279111564
7863,0.03866700083017349,0.00046367314644157887
7864,0.03359999880194664,0.00046371895587071776
7865,-0.02160000056028366,0.00046352538629435003
7866,0.01360000018030405,0.00046330387704074383
7867,-0.0013330000219866633,0.0004631723277270794
7868,0.04853399842977524,0.0004632016643881798
7869,-0.0013330000219866633,0.0004635389777831733
7870,0.04853399842977524,0.0004638635437004268
7871,-0.0013330000219866633,0.00046407291665673256
7872,0.01866699941456318,0.0004643416032195091
7873,-0.0013330000219866633,0.0004645344743039459
7874,0.03866700083017349,0.00046500415191985667
7875,0.003467000089585781,0.0004652316274587065
7876,0.043733999133110046,0.0004654653021134436
7877,-0.0013330000219866633,0.00046586478129029274
7878,0.02346700057387352,0.000466183468233794
7879,-0.0013330000219866633,0.0004663479048758745
7880,0.03866700083017349,0.0004666897002607584
7881,-0.0013330000219866633,0.00046681967796757817
7882,0.04853399842977524,0.00046694790944457054
7883,0.003467000089585781,0.00046717142686247826
7884,0.03866700083017349,0.0004674750380218029
7885,0.01360000018030405,0.00046786037273705006
7886,0.008533000014722347,0.000468296289909631
7887,0.01360000018030405,0.00046867007040418684
7888,0.07360100001096725,0.0004691575304605067
7889,-0.016534000635147095,0.00046977834426797926
7890,0.03359999880194664,0.00047061103396117687
7891,-0.02160000056028366,0.0004715249524451792
7892,0.03866700083017349,0.00047226250171661377
7893,-0.04666699841618538,0.0004729744978249073
7894,0.028534000739455223,0.0004735282273031771
7895,-0.016534000635147095,0.0004740495642181486
7896,0.03359999880194664,0.00047450815327465534
7897,-0.011466999538242817,0.0004749011714011431
7898,0.01866699941456318,0.00047527876449748874
7899,-0.011466999538242817,0.0004758008290082216
7900,0.043733999133110046,0.00047619384713470936
7901,-0.0013330000219866633,0.00047667440958321095
7902,0.04853399842977524,0.0004772022948600352
7903,0.008533000014722347,0.0004778391739819199
7904,0.02346700057387352,0.00047848763642832637
7905,-0.026399999856948853,0.0004793425614479929
7906,0.04853399842977524,0.00048011625767685473
7907,-0.02160000056028366,0.0004810319805983454
7908,0.04853399842977524,0.00048206598148681223
7909,-0.011466999538242817,0.0004828480596188456
7910,0.07866799831390381,0.0004836268781218678
7911,-0.011466999538242817,0.00048418264486826956
7912,0.05866700038313866,0.0004847215604968369
7913,0.04853399842977524,0.00048502907156944275
7914,0.05360100045800209,0.00048550969222560525
7915,0.01360000018030405,0.00048588705249130726
7916,0.028534000739455223,0.0004863415961153805
7917,0.003467000089585781,0.0004868408723268658
7918,0.06373400241136551,0.00048730429261922836
7919,0.003467000089585781,0.00048786812112666667
7920,0.01360000018030405,0.0004883237415924668
7921,0.02346700057387352,0.0004886918468400836
7922,0.01866699941456318,0.000489093130454421
7923,-0.02160000056028366,0.0004894561134278774
7924,0.07360100001096725,0.0004897259641438723
7925,0.003467000089585781,0.0004900597268715501
7926,0.03866700083017349,0.0004902108339592814
7927,0.003467000089585781,0.0004903580993413925
7928,0.05866700038313866,0.0004907713737338781
7929,0.028534000739455223,0.0004909323761239648
7930,0.06373400241136551,0.0004911497235298157
7931,-0.0013330000219866633,0.0004911032156087458
7932,0.028534000739455223,0.0004912336589768529
7933,-0.0013330000219866633,0.0004913213197141886
7934,0.043733999133110046,0.0004914305172860622
7935,-0.016534000635147095,0.00049158267211169
7936,0.043733999133110046,0.0004918568301945925
7937,0.003467000089585781,0.0004920523497276008
7938,0.03866700083017349,0.0004922362277284265
7939,-0.02160000056028366,0.0004924322129227221
7940,0.02346700057387352,0.0004928034031763673
7941,0.01360000018030405,0.0004930818104185164
7942,0.05360100045800209,0.0004934660973958671
7943,-0.0013330000219866633,0.0004938234342262149
7944,0.03866700083017349,0.000494354753755033
7945,-0.026399999856948853,0.0004948485875502229
7946,0.04853399842977524,0.0004956807242706418
7947,-0.0013330000219866633,0.0004962916718795896
7948,0.05360100045800209,0.0004970249137841165
7949,0.02346700057387352,0.0004973981413058937
7950,0.04853399842977524,0.0004976904601790011
7951,0.003467000089585781,0.0004979489604011178
7952,0.043733999133110046,0.0004982242826372385
7953,-0.0013330000219866633,0.0004980610683560371
7954,0.03866700083017349,0.0004980852245353162
7955,0.003467000089585781,0.0004980879602953792
7956,0.05360100045800209,0.0004981135716661811
7957,-0.03653400018811226,0.0004981387173756957
7958,0.02346700057387352,0.0004985845880582929
7959,0.003467000089585781,0.0004989171284250915
7960,0.03866700083017349,0.0004993685288354754
7961,0.02346700057387352,0.0004995528142899275
7962,0.05360100045800209,0.0004997790092602372
7963,-0.006399999838322401,0.0004998358199372888
7964,0.07360100001096725,0.0005000707460567355
7965,-0.02160000056028366,0.0005001554964110255
7966,0.05866700038313866,0.0005006987485103309
7967,0.01360000018030405,0.0005009244196116924
7968,0.043733999133110046,0.0005012130131945014
7969,0.01866699941456318,0.000501317554153502
7970,0.028534000739455223,0.0005015170900151134
7971,-0.011466999538242817,0.0005016844952479005
7972,0.06373400241136551,0.0005020931712351739
7973,0.01360000018030405,0.0005022352561354637
7974,0.06373400241136551,0.0005023937555961311
7975,-0.011466999538242817,0.0005024631973356009
7976,0.04853399842977524,0.0005028661689721048
7977,-0.011466999538242817,0.0005032905610278249
7978,0.03866700083017349,0.000503827293869108
7979,0.01360000018030405,0.0005041204276494682
7980,0.043733999133110046,0.0005046089645475149
7981,-0.02160000056028366,0.000504932482726872
7982,0.05360100045800209,0.0005055094370618463
7983,-0.006399999838322401,0.0005056763184256852
7984,0.04853399842977524,0.0005058612441644073
7985,0.01360000018030405,0.0005059432005509734
7986,0.028534000739455223,0.0005060760886408389
7987,-0.0013330000219866633,0.0005061596166342497
7988,0.008533000014722347,0.0005063905846327543
7989,0.008533000014722347,0.0005067409365437925
7990,0.03866700083017349,0.0005073938518762589
7991,0.01866699941456318,0.0005076247616671026
7992,0.05360100045800209,0.0005080144619569182
7993,-0.0013330000219866633,0.0005079878028482199
7994,0.043733999133110046,0.0005080063710920513
7995,-0.011466999538242817,0.0005079456605017185
7996,0.05360100045800209,0.0005081591079942882
7997,0.028534000739455223,0.0005081109120510519
7998,0.04853399842977524,0.0005080009577795863
7999,-0.006399999838322401,0.0005075465887784958
8000,0.05360100045800209,0.0005072971107438207
8001,-0.011466999538242817,0.0005069616017863154
8002,0.05360100045800209,0.0005068687605671585
8003,0.01360000018030405,0.0005066712619736791
8004,0.05360100045800209,0.0005066030425950885
8005,-0.0013330000219866633,0.0005064650322310627
8006,0.01866699941456318,0.0005065934965386987
8007,0.003467000089585781,0.0005067283636890352
8008,0.03866700083017349,0.0005068513564765453
8009,0.01360000018030405,0.000506918178871274
8010,0.05360100045800209,0.0005069976905360818
8011,-0.02160000056028366,0.00050691410433501
8012,0.05866700038313866,0.0005071425111964345
8013,-0.011466999538242817,0.0005072056665085256
8014,0.04853399842977524,0.0005073895445093513
8015,-0.026399999856948853,0.0005073308711871505
8016,0.06373400241136551,0.0005073364591225982
8017,0.008533000014722347,0.0005075013032183051
8018,0.01360000018030405,0.000507631222717464
8019,0.01360000018030405,0.0005077272071503103
8020,0.03866700083017349,0.0005077272071503103
8021,0.003467000089585781,0.0005075436201877892
8022,0.07866799831390381,0.0005075327353551984
8023,-0.011466999538242817,0.0005073633510619402
8024,0.05360100045800209,0.0005073817446827888
8025,-0.011466999538242817,0.0005072189960628748
8026,-0.0013330000219866633,0.0005071514751762152
8027,-0.011466999538242817,0.0005069985054433346
8028,0.028534000739455223,0.0005068873288109899
8029,0.01360000018030405,0.0005066831945441663
8030,0.03359999880194664,0.0005064302822574973
8031,0.003467000089585781,0.0005059228278696537
8032,0.03359999880194664,0.0005054022185504436
8033,-0.0013330000219866633,0.0005049716564826667
8034,0.04853399842977524,0.0005047586746513844
8035,-0.02160000056028366,0.0005045777070336044
8036,0.05360100045800209,0.0005045010475441813
8037,-0.0013330000219866633,0.0005042258417233825
8038,0.03866700083017349,0.000504022347740829
8039,0.01360000018030405,0.0005037636728957295
8040,0.028534000739455223,0.0005033951019868255
8041,0.02346700057387352,0.0005031670443713665
8042,-0.0013330000219866633,0.0005028393934480846
8043,0.008533000014722347,0.0005026048747822642
8044,0.01866699941456318,0.0005022869445383549
8045,0.003467000089585781,0.000501968723256141
8046,0.028534000739455223,0.0005016578361392021
8047,-0.02160000056028366,0.0005013291956856847
8048,0.03359999880194664,0.0005010593449696898
8049,-0.016534000635147095,0.0005008687730878592
8050,0.028534000739455223,0.0005006470018997788
8051,0.028534000739455223,0.0005004234844818711
8052,0.03866700083017349,0.000500071793794632
8053,-0.0013330000219866633,0.0004998197546228766
8054,0.03866700083017349,0.0004995678318664432
8055,0.01360000018030405,0.0004992889007553458
8056,0.02346700057387352,0.0004988546716049314
8057,-0.011466999538242817,0.0004985046107321978
8058,0.04853399842977524,0.0004983126418665051
8059,0.008533000014722347,0.0004980866797268391
8060,0.028534000739455223,0.0004976826021447778
8061,-0.011466999538242817,0.0004972946480847895
8062,0.03866700083017349,0.0004972422611899674
8063,0.01360000018030405,0.0004971023299731314
8064,0.02346700057387352,0.0004968205466866493
8065,0.003467000089585781,0.0004965572734363377
8066,0.028534000739455223,0.000496366061270237
8067,0.03866700083017349,0.0004960906226187944
8068,0.05360100045800209,0.0004957487690262496
8069,0.01360000018030405,0.0004954414907842875
8070,0.05360100045800209,0.0004947896813973784
8071,-0.006399999838322401,0.0004941848455928266
8072,0.03866700083017349,0.0004936113255098462
8073,-0.02160000056028366,0.0004932651063427329
8074,0.028534000739455223,0.0004930274444632232
8075,-0.04666699841618538,0.0004927997360937297
8076,0.07360100001096725,0.0004924628883600235
8077,-0.011466999538242817,0.0004919467028230429
8078,0.04853399842977524,0.0004912206204608083
8079,-0.02160000056028366,0.0004906074027530849
8080,0.03359999880194664,0.0004898363840766251
8081,-0.011466999538242817,0.000489147671032697
8082,0.03866700083017349,0.00048826943384483457
8083,-0.006399999838322401,0.00048751599388197064
8084,0.05360100045800209,0.000486686360090971
8085,-0.016534000635147095,0.00048604729818180203
8086,0.043733999133110046,0.00048534671077504754
8087,-0.031466998159885406,0.0004846160882152617
8088,0.06373400241136551,0.00048420269740745425
8089,-0.02160000056028366,0.0004839057510253042
8090,0.028534000739455223,0.00048346014227718115
8091,-0.026399999856948853,0.00048290163977071643
8092,0.02346700057387352,0.0004822320770472288
8093,0.003467000089585781,0.0004817804729100317
8094,0.02346700057387352,0.0004812400438822806
8095,-0.0013330000219866633,0.0004807604127563536
8096,0.02346700057387352,0.00048022414557635784
8097,0.003467000089585781,0.00047951570013538003
8098,0.05360100045800209,0.0004789559170603752
8099,0.003467000089585781,0.00047848784015513957
8100,0.02346700057387352,0.00047798617742955685
8101,-0.02160000056028366,0.0004774686531163752
8102,0.01360000018030405,0.0004770869854837656
8103,-0.011466999538242817,0.0004768081125803292
8104,0.03866700083017349,0.000476442975923419
8105,-0.02160000056028366,0.00047625965089537203
8106,0.01866699941456318,0.0004761461168527603
8107,-0.026399999856948853,0.0004760865122079849
8108,0.03866700083017349,0.0004760814772453159
8109,-0.031466998159885406,0.0004760785086546093
8110,0.03359999880194664,0.0004759351722896099
8111,-0.0013330000219866633,0.0004757717251777649
8112,0.043733999133110046,0.0004759177681989968
8113,0.003467000089585781,0.00047595403157174587
8114,0.09360100328922272,0.0004758448339998722
8115,0.01866699941456318,0.00047554788761772215
8116,0.03866700083017349,0.00047533767065033317
8117,0.003467000089585781,0.0004749263171106577
8118,0.05360100045800209,0.0004746277700178325
8119,-0.011466999538242817,0.00047439010813832283
8120,0.03866700083017349,0.0004741499142255634
8121,0.003467000089585781,0.0004737465060316026
8122,0.05360100045800209,0.00047333259135484695
8123,-0.02160000056028366,0.00047292280942201614
8124,0.04853399842977524,0.0004722526646219194
8125,-0.02160000056028366,0.0004714264068752527
8126,0.01360000018030405,0.00047058844938874245
8127,-0.031466998159885406,0.0004699709825217724
8128,0.01360000018030405,0.0004691706853918731
8129,-0.04666699841618538,0.0004686414613388479
8130,0.03359999880194664,0.00046768662286922336
8131,-0.0013330000219866633,0.0004669387708418071
8132,0.028534000739455223,0.00046613020822405815
8133,-0.0013330000219866633,0.00046557909809052944
8134,0.008533000014722347,0.0004650703049264848
8135,-0.026399999856948853,0.00046457169810310006
8136,0.04853399842977524,0.0004639712569769472
8137,0.01360000018030405,0.0004635134246200323
8138,0.01360000018030405,0.0004630809125956148
8139,0.003467000089585781,0.0004626965965144336
8140,0.02346700057387352,0.00046227104030549526
8141,-0.011466999538242817,0.0004618254897650331
8142,0.01360000018030405,0.0004613494093064219
8143,-0.031466998159885406,0.000460930255940184
8144,-0.016534000635147095,0.0004604478890541941
8145,-0.031466998159885406,0.0004599519888870418
8146,0.003467000089585781,0.00045920474804006517
8147,0.01360000018030405,0.00045852363109588623
8148,0.01866699941456318,0.0004579498781822622
8149,-0.006399999838322401,0.0004574530175887048
8150,0.03866700083017349,0.00045719899935647845
8151,0.01360000018030405,0.0004568641888909042
8152,0.02346700057387352,0.00045647728256881237
8153,-0.011466999538242817,0.0004561233217827976
8154,0.028534000739455223,0.0004558511427603662
8155,-0.011466999538242817,0.0004555119667202234
8156,0.028534000739455223,0.00045524523011408746
8157,0.01360000018030405,0.00045488541945815086
8158,0.05360100045800209,0.0004543905961327255
8159,0.008533000014722347,0.00045402534306049347
8160,0.01866699941456318,0.00045338235213421285
8161,-0.03653400018811226,0.0004526220727711916
8162,0.04853399842977524,0.0004516385088209063
8163,0.003467000089585781,0.0004507557023316622
8164,-0.0013330000219866633,0.00044980045640841126
8165,-0.03653400018811226,0.00044924492249265313
8166,0.0685340017080307,0.00044871639693155885
8167,-0.0013330000219866633,0.0004485691024456173
8168,0.04853399842977524,0.0004484016099013388
8169,-0.011466999538242817,0.00044838181929662824
8170,0.043733999133110046,0.00044831554987467825
8171,0.03866700083017349,0.0004483576922211796
8172,0.02346700057387352,0.0004482229705899954
8173,0.01866699941456318,0.00044804089702665806
8174,0.01866699941456318,0.0004479815252125263
8175,0.05360100045800209,0.00044778507435694337
8176,0.02346700057387352,0.00044754776172339916
8177,0.003467000089585781,0.0004474360030144453
8178,0.008533000014722347,0.00044730358058586717
8179,0.01360000018030405,0.0004471807333175093
8180,0.03866700083017349,0.00044719723518937826
8181,0.003467000089585781,0.0004471438587643206
8182,0.03866700083017349,0.000447125785285607
8183,0.003467000089585781,0.0004472644650377333
8184,0.028534000739455223,0.00044716399861499667
8185,-0.0013330000219866633,0.00044722534948959947
8186,0.06373400241136551,0.00044726207852363586
8187,0.003467000089585781,0.0004473321605473757
8188,0.05360100045800209,0.0004473556182347238
8189,-0.006399999838322401,0.00044738774886354804
8190,0.03866700083017349,0.0004474371671676636
8191,0.003467000089585781,0.0004472932778298855
8192,0.02346700057387352,0.00044707590132020414
8193,0.028534000739455223,0.00044696955592371523
8194,0.028534000739455223,0.0004469306149985641
8195,-0.02160000056028366,0.000447009748313576
8196,0.0685340017080307,0.0004470636195037514
8197,-0.02160000056028366,0.0004470478743314743
8198,0.05360100045800209,0.0004467890248633921
8199,-0.026399999856948853,0.0004465559613890946
8200,0.028534000739455223,0.0004461658245418221
8201,-0.0013330000219866633,0.0004457163158804178
8202,0.04853399842977524,0.0004449565021786839
8203,-0.0013330000219866633,0.000444288132712245
8204,0.03359999880194664,0.0004434565198607743
8205,-0.02160000056028366,0.00044275057734921575
8206,0.028534000739455223,0.0004421129706315696
8207,-0.011466999538242817,0.0004414757713675499
8208,0.0685340017080307,0.00044091945164836943
8209,-0.006399999838322401,0.00044050789438188076
8210,0.043733999133110046,0.00043985858792439103
8211,-0.016534000635147095,0.0004393861163407564
8212,0.02346700057387352,0.0004388362285681069
8213,-0.02160000056028366,0.0004381919279694557
8214,0.03866700083017349,0.0004372672992758453
8215,0.003467000089585781,0.0004364950000308454
8216,0.02346700057387352,0.00043577345786616206
8217,-0.02160000056028366,0.0004353333206381649
8218,0.05866700038313866,0.0004347063950262964
8219,-0.026399999856948853,0.00043407222256064415
8220,0.008533000014722347,0.0004331543459556997
8221,-0.006399999838322401,0.00043240986997261643
8222,0.04853399842977524,0.0004314338439144194
8223,0.003467000089585781,0.00043062493205070496
8224,0.043733999133110046,0.0004298491985537112
8225,-0.026399999856948853,0.00042932521319016814
8226,0.05866700038313866,0.0004288724157959223
8227,-0.026399999856948853,0.00042836059583351016
8228,0.043733999133110046,0.0004275606479495764
8229,0.003467000089585781,0.00042701209895312786
8230,0.02346700057387352,0.00042647100053727627
8231,-0.05653399974107742,0.00042595737613737583
8232,0.02346700057387352,0.00042536621913313866
8233,-0.03653400018811226,0.0004248041077516973
8234,-0.0013330000219866633,0.00042414997005835176
8235,-0.031466998159885406,0.0004235283413436264
8236,0.01866699941456318,0.00042280182242393494
8237,-0.02160000056028366,0.0004221727722324431
8238,0.03866700083017349,0.00042140469304285944
8239,0.003467000089585781,0.00042095151729881763
8240,0.01360000018030405,0.0004205700533930212
8241,-0.026399999856948853,0.00042016804218292236
8242,0.02346700057387352,0.00041973148472607136
8243,0.003467000089585781,0.00041929009603336453
8244,-0.006399999838322401,0.00041885051177814603
8245,-0.05146700143814087,0.00041822800994850695
8246,0.02346700057387352,0.00041726758354343474
8247,-0.016534000635147095,0.0004166639409959316
8248,0.03359999880194664,0.00041580726974643767
8249,0.01360000018030405,0.00041538430377840996
8250,0.02346700057387352,0.0004149621236138046
8251,-0.0013330000219866633,0.00041448790580034256
8252,0.03359999880194664,0.0004137793439440429
8253,0.02346700057387352,0.000413309084251523
8254,0.05866700038313866,0.0004127021529711783
8255,-0.011466999538242817,0.00041245311149396
8256,0.03866700083017349,0.0004120537778362632
8257,-0.011466999538242817,0.00041172426426783204
8258,0.028534000739455223,0.0004113283066544682
8259,-0.006399999838322401,0.00041097617940977216
8260,0.04853399842977524,0.00041071907617151737
8261,0.01866699941456318,0.0004105372354388237
8262,0.04853399842977524,0.0004101480881217867
8263,0.008533000014722347,0.00040985658415593207
8264,0.01360000018030405,0.00040944330976344645
8265,-0.011466999538242817,0.0004089594876859337
8266,0.03359999880194664,0.00040847674245014787
8267,-0.026399999856948853,0.0004080904764123261
8268,0.02346700057387352,0.00040751200867816806
8269,-0.006399999838322401,0.0004070051945745945
8270,0.07360100001096725,0.00040647643618285656
8271,-0.011466999538242817,0.00040611420990899205
8272,0.028534000739455223,0.0004058322519995272
8273,0.008533000014722347,0.00040530008845962584
8274,0.05866700038313866,0.0004047208640258759
8275,-0.0013330000219866633,0.0004041967913508415
8276,0.04853399842977524,0.00040371279465034604
8277,-0.02160000056028366,0.000403374811867252
8278,0.028534000739455223,0.00040299087413586676
8279,-0.0013330000219866633,0.0004027526010759175
8280,0.008533000014722347,0.00040241802344098687
8281,-0.026399999856948853,0.00040211318992078304
8282,0.01866699941456318,0.00040197401540353894
8283,-0.0013330000219866633,0.0004018965701106936
8284,0.02346700057387352,0.0004018097242806107
8285,0.01360000018030405,0.0004016617313027382
8286,0.03359999880194664,0.0004013624566141516
8287,-0.011466999538242817,0.0004012337885797024
8288,0.003467000089585781,0.00040110928239300847
8289,-0.026399999856948853,0.00040093506686389446
8290,0.04853399842977524,0.0004007421084679663
8291,-0.016534000635147095,0.00040055863792076707
8292,0.02346700057387352,0.00040024658665060997
8293,-0.02160000056028366,0.00040000054286792874
8294,0.04853399842977524,0.00039967423072084785
8295,-0.006399999838322401,0.00039932114304974675
8296,0.03359999880194664,0.0003990521072410047
8297,0.01360000018030405,0.00039871741319075227
8298,0.04853399842977524,0.0003984710783697665
8299,-0.006399999838322401,0.0003981227637268603
8300,0.05360100045800209,0.0003978203749284148
8301,0.003467000089585781,0.00039746833499521017
8302,0.04853399842977524,0.0003971330588683486
8303,-0.02160000056028366,0.0003967437078244984
8304,0.028534000739455223,0.000396272458601743
8305,-0.011466999538242817,0.000395770650357008
8306,0.03359999880194664,0.0003951534745283425
8307,-0.02160000056028366,0.0003945770731661469
8308,0.04853399842977524,0.00039390684105455875
8309,0.01360000018030405,0.00039323713281191885
8310,0.008533000014722347,0.0003926989156752825
8311,0.003467000089585781,0.000392100220778957
8312,0.04853399842977524,0.0003916238492820412
8313,-0.03653400018811226,0.000391150766517967
8314,0.028534000739455223,0.00039071199717000127
8315,-0.016534000635147095,0.0003903938049916178
8316,0.02346700057387352,0.00039004674181342125
8317,-0.03653400018811226,0.00038975407369434834
8318,0.028534000739455223,0.0003892794484272599
8319,0.02346700057387352,0.000388717046007514
8320,0.04853399842977524,0.00038824655348435044
8321,-0.02160000056028366,0.000387776643037796
8322,0.0685340017080307,0.0003872810921166092
8323,0.003467000089585781,0.00038680131547152996
8324,0.04853399842977524,0.0003863642050419003
8325,-0.011466999538242817,0.0003858337295241654
8326,0.02346700057387352,0.0003855105605907738
8327,-0.026399999856948853,0.0003853495290968567
8328,0.003467000089585781,0.00038507525459863245
8329,-0.02160000056028366,0.000384567363653332
8330,0.03866700083017349,0.0003839432611130178
8331,-0.031466998159885406,0.00038335882709361613
8332,0.03359999880194664,0.00038280553417280316
8333,-0.006399999838322401,0.0003824159502983093
8334,0.003467000089585781,0.00038210494676604867
8335,-0.0013330000219866633,0.0003816079697571695
8336,0.03866700083017349,0.00038125994615256786
8337,-0.03653400018811226,0.00038103238330222666
8338,0.003467000089585781,0.00038073217729106545
8339,0.008533000014722347,0.0003804533334914595
8340,0.02346700057387352,0.00038006939576007426
8341,0.003467000089585781,0.00037959712790325284
8342,0.008533000014722347,0.0003793943324126303
8343,-0.05146700143814087,0.00037928042002022266
8344,0.043733999133110046,0.0003790445625782013
8345,0.008533000014722347,0.00037877558497712016
8346,0.04853399842977524,0.0003785176668316126
8347,-0.0013330000219866633,0.00037829671055078506
8348,0.01866699941456318,0.00037820549914613366
8349,-0.011466999538242817,0.0003779351827688515
8350,0.03866700083017349,0.0003777610254473984
8351,-0.006399999838322401,0.00037756533129140735
8352,0.028534000739455223,0.0003773554344661534
8353,-0.026399999856948853,0.00037722912384197116
8354,0.008533000014722347,0.000376993790268898
8355,-0.006399999838322401,0.00037671098834834993
8356,0.03359999880194664,0.0003764591529034078
8357,0.02346700057387352,0.0003762357810046524
8358,0.05360100045800209,0.0003760019317269325
8359,0.028534000739455223,0.0003756711375899613
8360,0.043733999133110046,0.0003752626071218401
8361,0.02346700057387352,0.0003747650480363518
8362,0.043733999133110046,0.00037421719753183424
8363,-0.006399999838322401,0.00037358462577685714
8364,0.03866700083017349,0.00037290030741132796
8365,-0.03653400018811226,0.00037215970223769546
8366,0.03359999880194664,0.00037147486000321805
8367,-0.006399999838322401,0.0003707923460751772
8368,0.04853399842977524,0.0003700304660014808
8369,-0.02160000056028366,0.00036940298741683364
8370,0.03866700083017349,0.0003689965233206749
8371,-0.02160000056028366,0.0003687208518385887
8372,0.04853399842977524,0.0003683999239001423
8373,-0.02160000056028366,0.000368237349903211
8374,0.03866700083017349,0.0003681355156004429
8375,-0.0013330000219866633,0.0003679698274936527
8376,0.05360100045800209,0.0003678811772260815
8377,-0.011466999538242817,0.00036785760312341154
8378,0.03866700083017349,0.00036781677044928074
8379,-0.02160000056028366,0.00036780390655621886
8380,0.03866700083017349,0.00036796904169023037
8381,-0.0013330000219866633,0.00036809983430430293
8382,0.02346700057387352,0.0003682287351693958
8383,-0.02160000056028366,0.0003682105743791908
8384,0.05360100045800209,0.00036849244497716427
8385,0.008533000014722347,0.00036864160210825503
8386,0.03866700083017349,0.000368709210306406
8387,0.003467000089585781,0.0003687084245029837
8388,0.05360100045800209,0.00036880822153761983
8389,-0.011466999538242817,0.0003688305732794106
8390,0.05360100045800209,0.00036880109109915793
8391,0.028534000739455223,0.0003687252174131572
8392,0.04853399842977524,0.000368739158147946
8393,0.01360000018030405,0.00036874026409350336
8394,0.028534000739455223,0.00036872076452709734
8395,0.01360000018030405,0.00036862120032310486
8396,0.03866700083017349,0.0003686129057314247
8397,-0.011466999538242817,0.0003685126139316708
8398,0.02346700057387352,0.0003684200346469879
8399,-0.05146700143814087,0.0003681880480144173
8400,0.043733999133110046,0.0003679986111819744
8401,-0.0013330000219866633,0.0003679003566503525
8402,-0.011466999538242817,0.000367763452231884
8403,-0.02160000056028366,0.00036769165308214724
8404,0.06373400241136551,0.0003678037319332361
8405,-0.05653399974107742,0.0003679216024465859
8406,0.02346700057387352,0.0003678087959997356
8407,0.003467000089585781,0.00036783289397135377
8408,0.03359999880194664,0.00036811240715906024
8409,-0.011466999538242817,0.0003683237300720066
8410,0.05360100045800209,0.0003684458206407726
8411,0.03359999880194664,0.0003684468101710081
8412,0.03866700083017349,0.0003684230614453554
8413,-0.006399999838322401,0.0003684449475258589
8414,0.028534000739455223,0.0003685775154735893
8415,-0.016534000635147095,0.00036867085145786405
8416,0.02346700057387352,0.0003689586592372507
8417,-0.0013330000219866633,0.00036920508136972785
8418,0.06373400241136551,0.0003697594511322677
8419,0.003467000089585781,0.0003701973764691502
8420,0.028534000739455223,0.00037059892201796174
8421,0.01866699941456318,0.00037073600105941296
8422,0.05360100045800209,0.0003708631847985089
8423,-0.0013330000219866633,0.0003706211573444307
8424,0.05360100045800209,0.0003705802373588085
8425,-0.026399999856948853,0.00037053547566756606
8426,0.01360000018030405,0.0003705601266119629
8427,-0.0013330000219866633,0.0003703996480908245
8428,0.028534000739455223,0.00037046847864985466
8429,-0.026399999856948853,0.00037064478965476155
8430,-0.0013330000219866633,0.00037064828211441636
8431,-0.03653400018811226,0.0003706670249812305
8432,0.04853399842977524,0.00037054362474009395
8433,-0.026399999856948853,0.00037044117925688624
8434,0.04853399842977524,0.00037033524131402373
8435,0.02346700057387352,0.0003700631204992533
8436,0.003467000089585781,0.0003699100052472204
8437,-0.026399999856948853,0.00037002874887548387
8438,0.03866700083017349,0.00037003372563049197
8439,-0.02160000056028366,0.00036999600706622005
8440,0.03866700083017349,0.0003698868094943464
8441,0.008533000014722347,0.0003697312786243856
8442,0.003467000089585781,0.0003694410843309015
8443,-0.011466999538242817,0.0003692296741064638
8444,0.03359999880194664,0.00036901686689816415
8445,0.008533000014722347,0.0003687723947223276
8446,0.043733999133110046,0.0003685436095111072
8447,0.008533000014722347,0.0003684688708744943
8448,0.028534000739455223,0.0003684265539050102
8449,-0.011466999538242817,0.00036842896952293813
8450,0.043733999133110046,0.00036853738129138947
8451,-0.02160000056028366,0.00036829517921432853
8452,0.07360100001096725,0.0003680883382912725
8453,-0.026399999856948853,0.00036799325607717037
8454,0.02346700057387352,0.00036803469993174076
8455,-0.02160000056028366,0.0003681368543766439
8456,-0.0013330000219866633,0.00036815935163758695
8457,-0.011466999538242817,0.00036842553527094424
8458,0.05866700038313866,0.00036872574128210545
8459,-0.0013330000219866633,0.0003692428581416607
8460,0.028534000739455223,0.00036984976031817496
8461,0.003467000089585781,0.0003705402777995914
8462,0.028534000739455223,0.00037130381679162383
8463,0.003467000089585781,0.0003719994274433702
8464,0.05360100045800209,0.00037268357118591666
8465,-0.011466999538242817,0.00037336497916840017
8466,0.02346700057387352,0.0003742692933883518
8467,-0.016534000635147095,0.000375144969439134
8468,0.043733999133110046,0.0003759383107535541
8469,0.01360000018030405,0.0003769669565372169
8470,-0.0013330000219866633,0.00037813279777765274
8471,-0.04160099849104881,0.00037938373861834407
8472,0.03359999880194664,0.00038014730671420693
8473,-0.0013330000219866633,0.0003807857574429363
8474,0.07866799831390381,0.00038159306859597564
8475,-0.026399999856948853,0.0003822565486188978
8476,0.05360100045800209,0.00038320556632243097
8477,0.02346700057387352,0.0003839376731775701
8478,0.02346700057387352,0.0003846609906759113
8479,-0.026399999856948853,0.0003853824455291033
8480,0.028534000739455223,0.0003860858269035816
8481,0.003467000089585781,0.00038663967279717326
8482,0.05360100045800209,0.00038707684143446386
8483,0.008533000014722347,0.0003873728564940393
8484,0.08373399823904037,0.0003878552815876901
8485,0.008533000014722347,0.0003880502190440893
8486,0.02346700057387352,0.00038826768286526203
8487,-0.0013330000219866633,0.00038849268457852304
8488,0.028534000739455223,0.00038859067717567086
8489,-0.011466999538242817,0.0003887105267494917
8490,0.028534000739455223,0.0003888494393322617
8491,-0.006399999838322401,0.0003890903608407825
8492,0.01360000018030405,0.0003893943503499031
8493,-0.0013330000219866633,0.00038971597678028047
8494,0.028534000739455223,0.00039012235356494784
8495,0.01866699941456318,0.00039054593071341515
8496,0.028534000739455223,0.00039085623575374484
8497,-0.0013330000219866633,0.0003911979147233069
8498,0.003467000089585781,0.0003916419518645853
8499,-0.04666699841618538,0.0003923369222320616
8500,0.043733999133110046,0.00039282068610191345
8501,-0.0013330000219866633,0.0003934029082302004
8502,0.06373400241136551,0.0003940703463740647
8503,0.01360000018030405,0.00039458065293729305
8504,0.07360100001096725,0.0003952668630518019
8505,-0.0013330000219866633,0.00039602466858923435
8506,0.03866700083017349,0.000396809249650687
8507,0.003467000089585781,0.00039758713683113456
8508,0.01360000018030405,0.00039836688665673137
8509,0.008533000014722347,0.0003991994890384376
8510,0.07360100001096725,0.0004001071210950613
8511,-0.011466999538242817,0.00040092814015224576
8512,0.043733999133110046,0.0004016728198621422
8513,-0.011466999538242817,0.00040251604514196515
8514,0.02346700057387352,0.0004031011485494673
8515,0.01360000018030405,0.0004038733022753149
8516,0.043733999133110046,0.00040480418829247355
8517,-0.02160000056028366,0.0004058045451529324
8518,0.04853399842977524,0.000406796985771507
8519,-0.03653400018811226,0.000407869229093194
8520,0.02346700057387352,0.00040886254282668233
8521,-0.02160000056028366,0.00041000411147251725
8522,0.028534000739455223,0.0004109662550035864
8523,-0.011466999538242817,0.00041200677515007555
8524,0.06373400241136551,0.00041296231211163104
8525,-0.006399999838322401,0.00041395751759409904
8526,0.07866799831390381,0.00041485042311251163
8527,-0.0013330000219866633,0.0004157497896812856
8528,0.03866700083017349,0.00041658547706902027
8529,0.003467000089585781,0.0004176375805400312
8530,0.01360000018030405,0.00041884114034473896
8531,0.003467000089585781,0.00041989050805568695
8532,0.02346700057387352,0.0004209352773614228
8533,-0.031466998159885406,0.00042203202610835433
8534,0.01866699941456318,0.00042295054299756885
8535,-0.0013330000219866633,0.00042383652180433273
8536,0.05360100045800209,0.0004246498574502766
8537,-0.0013330000219866633,0.00042545679025352
8538,0.04853399842977524,0.0004260939604137093
8539,0.01360000018030405,0.0004265571478754282
8540,0.03866700083017349,0.0004268272896297276
8541,-0.011466999538242817,0.00042723360820673406
8542,0.04853399842977524,0.0004278204287402332
8543,-0.006399999838322401,0.0004281671717762947
8544,0.05866700038313866,0.0004284941533114761
8545,0.003467000089585781,0.00042886449955403805
8546,0.06373400241136551,0.00042917695827782154
8547,-0.026399999856948853,0.0004295447433833033
8548,0.02346700057387352,0.0004298424464650452
8549,-0.006399999838322401,0.0004302018787711859
8550,0.03866700083017349,0.00043053351691924036
8551,-0.011466999538242817,0.00043093226850032806
8552,0.05866700038313866,0.0004313650424592197
8553,-0.011466999538242817,0.0004317419952712953
8554,0.06373400241136551,0.0004320746229495853
8555,0.003467000089585781,0.0004323371686041355
8556,0.05360100045800209,0.00043285623542033136
8557,-0.011466999538242817,0.0004333510878495872
8558,0.04853399842977524,0.00043380254646763206
8559,-0.0013330000219866633,0.0004342854954302311
8560,0.028534000739455223,0.000434697896707803
8561,-0.026399999856948853,0.00043501477921381593
8562,0.028534000739455223,0.0004353605327196419
8563,-0.0013330000219866633,0.00043565593659877777
8564,0.03866700083017349,0.00043607759289443493
8565,0.003467000089585781,0.0004364759661257267
8566,0.04853399842977524,0.00043709593592211604
8567,-0.0013330000219866633,0.00043788537732325494
8568,0.05360100045800209,0.0004385832289699465
8569,-0.006399999838322401,0.0004392822156660259
8570,0.02346700057387352,0.0004398419114295393
8571,-0.011466999538242817,0.0004403226193971932
8572,0.043733999133110046,0.00044080716907046735
8573,-0.011466999538242817,0.0004410906112752855
8574,0.02346700057387352,0.000441469659563154
8575,0.01360000018030405,0.00044180918484926224
8576,0.08373399823904037,0.000442136253695935
8577,0.028534000739455223,0.00044234871165826917
8578,0.028534000739455223,0.00044239149428904057
8579,-0.0013330000219866633,0.00044238651753403246
8580,0.03359999880194664,0.0004424257203936577
8581,-0.016534000635147095,0.0004426822124514729
8582,0.03359999880194664,0.0004430149565450847
8583,0.008533000014722347,0.0004432174901012331
8584,0.028534000739455223,0.00044348929077386856
8585,-0.026399999856948853,0.00044366964721120894
8586,0.05360100045800209,0.00044384278589859605
8587,0.02346700057387352,0.0004439631593413651
8588,0.03866700083017349,0.0004440823686309159
8589,0.05360100045800209,0.00044410760165192187
8590,0.043733999133110046,0.00044413996511138976
8591,0.003467000089585781,0.00044430262641981244
8592,0.04853399842977524,0.00044441502541303635
8593,0.01360000018030405,0.0004444950318429619
8594,0.08880099654197693,0.0004446118255145848
8595,0.003467000089585781,0.0004448419495020062
8596,0.03866700083017349,0.0004451693966984749
8597,-0.05146700143814087,0.00044547984725795686
8598,0.04853399842977524,0.0004456535098142922
8599,0.003467000089585781,0.00044579393579624593
8600,0.028534000739455223,0.0004457291215658188
8601,-0.0013330000219866633,0.00044576707296073437
8602,0.02346700057387352,0.0004458565672393888
8603,-0.011466999538242817,0.0004460802301764488
8604,0.028534000739455223,0.0004462252836674452
8605,-0.006399999838322401,0.00044653346412815154
8606,0.03866700083017349,0.00044669356429949403
8607,0.01360000018030405,0.0004468661791179329
8608,0.02346700057387352,0.0004470244166441262
8609,0.003467000089585781,0.0004472734872251749
8610,0.05360100045800209,0.0004474541638046503
8611,-0.0013330000219866633,0.00044772750698029995
8612,0.043733999133110046,0.00044797611190006137
8613,-0.0013330000219866633,0.0004482711083255708
8614,0.03866700083017349,0.0004486805701162666
8615,0.028534000739455223,0.0004490041173994541
8616,0.03866700083017349,0.0004493231826927513
8617,-0.016534000635147095,0.0004496644251048565
8618,0.02346700057387352,0.0004501194634940475
8619,0.01866699941456318,0.00045065529411658645
8620,0.03866700083017349,0.0004510977305471897
8621,0.008533000014722347,0.00045165419578552246
8622,0.03359999880194664,0.00045203533954918385
8623,-0.03653400018811226,0.00045261019840836525
8624,0.003467000089585781,0.0004530634614638984
8625,-0.016534000635147095,0.0004535935877356678
8626,0.03866700083017349,0.0004537764471024275
8627,0.02346700057387352,0.00045402790419757366
8628,0.02346700057387352,0.00045417918590828776
8629,-0.02160000056028366,0.0004544200492091477
8630,0.028534000739455223,0.000454627035651356
8631,-0.0013330000219866633,0.00045495727681554854
8632,0.043733999133110046,0.0004551971796900034
8633,-0.0013330000219866633,0.00045548705384135246
8634,0.03866700083017349,0.00045569147914648056
8635,-0.006399999838322401,0.0004559155204333365
8636,0.028534000739455223,0.00045601953752338886
8637,-0.026399999856948853,0.00045624966151081026
8638,0.043733999133110046,0.000456473499070853
8639,-0.006399999838322401,0.00045671663247048855
8640,0.028534000739455223,0.0004566939896903932
8641,-0.02160000056028366,0.00045674428110942245
8642,0.04853399842977524,0.0004568157601170242
8643,0.03359999880194664,0.00045704894000664353
8644,0.05360100045800209,0.00045724789379164577
8645,-0.0013330000219866633,0.0004574412014335394
8646,0.05360100045800209,0.0004576521459966898
8647,0.01360000018030405,0.00045783352106809616
8648,0.05360100045800209,0.0004578394000418484
8649,-0.0013330000219866633,0.0004579252563416958
8650,0.03866700083017349,0.0004580131790135056
8651,-0.011466999538242817,0.00045813783071935177
8652,0.04853399842977524,0.00045820162631571293
8653,0.008533000014722347,0.00045842427061870694
8654,0.02346700057387352,0.0004586232826113701
8655,0.003467000089585781,0.00045878399396315217
8656,0.03866700083017349,0.00045879214303568006
8657,-0.011466999538242817,0.0004588230513036251
8658,0.05360100045800209,0.00045895291259512305
8659,-0.011466999538242817,0.00045892270281910896
8660,0.028534000739455223,0.0004588174633681774
8661,-0.05146700143814087,0.00045872986083850265
8662,0.03866700083017349,0.0004587489238474518
8663,-0.0013330000219866633,0.0004587792791426182
8664,0.02346700057387352,0.00045874257921241224
8665,-0.0013330000219866633,0.0004586945869959891
8666,0.028534000739455223,0.00045872171176597476
8667,-0.006399999838322401,0.00045900853001512587
8668,0.02346700057387352,0.0004591952601913363
8669,-0.026399999856948853,0.00045955018140375614
8670,0.03359999880194664,0.0004597626975737512
8671,-0.02160000056028366,0.0004600484389811754
8672,0.003467000089585781,0.000460256589576602
8673,-0.006399999838322401,0.0004605215508490801
8674,-0.0013330000219866633,0.00046061654575169086
8675,0.02346700057387352,0.00046057821600697935
8676,0.03359999880194664,0.0004605163703672588
8677,-0.016534000635147095,0.00046061136526986957
8678,0.02346700057387352,0.0004607134032994509
8679,-0.011466999538242817,0.0004609075840562582
8680,0.003467000089585781,0.0004608787130564451
8681,-0.03653400018811226,0.00046081235632300377
8682,0.03866700083017349,0.00046057417057454586
8683,0.003467000089585781,0.0004603738780133426
8684,0.05360100045800209,0.00046010437654331326
8685,-0.026399999856948853,0.00045992666855454445
8686,0.01866699941456318,0.00045988947385922074
8687,0.02346700057387352,0.0004597518709488213
8688,0.02346700057387352,0.00045990245416760445
8689,0.003467000089585781,0.00045999177382327616
8690,0.028534000739455223,0.0004601863329298794
8691,-0.061601001769304276,0.00046074623242020607
8692,0.02346700057387352,0.0004608077579177916
8693,-0.016534000635147095,0.0004608045856002718
8694,0.06373400241136551,0.0004609209136106074
8695,0.003467000089585781,0.0004609943425748497
8696,0.07360100001096725,0.00046112597920000553
8697,0.028534000739455223,0.00046118698082864285
8698,0.03359999880194664,0.0004615897196345031
8699,-0.011466999538242817,0.0004620407707989216
8700,0.06373400241136551,0.0004623287240974605
8701,-0.006399999838322401,0.0004626185691449791
8702,0.04853399842977524,0.0004629658942576498
8703,-0.006399999838322401,0.0004632662166841328
8704,0.01360000018030405,0.0004635569639503956
8705,-0.016534000635147095,0.00046381252468563616
8706,0.043733999133110046,0.0004637831880245358
8707,0.003467000089585781,0.00046390091301873326
8708,0.06373400241136551,0.00046394989476539195
8709,0.01360000018030405,0.00046402454609051347
8710,0.01360000018030405,0.0004641363047994673
8711,-0.0013330000219866633,0.0004641652631107718
8712,-0.0013330000219866633,0.00046427728375419974
8713,-0.0013330000219866633,0.00046418095007538795
8714,0.01360000018030405,0.000464153999928385
8715,-0.026399999856948853,0.0004641592095140368
8716,-0.016534000635147095,0.00046407748595811427
8717,-0.011466999538242817,0.0004640565312001854
8718,0.05360100045800209,0.00046398877748288214
8719,0.02346700057387352,0.0004640309198293835
8720,0.01360000018030405,0.0004640272818505764
8721,-0.02160000056028366,0.00046410009963437915
8722,0.03866700083017349,0.000463991891592741
8723,-0.02160000056028366,0.000464016105979681
8724,-0.026399999856948853,0.0004640696570277214
8725,-0.016534000635147095,0.0004637261445168406
8726,0.06373400241136551,0.00046326551819220185
8727,-0.011466999538242817,0.00046297363587655127
8728,-0.0013330000219866633,0.0004628922906704247
8729,-0.026399999856948853,0.0004628073947969824
8730,0.03866700083017349,0.0004625529982149601
8731,-0.026399999856948853,0.000462676165625453
8732,0.01360000018030405,0.00046261149691417813
8733,-0.011466999538242817,0.000462808326119557
8734,0.028534000739455223,0.00046289004967547953
8735,0.003467000089585781,0.0004630541952792555
8736,0.028534000739455223,0.00046320637920871377
8737,-0.011466999538242817,0.00046369130723178387
8738,0.028534000739455223,0.0004639495746232569
8739,-0.03653400018811226,0.00046438066055998206
8740,0.03866700083017349,0.0004644890723284334
8741,-0.026399999856948853,0.0004651001072488725
8742,0.03866700083017349,0.0004655072116293013
8743,0.003467000089585781,0.00046596978791058064
8744,0.03359999880194664,0.00046631001168861985
8745,0.01866699941456318,0.0004668104520533234
8746,0.01360000018030405,0.00046732896589674056
8747,-0.026399999856948853,0.0004679682315327227
8748,0.04853399842977524,0.0004683319421019405
8749,0.01360000018030405,0.00046880156151019037
8750,0.06373400241136551,0.00046920691966079175
8751,-0.011466999538242817,0.0004697273834608495
8752,0.05866700038313866,0.00047029313282109797
8753,-0.016534000635147095,0.0004709019267465919
8754,0.04853399842977524,0.00047127745347097516
8755,-0.0013330000219866633,0.0004714899114333093
8756,0.05360100045800209,0.00047174515202641487
8757,-0.011466999538242817,0.00047210612683556974
8758,0.03866700083017349,0.00047237853868864477
8759,-0.03653400018811226,0.0004727706254925579
8760,0.02346700057387352,0.00047292793169617653
8761,0.01360000018030405,0.0004728275816887617
8762,0.0685340017080307,0.0004725844191852957
8763,-0.02160000056028366,0.0004727414925582707
8764,0.01360000018030405,0.00047290819929912686
8765,-0.026399999856948853,0.00047301253653131425
8766,0.028534000739455223,0.00047304667532444
8767,0.008533000014722347,0.00047307455679401755
8768,0.03866700083017349,0.0004731439403258264
8769,-0.006399999838322401,0.00047331349924206734
8770,0.03359999880194664,0.00047352886758744717
8771,-0.04666699841618538,0.00047374903806485236
8772,0.01866699941456318,0.00047354312846437097
8773,0.008533000014722347,0.00047337915748357773
8774,-0.0013330000219866633,0.00047334335977211595
8775,-0.006399999838322401,0.00047309882938861847
8776,0.043733999133110046,0.00047298939898610115
8777,0.003467000089585781,0.00047296370030380785
8778,0.03866700083017349,0.0004730389919131994
8779,-0.0013330000219866633,0.00047312857350334525
8780,0.028534000739455223,0.0004731409135274589
8781,-0.016534000635147095,0.0004733346286229789
8782,0.01360000018030405,0.000473610358312726
8783,0.003467000089585781,0.0004738541319966316
8784,0.03866700083017349,0.00047402302152477205
8785,-0.05146700143814087,0.00047412459389306605
8786,0.05360100045800209,0.0004739414434880018
8787,-0.0013330000219866633,0.0004738845454994589
8788,0.03866700083017349,0.00047382363118231297
8789,-0.006399999838322401,0.00047381603508256376
8790,0.028534000739455223,0.00047387153608724475
8791,0.01866699941456318,0.00047400587936863303
8792,0.05360100045800209,0.0004741388256661594
8793,-0.006399999838322401,0.0004743351018987596
8794,0.02346700057387352,0.0004747284110635519
8795,0.01866699941456318,0.0004751069354824722
8796,0.03866700083017349,0.0004753835964947939
8797,-0.031466998159885406,0.0004756864218506962
8798,0.02346700057387352,0.00047590030590072274
8799,0.008533000014722347,0.0004763315082527697
8800,0.01360000018030405,0.00047659961273893714
8801,-0.02160000056028366,0.0004770037194248289
8802,0.03866700083017349,0.0004774124827235937
8803,0.01360000018030405,0.0004777248832397163
8804,0.02346700057387352,0.00047799706226214767
8805,0.008533000014722347,0.0004783468320965767
8806,0.03359999880194664,0.00047873175935819745
8807,0.01866699941456318,0.0004791785031557083
8808,0.0685340017080307,0.00047949119471013546
8809,0.003467000089585781,0.00047986075514927506
8810,0.01866699941456318,0.0004801434406545013
8811,0.02346700057387352,0.00048046334995888174
8812,0.03359999880194664,0.0004806804936379194
8813,-0.011466999538242817,0.00048106041504070163
8814,0.02346700057387352,0.00048145634355023503
8815,-0.026399999856948853,0.0004819536115974188
8816,0.043733999133110046,0.00048255553701892495
8817,-0.026399999856948853,0.00048321770736947656
8818,0.06373400241136551,0.0004839492030441761
8819,0.003467000089585781,0.00048475718358531594
8820,0.01360000018030405,0.0004854009603150189
8821,0.02346700057387352,0.0004859109176322818
8822,0.05360100045800209,0.00048614764818921685
8823,-0.006399999838322401,0.0004862947389483452
8824,0.03866700083017349,0.00048630201490595937
8825,-0.016534000635147095,0.00048626353964209557
8826,0.03866700083017349,0.00048619642620906234
8827,-0.011466999538242817,0.00048642902402207255
8828,0.03866700083017349,0.00048675452126190066
8829,-0.011466999538242817,0.0004870653501711786
8830,0.03866700083017349,0.000487245328258723
8831,0.008533000014722347,0.00048763921950012445
8832,0.028534000739455223,0.0004880971973761916
8833,-0.026399999856948853,0.0004886740352958441
8834,0.0685340017080307,0.0004893847508355975
8835,-0.02160000056028366,0.0004902016371488571
8836,0.03359999880194664,0.0004909659619443119
8837,-0.0013330000219866633,0.0004918024060316384
8838,0.02346700057387352,0.0004923272063024342
8839,0.02346700057387352,0.00049292464973405
8840,0.07360100001096725,0.0004934985772706568
8841,0.008533000014722347,0.0004942235536873341
8842,0.05866700038313866,0.0004948730929754674
8843,-0.011466999538242817,0.0004955710610374808
8844,0.028534000739455223,0.000496313557960093
8845,0.003467000089585781,0.0004973210743628442
8846,0.03866700083017349,0.0004982151440344751
8847,-0.011466999538242817,0.0004991882015019655
8848,0.05360100045800209,0.0004999408265575767
8849,0.008533000014722347,0.0005006056744605303
8850,0.04853399842977524,0.0005012613255530596
8851,0.01360000018030405,0.0005018429365009069
8852,0.06373400241136551,0.0005023498088121414
8853,0.003467000089585781,0.0005030645406804979
8854,0.01360000018030405,0.0005035221111029387
8855,-0.02160000056028366,0.0005040191463194788
8856,0.06373400241136551,0.0005046140868216753
8857,0.008533000014722347,0.0005053221830166876
8858,0.05360100045800209,0.0005060240509919822
8859,-0.016534000635147095,0.000506601994857192
8860,0.02346700057387352,0.0005070939077995718
8861,0.003467000089585781,0.0005076038069091737
8862,0.01360000018030405,0.0005082358838990331
8863,-0.02160000056028366,0.0005089137703180313
8864,0.01360000018030405,0.0005097821122035384
8865,-0.0013330000219866633,0.0005105187883600593
8866,0.07360100001096725,0.0005112632061354816
8867,0.01866699941456318,0.0005119307897984982
8868,0.06373400241136551,0.0005127060576342046
8869,0.003467000089585781,0.0005134065286256373
8870,0.05866700038313866,0.0005138949491083622
8871,-0.011466999538242817,0.0005148292984813452
8872,0.01360000018030405,0.0005158650455996394
8873,0.003467000089585781,0.0005168246570974588
8874,0.043733999133110046,0.0005177799612283707
8875,0.003467000089585781,0.0005186018534004688
8876,0.01360000018030405,0.0005193552933633327
8877,0.008533000014722347,0.0005201048334129155
8878,0.028534000739455223,0.0005209955270402133
8879,-0.02160000056028366,0.0005217039142735302
8880,0.01360000018030405,0.0005222747568041086
8881,-0.026399999856948853,0.0005228006048128009
8882,0.01360000018030405,0.00052345433505252
8883,-0.0013330000219866633,0.0005241018952801824
8884,0.05866700038313866,0.000524647650308907
8885,-0.011466999538242817,0.0005251785623840988
8886,0.043733999133110046,0.0005256891599856317
8887,-0.0013330000219866633,0.0005262305494397879
8888,0.028534000739455223,0.0005268150707706809
8889,-0.03653400018811226,0.0005274662398733199
8890,0.05360100045800209,0.000528102507814765
8891,-0.0013330000219866633,0.000528716656845063
8892,0.03866700083017349,0.0005293029826134443
8893,-0.0013330000219866633,0.0005297873867675662
8894,0.03359999880194664,0.0005303188227117062
8895,-0.0013330000219866633,0.0005307854153215885
8896,0.008533000014722347,0.0005312517751008272
8897,0.008533000014722347,0.0005316814058460295
8898,0.043733999133110046,0.0005320898490026593
8899,0.003467000089585781,0.0005325619131326675
8900,0.05360100045800209,0.0005329336272552609
8901,-0.0013330000219866633,0.0005333215813152492
8902,0.05360100045800209,0.000533711863681674
8903,0.003467000089585781,0.0005340785137377679
8904,0.05360100045800209,0.0005346207180991769
8905,0.003467000089585781,0.0005351296858862042
8906,0.03359999880194664,0.0005356738111004233
8907,-0.011466999538242817,0.0005361774237826467
8908,0.03359999880194664,0.0005369473365135491
8909,-0.016534000635147095,0.0005375648033805192
8910,0.02346700057387352,0.0005382033996284008
8911,-0.006399999838322401,0.0005388325662352145
8912,0.043733999133110046,0.0005394761683419347
8913,-0.011466999538242817,0.0005399060901254416
8914,0.04853399842977524,0.0005404428229667246
8915,0.03359999880194664,0.0005410219309851527
8916,0.03866700083017349,0.000541495974175632
8917,-0.016534000635147095,0.0005418889340944588
8918,0.028534000739455223,0.0005423206021077931
8919,-0.031466998159885406,0.0005426404532045126
8920,0.028534000739455223,0.0005428784061223269
8921,-0.011466999538242817,0.0005433068727143109
8922,0.028534000739455223,0.0005436549545265734
8923,-0.02160000056028366,0.0005438258522190154
8924,0.04853399842977524,0.0005441709072329104
8925,0.008533000014722347,0.0005443363916128874
8926,0.028534000739455223,0.0005444838316179812
8927,-0.0013330000219866633,0.0005445542046800256
8928,0.03866700083017349,0.0005447536241263151
8929,0.008533000014722347,0.0005449150921776891
8930,0.01360000018030405,0.0005451913457363844
8931,0.003467000089585781,0.0005454544443637133
8932,0.04853399842977524,0.0005456661456264555
8933,-0.016534000635147095,0.0005457552615553141
8934,0.04853399842977524,0.0005459306412376463
8935,-0.011466999538242817,0.0005462463013827801
8936,0.02346700057387352,0.0005465879803523421
8937,-0.026399999856948853,0.0005468971794471145
8938,-0.016534000635147095,0.0005473618512041867
8939,-0.011466999538242817,0.0005478308303281665
8940,0.02346700057387352,0.0005483354325406253
8941,-0.02160000056028366,0.0005485808942466974
8942,0.03359999880194664,0.0005488132010214031
8943,-0.0013330000219866633,0.0005490300827659667
8944,-0.011466999538242817,0.0005492178024724126
8945,-0.006399999838322401,0.0005494014476425946
8946,0.02346700057387352,0.0005495297955349088
8947,-0.026399999856948853,0.0005492724012583494
8948,0.043733999133110046,0.0005492308409884572
8949,-0.0013330000219866633,0.000549174495972693
8950,0.02346700057387352,0.0005492031923495233
8951,-0.0013330000219866633,0.0005492273485288024
8952,0.03866700083017349,0.0005493244389072061
8953,-0.031466998159885406,0.0005493364296853542
8954,0.028534000739455223,0.0005490916082635522
8955,-0.011466999538242817,0.0005486898589879274
8956,0.03866700083017349,0.0005484797875396907
8957,-0.02160000056028366,0.0005481307161971927
8958,0.06373400241136551,0.0005479343235492706
8959,-0.011466999538242817,0.0005477662780322134
8960,-0.0013330000219866633,0.0005475691286846995
8961,-0.011466999538242817,0.0005473477067425847
8962,0.04853399842977524,0.0005472794873639941
8963,0.01360000018030405,0.0005472345510497689
8964,0.04853399842977524,0.0005471649346873164
8965,-0.02160000056028366,0.0005470098694786429
8966,0.03359999880194664,0.0005467173759825528
8967,-0.016534000635147095,0.0005465132417157292
8968,0.02346700057387352,0.0005463500274345279
8969,-0.011466999538242817,0.0005462549743242562
8970,0.043733999133110046,0.0005462829722091556
8971,0.008533000014722347,0.0005462481640279293
8972,0.03866700083017349,0.0005461839027702808
8973,-0.016534000635147095,0.0005460706306621432
8974,0.03359999880194664,0.0005458238301798701
8975,-0.016534000635147095,0.0005455702776089311
8976,0.03866700083017349,0.000545283081009984
8977,0.003467000089585781,0.0005449566524475813
8978,0.01866699941456318,0.0005446713767014444
8979,-0.03653400018811226,0.0005442923284135759
8980,0.043733999133110046,0.0005441989633254707
8981,0.01360000018030405,0.0005441567627713084
8982,0.008533000014722347,0.0005439757951535285
8983,-0.0013330000219866633,0.0005435681086964905
8984,0.003467000089585781,0.0005433307960629463
8985,-0.0013330000219866633,0.0005431431927718222
8986,0.04853399842977524,0.0005429301527328789
8987,0.008533000014722347,0.0005427021533250809
8988,0.02346700057387352,0.0005424672272056341
8989,0.02346700057387352,0.0005421021487563848
8990,0.03866700083017349,0.0005418662913143635
8991,-0.011466999538242817,0.0005416873609647155
8992,0.01360000018030405,0.0005412605823948979
8993,-0.04666699841618538,0.000540501088835299
8994,0.028534000739455223,0.0005402240203693509
8995,-0.011466999538242817,0.000539836473762989
8996,0.028534000739455223,0.0005397901986725628
8997,-0.011466999538242817,0.0005393543397076428
8998,0.028534000739455223,0.0005391538725234568
8999,-0.006399999838322401,0.0005388287827372551
9000,0.03866700083017349,0.0005387996789067984
9001,0.003467000089585781,0.0005385166732594371
9002,0.043733999133110046,0.0005383160896599293
9003,-0.011466999538242817,0.000537988031283021
9004,0.03866700083017349,0.0005380121292546391
9005,0.003467000089585781,0.0005379060748964548
9006,0.03866700083017349,0.0005378429195843637
9007,-0.006399999838322401,0.0005376259214244783
9008,0.028534000739455223,0.0005371893639676273
9009,-0.03653400018811226,0.0005366454715840518
9010,0.04853399842977524,0.0005362335941754282
9011,-0.026399999856948853,0.0005358420894481242
9012,0.01866699941456318,0.000535628292709589
9013,-0.026399999856948853,0.0005353259039111435
9014,0.01360000018030405,0.0005350846913643181
9015,-0.04666699841618538,0.0005346995312720537
9016,0.01866699941456318,0.0005347058176994324
9017,-0.0013330000219866633,0.0005346155376173556
9018,0.05360100045800209,0.0005345817189663649
9019,-0.02160000056028366,0.0005341987125575542
9020,0.06373400241136551,0.0005339246708899736
9021,0.008533000014722347,0.0005334995221346617
9022,0.028534000739455223,0.000533057376742363
9023,0.01360000018030405,0.0005325200036168098
9024,0.008533000014722347,0.0005319288466125727
9025,-0.006399999838322401,0.0005310677224770188
9026,0.01360000018030405,0.0005302418721839786
9027,-0.02160000056028366,0.0005292565329000354
9028,-0.0013330000219866633,0.0005285579245537519
9029,0.008533000014722347,0.000527729163877666
9030,0.01866699941456318,0.0005269178654998541
9031,-0.006399999838322401,0.0005262249615043402
9032,0.043733999133110046,0.000525582698173821
9033,-0.03653400018811226,0.0005247791996225715
9034,0.04853399842977524,0.0005241814069449902
9035,0.01866699941456318,0.0005233839619904757
9036,0.03866700083017349,0.0005227481015026569
9037,-0.011466999538242817,0.0005218623555265367
9038,0.03866700083017349,0.0005209863884374499
9039,-0.026399999856948853,0.0005200175801292062
9040,0.028534000739455223,0.0005192341050133109
9041,-0.011466999538242817,0.0005183753673918545
9042,0.01360000018030405,0.000517692998982966
9043,-0.02160000056028366,0.000517003471031785
9044,0.04853399842977524,0.0005164304748177528
9045,0.01866699941456318,0.0005156486295163631
9046,0.03359999880194664,0.0005150638753548265
9047,0.008533000014722347,0.0005142308655194938
9048,0.07866799831390381,0.0005135607207193971
9049,-0.026399999856948853,0.0005128575721755624
9050,0.02346700057387352,0.000512084225192666
9051,0.01360000018030405,0.0005114992382004857
9052,0.01360000018030405,0.000511016754899174
9053,-0.02160000056028366,0.0005103633739054203
9054,0.01360000018030405,0.0005097818793728948
9055,-0.011466999538242817,0.0005091286147944629
9056,0.03359999880194664,0.000508628087118268
9057,-0.03653400018811226,0.0005078875692561269
9058,0.03866700083017349,0.0005072624189779162
9059,0.02346700057387352,0.0005065673612989485
9060,0.02346700057387352,0.0005060572875663638
9061,-0.011466999538242817,0.0005053660133853555
9062,0.03866700083017349,0.0005047435406595469
9063,-0.02160000056028366,0.000503971241414547
9064,0.01360000018030405,0.0005033705965615809
9065,-0.006399999838322401,0.0005026789149269462
9066,0.04853399842977524,0.0005022679688408971
9067,-0.02160000056028366,0.0005017297808080912
9068,0.043733999133110046,0.0005011296598240733
9069,-0.011466999538242817,0.0005002440884709358
9070,0.02346700057387352,0.0004995644558221102
9071,-0.016534000635147095,0.0004986606072634459
9072,0.05360100045800209,0.0004977962817065418
9073,0.003467000089585781,0.0004969227593392134
9074,-0.006399999838322401,0.0004960311925970018
9075,-0.006399999838322401,0.0004951297305524349
9076,0.03866700083017349,0.000494422041811049
9077,-0.02160000056028366,0.0004938775673508644
9078,0.03359999880194664,0.0004934655735269189
9079,0.043733999133110046,0.0004929556744173169
9080,0.043733999133110046,0.0004926905385218561
9081,0.008533000014722347,0.0004923931555822492
9082,0.05360100045800209,0.0004922851221635938
9083,-0.006399999838322401,0.0004918475169688463
9084,0.03866700083017349,0.0004914334276691079
9085,0.01360000018030405,0.0004910603165626526
9086,0.05360100045800209,0.0004908168339170516
9087,0.003467000089585781,0.0004904004163108766
9088,0.02346700057387352,0.0004898692714050412
9089,0.008533000014722347,0.0004892874276265502
9090,0.003467000089585781,0.0004887818940915167
9091,-0.02160000056028366,0.0004884524969384074
9092,0.028534000739455223,0.0004880776978097856
9093,0.003467000089585781,0.00048751384019851685
9094,0.04853399842977524,0.00048712571151554585
9095,-0.011466999538242817,0.00048669829266145825
9096,0.028534000739455223,0.0004861049819737673
9097,-0.0013330000219866633,0.0004855189472436905
9098,0.008533000014722347,0.00048507796600461006
9099,-0.016534000635147095,0.0004845739749725908
9100,0.043733999133110046,0.0004840324982069433
9101,-0.0013330000219866633,0.0004831678234040737
9102,0.003467000089585781,0.0004823875497095287
9103,-0.031466998159885406,0.00048161964514292777
9104,0.04853399842977524,0.00048113870434463024
9105,-0.011466999538242817,0.0004806125070899725
9106,0.01866699941456318,0.0004801694303750992
9107,-0.026399999856948853,0.0004796984139829874
9108,0.07360100001096725,0.0004793739353772253
9109,-0.011466999538242817,0.00047870376147329807
9110,0.01866699941456318,0.0004782229079864919
9111,0.01866699941456318,0.000477760739158839
9112,0.01360000018030405,0.0004773917607963085
9113,-0.03653400018811226,0.00047703832387924194
9114,0.01360000018030405,0.0004765841586049646
9115,-0.016534000635147095,0.0004762931203003973
9116,0.03359999880194664,0.0004759372677654028
9117,-0.011466999538242817,0.00047556147910654545
9118,0.05866700038313866,0.0004751402302645147
9119,-0.031466998159885406,0.0004746460763271898
9120,0.02346700057387352,0.0004741449956782162
9121,-0.006399999838322401,0.0004736254923045635
9122,0.03359999880194664,0.0004733417590614408
9123,-0.031466998159885406,0.00047308532521128654
9124,0.06373400241136551,0.0004727108753286302
9125,0.003467000089585781,0.0004722334851976484
9126,0.06373400241136551,0.00047222519060596824
9127,0.003467000089585781,0.00047159544192254543
9128,0.06373400241136551,0.00047093903413042426
9129,-0.006399999838322401,0.0004703121667262167
9130,0.03866700083017349,0.00046964274952188134
9131,0.02346700057387352,0.00046903578913770616
9132,0.07360100001096725,0.00046853884123265743
9133,0.008533000014722347,0.0004678793193306774
9134,0.03359999880194664,0.00046712043695151806
9135,0.01360000018030405,0.000466443452751264
9136,0.04853399842977524,0.00046588797704316676
9137,0.028534000739455223,0.0004653718788176775
9138,0.003467000089585781,0.00046510837273672223
9139,-0.006399999838322401,0.00046469265362247825
9140,0.0685340017080307,0.00046467402717098594
9141,0.02346700057387352,0.0004643930005840957
9142,0.03866700083017349,0.0004639581893570721
9143,0.028534000739455223,0.0004633463977370411
9144,0.03866700083017349,0.0004626117297448218
9145,-0.0013330000219866633,0.0004617988597601652
9146,0.028534000739455223,0.000461105490103364
9147,-0.0013330000219866633,0.000460342358564958
9148,0.04853399842977524,0.0004596305952873081
9149,-0.011466999538242817,0.0004588579759001732
9150,0.05360100045800209,0.00045811058953404427
9151,-0.026399999856948853,0.00045747472904622555
9152,0.008533000014722347,0.000456950074294582
9153,-0.03653400018811226,0.00045652122935280204
9154,0.003467000089585781,0.00045635676360689104
9155,0.008533000014722347,0.00045615038834512234
9156,0.01866699941456318,0.0004559001827146858
9157,0.02346700057387352,0.000455636705737561
9158,0.05360100045800209,0.00045551653602160513
9159,-0.011466999538242817,0.0004554110928438604
9160,0.003467000089585781,0.0004552330356091261
9161,-0.011466999538242817,0.00045492438948713243
9162,0.04853399842977524,0.0004545777919702232
9163,-0.031466998159885406,0.0004542376846075058
9164,0.02346700057387352,0.00045387027785182
9165,-0.0013330000219866633,0.00045348782441578805
9166,0.06373400241136551,0.0004530115984380245
9167,-0.02160000056028366,0.0004527340061031282
9168,0.05360100045800209,0.0004525780095718801
9169,-0.026399999856948853,0.0004525508265942335
9170,0.02346700057387352,0.0004522796662058681
9171,0.01866699941456318,0.00045206601498648524
9172,0.01360000018030405,0.0004518375208135694
9173,-0.02160000056028366,0.0004516468325164169
9174,0.02346700057387352,0.0004515362379606813
9175,-0.016534000635147095,0.00045161377056501806
9176,0.03866700083017349,0.000451589934527874
9177,0.003467000089585781,0.0004513532039709389
9178,0.05866700038313866,0.00045123830204829574
9179,-0.016534000635147095,0.00045118521666154265
9180,0.01360000018030405,0.00045095261884853244
9181,-0.006399999838322401,0.000450832856586203
9182,0.003467000089585781,0.0004506906552705914
9183,-0.011466999538242817,0.0004505072720348835
9184,0.03866700083017349,0.00045030112960375845
9185,-0.03653400018811226,0.00045019458048045635
9186,0.05360100045800209,0.00044999498641118407
9187,-0.016534000635147095,0.00044969585724174976
9188,0.04853399842977524,0.0004494825261645019
9189,-0.0013330000219866633,0.00044932978926226497
9190,0.04853399842977524,0.00044899899512529373
9191,-0.031466998159885406,0.00044835120206698775
9192,0.03866700083017349,0.0004478825721889734
9193,0.003467000089585781,0.00044755241833627224
9194,0.028534000739455223,0.0004470866115298122
9195,-0.006399999838322401,0.00044671189971268177
9196,0.05360100045800209,0.0004462915239855647
9197,0.01360000018030405,0.0004459888150449842
9198,0.03866700083017349,0.000445483805378899
9199,0.01360000018030405,0.0004450466949492693
9200,0.03359999880194664,0.0004445102531462908
9201,-0.016534000635147095,0.0004439985495992005
9202,0.05360100045800209,0.00044346810318529606
9203,-0.0013330000219866633,0.00044312659883871675
9204,0.05360100045800209,0.0004427793901413679
9205,-0.0013330000219866633,0.0004424417857080698
9206,0.03359999880194664,0.00044205476297065616
9207,-0.02160000056028366,0.0004417477175593376
9208,0.043733999133110046,0.0004414415452629328
9209,-0.05146700143814087,0.0004412696580402553
9210,0.01360000018030405,0.00044111936585977674
9211,-0.02160000056028366,0.00044107931898906827
9212,0.043733999133110046,0.00044100004015490413
9213,-0.026399999856948853,0.0004411386325955391
9214,0.03359999880194664,0.00044100661762058735
9215,-0.006399999838322401,0.0004408156964927912
9216,0.03866700083017349,0.0004405950312502682
9217,-0.011466999538242817,0.00044040667125955224
9218,0.03866700083017349,0.00044017640175297856
9219,-0.011466999538242817,0.00044003143557347357
9220,0.0685340017080307,0.00043992861174046993
9221,-0.026399999856948853,0.0004398147575557232
9222,0.04853399842977524,0.0004396167059894651
9223,-0.0013330000219866633,0.00043944106437265873
9224,0.003467000089585781,0.00043917339644394815
9225,-0.011466999538242817,0.0004389001987874508
9226,0.028534000739455223,0.00043840677244588733
9227,-0.0013330000219866633,0.0004379350575618446
9228,0.02346700057387352,0.0004375176504254341
9229,-0.03653400018811226,0.0004370936658233404
9230,0.03359999880194664,0.00043688449659384787
9231,0.003467000089585781,0.00043667061254382133
9232,0.07360100001096725,0.0004364492779131979
9233,-0.0013330000219866633,0.0004362653417047113
9234,0.043733999133110046,0.00043601845391094685
9235,-0.0013330000219866633,0.000435846479376778
9236,0.03866700083017349,0.0004354854463599622
9237,-0.026399999856948853,0.0004353231634013355
9238,0.01360000018030405,0.0004351499956101179
9239,0.01866699941456318,0.0004349745868239552
9240,-0.006399999838322401,0.00043479661690071225
9241,-0.02160000056028366,0.0004347060457803309
9242,0.03866700083017349,0.000434740970376879
9243,-0.011466999538242817,0.0004345495253801346
9244,0.04853399842977524,0.00043449029908515513
9245,0.003467000089585781,0.00043429931974969804
9246,0.04853399842977524,0.00043405243195593357
9247,-0.031466998159885406,0.0004336302517913282
9248,0.04853399842977524,0.0004337377322372049
9249,0.01360000018030405,0.00043392088264226913
9250,0.03866700083017349,0.00043367710895836353
9251,0.003467000089585781,0.0004335541161708534
9252,0.06373400241136551,0.0004332649114076048
9253,-0.0013330000219866633,0.00043312823981978
9254,0.04853399842977524,0.00043275454663671553
9255,-0.0013330000219866633,0.0004325498885009438
9256,0.043733999133110046,0.0004321899323258549
9257,0.003467000089585781,0.00043186164111830294
9258,0.028534000739455223,0.00043140165507793427
9259,0.01866699941456318,0.0004309639916755259
9260,0.04853399842977524,0.000430346408393234
9261,0.003467000089585781,0.0004299141000956297
9262,0.01360000018030405,0.00042942643631249666
9263,-0.026399999856948853,0.000429055216955021
9264,0.06373400241136551,0.0004287731135264039
9265,-0.011466999538242817,0.0004287298652343452
9266,0.06373400241136551,0.00042858076631091535
9267,-0.031466998159885406,0.0004286893527023494
9268,0.008533000014722347,0.00042853326885960996
9269,-0.026399999856948853,0.00042847124859690666
9270,0.028534000739455223,0.000428350962465629
9271,-0.0013330000219866633,0.00042837619548663497
9272,0.043733999133110046,0.00042792121530510485
9273,-0.011466999538242817,0.0004276972613297403
9274,0.028534000739455223,0.0004274258972145617
9275,-0.006399999838322401,0.0004272483638487756
9276,0.04853399842977524,0.00042684003710746765
9277,-0.011466999538242817,0.00042663264321163297
9278,0.03359999880194664,0.00042642775224521756
9279,-0.011466999538242817,0.00042633310658857226
9280,0.03866700083017349,0.0004262709408067167
9281,-0.026399999856948853,0.00042629893869161606
9282,0.043733999133110046,0.0004263587761670351
9283,-0.011466999538242817,0.00042651701369322836
9284,0.02346700057387352,0.00042653820128180087
9285,-0.016534000635147095,0.000426670303568244
9286,0.05360100045800209,0.00042687199311330914
9287,-0.031466998159885406,0.00042714923620224
9288,0.03359999880194664,0.0004272768273949623
9289,0.01360000018030405,0.0004275312530808151
9290,0.028534000739455223,0.00042746937833726406
9291,-0.02160000056028366,0.00042764260433614254
9292,0.003467000089585781,0.0004276295658200979
9293,-0.016534000635147095,0.0004277536063455045
9294,0.028534000739455223,0.00042778588249348104
9295,-0.0013330000219866633,0.0004280451685190201
9296,0.028534000739455223,0.0004281899891793728
9297,-0.026399999856948853,0.0004284009337425232
9298,0.05360100045800209,0.00042848094017244875
9299,-0.04160099849104881,0.00042864587157964706
9300,0.03359999880194664,0.0004284817259758711
9301,-0.0013330000219866633,0.00042858850792981684
9302,0.04853399842977524,0.000428543658927083
9303,-0.02160000056028366,0.00042869505705311894
9304,0.07360100001096725,0.00042881659464910626
9305,-0.011466999538242817,0.0004292048397473991
9306,0.01866699941456318,0.00042934954399242997
9307,-0.02160000056028366,0.00042943580774590373
9308,0.03866700083017349,0.0004294679965823889
9309,-0.011466999538242817,0.0004297801642678678
9310,0.01360000018030405,0.0004299608990550041
9311,-0.011466999538242817,0.00043020941666327417
9312,0.028534000739455223,0.0004303452151361853
9313,-0.0013330000219866633,0.00043077178997918963
9314,0.02346700057387352,0.0004308806383050978
9315,-0.011466999538242817,0.00043117254972457886
9316,0.04853399842977524,0.00043135369196534157
9317,0.003467000089585781,0.0004317193815950304
9318,0.03866700083017349,0.0004318412975408137
9319,-0.0013330000219866633,0.00043204930261708796
9320,0.04853399842977524,0.00043208617717027664
9321,-0.0013330000219866633,0.00043222884414717555
9322,0.03866700083017349,0.00043210829608142376
9323,-0.0013330000219866633,0.00043221330270171165
9324,0.04853399842977524,0.00043218000791966915
9325,0.01360000018030405,0.00043233801261521876
9326,0.05866700038313866,0.0004322825407143682
9327,-0.02160000056028366,0.0004324853071011603
9328,0.043733999133110046,0.00043247471330687404
9329,0.02346700057387352,0.0004325821646489203
9330,0.04853399842977524,0.00043252058094367385
9331,-0.026399999856948853,0.00043261214159429073
9332,0.03866700083017349,0.0004324239562265575
9333,-0.011466999538242817,0.0004323125467635691
9334,0.05360100045800209,0.000431983033195138
9335,-0.02160000056028366,0.00043184799142181873
9336,0.04853399842977524,0.00043158052721992135
9337,0.01866699941456318,0.0004313334356993437
9338,0.07360100001096725,0.0004309353535063565
9339,0.008533000014722347,0.0004307124763727188
9340,0.028534000739455223,0.0004303557798266411
9341,0.008533000014722347,0.0004300917498767376
9342,0.0685340017080307,0.0004296642146073282
9343,0.003467000089585781,0.0004295470134820789
9344,0.03359999880194664,0.000429375097155571
9345,-0.0013330000219866633,0.0004292583034839481
9346,0.06373400241136551,0.0004289489588700235
9347,-0.016534000635147095,0.00042850346653722227
9348,0.04853399842977524,0.00042816242785193026
9349,-0.016534000635147095,0.0004277946427464485
9350,0.01866699941456318,0.00042729731649160385
9351,0.01866699941456318,0.00042690514237619936
9352,0.003467000089585781,0.00042668511741794646
9353,-0.011466999538242817,0.00042650289833545685
9354,0.04853399842977524,0.00042607146315276623
9355,-0.02160000056028366,0.0004256970132701099
9356,0.04853399842977524,0.00042534846579656005
9357,-0.016534000635147095,0.0004252833314239979
9358,-0.006399999838322401,0.00042514828965067863
9359,-0.016534000635147095,0.00042496202513575554
9360,0.043733999133110046,0.0004245134477969259
9361,-0.0013330000219866633,0.0004242447321303189
9362,0.043733999133110046,0.0004239284317009151
9363,0.003467000089585781,0.00042378250509500504
9364,0.04853399842977524,0.00042351032607257366
9365,-0.03653400018811226,0.000423389341449365
9366,0.04853399842977524,0.00042313654557801783
9367,-0.0013330000219866633,0.0004229156766086817
9368,0.03359999880194664,0.0004225265292916447
9369,-0.0013330000219866633,0.0004221564740873873
9370,0.03866700083017349,0.0004218566755298525
9371,-0.0013330000219866633,0.0004215058288536966
9372,0.02346700057387352,0.0004212097264826298
9373,-0.02160000056028366,0.0004209257604088634
9374,0.01360000018030405,0.00042056082747876644
9375,-0.03653400018811226,0.00042032994679175317
9376,0.05866700038313866,0.00041987732402049005
9377,-0.026399999856948853,0.0004194140783511102
9378,0.03359999880194664,0.0004187606682535261
9379,-0.0013330000219866633,0.0004182315315119922
9380,0.028534000739455223,0.00041762180626392365
9381,-0.04666699841618538,0.0004171702894382179
9382,0.028534000739455223,0.0004163184203207493
9383,-0.011466999538242817,0.00041582132689654827
9384,0.028534000739455223,0.00041516427882015705
9385,-0.026399999856948853,0.0004147063009440899
9386,0.03866700083017349,0.0004140694218222052
9387,0.003467000089585781,0.0004135657218284905
9388,0.04853399842977524,0.00041293847607448697
9389,-0.0013330000219866633,0.0004126405401621014
9390,0.01360000018030405,0.0004123645485378802
9391,-0.03653400018811226,0.00041219560080207884
9392,0.05360100045800209,0.00041197045356966555
9393,-0.061601001769304276,0.000411810731748119
9394,0.03359999880194664,0.000411411514505744
9395,-0.011466999538242817,0.00041127289296127856
9396,0.02346700057387352,0.0004108405555598438
9397,0.01866699941456318,0.0004106121195945889
9398,0.03359999880194664,0.0004104265826754272
9399,-0.011466999538242817,0.0004104541731067002
9400,0.03866700083017349,0.0004104819963686168
9401,-0.026399999856948853,0.00041049765422940254
9402,0.03359999880194664,0.00041032099397853017
9403,-0.006399999838322401,0.00041031016735360026
9404,0.043733999133110046,0.0004102389793843031
9405,-0.011466999538242817,0.00041040097130462527
9406,0.04853399842977524,0.000410465057939291
9407,-0.02160000056028366,0.0004106078704353422
9408,0.05360100045800209,0.0004104738181922585
9409,-0.03653400018811226,0.0004100854857824743
9410,0.01866699941456318,0.00040953117422759533
9411,-0.0013330000219866633,0.0004089772701263428
9412,0.0685340017080307,0.00040857557905837893
9413,-0.026399999856948853,0.000408167892601341
9414,0.028534000739455223,0.00040742295095697045
9415,-0.0013330000219866633,0.00040679844096302986
9416,0.01360000018030405,0.00040617171907797456
9417,-0.016534000635147095,0.00040577849722467363
9418,0.043733999133110046,0.0004053269512951374
9419,-0.011466999538242817,0.00040493765845894814
9420,0.01360000018030405,0.0004042543878313154
9421,0.003467000089585781,0.0004037688486278057
9422,0.04853399842977524,0.0004033123259432614
9423,-0.011466999538242817,0.000402712554205209
9424,0.01866699941456318,0.0004019521293230355
9425,-0.016534000635147095,0.00040129252010956407
9426,0.04853399842977524,0.0004006607923656702
9427,0.01866699941456318,0.00039994949474930763
9428,0.06373400241136551,0.00039936037501320243
9429,-0.026399999856948853,0.0003988406097050756
9430,0.028534000739455223,0.00039815460331737995
9431,0.01360000018030405,0.0003974062856286764
9432,0.028534000739455223,0.0003968059900216758
9433,-0.016534000635147095,0.00039628465310670435
9434,0.05360100045800209,0.0003956207074224949
9435,-0.011466999538242817,0.0003949024248868227
9436,0.02346700057387352,0.0003941346949432045
9437,0.003467000089585781,0.0003933089319616556
9438,0.008533000014722347,0.0003925809287466109
9439,-0.011466999538242817,0.0003919914015568793
9440,0.03866700083017349,0.00039135763654485345
9441,0.01360000018030405,0.0003906448255293071
9442,0.04853399842977524,0.0003898905124515295
9443,-0.031466998159885406,0.00038941489765420556
9444,0.02346700057387352,0.00038898171624168754
9445,-0.0013330000219866633,0.0003885088372044265
9446,-0.0013330000219866633,0.00038834032602608204
9447,0.01360000018030405,0.0003882583696395159
9448,0.028534000739455223,0.00038802818744443357
9449,0.003467000089585781,0.00038784067146480083
9450,0.03866700083017349,0.00038766456418670714
9451,-0.04666699841618538,0.0003878690768033266
9452,0.028534000739455223,0.000387928361305967
9453,-0.02160000056028366,0.00038794675492681563
9454,0.01866699941456318,0.0003878399729728699
9455,-0.011466999538242817,0.00038779861642979085
9456,0.02346700057387352,0.00038800667971372604
9457,-0.02160000056028366,0.00038823424256406724
9458,0.02346700057387352,0.0003884420730173588
9459,0.008533000014722347,0.00038851361023262143
9460,0.04853399842977524,0.00038871410652063787
9461,-0.006399999838322401,0.0003886876511387527
9462,0.03866700083017349,0.0003887403290718794
9463,-0.02160000056028366,0.00038872211007401347
9464,0.028534000739455223,0.00038865295937284827
9465,-0.016534000635147095,0.00038864449015818536
9466,0.04853399842977524,0.00038844774826429784
9467,-0.011466999538242817,0.00038824224611744285
9468,0.028534000739455223,0.00038800909533165395
9469,-0.006399999838322401,0.00038771750405430794
9470,0.04853399842977524,0.00038741427124477923
9471,-0.011466999538242817,0.0003871144144795835
9472,0.03866700083017349,0.0003868451458401978
9473,-0.0013330000219866633,0.0003865003527607769
9474,0.028534000739455223,0.00038622418651357293
9475,-0.02160000056028366,0.00038586105802096426
9476,-0.016534000635147095,0.0003854323294945061
9477,-0.0013330000219866633,0.0003850267385132611
9478,0.003467000089585781,0.0003848736232612282
9479,-0.006399999838322401,0.0003847395128104836
9480,0.01866699941456318,0.00038468698039650917
9481,-0.011466999538242817,0.00038444134406745434
9482,0.02346700057387352,0.0003842023143079132
9483,-0.011466999538242817,0.00038386700907722116
9484,0.04853399842977524,0.0003836429095827043
9485,-0.0013330000219866633,0.00038333848351612687
9486,0.03359999880194664,0.00038298708386719227
9487,-0.006399999838322401,0.0003825278836302459
9488,0.03866700083017349,0.00038199592381715775
9489,0.003467000089585781,0.00038150581531226635
9490,0.03866700083017349,0.00038118561496958137
9491,-0.02160000056028366,0.0003807160537689924
9492,0.028534000739455223,0.0003801876155193895
9493,-0.026399999856948853,0.0003796002420131117
9494,0.02346700057387352,0.0003794291114900261
9495,-0.026399999856948853,0.00037940102629363537
9496,0.003467000089585781,0.0003791979979723692
9497,-0.03653400018811226,0.0003786717134062201
9498,0.003467000089585781,0.0003782520943786949
9499,-0.026399999856948853,0.00037781993160024285
9500,0.05360100045800209,0.00037727790186181664
9501,-0.011466999538242817,0.0003768712340388447
9502,0.03866700083017349,0.000376587500795722
9503,-0.03653400018811226,0.0003762635460589081
9504,0.05360100045800209,0.0003758193925023079
9505,-0.0013330000219866633,0.0003753596101887524
9506,0.028534000739455223,0.0003750185132957995
9507,-0.011466999538242817,0.00037461164174601436
9508,0.03359999880194664,0.00037425686605274677
9509,0.003467000089585781,0.00037397249252535403
9510,0.04853399842977524,0.00037390319630503654
9511,0.01360000018030405,0.0003735783975571394
9512,0.02346700057387352,0.0003732882905751467
9513,0.003467000089585781,0.00037289768806658685
9514,0.03359999880194664,0.0003727078437805176
9515,-0.031466998159885406,0.000372446229448542
9516,0.028534000739455223,0.0003722242545336485
9517,-0.02160000056028366,0.0003718482330441475
9518,0.04853399842977524,0.00037165972753427923
9519,0.01360000018030405,0.00037130218697711825
9520,0.0685340017080307,0.00037104691728018224
9521,-0.02160000056028366,0.00037060826434753835
9522,0.03359999880194664,0.0003703013062477112
9523,-0.0013330000219866633,0.0003695682971738279
9524,0.04853399842977524,0.0003690121229737997
9525,0.003467000089585781,0.00036829226883128285
9526,0.02346700057387352,0.0003675362095236778
9527,-0.0013330000219866633,0.0003666181582957506
9528,-0.026399999856948853,0.00036600668681785464
9529,0.01360000018030405,0.00036548497155308723
9530,0.028534000739455223,0.0003651120641734451
9531,-0.02160000056028366,0.00036463141441345215
9532,0.02346700057387352,0.0003642490482889116
9533,-0.02160000056028366,0.0003638307098299265
9534,0.02346700057387352,0.00036351499147713184
9535,-0.031466998159885406,0.00036300811916589737
9536,0.05866700038313866,0.0003627191763371229
9537,-0.0013330000219866633,0.00036242022179067135
9538,0.028534000739455223,0.000362172577297315
9539,-0.006399999838322401,0.000361873913789168
9540,0.07866799831390381,0.00036174431443214417
9541,0.01866699941456318,0.00036135967820882797
9542,0.05360100045800209,0.00036094413371756673
9543,0.003467000089585781,0.00036041176645085216
9544,0.01866699941456318,0.000359978002961725
9545,0.008533000014722347,0.00035946554271504283
9546,0.02346700057387352,0.00035907095298171043
9547,-0.0013330000219866633,0.00035863564698956907
9548,0.04853399842977524,0.00035831896821036935
9549,-0.02160000056028366,0.00035790097899734974
9550,0.05360100045800209,0.00035746576031669974
9551,0.01866699941456318,0.0003568955580703914
9552,0.028534000739455223,0.00035632355138659477
9553,-0.011466999538242817,0.00035570142790675163
9554,0.02346700057387352,0.00035529054002836347
9555,-0.02160000056028366,0.0003547954256646335
9556,0.06373400241136551,0.000354469200829044
9557,-0.016534000635147095,0.00035397434839978814
9558,0.03359999880194664,0.0003536205622367561
9559,-0.0013330000219866633,0.0003531616530381143
9560,0.06373400241136551,0.0003526476211845875
9561,0.008533000014722347,0.0003519354504533112
9562,-0.006399999838322401,0.00035140843829140067
9563,-0.02160000056028366,0.0003509414382278919
9564,0.028534000739455223,0.0003505730419419706
9565,-0.011466999538242817,0.00035010697320103645
9566,0.01866699941456318,0.0003498077276162803
9567,-0.02160000056028366,0.00034945871448144317
9568,0.02346700057387352,0.00034919189056381583
9569,0.003467000089585781,0.00034884316846728325
9570,0.008533000014722347,0.0003486259374767542
9571,-0.02160000056028366,0.00034830556251108646
9572,-0.006399999838322401,0.0003480252344161272
9573,0.003467000089585781,0.0003475200501270592
9574,0.008533000014722347,0.0003472560492809862
9575,-0.02160000056028366,0.00034691073233261704
9576,0.02346700057387352,0.00034673759364522994
9577,-0.03653400018811226,0.0003465476038400084
9578,0.01360000018030405,0.00034645028063096106
9579,-0.02160000056028366,0.00034638051874935627
9580,0.02346700057387352,0.0003463106113485992
9581,-0.0013330000219866633,0.0003461274318397045
9582,0.03866700083017349,0.0003458780702203512
9583,-0.011466999538242817,0.00034537556348368526
9584,0.03866700083017349,0.00034502786002121866
9585,-0.011466999538242817,0.0003446369955781847
9586,0.02346700057387352,0.00034444016637280583
9587,-0.031466998159885406,0.00034403824247419834
9588,0.02346700057387352,0.0003437307314015925
9589,-0.016534000635147095,0.0003433152160141617
9590,0.028534000739455223,0.0003430008073337376
9591,-0.0013330000219866633,0.0003425776958465576
9592,0.008533000014722347,0.0003422637819312513
9593,-0.02160000056028366,0.000341892649885267
9594,0.003467000089585781,0.0003414969833102077
9595,0.003467000089585781,0.00034116365713998675
9596,0.043733999133110046,0.0003409576020203531
9597,0.003467000089585781,0.00034079112811014056
9598,0.07360100001096725,0.00034071109257638454
9599,0.01866699941456318,0.00034038181183859706
9600,0.03866700083017349,0.0003402004949748516
9601,0.003467000089585781,0.0003399553243070841
9602,0.02346700057387352,0.000339797988999635
9603,-0.0013330000219866633,0.0003395387902855873
9604,0.03359999880194664,0.00033930657082237303
9605,0.003467000089585781,0.0003391462960280478
9606,0.05360100045800209,0.0003391406498849392
9607,-0.02160000056028366,0.00033905915915966034
9608,0.02346700057387352,0.000338894926244393
9609,-0.011466999538242817,0.00033877301029860973
9610,0.03359999880194664,0.0003387702745385468
9611,-0.0013330000219866633,0.00033865790464915335
9612,0.03866700083017349,0.00033855345100164413
9613,-0.02160000056028366,0.00033838668605312705
9614,0.02346700057387352,0.0003382814466021955
9615,-0.02160000056028366,0.0003381587448529899
9616,0.028534000739455223,0.00033809244632720947
9617,0.003467000089585781,0.00033798388903960586
9618,0.05360100045800209,0.00033786235144361854
9619,-0.006399999838322401,0.0003375668893568218
9620,0.02346700057387352,0.00033736409386619925
9621,-0.016534000635147095,0.00033723306842148304
9622,0.05360100045800209,0.00033715233439579606
9623,-0.02160000056028366,0.0003370368795003742
9624,0.02346700057387352,0.0003370668273419142
9625,0.01360000018030405,0.0003370132762938738
9626,0.03866700083017349,0.0003369965124875307
9627,-0.0013330000219866633,0.00033695599995553493
9628,0.003467000089585781,0.00033690547570586205
9629,-0.0013330000219866633,0.00033684889785945415
9630,0.03866700083017349,0.000336954602971673
9631,-0.026399999856948853,0.0003370052727404982
9632,0.043733999133110046,0.0003372255596332252
9633,-0.011466999538242817,0.0003374411608092487
9634,0.02346700057387352,0.00033770850859582424
9635,0.003467000089585781,0.00033795181661844254
9636,0.04853399842977524,0.00033846666337922215
9637,-0.0013330000219866633,0.0003388665209058672
9638,0.03359999880194664,0.0003393772058188915
9639,-0.011466999538242817,0.00033980945590883493
9640,0.04853399842977524,0.00034055556170642376
9641,-0.04666699841618538,0.0003411967772990465
9642,0.03359999880194664,0.0003419548738747835
9643,-0.006399999838322401,0.000342612067470327
9644,0.028534000739455223,0.00034343721927143633
9645,-0.006399999838322401,0.0003440773580223322
9646,0.01866699941456318,0.0003447828348726034
9647,-0.011466999538242817,0.00034545655944384634
9648,0.03359999880194664,0.00034618686186149716
9649,-0.0013330000219866633,0.00034674565540626645
9650,0.03359999880194664,0.0003472395765129477
9651,-0.0013330000219866633,0.0003476300335023552
9652,0.01866699941456318,0.00034805905306711793
9653,-0.011466999538242817,0.00034843827597796917
9654,0.028534000739455223,0.00034885271452367306
9655,-0.011466999538242817,0.0003491481766104698
9656,0.05360100045800209,0.00034961389610543847
9657,-0.006399999838322401,0.0003501090104691684
9658,0.043733999133110046,0.0003508683876134455
9659,-0.011466999538242817,0.0003513328265398741
9660,0.04853399842977524,0.0003519531455822289
9661,-0.05653399974107742,0.00035234546521678567
9662,0.008533000014722347,0.000352668110281229
9663,-0.02160000056028366,0.0003529114183038473
9664,0.008533000014722347,0.0003533387207426131
9665,-0.011466999538242817,0.00035390444099903107
9666,0.01360000018030405,0.00035453314194455743
9667,-0.011466999538242817,0.0003551034315023571
9668,0.03866700083017349,0.0003556429874151945
9669,-0.011466999538242817,0.0003561114426702261
9670,0.028534000739455223,0.00035692829987965524
9671,-0.026399999856948853,0.0003575654118321836
9672,0.01866699941456318,0.0003581293858587742
9673,-0.0013330000219866633,0.0003585188533179462
9674,0.02346700057387352,0.0003590450214687735
9675,-0.011466999538242817,0.0003594606532715261
9676,0.02346700057387352,0.00036002788692712784
9677,0.003467000089585781,0.0003606301615945995
9678,0.04853399842977524,0.00036125173210166395
9679,-0.0013330000219866633,0.0003619306371547282
9680,0.04853399842977524,0.00036260485649108887
9681,0.02346700057387352,0.00036314004682935774
9682,0.043733999133110046,0.0003638236375991255
9683,-0.02160000056028366,0.0003644909302238375
9684,0.06373400241136551,0.0003651832230389118
9685,0.003467000089585781,0.00036565569462254643
9686,-0.0013330000219866633,0.00036624789936468005
9687,-0.0013330000219866633,0.0003668458666652441
9688,0.028534000739455223,0.0003674638574011624
9689,-0.011466999538242817,0.0003679431974887848
9690,0.03866700083017349,0.00036847303272224963
9691,0.008533000014722347,0.00036909925984218717
9692,0.01360000018030405,0.0003700655943248421
9693,-0.02160000056028366,0.0003708888834808022
9694,0.04853399842977524,0.00037164604873396456
9695,-0.016534000635147095,0.00037231488386169076
9696,0.04853399842977524,0.00037318342947401106
9697,-0.006399999838322401,0.0003741358523257077
9698,0.03866700083017349,0.00037525082007050514
9699,-0.016534000635147095,0.00037624570541083813
9700,0.02346700057387352,0.00037716166116297245
9701,-0.03653400018811226,0.0003781593986786902
9702,0.05360100045800209,0.0003788780013564974
9703,-0.006399999838322401,0.0003795346710830927
9704,0.02346700057387352,0.0003802624123636633
9705,-0.006399999838322401,0.0003809402696788311
9706,0.06373400241136551,0.0003816732205450535
9707,-0.02160000056028366,0.0003820082638412714
9708,0.01360000018030405,0.0003824253217317164
9709,-0.0013330000219866633,0.0003828187473118305
9710,0.028534000739455223,0.0003835877578239888
9711,-0.026399999856948853,0.00038425822276622057
9712,0.01866699941456318,0.0003846120089292526
9713,0.003467000089585781,0.00038491669693030417
9714,0.008533000014722347,0.00038556853542104363
9715,-0.016534000635147095,0.0003862574230879545
9716,0.03359999880194664,0.0003870318760164082
9717,-0.026399999856948853,0.00038781907642260194
9718,0.043733999133110046,0.0003883484750986099
9719,-0.026399999856948853,0.0003889214131049812
9720,0.05360100045800209,0.0003896658308804035
9721,0.02346700057387352,0.00039029555045999587
9722,0.028534000739455223,0.00039118638960644603
9723,0.01866699941456318,0.00039196782745420933
9724,0.028534000739455223,0.0003928501973859966
9725,-0.006399999838322401,0.00039370678132399917
9726,0.043733999133110046,0.00039468868635594845
9727,-0.026399999856948853,0.00039575016126036644
9728,0.04853399842977524,0.00039700785418972373
9729,0.01360000018030405,0.0003981240151915699
9730,0.02346700057387352,0.0003992462588939816
9731,-0.011466999538242817,0.0004003081121481955
9732,0.02346700057387352,0.00040139449993148446
9733,-0.04160099849104881,0.0004026433452963829
9734,0.02346700057387352,0.00040350985364057124
9735,0.02346700057387352,0.000404344464186579
9736,0.0685340017080307,0.00040531507693231106
9737,-0.026399999856948853,0.00040657405043020844
9738,0.028534000739455223,0.0004078492638655007
9739,-0.031466998159885406,0.00040933722630143166
9740,0.02346700057387352,0.0004104720428586006
9741,0.01360000018030405,0.0004117842763662338
9742,0.06373400241136551,0.00041321717435494065
9743,-0.02160000056028366,0.00041470551514066756
9744,0.05866700038313866,0.00041621155105531216
9745,0.01866699941456318,0.00041669211350381374
9746,0.028534000739455223,0.0004170724714640528
9747,-0.016534000635147095,0.00041745844646357
9748,0.028534000739455223,0.0004179091192781925
9749,0.01360000018030405,0.0004183781275060028
9750,0.028534000739455223,0.0004185570287518203
9751,-0.011466999538242817,0.00041860254714265466
9752,0.05866700038313866,0.0004188090097159147
9753,-0.006399999838322401,0.000419209070969373
9754,0.04853399842977524,0.0004194492648821324
9755,-0.016534000635147095,0.00041977508226409554
9756,0.05360100045800209,0.00042011673212982714
9757,0.003467000089585781,0.0004205387958791107
9758,0.028534000739455223,0.0004208512546028942
9759,0.003467000089585781,0.0004213069914840162
9760,0.01360000018030405,0.00042158097494393587
9761,-0.006399999838322401,0.00042187675717286766
9762,0.028534000739455223,0.0004221685812808573
9763,0.003467000089585781,0.0004224895383231342
9764,0.03866700083017349,0.00042279224726371467
9765,0.008533000014722347,0.00042305196984671056
9766,0.06373400241136551,0.0004232100327499211
9767,-0.011466999538242817,0.00042356675839982927
9768,0.01360000018030405,0.0004238915862515569
9769,-0.0013330000219866633,0.0004243942676112056
9770,0.028534000739455223,0.0004247295728418976
9771,0.003467000089585781,0.00042517087422311306
9772,0.01866699941456318,0.0004255349049344659
9773,0.003467000089585781,0.00042598089203238487
9774,0.03866700083017349,0.0004262392467353493
9775,-0.006399999838322401,0.00042660298640839756
9776,0.03866700083017349,0.000426969287218526
9777,-0.0013330000219866633,0.00042733672307804227
9778,0.03866700083017349,0.0004276228428352624
9779,-0.0013330000219866633,0.0004280838184058666
9780,0.02346700057387352,0.000428560160798952
9781,-0.011466999538242817,0.0004291187215130776
9782,0.03359999880194664,0.00042978767305612564
9783,-0.016534000635147095,0.0004306179180275649
9784,0.028534000739455223,0.0004313134413678199
9785,-0.0013330000219866633,0.0004318963619880378
9786,0.01360000018030405,0.0004324026231188327
9787,-0.02160000056028366,0.00043299494427628815
9788,0.01866699941456318,0.00043363464646972716
9789,0.02346700057387352,0.0004342387546785176
9790,0.03866700083017349,0.000434788380516693
9791,-0.026399999856948853,0.00043552019633352757
9792,0.04853399842977524,0.0004360480816103518
9793,0.003467000089585781,0.0004365722415968776
9794,0.05866700038313866,0.000437084847362712
9795,-0.02160000056028366,0.0004375659045763314
9796,0.043733999133110046,0.00043793226359412074
9797,0.01360000018030405,0.00043848317000083625
9798,0.01866699941456318,0.0004390181275084615
9799,-0.011466999538242817,0.00043956597801297903
9800,0.03359999880194664,0.00044012797297909856
9801,-0.0013330000219866633,0.0004407551896292716
9802,-0.011466999538242817,0.00044135513599030674
9803,-0.0013330000219866633,0.00044192004133947194
9804,0.05360100045800209,0.00044254522072151303
9805,0.003467000089585781,0.00044324653572402894
9806,0.003467000089585781,0.00044404377695173025
9807,-0.026399999856948853,0.00044486753176897764
9808,0.01360000018030405,0.0004457252798601985
9809,0.003467000089585781,0.00044664880260825157
9810,0.03866700083017349,0.0004474171146284789
9811,-0.04160099849104881,0.0004481651121750474
9812,0.008533000014722347,0.0004489533603191376
9813,0.003467000089585781,0.00044972955947741866
9814,0.043733999133110046,0.0004504113458096981
9815,-0.026399999856948853,0.00045120020513422787
9816,-0.006399999838322401,0.00045199308078736067
9817,0.003467000089585781,0.0004527362762019038
9818,0.05866700038313866,0.00045346387196332216
9819,-0.02160000056028366,0.00045414629857987165
9820,0.05360100045800209,0.0004548540455289185
9821,0.01360000018030405,0.00045549802598543465
9822,0.028534000739455223,0.0004559959634207189
9823,0.003467000089585781,0.00045651374966837466
9824,0.03866700083017349,0.0004570679448079318
9825,0.008533000014722347,0.0004575408820528537
9826,0.04853399842977524,0.0004580708045978099
9827,-0.006399999838322401,0.00045867773587815464
9828,0.03866700083017349,0.00045932483044452965
9829,-0.0013330000219866633,0.00046011831727810204
9830,0.03866700083017349,0.00046079838648438454
9831,0.003467000089585781,0.000461568619357422
9832,0.07360100001096725,0.00046218506759032607
9833,0.03359999880194664,0.0004627683956641704
9834,0.08880099654197693,0.0004633798962458968
9835,-0.006399999838322401,0.00046383816516026855
9836,0.05360100045800209,0.0004644173022825271
9837,-0.011466999538242817,0.00046514085261151195
9838,0.04853399842977524,0.0004660673439502716
9839,0.008533000014722347,0.0004671190108638257
9840,0.03866700083017349,0.00046818601549603045
9841,-0.006399999838322401,0.00046919487067498267
9842,0.03866700083017349,0.00047015954623930156
9843,0.01360000018030405,0.0004711186629720032
9844,0.04853399842977524,0.0004721804871223867
9845,0.01360000018030405,0.0004732347442768514
9846,0.03866700083017349,0.00047424720833078027
9847,-0.006399999838322401,0.0004753231187351048
9848,0.02346700057387352,0.00047637379611842334
9849,-0.011466999538242817,0.0004775417619384825
9850,0.01866699941456318,0.000478843052405864
9851,-0.0013330000219866633,0.0004800161987077445
9852,0.05360100045800209,0.00048111556679941714
9853,0.008533000014722347,0.0004820938629563898
9854,0.043733999133110046,0.00048311473801732063
9855,-0.011466999538242817,0.00048429815797135234
9856,0.028534000739455223,0.0004854131839238107
9857,-0.011466999538242817,0.00048656229046173394
9858,0.01866699941456318,0.0004877887840848416
9859,0.003467000089585781,0.000489017809741199
9860,0.02346700057387352,0.0004902033833786845
9861,0.003467000089585781,0.0004913575248792768
9862,0.043733999133110046,0.0004924422246403992
9863,0.01360000018030405,0.0004935797187499702
9864,0.03866700083017349,0.0004948819405399263
9865,0.003467000089585781,0.0004961671656928957
9866,0.04853399842977524,0.0004975702613592148
9867,-0.011466999538242817,0.0004990841844119132
9868,-0.0013330000219866633,0.0005005555576644838
9869,-0.011466999538242817,0.0005019910749979317
9870,0.028534000739455223,0.0005035260110162199
9871,0.01360000018030405,0.000505000411067158
9872,0.028534000739455223,0.0005067433230578899
9873,-0.0013330000219866633,0.0005084109143353999
9874,0.028534000739455223,0.000510125420987606
9875,-0.0013330000219866633,0.0005119344568811357
9876,0.028534000739455223,0.0005136103136464953
9877,0.003467000089585781,0.0005151988007128239
9878,0.003467000089585781,0.0005168562056496739
9879,0.01360000018030405,0.0005184659967198968
9880,0.02346700057387352,0.0005200803279876709
9881,0.008533000014722347,0.0005216554854996502
9882,0.06373400241136551,0.0005232723779045045
9883,0.003467000089585781,0.0005248909001238644
9884,0.05360100045800209,0.000526665651705116
9885,0.008533000014722347,0.0005283578648231924
9886,0.028534000739455223,0.0005299164913594723
9887,0.003467000089585781,0.0005314670270308852
9888,0.0685340017080307,0.0005328115657903254
9889,0.02346700057387352,0.0005342880031093955
9890,0.0685340017080307,0.0005358449998311698
9891,-0.011466999538242817,0.000537159270606935
9892,0.07360100001096725,0.0005380393122322857
9893,0.003467000089585781,0.0005390779697336257
9894,0.028534000739455223,0.0005400034715421498
9895,-0.0013330000219866633,0.0005409339210018516
9896,0.03866700083017349,0.0005413903272710741
9897,0.003467000089585781,0.0005417485954239964
9898,0.043733999133110046,0.0005422338144853711
9899,0.01360000018030405,0.0005428079166449606
9900,0.01866699941456318,0.0005432687466964126
9901,-0.026399999856948853,0.0005436406936496496
9902,0.01866699941456318,0.0005438340012915432
9903,-0.026399999856948853,0.0005438190419226885
9904,0.03866700083017349,0.0005437663639895618
9905,-0.026399999856948853,0.0005439639207907021
9906,0.03866700083017349,0.0005442107212729752
9907,-0.006399999838322401,0.0005445753922685981
9908,0.03866700083017349,0.0005451160250231624
9909,0.01360000018030405,0.0005456779035739601
9910,0.05360100045800209,0.00054640305461362
9911,0.003467000089585781,0.0005470967735163867
9912,0.02346700057387352,0.0005475460784509778
9913,-0.016534000635147095,0.0005479317624121904
9914,0.028534000739455223,0.0005480265826918185
9915,-0.03653400018811226,0.0005486535374075174
9916,0.03866700083017349,0.0005490037729032338
9917,-0.0013330000219866633,0.0005496343364939094
9918,0.01360000018030405,0.000550750526599586
9919,0.003467000089585781,0.0005518242833204567
9920,0.01360000018030405,0.0005529728950932622
9921,-0.0013330000219866633,0.0005540267447941005
9922,0.06373400241136551,0.0005549563793465495
9923,0.01360000018030405,0.00055593071738258
9924,0.05866700038313866,0.0005569831700995564
9925,-0.026399999856948853,0.0005580809665843844
9926,0.03866700083017349,0.0005586842307820916
9927,-0.026399999856948853,0.0005596236442215741
9928,0.028534000739455223,0.0005609130603261292
9929,-0.006399999838322401,0.000562387693207711
9930,0.05360100045800209,0.000563798937946558
9931,0.05360100045800209,0.0005654303822666407
9932,0.04853399842977524,0.0005669433157891035
9933,0.003467000089585781,0.0005679851747117937
9934,0.03359999880194664,0.0005691319238394499
9935,0.003467000089585781,0.0005700631299987435
9936,0.02346700057387352,0.0005711608682759106
9937,0.003467000089585781,0.0005723067442886531
9938,0.03359999880194664,0.0005731396959163249
9939,0.003467000089585781,0.0005741878412663937
9940,0.043733999133110046,0.0005751037388108671
9941,0.043733999133110046,0.0005764086381532252
9942,0.02346700057387352,0.0005776899051852524
9943,-0.016534000635147095,0.0005789814167656004
9944,0.04853399842977524,0.0005801270017400384
9945,0.02346700057387352,0.0005819830112159252
9946,0.03866700083017349,0.0005837752833031118
9947,-0.011466999538242817,0.0005853423499502242
9948,0.0685340017080307,0.0005858719814568758
9949,0.008533000014722347,0.0005871599423699081
9950,0.04853399842977524,0.0005886311992071569
9951,-0.011466999538242817,0.000590254261624068
9952,0.028534000739455223,0.0005909688770771027
9953,-0.006399999838322401,0.0005914488574489951
9954,0.03866700083017349,0.0005912858759984374
9955,-0.02160000056028366,0.0005912325577810407
9956,0.028534000739455223,0.0005909642204642296
9957,-0.026399999856948853,0.0005900845280848444
9958,0.043733999133110046,0.0005898877861909568
9959,-0.011466999538242817,0.0005909587489441037
9960,0.028534000739455223,0.0005917082307860255
9961,0.003467000089585781,0.0005926250014454126
9962,0.043733999133110046,0.0005932925851084292
9963,0.003467000089585781,0.0005938394460827112
9964,0.03866700083017349,0.0005947218742221594
9965,-0.031466998159885406,0.0005956984241493046
9966,0.04853399842977524,0.0005960843991488218
9967,-0.02160000056028366,0.0005969946505501866
9968,0.0685340017080307,0.000599101185798645
9969,-0.05146700143814087,0.0006016153492964804
9970,0.03866700083017349,0.0006012777448631823
9971,-0.03653400018811226,0.0006015739636495709
9972,0.05866700038313866,0.0006007140618748963
9973,0.003467000089585781,0.000601179082877934
9974,0.02346700057387352,0.0006036170525476336
9975,-0.016534000635147095,0.0006059305160306394
9976,0.043733999133110046,0.0006074366974644363
9977,-0.006399999838322401,0.0006098315352573991
9978,0.043733999133110046,0.0006115147261880338
9979,0.008533000014722347,0.0006149695254862309
9980,0.03866700083017349,0.0006175687303766608
9981,0.02346700057387352,0.0006206035614013672
9982,0.05360100045800209,0.0006233729654923081
9983,-0.04666699841618538,0.0006256162305362523
9984,0.03359999880194664,0.000624924898147583
9985,-0.011466999538242817,0.0006272739847190678
9986,0.03866700083017349,0.0006281179958023131
9987,-0.026399999856948853,0.0006308051524683833
9988,0.043733999133110046,0.0006348242168314755
9989,0.003467000089585781,0.000635947217233479
9990,0.03866700083017349,0.0006439626449719071
9991,-0.0013330000219866633,0.000653441296890378
9992,0.05360100045800209,0.0006595253944396973
9993,-0.02160000056028366,0.0006627326947636902
9994,0.028534000739455223,0.0006668931455351412
9995,-0.011466999538242817,0.0006655931356362998
9996,0.028534000739455223,0.0006803373689763248
9997,-0.02160000056028366,0.0006927980575710535
9998,0.03866700083017349,0.0006893376703374088
9999,-0.02160000056028366,0.0006831089849583805
