index,value,anomaly_score
0,0.008533000014722347,0.00037032365798950195
1,0.04853399842977524,0.00038565200520679355
2,-0.026399999856948853,0.00039199329330585897
3,0.04853399842977524,0.00040183961391448975
4,0.01360000018030405,0.0004092693270649761
5,0.028534000739455223,0.0004206068115308881
6,0.01360000018030405,0.00041874818271026015
7,0.0685340017080307,0.00042082867003045976
8,-0.0013330000219866633,0.00041623690049163997
9,0.043733999133110046,0.00041730800876393914
10,-0.016534000635147095,0.00041846977546811104
11,0.02346700057387352,0.00042203234625048935
12,0.008533000014722347,0.00042250676779076457
13,0.043733999133110046,0.0004228325269650668
14,-0.006399999838322401,0.00042286713141947985
15,0.05360100045800209,0.00042559453868307173
16,0.01360000018030405,0.00042700418271124363
17,0.02346700057387352,0.00042970755021087825
18,-0.0013330000219866633,0.0004314497928135097
19,0.07360100001096725,0.0004348615766502917
20,-0.02160000056028366,0.00043715181527659297
21,0.008533000014722347,0.00043764078873209655
22,-0.031466998159885406,0.00043961190385743976
23,0.04853399842977524,0.000442623277194798
24,-0.0013330000219866633,0.0004427488602232188
25,0.028534000739455223,0.00044180109398439527
26,-0.011466999538242817,0.0004403789935167879
27,0.043733999133110046,0.00043856390402652323
28,0.01360000018030405,0.00043704730342142284
29,0.04853399842977524,0.000435839087003842
30,-0.011466999538242817,0.0004343242908362299
31,0.06373400241136551,0.00043383921729400754
32,0.01360000018030405,0.0004324792535044253
33,0.02346700057387352,0.0004312302335165441
34,0.008533000014722347,0.00042971826042048633
35,0.04853399842977524,0.00042899337131530046
36,0.008533000014722347,0.00042788562132045627
37,0.04853399842977524,0.00042737575131468475
38,-0.03653400018811226,0.0004274197854101658
39,0.03866700083017349,0.0004290501237846911
40,0.01360000018030405,0.0004293419187888503
41,0.07360100001096725,0.0004310489457566291
42,-0.016534000635147095,0.0004304781323298812
43,0.03866700083017349,0.00042994003160856664
44,-0.02160000056028366,0.0004286011098884046
45,0.04853399842977524,0.0004279578570276499
46,-0.0013330000219866633,0.0004271488287486136
47,0.01360000018030405,0.00042762732482515275
48,-0.02160000056028366,0.00042763492092490196
49,0.03866700083017349,0.0004281938017811626
50,-0.011466999538242817,0.00042805602424778044
51,0.03866700083017349,0.0004284293681848794
52,-0.02160000056028366,0.000428279978223145
53,0.01866699941456318,0.00042834324995055795
54,-0.011466999538242817,0.00042817339999601245
55,0.04853399842977524,0.00042855809442698956
56,0.003467000089585781,0.000428175728302449
57,0.04853399842977524,0.0004284254973754287
58,0.01360000018030405,0.000428067083703354
59,0.043733999133110046,0.0004276222607586533
60,0.028534000739455223,0.0004270066856406629
61,0.02346700057387352,0.00042638886952772737
62,-0.02160000056028366,0.0004258941044099629
63,0.03866700083017349,0.00042583575122989714
64,-0.016534000635147095,0.0004249490157235414
65,0.028534000739455223,0.0004248901968821883
66,0.003467000089585781,0.0004243883304297924
67,0.043733999133110046,0.0004245606542099267
68,0.01866699941456318,0.00042407322325743735
69,0.04853399842977524,0.00042373593896627426
70,-0.011466999538242817,0.0004233619838487357
71,0.05360100045800209,0.00042344850953668356
72,-0.016534000635147095,0.0004230302001815289
73,0.08373399823904037,0.0004226352903060615
74,-0.016534000635147095,0.00042207902879454195
75,0.03866700083017349,0.00042157707503065467
76,-0.016534000635147095,0.0004210490151308477
77,0.05360100045800209,0.0004206475568935275
78,-0.011466999538242817,0.00042002336704172194
79,0.03866700083017349,0.00041959682130254805
80,0.008533000014722347,0.0004189360188320279
81,0.02346700057387352,0.0004186080186627805
82,-0.0013330000219866633,0.00041822425555437803
83,0.008533000014722347,0.0004181355470791459
84,0.028534000739455223,0.0004174262867309153
85,0.03359999880194664,0.0004170194733887911
86,-0.03653400018811226,0.00041645445162430406
87,0.028534000739455223,0.0004163853882346302
88,0.003467000089585781,0.00041591672925278544
89,0.03866700083017349,0.00041570619214326143
90,0.028534000739455223,0.0004150088061578572
91,0.03866700083017349,0.00041444404632784426
92,0.028534000739455223,0.00041351947584189475
93,0.05360100045800209,0.00041302613681182265
94,0.01360000018030405,0.0004119147197343409
95,0.07360100001096725,0.0004110930021852255
96,-0.0013330000219866633,0.0004102939856238663
97,0.03866700083017349,0.0004097164492122829
98,0.003467000089585781,0.00040894222911447287
99,0.03359999880194664,0.0004083522071596235
100,-0.006399999838322401,0.00040759716648608446
101,0.043733999133110046,0.00040731881745159626
102,0.01360000018030405,0.0004068084235768765
103,0.043733999133110046,0.00040655923658050597
104,-0.026399999856948853,0.0004060860665049404
105,0.06373400241136551,0.00040601781802251935
106,0.01866699941456318,0.0004056851612403989
107,0.04853399842977524,0.00040551667916588485
108,0.01360000018030405,0.0004053755255881697
109,0.028534000739455223,0.0004053521843161434
110,0.01360000018030405,0.0004049936542287469
111,0.0685340017080307,0.0004050564602948725
112,-0.031466998159885406,0.0004049187700729817
113,0.05360100045800209,0.0004050764546263963
114,-0.0013330000219866633,0.00040493044070899487
115,0.03359999880194664,0.0004049738054163754
116,-0.011466999538242817,0.00040478413575328887
117,0.043733999133110046,0.0004048305272590369
118,0.008533000014722347,0.0004045837849844247
119,0.05360100045800209,0.00040463422192260623
120,-0.0013330000219866633,0.00040472866385243833
121,0.03866700083017349,0.0004053284937981516
122,0.003467000089585781,0.00040593522135168314
123,0.01360000018030405,0.00040676339995115995
124,0.003467000089585781,0.000407305866247043
125,0.043733999133110046,0.0004080833459738642
126,-0.02160000056028366,0.00040857636486180127
127,0.043733999133110046,0.0004093395546078682
128,-0.016534000635147095,0.00040958987665362656
129,0.06373400241136551,0.00040995035669766366
130,-0.02160000056028366,0.0004102337406948209
131,0.03359999880194664,0.0004105424741283059
132,0.003467000089585781,0.00041082926327362657
133,0.003467000089585781,0.0004112416645511985
134,-0.016534000635147095,0.00041121055255644023
135,0.01360000018030405,0.0004114191688131541
136,-0.02160000056028366,0.0004114517359994352
137,0.028534000739455223,0.0004115838964935392
138,0.003467000089585781,0.0004114983312319964
139,0.04853399842977524,0.00041137877269648015
140,0.01360000018030405,0.00041105321724899113
141,0.07360100001096725,0.0004109838046133518
142,0.003467000089585781,0.00041050915024243295
143,0.05360100045800209,0.00041014631278812885
144,-0.0013330000219866633,0.00040989593253470957
145,0.03866700083017349,0.0004098261415492743
146,-0.02160000056028366,0.0004095722979400307
147,0.01360000018030405,0.00040923329652287066
148,-0.02160000056028366,0.000408600753871724
149,0.07866799831390381,0.00040802531293593347
150,0.008533000014722347,0.00040737827657721937
151,0.043733999133110046,0.00040686718421056867
152,0.008533000014722347,0.00040621645166538656
153,0.04853399842977524,0.00040558341424912214
154,0.008533000014722347,0.00040490381070412695
155,0.02346700057387352,0.0004043984226882458
156,-0.006399999838322401,0.00040378488483838737
157,0.05360100045800209,0.000403340847697109
158,-0.0013330000219866633,0.00040269107557833195
159,0.028534000739455223,0.00040226755663752556
160,0.003467000089585781,0.00040191845619119704
161,0.02346700057387352,0.00040168725536204875
162,0.003467000089585781,0.00040123731014318764
163,0.02346700057387352,0.0004011195560451597
164,-0.02160000056028366,0.0004009661206509918
165,0.07866799831390381,0.00040090541006065905
166,-0.016534000635147095,0.0004008083196822554
167,0.05360100045800209,0.00040069533861242235
168,-0.02160000056028366,0.0004004680085927248
169,0.028534000739455223,0.00040007036295719445
170,-0.026399999856948853,0.00039971459773369133
171,0.05360100045800209,0.000399307842599228
172,-0.006399999838322401,0.0003988515818491578
173,0.028534000739455223,0.0003984585346188396
174,-0.02160000056028366,0.00039796310011297464
175,0.01360000018030405,0.0003976416774094105
176,-0.011466999538242817,0.0003972879785578698
177,0.01360000018030405,0.0003969063691329211
178,0.028534000739455223,0.0003965273208450526
179,0.03866700083017349,0.0003962994960602373
180,0.003467000089585781,0.000395999668398872
181,0.028534000739455223,0.00039590924279764295
182,0.01360000018030405,0.0003956729487981647
183,0.05360100045800209,0.00039548470522277057
184,0.008533000014722347,0.00039529812056571245
185,0.06373400241136551,0.0003950665413867682
186,-0.011466999538242817,0.00039500638376921415
187,0.01360000018030405,0.00039491482311859727
188,-0.026399999856948853,0.0003948289668187499
189,0.03359999880194664,0.00039472163189202547
190,0.01866699941456318,0.0003944649070035666
191,0.02346700057387352,0.0003941170871257782
192,0.01360000018030405,0.00039375279447995126
193,0.02346700057387352,0.0003935743879992515
194,0.01360000018030405,0.0003933644911739975
195,0.03866700083017349,0.00039293765439651906
196,-0.0013330000219866633,0.00039241681224666536
197,0.02346700057387352,0.00039179023588076234
198,-0.0013330000219866633,0.0003912495740223676
199,0.05360100045800209,0.00039088737685233355
200,0.02346700057387352,0.00039045431185513735
201,0.06373400241136551,0.000390131986932829
202,-0.016534000635147095,0.0003899479634128511
203,0.07360100001096725,0.00038981513353064656
204,-0.016534000635147095,0.00038963864790275693
205,0.028534000739455223,0.0003893829707521945
206,-0.02160000056028366,0.0003890964144375175
207,0.02346700057387352,0.00038895843317732215
208,0.028534000739455223,0.00038894949830137193
209,0.08880099654197693,0.00038885173853486776
210,0.03866700083017349,0.0003885994083248079
211,0.03866700083017349,0.00038837993633933365
212,0.02346700057387352,0.00038822900387458503
213,0.06373400241136551,0.00038803971256129444
214,-0.026399999856948853,0.0003879004798363894
215,0.03866700083017349,0.0003877815615851432
216,-0.006399999838322401,0.00038768976810388267
217,0.028534000739455223,0.0003874668327625841
218,0.003467000089585781,0.0003874659596476704
219,0.04853399842977524,0.00038747343933209777
220,-0.02160000056028366,0.00038752611726522446
221,0.028534000739455223,0.00038745446363464
222,-0.026399999856948853,0.00038744480116292834
223,0.03866700083017349,0.00038765749195590615
224,-0.0013330000219866633,0.00038801130722276866
225,0.04853399842977524,0.00038818997563794255
226,0.028534000739455223,0.00038829981349408627
227,0.04853399842977524,0.0003883663157466799
228,0.003467000089585781,0.00038837455213069916
229,0.05360100045800209,0.00038833380676805973
230,0.008533000014722347,0.0003884098259732127
231,0.05360100045800209,0.0003885629994329065
232,-0.011466999538242817,0.00038874350138939917
233,0.028534000739455223,0.000388867047149688
234,-0.0013330000219866633,0.0003889820072799921
235,0.02346700057387352,0.0003890657390002161
236,-0.0013330000219866633,0.00038915040204301476
237,0.03359999880194664,0.0003892647218890488
238,0.003467000089585781,0.00038927674177102745
239,0.01866699941456318,0.00038927243440411985
240,0.01866699941456318,0.0003891632368322462
241,0.03866700083017349,0.0003891591331921518
242,-0.011466999538242817,0.00038922339444980025
243,0.06373400241136551,0.0003893610555678606
244,-0.011466999538242817,0.00038932941970415413
245,0.07360100001096725,0.00038936836062930524
246,0.01866699941456318,0.00038928090361878276
247,0.07360100001096725,0.0003893697285093367
248,0.003467000089585781,0.0003894721157848835
249,0.07360100001096725,0.0003894406836479902
250,0.01360000018030405,0.0003891973465215415
251,0.04853399842977524,0.0003889915533363819
252,-0.011466999538242817,0.0003887448401656002
253,0.05866700038313866,0.0003884533070959151
254,-0.0013330000219866633,0.00038824352668598294
255,0.05360100045800209,0.00038796081207692623
256,-0.011466999538242817,0.0003879702999256551
257,0.043733999133110046,0.00038821776979602873
258,-0.011466999538242817,0.0003883691388182342
259,0.028534000739455223,0.0003885675687342882
260,-0.02160000056028366,0.0003885524347424507
261,0.03866700083017349,0.0003884223406203091
262,-0.006399999838322401,0.0003884680918417871
263,0.04853399842977524,0.00038841349305585027
264,-0.026399999856948853,0.0003887568600475788
265,0.01866699941456318,0.00038899690844118595
266,-0.016534000635147095,0.00038924464024603367
267,0.03866700083017349,0.0003895728732459247
268,-0.016534000635147095,0.0003898793365806341
269,0.01360000018030405,0.0003903120232280344
270,-0.011466999538242817,0.0003906007332261652
271,0.05360100045800209,0.00039076758548617363
272,-0.02160000056028366,0.0003909751249011606
273,0.003467000089585781,0.00039121200097724795
274,-0.006399999838322401,0.0003913380205631256
275,0.04853399842977524,0.00039144745096564293
276,-0.016534000635147095,0.00039167082286439836
277,-0.0013330000219866633,0.00039195845602080226
278,-0.05653399974107742,0.000392143614590168
279,0.028534000739455223,0.0003921169845853001
280,0.003467000089585781,0.00039220755570568144
281,0.003467000089585781,0.0003924309858120978
282,0.008533000014722347,0.00039266463136300445
283,0.04853399842977524,0.0003930438542738557
284,-0.006399999838322401,0.000393483554944396
285,0.03359999880194664,0.00039408248267136514
286,0.003467000089585781,0.0003946127253584564
287,0.04853399842977524,0.000395040784496814
288,-0.0013330000219866633,0.0003955774591304362
289,0.043733999133110046,0.0003960107860621065
290,0.02346700057387352,0.0003965688811149448
291,0.03866700083017349,0.0003972075355704874
292,-0.0013330000219866633,0.00039784907130524516
293,0.04853399842977524,0.00039849532186053693
294,-0.04160099849104881,0.000399155163904652
295,0.02346700057387352,0.000399641168769449
296,-0.02160000056028366,0.00040028447983786464
297,0.028534000739455223,0.0004006930976174772
298,0.01360000018030405,0.0004013032594230026
299,0.01360000018030405,0.0004020602791570127
300,-0.02160000056028366,0.0004029215779155493
301,0.03359999880194664,0.0004037917242385447
302,-0.016534000635147095,0.00040456451824866235
303,-0.0013330000219866633,0.0004053147858940065
304,-0.006399999838322401,0.0004060360952280462
305,0.02346700057387352,0.0004065289977006614
306,-0.026399999856948853,0.00040715938666835427
307,0.03866700083017349,0.0004075488541275263
308,-0.026399999856948853,0.00040819100104272366
309,0.05360100045800209,0.00040888466173782945
310,0.003467000089585781,0.00040947430534288287
311,0.03359999880194664,0.0004099779762327671
312,-0.02160000056028366,0.0004105998668819666
313,0.043733999133110046,0.0004111398011445999
314,0.02346700057387352,0.000411936838645488
315,0.02346700057387352,0.000412775669246912
316,-0.031466998159885406,0.000413569068768993
317,0.03866700083017349,0.0004144253907725215
318,-0.016534000635147095,0.0004152928595431149
319,0.05360100045800209,0.00041613337816670537
320,-0.03653400018811226,0.0004172803892288357
321,0.043733999133110046,0.00041819215402938426
322,0.003467000089585781,0.00041917484486475587
323,0.04853399842977524,0.00041999155655503273
324,0.01360000018030405,0.0004209396429359913
325,0.03359999880194664,0.00042203455814160407
326,-0.0013330000219866633,0.0004231169878039509
327,0.01360000018030405,0.0004241202841512859
328,0.01866699941456318,0.00042508175829425454
329,0.01360000018030405,0.0004259362758602947
330,-0.02160000056028366,0.0004269280470907688
331,0.02346700057387352,0.0004279813729226589
332,-0.026399999856948853,0.0004290485812816769
333,0.03866700083017349,0.00043019442819058895
334,0.008533000014722347,0.0004313361714594066
335,0.008533000014722347,0.0004323044267948717
336,-0.0013330000219866633,0.0004334525146987289
337,0.028534000739455223,0.0004344236513134092
338,-0.011466999538242817,0.00043549868860282004
339,0.05360100045800209,0.00043633050518110394
340,-0.03653400018811226,0.0004373829870019108
341,0.03866700083017349,0.00043829280184581876
342,-0.02160000056028366,0.00043919519521296024
343,0.03866700083017349,0.0004399914760142565
344,0.01360000018030405,0.0004406925872899592
345,0.06373400241136551,0.00044153613271191716
346,0.003467000089585781,0.00044266070472076535
347,0.04853399842977524,0.00044372346019372344
348,-0.0013330000219866633,0.0004448028339538723
349,0.04853399842977524,0.00044573534978553653
350,-0.02160000056028366,0.00044707502820529044
351,0.043733999133110046,0.0004483500961214304
352,0.02346700057387352,0.0004494772292673588
353,0.03359999880194664,0.000450584979262203
354,0.008533000014722347,0.0004517791676335037
355,0.043733999133110046,0.00045295851305127144
356,-0.0013330000219866633,0.0004542285460047424
357,0.008533000014722347,0.00045515410602092743
358,-0.011466999538242817,0.0004561598470900208
359,0.03866700083017349,0.0004570514429360628
360,0.01360000018030405,0.0004578612861223519
361,0.04853399842977524,0.0004586026188917458
362,0.003467000089585781,0.00045950739877298474
363,0.04853399842977524,0.00046029966324567795
364,0.008533000014722347,0.00046106131048873067
365,0.028534000739455223,0.0004618348611984402
366,-0.011466999538242817,0.0004627791349776089
367,0.02346700057387352,0.00046357317478396
368,-0.011466999538242817,0.00046439110883511603
369,0.07360100001096725,0.0004651059862226248
370,-0.0013330000219866633,0.0004657902754843235
371,0.04853399842977524,0.00046644191024824977
372,0.03359999880194664,0.00046720245154574513
373,0.03866700083017349,0.00046792818466201425
374,-0.026399999856948853,0.0004688352346420288
375,0.01360000018030405,0.00046956780715845525
376,-0.03653400018811226,0.0004702507867477834
377,0.01866699941456318,0.0004706752370111644
378,-0.011466999538242817,0.00047101941891014576
379,0.04853399842977524,0.00047134546912275255
380,0.003467000089585781,0.000471749430289492
381,0.03866700083017349,0.0004719671269413084
382,-0.0013330000219866633,0.00047231800272129476
383,0.028534000739455223,0.000472440937301144
384,0.01360000018030405,0.0004728115163743496
385,0.05360100045800209,0.0004731357912532985
386,-0.02160000056028366,0.0004733746754936874
387,0.028534000739455223,0.000473683699965477
388,-0.0013330000219866633,0.00047394883586093783
389,0.03359999880194664,0.0004740961012430489
390,-0.04666699841618538,0.0004745110054500401
391,0.01360000018030405,0.00047483519301749766
392,-0.011466999538242817,0.00047526368871331215
393,0.06373400241136551,0.00047571133472956717
394,-0.006399999838322401,0.0004763422184623778
395,0.008533000014722347,0.000476977089419961
396,0.008533000014722347,0.00047766725765541196
397,0.03866700083017349,0.0004782769246958196
398,-0.011466999538242817,0.0004791996907442808
399,0.05866700038313866,0.0004801151226274669
400,-0.011466999538242817,0.00048116440302692354
401,0.02346700057387352,0.00048203906044363976
402,-0.0013330000219866633,0.00048301974311470985
403,0.05360100045800209,0.00048422004329040647
404,-0.0013330000219866633,0.00048544895253144205
405,0.03866700083017349,0.00048673880519345403
406,-0.011466999538242817,0.0004881677159573883
407,0.03866700083017349,0.0004895899910479784
408,0.02346700057387352,0.0004910238785669208
409,0.05360100045800209,0.0004924784298054874
410,-0.0013330000219866633,0.000493878498673439
411,0.028534000739455223,0.0004951563896611333
412,-0.011466999538242817,0.0004964969120919704
413,0.05360100045800209,0.0004977690405212343
414,-0.0013330000219866633,0.0004991829628124833
415,0.04853399842977524,0.0005004922859370708
416,-0.0013330000219866633,0.0005016266368329525
417,0.043733999133110046,0.0005027435254305601
418,-0.02160000056028366,0.0005037650116719306
419,0.01866699941456318,0.0005045003490522504
420,-0.011466999538242817,0.0005052394699305296
421,0.01360000018030405,0.0005060302792117
422,0.02346700057387352,0.0005068447208032012
423,0.05866700038313866,0.0005076624220237136
424,-0.011466999538242817,0.000508387922309339
425,0.03866700083017349,0.0005092431092634797
426,0.003467000089585781,0.0005099578993394971
427,0.04853399842977524,0.000510771234985441
428,0.003467000089585781,0.0005115679232403636
429,0.028534000739455223,0.000512557162437588
430,-0.011466999538242817,0.000513622653670609
431,0.028534000739455223,0.000514522660523653
432,0.01360000018030405,0.0005152685334905982
433,0.05360100045800209,0.0005160081200301647
434,0.008533000014722347,0.000516700791195035
435,0.03359999880194664,0.0005173903191462159
436,-0.011466999538242817,0.0005181790329515934
437,0.05360100045800209,0.0005187271162867546
438,-0.0013330000219866633,0.0005194601253606379
439,0.028534000739455223,0.0005201270105317235
440,0.01360000018030405,0.0005209047812968493
441,0.06373400241136551,0.0005217700963839889
442,0.003467000089585781,0.000522468937560916
443,0.003467000089585781,0.0005231746472418308
444,0.028534000739455223,0.0005237418226897717
445,0.04853399842977524,0.0005243461346253753
446,0.008533000014722347,0.0005249906098470092
447,0.0685340017080307,0.0005258288001641631
448,-0.011466999538242817,0.0005266873631626368
449,0.028534000739455223,0.0005273814313113689
450,0.03359999880194664,0.0005281700869090855
451,0.03866700083017349,0.0005291754496283829
452,0.003467000089585781,0.0005302625359036028
453,0.02346700057387352,0.0005314055015332997
454,0.02346700057387352,0.0005323523655533791
455,0.04853399842977524,0.0005331992288120091
456,0.028534000739455223,0.0005340237403288484
457,0.05360100045800209,0.0005348462145775557
458,0.01866699941456318,0.0005355546018108726
459,0.05360100045800209,0.0005362931406125426
460,-0.006399999838322401,0.0005370310973376036
461,0.043733999133110046,0.000537835992872715
462,-0.02160000056028366,0.000538803986273706
463,0.04853399842977524,0.0005395626649260521
464,0.008533000014722347,0.0005402214592322707
465,0.05360100045800209,0.0005408988799899817
466,-0.011466999538242817,0.0005417427746579051
467,0.05866700038313866,0.0005424959817901254
468,-0.0013330000219866633,0.0005433124024420977
469,0.03866700083017349,0.000544169859495014
470,-0.011466999538242817,0.0005449876189231873
471,0.04853399842977524,0.0005458093946799636
472,0.02346700057387352,0.0005465098656713963
473,0.07360100001096725,0.0005474357167258859
474,-0.006399999838322401,0.0005483686691150069
475,0.03866700083017349,0.0005492294440045953
476,0.008533000014722347,0.0005500616389326751
477,0.05360100045800209,0.0005511801573447883
478,-0.026399999856948853,0.0005522019928321242
479,0.05360100045800209,0.0005531396018341184
480,0.01360000018030405,0.0005538944969885051
481,0.028534000739455223,0.0005548670305870473
482,0.003467000089585781,0.0005555542884394526
483,0.03359999880194664,0.0005562372971326113
484,0.028534000739455223,0.0005569341592490673
485,0.028534000739455223,0.0005578379496000707
486,-0.011466999538242817,0.0005586198531091213
487,0.03866700083017349,0.0005593320238403976
488,0.008533000014722347,0.0005599935539066792
489,0.03359999880194664,0.0005606499034911394
490,0.01866699941456318,0.0005612694658339024
491,0.043733999133110046,0.0005619358271360397
492,-0.0013330000219866633,0.0005626922938972712
493,0.05360100045800209,0.0005634617991745472
494,0.008533000014722347,0.0005642874748446047
495,0.043733999133110046,0.000565097841899842
496,-0.02160000056028366,0.0005660195602104068
497,0.01360000018030405,0.0005667281802743673
498,-0.026399999856948853,0.0005674479762092233
499,0.043733999133110046,0.0005679822061210871
500,0.003467000089585781,0.000568614574149251
501,0.03866700083017349,0.0005693182465620339
502,-0.031466998159885406,0.0005699419416487217
503,0.01360000018030405,0.0005702292546629906
504,0.008533000014722347,0.0005705042276531458
505,0.01360000018030405,0.0005709629040211439
506,0.01360000018030405,0.0005715024890378118
507,-0.0013330000219866633,0.0005720056360587478
508,-0.02160000056028366,0.0005726064555346966
509,0.06373400241136551,0.0005732219433411956
510,-0.0013330000219866633,0.0005738356849178672
511,0.06373400241136551,0.0005745758535340428
512,-0.04666699841618538,0.0005751156713813543
513,0.01360000018030405,0.0005751249846071005
514,-0.0013330000219866633,0.0005752735305577517
515,0.03359999880194664,0.0005752595607191324
516,-0.011466999538242817,0.0005755535094067454
517,0.008533000014722347,0.0005758749321103096
518,-0.02160000056028366,0.0005763310473412275
519,0.0685340017080307,0.00057658099103719
520,0.01866699941456318,0.0005766620743088424
521,0.04853399842977524,0.000576650258153677
522,-0.011466999538242817,0.0005767076509073377
523,0.028534000739455223,0.0005765512469224632
524,-0.0013330000219866633,0.0005765666719526052
525,0.043733999133110046,0.000576438382267952
526,0.01866699941456318,0.0005765390233136714
527,0.06373400241136551,0.0005766142276115716
528,-0.0013330000219866633,0.0005767153343185782
529,0.03866700083017349,0.0005766483955085278
530,0.028534000739455223,0.0005766040412709117
531,0.02346700057387352,0.000576481397729367
532,-0.0013330000219866633,0.0005763170775026083
533,0.06373400241136551,0.0005761947832070291
534,-0.006399999838322401,0.0005761769134551287
535,0.043733999133110046,0.000576295075006783
536,-0.02160000056028366,0.0005767421680502594
537,0.08880099654197693,0.0005772895528934896
538,0.01360000018030405,0.000577437924221158
539,0.05866700038313866,0.0005775521276518703
540,0.003467000089585781,0.0005775721510872245
541,0.01866699941456318,0.0005774974124506116
542,-0.02160000056028366,0.0005776723846793175
543,0.07360100001096725,0.0005776985199190676
544,0.01866699941456318,0.0005778409540653229
545,0.03866700083017349,0.0005779985222034156
546,-0.011466999538242817,0.0005781982326880097
547,0.028534000739455223,0.000578066217713058
548,0.028534000739455223,0.0005779638886451721
549,0.03359999880194664,0.0005778552149422467
550,0.01360000018030405,0.0005776808247901499
551,0.05360100045800209,0.0005774376913905144
552,0.01360000018030405,0.0005773259326815605
553,0.06373400241136551,0.0005771919386461377
554,-0.016534000635147095,0.0005772634176537395
555,0.07360100001096725,0.0005769718554802239
556,-0.0013330000219866633,0.0005767768016085029
557,0.05866700038313866,0.0005763877416029572
558,-0.02160000056028366,0.0005762601504102349
559,0.03866700083017349,0.0005760353524237871
560,-0.0013330000219866633,0.0005759649793617427
561,0.04853399842977524,0.000576095306314528
562,0.028534000739455223,0.0005762273794971406
563,0.03866700083017349,0.0005765114328823984
564,-0.006399999838322401,0.0005766794201917946
565,0.028534000739455223,0.0005766737158410251
566,0.008533000014722347,0.0005766976391896605
567,0.04853399842977524,0.0005765417590737343
568,-0.026399999856948853,0.0005765996174886823
569,0.04853399842977524,0.0005766719114035368
570,0.01360000018030405,0.0005765219102613628
571,0.03866700083017349,0.0005763563676737249
572,-0.02160000056028366,0.0005762773798778653
573,0.0685340017080307,0.0005764185334555805
574,0.043733999133110046,0.0005765383248217404
575,0.03866700083017349,0.0005765818059444427
576,-0.02160000056028366,0.0005764680681750178
577,0.03866700083017349,0.0005763309309259057
578,0.008533000014722347,0.000576369755435735
579,0.03359999880194664,0.0005763558438047767
580,-0.03653400018811226,0.0005763654480688274
581,0.02346700057387352,0.0005761451902799308
582,-0.026399999856948853,0.0005759081686846912
583,0.028534000739455223,0.0005756208556704223
584,0.01866699941456318,0.0005754641606472433
585,0.03359999880194664,0.0005753776058554649
586,0.02346700057387352,0.0005752485012635589
587,0.06373400241136551,0.0005751241114921868
588,0.003467000089585781,0.0005751242861151695
589,0.03866700083017349,0.0005748826079070568
590,0.01360000018030405,0.0005747760878875852
591,0.003467000089585781,0.0005747305112890899
592,0.008533000014722347,0.0005745312664657831
593,0.03866700083017349,0.0005744207883253694
594,-0.011466999538242817,0.0005741948261857033
595,0.01360000018030405,0.0005742063513025641
596,-0.031466998159885406,0.0005741637432947755
597,0.028534000739455223,0.0005742856301367283
598,-0.006399999838322401,0.0005744419759139419
599,0.028534000739455223,0.0005745322559960186
600,-0.02160000056028366,0.0005748716648668051
601,0.03866700083017349,0.0005750771379098296
602,-0.006399999838322401,0.0005751376738771796
603,0.03866700083017349,0.0005754295852966607
604,0.01360000018030405,0.0005759343621321023
605,0.04853399842977524,0.000576249323785305
606,-0.0013330000219866633,0.0005765189416706562
607,0.043733999133110046,0.0005767802940681577
608,0.01360000018030405,0.0005773416487500072
609,0.04853399842977524,0.0005776913603767753
610,0.01360000018030405,0.0005778690683655441
611,0.003467000089585781,0.0005778621998615563
612,-0.04160099849104881,0.0005777350161224604
613,0.02346700057387352,0.0005777508486062288
614,-0.026399999856948853,0.0005777385085821152
615,0.003467000089585781,0.0005776329198852181
616,0.028534000739455223,0.0005776889738626778
617,0.028534000739455223,0.0005775066092610359
618,0.028534000739455223,0.0005771283176727593
619,-0.0013330000219866633,0.0005767940892837942
620,-0.06666799634695053,0.0005765736568719149
621,0.028534000739455223,0.0005761111970059574
622,-0.016534000635147095,0.0005756991449743509
623,-0.0013330000219866633,0.000575190526433289
624,-0.016534000635147095,0.0005747944815084338
625,0.02346700057387352,0.0005742924986407161
626,-0.016534000635147095,0.0005740983178839087
627,0.043733999133110046,0.0005737324827350676
628,0.003467000089585781,0.0005733746220357716
629,0.028534000739455223,0.0005729016847908497
630,0.003467000089585781,0.0005724676884710789
631,0.06373400241136551,0.0005719945183955133
632,0.01866699941456318,0.0005717072635889053
633,0.003467000089585781,0.0005714311264455318
634,-0.016534000635147095,0.0005713306600227952
635,-0.016534000635147095,0.0005709396791644394
636,-0.0013330000219866633,0.0005706905503757298
637,0.05360100045800209,0.0005706221563741565
638,0.008533000014722347,0.0005703059723600745
639,0.05866700038313866,0.0005701376358047128
640,-0.0013330000219866633,0.000569893978536129
641,0.03866700083017349,0.0005696678417734802
642,-0.026399999856948853,0.000569502473808825
643,0.01360000018030405,0.0005692695267498493
644,-0.0013330000219866633,0.0005690486286766827
645,0.04853399842977524,0.0005688953679054976
646,-0.006399999838322401,0.0005686507793143392
647,0.02346700057387352,0.0005683628260158002
648,-0.02160000056028366,0.000568035407923162
649,0.003467000089585781,0.0005676316795870662
650,-0.011466999538242817,0.000567270559258759
651,0.01360000018030405,0.0005668950616382062
652,-0.006399999838322401,0.0005666615325026214
653,-0.011466999538242817,0.0005663085030391812
654,-0.0013330000219866633,0.0005660179303959012
655,0.01866699941456318,0.0005656478460878134
656,-0.026399999856948853,0.0005650659441016614
657,-0.0013330000219866633,0.0005645921919494867
658,-0.016534000635147095,0.0005640812451019883
659,0.01360000018030405,0.0005634331610053778
660,-0.006399999838322401,0.0005630149971693754
661,0.02346700057387352,0.0005624723853543401
662,-0.016534000635147095,0.0005617578281089664
663,0.01866699941456318,0.0005609159707091749
664,-0.006399999838322401,0.000560229120310396
665,0.03866700083017349,0.0005594572285190225
666,0.003467000089585781,0.0005587924970313907
667,0.03866700083017349,0.0005580908618867397
668,0.003467000089585781,0.0005574915558099747
669,0.05360100045800209,0.0005568055203184485
670,-0.02160000056028366,0.0005561187863349915
671,0.02346700057387352,0.0005552874645218253
672,-0.011466999538242817,0.0005546156316995621
673,0.04853399842977524,0.0005539268022403121
674,0.003467000089585781,0.0005533375078812242
675,0.05360100045800209,0.0005529014160856605
676,-0.016534000635147095,0.0005523388972505927
677,0.05360100045800209,0.0005516905221156776
678,-0.02160000056028366,0.0005511055933311582
679,0.05360100045800209,0.0005505366716533899
680,0.01866699941456318,0.0005500689148902893
681,0.04853399842977524,0.0005495362565852702
682,-0.0013330000219866633,0.0005492371274158359
683,0.06373400241136551,0.0005488393362611532
684,-0.02160000056028366,0.0005484661087393761
685,0.02346700057387352,0.0005478906095959246
686,-0.0013330000219866633,0.0005473103956319392
687,0.043733999133110046,0.0005466610891744494
688,0.01866699941456318,0.000546236289665103
689,0.01360000018030405,0.0005458499072119594
690,-0.006399999838322401,0.0005455287173390388
691,0.043733999133110046,0.0005449817981570959
692,0.008533000014722347,0.000544488022569567
693,0.04853399842977524,0.0005440949462354183
694,0.008533000014722347,0.0005436069914139807
695,0.07360100001096725,0.0005431762547232211
696,0.028534000739455223,0.0005425881827250123
697,0.03866700083017349,0.0005419579101726413
698,-0.011466999538242817,0.0005415427731350064
699,0.05360100045800209,0.0005410878220573068
700,-0.016534000635147095,0.0005409568548202515
701,0.003467000089585781,0.0005407120333984494
702,-0.011466999538242817,0.0005405353149399161
703,0.028534000739455223,0.0005401078960858285
704,0.01866699941456318,0.0005395633634179831
705,0.04853399842977524,0.0005389853613451123
706,-0.011466999538242817,0.0005382894305512309
707,0.03866700083017349,0.0005375753971748054
708,0.008533000014722347,0.0005368103738874197
709,0.05360100045800209,0.0005360778304748237
710,-0.0013330000219866633,0.0005355476168915629
711,0.02346700057387352,0.0005349018611013889
712,0.003467000089585781,0.0005343653028830886
713,0.01360000018030405,0.0005337106995284557
714,0.003467000089585781,0.0005331324646249413
715,0.03866700083017349,0.0005324061494320631
716,-0.0013330000219866633,0.0005318126641213894
717,0.008533000014722347,0.0005311782006174326
718,-0.011466999538242817,0.0005304792430251837
719,0.02346700057387352,0.0005299783078953624
720,-0.02160000056028366,0.0005295035080052912
721,0.03866700083017349,0.0005290009430609643
722,0.01360000018030405,0.0005285711376927793
723,0.028534000739455223,0.0005281599587760866
724,-0.016534000635147095,0.0005276815500110388
725,0.043733999133110046,0.0005272583803161979
726,0.01360000018030405,0.0005268697859719396
727,0.02346700057387352,0.0005264243809506297
728,-0.0013330000219866633,0.0005260920152068138
729,0.02346700057387352,0.000525604235008359
730,0.003467000089585781,0.0005248814122751355
731,0.03866700083017349,0.0005242298357188702
732,0.01866699941456318,0.0005236004362814128
733,0.06373400241136551,0.0005227244691923261
734,-0.02160000056028366,0.0005219482118263841
735,0.03866700083017349,0.0005210679955780506
736,-0.016534000635147095,0.0005201840540394187
737,0.05360100045800209,0.0005193316610530019
738,-0.0013330000219866633,0.0005188836366869509
739,0.01360000018030405,0.0005182973691262305
740,-0.011466999538242817,0.0005178534775041044
741,0.028534000739455223,0.0005171676748432219
742,-0.006399999838322401,0.0005164826288819313
743,0.03866700083017349,0.0005158368148840964
744,0.01360000018030405,0.0005152716767042875
745,0.05360100045800209,0.0005147829651832581
746,-0.011466999538242817,0.0005143503658473492
747,0.01866699941456318,0.0005138323758728802
748,-0.011466999538242817,0.0005132761434651911
749,0.01360000018030405,0.0005125961033627391
750,-0.016534000635147095,0.0005119420820847154
751,0.043733999133110046,0.0005113539518788457
752,-0.011466999538242817,0.0005107885226607323
753,0.01360000018030405,0.0005103215808048844
754,-0.0013330000219866633,0.0005098098190501332
755,0.05360100045800209,0.000509451434481889
756,-0.04666699841618538,0.0005089598707854748
757,0.043733999133110046,0.0005084155709482729
758,0.003467000089585781,0.0005081357667222619
759,0.003467000089585781,0.0005079595721326768
760,-0.016534000635147095,0.0005077872192487121
761,0.0685340017080307,0.0005075903027318418
762,-0.0013330000219866633,0.0005076151574030519
763,0.028534000739455223,0.0005076027591712773
764,-0.006399999838322401,0.0005076037487015128
765,0.028534000739455223,0.000507547112647444
766,-0.011466999538242817,0.0005074802902527153
767,0.03866700083017349,0.000507413933519274
768,0.01360000018030405,0.0005073067732155323
769,0.06373400241136551,0.0005074774962849915
770,-0.0013330000219866633,0.0005078043905086815
771,-0.0013330000219866633,0.000508129654917866
772,0.003467000089585781,0.0005083683645352721
773,0.01360000018030405,0.000508553464896977
774,0.01360000018030405,0.0005085996817797422
775,0.028534000739455223,0.0005087396712042391
776,0.01360000018030405,0.0005089027108624578
777,0.04853399842977524,0.0005091351922601461
778,0.01360000018030405,0.000509259756654501
779,0.05360100045800209,0.0005093751242384315
780,-0.006399999838322401,0.0005094842053949833
781,0.01866699941456318,0.0005097573157399893
782,-0.02160000056028366,0.0005099588306620717
783,0.043733999133110046,0.0005101639544591308
784,-0.011466999538242817,0.0005102676805108786
785,0.05360100045800209,0.0005105521995574236
786,-0.006399999838322401,0.0005108321784064174
787,0.05360100045800209,0.0005111574428156018
788,-0.006399999838322401,0.0005114793893881142
789,0.03866700083017349,0.0005118788685649633
790,0.003467000089585781,0.0005123601295053959
791,0.01360000018030405,0.0005127370823174715
792,-0.011466999538242817,0.0005129395867697895
793,0.06373400241136551,0.0005129658384248614
794,-0.016534000635147095,0.0005134811508469284
795,0.03359999880194664,0.0005139115382917225
796,-0.0013330000219866633,0.0005144255119375885
797,0.043733999133110046,0.0005148731870576739
798,0.02346700057387352,0.0005152109079062939
799,0.02346700057387352,0.0005157170817255974
800,-0.0013330000219866633,0.0005162015440873802
801,0.008533000014722347,0.0005168684292584658
802,0.003467000089585781,0.0005175163969397545
803,-0.02160000056028366,0.0005182244931347668
804,-0.0013330000219866633,0.0005189983639866114
805,0.07360100001096725,0.0005198608851060271
806,-0.03653400018811226,0.0005205298657529056
807,0.03359999880194664,0.0005210802773945034
808,-0.026399999856948853,0.0005215317942202091
809,0.03359999880194664,0.0005218654405325651
810,-0.0013330000219866633,0.0005221546743996441
811,0.01360000018030405,0.0005225795321166515
812,0.003467000089585781,0.0005230506067164242
813,0.03359999880194664,0.0005236073629930615
814,-0.02160000056028366,0.0005241960752755404
815,0.05866700038313866,0.0005247254739515483
816,-0.07146800309419632,0.0005252083647064865
817,0.02346700057387352,0.0005249548703432083
818,-0.031466998159885406,0.0005246544606052339
819,0.028534000739455223,0.0005243867635726929
820,0.003467000089585781,0.0005242183106020093
821,0.028534000739455223,0.0005242492188699543
822,-0.02160000056028366,0.0005244062631390989
823,0.03866700083017349,0.0005250980029813945
824,-0.02160000056028366,0.0005254931165836751
825,-0.0013330000219866633,0.0005253955605439842
826,0.01866699941456318,0.0005258138990029693
827,0.06373400241136551,0.0005264608189463615
828,-0.05653399974107742,0.0005270461551845074
829,0.01360000018030405,0.0005270867259241641
830,-0.05146700143814087,0.0005271903937682509
831,0.01866699941456318,0.0005269241519272327
832,-0.016534000635147095,0.0005267555825412273
833,0.04853399842977524,0.0005268118111416698
834,0.01360000018030405,0.0005267880624160171
835,0.02346700057387352,0.0005269694956950843
836,-0.02160000056028366,0.0005270937108434737
837,0.01360000018030405,0.000527451338712126
838,0.003467000089585781,0.0005277545424178243
839,0.07360100001096725,0.0005282559432089329
840,-0.026399999856948853,0.0005286565283313394
841,0.04853399842977524,0.0005286701489239931
842,0.02346700057387352,0.000528751581441611
843,0.03359999880194664,0.000528868637047708
844,-0.0013330000219866633,0.000528921140357852
845,0.003467000089585781,0.0005291555426083505
846,-0.0013330000219866633,0.0005293346475809813
847,0.03359999880194664,0.0005295871524140239
848,0.01360000018030405,0.0005299861077219248
849,0.01866699941456318,0.0005305295344442129
850,0.008533000014722347,0.0005310004344210029
851,0.0685340017080307,0.0005315422895364463
852,0.01866699941456318,0.0005317925242707133
853,0.01360000018030405,0.0005319488700479269
854,-0.011466999538242817,0.0005321921780705452
855,0.043733999133110046,0.000532457313966006
856,-0.04666699841618538,0.0005326202372089028
857,0.03866700083017349,0.0005325184902176261
858,0.01360000018030405,0.0005325119127519429
859,0.04853399842977524,0.0005322089418768883
860,-0.02160000056028366,0.0005318520125001669
861,0.01360000018030405,0.0005315521848388016
862,-0.0013330000219866633,0.0005311096319928765
863,0.028534000739455223,0.0005307190585881472
864,-0.016534000635147095,0.0005301713827066123
865,0.02346700057387352,0.0005299681215547025
866,-0.011466999538242817,0.0005298384930938482
867,0.03866700083017349,0.0005299741751514375
868,-0.011466999538242817,0.0005300625343807042
869,0.03359999880194664,0.0005302320350892842
870,-0.026399999856948853,0.0005304072401486337
871,0.03866700083017349,0.0005306544480845332
872,-0.02160000056028366,0.0005309160333126783
873,0.01360000018030405,0.0005313224392011762
874,-0.016534000635147095,0.0005319343181326985
875,0.01360000018030405,0.000532369245775044
876,0.003467000089585781,0.0005324857775121927
877,0.02346700057387352,0.000533050624653697
878,-0.026399999856948853,0.0005335562163963914
879,0.008533000014722347,0.00053434754954651
880,-0.0013330000219866633,0.0005350967985577881
881,0.05866700038313866,0.000535965315066278
882,0.03866700083017349,0.0005363668315112591
883,0.06373400241136551,0.000536952749826014
884,0.003467000089585781,0.0005374615429900587
885,0.04853399842977524,0.0005379496142268181
886,-0.02160000056028366,0.0005382941453717649
887,0.06373400241136551,0.000538769003469497
888,0.01360000018030405,0.00053896673489362
889,0.028534000739455223,0.0005391594022512436
890,0.003467000089585781,0.0005393697647377849
891,0.028534000739455223,0.0005397225031629205
892,-0.02160000056028366,0.0005400018999353051
893,0.01360000018030405,0.0005402397364377975
894,-0.006399999838322401,0.0005406726850196719
895,0.01866699941456318,0.0005411198362708092
896,-0.0013330000219866633,0.0005415989435277879
897,0.043733999133110046,0.0005420279921963811
898,0.003467000089585781,0.000542482070159167
899,0.03359999880194664,0.0005428805015981197
900,0.003467000089585781,0.0005433309706859291
901,0.02346700057387352,0.000543805886991322
902,-0.02160000056028366,0.0005443637492135167
903,0.02346700057387352,0.0005451204488053918
904,-0.006399999838322401,0.0005459304666146636
905,0.03866700083017349,0.0005465868161991239
906,0.008533000014722347,0.000547070405445993
907,0.03359999880194664,0.000547693227417767
908,-0.016534000635147095,0.0005482701817527413
909,0.003467000089585781,0.0005488933529704809
910,-0.006399999838322401,0.0005493795033544302
911,0.01360000018030405,0.000549735501408577
912,-0.04160099849104881,0.0005501615814864635
913,0.01360000018030405,0.0005504277069121599
914,-0.016534000635147095,0.0005507465684786439
915,0.04853399842977524,0.0005510589689947665
916,0.003467000089585781,0.0005514553049579263
917,0.05360100045800209,0.0005518579273484647
918,-0.02160000056028366,0.0005522439605556428
919,0.05360100045800209,0.0005526332533918321
920,-0.006399999838322401,0.0005531168426387012
921,0.028534000739455223,0.0005537831457331777
922,-0.02160000056028366,0.0005543018924072385
923,0.04853399842977524,0.0005550708156079054
924,0.01360000018030405,0.0005556086543947458
925,0.03866700083017349,0.0005562572041526437
926,-0.011466999538242817,0.0005566648906096816
927,0.03359999880194664,0.0005572863155975938
928,0.02346700057387352,0.0005579224089160562
929,0.03866700083017349,0.0005585850449278951
930,-0.04666699841618538,0.0005593510577455163
931,0.03866700083017349,0.0005603833124041557
932,0.02346700057387352,0.0005613591056317091
933,0.04853399842977524,0.000562302942853421
934,-0.0013330000219866633,0.000563250738196075
935,0.01360000018030405,0.0005646853242069483
936,0.008533000014722347,0.0005660142633132637
937,0.03866700083017349,0.0005673283012583852
938,-0.011466999538242817,0.0005682848277501762
939,0.05360100045800209,0.0005694341380149126
940,0.01360000018030405,0.0005707995733246207
941,0.028534000739455223,0.0005722569185309112
942,0.003467000089585781,0.0005737626343034208
943,0.03866700083017349,0.0005751891294494271
944,0.003467000089585781,0.0005765712703578174
945,0.028534000739455223,0.0005779636558145285
946,-0.016534000635147095,0.000579452607780695
947,0.01866699941456318,0.0005813268944621086
948,0.003467000089585781,0.0005828219000250101
949,0.05360100045800209,0.0005843831459060311
950,-0.02160000056028366,0.0005859266384504735
951,0.03866700083017349,0.0005879297386854887
952,0.01360000018030405,0.0005900295218452811
953,0.028534000739455223,0.0005920406547375023
954,-0.006399999838322401,0.0005939096445217729
955,0.043733999133110046,0.0005957349203526974
956,0.003467000089585781,0.0005971810896880925
957,0.03359999880194664,0.0005987528711557388
958,0.01360000018030405,0.0006000873981975019
959,-0.016534000635147095,0.0006014489335939288
960,0.003467000089585781,0.0006027787458151579
961,-0.0013330000219866633,0.0006041071028448641
962,-0.011466999538242817,0.000605421606451273
963,0.003467000089585781,0.0006067632930353284
964,-0.02160000056028366,0.0006081180181354284
965,0.03359999880194664,0.0006097339210100472
966,-0.006399999838322401,0.0006109984242357314
967,0.03359999880194664,0.0006124359788373113
968,-0.02160000056028366,0.0006138333701528609
969,0.02346700057387352,0.0006153847789391875
970,-0.02160000056028366,0.0006167484680190682
971,0.01866699941456318,0.0006183532532304525
972,0.003467000089585781,0.0006195883615873754
973,0.05866700038313866,0.0006208693375810981
974,-0.04666699841618538,0.0006220230716280639
975,0.043733999133110046,0.0006233328022062778
976,0.003467000089585781,0.0006244428222998977
977,0.01360000018030405,0.0006254722829908133
978,0.003467000089585781,0.0006263632094487548
979,0.028534000739455223,0.00062737608095631
980,-0.0013330000219866633,0.0006283131660893559
981,0.01360000018030405,0.0006292497273534536
982,0.003467000089585781,0.0006300309323705733
983,0.03866700083017349,0.0006308405427262187
984,-0.0013330000219866633,0.0006315145874395967
985,0.03866700083017349,0.000632245559245348
986,0.003467000089585781,0.0006330421892926097
987,0.003467000089585781,0.0006337440572679043
988,-0.011466999538242817,0.0006344033754430711
989,0.028534000739455223,0.0006352936616167426
990,-0.006399999838322401,0.0006361171253956854
991,0.043733999133110046,0.0006369807524606586
992,-0.011466999538242817,0.0006379261612892151
993,0.043733999133110046,0.0006388775655068457
994,-0.016534000635147095,0.0006396239623427391
995,0.028534000739455223,0.0006406115717254579
996,-0.0013330000219866633,0.0006414919625967741
997,0.03866700083017349,0.0006425727042369545
998,0.02346700057387352,0.0006435354589484632
999,0.028534000739455223,0.0006445302860811353
1000,0.003467000089585781,0.0006451825611293316
1001,0.043733999133110046,0.0006458531133830547
1002,-0.02160000056028366,0.0006464066682383418
1003,0.03866700083017349,0.0006470961961895227
1004,-0.026399999856948853,0.00064774852944538
1005,0.02346700057387352,0.0006485047633759677
1006,-0.011466999538242817,0.0006491421954706311
1007,0.003467000089585781,0.0006496860296465456
1008,-0.03653400018811226,0.000650207104627043
1009,0.008533000014722347,0.0006508930237032473
1010,-0.03653400018811226,0.0006515206187032163
1011,0.03866700083017349,0.0006522064213640988
1012,-0.04666699841618538,0.0006532112020067871
1013,0.02346700057387352,0.0006543079507537186
1014,-0.0013330000219866633,0.0006553714047186077
1015,0.05866700038313866,0.0006567007512785494
1016,-0.02160000056028366,0.0006577828316949308
1017,0.05360100045800209,0.0006588149117305875
1018,-0.026399999856948853,0.0006595330196432769
1019,0.02346700057387352,0.0006604226073250175
1020,-0.0013330000219866633,0.0006611132412217557
1021,0.01866699941456318,0.0006619672058150172
1022,-0.0013330000219866633,0.0006627204129472375
1023,0.003467000089585781,0.0006633465527556837
1024,-0.011466999538242817,0.0006639596540480852
1025,0.02346700057387352,0.0006643804954364896
1026,0.008533000014722347,0.0006645245011895895
1027,0.06373400241136551,0.0006647285772487521
1028,-0.0013330000219866633,0.0006648857379332185
1029,0.003467000089585781,0.0006650951690971851
1030,0.01866699941456318,0.0006653729360550642
1031,0.03866700083017349,0.000665616593323648
1032,0.01360000018030405,0.0006657167105004191
1033,0.04853399842977524,0.0006656236946582794
1034,-0.011466999538242817,0.0006655879551544785
1035,-0.0013330000219866633,0.0006655600154772401
1036,-0.016534000635147095,0.00066551094641909
1037,0.01360000018030405,0.0006654417375102639
1038,-0.0013330000219866633,0.0006654020398855209
1039,0.028534000739455223,0.0006653191521763802
1040,-0.011466999538242817,0.0006652986630797386
1041,0.01866699941456318,0.0006651700241491199
1042,-0.02160000056028366,0.0006651855073869228
1043,0.028534000739455223,0.0006651203148066998
1044,0.008533000014722347,0.0006650082068517804
1045,0.05360100045800209,0.0006649121060036123
1046,-0.011466999538242817,0.000664538936689496
1047,0.043733999133110046,0.0006642808439210057
1048,-0.02160000056028366,0.0006640689680352807
1049,0.028534000739455223,0.0006639267085120082
1050,-0.02160000056028366,0.0006638194317929447
1051,0.028534000739455223,0.0006638157647103071
1052,-0.016534000635147095,0.0006637234473600984
1053,0.028534000739455223,0.0006637816550210118
1054,-0.006399999838322401,0.0006637563928961754
1055,0.01866699941456318,0.0006637569749727845
1056,-0.04160099849104881,0.0006636800244450569
1057,0.05360100045800209,0.0006637144251726568
1058,-0.026399999856948853,0.0006635468453168869
1059,-0.0013330000219866633,0.0006634966121055186
1060,-0.02160000056028366,0.0006634323508478701
1061,0.003467000089585781,0.0006632203003391623
1062,0.003467000089585781,0.0006631567957811058
1063,0.003467000089585781,0.0006631503347307444
1064,-0.03653400018811226,0.0006631675059907138
1065,0.02346700057387352,0.0006633649463765323
1066,0.01360000018030405,0.0006634838646277785
1067,0.008533000014722347,0.0006637140177190304
1068,-0.0013330000219866633,0.0006637970800511539
1069,0.05360100045800209,0.0006638892809860408
1070,-0.0013330000219866633,0.0006639339844696224
1071,0.04853399842977524,0.0006640729261562228
1072,-0.011466999538242817,0.0006642746739089489
1073,0.043733999133110046,0.0006652543088421226
1074,-0.03653400018811226,0.0006664636312052608
1075,0.01866699941456318,0.0006677400670014322
1076,-0.03653400018811226,0.0006686821579933167
1077,-0.006399999838322401,0.0006694274488836527
1078,-0.05146700143814087,0.0006701233796775341
1079,0.02346700057387352,0.0006706586573272943
1080,0.02346700057387352,0.0006713523762300611
1081,0.05360100045800209,0.0006722754333168268
1082,0.003467000089585781,0.0006729557644575834
1083,0.03866700083017349,0.0006735047209076583
1084,-0.0013330000219866633,0.0006740583339706063
1085,0.04853399842977524,0.0006749738240614533
1086,-0.011466999538242817,0.0006759101524949074
1087,0.01866699941456318,0.0006770706968382001
1088,-0.03653400018811226,0.0006782148266211152
1089,-0.02160000056028366,0.0006791980704292655
1090,-0.02160000056028366,0.0006800516857765615
1091,-0.0013330000219866633,0.0006805668817833066
1092,-0.05146700143814087,0.00068116863258183
1093,0.03866700083017349,0.0006816855748184025
1094,-0.016534000635147095,0.0006825595628470182
1095,0.03866700083017349,0.0006832069484516978
1096,0.02346700057387352,0.0006838534027338028
1097,0.04853399842977524,0.0006845442112535238
1098,-0.03653400018811226,0.0006852326914668083
1099,0.043733999133110046,0.0006856715772300959
1100,-0.026399999856948853,0.0006861660513095558
1101,0.02346700057387352,0.0006865723407827318
1102,-0.04666699841618538,0.0006870000506751239
1103,0.01866699941456318,0.0006875138496980071
1104,-0.04160099849104881,0.0006878594867885113
1105,-0.0013330000219866633,0.0006879902211949229
1106,-0.02160000056028366,0.0006882652523927391
1107,0.01360000018030405,0.0006882515735924244
1108,-0.016534000635147095,0.0006885889451950788
1109,0.008533000014722347,0.0006888776551932096
1110,-0.0013330000219866633,0.0006891883676871657
1111,0.03866700083017349,0.0006893625250086188
1112,-0.0013330000219866633,0.0006896385457366705
1113,0.06373400241136551,0.0006900703301653266
1114,-0.02160000056028366,0.0006904348847456276
1115,0.028534000739455223,0.0006908191135153174
1116,-0.0013330000219866633,0.0006911748787388206
1117,-0.0013330000219866633,0.0006916148122400045
1118,-0.006399999838322401,0.0006921809399500489
1119,0.01360000018030405,0.0006925966590642929
1120,-0.03653400018811226,0.0006930044037289917
1121,-0.0013330000219866633,0.0006932048709131777
1122,-0.011466999538242817,0.0006935531855560839
1123,0.01360000018030405,0.000693753594532609
1124,-0.0013330000219866633,0.0006941178580746055
1125,0.03359999880194664,0.00069438386708498
1126,-0.011466999538242817,0.0006946021458134055
1127,0.043733999133110046,0.0006950875394977629
1128,-0.05653399974107742,0.0006956671131774783
1129,0.0685340017080307,0.000696072936989367
1130,-0.031466998159885406,0.0006963609484955668
1131,0.003467000089585781,0.0006967256776988506
1132,-0.026399999856948853,0.0006973326671868563
1133,0.01360000018030405,0.000697679293807596
1134,-0.03653400018811226,0.0006978302844800055
1135,0.008533000014722347,0.0006980407051742077
1136,0.028534000739455223,0.0006982470513321459
1137,0.04853399842977524,0.0006982415798120201
1138,-0.006399999838322401,0.0006986113730818033
1139,0.028534000739455223,0.0006989266257733107
1140,0.028534000739455223,0.0006992258131504059
1141,0.01866699941456318,0.0006996220909059048
1142,-0.011466999538242817,0.0007000844925642014
1143,0.043733999133110046,0.0007006177911534905
1144,0.01360000018030405,0.0007011975976638496
1145,0.06373400241136551,0.0007017425377853215
1146,-0.04160099849104881,0.0007019918411970139
1147,-0.006399999838322401,0.0007022105273790658
1148,-0.0013330000219866633,0.0007024019141681492
1149,0.01360000018030405,0.0007024866645224392
1150,-0.011466999538242817,0.0007026231032796204
1151,0.02346700057387352,0.0007025881786830723
1152,-0.011466999538242817,0.0007025609374977648
1153,0.01866699941456318,0.0007025486556813121
1154,0.003467000089585781,0.0007024084916338325
1155,0.03866700083017349,0.0007023605285212398
1156,-0.011466999538242817,0.000702298479154706
1157,0.05360100045800209,0.0007021534256637096
1158,-0.04666699841618538,0.0007020870689302683
1159,0.01866699941456318,0.0007018305477686226
1160,-0.006399999838322401,0.0007015633163973689
1161,0.028534000739455223,0.0007014542352408171
1162,-0.026399999856948853,0.0007013824069872499
1163,0.01360000018030405,0.000701283453963697
1164,-0.011466999538242817,0.0007012061541900039
1165,0.01866699941456318,0.0007012069108895957
1166,0.03359999880194664,0.0007012476562522352
1167,0.04853399842977524,0.0007016027811914682
1168,0.028534000739455223,0.0007016518502496183
1169,0.03359999880194664,0.0007017080206423998
1170,0.003467000089585781,0.0007017807220108807
1171,0.05360100045800209,0.000701862620189786
1172,0.003467000089585781,0.0007018746109679341
1173,0.04853399842977524,0.0007016857853159308
1174,-0.03653400018811226,0.0007017526077106595
1175,0.01866699941456318,0.0007016632007434964
1176,-0.016534000635147095,0.0007014265866018832
1177,0.02346700057387352,0.0007010716944932938
1178,-0.031466998159885406,0.000700988806784153
1179,0.03866700083017349,0.0007009194232523441
1180,-0.011466999538242817,0.0007010879926383495
1181,0.03866700083017349,0.0007009695400483906
1182,0.003467000089585781,0.0007009979453869164
1183,-0.0013330000219866633,0.0007010661065578461
1184,0.008533000014722347,0.0007011236739344895
1185,0.03359999880194664,0.0007011572597548366
1186,-0.03653400018811226,0.000701339915394783
1187,-0.0013330000219866633,0.0007011448033154011
1188,-0.04666699841618538,0.0007010784465819597
1189,-0.02160000056028366,0.0007010561530478299
1190,-0.07146800309419632,0.0007004927610978484
1191,0.008533000014722347,0.0006994892028160393
1192,-0.0013330000219866633,0.0006986353546380997
1193,0.03866700083017349,0.0006978482706472278
1194,0.04853399842977524,0.0006971704424358904
1195,0.04853399842977524,0.0006962069892324507
1196,0.028534000739455223,0.0006949895760044456
1197,0.03359999880194664,0.0006935821147635579
1198,-0.026399999856948853,0.0006921724416315556
1199,0.028534000739455223,0.0006907915230840445
1200,-0.02160000056028366,0.0006894092075526714
1201,-0.006399999838322401,0.0006880402797833085
1202,-0.026399999856948853,0.0006865532486699522
1203,0.03866700083017349,0.0006847413023933768
1204,-0.04666699841618538,0.0006832343060523272
1205,0.003467000089585781,0.0006816444220021367
1206,-0.0013330000219866633,0.0006801191484555602
1207,0.01360000018030405,0.0006779410177841783
1208,-0.011466999538242817,0.0006757794180884957
1209,-0.0013330000219866633,0.0006737408111803234
1210,-0.03653400018811226,0.0006718339282087982
1211,0.043733999133110046,0.000670003704726696
1212,-0.0013330000219866633,0.000668360386043787
1213,0.028534000739455223,0.0006665866239927709
1214,-0.006399999838322401,0.0006651160074397922
1215,0.03866700083017349,0.0006636906764470041
1216,-0.011466999538242817,0.0006624246016144753
1217,0.02346700057387352,0.0006612075958400965
1218,-0.02160000056028366,0.0006600926863029599
1219,0.003467000089585781,0.0006590316188521683
1220,0.003467000089585781,0.0006582621717825532
1221,0.07360100001096725,0.0006571021513082087
1222,0.008533000014722347,0.0006561081390827894
1223,0.03866700083017349,0.000655052368529141
1224,-0.0013330000219866633,0.0006541265174746513
1225,0.06373400241136551,0.0006529234815388918
1226,0.008533000014722347,0.0006518218433484435
1227,0.07360100001096725,0.0006504690973088145
1228,0.003467000089585781,0.0006493122782558203
1229,0.043733999133110046,0.0006481205346062779
1230,0.003467000089585781,0.0006469378131441772
1231,0.04853399842977524,0.0006455295952036977
1232,-0.02160000056028366,0.0006443013553507626
1233,0.01866699941456318,0.0006431146757677197
1234,-0.011466999538242817,0.000641972350422293
1235,0.003467000089585781,0.0006408473127521574
1236,-0.04160099849104881,0.0006398510304279625
1237,0.03359999880194664,0.000638650031760335
1238,0.008533000014722347,0.0006375992670655251
1239,0.028534000739455223,0.0006366019370034337
1240,-0.0013330000219866633,0.000635836273431778
1241,0.05360100045800209,0.0006349486648105085
1242,-0.011466999538242817,0.0006340184481814504
1243,0.02346700057387352,0.0006330938194878399
1244,0.003467000089585781,0.0006322376430034637
1245,0.01360000018030405,0.0006311627221293747
1246,-0.02160000056028366,0.0006301451940089464
1247,0.008533000014722347,0.0006290699820965528
1248,-0.0013330000219866633,0.000628071662504226
1249,0.043733999133110046,0.0006268912693485618
1250,-0.02160000056028366,0.0006258730427362025
1251,0.03866700083017349,0.0006247753044590354
1252,-0.03653400018811226,0.0006237101624719799
1253,0.03866700083017349,0.0006225827382877469
1254,0.01360000018030405,0.0006214146851561964
1255,0.04853399842977524,0.0006203379016369581
1256,0.003467000089585781,0.0006195398163981736
1257,0.043733999133110046,0.0006186561658978462
1258,-0.03653400018811226,0.000617943296674639
1259,0.04853399842977524,0.000617341953329742
1260,-0.0013330000219866633,0.000616722390986979
1261,0.05866700038313866,0.0006160414777696133
1262,-0.0013330000219866633,0.0006154253496788442
1263,0.028534000739455223,0.0006149959517642856
1264,0.03359999880194664,0.0006144433282315731
1265,0.04853399842977524,0.0006137428572401404
1266,-0.0013330000219866633,0.0006131069967523217
1267,0.028534000739455223,0.00061224919045344
1268,-0.031466998159885406,0.0006111572729423642
1269,0.003467000089585781,0.0006099749589338899
1270,-0.03653400018811226,0.0006086841458454728
1271,0.028534000739455223,0.0006073688855394721
1272,-0.03653400018811226,0.0006063813925720751
1273,0.05360100045800209,0.0006056239362806082
1274,0.003467000089585781,0.0006052949465811253
1275,0.05360100045800209,0.0006047987844794989
1276,0.003467000089585781,0.0006042132154107094
1277,0.01360000018030405,0.0006035695550963283
1278,-0.016534000635147095,0.0006028325879015028
1279,0.003467000089585781,0.000602290965616703
1280,-0.011466999538242817,0.0006020386354066432
1281,0.0685340017080307,0.000601922394707799
1282,-0.006399999838322401,0.0006016558036208153
1283,0.028534000739455223,0.0006013237289153039
1284,-0.011466999538242817,0.0006009225035086274
1285,0.02346700057387352,0.0006004510796628892
1286,-0.026399999856948853,0.0005999991553835571
1287,0.02346700057387352,0.0005997088155709207
1288,-0.026399999856948853,0.0005994673701934516
1289,0.01360000018030405,0.0005994670791551471
1290,-0.006399999838322401,0.0005994444945827127
1291,0.07360100001096725,0.000599416671320796
1292,-0.031466998159885406,0.0005993401864543557
1293,0.008533000014722347,0.0005989455385133624
1294,-0.016534000635147095,0.0005987029289826751
1295,0.028534000739455223,0.0005985161988064647
1296,-0.026399999856948853,0.0005983774899505079
1297,0.01360000018030405,0.0005981181748211384
1298,-0.03653400018811226,0.0005978035624139011
1299,0.003467000089585781,0.0005972868530079722
1300,-0.026399999856948853,0.0005968331242911518
1301,0.03866700083017349,0.0005964140873402357
1302,-0.026399999856948853,0.0005961108254268765
1303,0.028534000739455223,0.0005958770634606481
1304,-0.04666699841618538,0.0005955188535153866
1305,0.02346700057387352,0.0005958791589364409
1306,0.01866699941456318,0.0005958754336461425
1307,0.02346700057387352,0.0005957745015621185
1308,0.02346700057387352,0.0005954562802799046
1309,0.03866700083017349,0.0005948565085418522
1310,0.003467000089585781,0.0005942457937635481
1311,0.03866700083017349,0.000593705743085593
1312,0.01866699941456318,0.0005929581820964813
1313,0.03359999880194664,0.0005920915864408016
1314,-0.0013330000219866633,0.0005912164342589676
1315,0.028534000739455223,0.0005903468700125813
1316,0.003467000089585781,0.0005893444758839905
1317,0.04853399842977524,0.0005885049467906356
1318,0.02346700057387352,0.0005877254880033433
1319,0.04853399842977524,0.0005868966109119356
1320,-0.016534000635147095,0.0005858527729287744
1321,0.06373400241136551,0.0005849114386364818
1322,0.01360000018030405,0.0005839683581143618
1323,0.028534000739455223,0.0005830851732753217
1324,0.003467000089585781,0.0005822164239361882
1325,0.0685340017080307,0.0005813030293211341
1326,0.02346700057387352,0.0005803373060189188
1327,0.04853399842977524,0.0005792555748485029
1328,0.003467000089585781,0.0005779918283224106
1329,0.04853399842977524,0.0005765906535089016
1330,0.02346700057387352,0.0005751691060140729
1331,0.028534000739455223,0.0005736350431106985
1332,-0.011466999538242817,0.0005722484202124178
1333,0.03359999880194664,0.0005709592369385064
1334,0.003467000089585781,0.0005698900204151869
1335,0.02346700057387352,0.0005685829091817141
1336,-0.02160000056028366,0.0005671486724168062
1337,0.03866700083017349,0.0005659763119183481
1338,0.028534000739455223,0.000564681482501328
1339,-0.006399999838322401,0.0005633166874758899
1340,-0.006399999838322401,0.0005621080053970218
1341,0.05360100045800209,0.0005608270294032991
1342,-0.02160000056028366,0.0005593811511062086
1343,0.028534000739455223,0.0005578923737630248
1344,-0.011466999538242817,0.0005563799641095102
1345,0.043733999133110046,0.0005549140623770654
1346,-0.02160000056028366,0.0005535301170311868
1347,0.028534000739455223,0.0005522805149666965
1348,-0.016534000635147095,0.0005510952323675156
1349,0.03866700083017349,0.0005498346872627735
1350,-0.02160000056028366,0.0005485621513798833
1351,0.02346700057387352,0.0005471128388307989
1352,-0.016534000635147095,0.000545776856597513
1353,0.03866700083017349,0.0005450117168948054
1354,-0.02160000056028366,0.0005441132816486061
1355,0.03866700083017349,0.000543372705578804
1356,-0.011466999538242817,0.0005423822440207005
1357,0.03866700083017349,0.0005415480118244886
1358,0.02346700057387352,0.0005407921853475273
1359,0.04853399842977524,0.0005399180809035897
1360,-0.031466998159885406,0.0005392160965129733
1361,0.05360100045800209,0.0005385043914429843
1362,-0.011466999538242817,0.0005376455374062061
1363,0.04853399842977524,0.000536884181201458
1364,-0.026399999856948853,0.0005362810916267335
1365,0.02346700057387352,0.0005355392931960523
1366,-0.02160000056028366,0.0005347327678464353
1367,0.03866700083017349,0.0005340258358046412
1368,-0.02160000056028366,0.0005333122098818421
1369,0.01360000018030405,0.000532569654751569
1370,-0.0013330000219866633,0.0005319230840541422
1371,0.02346700057387352,0.0005312657449394464
1372,0.003467000089585781,0.0005307260435074568
1373,0.03866700083017349,0.0005301741766743362
1374,-0.016534000635147095,0.0005294979200698435
1375,0.04853399842977524,0.0005288858665153384
1376,0.003467000089585781,0.0005282838828861713
1377,0.05360100045800209,0.0005276643205434084
1378,-0.02160000056028366,0.0005269162938930094
1379,0.04853399842977524,0.0005262604099698365
1380,-0.0013330000219866633,0.0005256577860563993
1381,0.02346700057387352,0.0005250424146652222
1382,0.003467000089585781,0.0005246492219157517
1383,0.03866700083017349,0.0005240428145043552
1384,-0.006399999838322401,0.0005232770345173776
1385,0.003467000089585781,0.0005224362248554826
1386,-0.026399999856948853,0.0005217784782871604
1387,0.02346700057387352,0.0005212435498833656
1388,0.01360000018030405,0.000520685687661171
1389,0.03866700083017349,0.0005201954627409577
1390,0.01360000018030405,0.0005199075676500797
1391,0.02346700057387352,0.0005194463883526623
1392,-0.026399999856948853,0.000518942077178508
1393,0.003467000089585781,0.0005186035414226353
1394,-0.0013330000219866633,0.0005182629683986306
1395,0.03866700083017349,0.0005179353756830096
1396,-0.016534000635147095,0.0005181116284802556
1397,0.01360000018030405,0.0005183614557608962
1398,-0.04666699841618538,0.0005183067405596375
1399,0.02346700057387352,0.0005181110464036465
1400,-0.03653400018811226,0.000517986947670579
1401,0.03866700083017349,0.0005180835141800344
1402,-0.006399999838322401,0.0005183413741178811
1403,0.043733999133110046,0.0005187619826756418
1404,-0.016534000635147095,0.0005191697273403406
1405,0.03866700083017349,0.0005197255522944033
1406,-0.011466999538242817,0.0005202529719099402
1407,0.05360100045800209,0.0005210593808442354
1408,-0.011466999538242817,0.0005217287689447403
1409,0.05866700038313866,0.0005224366905167699
1410,-0.006399999838322401,0.0005231588729657233
1411,0.028534000739455223,0.0005239620804786682
1412,0.01360000018030405,0.0005246791988611221
1413,0.04853399842977524,0.0005254910211078823
1414,-0.011466999538242817,0.000525975483469665
1415,0.01360000018030405,0.0005265554646030068
1416,-0.0013330000219866633,0.0005270920228213072
1417,0.05360100045800209,0.0005278288153931499
1418,-0.0013330000219866633,0.0005284848739393055
1419,0.003467000089585781,0.0005290572880767286
1420,0.02346700057387352,0.0005295656737871468
1421,0.03359999880194664,0.0005301065393723547
1422,-0.026399999856948853,0.0005304195219650865
1423,0.04853399842977524,0.0005306719103828073
1424,-0.0013330000219866633,0.0005310008418746293
1425,0.043733999133110046,0.0005315450252965093
1426,-0.02160000056028366,0.0005319121992215514
1427,0.03359999880194664,0.0005324131343513727
1428,-0.016534000635147095,0.00053263152949512
1429,0.03866700083017349,0.0005332994041964412
1430,-0.016534000635147095,0.0005337231559678912
1431,0.03866700083017349,0.0005345223471522331
1432,-0.011466999538242817,0.0005351592553779483
1433,0.01360000018030405,0.0005356547189876437
1434,-0.03653400018811226,0.0005359324859455228
1435,0.02346700057387352,0.0005360118811950088
1436,-0.0013330000219866633,0.0005359052447602153
1437,0.028534000739455223,0.0005360909271985292
1438,-0.011466999538242817,0.0005364444805309176
1439,0.01360000018030405,0.0005366674740798771
1440,-0.0013330000219866633,0.000536712643224746
1441,0.003467000089585781,0.0005368120619095862
1442,0.003467000089585781,0.0005369166610762477
1443,0.02346700057387352,0.0005373710882849991
1444,-0.011466999538242817,0.000537997460924089
1445,0.06373400241136551,0.0005386034026741982
1446,0.008533000014722347,0.0005394098116084933
1447,0.04853399842977524,0.0005404726252891123
1448,-0.04160099849104881,0.0005414821207523346
1449,0.05360100045800209,0.000542381196282804
1450,-0.006399999838322401,0.000543230795301497
1451,0.03359999880194664,0.0005442326655611396
1452,-0.006399999838322401,0.0005451935576274991
1453,0.04853399842977524,0.000546380237210542
1454,-0.011466999538242817,0.0005474984645843506
1455,0.04853399842977524,0.0005489332252182066
1456,-0.016534000635147095,0.0005502658896148205
1457,0.01866699941456318,0.0005515158991329372
1458,-0.02160000056028366,0.000552852638065815
1459,0.01360000018030405,0.0005541592836380005
1460,-0.04160099849104881,0.00055555475410074
1461,0.01360000018030405,0.0005567822372540832
1462,-0.011466999538242817,0.0005578560521826148
1463,0.02346700057387352,0.000559095642529428
1464,-0.016534000635147095,0.0005604979814961553
1465,0.02346700057387352,0.0005616826238110662
1466,-0.03653400018811226,0.0005628044018521905
1467,0.028534000739455223,0.000563808367587626
1468,-0.026399999856948853,0.0005648389924317598
1469,0.008533000014722347,0.000565927242860198
1470,-0.026399999856948853,0.0005669015226885676
1471,0.03359999880194664,0.0005679874448105693
1472,-0.0013330000219866633,0.0005690432153642178
1473,0.028534000739455223,0.0005701207555830479
1474,-0.02160000056028366,0.0005713194841518998
1475,0.06373400241136551,0.0005725048831664026
1476,0.008533000014722347,0.0005732050049118698
1477,0.043733999133110046,0.0005739396438002586
1478,-0.02160000056028366,0.0005747408140450716
1479,0.003467000089585781,0.0005755174206569791
1480,-0.02160000056028366,0.0005761536303907633
1481,0.01360000018030405,0.0005769288982264698
1482,-0.016534000635147095,0.0005777769256383181
1483,0.01360000018030405,0.0005784783861599863
1484,0.003467000089585781,0.0005793144810013473
1485,-0.0013330000219866633,0.0005802318919450045
1486,-0.04160099849104881,0.000581176660489291
1487,0.028534000739455223,0.0005820972728542984
1488,0.01360000018030405,0.0005830221343785524
1489,0.003467000089585781,0.000583967543207109
1490,-0.026399999856948853,0.0005849692970514297
1491,0.01866699941456318,0.0005858271033503115
1492,-0.016534000635147095,0.0005864512058906257
1493,-0.0013330000219866633,0.0005873574991710484
1494,-0.03653400018811226,0.0005882249679416418
1495,0.003467000089585781,0.000588930502999574
1496,-0.03653400018811226,0.0005896089714951813
1497,0.028534000739455223,0.0005903973942622542
1498,-0.02160000056028366,0.0005911579355597496
1499,0.03359999880194664,0.00059190095635131
1500,-0.011466999538242817,0.0005925846635363996
1501,0.03359999880194664,0.0005933413631282747
1502,-0.03653400018811226,0.0005942033603787422
1503,0.008533000014722347,0.0005949410842731595
1504,-0.006399999838322401,0.000595545512624085
1505,0.03359999880194664,0.0005962677532806993
1506,-0.02160000056028366,0.0005970434285700321
1507,-0.031466998159885406,0.0005976470420137048
1508,-0.02160000056028366,0.0005984172457829118
1509,0.008533000014722347,0.0005989600322209299
1510,-0.026399999856948853,0.0005998113192617893
1511,0.028534000739455223,0.0006004259921610355
1512,-0.011466999538242817,0.0006010491633787751
1513,-0.02160000056028366,0.0006016158731654286
1514,-0.011466999538242817,0.0006021595327183604
1515,0.02346700057387352,0.0006025850889272988
1516,-0.02160000056028366,0.0006029754877090454
1517,0.01360000018030405,0.0006034745019860566
1518,0.003467000089585781,0.0006041427841410041
1519,0.043733999133110046,0.0006047729402780533
1520,-0.011466999538242817,0.000605437089689076
1521,0.0685340017080307,0.0006062887841835618
1522,-0.03653400018811226,0.0006067793583497405
1523,0.03359999880194664,0.0006073672557249665
1524,-0.0013330000219866633,0.0006081108003854752
1525,0.03359999880194664,0.0006087261717766523
1526,-0.02160000056028366,0.0006093091215007007
1527,0.008533000014722347,0.0006095811259001493
1528,-0.04666699841618538,0.0006098684389144182
1529,-0.016534000635147095,0.0006096945144236088
1530,-0.03653400018811226,0.0006093193078413606
1531,0.003467000089585781,0.000608875707257539
1532,0.003467000089585781,0.0006086549255996943
1533,0.03359999880194664,0.0006086083594709635
1534,-0.011466999538242817,0.0006085657514631748
1535,0.01360000018030405,0.0006085764616727829
1536,-0.031466998159885406,0.0006082388572394848
1537,0.01866699941456318,0.0006076737772673368
1538,-0.026399999856948853,0.0006073614349588752
1539,0.028534000739455223,0.0006069566588848829
1540,-0.031466998159885406,0.0006067078793421388
1541,0.03866700083017349,0.0006064801709726453
1542,-0.026399999856948853,0.0006062309257686138
1543,0.02346700057387352,0.000605996057856828
1544,-0.0013330000219866633,0.0006057730643078685
1545,0.03359999880194664,0.0006054796976968646
1546,0.003467000089585781,0.0006051763193681836
1547,0.028534000739455223,0.000604900938924402
1548,-0.006399999838322401,0.0006046768976375461
1549,-0.016534000635147095,0.0006046643247827888
1550,-0.02160000056028366,0.0006045624031685293
1551,0.028534000739455223,0.000604465021751821
1552,-0.03653400018811226,0.0006044009933248162
1553,0.028534000739455223,0.0006043421453796327
1554,-0.031466998159885406,0.0006043743342161179
1555,0.02346700057387352,0.0006045058835297823
1556,-0.026399999856948853,0.0006046171183697879
1557,0.01360000018030405,0.0006046365015208721
1558,-0.026399999856948853,0.0006046550115570426
1559,-0.011466999538242817,0.0006045169429853559
1560,-0.061601001769304276,0.0006046460475772619
1561,0.01360000018030405,0.0006037335842847824
1562,-0.02160000056028366,0.0006031828233972192
1563,0.02346700057387352,0.0006026248447597027
1564,0.003467000089585781,0.0006023695459589362
1565,0.003467000089585781,0.0006023502792231739
1566,-0.031466998159885406,0.000602579559199512
1567,0.03359999880194664,0.0006026289775036275
1568,0.003467000089585781,0.0006026310147717595
1569,0.043733999133110046,0.0006025410257279873
1570,-0.026399999856948853,0.0006026328192092478
1571,0.01360000018030405,0.0006025575567036867
1572,-0.006399999838322401,0.0006027529016137123
1573,0.05866700038313866,0.0006028905045241117
1574,-0.02160000056028366,0.0006028880598023534
1575,0.05360100045800209,0.0006029327632859349
1576,0.003467000089585781,0.0006030380027368665
1577,0.008533000014722347,0.0006030877702869475
1578,0.003467000089585781,0.0006031730445101857
1579,0.03866700083017349,0.00060322938952595
1580,-0.006399999838322401,0.0006033132667653263
1581,0.028534000739455223,0.0006033593090251088
1582,-0.0013330000219866633,0.0006033998215571046
1583,0.028534000739455223,0.0006035291589796543
1584,-0.011466999538242817,0.0006039135041646659
1585,0.07360100001096725,0.0006045853951945901
1586,0.003467000089585781,0.0006050358060747385
1587,0.03866700083017349,0.0006054697441868484
1588,0.008533000014722347,0.0006058343569748104
1589,0.05360100045800209,0.0006060792366042733
1590,-0.0013330000219866633,0.0006060860469006002
1591,0.01360000018030405,0.0006061030435375869
1592,-0.016534000635147095,0.0006062715547159314
1593,0.028534000739455223,0.0006063698092475533
1594,0.008533000014722347,0.0006064363988116384
1595,0.028534000739455223,0.0006065067136660218
1596,0.02346700057387352,0.0006064780754968524
1597,0.028534000739455223,0.0006064234767109156
1598,-0.011466999538242817,0.0006065040943212807
1599,0.02346700057387352,0.000606674118898809
1600,-0.0013330000219866633,0.000606858404353261
1601,0.01866699941456318,0.0006072113174013793
1602,0.01360000018030405,0.0006074567208997905
1603,0.028534000739455223,0.0006077979924157262
1604,0.01360000018030405,0.0006080077728256583
1605,0.06373400241136551,0.0006080222665332258
1606,-0.016534000635147095,0.0006079054437577724
1607,0.01360000018030405,0.0006079743034206331
1608,-0.006399999838322401,0.0006081984611228108
1609,0.04853399842977524,0.0006082435138523579
1610,0.003467000089585781,0.0006084396736696362
1611,0.028534000739455223,0.000608591828495264
1612,0.008533000014722347,0.000608910690061748
1613,0.05360100045800209,0.0006091920076869428
1614,-0.011466999538242817,0.0006093343254178762
1615,0.05360100045800209,0.0006096263532526791
1616,0.03359999880194664,0.000609592825639993
1617,0.028534000739455223,0.0006096215220168233
1618,0.003467000089585781,0.0006097233854234219
1619,0.043733999133110046,0.0006098633166402578
1620,-0.011466999538242817,0.0006097103469073772
1621,0.02346700057387352,0.0006097519653849304
1622,-0.026399999856948853,0.0006096693105064332
1623,0.03359999880194664,0.0006096919532865286
1624,0.003467000089585781,0.0006098428275436163
1625,0.03359999880194664,0.0006101431790739298
1626,-0.0013330000219866633,0.000610206974670291
1627,0.06373400241136551,0.0006103802006691694
1628,0.008533000014722347,0.0006103205378167331
1629,0.03866700083017349,0.000610512332059443
1630,-0.02160000056028366,0.0006107747904025018
1631,0.03359999880194664,0.0006109607638791203
1632,-0.011466999538242817,0.0006109356181696057
1633,0.01866699941456318,0.0006109125097282231
1634,-0.02160000056028366,0.0006109401001594961
1635,0.043733999133110046,0.000611302035395056
1636,-0.031466998159885406,0.0006118586752563715
1637,0.07360100001096725,0.0006123733473941684
1638,0.008533000014722347,0.0006125271902419627
1639,0.02346700057387352,0.0006127367960289121
1640,0.003467000089585781,0.000612967531196773
1641,0.03866700083017349,0.000613390700891614
1642,-0.04160099849104881,0.0006136875017546117
1643,-0.02160000056028366,0.0006139468750916421
1644,-0.011466999538242817,0.0006142716738395393
1645,0.003467000089585781,0.0006146568339318037
1646,-0.04666699841618538,0.0006149417022243142
1647,-0.006399999838322401,0.0006149407709017396
1648,-0.006399999838322401,0.0006149294786155224
1649,0.01360000018030405,0.0006148747634142637
1650,0.03866700083017349,0.000614798569586128
1651,0.0685340017080307,0.0006149224936962128
1652,0.003467000089585781,0.0006143240607343614
1653,0.06373400241136551,0.0006135035073384643
1654,-0.02160000056028366,0.0006129865068942308
1655,0.028534000739455223,0.0006124258507043123
1656,-0.0013330000219866633,0.0006119601312093437
1657,0.003467000089585781,0.0006112314877100289
1658,-0.026399999856948853,0.0006108061643317342
1659,0.01866699941456318,0.0006104616913944483
1660,-0.011466999538242817,0.0006101059261709452
1661,0.02346700057387352,0.0006096986471675336
1662,0.003467000089585781,0.0006093379342928529
1663,0.03866700083017349,0.0006088756490498781
1664,-0.0013330000219866633,0.0006085308850742877
1665,0.05360100045800209,0.0006081938627175987
1666,0.003467000089585781,0.0006079849554225802
1667,0.04853399842977524,0.0006077035213820636
1668,-0.016534000635147095,0.000607467838563025
1669,0.043733999133110046,0.0006071431562304497
1670,-0.006399999838322401,0.0006069037481211126
1671,0.008533000014722347,0.0006065882043913007
1672,0.003467000089585781,0.0006062483298592269
1673,0.03866700083017349,0.0006057207356207073
1674,-0.02160000056028366,0.0006053189281374216
1675,0.01866699941456318,0.0006048891227692366
1676,0.008533000014722347,0.0006044730544090271
1677,0.043733999133110046,0.0006039396394044161
1678,0.008533000014722347,0.0006037405109964311
1679,0.043733999133110046,0.0006034025573171675
1680,-0.02160000056028366,0.0006033933605067432
1681,0.04853399842977524,0.0006033496465533972
1682,-0.016534000635147095,0.0006035231635905802
1683,0.008533000014722347,0.0006034584948793054
1684,-0.011466999538242817,0.0006035650731064379
1685,0.01360000018030405,0.0006032654782757163
1686,-0.0013330000219866633,0.0006030299700796604
1687,0.028534000739455223,0.000602640095166862
1688,-0.031466998159885406,0.0006024290923960507
1689,0.02346700057387352,0.000602191430516541
1690,-0.011466999538242817,0.0006021041190251708
1691,0.01360000018030405,0.0006019563879817724
1692,0.01360000018030405,0.0006018450949341059
1693,0.02346700057387352,0.0006017446285113692
1694,0.003467000089585781,0.0006016103434376419
1695,0.0685340017080307,0.0006014786777086556
1696,-0.02160000056028366,0.0006015205872245133
1697,-0.02160000056028366,0.0006016516126692295
1698,-0.026399999856948853,0.0006016186089254916
1699,0.01866699941456318,0.000601191190071404
1700,-0.02160000056028366,0.0006004655151627958
1701,0.028534000739455223,0.0005997804692015052
1702,0.02346700057387352,0.0005993737722747028
1703,0.03866700083017349,0.0005986609030514956
1704,-0.031466998159885406,0.0005980734131298959
1705,0.05360100045800209,0.0005975820822641253
1706,0.008533000014722347,0.0005972335347905755
1707,0.01360000018030405,0.0005967806791886687
1708,0.003467000089585781,0.0005964637966826558
1709,0.03866700083017349,0.0005959929549135268
1710,-0.02160000056028366,0.0005954179214313626
1711,0.02346700057387352,0.0005947875324636698
1712,-0.0013330000219866633,0.0005941351992078125
1713,0.06373400241136551,0.0005936427041888237
1714,-0.03653400018811226,0.0005930393235757947
1715,0.028534000739455223,0.000592511729337275
1716,-0.016534000635147095,0.000591873365920037
1717,0.05360100045800209,0.0005914884968660772
1718,-0.026399999856948853,0.0005913667846471071
1719,0.05866700038313866,0.0005912777851335704
1720,-0.016534000635147095,0.0005909371539019048
1721,0.03866700083017349,0.0005907415761612356
1722,-0.011466999538242817,0.0005903157871216536
1723,0.01360000018030405,0.0005899967509321868
1724,-0.0013330000219866633,0.0005895717767998576
1725,0.01866699941456318,0.0005890838801860809
1726,0.008533000014722347,0.0005885963328182697
1727,0.07360100001096725,0.0005879679229110479
1728,0.003467000089585781,0.0005872647161595523
1729,-0.006399999838322401,0.0005865184357389808
1730,0.01360000018030405,0.0005856798961758614
1731,0.03359999880194664,0.0005847614957019687
1732,-0.04160099849104881,0.0005840872181579471
1733,0.01360000018030405,0.0005834948970004916
1734,0.003467000089585781,0.0005828292341902852
1735,0.028534000739455223,0.0005822005914524198
1736,-0.0013330000219866633,0.0005816443590447307
1737,0.04853399842977524,0.0005809509311802685
1738,-0.011466999538242817,0.0005804385291412473
1739,0.02346700057387352,0.0005801005172543228
1740,-0.016534000635147095,0.0005797200137749314
1741,0.008533000014722347,0.0005791974253952503
1742,-0.0013330000219866633,0.0005786531837657094
1743,0.028534000739455223,0.0005781367071904242
1744,-0.026399999856948853,0.0005776751786470413
1745,0.043733999133110046,0.0005773197044618428
1746,-0.02160000056028366,0.0005770268035121262
1747,0.028534000739455223,0.0005768056726083159
1748,-0.011466999538242817,0.0005768106202594936
1749,0.01360000018030405,0.0005766266258433461
1750,-0.026399999856948853,0.0005763929220847785
1751,0.008533000014722347,0.0005763507215306163
1752,-0.011466999538242817,0.0005761327920481563
1753,0.028534000739455223,0.0005760310450568795
1754,-0.011466999538242817,0.0005759742925874889
1755,0.02346700057387352,0.0005758068873547018
1756,-0.0013330000219866633,0.0005756299942731857
1757,0.03866700083017349,0.0005756081081926823
1758,-0.02160000056028366,0.000575375510379672
1759,0.043733999133110046,0.0005753939622081816
1760,-0.006399999838322401,0.0005754332523792982
1761,0.06373400241136551,0.0005755150923505425
1762,-0.006399999838322401,0.0005755571182817221
1763,0.07360100001096725,0.0005758870393037796
1764,-0.011466999538242817,0.0005761496140621603
1765,0.02346700057387352,0.0005765268579125404
1766,-0.02160000056028366,0.0005767102120444179
1767,0.03866700083017349,0.0005769837880507112
1768,-0.006399999838322401,0.0005772501463070512
1769,-0.0013330000219866633,0.0005775753525085747
1770,-0.006399999838322401,0.0005778634222224355
1771,0.03866700083017349,0.0005780254723504186
1772,0.003467000089585781,0.0005784108070656657
1773,0.03866700083017349,0.0005786638939753175
1774,0.003467000089585781,0.0005788758280687034
1775,0.003467000089585781,0.000578857958316803
1776,-0.011466999538242817,0.0005788466660305858
1777,0.028534000739455223,0.0005787271074950695
1778,-0.02160000056028366,0.00057891575852409
1779,0.05360100045800209,0.0005789907881990075
1780,-0.016534000635147095,0.0005790597060695291
1781,0.02346700057387352,0.0005792488809674978
1782,-0.0013330000219866633,0.000579591142013669
1783,-0.011466999538242817,0.000579886487685144
1784,-0.0013330000219866633,0.0005801549414172769
1785,0.02346700057387352,0.0005806236295029521
1786,-0.011466999538242817,0.0005811417941004038
1787,0.003467000089585781,0.0005816001212224364
1788,-0.04666699841618538,0.000581980450078845
1789,0.01360000018030405,0.0005820411024615169
1790,-0.016534000635147095,0.0005821986123919487
1791,0.04853399842977524,0.0005821924423798919
1792,-0.011466999538242817,0.0005822767852805555
1793,0.04853399842977524,0.0005824601976200938
1794,-0.026399999856948853,0.0005826404085382819
1795,0.03359999880194664,0.0005830455920659006
1796,0.008533000014722347,0.0005832355236634612
1797,0.02346700057387352,0.0005833682371303439
1798,0.01866699941456318,0.0005835241172462702
1799,0.03866700083017349,0.0005836280761286616
1800,-0.0013330000219866633,0.0005837813951075077
1801,0.05360100045800209,0.0005838745273649693
1802,-0.011466999538242817,0.0005839596269652247
1803,0.01360000018030405,0.0005840536323376
1804,0.02346700057387352,0.0005841006059199572
1805,0.043733999133110046,0.0005842475802637637
1806,-0.03653400018811226,0.000584413530305028
1807,0.03866700083017349,0.0005846315762028098
1808,-0.011466999538242817,0.0005847178399562836
1809,0.05360100045800209,0.0005849170265719295
1810,-0.011466999538242817,0.0005850164452567697
1811,0.02346700057387352,0.0005853642942383885
1812,0.02346700057387352,0.0005855559720657766
1813,0.03866700083017349,0.0005858906079083681
1814,0.003467000089585781,0.0005861434619873762
1815,0.05360100045800209,0.0005863633705303073
1816,0.008533000014722347,0.0005863592959940434
1817,0.028534000739455223,0.0005867166328243911
1818,-0.011466999538242817,0.0005869026645086706
1819,0.028534000739455223,0.0005871687899343669
1820,-0.04666699841618538,0.0005874104681424797
1821,0.02346700057387352,0.0005875820061191916
1822,-0.02160000056028366,0.000587484217248857
1823,0.05360100045800209,0.000587415648624301
1824,-0.0013330000219866633,0.0005876099457964301
1825,0.01360000018030405,0.0005879004602320492
1826,-0.006399999838322401,0.0005881057004444301
1827,0.01866699941456318,0.0005885704886168242
1828,-0.016534000635147095,0.0005888424348086119
1829,0.03359999880194664,0.0005893276538699865
1830,0.01360000018030405,0.0005897574010305107
1831,0.01360000018030405,0.0005901274271309376
1832,-0.011466999538242817,0.0005905863363295794
1833,0.028534000739455223,0.0005910467589274049
1834,-0.0013330000219866633,0.0005914130015298724
1835,0.03359999880194664,0.0005917101516388357
1836,0.003467000089585781,0.0005919111426919699
1837,0.008533000014722347,0.0005921563133597374
1838,0.01866699941456318,0.0005921731935814023
1839,-0.016534000635147095,0.0005920459516346455
1840,-0.03653400018811226,0.0005917918751947582
1841,0.01866699941456318,0.0005912345368415117
1842,-0.0013330000219866633,0.0005907948943786323
1843,0.003467000089585781,0.0005902743432670832
1844,-0.011466999538242817,0.0005898931412957609
1845,0.01866699941456318,0.0005895391223020852
1846,-0.016534000635147095,0.0005893186898902059
1847,-0.0013330000219866633,0.0005890287575311959
1848,0.008533000014722347,0.0005886729341000319
1849,0.01866699941456318,0.000588267226703465
1850,-0.02160000056028366,0.000587896560318768
1851,-0.0013330000219866633,0.0005874424241483212
1852,-0.006399999838322401,0.0005870102322660387
1853,0.03866700083017349,0.0005866672727279365
1854,0.003467000089585781,0.000586176582146436
1855,0.028534000739455223,0.0005858045187778771
1856,-0.061601001769304276,0.0005854079499840736
1857,0.02346700057387352,0.0005847993306815624
1858,0.01360000018030405,0.0005842724349349737
1859,0.01360000018030405,0.0005836726631969213
1860,-0.0013330000219866633,0.0005832455935887992
1861,0.003467000089585781,0.0005829202709719539
1862,-0.011466999538242817,0.0005825978005304933
1863,-0.016534000635147095,0.0005822271341457963
1864,-0.0013330000219866633,0.0005818512290716171
1865,0.01360000018030405,0.0005814434261992574
1866,-0.026399999856948853,0.0005808884161524475
1867,0.003467000089585781,0.0005804008105769753
1868,-0.04666699841618538,0.0005798867787234485
1869,-0.0013330000219866633,0.0005790779832750559
1870,-0.031466998159885406,0.0005784158129245043
1871,0.02346700057387352,0.000577563070692122
1872,-0.031466998159885406,0.0005767354159615934
1873,-0.0013330000219866633,0.0005758187035098672
1874,-0.04160099849104881,0.000575087615288794
1875,0.028534000739455223,0.0005742657813243568
1876,-0.006399999838322401,0.000573506229557097
1877,0.03359999880194664,0.0005727756069973111
1878,-0.03653400018811226,0.0005720152985304594
1879,-0.0013330000219866633,0.000571269600186497
1880,-0.026399999856948853,0.0005704350769519806
1881,0.03359999880194664,0.0005695691215805709
1882,-0.026399999856948853,0.0005687517113983631
1883,-0.0013330000219866633,0.0005679530440829694
1884,-0.02160000056028366,0.0005672011757269502
1885,0.01866699941456318,0.0005663467454724014
1886,-0.03653400018811226,0.0005656870198436081
1887,0.04853399842977524,0.0005650304956361651
1888,-0.006399999838322401,0.0005645103519782424
1889,0.008533000014722347,0.0005640438757836819
1890,-0.026399999856948853,0.0005635947454720736
1891,0.028534000739455223,0.0005628410144709051
1892,-0.02160000056028366,0.0005616615526378155
1893,0.028534000739455223,0.0005606769118458033
1894,-0.011466999538242817,0.0005598206771537662
1895,-0.016534000635147095,0.0005588665371760726
1896,-0.006399999838322401,0.0005579671123996377
1897,0.028534000739455223,0.000557245162781328
1898,0.01360000018030405,0.0005563169834204018
1899,0.03866700083017349,0.0005554238450713456
1900,-0.03653400018811226,0.0005544559680856764
1901,0.03359999880194664,0.0005534365773200989
1902,-0.04666699841618538,0.0005526840686798096
1903,0.043733999133110046,0.0005522054270841181
1904,-0.016534000635147095,0.0005517114186659455
1905,0.02346700057387352,0.0005511718336492777
1906,-0.031466998159885406,0.0005508302710950375
1907,0.03866700083017349,0.0005500895204022527
1908,0.01360000018030405,0.0005496221710927784
1909,-0.026399999856948853,0.0005493807839229703
1910,0.03359999880194664,0.0005490409675985575
1911,0.003467000089585781,0.0005488879978656769
1912,0.008533000014722347,0.0005486041773110628
1913,0.0685340017080307,0.0005484157591126859
1914,0.003467000089585781,0.0005479059182107449
1915,0.01866699941456318,0.0005472589982673526
1916,-0.02160000056028366,0.0005467301816679537
1917,0.03866700083017349,0.0005460832035169005
1918,-0.006399999838322401,0.0005455215577967465
1919,0.06373400241136551,0.0005447697476483881
1920,-0.031466998159885406,0.0005440714885480702
1921,0.03866700083017349,0.0005433049518615007
1922,-0.0013330000219866633,0.000542522466275841
1923,0.05360100045800209,0.0005417849170044065
1924,-0.0013330000219866633,0.0005410361918620765
1925,0.03866700083017349,0.0005402592360042036
1926,-0.0013330000219866633,0.0005395422922447324
1927,0.03866700083017349,0.0005387515993788838
1928,0.01360000018030405,0.000537879066541791
1929,-0.006399999838322401,0.0005371583392843604
1930,-0.02160000056028366,0.0005364693934097886
1931,0.01360000018030405,0.0005357943591661751
1932,-0.026399999856948853,0.0005350972060114145
1933,0.03866700083017349,0.0005343570373952389
1934,-0.031466998159885406,0.0005335453897714615
1935,0.01866699941456318,0.0005328565021045506
1936,-0.011466999538242817,0.0005319260526448488
1937,0.028534000739455223,0.0005309466505423188
1938,-0.0013330000219866633,0.000529810378793627
1939,0.03359999880194664,0.0005288936663419008
1940,-0.03653400018811226,0.000528007629327476
1941,-0.006399999838322401,0.0005274198483675718
1942,-0.031466998159885406,0.0005267885862849653
1943,-0.011466999538242817,0.0005262806080281734
1944,-0.02160000056028366,0.0005258400924503803
1945,0.04853399842977524,0.0005255439318716526
1946,-0.0013330000219866633,0.0005250404356047511
1947,-0.0013330000219866633,0.0005246493965387344
1948,-0.04160099849104881,0.0005242463084869087
1949,0.02346700057387352,0.000523717375472188
1950,-0.016534000635147095,0.0005232015391811728
1951,0.01866699941456318,0.0005227351794019341
1952,0.03359999880194664,0.0005220882594585419
1953,0.04853399842977524,0.0005213671829551458
1954,0.01360000018030405,0.0005204887711443007
1955,0.06373400241136551,0.0005197355058044195
1956,0.003467000089585781,0.0005193606484681368
1957,0.03359999880194664,0.000519110239110887
1958,0.003467000089585781,0.0005186247290112078
1959,0.05360100045800209,0.0005182728637009859
1960,-0.031466998159885406,0.0005179248400963843
1961,0.06373400241136551,0.0005177002167329192
1962,0.003467000089585781,0.0005175601108931005
1963,0.04853399842977524,0.0005175650003366172
1964,0.01360000018030405,0.0005173648241907358
1965,0.06373400241136551,0.0005171805387362838
1966,-0.016534000635147095,0.0005171834491193295
1967,0.04853399842977524,0.000516936182975769
1968,0.01360000018030405,0.0005167705239728093
1969,0.01360000018030405,0.0005165868788026273
1970,-0.02160000056028366,0.0005165275651961565
1971,0.03359999880194664,0.000516642932780087
1972,0.003467000089585781,0.0005166046903468668
1973,0.03866700083017349,0.000516570929903537
1974,-0.006399999838322401,0.0005163477035239339
1975,0.05866700038313866,0.0005161376902833581
1976,-0.026399999856948853,0.0005158619023859501
1977,0.028534000739455223,0.000515682389959693
1978,-0.011466999538242817,0.0005155891412869096
1979,0.02346700057387352,0.0005155679536983371
1980,-0.016534000635147095,0.0005156807601451874
1981,0.03359999880194664,0.000516057712957263
1982,-0.006399999838322401,0.0005163386813364923
1983,0.04853399842977524,0.0005169211653992534
1984,0.003467000089585781,0.0005173538811504841
1985,0.03866700083017349,0.0005178570281714201
1986,0.003467000089585781,0.0005181144224479795
1987,0.05866700038313866,0.0005181845044717193
1988,-0.02160000056028366,0.0005181801971048117
1989,0.03359999880194664,0.000518417451530695
1990,-0.04666699841618538,0.0005189332296140492
1991,0.008533000014722347,0.0005192583194002509
1992,-0.016534000635147095,0.0005193418473936617
1993,0.03359999880194664,0.0005196433048695326
1994,0.008533000014722347,0.000519698834978044
1995,0.03866700083017349,0.0005198897561058402
1996,0.03359999880194664,0.0005198894650675356
1997,0.04853399842977524,0.0005200045416131616
1998,0.01360000018030405,0.0005201095482334495
1999,0.05360100045800209,0.0005201973835937679
2000,0.01360000018030405,0.000520323112141341
2001,0.003467000089585781,0.0005204537883400917
2002,0.003467000089585781,0.0005203132750466466
2003,0.03359999880194664,0.0005201244493946433
2004,-0.011466999538242817,0.0005197576247155666
2005,0.05360100045800209,0.0005195328267291188
2006,-0.011466999538242817,0.0005192829994484782
2007,0.028534000739455223,0.000518781365826726
2008,0.003467000089585781,0.0005184049950912595
2009,0.02346700057387352,0.000517997716087848
2010,-0.031466998159885406,0.0005176803097128868
2011,0.01360000018030405,0.0005174981197342277
2012,-0.03653400018811226,0.0005173704121261835
2013,0.03866700083017349,0.000517126580234617
2014,-0.0013330000219866633,0.000516835309099406
2015,0.043733999133110046,0.0005166162736713886
2016,-0.011466999538242817,0.0005163711030036211
2017,0.03866700083017349,0.0005162014858797193
2018,0.01866699941456318,0.0005157545092515647
2019,0.03866700083017349,0.0005152288358658552
2020,0.01360000018030405,0.0005143722519278526
2021,0.02346700057387352,0.0005136365070939064
2022,-0.006399999838322401,0.0005129567580297589
2023,0.02346700057387352,0.0005123271839693189
2024,-0.0013330000219866633,0.0005117694963701069
2025,0.01360000018030405,0.0005112023209221661
2026,-0.026399999856948853,0.0005105693126097322
2027,0.05360100045800209,0.0005101221613585949
2028,0.003467000089585781,0.0005094042862765491
2029,0.06373400241136551,0.0005088622565381229
2030,-0.011466999538242817,0.0005082410061731935
2031,0.05360100045800209,0.0005076666129752994
2032,0.01360000018030405,0.0005071501946076751
2033,0.01866699941456318,0.000506559677887708
2034,-0.016534000635147095,0.0005060801049694419
2035,0.01866699941456318,0.0005056907539255917
2036,0.01360000018030405,0.0005052819615229964
2037,0.05360100045800209,0.0005047776503488421
2038,-0.006399999838322401,0.0005042818374931812
2039,0.05360100045800209,0.000504028401337564
2040,-0.02160000056028366,0.00050367321819067
2041,0.07866799831390381,0.0005035557551309466
2042,-0.0013330000219866633,0.000503435090649873
2043,0.03866700083017349,0.0005034012719988823
2044,-0.011466999538242817,0.0005032452754676342
2045,0.028534000739455223,0.0005032223416492343
2046,0.003467000089585781,0.0005031743785366416
2047,0.04853399842977524,0.0005032489425502717
2048,-0.02160000056028366,0.0005032647750340402
2049,0.03866700083017349,0.000503379967994988
2050,-0.006399999838322401,0.0005033592460677028
2051,0.02346700057387352,0.0005032693152315915
2052,0.003467000089585781,0.000503402785398066
2053,0.008533000014722347,0.0005035080248489976
2054,-0.026399999856948853,0.0005035423673689365
2055,-0.0013330000219866633,0.0005034548230469227
2056,-0.016534000635147095,0.0005033899797126651
2057,0.028534000739455223,0.0005034221103414893
2058,-0.026399999856948853,0.0005034267669543624
2059,0.03866700083017349,0.0005034691421315074
2060,0.01866699941456318,0.000503566931001842
2061,0.03866700083017349,0.000503597897477448
2062,0.008533000014722347,0.0005035183858126402
2063,0.01360000018030405,0.0005032584303990006
2064,-0.011466999538242817,0.0005032287444919348
2065,0.08373399823904037,0.000503555522300303
2066,-0.03653400018811226,0.0005037406226620078
2067,0.043733999133110046,0.0005037286318838596
2068,-0.011466999538242817,0.0005036469083279371
2069,0.03359999880194664,0.0005034126224927604
2070,-0.0013330000219866633,0.0005032115732319653
2071,0.02346700057387352,0.0005029858439229429
2072,-0.0013330000219866633,0.0005028294399380684
2073,0.01866699941456318,0.0005027520237490535
2074,-0.026399999856948853,0.0005028877640143037
2075,-0.0013330000219866633,0.0005028403829783201
2076,-0.011466999538242817,0.0005027198931202292
2077,0.04853399842977524,0.0005025436403229833
2078,0.003467000089585781,0.0005025287391617894
2079,0.003467000089585781,0.0005025370046496391
2080,-0.026399999856948853,0.0005025974824093282
2081,0.07360100001096725,0.0005026289727538824
2082,-0.011466999538242817,0.000502691138535738
2083,0.028534000739455223,0.0005026063299737871
2084,-0.0013330000219866633,0.0005026297876611352
2085,0.03866700083017349,0.0005022815312258899
2086,-0.04160099849104881,0.0005021266406401992
2087,0.01360000018030405,0.0005021422985009849
2088,-0.031466998159885406,0.0005021231481805444
2089,0.028534000739455223,0.0005020468379370868
2090,-0.03653400018811226,0.0005020197713747621
2091,0.03359999880194664,0.0005020112148486078
2092,-0.0013330000219866633,0.0005021964898332953
2093,0.03359999880194664,0.0005024312413297594
2094,0.008533000014722347,0.0005027262377552688
2095,0.06373400241136551,0.0005030999309383333
2096,-0.02160000056028366,0.000503343646414578
2097,0.04853399842977524,0.0005035705398768187
2098,0.003467000089585781,0.0005036771763116121
2099,0.05360100045800209,0.0005039642564952374
2100,-0.0013330000219866633,0.0005041011609137058
2101,0.03866700083017349,0.0005044619902037084
2102,0.028534000739455223,0.0005048135062679648
2103,0.05360100045800209,0.0005054095527157187
2104,-0.016534000635147095,0.0005057917442172766
2105,0.03359999880194664,0.0005062104901298881
2106,0.01360000018030405,0.0005066097946837544
2107,0.003467000089585781,0.0005071375053375959
2108,-0.0013330000219866633,0.0005076595116406679
2109,0.06373400241136551,0.0005081561394035816
2110,-0.02160000056028366,0.0005086525925435126
2111,0.03866700083017349,0.000509144039824605
2112,0.003467000089585781,0.0005096130771562457
2113,0.05360100045800209,0.0005102320574223995
2114,0.008533000014722347,0.0005108811892569065
2115,0.07360100001096725,0.0005116047686897218
2116,0.01360000018030405,0.0005119042471051216
2117,0.05866700038313866,0.0005124000599607825
2118,0.003467000089585781,0.0005126610049046576
2119,0.028534000739455223,0.0005129594937898219
2120,-0.006399999838322401,0.0005130169447511435
2121,0.03866700083017349,0.0005130831268616021
2122,-0.0013330000219866633,0.0005131937796249986
2123,0.05360100045800209,0.0005133578088134527
2124,-0.05146700143814087,0.0005135576939210296
2125,0.028534000739455223,0.0005138183478266001
2126,0.02346700057387352,0.0005139656132087111
2127,0.02346700057387352,0.0005139901768416166
2128,0.003467000089585781,0.000514283892698586
2129,0.028534000739455223,0.0005146098555997014
2130,-0.0013330000219866633,0.0005147867486812174
2131,0.04853399842977524,0.0005151134100742638
2132,0.02346700057387352,0.0005154344253242016
2133,0.06373400241136551,0.0005157620762474835
2134,0.008533000014722347,0.0005163655150681734
2135,0.02346700057387352,0.0005226617213338614
2136,-0.026399999856948853,0.0006191216525621712
2137,0.03359999880194664,0.0007352748070843518
2138,0.008533000014722347,0.0007946555269882083
2139,0.003467000089585781,0.0008266986114904284
2140,-0.02160000056028366,0.0008493096102029085
2141,0.01360000018030405,0.0008646134519949555
2142,0.003467000089585781,0.000877341371960938
2143,0.05866700038313866,0.0008926861919462681
2144,-0.016534000635147095,0.0009057889692485332
2145,0.04853399842977524,0.0009206758113577962
2146,0.008533000014722347,0.0009330222383141518
2147,0.03866700083017349,0.0009462570305913687
2148,0.003467000089585781,0.0009578612516634166
2149,0.06373400241136551,0.0009690743172541261
2150,-0.011466999538242817,0.0009787550661712885
2151,0.03866700083017349,0.000987754319794476
2152,0.003467000089585781,0.000994600704871118
2153,0.043733999133110046,0.0010010323021560907
2154,-0.0013330000219866633,0.0010064971866086125
2155,0.043733999133110046,0.0010119068901985884
2156,-0.0013330000219866633,0.0010173876071348786
2157,0.028534000739455223,0.001022128388285637
2158,0.008533000014722347,0.001027372432872653
2159,0.03866700083017349,0.0010320318397134542
2160,-0.026399999856948853,0.0010373519035056233
2161,0.003467000089585781,0.0010429141111671925
2162,0.01360000018030405,0.0010479966877028346
2163,0.05360100045800209,0.0010535079054534435
2164,-0.026399999856948853,0.0010577253997325897
2165,0.03359999880194664,0.0010618960950523615
2166,0.008533000014722347,0.0010652922792360187
2167,0.04853399842977524,0.0010676957899704576
2168,-0.0013330000219866633,0.001069588353857398
2169,0.03359999880194664,0.001071027247235179
2170,0.003467000089585781,0.0010724964085966349
2171,0.03866700083017349,0.0010740470606833696
2172,-0.0013330000219866633,0.0010760686127468944
2173,0.02346700057387352,0.0010784948244690895
2174,0.01866699941456318,0.001080079353414476
2175,0.03359999880194664,0.001081564580090344
2176,0.028534000739455223,0.001082367030903697
2177,0.003467000089585781,0.0010836472501978278
2178,-0.011466999538242817,0.0010850533144548535
2179,0.02346700057387352,0.0010858757887035608
2180,-0.006399999838322401,0.0010864820796996355
2181,0.04853399842977524,0.0010870187543332577
2182,0.01360000018030405,0.0010873706778511405
2183,0.03866700083017349,0.0010876876767724752
2184,0.003467000089585781,0.0010881272610276937
2185,0.01866699941456318,0.001088202465325594
2186,0.008533000014722347,0.0010884313378483057
2187,0.07360100001096725,0.0010885854717344046
2188,-0.0013330000219866633,0.0010891412384808064
2189,0.05360100045800209,0.0010897088795900345
2190,-0.0013330000219866633,0.0010905885137617588
2191,0.003467000089585781,0.0010909620905295014
2192,0.003467000089585781,0.0010916406754404306
2193,0.03866700083017349,0.001091814716346562
2194,0.02346700057387352,0.0010920712957158685
2195,0.02346700057387352,0.0010922073852270842
2196,0.028534000739455223,0.0010921552311629057
2197,0.04853399842977524,0.0010923645459115505
2198,-0.02160000056028366,0.0010923957452178001
2199,0.03866700083017349,0.001092693884856999
2200,-0.0013330000219866633,0.0010932257864624262
2201,0.02346700057387352,0.0010943511733785272
2202,-0.011466999538242817,0.0010963375680148602
2203,0.03866700083017349,0.0010984943946823478
2204,0.01360000018030405,0.0011016922071576118
2205,0.01360000018030405,0.001105402479879558
2206,-0.006399999838322401,0.0011089661857113242
2207,0.05360100045800209,0.0011121050920337439
2208,0.02346700057387352,0.0011152629740536213
2209,0.04853399842977524,0.0011177773121744394
2210,0.003467000089585781,0.0011205885093659163
2211,0.043733999133110046,0.0011240816675126553
2212,-0.0013330000219866633,0.001127879018895328
2213,0.02346700057387352,0.0011322549544274807
2214,-0.02160000056028366,0.001138961291871965
2215,0.01866699941456318,0.0011502766283228993
2216,-0.006399999838322401,0.0011672638356685638
2217,0.008533000014722347,0.0011902372352778912
2218,-0.006399999838322401,0.001220054691657424
2219,0.01360000018030405,0.0012583041097968817
2220,0.003467000089585781,0.0013059370685368776
2221,0.05360100045800209,0.0013582922983914614
2222,0.028534000739455223,0.0014159997226670384
2223,0.03866700083017349,0.0014805367682129145
2224,0.003467000089585781,0.0015530154341831803
2225,0.028534000739455223,0.001635323278605938
2226,0.008533000014722347,0.0017251006793230772
2227,0.05360100045800209,0.0018141986802220345
2228,-0.0013330000219866633,0.0019023374188691378
2229,0.01360000018030405,0.001989788841456175
2230,0.003467000089585781,0.0020782663486897945
2231,0.03866700083017349,0.0021646753884851933
2232,0.003467000089585781,0.002242581220343709
2233,0.04853399842977524,0.0023130993358790874
2234,-0.02160000056028366,0.002377841854467988
2235,0.04853399842977524,0.0024381661787629128
2236,-0.026399999856948853,0.002495766617357731
2237,0.04853399842977524,0.0025521013885736465
2238,-0.02160000056028366,0.002607010304927826
2239,0.09360100328922272,0.0026564591098576784
2240,-0.02160000056028366,0.0027025213930755854
2241,0.03866700083017349,0.002745789010077715
2242,0.02346700057387352,0.0027876326348632574
2243,0.028534000739455223,0.0028288697358220816
2244,-0.04160099849104881,0.0028703096322715282
2245,0.04853399842977524,0.002911522053182125
2246,0.01360000018030405,0.002951236441731453
2247,0.02346700057387352,0.0029903301037847996
2248,0.003467000089585781,0.003029387444257736
2249,0.04853399842977524,0.003068374702706933
2250,0.008533000014722347,0.0031076993327587843
2251,0.05866700038313866,0.0031463257037103176
2252,0.02346700057387352,0.0031826277263462543
2253,0.03866700083017349,0.003216584213078022
2254,-0.02160000056028366,0.0032487339340150356
2255,0.03359999880194664,0.003279090393334627
2256,0.01360000018030405,0.0033078924752771854
2257,0.03866700083017349,0.003335355781018734
2258,0.008533000014722347,0.0033618835732340813
2259,0.05360100045800209,0.0033876169472932816
2260,0.01360000018030405,0.0034129275009036064
2261,0.05360100045800209,0.0034378001000732183
2262,0.05360100045800209,0.0034627262502908707
2263,0.028534000739455223,0.00348792620934546
2264,0.028534000739455223,0.0035134663339704275
2265,0.06373400241136551,0.0035393177531659603
2266,-0.02160000056028366,0.0035647975746542215
2267,0.07360100001096725,0.0035898915957659483
2268,-0.006399999838322401,0.003613546956330538
2269,0.05360100045800209,0.003635863773524761
2270,-0.0013330000219866633,0.0036572313401848078
2271,0.04853399842977524,0.0036774608306586742
2272,0.003467000089585781,0.0036969848442822695
2273,0.05866700038313866,0.003715706756338477
2274,0.01360000018030405,0.003734240774065256
2275,0.07360100001096725,0.0037523815408349037
2276,0.01360000018030405,0.003770549315959215
2277,0.03866700083017349,0.0037884938064962626
2278,-0.02160000056028366,0.003806468565016985
2279,0.043733999133110046,0.0038244063034653664
2280,0.028534000739455223,0.00384244485758245
2281,0.05360100045800209,0.003860748838633299
2282,0.01866699941456318,0.0038793699350208044
2283,0.03359999880194664,0.0038981474936008453
2284,0.003467000089585781,0.003917302004992962
2285,0.05360100045800209,0.003936593420803547
2286,0.01360000018030405,0.003956233616918325
2287,0.07360100001096725,0.003976359032094479
2288,0.008533000014722347,0.003997011110186577
2289,0.07360100001096725,0.004018277861177921
2290,0.028534000739455223,0.004040230996906757
2291,0.05866700038313866,0.0040631345473229885
2292,-0.011466999538242817,0.004087021574378014
2293,0.06373400241136551,0.004112047143280506
2294,0.03866700083017349,0.004138293210417032
2295,0.04853399842977524,0.004165442660450935
2296,-0.026399999856948853,0.004192635416984558
2297,0.0685340017080307,0.00421978160738945
2298,-0.016534000635147095,0.004246651194989681
2299,0.03866700083017349,0.004272810183465481
2300,0.01866699941456318,0.004298556596040726
2301,0.03359999880194664,0.004323791712522507
2302,-0.0013330000219866633,0.004348750226199627
2303,0.05866700038313866,0.004373352974653244
2304,0.01360000018030405,0.0043979729525744915
2305,0.03359999880194664,0.00442266371101141
2306,-0.006399999838322401,0.004447695799171925
2307,0.06373400241136551,0.004473045468330383
2308,-0.02160000056028366,0.004498862661421299
2309,0.02346700057387352,0.004525423981249332
2310,0.01360000018030405,0.004552878439426422
2311,0.06373400241136551,0.004581401124596596
2312,0.003467000089585781,0.004611018113791943
2313,0.04853399842977524,0.0046417564153671265
2314,0.003467000089585781,0.00467357411980629
2315,0.05360100045800209,0.004705682396888733
2316,-0.006399999838322401,0.00473815156146884
2317,0.04853399842977524,0.00477093830704689
2318,-0.0013330000219866633,0.004804267548024654
2319,0.05866700038313866,0.0048383679240942
2320,-0.04666699841618538,0.0048731365241110325
2321,0.07866799831390381,0.004906981252133846
2322,0.003467000089585781,0.00494029838591814
2323,0.03866700083017349,0.004973005503416061
2324,0.003467000089585781,0.005005476530641317
2325,0.043733999133110046,0.005037445574998856
2326,0.008533000014722347,0.005068585276603699
2327,0.03866700083017349,0.005099127534776926
2328,-0.0013330000219866633,0.0051290420815348625
2329,0.03866700083017349,0.005157997831702232
2330,-0.0013330000219866633,0.005185568705201149
2331,0.03866700083017349,0.005212088115513325
2332,0.003467000089585781,0.00523761473596096
2333,0.05360100045800209,0.0052622240036726
2334,0.008533000014722347,0.005286058411002159
2335,0.04853399842977524,0.0053093042224645615
2336,0.003467000089585781,0.005332097411155701
2337,0.028534000739455223,0.005354622378945351
2338,-0.026399999856948853,0.0053771138191223145
2339,0.02346700057387352,0.005399797577410936
2340,0.01360000018030405,0.0054227691143751144
2341,0.03866700083017349,0.005444950889796019
2342,-0.016534000635147095,0.005466402042657137
2343,0.05360100045800209,0.005486915819346905
2344,0.01866699941456318,0.00550655834376812
2345,0.04853399842977524,0.0055250851437449455
2346,0.003467000089585781,0.005542416125535965
2347,0.02346700057387352,0.005558232311159372
2348,0.003467000089585781,0.00557264219969511
2349,0.028534000739455223,0.005585883744060993
2350,-0.011466999538242817,0.005598324351012707
2351,0.03359999880194664,0.005609908141195774
2352,0.01360000018030405,0.005621078424155712
2353,0.043733999133110046,0.005631769075989723
2354,0.01866699941456318,0.005641966126859188
2355,0.0685340017080307,0.005651690997183323
2356,-0.016534000635147095,0.005661311559379101
2357,0.06373400241136551,0.005670688580721617
2358,-0.03653400018811226,0.005679651163518429
2359,0.05360100045800209,0.005688252858817577
2360,0.003467000089585781,0.00569708738476038
2361,0.01866699941456318,0.005706144496798515
2362,-0.02160000056028366,0.005715571343898773
2363,0.03866700083017349,0.005725274793803692
2364,0.003467000089585781,0.005734596401453018
2365,0.05866700038313866,0.0057436879724264145
2366,-0.0013330000219866633,0.005752247292548418
2367,0.03866700083017349,0.0057603903114795685
2368,-0.006399999838322401,0.005767603404819965
2369,0.01360000018030405,0.005773412995040417
2370,0.008533000014722347,0.0057780807837843895
2371,0.05866700038313866,0.005782194435596466
2372,-0.02160000056028366,0.005786205176264048
2373,0.04853399842977524,0.005789717193692923
2374,0.01360000018030405,0.00579301780089736
2375,0.05360100045800209,0.005795885808765888
2376,0.008533000014722347,0.005798401311039925
2377,0.02346700057387352,0.0058007389307022095
2378,0.008533000014722347,0.005802886560559273
2379,0.07866799831390381,0.00580487959086895
2380,-0.026399999856948853,0.005806901957839727
2381,0.05360100045800209,0.005809136666357517
2382,0.03359999880194664,0.005811543669551611
2383,0.028534000739455223,0.00581405870616436
2384,0.01360000018030405,0.005816245451569557
2385,0.03866700083017349,0.005818176083266735
2386,-0.0013330000219866633,0.0058198729529976845
2387,0.06373400241136551,0.005821314640343189
2388,-0.011466999538242817,0.005822768434882164
2389,0.05360100045800209,0.005824151914566755
2390,0.25387001037597656,0.005825459957122803
2391,0.609607994556427,0.005821117199957371
2392,0.8549439907073975,0.005726771894842386
2393,1.1904150247573853,0.005612796172499657
2394,1.3258830308914185,0.005555811338126659
2395,1.4410849809646606,0.005526147782802582
2396,1.3909510374069214,0.005506047047674656
2397,1.4960190057754517,0.005493177101016045
2398,1.4861520528793335,0.0054825348779559135
2399,1.5261520147323608,0.005469047464430332
2400,1.5061520338058472,0.005457581020891666
2401,1.6061530113220215,0.005444041453301907
2402,1.5560189485549927,0.005433202721178532
2403,1.6162869930267334,0.005421924404799938
2404,1.6013530492782593,0.005412771832197905
2405,1.641353964805603,0.00540387537330389
2406,1.6013530492782593,0.005396399646997452
2407,1.636286973953247,0.005389432422816753
2408,1.6013530492782593,0.005384325049817562
2409,1.636286973953247,0.005379322450608015
2410,1.6013530492782593,0.005375385284423828
2411,1.6664210557937622,0.00537134800106287
2412,1.641353964805603,0.00536690978333354
2413,1.7064210176467896,0.005363181233406067
2414,1.6864210367202759,0.005359029863029718
2415,1.7264219522476196,0.005355329252779484
2416,1.7162879705429077,0.005351458676159382
2417,1.796555995941162,0.005347924306988716
2418,1.7514890432357788,0.0053449152037501335
2419,1.8114889860153198,0.005341743119060993
2420,1.796555995941162,0.005339933093637228
2421,1.8216229677200317,0.005338519345968962
2422,1.7765560150146484,0.005337478592991829
2423,1.8416229486465454,0.005336851812899113
2424,1.781622052192688,0.005336496978998184
2425,1.8066890239715576,0.0053367698565125465
2426,1.7864220142364502,0.005336888134479523
2427,1.8314900398254395,0.005337351001799107
2428,1.7616219520568848,0.0053376490250229836
2429,1.801622986793518,0.005337823182344437
2430,1.7765560150146484,0.005339359398931265
2431,1.7864220142364502,0.005341359414160252
2432,1.7864220142364502,0.005344563163816929
2433,1.7864220142364502,0.005348446778953075
2434,1.7565549612045288,0.005352433305233717
2435,1.8066890239715576,0.0053565832786262035
2436,1.7765560150146484,0.005361049436032772
2437,1.781622052192688,0.005365793593227863
2438,1.7464220523834229,0.00537109375
2439,1.7914890050888062,0.005376539193093777
2440,1.7616219520568848,0.005382578354328871
2441,1.796555995941162,0.00538994837552309
2442,1.7064210176467896,0.005397946108132601
2443,1.7714890241622925,0.005406267940998077
2444,1.7464220523834229,0.005414299666881561
2445,1.781622052192688,0.005422465968877077
2446,1.7514890432357788,0.005430862307548523
2447,1.796555995941162,0.005440882872790098
2448,1.7514890432357788,0.005451170727610588
2449,1.781622052192688,0.0054625156335532665
2450,1.7314879894256592,0.005473871249705553
2451,1.7765560150146484,0.005484807305037975
2452,1.7864220142364502,0.00549576710909605
2453,1.796555995941162,0.005506697576493025
2454,1.7413549423217773,0.005517738871276379
2455,1.8114889860153198,0.00552853150293231
2456,1.7514890432357788,0.0055397991091012955
2457,1.8066890239715576,0.005550334230065346
2458,1.7664220333099365,0.005559811368584633
2459,1.8114889860153198,0.005568633787333965
2460,1.7565549612045288,0.005577036179602146
2461,1.781622052192688,0.005585679784417152
2462,1.7514890432357788,0.005595167633146048
2463,1.7664220333099365,0.005603760480880737
2464,1.7213549613952637,0.005611608270555735
2465,1.7464220523834229,0.005618625786155462
2466,0.9250779747962952,0.005622968077659607
2467,0.24907000362873077,0.005624833516776562
2468,-0.4221389889717102,0.005624745506793261
2469,-0.9229450225830078,0.005622992292046547
2470,-1.188547968864441,0.005618643946945667
2471,-1.1733479499816895,0.005609200336039066
2472,-1.2536159753799438,0.005593642592430115
2473,-1.2685489654541016,0.005571730434894562
2474,-1.3837510347366333,0.005542697384953499
2475,-1.3536169528961182,0.005505014676600695
2476,-1.4237509965896606,0.005457977764308453
2477,-1.468817949295044,0.0054061273112893105
2478,-1.498952031135559,0.005348783917725086
2479,-1.4840190410614014,0.005284745711833239
2480,-1.5992200374603271,0.005212762393057346
2481,-1.5440189838409424,0.005130842328071594
2482,-1.6090869903564453,0.0050413114950060844
2483,-1.5941530466079712,0.004952300805598497
2484,-1.629086971282959,0.0048643783666193485
2485,-1.6090869903564453,0.004777063149958849
2486,-1.6192200183868408,0.00468873418867588
2487,-1.629086971282959,0.00460243783891201
2488,-1.6792210340499878,0.004524725954979658
2489,-1.6493539810180664,0.004454372450709343
2490,-1.729354977607727,0.004389863461256027
2491,-1.724287986755371,0.00432979129254818
2492,-1.8394900560379028,0.004272205755114555
2493,-1.8144229650497437,0.004215754568576813
2494,-1.8997570276260376,0.0041620610281825066
2495,-1.9146909713745117,0.004116973839700222
2496,-1.8997570276260376,0.004078235477209091
2497,-1.8946900367736816,0.004043384455144405
2498,-1.9397579431533813,0.004011418670415878
2499,-1.889623999595642,0.0039801038801670074
2500,-1.9397579431533813,0.003948379773646593
2501,-1.9096239805221558,0.003917388152331114
2502,-1.9296239614486694,0.0038875150494277477
2503,-1.874690055847168,0.003857852192595601
2504,-1.9146909713745117,0.003827254520729184
2505,-1.8546899557113647,0.0037963043432682753
2506,-1.9296239614486694,0.0037652975879609585
2507,-1.874690055847168,0.0037351094651967287
2508,-1.889623999595642,0.0037073916755616665
2509,-1.8845570087432861,0.003682645270600915
2510,-1.8997570276260376,0.003660050220787525
2511,-1.874690055847168,0.003639336209744215
2512,-1.9146909713745117,0.0036200853064656258
2513,-1.8496229648590088,0.0036025061272084713
2514,-1.889623999595642,0.003585145343095064
2515,-1.8344229459762573,0.003568388754501939
2516,-1.8946900367736816,0.003552374430000782
2517,-1.8194890022277832,0.0035375808365643024
2518,-1.889623999595642,0.0035226838663220406
2519,-1.8546899557113647,0.0035065007396042347
2520,-1.9045569896697998,0.003489301074296236
2521,-1.8394900560379028,0.0034710094332695007
2522,-1.874690055847168,0.0034524223301559687
2523,-1.8496229648590088,0.003433376317843795
2524,-1.8645570278167725,0.003414873033761978
2525,-1.8394900560379028,0.003397303866222501
2526,-1.8794900178909302,0.0033803721889853477
2527,-1.8296229839324951,0.003364420961588621
2528,-1.8794900178909302,0.00334917102009058
2529,-1.8045560121536255,0.003335036803036928
2530,-1.8997570276260376,0.003321649506688118
2531,-1.8144229650497437,0.003308081068098545
2532,-1.8645570278167725,0.003294400405138731
2533,-1.8344229459762573,0.0032803663052618504
2534,-1.8645570278167725,0.003266261424869299
2535,-1.8496229648590088,0.00325212930329144
2536,-1.8696229457855225,0.003237695200368762
2537,-1.8245559930801392,0.0032232459634542465
2538,-1.8546899557113647,0.003208214184269309
2539,-1.8344229459762573,0.0031932187266647816
2540,-1.8546899557113647,0.003177973907440901
2541,-1.8394900560379028,0.0031629097647964954
2542,-1.8245559930801392,0.003147238167002797
2543,-1.7845560312271118,0.0031304643489420414
2544,-1.874690055847168,0.0031122458167374134
2545,-1.8144229650497437,0.0030929413624107838
2546,-1.8645570278167725,0.0030727579724043608
2547,-1.8496229648590088,0.003051095176488161
2548,-1.8845570087432861,0.003028273582458496
2549,-1.8645570278167725,0.0030043134465813637
2550,-1.8997570276260376,0.0029789861291646957
2551,-1.8144229650497437,0.0029528806917369366
2552,-1.8546899557113647,0.0029269326478242874
2553,-1.8394900560379028,0.002900979947298765
2554,-1.8394900560379028,0.002875010948628187
2555,-1.8296229839324951,0.0028499362524598837
2556,-1.8645570278167725,0.0028256254736334085
2557,-1.8245559930801392,0.0028019645251333714
2558,-1.8496229648590088,0.002778181806206703
2559,-1.8546899557113647,0.0027542589232325554
2560,-1.8594900369644165,0.0027300934307277203
2561,-1.8296229839324951,0.002705620601773262
2562,-1.8794900178909302,0.002680668141692877
2563,-1.8296229839324951,0.002655153861269355
2564,-1.889623999595642,0.0026289266534149647
2565,-1.8194890022277832,0.0026019271463155746
2566,-1.8496229648590088,0.0025740626733750105
2567,-1.8245559930801392,0.0025452203117311
2568,-1.8445559740066528,0.002515226136893034
2569,-1.789355993270874,0.0024840310215950012
2570,-1.874690055847168,0.002451772801578045
2571,-1.7994890213012695,0.0024191676639020443
2572,-1.8546899557113647,0.0023861953523010015
2573,-1.8245559930801392,0.0023528693709522486
2574,-1.874690055847168,0.0023190102074295282
2575,-1.8296229839324951,0.0022844793274998665
2576,-1.8997570276260376,0.0022491514682769775
2577,-1.8144229650497437,0.002214368898421526
2578,-1.8645570278167725,0.0021803309209644794
2579,-1.8496229648590088,0.00214696628972888
2580,-1.8645570278167725,0.0021140719763934612
2581,-1.8445559740066528,0.002081732265651226
2582,-1.8546899557113647,0.0020502391271293163
2583,-1.7994890213012695,0.002019498497247696
2584,-1.8546899557113647,0.0019893990829586983
2585,-1.8296229839324951,0.001960169989615679
2586,-1.8645570278167725,0.001932251383550465
2587,-1.8245559930801392,0.0019058329053223133
2588,-1.889623999595642,0.0018813663627952337
2589,-1.8394900560379028,0.00185933499597013
2590,-1.8845570087432861,0.001839260570704937
2591,-1.8296229839324951,0.0018205051310360432
2592,-1.8445559740066528,0.0018020516727119684
2593,-1.8194890022277832,0.001783787040039897
2594,-1.8546899557113647,0.0017650631489232183
2595,-1.8546899557113647,0.0017458838410675526
2596,-1.874690055847168,0.0017258459702134132
2597,-1.8496229648590088,0.0017066102009266615
2598,-1.8645570278167725,0.0016881392803043127
2599,-1.8245559930801392,0.0016707738395780325
2600,-1.874690055847168,0.0016548524145036936
2601,-1.8445559740066528,0.0016396718565374613
2602,-1.8245559930801392,0.0016255772206932306
2603,-1.8045560121536255,0.0016129359137266874
2604,-1.8496229648590088,0.0016018319875001907
2605,-1.8144229650497437,0.0015921625308692455
2606,-1.8696229457855225,0.0015833431389182806
2607,-1.8394900560379028,0.001575426897034049
2608,-1.8546899557113647,0.0015684067038819194
2609,-1.8144229650497437,0.0015618870966136456
2610,-1.8546899557113647,0.0015557658625766635
2611,-1.8144229650497437,0.0015498045831918716
2612,-1.889623999595642,0.0015439973212778568
2613,-1.8394900560379028,0.0015383686404675245
2614,-1.8546899557113647,0.0015333205228671432
2615,-1.8296229839324951,0.0015280903317034245
2616,-1.889623999595642,0.0015227764379233122
2617,-1.8546899557113647,0.0015173228457570076
2618,-1.9045569896697998,0.0015117181465029716
2619,-1.8144229650497437,0.0015059122815728188
2620,-1.8645570278167725,0.001500380807556212
2621,-1.8546899557113647,0.0014953634236007929
2622,-1.2736159563064575,0.001491126837208867
2623,-0.37200498580932617,0.001487187808379531
2624,0.1386680006980896,0.001484107575379312
2625,0.865077018737793,0.0014822084922343493
2626,1.0802799463272095,0.0014809273416176438
2627,1.1053470373153687,0.0014798289630562067
2628,1.1002800464630127,0.0014791570138186216
2629,1.1954820156097412,0.0014791080029681325
2630,1.25068199634552,0.0014798346674069762
2631,1.2856160402297974,0.0014814446913078427
2632,1.2856160402297974,0.0014840061776340008
2633,1.3858840465545654,0.0014866942074149847
2634,1.37575101852417,0.001489249523729086
2635,1.4309509992599487,0.0014915443025529385
2636,1.4309509992599487,0.0014936577063053846
2637,1.4960190057754517,0.0014958271058276296
2638,1.4509509801864624,0.0014980188570916653
2639,1.5261520147323608,0.0015004753367975354
2640,1.4560179710388184,0.0015034761745482683
2641,1.5109519958496094,0.001506661530584097
2642,1.481084942817688,0.0015101435128599405
2643,1.5312190055847168,0.001513799768872559
2644,1.5261520147323608,0.0015172518324106932
2645,1.5912200212478638,0.0015207729302346706
2646,1.5962870121002197,0.001524392981082201
2647,1.7114880084991455,0.0015278514474630356
2648,1.7264219522476196,0.001530979061499238
2649,1.796555995941162,0.001533946255221963
2650,1.781622052192688,0.0015365197323262691
2651,1.8216229677200317,0.0015384963480755687
2652,1.8066890239715576,0.0015398776158690453
2653,1.5160189867019653,0.0015401964774355292
2654,0.3992049992084503,0.0015401176642626524
2655,-0.0013330000219866633,0.001540034543722868
2656,-0.8026769757270813,0.001539882505312562
2657,-1.0432130098342896,0.0015397495590150356
2658,-1.1784149408340454,0.001539306016638875
2659,-1.1634809970855713,0.0015382065903395414
2660,-1.243481993675232,0.001536656403914094
2661,-1.2634819746017456,0.0015350410249084234
2662,-1.338683009147644,0.0015335360076278448
2663,-1.3336169719696045,0.0015321422833949327
2664,-1.4138840436935425,0.0015309391310438514
2665,-1.4138840436935425,0.0015298444777727127
2666,-1.4789520502090454,0.0015287939459085464
2667,-1.5138859748840332,0.0015278118662536144
2668,-1.574152946472168,0.0015271313022822142
2669,-1.509086012840271,0.0015263466630131006
2670,-1.564020037651062,0.0015252574812620878
2671,-1.5440189838409424,0.0015241806395351887
2672,-1.5840200185775757,0.0015226614195853472
2673,-1.6040199995040894,0.0015206352109089494
2674,-1.6192200183868408,0.00151832343544811
2675,-1.5992200374603271,0.0015158988535404205
2676,-1.6741540431976318,0.0015134093118831515
2677,-1.6592210531234741,0.0015104468911886215
2678,-1.7642890214920044,0.0015079625882208347
2679,-1.7642890214920044,0.0015059355646371841
2680,-1.874690055847168,0.0015041886363178492
2681,-1.8496229648590088,0.0015022563748061657
2682,-1.8997570276260376,0.0015004770830273628
2683,-1.8794900178909302,0.00149825238622725
2684,-1.9648250341415405,0.0014956502709537745
2685,-1.9245569705963135,0.0014928316231817007
2686,-1.9397579431533813,0.001489384681917727
2687,-1.9197570085525513,0.0014857123605906963
2688,-1.9797580242156982,0.0014815317699685693
2689,-1.8946900367736816,0.00147622125223279
2690,-1.9197570085525513,0.0014707216760143638
2691,-1.9045569896697998,0.0014655418926849961
2692,-1.8794900178909302,0.0014603035524487495
2693,-1.8645570278167725,0.0014549184124916792
2694,-1.9045569896697998,0.0014492266345769167
2695,-1.8546899557113647,0.0014434658223763108
2696,-1.889623999595642,0.0014371154829859734
2697,-1.8394900560379028,0.0014296212466433644
2698,-1.874690055847168,0.0014212948735803366
2699,-1.8645570278167725,0.0014127459144219756
2700,-1.8794900178909302,0.0014041044050827622
2701,-1.8394900560379028,0.001395407714881003
2702,-1.9045569896697998,0.0013860943727195263
2703,-1.8245559930801392,0.0013755940599367023
2704,-1.8794900178909302,0.0013646240113303065
2705,-1.8645570278167725,0.001353100873529911
2706,-1.874690055847168,0.0013415568973869085
2707,-1.8696229457855225,0.0013304115273058414
2708,-1.889623999595642,0.00131940224673599
2709,-1.8496229648590088,0.001308040926232934
2710,-1.8546899557113647,0.0012967991642653942
2711,-1.8296229839324951,0.0012854153756052256
2712,-1.8496229648590088,0.0012732036411762238
2713,-1.8144229650497437,0.0012611537240445614
2714,-1.8496229648590088,0.001249432796612382
2715,-1.8194890022277832,0.001238137250766158
2716,-1.8445559740066528,0.0012262783711776137
2717,-1.8245559930801392,0.0012137267040088773
2718,-1.8645570278167725,0.0012004079762846231
2719,-1.7994890213012695,0.0011883322149515152
2720,-1.8496229648590088,0.0011771314311772585
2721,-1.8245559930801392,0.001167296664789319
2722,-1.8496229648590088,0.0011600311845541
2723,-1.7994890213012695,0.0011545143788680434
2724,-1.8546899557113647,0.001150467898696661
2725,-1.7994890213012695,0.001147318398579955
2726,-1.8296229839324951,0.0011446557473391294
2727,-1.8045560121536255,0.0011423404794186354
2728,-1.8645570278167725,0.0011404132237657905
2729,-1.7944220304489136,0.0011387472040951252
2730,-1.8296229839324951,0.0011373038869351149
2731,-1.8045560121536255,0.001136032398790121
2732,-1.8445559740066528,0.0011349027045071125
2733,-1.8245559930801392,0.0011338682379573584
2734,-1.889623999595642,0.0011329154949635267
2735,-1.8096230030059814,0.0011319901095703244
2736,-1.8645570278167725,0.0011311151320114732
2737,-1.8045560121536255,0.0011302318889647722
2738,-1.8546899557113647,0.0011294159339740872
2739,-1.8445559740066528,0.001128610922023654
2740,-1.8546899557113647,0.0011278287274762988
2741,-1.789355993270874,0.0011270730756223202
2742,-1.8394900560379028,0.0011264111381024122
2743,-1.8144229650497437,0.0011257631704211235
2744,-1.8696229457855225,0.0011251815594732761
2745,-1.8296229839324951,0.00112471217289567
2746,-1.8645570278167725,0.0011249048402532935
2747,-1.2184150218963623,0.0011260724859312177
2748,-0.3970719873905182,0.0011276789009571075
2749,0.2189359962940216,0.0011293255956843495
2750,0.8298770189285278,0.0011300508631393313
2751,1.0802799463272095,0.0011273822747170925
2752,1.1002800464630127,0.0011219182051718235
2753,1.1754809617996216,0.0011151476064696908
2754,1.2056150436401367,0.0011070340406149626
2755,1.2906830310821533,0.0010987480636686087
2756,1.25068199634552,0.0010906304232776165
2757,1.3408169746398926,0.0010815425775945187
2758,1.305616021156311,0.001072850194759667
2759,1.4309509992599487,0.0010651461780071259
2760,1.4309509992599487,0.0010589869925752282
2761,1.4610849618911743,0.001053438289090991
2762,1.4509509801864624,0.0010477728210389614
2763,1.4909520149230957,0.0010417420417070389
2764,1.4509509801864624,0.0010360893793404102
2765,1.5109519958496094,0.001029317732900381
2766,1.476017951965332,0.001022038864903152
2767,1.546152949333191,0.001014087232761085
2768,1.5210859775543213,0.0010061291977763176
2769,1.5762859582901,0.000997793162241578
2770,1.541085958480835,0.0009904323378577828
2771,1.6712210178375244,0.000983891193754971
2772,1.6762880086898804,0.0009772819466888905
2773,1.7514890432357788,0.0009699937072582543
2774,1.7314879894256592,0.0009636380127631128
2775,1.8216229677200317,0.0009586961241438985
2776,1.7914890050888062,0.000955027702730149
2777,1.8365559577941895,0.0009530765237286687
2778,1.781622052192688,0.000951760564930737
2779,1.846690058708191,0.000951161258853972
2780,1.8416229486465454,0.0009514169069007039
2781,1.8816239833831787,0.0009521618485450745
2782,1.8066890239715576,0.0009535280987620354
2783,1.8365559577941895,0.0009550488321110606
2784,1.8114889860153198,0.000957363867200911
2785,1.8216229677200317,0.0009605292580090463
2786,1.7765560150146484,0.0009638142655603588
2787,1.8066890239715576,0.0009681031806394458
2788,1.7765560150146484,0.0009725952986627817
2789,1.7714890241622925,0.0009778570383787155
2790,1.7464220523834229,0.0009840682614594698
2791,1.8066890239715576,0.0009914180263876915
2792,1.7565549612045288,0.0009994169231504202
2793,1.8114889860153198,0.0010074684396386147
2794,1.7765560150146484,0.0010160894598811865
2795,1.8066890239715576,0.0010238585527986288
2796,1.7064210176467896,0.001031695632264018
2797,1.796555995941162,0.001039324328303337
2798,1.7264219522476196,0.0010471330024302006
2799,1.7914890050888062,0.001056060427799821
2800,1.7565549612045288,0.00106679811142385
2801,1.7714890241622925,0.0010776056442409754
2802,1.7565549612045288,0.0010880469344556332
2803,1.796555995941162,0.0010991296730935574
2804,1.7765560150146484,0.001111174002289772
2805,1.7714890241622925,0.0011240802705287933
2806,1.7664220333099365,0.0011376296170055866
2807,1.7714890241622925,0.0011492297053337097
2808,1.7413549423217773,0.0011597676202654839
2809,1.6613539457321167,0.0011682499898597598
2810,0.6546750068664551,0.0011741394409909844
2811,0.15893499553203583,0.0011782868532463908
2812,-0.6325410008430481,0.001180928316898644
2813,-1.0032130479812622,0.0011826417176052928
2814,-1.1984150409698486,0.0011843249667435884
2815,-1.1584140062332153,0.001186019042506814
2816,-1.2786829471588135,0.0011877110227942467
2817,-1.2786829471588135,0.001189354108646512
2818,-1.4138840436935425,0.0011909749591723084
2819,-1.3688169717788696,0.0011926136212423444
2820,-1.4640179872512817,0.0011942393612116575
2821,-1.4237509965896606,0.0011958591639995575
2822,-1.504019021987915,0.0011974144726991653
2823,-1.504019021987915,0.0011989516206085682
2824,-1.5541529655456543,0.0012004593154415488
2825,-1.5440189838409424,0.001201914856210351
2826,-1.6090869903564453,0.0012033565435558558
2827,-1.5341529846191406,0.0012047773925587535
2828,-1.6040199995040894,0.001206178916618228
2829,-1.6141539812088013,0.0012075697304680943
2830,-1.634153962135315,0.0012089188676327467
2831,-1.6141539812088013,0.001210247166454792
2832,-1.6442869901657104,0.0012115419376641512
2833,-1.6442869901657104,0.001212808070704341
2834,-1.7493549585342407,0.0012141086626797915
2835,-1.7642890214920044,0.0012153945863246918
2836,-1.889623999595642,0.0012164569925516844
2837,-1.874690055847168,0.0012175814481452107
2838,-1.9245569705963135,0.0012201579520478845
2839,-1.9096239805221558,0.0012250137515366077
2840,-1.8845570087432861,0.001229570247232914
2841,-0.9029449820518494,0.0012334642233327031
2842,-0.2818700075149536,0.0012369650648906827
2843,0.4592060148715973,0.001239243894815445
2844,0.8749439716339111,0.0012402459979057312
2845,1.0704129934310913,0.001239533768966794
2846,0.9752119779586792,0.0012373884674161673
2847,1.1104140281677246,0.0012344392016530037
2848,1.0752129554748535,0.0012315823696553707
2849,1.2405489683151245,0.0012286212295293808
2850,1.2005480527877808,0.001226147054694593
2851,1.315750002861023,0.0012238717172294855
2852,1.2656160593032837,0.0012221061624586582
2853,1.3506840467453003,0.0012202942743897438
2854,1.3658839464187622,0.0012183715589344501
2855,1.3957509994506836,0.001216215780004859
2856,1.4008179903030396,0.0012135994620621204
2857,1.4208179712295532,0.001211285125464201
2858,1.410951018333435,0.0012092136312276125
2859,1.465885043144226,0.0012071742676198483
2860,1.4258840084075928,0.0012049400247633457
2861,1.4909520149230957,0.0012023905292153358
2862,1.5109519958496094,0.0011999031994491816
2863,1.541085958480835,0.0011972261127084494
2864,1.536018967628479,0.0011942479759454727
2865,1.6613539457321167,0.0011913524940609932
2866,1.6712210178375244,0.0011890133609995246
2867,1.7664220333099365,0.0011870535090565681
2868,1.7464220523834229,0.0011853091418743134
2869,1.8365559577941895,0.0011833650059998035
2870,1.801622986793518,0.0011816250625997782
2871,1.8216229677200317,0.0011810227297246456
2872,1.1253470182418823,0.0011806683614850044
2873,0.32400399446487427,0.0011803858214989305
2874,-0.27680298686027527,0.0011797233019024134
2875,-0.9029449820518494,0.0011788937263190746
2876,-1.1482809782028198,0.0011779270134866238
2877,-1.1082810163497925,0.0011762675130739808
2878,-1.1634809970855713,0.0011746349046006799
2879,-1.2234820127487183,0.0011724389623850584
2880,-1.3237500190734863,0.001170111820101738
2881,-1.2885489463806152,0.0011670291423797607
2882,-1.398684024810791,0.001164464047178626
2883,-1.3837510347366333,0.0011616344563663006
2884,-1.4437509775161743,0.0011586156906560063
2885,-1.4288179874420166,0.0011550672352313995
2886,-1.504019021987915,0.0011510683689266443
2887,-1.509086012840271,0.001146626891568303
2888,-1.5240190029144287,0.0011420066002756357
2889,-1.5189520120620728,0.0011373776942491531
2890,-1.5792200565338135,0.0011332386638969183
2891,-1.558953046798706,0.0011291175615042448
2892,-1.569085955619812,0.0011254034470766783
2893,-1.5840200185775757,0.0011210574302822351
2894,-1.6842880249023438,0.0011164845200255513
2895,-1.6392199993133545,0.0011118912370875478
2896,-1.7093549966812134,0.00110675860196352
2897,-1.7093549966812134,0.0011021082755178213
2898,-1.8245559930801392,0.0010971315205097198
2899,-1.8394900560379028,0.0010921736247837543
2900,-1.9045569896697998,0.0010876231826841831
2901,-1.9146909713745117,0.0010828805388882756
2902,-1.9848250150680542,0.0010779150761663914
2903,-1.9045569896697998,0.0010726980399340391
2904,-1.9546910524368286,0.0010675066150724888
2905,-1.9146909713745117,0.0010622614063322544
2906,-1.949623942375183,0.0010571107268333435
2907,-1.9045569896697998,0.001052377512678504
2908,-1.9197570085525513,0.00104806968010962
2909,-1.8845570087432861,0.0010447204113006592
2910,-1.9146909713745117,0.0010417790617793798
2911,-1.8645570278167725,0.0010391022078692913
2912,-1.9245569705963135,0.001036741305142641
2913,-1.8845570087432861,0.0010346153285354376
2914,-1.9296239614486694,0.0010326281189918518
2915,-1.8546899557113647,0.0010307547636330128
2916,-1.9146909713745117,0.001029008300974965
2917,-1.874690055847168,0.00102737988345325
2918,-1.8794900178909302,0.0010258620604872704
2919,-1.8245559930801392,0.0010244485456496477
2920,-1.8594900369644165,0.0010231221094727516
2921,-1.7944220304489136,0.0010218905517831445
2922,-1.8546899557113647,0.0010207206942141056
2923,-1.8296229839324951,0.0010196432704105973
2924,-1.8594900369644165,0.0010186100844293833
2925,-1.874690055847168,0.0010176561772823334
2926,-1.8794900178909302,0.001016748952679336
2927,-1.8794900178909302,0.001015890622511506
2928,-1.9045569896697998,0.0010150712914764881
2929,-1.8144229650497437,0.0010142879327759147
2930,-1.9197570085525513,0.0010135344928130507
2931,-1.8394900560379028,0.0010128197027370334
2932,-1.8794900178909302,0.0010121229570358992
2933,-1.8496229648590088,0.001011453801766038
2934,-1.8344229459762573,0.0010107883717864752
2935,-1.8296229839324951,0.0010101227089762688
2936,-1.8496229648590088,0.0010094415629282594
2937,-1.8045560121536255,0.0010087647242471576
2938,-1.8496229648590088,0.0010080839274451137
2939,-1.8194890022277832,0.0010074055753648281
2940,-1.889623999595642,0.0010067045222967863
2941,-1.8144229650497437,0.0010060069616883993
2942,-1.874690055847168,0.0010053125442937016
2943,-1.8496229648590088,0.0010045904200524092
2944,-1.8794900178909302,0.0010038572363555431
2945,-1.8394900560379028,0.001003130106255412
2946,-1.8496229648590088,0.0010023985523730516
2947,-1.8194890022277832,0.001001663156785071
2948,-1.8445559740066528,0.0010009293910115957
2949,-1.7994890213012695,0.001000195392407477
2950,-1.7994890213012695,0.0009994588326662779
2951,-1.8045560121536255,0.0009987382218241692
2952,-1.8194890022277832,0.0009980173781514168
2953,-1.8245559930801392,0.000997315626591444
2954,-1.8546899557113647,0.0009966071229428053
2955,-1.8496229648590088,0.000995903043076396
2956,-1.9045569896697998,0.0009951733518391848
2957,-1.8096230030059814,0.0009944275952875614
2958,-1.8645570278167725,0.0009936669375747442
2959,-1.8546899557113647,0.0009928990621119738
2960,-1.8845570087432861,0.0009921099990606308
2961,-1.8045560121536255,0.0009913081303238869
2962,-1.8594900369644165,0.0009905119659379125
2963,-1.8144229650497437,0.000989712425507605
2964,-1.8645570278167725,0.0009889231296256185
2965,-1.8445559740066528,0.000988140469416976
2966,-1.874690055847168,0.0009873630478978157
2967,-1.8096230030059814,0.000986579805612564
2968,-1.874690055847168,0.0009857971454039216
2969,-1.8496229648590088,0.000985021935775876
2970,-1.8594900369644165,0.0009842334548011422
2971,-1.8445559740066528,0.000983450678177178
2972,-1.8445559740066528,0.0009826722089201212
2973,-1.8144229650497437,0.0009818818653002381
2974,-1.8696229457855225,0.0009810919873416424
2975,-1.7994890213012695,0.0009803271386772394
2976,-1.8594900369644165,0.0009795550722628832
2977,-1.8344229459762573,0.000978793017566204
2978,-1.8394900560379028,0.0009780310792848468
2979,-1.8144229650497437,0.0009772819466888905
2980,-1.8496229648590088,0.0009765278664417565
2981,-1.7944220304489136,0.0009757902007550001
2982,-1.8496229648590088,0.0009750595781952143
2983,-1.7944220304489136,0.0009743314585648477
2984,-1.8794900178909302,0.0009736110223457217
2985,-1.8144229650497437,0.000972885696683079
2986,-1.8794900178909302,0.0009721626993268728
2987,-1.7994890213012695,0.0009714263724163175
2988,-1.8645570278167725,0.000970689463429153
2989,-1.8296229839324951,0.0009699363727122545
2990,-1.8794900178909302,0.0009691753657534719
2991,-1.8496229648590088,0.0009684045799076557
2992,-1.7994890213012695,0.000967624771874398
2993,-1.8245559930801392,0.0009668772108852863
2994,-1.8696229457855225,0.0009661030489951372
2995,-1.8194890022277832,0.0009653225424699485
2996,-1.8344229459762573,0.0009645414538681507
2997,-1.8045560121536255,0.000963737431447953
2998,-1.8645570278167725,0.0009628703119233251
2999,-1.8344229459762573,0.0009619935299269855
3000,-1.8645570278167725,0.0009610504494048655
3001,-1.8546899557113647,0.0009599622571840882
3002,-1.8394900560379028,0.0009581850608810782
3003,-1.8296229839324951,0.0009553811978548765
3004,-1.8546899557113647,0.0009523198241367936
3005,-1.8194890022277832,0.000949197681620717
3006,-1.8645570278167725,0.0009457984706386924
3007,-1.8296229839324951,0.000942438724450767
3008,-1.8645570278167725,0.000939139281399548
3009,-1.8144229650497437,0.000936020805966109
3010,-1.8245559930801392,0.0009329610038548708
3011,-1.8144229650497437,0.0009302117396146059
3012,-1.874690055847168,0.0009275494958274066
3013,-1.7994890213012695,0.0009251348674297333
3014,-1.8997570276260376,0.0009225449757650495
3015,-1.8245559930801392,0.000919523008633405
3016,-1.8696229457855225,0.0009161062771454453
3017,-1.8194890022277832,0.0009124435600824654
3018,-1.874690055847168,0.0009086175123229623
3019,-1.8096230030059814,0.0009049635264091194
3020,-1.8394900560379028,0.0009009569184854627
3021,-1.8045560121536255,0.0008974237716756761
3022,-1.8845570087432861,0.0008940994157455862
3023,-1.8546899557113647,0.0008913377532735467
3024,-1.874690055847168,0.000888566835783422
3025,-1.789355993270874,0.0008858335204422474
3026,-1.8946900367736816,0.000882977619767189
3027,-1.8045560121536255,0.0008795253816060722
3028,-1.8645570278167725,0.0008758958429098129
3029,-1.8496229648590088,0.0008720787009224296
3030,-1.8645570278167725,0.0008674621349200606
3031,-1.8546899557113647,0.0008626190247014165
3032,-1.8546899557113647,0.0008571367943659425
3033,-1.7994890213012695,0.0008506338344886899
3034,-1.8594900369644165,0.0008440673118457198
3035,-1.8245559930801392,0.000837713829241693
3036,-1.8546899557113647,0.0008313485886901617
3037,-1.8394900560379028,0.0008248519152402878
3038,-1.874690055847168,0.0008181431330740452
3039,-1.8194890022277832,0.0008112573996186256
3040,-1.8696229457855225,0.0008036253857426345
3041,-1.8445559740066528,0.0007946814876049757
3042,-1.8794900178909302,0.0007852941052988172
3043,-1.8045560121536255,0.0007754693506285548
3044,-1.8696229457855225,0.0007657208479940891
3045,-1.8394900560379028,0.0007557240896858275
3046,-1.8794900178909302,0.0007448125979863107
3047,-1.8296229839324951,0.0007327677449211478
3048,-1.8845570087432861,0.0007201998378150165
3049,-1.8194890022277832,0.0007073894375935197
3050,-1.8696229457855225,0.0006943296757526696
3051,-1.8546899557113647,0.0006818164838477969
3052,-1.9045569896697998,0.0006691792514175177
3053,-1.8496229648590088,0.0006563203642144799
3054,-1.889623999595642,0.0006435472168959677
3055,-1.8445559740066528,0.0006303719710558653
3056,-1.8445559740066528,0.0006163065554574132
3057,-1.8344229459762573,0.0006026523187756538
3058,-1.8645570278167725,0.0005894561763852835
3059,-1.8296229839324951,0.0005762107903137803
3060,-1.874690055847168,0.0005621628370136023
3061,-1.8344229459762573,0.000547269475646317
3062,-1.889623999595642,0.0005318139446899295
3063,-1.8344229459762573,0.0005181318847462535
3064,-1.8645570278167725,0.000505322590470314
3065,-1.8144229650497437,0.0004944389802403748
3066,-1.8445559740066528,0.0004863921203650534
3067,-1.8394900560379028,0.0004799830785486847
3068,-1.8794900178909302,0.0004749158979393542
3069,-1.8045560121536255,0.0004706553590949625
3070,-1.874690055847168,0.0004668700566980988
3071,-1.8496229648590088,0.0004634383658412844
3072,-1.8594900369644165,0.00046029002987779677
3073,-1.8394900560379028,0.00045740618952549994
3074,-1.874690055847168,0.0004547706921584904
3075,-1.8144229650497437,0.0004523207899183035
3076,-1.8946900367736816,0.0004500373324844986
3077,-1.8245559930801392,0.0004478585906326771
3078,-1.8445559740066528,0.00044579399400390685
3079,-1.8245559930801392,0.0004438022733666003
3080,-1.8546899557113647,0.0004418669850565493
3081,-1.8546899557113647,0.0004399897297844291
3082,-1.8594900369644165,0.0004381382022984326
3083,-1.8394900560379028,0.0004363161569926888
3084,-1.889623999595642,0.0004344875051174313
3085,-1.8296229839324951,0.0004326426424086094
3086,-1.8645570278167725,0.00043084094068035483
3087,-1.7994890213012695,0.0004290735814720392
3088,-1.8496229648590088,0.00042740372009575367
3089,-1.8296229839324951,0.00042603700421750546
3090,-1.8144229650497437,0.0004252130747772753
3091,-0.9080110192298889,0.0004249046614859253
3092,-0.2970699965953827,0.0004251813516020775
3093,0.4693390130996704,0.0004257916007190943
3094,0.9050779938697815,0.00042472733184695244
3095,1.150413990020752,0.00042152637615799904
3096,1.0752129554748535,0.00041880831122398376
3097,1.1904150247573853,0.00041680457070469856
3098,1.1856149435043335,0.0004154077614657581
3099,1.2856160402297974,0.0004148246662225574
3100,1.2808159589767456,0.0004146856372244656
3101,1.3709499835968018,0.0004151918401475996
3102,1.3258830308914185,0.0004159410600550473
3103,1.4360179901123047,0.0004166599246673286
3104,1.37575101852417,0.00041752198012545705
3105,1.465885043144226,0.0004186366277281195
3106,1.4560179710388184,0.00042008949094451964
3107,1.5109519958496094,0.00042168842628598213
3108,1.4560179710388184,0.0004230264457874
3109,1.5312190055847168,0.0004243898147251457
3110,1.5160189867019653,0.0004258418339304626
3111,1.5610860586166382,0.00042690051486715674
3112,1.546152949333191,0.00042840620153583586
3113,1.5962870121002197,0.0004302900633774698
3114,1.5912200212478638,0.00043208608985878527
3115,1.6712210178375244,0.0004337690770626068
3116,1.6762880086898804,0.00043522141641005874
3117,1.796555995941162,0.00043592118890956044
3118,1.7616219520568848,0.00043662142707034945
3119,1.801622986793518,0.00043859751895070076
3120,1.8114889860153198,0.0004403836210258305
3121,1.856557011604309,0.00044175959192216396
3122,1.8416229486465454,0.00044281763257458806
3123,1.8666900396347046,0.0004435466544236988
3124,1.8416229486465454,0.00044372701086103916
3125,1.846690058708191,0.00044348425581119955
3126,1.8114889860153198,0.00044247880578041077
3127,1.8266890048980713,0.0004403755010571331
3128,1.7765560150146484,0.0004379664605949074
3129,1.8216229677200317,0.00043533509597182274
3130,1.7765560150146484,0.0004327606875449419
3131,1.8266890048980713,0.00043014605762436986
3132,1.7413549423217773,0.00042775622569024563
3133,1.8066890239715576,0.0004256863030605018
3134,1.7616219520568848,0.00042343250242993236
3135,1.7864220142364502,0.0004218701214995235
3136,1.7714890241622925,0.00042056231177411973
3137,1.7714890241622925,0.00042009702883660793
3138,1.7514890432357788,0.00041966093704104424
3139,1.781622052192688,0.00041982423863373697
3140,1.7765560150146484,0.0004202137643005699
3141,1.796555995941162,0.0004208830650895834
3142,1.7413549423217773,0.0004215840599499643
3143,1.796555995941162,0.0004223079886287451
3144,1.7664220333099365,0.00042275027954019606
3145,1.796555995941162,0.0004232223145663738
3146,1.7514890432357788,0.00042364001274108887
3147,1.781622052192688,0.00042459997348487377
3148,1.7565549612045288,0.0004255745152477175
3149,1.796555995941162,0.00042723800288513303
3150,1.7314879894256592,0.00042899418622255325
3151,1.7864220142364502,0.0004306985647417605
3152,1.7413549423217773,0.0004333967808634043
3153,1.4861520528793335,0.0004362131003290415
3154,0.4794729948043823,0.00043935104622505605
3155,0.008533000014722347,0.00044223194709047675
3156,-0.8026769757270813,0.0004448129329830408
3157,-1.0733469724655151,0.00044758207513950765
3158,-1.2285490036010742,0.00045003462582826614
3159,-1.1984150409698486,0.0004527622368186712
3160,-1.3336169719696045,0.000455241184681654
3161,-1.3186830282211304,0.00045759533531963825
3162,-1.403751015663147,0.000459431204944849
3163,-1.3536169528961182,0.0004611489421222359
3164,-1.4488179683685303,0.0004626190348062664
3165,-1.4437509775161743,0.00046412699157372117
3166,-1.5189520120620728,0.0004652613424696028
3167,-1.5440189838409424,0.000466631434392184
3168,-1.5992200374603271,0.00046782096615061164
3169,-1.5389529466629028,0.00046949274837970734
3170,-1.5992200374603271,0.0004709742497652769
3171,-1.5440189838409424,0.0004728224594146013
3172,-1.6040199995040894,0.0004742672317661345
3173,-1.5890870094299316,0.0004758188151754439
3174,-1.6541539430618286,0.0004771072417497635
3175,-1.6541539430618286,0.0004781812895089388
3176,-1.6944210529327393,0.0004796551656909287
3177,-1.6642869710922241,0.0004806898068636656
3178,-1.7744220495224,0.00048189720837399364
3179,-1.8045560121536255,0.0004830629040952772
3180,-1.8845570087432861,0.00048427004367113113
3181,-1.8645570278167725,0.00048594485269859433
3182,-1.949623942375183,0.0004877992032561451
3183,-1.8997570276260376,0.0004903438966721296
3184,-1.9296239614486694,0.0004934686003252864
3185,-1.9146909713745117,0.0004970468580722809
3186,-1.9746910333633423,0.0005017562652938068
3187,-1.9397579431533813,0.000506460724864155
3188,-1.9397579431533813,0.0005112027865834534
3189,-1.874690055847168,0.0005156889674253762
3190,-1.9245569705963135,0.0005199786392040551
3191,-1.8845570087432861,0.0005237847217358649
3192,-1.9146909713745117,0.0005278264870867133
3193,-1.889623999595642,0.000532876409124583
3194,-1.8794900178909302,0.000538512016646564
3195,-1.8344229459762573,0.0005438613006845117
3196,-1.8794900178909302,0.0005497432430274785
3197,-1.8645570278167725,0.0005570199573412538
3198,-1.9045569896697998,0.00056659453548491
3199,-1.8645570278167725,0.0005774851888418198
3200,-1.8946900367736816,0.0005877820076420903
3201,-1.8546899557113647,0.0005968799814581871
3202,-1.8946900367736816,0.0006055471021682024
3203,-1.8296229839324951,0.0006144350045360625
3204,-1.8946900367736816,0.0006239017238840461
3205,-1.8245559930801392,0.0006322620902210474
3206,-1.8845570087432861,0.0006402595899999142
3207,-1.8344229459762573,0.0006481707678176463
3208,-1.8594900369644165,0.0006552246632054448
3209,-1.8546899557113647,0.0006618603365495801
3210,-1.8594900369644165,0.0006685917032882571
3211,-1.8496229648590088,0.000675090414006263
3212,-1.8645570278167725,0.0006806980818510056
3213,-1.8296229839324951,0.0006857857224531472
3214,-1.8794900178909302,0.0006908811628818512
3215,-1.8496229648590088,0.0006964226486161351
3216,-1.8594900369644165,0.0007020084885880351
3217,-1.8245559930801392,0.0007076110923662782
3218,-1.8496229648590088,0.0007136230124160647
3219,-1.7944220304489136,0.0007191167678683996
3220,-1.8394900560379028,0.0007245062151923776
3221,-1.8144229650497437,0.0007301394362002611
3222,-1.8445559740066528,0.0007364342454820871
3223,-1.8394900560379028,0.0007437210879288614
3224,-1.8445559740066528,0.0007507753325626254
3225,-1.7794890403747559,0.0007578817894682288
3226,-1.874690055847168,0.0007653719512745738
3227,-1.789355993270874,0.0007735362742096186
3228,-1.8245559930801392,0.0007818397716619074
3229,-1.8096230030059814,0.0007903443765826523
3230,-1.8496229648590088,0.0007993645849637687
3231,-1.8245559930801392,0.0008086715824902058
3232,-1.8546899557113647,0.0008175481343641877
3233,-1.8394900560379028,0.0008256982546299696
3234,-1.8645570278167725,0.0008333740988746285
3235,-1.8296229839324951,0.0008408281719312072
3236,-1.8794900178909302,0.0008484580321237445
3237,-1.8194890022277832,0.000855842255987227
3238,-1.8794900178909302,0.00086307676974684
3239,-1.8546899557113647,0.0008688427624292672
3240,-1.8546899557113647,0.0008735675364732742
3241,-1.8245559930801392,0.0008776724571362138
3242,-1.8496229648590088,0.0008809864521026611
3243,-1.8296229839324951,0.0008834890322759748
3244,-1.8594900369644165,0.0008853450417518616
3245,-1.8144229650497437,0.0008866890566423535
3246,-1.8645570278167725,0.0008878044900484383
3247,-1.8394900560379028,0.0008888654410839081
3248,-1.8645570278167725,0.0008898991509340703
3249,-1.8045560121536255,0.0008908529998734593
3250,-1.874690055847168,0.0008917620871216059
3251,-1.8296229839324951,0.0008925686124712229
3252,-1.8546899557113647,0.0008933884091675282
3253,-1.8245559930801392,0.0008941596606746316
3254,-1.889623999595642,0.0008948936592787504
3255,-1.8245559930801392,0.0008955554803833365
3256,-1.8845570087432861,0.0008961647981777787
3257,-1.8394900560379028,0.0008967330795712769
3258,-1.8546899557113647,0.0008972620125859976
3259,-1.8344229459762573,0.0008977667894214392
3260,-1.8794900178909302,0.00089826196199283
3261,-1.7994890213012695,0.0008987258770503104
3262,-1.8794900178909302,0.0008992055663838983
3263,-1.8344229459762573,0.0008996663382276893
3264,-1.8845570087432861,0.0009001342696137726
3265,-1.874690055847168,0.0009005989413708448
3266,-1.8946900367736816,0.0009010611101984978
3267,-1.8344229459762573,0.0009015133837237954
3268,-1.8594900369644165,0.0009019796270877123
3269,-1.8696229457855225,0.0009024405153468251
3270,-1.8696229457855225,0.0009029270149767399
3271,-1.8245559930801392,0.0009034404065459967
3272,-1.8496229648590088,0.0009039916330948472
3273,-1.8045560121536255,0.0009045780170708895
3274,-1.8394900560379028,0.0009051880333572626
3275,-1.8645570278167725,0.0009058130672201514
3276,-1.8594900369644165,0.0009064456098712981
3277,-1.8194890022277832,0.000907077279407531
3278,-1.8546899557113647,0.0009077054564841092
3279,-1.8394900560379028,0.0009083433542400599
3280,-1.8594900369644165,0.0009089490049518645
3281,-1.8445559740066528,0.0009095616405829787
3282,-1.8496229648590088,0.000910162809304893
3283,-1.8245559930801392,0.0009107550140470266
3284,-1.8794900178909302,0.000911337323486805
3285,-1.8344229459762573,0.0009119107271544635
3286,-1.874690055847168,0.00091245595831424
3287,-1.8144229650497437,0.0009130167309194803
3288,-1.8344229459762573,0.0009135657455772161
3289,-1.8144229650497437,0.0009141180198639631
3290,-1.8794900178909302,0.0009146584197878838
3291,-1.8344229459762573,0.000915197771973908
3292,-1.889623999595642,0.000915735843591392
3293,-1.8144229650497437,0.0009162700152955949
3294,-1.8946900367736816,0.0009168086689896882
3295,-1.8296229839324951,0.0009173427242785692
3296,-1.9045569896697998,0.0009178691543638706
3297,-1.8546899557113647,0.0009183926740661263
3298,-1.889623999595642,0.0009189218399114907
3299,-1.8394900560379028,0.000919447629712522
3300,-1.8997570276260376,0.0009199684718623757
3301,-1.8394900560379028,0.0009204872185364366
3302,-1.889623999595642,0.0009209993877448142
3303,-1.8496229648590088,0.0009215146419592202
3304,-1.8645570278167725,0.0009220198262482882
3305,-1.8245559930801392,0.0009225246030837297
3306,-1.8845570087432861,0.0009230264695361257
3307,-1.789355993270874,0.0009235303150489926
3308,-1.8496229648590088,0.0009240421932190657
3309,-1.8344229459762573,0.0009245593100786209
3310,-1.9146909713745117,0.0009250809089280665
3311,-1.8496229648590088,0.0009256010525859892
3312,-1.8794900178909302,0.0009261213708668947
3313,-1.8194890022277832,0.0009266338311135769
3314,-1.8997570276260376,0.0009271382004953921
3315,-1.8645570278167725,0.0009276376804336905
3316,-1.8696229457855225,0.0009281164966523647
3317,-1.8296229839324951,0.0009286073036491871
3318,-1.874690055847168,0.0009291042224504054
3319,-1.8194890022277832,0.0009295963682234287
3320,-1.9045569896697998,0.0009301014943048358
3321,-1.8845570087432861,0.0009306097635999322
3322,-1.8946900367736816,0.0009311122121289372
3323,-1.8496229648590088,0.0009316143114119768
3324,-1.9045569896697998,0.0009321257821284235
3325,-1.8546899557113647,0.0009326233994215727
3326,-1.8645570278167725,0.000933118280954659
3327,-1.8594900369644165,0.0009336246293969452
3328,-1.8546899557113647,0.0009341289987787604
3329,-1.8296229839324951,0.0009346377337351441
3330,-1.874690055847168,0.0009351594489999115
3331,-1.8296229839324951,0.0009356845403090119
3332,-1.8794900178909302,0.0009361987467855215
3333,-1.8394900560379028,0.000936729833483696
3334,-1.8546899557113647,0.0009372498607262969
3335,-1.8144229650497437,0.0009377751848660409
3336,-1.8546899557113647,0.0009383033611811697
3337,-1.8245559930801392,0.00093883863883093
3338,-1.9245569705963135,0.000939372752327472
3339,-1.8445559740066528,0.000939903489779681
3340,-1.889623999595642,0.00094045844161883
3341,-1.8546899557113647,0.0009410270140506327
3342,-1.874690055847168,0.0009415780659765005
3343,-1.8296229839324951,0.0009421044960618019
3344,-1.8645570278167725,0.000942543032579124
3345,-1.8096230030059814,0.0009427107870578766
3346,-1.8546899557113647,0.0009422735311090946
3347,-1.8496229648590088,0.0009413260268047452
3348,-1.8794900178909302,0.0009400064591318369
3349,-1.8546899557113647,0.0009382489370182157
3350,-1.8946900367736816,0.0009366891463287175
3351,-1.8394900560379028,0.0009349346510134637
3352,-1.9146909713745117,0.0009329316671937704
3353,-1.8594900369644165,0.0009308370063081384
3354,-1.8794900178909302,0.0009284725529141724
3355,-1.8696229457855225,0.0009262071107514203
3356,-1.8997570276260376,0.0009238325292244554
3357,-1.8496229648590088,0.0009210220305249095
3358,-1.889623999595642,0.0009181331843137741
3359,-1.8496229648590088,0.0009153528371825814
3360,-1.8845570087432861,0.000912410207092762
3361,-1.8245559930801392,0.0009093427215702832
3362,-1.889623999595642,0.0009059162111952901
3363,-1.8245559930801392,0.0009024462196975946
3364,-1.874690055847168,0.0008992410730570555
3365,-1.8245559930801392,0.000896088604349643
3366,-1.889623999595642,0.0008929137256927788
3367,-1.8344229459762573,0.0008902070694603026
3368,-1.8997570276260376,0.0008870696183294058
3369,-1.8296229839324951,0.0008833825122565031
3370,-1.874690055847168,0.0008797150803729892
3371,-1.7994890213012695,0.0008762856014072895
3372,-1.2736159563064575,0.0008734297007322311
3373,-0.3672049939632416,0.0008719580946490169
3374,0.21386900544166565,0.0008708523819223046
3375,0.8800110220909119,0.0008690095273777843
3376,1.085347056388855,0.0008671098039485514
3377,1.1002800464630127,0.0008656823774799705
3378,1.1304140090942383,0.0008646128699183464
3379,1.2154819965362549,0.0008645347552374005
3380,1.2656160593032837,0.0008656930876895785
3381,1.2856160402297974,0.0008672929834574461
3382,1.305616021156311,0.0008694567950442433
3383,1.3608169555664062,0.0008725368534214795
3384,1.3557499647140503,0.0008757590549066663
3385,1.4509509801864624,0.0008792240405455232
3386,1.4360179901123047,0.0008832257590256631
3387,1.476017951965332,0.0008869756711646914
3388,1.4610849618911743,0.0008907028241083026
3389,1.4909520149230957,0.0008947741007432342
3390,1.470952033996582,0.0008989369962364435
3391,1.546152949333191,0.0009031370282173157
3392,1.5160189867019653,0.0009072923567146063
3393,1.546152949333191,0.0009112959960475564
3394,1.5312190055847168,0.0009150937548838556
3395,1.5962870121002197,0.0009189703851006925
3396,1.6013530492782593,0.0009223343804478645
3397,1.696287989616394,0.0009248723508790135
3398,1.7064210176467896,0.0009268049034290016
3399,1.8066890239715576,0.0009284988627769053
3400,1.7664220333099365,0.0009302514954470098
3401,1.8066890239715576,0.000932525668758899
3402,1.8314900398254395,0.0009354131761938334
3403,1.8765569925308228,0.0009380620904266834
3404,1.7765560150146484,0.0009394221124239266
3405,1.8314900398254395,0.0009401029092259705
3406,1.8416229486465454,0.0009405724704265594
3407,1.8866900205612183,0.0009412278886884451
3408,1.8165559768676758,0.0009419065900146961
3409,1.8365559577941895,0.0009430352365598083
3410,1.7765560150146484,0.0009439272107556462
3411,1.8165559768676758,0.0009453550446778536
3412,1.781622052192688,0.0009463462047278881
3413,1.8416229486465454,0.0009468526695854962
3414,1.8066890239715576,0.0009477743296884
3415,1.801622986793518,0.0009492886019870639
3416,1.7616219520568848,0.0009510291856713593
3417,1.8266890048980713,0.0009521561441943049
3418,1.7514890432357788,0.0009538026642985642
3419,1.7864220142364502,0.0009562188643030822
3420,1.7616219520568848,0.0009602012578397989
3421,1.8165559768676758,0.000965318875387311
3422,1.7714890241622925,0.000969860702753067
3423,1.7864220142364502,0.0009728246368467808
3424,1.7664220333099365,0.000975511153228581
3425,1.7765560150146484,0.000978089519776404
3426,1.781622052192688,0.0009806702146306634
3427,1.7714890241622925,0.000983325531706214
3428,1.7464220523834229,0.0009858033154159784
3429,1.7765560150146484,0.0009882196318358183
3430,1.7162879705429077,0.000990670290775597
3431,1.781622052192688,0.0009935523848980665
3432,1.7464220523834229,0.0009962099138647318
3433,1.796555995941162,0.0009988858364522457
3434,1.7314879894256592,0.0010010136757045984
3435,1.7914890050888062,0.0010026490781456232
3436,1.7365549802780151,0.00100428587757051
3437,1.7514890432357788,0.0010052446741610765
3438,1.696287989616394,0.0010056962491944432
3439,1.796555995941162,0.0010055976454168558
3440,1.7213549613952637,0.0010049098636955023
3441,1.781622052192688,0.0010038877371698618
3442,1.7162879705429077,0.0010020704939961433
3443,1.7314879894256592,0.000999855692498386
3444,1.7064210176467896,0.0009978597518056631
3445,1.7565549612045288,0.0009966423967853189
3446,1.7064210176467896,0.0009953256230801344
3447,1.7616219520568848,0.000994573812931776
3448,1.7064210176467896,0.000993844005279243
3449,1.7314879894256592,0.0009924215264618397
3450,1.7314879894256592,0.000990449683740735
3451,1.781622052192688,0.0009889225475490093
3452,1.7413549423217773,0.0009863758459687233
3453,1.781622052192688,0.0009825928136706352
3454,1.7314879894256592,0.0009763390407897532
3455,1.781622052192688,0.0009686076082289219
3456,1.7064210176467896,0.0009622151264920831
3457,1.7714890241622925,0.0009572163107804954
3458,1.7264219522476196,0.0009525996865704656
3459,1.781622052192688,0.0009475149563513696
3460,1.7162879705429077,0.0009415344102308154
3461,1.801622986793518,0.000935845251660794
3462,1.7314879894256592,0.0009300095262005925
3463,1.7365549802780151,0.0009237866615876555
3464,1.7162879705429077,0.000917950295843184
3465,1.7464220523834229,0.0009131497936323285
3466,1.7114880084991455,0.0009080142481252551
3467,1.781622052192688,0.0009030669461935759
3468,1.7314879894256592,0.0008991451468318701
3469,1.7514890432357788,0.0008961443090811372
3470,1.7365549802780151,0.0008931849733926356
3471,1.7714890241622925,0.0008910606848075986
3472,1.7264219522476196,0.0008890757453627884
3473,1.7514890432357788,0.0008877464570105076
3474,1.7162879705429077,0.0008862929535098374
3475,1.7914890050888062,0.0008856997592374682
3476,1.7413549423217773,0.0008856832864694297
3477,1.7714890241622925,0.0008849579025991261
3478,1.7114880084991455,0.0008845899719744921
3479,1.7714890241622925,0.000883502303622663
3480,1.7464220523834229,0.0008826784323900938
3481,1.7464220523834229,0.0008829531725496054
3482,1.7314879894256592,0.0008831571321934462
3483,1.7616219520568848,0.0008830719161778688
3484,1.7264219522476196,0.0008838712819851935
3485,1.781622052192688,0.0008832851308397949
3486,1.7264219522476196,0.0008830237202346325
3487,1.7565549612045288,0.0008820017683319747
3488,1.7314879894256592,0.0008810522849671543
3489,1.7616219520568848,0.0008820457733236253
3490,1.7464220523834229,0.0008825873956084251
3491,1.7664220333099365,0.0008853125618770719
3492,1.7314879894256592,0.0008890770841389894
3493,1.7914890050888062,0.0008947082096710801
3494,1.7413549423217773,0.0009040897130034864
3495,1.7464220523834229,0.0009159693727269769
3496,1.70135498046875,0.0009309430606663227
3497,1.2005480527877808,0.0009501826716586947
3498,0.3440040051937103,0.0009745669085532427
3499,-0.23680299520492554,0.0010065390961244702
3500,-0.9029449820518494,0.001043505733832717
3501,-1.1384140253067017,0.0010802587494254112
3502,-1.1984150409698486,0.0011227497598156333
3503,-1.1984150409698486,0.0011752217542380095
3504,-1.3288170099258423,0.0012488655047491193
3505,-1.3186830282211304,0.0013343641767278314
3506,-1.403751015663147,0.0014190488727763295
3507,-1.3837510347366333,0.0014977093087509274
3508,-1.4840190410614014,0.0015640378696843982
3509,-1.4237509965896606,0.0016253875801339746
3510,-1.5290859937667847,0.0016890616388991475
3511,-1.5341529846191406,0.001759460661560297
3512,-1.569085955619812,0.0018252255395054817
3513,-1.5440189838409424,0.0018850862979888916
3514,-1.6090869903564453,0.001944547868333757
3515,-1.574152946472168,0.0020023349206894636
3516,-1.629086971282959,0.0020458034705370665
3517,-1.6090869903564453,0.0020789143163710833
3518,-1.629086971282959,0.0021046174224466085
3519,-1.6493539810180664,0.0021268967539072037
3520,-1.6792210340499878,0.0021403010468930006
3521,-1.6893539428710938,0.002149811014533043
3522,-1.7944220304489136,0.0021580893080681562
3523,-1.8144229650497437,0.0021772233303636312
3524,-1.889623999595642,0.0022366466000676155
3525,-1.9197570085525513,0.0022681846749037504
3526,-1.9146909713745117,0.002291776705533266
3527,-1.9045569896697998,0.0023087230511009693
3528,-1.9546910524368286,0.0023218512069433928
3529,-1.9296239614486694,0.0023333588615059853
3530,-1.9797580242156982,0.002345990389585495
3531,-1.9146909713745117,0.0023554416839033365
3532,-1.9346909523010254,0.0023652403615415096
3533,-1.9397579431533813,0.002374842995777726
3534,-1.9296239614486694,0.002383273560553789
3535,-1.874690055847168,0.0023931667674332857
3536,-1.944823980331421,0.0024008513428270817
3537,-1.889623999595642,0.0024091533850878477
3538,-1.9197570085525513,0.0024153287522494793
3539,-1.8794900178909302,0.0024211967829614878
3540,-1.8946900367736816,0.0024247209075838327
3541,-1.8394900560379028,0.0024281046353280544
3542,-1.9146909713745117,0.0024305619299411774
3543,-1.8594900369644165,0.0024331258609890938
3544,-1.8794900178909302,0.00243602367118001
3545,-1.8546899557113647,0.002438466064631939
3546,-1.889623999595642,0.0024420381523668766
3547,-1.8594900369644165,0.0024454027879983187
3548,-1.8946900367736816,0.002449845429509878
3549,-1.8496229648590088,0.0024544501211494207
3550,-1.8845570087432861,0.0024592243134975433
3551,-1.8394900560379028,0.002464079763740301
3552,-1.9045569896697998,0.002467888407409191
3553,-1.8496229648590088,0.0024721394293010235
3554,-1.889623999595642,0.002475086599588394
3555,-1.8296229839324951,0.0024775208439677954
3556,-1.874690055847168,0.002479301765561104
3557,-1.8296229839324951,0.0024809909518808126
3558,-1.874690055847168,0.0024825199507176876
3559,-1.8496229648590088,0.002484474331140518
3560,-1.889623999595642,0.0024866177700459957
3561,-1.8344229459762573,0.0024892082437872887
3562,-1.8794900178909302,0.002491246210411191
3563,-1.8394900560379028,0.0024929724168032408
3564,-1.874690055847168,0.0024940676521509886
3565,-1.8245559930801392,0.0024955952540040016
3566,-1.8794900178909302,0.0024971473030745983
3567,-1.7994890213012695,0.002498228568583727
3568,-1.889623999595642,0.0024991377722471952
3569,-1.8144229650497437,0.0024997927248477936
3570,-1.8546899557113647,0.002500422764569521
3571,-1.7944220304489136,0.0025007883086800575
3572,-1.8546899557113647,0.0025011692196130753
3573,-1.8096230030059814,0.0025012739934027195
3574,-1.8394900560379028,0.0025015047285705805
3575,-1.8144229650497437,0.002501806477084756
3576,-1.8594900369644165,0.00250242673791945
3577,-1.8296229839324951,0.002503081923350692
3578,-1.8546899557113647,0.002503915224224329
3579,-1.8344229459762573,0.002504552248865366
3580,-1.8394900560379028,0.0025054598227143288
3581,-1.8546899557113647,0.0025058556348085403
3582,-1.8794900178909302,0.0025064079090952873
3583,-1.8245559930801392,0.002506877761334181
3584,-1.8645570278167725,0.0025073369033634663
3585,-1.8194890022277832,0.0025079550687223673
3586,-1.8997570276260376,0.0025082873180508614
3587,-1.8245559930801392,0.0025088894180953503
3588,-1.874690055847168,0.002509341575205326
3589,-1.8296229839324951,0.0025097348261624575
3590,-1.8496229648590088,0.002509877784177661
3591,-1.8496229648590088,0.002509876387193799
3592,-1.8496229648590088,0.0025098298210650682
3593,-1.8296229839324951,0.0025096172466874123
3594,-1.8946900367736816,0.0025092512369155884
3595,-1.8296229839324951,0.0025087911635637283
3596,-1.8645570278167725,0.002508274745196104
3597,-1.8144229650497437,0.0025076749734580517
3598,-1.8445559740066528,0.002507021650671959
3599,-1.8245559930801392,0.002506333403289318
3600,-1.8645570278167725,0.002505633980035782
3601,-1.8344229459762573,0.002504919422790408
3602,-1.8946900367736816,0.0025042188353836536
3603,-1.8496229648590088,0.0025035308208316565
3604,-1.8546899557113647,0.002502855146303773
3605,-1.8394900560379028,0.0025022090412676334
3606,-1.8794900178909302,0.0025015673600137234
3607,-1.8296229839324951,0.0025009368546307087
3608,-1.8696229457855225,0.002500309608876705
3609,-1.8045560121536255,0.0024996900465339422
3610,-1.8394900560379028,0.0024990872479975224
3611,-1.8045560121536255,0.0024984930641949177
3612,-1.8845570087432861,0.002497914480045438
3613,-1.8445559740066528,0.002497334498912096
3614,-1.8245559930801392,0.0024967773351818323
3615,-1.8296229839324951,0.002496237400919199
3616,-1.8546899557113647,0.0024957265704870224
3617,-1.8245559930801392,0.0024952280800789595
3618,-1.8645570278167725,0.002495073713362217
3619,-1.8445559740066528,0.0024958355352282524
3620,-1.8794900178909302,0.002498084679245949
3621,-1.8546899557113647,0.002501478884369135
3622,-1.8794900178909302,0.002505154348909855
3623,-1.8194890022277832,0.0025090468116104603
3624,-1.8394900560379028,0.002512523904442787
3625,-1.8394900560379028,0.002516122069209814
3626,-1.8546899557113647,0.0025191884487867355
3627,-1.8344229459762573,0.0025216226931661367
3628,-1.874690055847168,0.0025238776579499245
3629,-1.8394900560379028,0.0025258557870984077
3630,-1.874690055847168,0.0025274839717894793
3631,-1.8096230030059814,0.0025292513892054558
3632,-1.874690055847168,0.00253090332262218
3633,-1.8344229459762573,0.0025327291805297136
3634,-1.8794900178909302,0.002534187864512205
3635,-1.8394900560379028,0.002535250037908554
3636,-1.889623999595642,0.002535535953938961
3637,-1.8245559930801392,0.0025353715755045414
3638,-1.8794900178909302,0.0025340327993035316
3639,-1.8496229648590088,0.0025316455867141485
3640,-1.8496229648590088,0.0025292006321251392
3641,-1.8394900560379028,0.0025260192342102528
3642,-1.8946900367736816,0.0025222422555088997
3643,-1.8496229648590088,0.0025188224390149117
3644,-1.8696229457855225,0.002515384927392006
3645,-1.8344229459762573,0.0025118771009147167
3646,-1.8696229457855225,0.0025084668304771185
3647,-1.7994890213012695,0.0025051303673535585
3648,-1.874690055847168,0.0025015976279973984
3649,-1.8496229648590088,0.0024983249604701996
3650,-1.889623999595642,0.0024955186527222395
3651,-1.8394900560379028,0.0024932497180998325
3652,-1.874690055847168,0.0024922359734773636
3653,-1.8296229839324951,0.002492943312972784
3654,-1.889623999595642,0.0024945084005594254
3655,-1.8394900560379028,0.0024958003778010607
3656,-1.8794900178909302,0.002496512606739998
3657,-1.8045560121536255,0.002496104221791029
3658,-1.8645570278167725,0.0024946718476712704
3659,-1.8194890022277832,0.002493229927495122
3660,-1.889623999595642,0.0024928455241024494
3661,-1.8245559930801392,0.002492789411917329
3662,-1.8594900369644165,0.0024930466897785664
3663,-1.8445559740066528,0.002493274863809347
3664,-1.874690055847168,0.0024927486665546894
3665,-1.8296229839324951,0.0024912282824516296
3666,-1.8645570278167725,0.0024901183787733316
3667,-1.8144229650497437,0.002488641534000635
3668,-1.8445559740066528,0.0024873833172023296
3669,-1.8045560121536255,0.002486476209014654
3670,-1.8794900178909302,0.0024854575749486685
3671,-1.8394900560379028,0.002483419142663479
3672,-1.8997570276260376,0.002481299452483654
3673,-1.8245559930801392,0.0024801415856927633
3674,-1.8794900178909302,0.0024790316820144653
3675,-1.8394900560379028,0.0024771904572844505
3676,-1.874690055847168,0.002474265405908227
3677,-1.8394900560379028,0.0024705627001821995
3678,-1.874690055847168,0.0024676346220076084
3679,-1.8296229839324951,0.0024661519564688206
3680,-1.8946900367736816,0.0024653426371514797
3681,-1.8696229457855225,0.0024641798809170723
3682,-1.8546899557113647,0.0024634976871311665
3683,-1.8296229839324951,0.0024625370278954506
3684,-1.8645570278167725,0.002461601048707962
3685,-1.8296229839324951,0.0024603246711194515
3686,-1.8594900369644165,0.0024590601678937674
3687,-1.8144229650497437,0.002457274589687586
3688,-1.8445559740066528,0.0024553369730710983
3689,-1.8194890022277832,0.0024540433660149574
3690,-1.8645570278167725,0.002453272230923176
3691,-1.8144229650497437,0.002453375840559602
3692,-1.8997570276260376,0.002453976310789585
3693,-1.8344229459762573,0.0024552876129746437
3694,-1.8645570278167725,0.002456683199852705
3695,-1.8245559930801392,0.002457910683006048
3696,-1.874690055847168,0.002458888338878751
3697,-1.8245559930801392,0.002459800336509943
3698,-1.8845570087432861,0.002460740739479661
3699,-1.8496229648590088,0.0024624611251056194
3700,-1.8997570276260376,0.002463645301759243
3701,-1.8344229459762573,0.002464307937771082
3702,-1.9045569896697998,0.0024649696424603462
3703,-1.8045560121536255,0.002465558238327503
3704,-1.8997570276260376,0.0024662308860570192
3705,-1.8394900560379028,0.002466498874127865
3706,-1.9045569896697998,0.0024664599914103746
3707,-1.8344229459762573,0.00246625067666173
3708,-1.8696229457855225,0.0024662823416292667
3709,-1.8394900560379028,0.002466220874339342
3710,-1.8845570087432861,0.002466319128870964
3711,-1.8496229648590088,0.0024664353113621473
3712,-1.874690055847168,0.0024655151646584272
3713,-1.8096230030059814,0.0024642953649163246
3714,-1.889623999595642,0.002463182434439659
3715,-1.874690055847168,0.0024618876632303
3716,-1.9045569896697998,0.0024604080244898796
3717,-1.8144229650497437,0.0024595875293016434
3718,-1.8794900178909302,0.00245927763171494
3719,-1.8496229648590088,0.002459451090544462
3720,-1.8845570087432861,0.002460349351167679
3721,-1.8296229839324951,0.0024606576189398766
3722,-1.874690055847168,0.002460950519889593
3723,-1.8394900560379028,0.0024612643755972385
3724,-1.8997570276260376,0.00246181758120656
3725,-1.8645570278167725,0.0024621905758976936
3726,-1.874690055847168,0.002462878357619047
3727,-1.8546899557113647,0.002462626900523901
3728,-1.8794900178909302,0.002462828066200018
3729,-1.8245559930801392,0.0024623749777674675
3730,-1.9146909713745117,0.0024609770625829697
3731,-1.8344229459762573,0.002458748407661915
3732,-1.8845570087432861,0.002455899491906166
3733,-1.8394900560379028,0.0024530671071261168
3734,-1.8496229648590088,0.0024487872142344713
3735,-1.8645570278167725,0.002444111043587327
3736,-1.889623999595642,0.0024395929649472237
3737,-1.8445559740066528,0.0024343603290617466
3738,-1.8794900178909302,0.0024287025444209576
3739,-1.8546899557113647,0.002422779332846403
3740,-1.889623999595642,0.0024162090849131346
3741,-1.8496229648590088,0.0024108211509883404
3742,-1.889623999595642,0.002404633676633239
3743,-1.8245559930801392,0.0023987116292119026
3744,-1.874690055847168,0.0023930626921355724
3745,-1.8445559740066528,0.002386304549872875
3746,-1.889623999595642,0.0023804425727576017
3747,-1.8645570278167725,0.002372525632381439
3748,-1.889623999595642,0.0023633427917957306
3749,-1.8394900560379028,0.002352319657802582
3750,-1.8645570278167725,0.002337635261937976
3751,-1.8245559930801392,0.002321968087926507
3752,-1.874690055847168,0.0023043074179440737
3753,-1.8496229648590088,0.002283019246533513
3754,-1.889623999595642,0.002257375279441476
3755,-1.8296229839324951,0.002224965486675501
3756,-1.889623999595642,0.002188216196373105
3757,-1.8496229648590088,0.0021521784365177155
3758,-1.8946900367736816,0.002110652159899473
3759,-1.8144229650497437,0.002059223596006632
3760,-1.8546899557113647,0.0019866740331053734
3761,-1.8144229650497437,0.0019023646600544453
3762,-1.874690055847168,0.00181893864646554
3763,-1.8296229839324951,0.0017416561022400856
3764,-1.874690055847168,0.0016767096240073442
3765,-1.8296229839324951,0.001616816851310432
3766,-1.8946900367736816,0.0015546639915555716
3767,-1.8245559930801392,0.0014858718495815992
3768,-1.8997570276260376,0.0014217798598110676
3769,-1.8296229839324951,0.0013636209769174457
3770,-1.889623999595642,0.001305893063545227
3771,-1.8245559930801392,0.001249888213351369
3772,-1.874690055847168,0.0012081169988960028
3773,-1.7994890213012695,0.001176745630800724
3774,-1.8997570276260376,0.0011527080787345767
3775,-1.8296229839324951,0.0011320003541186452
3776,-1.8997570276260376,0.0011200645240023732
3777,-1.8245559930801392,0.0011121102143079042
3778,-1.5189520120620728,0.0011055243667215109
3779,-0.47227299213409424,0.0010881333146244287
3780,-0.03653400018811226,0.001030620071105659
3781,0.7898769974708557,0.0010010997066274285
3782,0.9952120184898376,0.0009795885998755693
3783,1.1453479528427124,0.0009649195126257837
3784,1.090414047241211,0.000954016693867743
3785,1.1856149435043335,0.0009448051569052041
3786,1.2405489683151245,0.000934259791392833
3787,1.2957500219345093,0.0009265881963074207
3788,1.2957500219345093,0.0009184399386867881
3789,1.3909510374069214,0.0009102761978283525
3790,1.3357499837875366,0.0009031974477693439
3791,1.4509509801864624,0.0008948169415816665
3792,1.481084942817688,0.0008886650903150439
3793,1.5010850429534912,0.0008820403600111604
3794,1.4509509801864624,0.00087804498616606
3795,1.5109519958496094,0.000874902936629951
3796,1.470952033996582,0.0008738610194995999
3797,1.5512189865112305,0.0008725285879336298
3798,1.5061520338058472,0.0008717897580936551
3799,1.57122004032135,0.0008709123358130455
3800,1.541085958480835,0.000869658833835274
3801,1.5762859582901,0.0008689844980835915
3802,1.5912200212478638,0.0008671234827488661
3803,1.646420955657959,0.0008655571145936847
3804,1.7064210176467896,0.0008630302036181092
3805,1.8066890239715576,0.0008602921152487397
3806,1.7765560150146484,0.0008574520470574498
3807,1.851755976676941,0.0008547441102564335
3808,1.8266890048980713,0.0008533376385457814
3809,1.8616230487823486,0.0008514670189470053
3810,1.8266890048980713,0.0008510312763974071
3811,1.8717570304870605,0.0008507274324074388
3812,1.8266890048980713,0.0008506231242790818
3813,1.8816239833831787,0.0008503124117851257
3814,1.846690058708191,0.0008502632263116539
3815,1.856557011604309,0.0008502437267452478
3816,1.801622986793518,0.0008504127617925406
3817,1.8066890239715576,0.000850037788040936
3818,1.781622052192688,0.0008501640986651182
3819,1.8066890239715576,0.0008509156759828329
3820,1.7514890432357788,0.0008526768069714308
3821,1.8416229486465454,0.0008536437526345253
3822,1.7413549423217773,0.0008545820601284504
3823,1.8114889860153198,0.0008557388791814446
3824,1.7765560150146484,0.0008569967467337847
3825,1.796555995941162,0.0008587914053350687
3826,1.7413549423217773,0.0008607882773503661
3827,1.8365559577941895,0.0008626658236607909
3828,1.7464220523834229,0.000864461122546345
3829,1.8165559768676758,0.0008663528133183718
3830,1.7664220333099365,0.0008680236642248929
3831,1.7714890241622925,0.0008698271121829748
3832,1.7664220333099365,0.0008709764806553721
3833,1.7616219520568848,0.0008718239841982722
3834,1.7514890432357788,0.0008726483210921288
3835,1.7864220142364502,0.0008736731251701713
3836,1.7565549612045288,0.0008744582301005721
3837,1.7914890050888062,0.0008753173751756549
3838,1.7314879894256592,0.0008760769851505756
3839,1.796555995941162,0.000877157028298825
3840,1.6762880086898804,0.000877938000485301
3841,0.9301450252532959,0.0008782095974311233
3842,0.24400299787521362,0.0008783851517364383
3843,-0.41227200627326965,0.0008780790958553553
3844,-0.9629449844360352,0.0008778523188084364
3845,-1.1282809972763062,0.0008776309550739825
3846,-1.1984150409698486,0.0008776273461990058
3847,-1.2285490036010742,0.0008777324110269547
3848,-1.3136160373687744,0.0008778616320341825
3849,-1.3586839437484741,0.0008781393407844007
3850,-1.398684024810791,0.0008785534300841391
3851,-1.3837510347366333,0.0008790482534095645
3852,-1.4488179683685303,0.000879588769748807
3853,-1.4789520502090454,0.000880214967764914
3854,-1.5341529846191406,0.0008808862185105681
3855,-1.5290859937667847,0.0008815908804535866
3856,-1.6040199995040894,0.0008823037496767938
3857,-1.5341529846191406,0.000883013941347599
3858,-1.5840200185775757,0.0008837135974317789
3859,-1.5890870094299316,0.000884390901774168
3860,-1.634153962135315,0.0008850369486026466
3861,-1.5992200374603271,0.000885660934727639
3862,-1.6741540431976318,0.0008862639078870416
3863,-1.6541539430618286,0.0008868812583386898
3864,-1.6741540431976318,0.0008875007624737918
3865,-1.6992210149765015,0.0008881286485120654
3866,-1.7944220304489136,0.000888796872459352
3867,-1.8045560121536255,0.0008894756902009249
3868,-1.8997570276260376,0.0008902251138351858
3869,-1.8845570087432861,0.0008911736658774316
3870,-1.9546910524368286,0.0008927499875426292
3871,-1.8997570276260376,0.0008949561743065715
3872,-1.2136149406433105,0.0008972398354671896
3873,-0.3120039999485016,0.0008995201205834746
3874,0.24907000362873077,0.0009012946393340826
3875,0.8949450254440308,0.0009019771823659539
3876,1.0552129745483398,0.0009011278161779046
3877,1.0301460027694702,0.0008991127833724022
3878,1.0504130125045776,0.0008967785979621112
3879,1.155480980873108,0.0008941864361986518
3880,1.2005480527877808,0.0008919878164306283
3881,1.2656160593032837,0.0008898993255570531
3882,1.2605489492416382,0.0008884021663106978
3883,1.315750002861023,0.0008874437189660966
3884,1.315750002861023,0.0008863083785399795
3885,1.3709499835968018,0.0008848297293297946
3886,1.4008179903030396,0.0008833510801196098
3887,1.4410849809646606,0.0008812752785161138
3888,1.4309509992599487,0.0008795440662652254
3889,1.4560179710388184,0.000877526355907321
3890,1.4410849809646606,0.0008754633599892259
3891,1.4861520528793335,0.0008729948895052075
3892,1.5010850429534912,0.0008705288055352867
3893,1.5512189865112305,0.0008686489891260862
3894,1.5312190055847168,0.000867777387611568
3895,1.5912200212478638,0.0008674163836985826
3896,1.6013530492782593,0.0008671928662806749
3897,1.696287989616394,0.000867576221935451
3898,1.7162879705429077,0.000868158764205873
3899,1.8066890239715576,0.000868704984895885
3900,1.8114889860153198,0.0008693360723555088
3901,1.8314900398254395,0.0008697131997905672
3902,1.7914890050888062,0.0008699034224264324
3903,1.8314900398254395,0.0008699308964423835
3904,1.8216229677200317,0.0008701858459971845
3905,1.8416229486465454,0.0008702751947566867
3906,1.8266890048980713,0.0008700587786734104
3907,1.856557011604309,0.0008691860712133348
3908,1.7664220333099365,0.0008675105636939406
3909,1.8165559768676758,0.000864921254105866
3910,1.7714890241622925,0.0008620574953965843
3911,1.8066890239715576,0.0008596922270953655
3912,1.781622052192688,0.0008578425040468574
3913,1.8066890239715576,0.0008566067554056644
3914,1.7565549612045288,0.0008556465618312359
3915,1.8114889860153198,0.0008546774042770267
3916,1.7464220523834229,0.0008536269888281822
3917,1.796555995941162,0.0008527466561645269
3918,1.7565549612045288,0.0008517138194292784
3919,1.796555995941162,0.0008504051947966218
3920,1.7565549612045288,0.0008491130429320037
3921,1.7914890050888062,0.0008478850941173732
3922,1.7565549612045288,0.0008464351412840188
3923,1.801622986793518,0.0008450762834399939
3924,1.7616219520568848,0.0008440819219686091
3925,1.8114889860153198,0.0008431447204202414
3926,1.7514890432357788,0.000842298089992255
3927,1.796555995941162,0.0008418520446866751
3928,1.7864220142364502,0.0008416093187406659
3929,1.7413549423217773,0.0008411488379351795
3930,1.7365549802780151,0.0008406353881582618
3931,1.781622052192688,0.0008400792139582336
3932,1.7162879705429077,0.0008392067393288016
3933,1.781622052192688,0.0008381541701965034
3934,1.7514890432357788,0.000837471045088023
3935,1.7714890241622925,0.0008365173707716167
3936,1.7264219522476196,0.000835323182400316
3937,1.7765560150146484,0.0008342035580426455
3938,1.7413549423217773,0.0008326591923832893
3939,1.796555995941162,0.0008307254174724221
3940,1.7162879705429077,0.000829372089356184
3941,1.7514890432357788,0.00082859315443784
3942,1.7365549802780151,0.0008279150351881981
3943,1.7714890241622925,0.0008273532148450613
3944,1.70135498046875,0.0008269451791420579
3945,1.7616219520568848,0.0008265486685559154
3946,1.7365549802780151,0.0008258759044110775
3947,1.7616219520568848,0.0008247314253821969
3948,1.7314879894256592,0.0008232566760852933
3949,1.7664220333099365,0.000821745372377336
3950,1.7565549612045288,0.0008202010649256408
3951,1.7914890050888062,0.0008185449987649918
3952,1.7064210176467896,0.0008173766545951366
3953,1.7565549612045288,0.0008162695448845625
3954,1.7314879894256592,0.0008146915351971984
3955,1.7864220142364502,0.0008127159089781344
3956,1.7365549802780151,0.000811077537946403
3957,1.7565549612045288,0.0008093066862784326
3958,1.7064210176467896,0.0008076651720330119
3959,1.7864220142364502,0.0008061658591032028
3960,1.7514890432357788,0.0008043970447033644
3961,1.7365549802780151,0.0008028305601328611
3962,1.7213549613952637,0.0008018380613066256
3963,1.781622052192688,0.0008013206534087658
3964,1.7162879705429077,0.0008011607569642365
3965,1.7565549612045288,0.0008004820556379855
3966,1.7264219522476196,0.0007996915956027806
3967,1.7464220523834229,0.0007989216246642172
3968,1.7064210176467896,0.0007982110837474465
3969,1.7365549802780151,0.0007973749306984246
3970,1.7365549802780151,0.0007962881354615092
3971,1.781622052192688,0.0007955097244121134
3972,1.70135498046875,0.0007952346932142973
3973,1.7664220333099365,0.0007951132720336318
3974,1.7162879705429077,0.0007950100116431713
3975,1.801622986793518,0.0007949117571115494
3976,1.7162879705429077,0.0007945881225168705
3977,1.7714890241622925,0.00079424271825701
3978,1.7664220333099365,0.0007941494695842266
3979,1.7914890050888062,0.00079407321754843
3980,1.7162879705429077,0.0007936592446640134
3981,1.781622052192688,0.0007930392166599631
3982,1.7162879705429077,0.0007920726202428341
3983,1.796555995941162,0.0007907715626060963
3984,1.7365549802780151,0.0007888474501669407
3985,1.7365549802780151,0.0007869455730542541
3986,1.7264219522476196,0.0007857733871787786
3987,1.7464220523834229,0.0007851489936001599
3988,1.7314879894256592,0.0007847122033126652
3989,1.781622052192688,0.0007847592351026833
3990,1.7514890432357788,0.0007853243732824922
3991,1.7664220333099365,0.0007861912599764764
3992,1.70135498046875,0.0007869193213991821
3993,1.7714890241622925,0.0007872844580560923
3994,1.7264219522476196,0.0007878472097218037
3995,1.781622052192688,0.0007885718951001763
3996,1.7264219522476196,0.0007887962274253368
3997,1.1453479528427124,0.0007884435472078621
3998,0.30907100439071655,0.0007875598384998739
3999,-0.2720029950141907,0.0007864987128414214
4000,-0.9130780100822449,0.0007852734997868538
4001,-1.1282809972763062,0.0007837514858692884
4002,-1.2034820318222046,0.0007821943145245314
4003,-1.2285490036010742,0.0007806873181834817
4004,-1.2885489463806152,0.0007791894022375345
4005,-1.3586839437484741,0.0007778731524012983
4006,-1.3738839626312256,0.0007765969494357705
4007,-1.403751015663147,0.0007752528763376176
4008,-1.4640179872512817,0.0007738262647762895
4009,-1.4789520502090454,0.0007723744492977858
4010,-1.498952031135559,0.0007709200726822019
4011,-1.5389529466629028,0.0007694460218772292
4012,-1.5890870094299316,0.0007679707487113774
4013,-1.5389529466629028,0.0007665020530112088
4014,-1.5941530466079712,0.00076501868898049
4015,-1.5840200185775757,0.0007635197252966464
4016,-1.6141539812088013,0.0007619973039254546
4017,-1.6192200183868408,0.0007604641141369939
4018,-1.6493539810180664,0.000758922949898988
4019,-1.6493539810180664,0.0007573972106911242
4020,-1.6893539428710938,0.000755883171223104
4021,-1.6893539428710938,0.0007543959654867649
4022,-1.7744220495224,0.0007529357681050897
4023,-1.7994890213012695,0.0007514675380662084
4024,-1.8997570276260376,0.000750260311178863
4025,-1.874690055847168,0.0007497152546420693
4026,-1.9296239614486694,0.0007504021050408483
4027,-1.889623999595642,0.0007525038672611117
4028,-1.9698909521102905,0.0007558309007436037
4029,-1.9245569705963135,0.000759467133320868
4030,-1.9597580432891846,0.0007629996398463845
4031,-1.9597580432891846,0.0007666029850952327
4032,-1.949623942375183,0.0007698548724874854
4033,-1.889623999595642,0.0007726433104835451
4034,-1.9146909713745117,0.0007750596851110458
4035,-1.8794900178909302,0.000777498702518642
4036,-1.9296239614486694,0.0007798307342454791
4037,-1.874690055847168,0.0007824287749826908
4038,-1.9197570085525513,0.0007849475950933993
4039,-1.8794900178909302,0.0007870428962633014
4040,-1.9045569896697998,0.0007889891276136041
4041,-1.8496229648590088,0.0007908981060609221
4042,-1.9096239805221558,0.0007933143642731011
4043,-1.8496229648590088,0.0007963419193401933
4044,-1.9146909713745117,0.0007994251209311187
4045,-1.8296229839324951,0.0008029419695958495
4046,-1.889623999595642,0.0008067269227467477
4047,-1.8445559740066528,0.0008101072162389755
4048,-1.8845570087432861,0.0008133299998007715
4049,-1.8296229839324951,0.0008162815356627107
4050,-1.8645570278167725,0.000818644359242171
4051,-1.8394900560379028,0.0008206102065742016
4052,-1.9045569896697998,0.0008226716890931129
4053,-1.8245559930801392,0.0008248400990851223
4054,-1.8645570278167725,0.0008272547274827957
4055,-1.8445559740066528,0.0008298188913613558
4056,-1.8696229457855225,0.0008323026122525334
4057,-1.8194890022277832,0.0008342064684256911
4058,-1.8794900178909302,0.0008360244100913405
4059,-1.8344229459762573,0.0008379194187000394
4060,-1.889623999595642,0.0008399189682677388
4061,-1.8144229650497437,0.0008420669473707676
4062,-1.8245559930801392,0.0008441577665507793
4063,-1.7845560312271118,0.0008459658129140735
4064,-1.8394900560379028,0.0008475171052850783
4065,-1.8045560121536255,0.0008490945911034942
4066,-1.8394900560379028,0.0008505855221301317
4067,-1.8194890022277832,0.0008524686563760042
4068,-1.889623999595642,0.0008548501646146178
4069,-1.8245559930801392,0.0008575421525165439
4070,-1.8394900560379028,0.0008602036978118122
4071,-1.874690055847168,0.0008624508045613766
4072,-1.8496229648590088,0.0008643876062706113
4073,-1.8594900369644165,0.0008664670749567449
4074,-1.8645570278167725,0.000868643750436604
4075,-1.8296229839324951,0.0008705182699486613
4076,-1.8696229457855225,0.0008720604819245636
4077,-1.8144229650497437,0.0008740120101720095
4078,-1.8546899557113647,0.0008760229684412479
4079,-1.8045560121536255,0.0008783609373494983
4080,-1.8546899557113647,0.000880847976077348
4081,-1.8245559930801392,0.0008831487502902746
4082,-1.8546899557113647,0.0008853818289935589
4083,-1.8296229839324951,0.0008881111862137914
4084,-1.874690055847168,0.0008910204051062465
4085,-1.8144229650497437,0.000894197029992938
4086,-1.874690055847168,0.0008978386176750064
4087,-1.8194890022277832,0.0009021307341754436
4088,-1.8546899557113647,0.0009078175644390285
4089,-1.8445559740066528,0.0009147527161985636
4090,-1.874690055847168,0.0009229654679074883
4091,-1.8245559930801392,0.000932293594814837
4092,-1.8696229457855225,0.0009420560672879219
4093,-1.8296229839324951,0.0009525797795504332
4094,-1.8445559740066528,0.0009634493035264313
4095,-1.8144229650497437,0.000974775233771652
4096,-1.8696229457855225,0.0009872105438262224
4097,-1.7944220304489136,0.0010006914380937815
4098,-1.8546899557113647,0.0010151524329558015
4099,-1.8296229839324951,0.0010305866599082947
4100,-1.8344229459762573,0.0010467898100614548
4101,-1.8096230030059814,0.0010631587356328964
4102,-1.8394900560379028,0.0010790466330945492
4103,-1.8096230030059814,0.0010946656111627817
4104,-1.8645570278167725,0.0011101943673565984
4105,-1.8045560121536255,0.0011259145103394985
4106,-1.8245559930801392,0.001141994260251522
4107,-1.7944220304489136,0.0011586674954742193
4108,-1.8546899557113647,0.0011753570288419724
4109,-1.8144229650497437,0.0011922717094421387
4110,-1.874690055847168,0.0012088159564882517
4111,-1.7845560312271118,0.0012242889497429132
4112,-1.8794900178909302,0.0012384133879095316
4113,-1.8296229839324951,0.001251361914910376
4114,-1.8794900178909302,0.0012633856385946274
4115,-1.7994890213012695,0.001274710870347917
4116,-1.8997570276260376,0.001285647158510983
4117,-1.8296229839324951,0.001296183094382286
4118,-1.8845570087432861,0.0013058962067589164
4119,-1.8144229650497437,0.00131445552688092
4120,-1.874690055847168,0.0013216856168583035
4121,-1.8194890022277832,0.0013276294339448214
4122,-1.2586820125579834,0.001332069979980588
4123,-0.35707101225852966,0.0013356890995055437
4124,0.19893600046634674,0.0013392912223935127
4125,0.8749439716339111,0.0013425711076706648
4126,1.0402799844741821,0.0013450731057673693
4127,1.1354809999465942,0.001346813514828682
4128,1.1253470182418823,0.001348327612504363
4129,1.2106820344924927,0.0013497471809387207
4130,1.2808159589767456,0.0013512283330783248
4131,1.2856160402297974,0.0013528005219995975
4132,1.315750002861023,0.001354304957203567
4133,1.3506840467453003,0.0013557658530771732
4134,1.3808170557022095,0.0013571556191891432
4135,1.4410849809646606,0.0013584845000877976
4136,1.465885043144226,0.0013597167562693357
4137,1.4861520528793335,0.0013608938315883279
4138,1.465885043144226,0.001361967995762825
4139,1.5010850429534912,0.0013630243483930826
4140,1.4909520149230957,0.0013640092220157385
4141,1.5512189865112305,0.0013650122564285994
4142,1.5312190055847168,0.0013659672113135457
4143,1.6213539838790894,0.0013669449836015701
4144,1.5560189485549927,0.0013678830582648516
4145,1.6112200021743774,0.0013688486069440842
4146,1.6312199831008911,0.0013697972754016519
4147,1.7064210176467896,0.001370785292237997
4148,1.7213549613952637,0.0013717776164412498
4149,1.796555995941162,0.0013729972997680306
4150,1.7565549612045288,0.0013744879979640245
4151,1.8616230487823486,0.0013760286383330822
4152,1.8114889860153198,0.0013777574058622122
4153,1.8717570304870605,0.0013799434527754784
4154,1.8365559577941895,0.0013825851492583752
4155,1.911756992340088,0.0013856540899723768
4156,1.8216229677200317,0.0013889855472370982
4157,1.8616230487823486,0.001392821199260652
4158,1.796555995941162,0.00139732682146132
4159,1.8314900398254395,0.001402706140652299
4160,1.781622052192688,0.0014091060729697347
4161,1.8114889860153198,0.0014167383778840303
4162,1.7616219520568848,0.0014255488058552146
4163,1.7914890050888062,0.0014354420127347112
4164,1.7765560150146484,0.001446439535357058
4165,1.8066890239715576,0.0014572780346497893
4166,1.7714890241622925,0.0014681110624223948
4167,1.7765560150146484,0.0014786324463784695
4168,1.7314879894256592,0.0014888488221913576
4169,1.7714890241622925,0.001498962752521038
4170,1.7514890432357788,0.0015091551467776299
4171,1.7616219520568848,0.001519348006695509
4172,1.7514890432357788,0.0015294020995497704
4173,1.781622052192688,0.0015394518850371242
4174,1.781622052192688,0.0015497119165956974
4175,1.8114889860153198,0.0015598651953041553
4176,1.7514890432357788,0.0015699153300374746
4177,1.7864220142364502,0.0015791668556630611
4178,1.7864220142364502,0.00158762838691473
4179,1.8114889860153198,0.0015955588314682245
4180,1.7464220523834229,0.0016034485306590796
4181,1.8216229677200317,0.0016114091267809272
4182,1.7565549612045288,0.0016204193234443665
4183,1.7616219520568848,0.0016311993822455406
4184,1.57122004032135,0.0016430770047008991
4185,0.6746749877929688,0.0016552673187106848
4186,0.12373500317335129,0.0016674490179866552
4187,-0.6274750232696533,0.0016796411946415901
4188,-1.01814603805542,0.0016920818015933037
4189,-1.1384140253067017,0.001704891212284565
4190,-1.2336150407791138,0.0017182922456413507
4191,-1.2634819746017456,0.001732628676109016
4192,-1.348816990852356,0.001747522852383554
4193,-1.3586839437484741,0.0017631854861974716
4194,-1.403751015663147,0.0017795148305594921
4195,-1.3938839435577393,0.0017958073876798153
4196,-1.4890849590301514,0.0018115086713805795
4197,-1.4538849592208862,0.0018266928382217884
4198,-1.5541529655456543,0.001841848250478506
4199,-1.5341529846191406,0.001857329742051661
4200,-1.5792200565338135,0.0018729718867689371
4201,-1.564020037651062,0.0018887078622356057
4202,-1.5792200565338135,0.0019046433735638857
4203,-1.5389529466629028,0.0019209760939702392
4204,-1.6392199993133545,0.0019363195169717073
4205,-1.6242870092391968,0.0019496289314702153
4206,-1.6944210529327393,0.0019619064405560493
4207,-1.6642869710922241,0.001973371487110853
4208,-1.7042880058288574,0.0019838674925267696
4209,-1.7642890214920044,0.0019936966709792614
4210,-1.8245559930801392,0.0020033358596265316
4211,-1.8394900560379028,0.002012522891163826
4212,-1.9296239614486694,0.002020595595240593
4213,-1.9045569896697998,0.0020274887792766094
4214,-1.949623942375183,0.002033218741416931
4215,-1.8144229650497437,0.0020374045707285404
4216,-0.9080110192298889,0.002040059771388769
4217,-0.26186999678611755,0.002042157808318734
4218,0.47440600395202637,0.002044104505330324
4219,0.9301450252532959,0.0020454609766602516
4220,1.0602799654006958,0.0020465771667659283
4221,1.0504130125045776,0.0020480076782405376
4222,1.0552129745483398,0.0020494244527071714
4223,1.1104140281677246,0.0020508698653429747
4224,1.1856149435043335,0.0020524372812360525
4225,1.25068199634552,0.002054148819297552
4226,1.2405489683151245,0.002055945573374629
4227,1.2856160402297974,0.0020577944815158844
4228,1.315750002861023,0.0020595684181898832
4229,1.37575101852417,0.0020612834487110376
4230,1.3808170557022095,0.002062900923192501
4231,1.4008179903030396,0.0020644585601985455
4232,1.405884027481079,0.0020659163128584623
4233,1.4458849430084229,0.00206734798848629
4234,1.4258840084075928,0.0020687119103968143
4235,1.5010850429534912,0.002070058835670352
4236,1.476017951965332,0.0020713447593152523
4237,1.536018967628479,0.002072621136903763
4238,1.5160189867019653,0.0020738670136779547
4239,1.57122004032135,0.0020751110278069973
4240,1.636286973953247,0.002076368313282728
4241,1.7064210176467896,0.0020776279270648956
4242,1.7314879894256592,0.0020787217654287815
4243,1.796555995941162,0.002079576253890991
4244,1.801622986793518,0.0020801841747015715
4245,1.8314900398254395,0.0020806603133678436
4246,1.7914890050888062,0.002080866601318121
4247,1.1856149435043335,0.002080729231238365
4248,0.2890700101852417,0.002080530161038041
4249,-0.252003014087677,0.002080363454297185
4250,-0.958145022392273,0.002080393023788929
4251,-1.113347053527832,0.002080715959891677
4252,-1.1482809782028198,0.0020820011850446463
4253,-1.1584140062332153,0.002084965817630291
4254,-1.238415002822876,0.0020897826179862022
4255,-1.2786829471588135,0.0020954918581992388
4256,-1.34375,0.0021019428968429565
4257,-1.3586839437484741,0.00210862560197711
4258,-1.4288179874420166,0.002115672454237938
4259,-1.4437509775161743,0.0021233106963336468
4260,-1.498952031135559,0.002130683045834303
4261,-1.4938850402832031,0.0021378372330218554
4262,-1.5389529466629028,0.002144981175661087
4263,-1.5240190029144287,0.0021524217445403337
4264,-1.569085955619812,0.0021603740751743317
4265,-1.558953046798706,0.002168049803003669
4266,-1.6141539812088013,0.0021755299530923367
4267,-1.569085955619812,0.0021831209305673838
4268,-1.634153962135315,0.002190667437389493
4269,-1.6242870092391968,0.0021980253513902426
4270,-1.6992210149765015,0.0022052370477467775
4271,-1.6893539428710938,0.0022124580573290586
4272,-1.7744220495224,0.0022191302850842476
4273,-1.7994890213012695,0.002225721487775445
4274,-1.9045569896697998,0.002232415834441781
4275,-1.8997570276260376,0.0022387464996427298
4276,-1.9296239614486694,0.002245174255222082
4277,-1.889623999595642,0.002250969409942627
4278,-1.5389529466629028,0.0022557470947504044
4279,-0.4370720088481903,0.002259181346744299
4280,0.003467000089585781,0.002261557150632143
4281,0.8298770189285278,0.0022629727609455585
4282,1.0002789497375488,0.002263242844492197
4283,1.095479965209961,0.002262512221932411
4284,1.0453460216522217,0.002261194633319974
4285,1.1053470373153687,0.002259793458506465
4286,1.1754809617996216,0.002258450724184513
4287,1.2605489492416382,0.0022572437301278114
4288,1.2306820154190063,0.0022568730637431145
4289,1.305616021156311,0.0022573694586753845
4290,1.3258830308914185,0.002258389489725232
4291,1.3709499835968018,0.002258598804473877
4292,1.3808170557022095,0.002258223481476307
4293,1.4360179901123047,0.0022572202142328024
4294,1.4008179903030396,0.0022562493104487658
4295,1.476017951965332,0.002255799015983939
4296,1.3909510374069214,0.0022561640944331884
4297,1.4509509801864624,0.0022566313855350018
4298,1.4560179710388184,0.0022566518746316433
4299,1.5109519958496094,0.0022565145045518875
4300,1.481084942817688,0.0022568898275494576
4301,1.5661530494689941,0.002257751068100333
4302,1.5762859582901,0.0022584570106118917
4303,1.6664210557937622,0.0022586488630622625
4304,1.6762880086898804,0.002258473541587591
4305,1.796555995941162,0.002257654443383217
4306,1.7864220142364502,0.002256454201415181
4307,1.8266890048980713,0.0022547459229826927
4308,1.7914890050888062,0.0022532630246132612
4309,1.6664210557937622,0.0022521382197737694
4310,0.554407000541687,0.0022511950228363276
4311,0.11360099911689758,0.002250055316835642
4312,-0.7226759791374207,0.002248858567327261
4313,-1.0082789659500122,0.0022481591440737247
4314,-1.1685479879379272,0.002248070202767849
4315,-1.113347053527832,0.0022486101370304823
4316,-1.2085479497909546,0.002249969867989421
4317,-1.2234820127487183,0.0022521575447171926
4318,-1.3288170099258423,0.0022547284606844187
4319,-1.3336169719696045,0.002257522428408265
4320,-1.398684024810791,0.0022603757679462433
4321,-1.3938839435577393,0.0022635478526353836
4322,-1.4890849590301514,0.0022668382152915
4323,-1.4640179872512817,0.002269638702273369
4324,-1.5341529846191406,0.0022721849381923676
4325,-1.5189520120620728,0.0022747796028852463
4326,-1.5440189838409424,0.0022776853293180466
4327,-1.509086012840271,0.0022812129464000463
4328,-1.5541529655456543,0.0022843540646135807
4329,-1.5541529655456543,0.002287358744069934
4330,-1.6040199995040894,0.002290488686412573
4331,-1.5890870094299316,0.002293379046022892
4332,-1.6541539430618286,0.0022959341295063496
4333,-1.6741540431976318,0.0022985711693763733
4334,-1.7394880056381226,0.00230086175724864
4335,-1.7794890403747559,0.002302797045558691
4336,-1.8696229457855225,0.0023047265131026506
4337,-1.8546899557113647,0.002306312555447221
4338,-1.949623942375183,0.0023077521473169327
4339,-1.9045569896697998,0.0023087989538908005
4340,-1.874690055847168,0.0023090008180588484
4341,-0.8378769755363464,0.002307889051735401
4342,-0.252003014087677,0.0023053602781146765
4343,0.5344070196151733,0.0023013949394226074
4344,0.8800110220909119,0.0022964072413742542
4345,1.1354809999465942,0.0022906376980245113
4346,1.0402799844741821,0.0022840071469545364
4347,1.1253470182418823,0.002276916056871414
4348,1.1154810190200806,0.002269218908622861
4349,1.2354819774627686,0.0022612058091908693
4350,1.2405489683151245,0.0022530658170580864
4351,1.3357499837875366,0.00224473443813622
4352,1.3306829929351807,0.0022358770947903395
4353,1.3506840467453003,0.002225985284894705
4354,1.37575101852417,0.0022148529533296824
4355,1.4410849809646606,0.002202608622610569
4356,1.410951018333435,0.0021896243561059237
4357,1.481084942817688,0.0021767509169876575
4358,1.4560179710388184,0.002164945937693119
4359,1.5061520338058472,0.002154084388166666
4360,1.476017951965332,0.002143092453479767
4361,1.536018967628479,0.0021319743245840073
4362,1.5312190055847168,0.0021208457183092833
4363,1.5661530494689941,0.002109744120389223
4364,1.5661530494689941,0.0020989440381526947
4365,1.646420955657959,0.0020875814370810986
4366,1.6562869548797607,0.002075903583317995
4367,1.7162879705429077,0.002064878586679697
4368,1.7514890432357788,0.0020549758337438107
4369,1.8314900398254395,0.002046298235654831
4370,1.7914890050888062,0.0020387698896229267
4371,1.846690058708191,0.00203239219263196
4372,1.781622052192688,0.002026451751589775
4373,1.8365559577941895,0.0020207450725138187
4374,1.8266890048980713,0.0020153953228145838
4375,1.8616230487823486,0.002010955708101392
4376,1.781622052192688,0.002007676288485527
4377,1.851755976676941,0.002005582908168435
4378,1.7464220523834229,0.0020048506557941437
4379,1.796555995941162,0.0020049232989549637
4380,1.7565549612045288,0.0020049074664711952
4381,1.7864220142364502,0.002004957990720868
4382,1.7565549612045288,0.0020053349435329437
4383,1.796555995941162,0.0020062425173819065
4384,1.7264219522476196,0.0020072897896170616
4385,1.781622052192688,0.0020083498675376177
4386,1.7464220523834229,0.0020091135520488024
4387,1.801622986793518,0.0020097801461815834
4388,1.7264219522476196,0.002010599710047245
4389,1.7864220142364502,0.0020117810927331448
4390,1.7114880084991455,0.002013202290982008
4391,1.7714890241622925,0.0020150423515588045
4392,1.7264219522476196,0.002017512684687972
4393,1.7616219520568848,0.0020205320324748755
4394,1.7213549613952637,0.002023939974606037
4395,1.7565549612045288,0.002027604728937149
4396,1.7413549423217773,0.0020310115069150925
4397,1.7664220333099365,0.0020339887123554945
4398,1.7464220523834229,0.002036745660007
4399,1.796555995941162,0.002039351500570774
4400,1.7616219520568848,0.00204181345179677
4401,1.781622052192688,0.0020437603816390038
4402,1.7162879705429077,0.002045539440587163
4403,1.410951018333435,0.002047192305326462
4404,0.4544059932231903,0.0020484309643507004
4405,-0.016534000635147095,0.0020489846356213093
4406,-0.8128100037574768,0.002048918977379799
4407,-1.0632129907608032,0.002048641908913851
4408,-1.2285490036010742,0.0020480260718613863
4409,-1.183480978012085,0.0020468351431190968
4410,-1.2885489463806152,0.0020450586453080177
4411,-1.3237500190734863,0.002042778767645359
4412,-1.3536169528961182,0.002040127059444785
4413,-1.403751015663147,0.0020369444973766804
4414,-1.4589519500732422,0.002033019671216607
4415,-1.4338849782943726,0.0020281875040382147
4416,-1.5189520120620728,0.002022291300818324
4417,-1.5341529846191406,0.0020151676144450903
4418,-1.569085955619812,0.0020068464800715446
4419,-1.5290859937667847,0.001997415442019701
4420,-1.629086971282959,0.001986880786716938
4421,-1.5792200565338135,0.0019764862954616547
4422,-1.6141539812088013,0.0019660601392388344
4423,-1.6040199995040894,0.001955929445102811
4424,-1.6893539428710938,0.001946113770827651
4425,-1.6392199993133545,0.001936427433975041
4426,-1.6741540431976318,0.0019267135066911578
4427,-1.7042880058288574,0.0019170567393302917
4428,-1.789355993270874,0.001907638506963849
4429,-1.7794890403747559,0.001898328773677349
4430,-1.9245569705963135,0.0018887997139245272
4431,-1.9146909713745117,0.001879210933111608
4432,-1.949623942375183,0.001869518542662263
4433,-1.9546910524368286,0.0018607841338962317
4434,-1.7794890403747559,0.0018527602078393102
4435,-0.592540979385376,0.0018447809852659702
4436,-0.1717350035905838,0.0018366907024756074
4437,0.6696079969406128,0.0018285551341250539
4438,0.9301450252532959,0.0018193640280514956
4439,1.0704129934310913,0.0018082844326272607
4440,1.0053459405899048,0.0017962357960641384
4441,1.1154810190200806,0.0017841364024206996
4442,1.1405479907989502,0.001772088697180152
4443,1.2205489873886108,0.0017602101434022188
4444,1.2306820154190063,0.0017484285635873675
4445,1.320816993713379,0.0017362353391945362
4446,1.2808159589767456,0.0017232336103916168
4447,1.3957509994506836,0.0017094099894165993
4448,1.3357499837875366,0.0016953226877376437
4449,1.4258840084075928,0.0016807178035378456
4450,1.3909510374069214,0.0016653735656291246
4451,1.4360179901123047,0.0016502374783158302
4452,1.405884027481079,0.0016359318979084492
4453,1.4360179901123047,0.0016219709068536758
4454,1.481084942817688,0.0016079286579042673
4455,1.5261520147323608,0.0015936902491375804
4456,1.4909520149230957,0.0015791152836754918
4457,1.5610860586166382,0.0015639803605154157
4458,1.546152949333191,0.0015485312324017286
4459,1.6712210178375244,0.0015328398440033197
4460,1.6914880275726318,0.0015179936308413744
4461,1.7464220523834229,0.0015050307847559452
4462,1.7565549612045288,0.0014932377962395549
4463,1.8314900398254395,0.0014824962709099054
4464,1.7765560150146484,0.001472878735512495
4465,1.8416229486465454,0.0014641970628872514
4466,1.801622986793518,0.001455771503970027
4467,1.846690058708191,0.0014478195225819945
4468,1.796555995941162,0.0014407923445105553
4469,1.856557011604309,0.001435308251529932
4470,1.7765560150146484,0.0014311985578387976
4471,1.8216229677200317,0.001428292947821319
4472,1.7765560150146484,0.0014265733771026134
4473,1.781622052192688,0.0014253249391913414
4474,1.781622052192688,0.0014234650880098343
4475,1.7864220142364502,0.001421618857420981
4476,1.7514890432357788,0.0014198770513758063
4477,1.781622052192688,0.0014184140600264072
4478,1.7413549423217773,0.0014173801755532622
4479,1.7914890050888062,0.0014169763308018446
4480,1.7365549802780151,0.0014168370980769396
4481,1.7464220523834229,0.0014168855268508196
4482,1.7213549613952637,0.0014170168433338404
4483,1.8066890239715576,0.0014175104442983866
4484,1.7314879894256592,0.0014175627147778869
4485,1.8066890239715576,0.0014173381496220827
4486,1.7264219522476196,0.0014167902991175652
4487,1.7616219520568848,0.001416312763467431
4488,1.7162879705429077,0.0014158675912767649
4489,1.781622052192688,0.0014155602548271418
4490,1.7365549802780151,0.0014159077545627952
4491,1.7514890432357788,0.0014164515305310488
4492,1.7514890432357788,0.0014172622468322515
4493,1.7464220523834229,0.0014189572539180517
4494,1.70135498046875,0.0014207926578819752
4495,1.781622052192688,0.0014233819674700499
4496,1.696287989616394,0.0014267540536820889
4497,1.7765560150146484,0.001430042553693056
4498,1.7264219522476196,0.00143327284604311
4499,1.7714890241622925,0.001436601742170751
4500,1.7114880084991455,0.0014403900131583214
4501,1.7314879894256592,0.0014445227570831776
4502,1.7064210176467896,0.0014491897309198976
4503,1.781622052192688,0.001454963581636548
4504,1.696287989616394,0.0014622407034039497
4505,1.7365549802780151,0.0014696307480335236
4506,1.7264219522476196,0.0014771120622754097
4507,1.7514890432357788,0.0014839372597634792
4508,1.70135498046875,0.0014904122799634933
4509,1.7413549423217773,0.0014967885799705982
4510,1.7264219522476196,0.001502800383605063
4511,1.7616219520568848,0.0015088447835296392
4512,1.7314879894256592,0.0015144379576668143
4513,1.7765560150146484,0.0015199409099295735
4514,1.7264219522476196,0.0015247842529788613
4515,1.7514890432357788,0.0015291853342205286
4516,1.7264219522476196,0.0015340169193223119
4517,1.7565549612045288,0.001539012067951262
4518,1.6914880275726318,0.001544641563668847
4519,1.781622052192688,0.0015505944611504674
4520,1.7413549423217773,0.001555656548589468
4521,1.7664220333099365,0.0015605150256305933
4522,1.7565549612045288,0.0015659877099096775
4523,1.7664220333099365,0.001571978209540248
4524,1.7413549423217773,0.0015788276214152575
4525,1.7864220142364502,0.001585750374943018
4526,1.7314879894256592,0.0015913621755316854
4527,1.7464220523834229,0.0015958738513290882
4528,1.3506840467453003,0.0015986302169039845
4529,0.4693390130996704,0.0015987944789230824
4530,-0.10666800290346146,0.0015974792186170816
4531,-0.7928100228309631,0.0015952284447848797
4532,-1.113347053527832,0.0015921753365546465
4533,-1.1584140062332153,0.0015892647206783295
4534,-1.2234820127487183,0.0015869742492213845
4535,-1.2536159753799438,0.0015857149846851826
4536,-1.3536169528961182,0.001584954559803009
4537,-1.3186830282211304,0.001584294019266963
4538,-1.4138840436935425,0.0015833645593374968
4539,-1.3938839435577393,0.001581867691129446
4540,-1.4738850593566895,0.0015797038795426488
4541,-1.468817949295044,0.0015772371552884579
4542,-1.5290859937667847,0.001574818161316216
4543,-1.5290859937667847,0.0015722609823569655
4544,-1.6090869903564453,0.0015692804008722305
4545,-1.5541529655456543,0.00156579096801579
4546,-1.5792200565338135,0.0015619663754478097
4547,-1.558953046798706,0.001558890799060464
4548,-1.6040199995040894,0.0015563084743916988
4549,-1.6090869903564453,0.001553995069116354
4550,-1.6642869710922241,0.001551641384139657
4551,-1.6442869901657104,0.0015489491634070873
4552,-1.7192209959030151,0.0015456234104931355
4553,-1.7493549585342407,0.001542179030366242
4554,-1.8296229839324951,0.0015388308092951775
4555,-1.8546899557113647,0.0015351208858191967
4556,-1.9096239805221558,0.0015314582269638777
4557,-1.8794900178909302,0.0015287938294932246
4558,-1.9096239805221558,0.0015280009247362614
4559,-1.6792210340499878,0.0015275186160579324
4560,-0.6626750230789185,0.0015268325805664062
4561,-0.1165350005030632,0.0015265424735844135
4562,0.6346750259399414,0.0015258515486493707
4563,0.9901459813117981,0.0015252606244757771
4564,1.095479965209961,0.0015243967063724995
4565,1.0453460216522217,0.0015233511803671718
4566,1.1053470373153687,0.0015221695648506284
4567,1.1453479528427124,0.0015210441779345274
4568,1.1904150247573853,0.0015200420748442411
4569,1.255748987197876,0.001518957782536745
4570,1.2808159589767456,0.0015174334403127432
4571,1.320816993713379,0.0015150359831750393
4572,1.3357499837875366,0.0015116038266569376
4573,1.405884027481079,0.0015072026289999485
4574,1.4008179903030396,0.0015024079475551844
4575,1.4410849809646606,0.001497433870099485
4576,1.4258840084075928,0.0014924255665391684
4577,1.465885043144226,0.001487063243985176
4578,1.4509509801864624,0.0014815782196819782
4579,1.4909520149230957,0.0014765907544642687
4580,1.481084942817688,0.0014719171449542046
4581,1.4909520149230957,0.0014671094249933958
4582,1.5061520338058472,0.0014618851710110903
4583,1.6061530113220215,0.0014559546252712607
4584,1.6162869930267334,0.0014506203588098288
4585,1.7714890241622925,0.0014456735225394368
4586,1.7565549612045288,0.0014407321577891707
4587,1.8365559577941895,0.0014361364301294088
4588,1.8216229677200317,0.0014316586311906576
4589,1.846690058708191,0.0014276527799665928
4590,1.7464220523834229,0.0014246903592720628
4591,0.865077018737793,0.001422100467607379
4592,0.19893600046634674,0.0014193892711773515
4593,-0.4621390104293823,0.0014169493224471807
4594,-0.9880120158195496,0.0014144864398986101
4595,-1.1333470344543457,0.0014118984108790755
4596,-1.183480978012085,0.0014098952524363995
4597,-1.1984150409698486,0.0014090207405388355
4598,-1.2234820127487183,0.0014087798772379756
4599,-1.2936160564422607,0.0014085534494370222
4600,-1.338683009147644,0.001407734234817326
4601,-1.3336169719696045,0.0014065410941839218
4602,-1.3888169527053833,0.001404391834512353
4603,-1.3837510347366333,0.0014012441970407963
4604,-1.4738850593566895,0.0013981558149680495
4605,-1.5189520120620728,0.0013949390267953277
4606,-1.5240190029144287,0.0013915948802605271
4607,-1.5138859748840332,0.0013878484023734927
4608,-1.5389529466629028,0.0013839040184393525
4609,-1.558953046798706,0.001380308298394084
4610,-1.6040199995040894,0.0013771960511803627
4611,-1.5941530466079712,0.00137460813857615
4612,-1.6141539812088013,0.0013716071844100952
4613,-1.6242870092391968,0.001368472701869905
4614,-1.6992210149765015,0.0013647670857608318
4615,-1.7042880058288574,0.0013602946419268847
4616,-1.8045560121536255,0.0013564331457018852
4617,-1.7794890403747559,0.0013520957436412573
4618,-1.8696229457855225,0.001347626093775034
4619,-1.8645570278167725,0.0013425500364974141
4620,-1.9146909713745117,0.001337072579190135
4621,-1.8794900178909302,0.0013318012934178114
4622,-1.9296239614486694,0.0013270559720695019
4623,-1.9245569705963135,0.00132263102568686
4624,-1.9546910524368286,0.001318344846367836
4625,-1.9197570085525513,0.0013138046488165855
4626,-1.9546910524368286,0.0013089324347674847
4627,-1.8794900178909302,0.0013035220326855779
4628,-1.8997570276260376,0.0012980069732293487
4629,-1.8344229459762573,0.001292565604671836
4630,-1.9146909713745117,0.0012875471729785204
4631,-1.8496229648590088,0.001282720360904932
4632,-1.8696229457855225,0.0012780337128788233
4633,-1.8394900560379028,0.001273434143513441
4634,-1.889623999595642,0.0012689249124377966
4635,-1.8245559930801392,0.0012644226662814617
4636,-1.8845570087432861,0.0012599625624716282
4637,-1.8394900560379028,0.0012555662542581558
4638,-1.8546899557113647,0.001250994624570012
4639,-1.8296229839324951,0.0012460248544812202
4640,-1.889623999595642,0.0012410394847393036
4641,-1.8496229648590088,0.0012361345579847693
4642,-1.8344229459762573,0.001231638714671135
4643,-1.8496229648590088,0.0012273264583200216
4644,-1.8794900178909302,0.0012229580897837877
4645,-1.8194890022277832,0.0012183035723865032
4646,-1.8946900367736816,0.0012134951539337635
4647,-1.8045560121536255,0.00120833283290267
4648,-1.8496229648590088,0.001202630577608943
4649,-1.8144229650497437,0.0011964336736127734
4650,-1.874690055847168,0.001189923845231533
4651,-1.8144229650497437,0.0011831580195575953
4652,-1.8496229648590088,0.0011767083778977394
4653,-1.8394900560379028,0.0011706736404448748
4654,-1.9045569896697998,0.0011648840736597776
4655,-1.8394900560379028,0.0011592309456318617
4656,-1.8496229648590088,0.0011537247337400913
4657,-1.8144229650497437,0.0011487037409096956
4658,-1.8546899557113647,0.0011438324581831694
4659,-1.8394900560379028,0.0011390452273190022
4660,-1.8496229648590088,0.0011346187675371766
4661,-1.8445559740066528,0.0011306152446195483
4662,-1.8546899557113647,0.0011268865782767534
4663,-1.8245559930801392,0.0011232695542275906
4664,-1.8546899557113647,0.0011197143467143178
4665,-1.8344229459762573,0.0011162480805069208
4666,-1.8496229648590088,0.0011128366459161043
4667,-1.7994890213012695,0.001109484350308776
4668,-1.8344229459762573,0.0011061935219913721
4669,-1.7994890213012695,0.0011029441375285387
4670,-1.8394900560379028,0.0010997432982549071
4671,-1.8045560121536255,0.0010966034606099129
4672,-1.8144229650497437,0.0010934961028397083
4673,-1.8144229650497437,0.001090417499653995
4674,-1.8296229839324951,0.001087364973500371
4675,-1.8045560121536255,0.0010843626223504543
4676,-1.8144229650497437,0.0010813656263053417
4677,-1.8344229459762573,0.0010784093756228685
4678,-1.8546899557113647,0.0010754824616014957
4679,-1.8344229459762573,0.001072597922757268
4680,-1.8794900178909302,0.0010696961544454098
4681,-1.8546899557113647,0.001066790777258575
4682,-1.8546899557113647,0.001063825562596321
4683,-1.8546899557113647,0.0010608133161440492
4684,-1.8496229648590088,0.001057690242305398
4685,-1.7944220304489136,0.0010544674005359411
4686,-1.8496229648590088,0.0010512336157262325
4687,-1.8045560121536255,0.001048167352564633
4688,-1.8394900560379028,0.0010452782735228539
4689,-1.8344229459762573,0.0010422577615827322
4690,-1.8645570278167725,0.0010393024422228336
4691,-1.8344229459762573,0.001036833506077528
4692,-1.8645570278167725,0.001034521497786045
4693,-1.874690055847168,0.0010322065791115165
4694,-1.9245569705963135,0.0010298709385097027
4695,-1.8394900560379028,0.0010276809334754944
4696,-1.8794900178909302,0.001025347039103508
4697,-1.8344229459762573,0.001022825832478702
4698,-1.8445559740066528,0.0010204454883933067
4699,-1.8144229650497437,0.0010181537363678217
4700,-1.874690055847168,0.001015683519653976
4701,-1.789355993270874,0.001013133442029357
4702,-1.8296229839324951,0.0010106854606419802
4703,-1.789355993270874,0.0010083452798426151
4704,-1.8394900560379028,0.0010057806503027678
4705,-1.8045560121536255,0.0010028898250311613
4706,-1.8794900178909302,0.0010002186754718423
4707,-1.8394900560379028,0.000997596187517047
4708,-1.8645570278167725,0.0009946972131729126
4709,-1.8696229457855225,0.000991677399724722
4710,-1.8997570276260376,0.0009888571221381426
4711,-1.8245559930801392,0.000986080733127892
4712,-1.8496229648590088,0.0009833055082708597
4713,-1.8445559740066528,0.0009807542664930224
4714,-1.8845570087432861,0.0009784391149878502
4715,-1.8245559930801392,0.0009760792599990964
4716,-1.8496229648590088,0.0009736493229866028
4717,-1.7845560312271118,0.0009708823054097593
4718,-1.8794900178909302,0.000968241598457098
4719,-1.8144229650497437,0.0009654861642047763
4720,-1.8997570276260376,0.0009623150108382106
4721,-1.8296229839324951,0.0009587586391717196
4722,-1.8845570087432861,0.0009552181581966579
4723,-1.8394900560379028,0.000951661670114845
4724,-1.8645570278167725,0.0009482359746471047
4725,-1.8394900560379028,0.0009445741889066994
4726,-1.8696229457855225,0.0009408767800778151
4727,-1.8496229648590088,0.0009373684879392385
4728,-1.8496229648590088,0.0009341444238089025
4729,-1.8245559930801392,0.0009308966109529138
4730,-1.8794900178909302,0.0009281059028580785
4731,-1.8194890022277832,0.0009254316100850701
4732,-1.8645570278167725,0.000922783394344151
4733,-1.8194890022277832,0.0009199873311445117
4734,-1.8394900560379028,0.0009169020340777934
4735,-1.8344229459762573,0.0009132858831435442
4736,-1.8546899557113647,0.0009095161803998053
4737,-1.8045560121536255,0.0009056500275619328
4738,-1.8696229457855225,0.0009018052369356155
4739,-1.7994890213012695,0.0008976671961136162
4740,-1.8696229457855225,0.0008940505795180798
4741,-1.789355993270874,0.0008907717419788241
4742,-1.8445559740066528,0.0008879249216988683
4743,-1.8045560121536255,0.0008853507461026311
4744,-1.874690055847168,0.0008836850756779313
4745,-1.8144229650497437,0.0008832747116684914
4746,-1.8496229648590088,0.0008834506152197719
4747,-1.8245559930801392,0.0008838543435558677
4748,-1.8794900178909302,0.00088425975991413
4749,-1.8045560121536255,0.0008834432810544968
4750,-1.8594900369644165,0.0008823770331218839
4751,-1.8296229839324951,0.0008800411596894264
4752,-1.8546899557113647,0.000876369362231344
4753,-1.8394900560379028,0.0008729113033041358
4754,-1.8696229457855225,0.0008698956808075309
4755,-1.8496229648590088,0.0008668717928230762
4756,-1.8445559740066528,0.0008641903987154365
4757,-1.8296229839324951,0.0008610503864474595
4758,-1.8794900178909302,0.0008578887209296227
4759,-1.8394900560379028,0.0008537905523553491
4760,-1.8546899557113647,0.000848602969199419
4761,-1.8296229839324951,0.000843208865262568
4762,-1.8696229457855225,0.0008369184797629714
4763,-1.8445559740066528,0.000829783093649894
4764,-1.8546899557113647,0.0008217355934903026
4765,-1.8394900560379028,0.0008125773747451603
4766,-1.8794900178909302,0.0008019185625016689
4767,-1.8296229839324951,0.0007906553219072521
4768,-1.8546899557113647,0.0007793332915753126
4769,-1.8194890022277832,0.0007680583512410522
4770,-1.8794900178909302,0.0007573799230158329
4771,-1.8645570278167725,0.0007468641852028668
4772,-1.8546899557113647,0.0007362098549492657
4773,-1.8144229650497437,0.0007253736257553101
4774,-1.8696229457855225,0.0007141727255657315
4775,-1.8245559930801392,0.0007025657687336206
4776,-1.8445559740066528,0.0006914794794283807
4777,-1.8296229839324951,0.0006804228178225458
4778,-1.874690055847168,0.0006686269189231098
4779,-1.8496229648590088,0.0006559306057170033
4780,-1.8997570276260376,0.0006421932484954596
4781,-1.8344229459762573,0.0006283286493271589
4782,-1.8594900369644165,0.0006156981689855456
4783,-1.8445559740066528,0.0006040089065209031
4784,-1.8594900369644165,0.0005945409066043794
4785,-1.8546899557113647,0.0005876704235561192
4786,-1.889623999595642,0.0005821168888360262
4787,-1.8245559930801392,0.0005777939222753048
4788,-1.8546899557113647,0.0005741255590692163
4789,-1.8296229839324951,0.0005708818789571524
4790,-1.8794900178909302,0.0005679844180122018
4791,-1.8394900560379028,0.0005653930129483342
4792,-1.874690055847168,0.0005630936357192695
4793,-1.8245559930801392,0.0005610112566500902
4794,-1.889623999595642,0.0005591280641965568
4795,-1.8194890022277832,0.0005573790986090899
4796,-1.8645570278167725,0.0005557651747949421
4797,-1.8296229839324951,0.0005542364087887108
4798,-1.8645570278167725,0.0005527952453121543
4799,-1.8245559930801392,0.0005514132790267467
4800,-1.8794900178909302,0.0005501079140231013
4801,-1.8045560121536255,0.0005488882306963205
4802,-1.9045569896697998,0.0005477824015542865
4803,-1.8245559930801392,0.0005467400187626481
4804,-1.8794900178909302,0.0005457948427647352
4805,-1.8344229459762573,0.0005448323208838701
4806,-1.8445559740066528,0.000543941103387624
4807,-1.8245559930801392,0.0005432410398498178
4808,-1.889623999595642,0.0005429727607406676
4809,-1.6242870092391968,0.0005435522762127221
4810,-0.6576079726219177,0.0005448249285109341
4811,-0.1165350005030632,0.000546217430382967
4812,0.604541003704071,0.0005473612109199166
4813,0.9802790284156799,0.0005469967727549374
4814,1.085347056388855,0.0005445911083370447
4815,1.1002800464630127,0.0005424693808890879
4816,1.1453479528427124,0.0005410262965597212
4817,1.2405489683151245,0.0005397875793278217
4818,1.2656160593032837,0.0005391332088038325
4819,1.2906830310821533,0.0005386946722865105
4820,1.305616021156311,0.0005383807001635432
4821,1.3909510374069214,0.0005385306430980563
4822,1.3608169555664062,0.0005391307058744133
4823,1.4509509801864624,0.0005401418311521411
4824,1.4258840084075928,0.0005414582556113601
4825,1.465885043144226,0.0005426441784948111
4826,1.4610849618911743,0.0005438601365312934
4827,1.5010850429534912,0.0005452409968711436
4828,1.4560179710388184,0.0005461744149215519
4829,1.5261520147323608,0.0005466969450935721
4830,1.5061520338058472,0.0005469487514346838
4831,1.5610860586166382,0.0005473960773088038
4832,1.5312190055847168,0.0005476548103615642
4833,1.636286973953247,0.0005482234992086887
4834,1.6512210369110107,0.0005491947522386909
4835,1.7464220523834229,0.0005503937718458474
4836,1.7413549423217773,0.0005518851103261113
4837,1.8114889860153198,0.000554059399291873
4838,1.8066890239715576,0.0005565435858443379
4839,1.856557011604309,0.0005599487340077758
4840,1.8066890239715576,0.0005638553411699831
4841,1.856557011604309,0.0005672912229783833
4842,1.8165559768676758,0.0005705328658223152
4843,1.8616230487823486,0.0005737403407692909
4844,1.8266890048980713,0.0005773308803327382
4845,1.8365559577941895,0.0005804477259516716
4846,1.801622986793518,0.0005832191091030836
4847,1.8365559577941895,0.000586832407861948
4848,1.801622986793518,0.0005917722592130303
4849,1.8416229486465454,0.0005967686302028596
4850,1.7765560150146484,0.0006022126181051135
4851,1.8066890239715576,0.0006079500890336931
4852,1.781622052192688,0.0006143457139842212
4853,1.796555995941162,0.0006218607886694372
4854,1.7464220523834229,0.000630649970844388
4855,1.8216229677200317,0.0006405794993042946
4856,1.7765560150146484,0.0006511211395263672
4857,1.8165559768676758,0.0006617179606109858
4858,1.7914890050888062,0.000672407855745405
4859,1.8066890239715576,0.0006836141692474484
4860,1.7314879894256592,0.0006949249072931707
4861,1.7765560150146484,0.0007063319790177047
4862,1.7314879894256592,0.000718285795301199
4863,1.796555995941162,0.000730409228708595
4864,1.7514890432357788,0.000742098898626864
4865,1.7565549612045288,0.0007532486924901605
4866,1.7464220523834229,0.0007650553598068655
4867,1.7616219520568848,0.0007773396791890264
4868,1.7514890432357788,0.0007908833213150501
4869,1.7664220333099365,0.0008034840575419366
4870,1.7413549423217773,0.0008150126086547971
4871,1.781622052192688,0.0008253983687609434
4872,1.1104140281677246,0.0008330350974574685
4873,0.37920498847961426,0.0008389404392801225
4874,-0.3120039999485016,0.000843184010591358
4875,-0.8930780291557312,0.0008464135462418199
4876,-1.1533479690551758,0.0008491703774780035
4877,-1.2034820318222046,0.0008516899542883039
4878,-1.2536159753799438,0.00085404486162588
4879,-1.2634819746017456,0.0008561895810998976
4880,-1.3938839435577393,0.0008581634610891342
4881,-1.3336169719696045,0.000860147294588387
4882,-1.4538849592208862,0.0008620606386102736
4883,-1.4288179874420166,0.0008639417355880141
4884,-1.4789520502090454,0.0008657780126668513
4885,-1.468817949295044,0.0008676491561345756
4886,-1.564020037651062,0.0008695017313584685
4887,-1.5440189838409424,0.0008713352144695818
4888,-1.6040199995040894,0.0008731553098186851
4889,-1.569085955619812,0.0008749629487283528
4890,-1.6141539812088013,0.0008767417166382074
4891,-1.5941530466079712,0.0008785133832134306
4892,-1.6592210531234741,0.0008802502998150885
4893,-1.6242870092391968,0.000881976040545851
4894,-1.6741540431976318,0.0008836717461235821
4895,-1.6792210340499878,0.0008853601757436991
4896,-1.7192209959030151,0.0008870657184161246
4897,-1.724287986755371,0.0008888131706044078
4898,-1.8645570278167725,0.0008904305868782103
4899,-1.889623999595642,0.0008920602267608047
4900,-1.9397579431533813,0.0008946622838266194
4901,-1.9546910524368286,0.0009003762970678508
4902,-1.9397579431533813,0.0009092596010304987
4903,-1.889623999595642,0.0009193659643642604
4904,-1.949623942375183,0.0009306727442890406
4905,-1.9245569705963135,0.0009420962887816131
4906,-1.949623942375183,0.0009532035328447819
4907,-1.9197570085525513,0.0009649225394241512
4908,-1.9146909713745117,0.0009767261799424887
4909,-1.874690055847168,0.0009880401194095612
4910,-1.944823980331421,0.0009981319308280945
4911,-1.9245569705963135,0.00100778229534626
4912,-1.9346909523010254,0.0010175376664847136
4913,-1.8845570087432861,0.0010276411194354296
4914,-1.9146909713745117,0.001037617214024067
4915,-1.8546899557113647,0.0010481488425284624
4916,-1.9245569705963135,0.0010591314639896154
4917,-1.8594900369644165,0.0010702422587201
4918,-1.9146909713745117,0.001081336522474885
4919,-1.8394900560379028,0.001092715421691537
4920,-1.889623999595642,0.0011034617200493813
4921,-1.8496229648590088,0.0011138834524899721
4922,-1.8845570087432861,0.0011245092609897256
4923,-1.8546899557113647,0.0011360078351572156
4924,-1.9146909713745117,0.0011476067593321204
4925,-1.874690055847168,0.0011579117272049189
4926,-1.8845570087432861,0.0011675131972879171
4927,-1.8245559930801392,0.001176341436803341
4928,-1.874690055847168,0.001184549881145358
4929,-1.874690055847168,0.0011918898671865463
4930,-1.8997570276260376,0.0011982768774032593
4931,-1.8344229459762573,0.0012042152229696512
4932,-1.8696229457855225,0.0012097804574295878
4933,-1.8546899557113647,0.001215279451571405
4934,-1.8946900367736816,0.0012206670362502337
4935,-1.8344229459762573,0.001226409338414669
4936,-1.874690055847168,0.001232615439221263
4937,-1.8144229650497437,0.0012384074507281184
4938,-1.8594900369644165,0.0012439652346074581
4939,-1.8245559930801392,0.0012489341897889972
4940,-1.8445559740066528,0.001253840746358037
4941,-1.8144229650497437,0.001258825184777379
4942,-1.8546899557113647,0.0012636272003874183
4943,-1.8394900560379028,0.0012686236295849085
4944,-1.874690055847168,0.0012732279719784856
4945,-1.8194890022277832,0.0012780727120116353
4946,-1.8696229457855225,0.0012830548221245408
4947,-1.8144229650497437,0.001288395025767386
4948,-1.8546899557113647,0.0012935474514961243
4949,-1.8194890022277832,0.0012980496976524591
4950,-1.8394900560379028,0.0013015796430408955
4951,-1.7794890403747559,0.001304600271396339
4952,-1.874690055847168,0.0013075710739940405
4953,-1.8344229459762573,0.0013099303469061852
4954,-1.8546899557113647,0.0013121122028678656
4955,-1.8144229650497437,0.0013142843963578343
4956,-1.8794900178909302,0.0013163485564291477
4957,-1.8344229459762573,0.0013185954885557294
4958,-1.8546899557113647,0.0013209881726652384
4959,-1.8045560121536255,0.00132358621340245
4960,-1.8546899557113647,0.0013259489787742496
4961,-1.8394900560379028,0.0013283693697303534
4962,-1.8445559740066528,0.0013309522764757276
4963,-1.8245559930801392,0.0013336496194824576
4964,-1.8546899557113647,0.0013358802534639835
4965,-1.8296229839324951,0.0013377206632867455
4966,-1.874690055847168,0.0013392691034823656
4967,-1.8394900560379028,0.0013405750505626202
4968,-1.9045569896697998,0.001341653405688703
4969,-1.7994890213012695,0.001342520583420992
4970,-1.8997570276260376,0.001343216747045517
4971,-1.8245559930801392,0.001343817450106144
4972,-1.8997570276260376,0.0013443846255540848
4973,-1.8445559740066528,0.0013448947574943304
4974,-1.8394900560379028,0.0013453769497573376
4975,-1.8245559930801392,0.001345846918411553
4976,-1.889623999595642,0.0013463334180414677
4977,-1.8245559930801392,0.0013468069955706596
4978,-1.8546899557113647,0.001347291050478816
4979,-1.8296229839324951,0.0013477923348546028
4980,-1.889623999595642,0.0013483042130246758
4981,-1.8394900560379028,0.0013488179538398981
4982,-1.874690055847168,0.0013493383303284645
4983,-1.8645570278167725,0.0013498772168532014
4984,-1.8496229648590088,0.0013504175003618002
4985,-1.8096230030059814,0.001350980019196868
4986,-1.8645570278167725,0.0013515760656446218
4987,-1.8245559930801392,0.001352191437035799
4988,-1.8645570278167725,0.0013528787530958652
4989,-1.8445559740066528,0.001353645697236061
4990,-1.8794900178909302,0.001354483887553215
4991,-1.8546899557113647,0.0013553916942328215
4992,-1.889623999595642,0.0013563574757426977
4993,-1.8394900560379028,0.0013573244214057922
4994,-1.874690055847168,0.0013583817053586245
4995,-1.8394900560379028,0.001359674148261547
4996,-1.8546899557113647,0.0013616601936519146
4997,-1.188547968864441,0.0013645689468830824
4998,-0.39200499653816223,0.0013674497604370117
4999,0.27386999130249023,0.0013701204443350434
5000,0.8349440097808838,0.0013722240692004561
5001,1.1053470373153687,0.001372861210256815
5002,1.1104140281677246,0.0013722219737246633
5003,1.155480980873108,0.0013709873892366886
5004,1.1656149625778198,0.0013694879598915577
5005,1.2656160593032837,0.0013680479023605585
5006,1.2405489683151245,0.0013666294980794191
5007,1.310683012008667,0.0013655945658683777
5008,1.3258830308914185,0.0013652057386934757
5009,1.4008179903030396,0.0013650539331138134
5010,1.3709499835968018,0.0013650307664647698
5011,1.470952033996582,0.0013653436908498406
5012,1.4360179901123047,0.0013652597554028034
5013,1.4509509801864624,0.0013651601038873196
5014,1.4560179710388184,0.0013649938628077507
5015,1.4909520149230957,0.0013644953723996878
5016,1.4560179710388184,0.0013633493799716234
5017,1.5312190055847168,0.0013616241049021482
5018,1.5210859775543213,0.001360395923256874
5019,1.5762859582901,0.0013600710080936551
5020,1.5762859582901,0.0013602038379758596
5021,1.6762880086898804,0.0013610973255708814
5022,1.6562869548797607,0.0013627251610159874
5023,1.7464220523834229,0.0013645385624840856
5024,1.7914890050888062,0.001367097138427198
5025,1.8216229677200317,0.0013697788817808032
5026,1.8314900398254395,0.0013721680734306574
5027,1.8365559577941895,0.0013749566860496998
5028,1.4258840084075928,0.0013777834828943014
5029,0.4141390025615692,0.0013802798930555582
5030,-0.11173500120639801,0.00138186221010983
5031,-0.8026769757270813,0.0013827902730554342
5032,-1.118414044380188,0.0013830456882715225
5033,-1.1282809972763062,0.0013833672273904085
5034,-1.1482809782028198,0.0013836813159286976
5035,-1.2085479497909546,0.0013839665334671736
5036,-1.3237500190734863,0.001384241972118616
5037,-1.3085500001907349,0.0013845853973180056
5038,-1.3786840438842773,0.0013850086834281683
5039,-1.3888169527053833,0.0013854260323569179
5040,-1.4640179872512817,0.0013857632875442505
5041,-1.4288179874420166,0.0013860316248610616
5042,-1.5290859937667847,0.0013862078776583076
5043,-1.5138859748840332,0.001386331277899444
5044,-1.5541529655456543,0.0013863861095160246
5045,-1.5240190029144287,0.0013863792410120368
5046,-1.564020037651062,0.0013862978667020798
5047,-1.5189520120620728,0.0013861479237675667
5048,-1.6040199995040894,0.0013859260361641645
5049,-1.5840200185775757,0.0013856417499482632
5050,-1.6493539810180664,0.0013852935517206788
5051,-1.6242870092391968,0.0013849185779690742
5052,-1.6741540431976318,0.0013844984350726008
5053,-1.7394880056381226,0.0013840508181601763
5054,-1.8144229650497437,0.0013835926074534655
5055,-1.8645570278167725,0.001383120659738779
5056,-1.9245569705963135,0.001382618211209774
5057,-1.8845570087432861,0.0013820526655763388
5058,-1.9096239805221558,0.0013814150588586926
5059,-1.9045569896697998,0.0013807127252221107
5060,-1.9245569705963135,0.0013799224980175495
5061,-1.9296239614486694,0.0013791352976113558
5062,-1.9397579431533813,0.0013782673049718142
5063,-1.8696229457855225,0.0013772298116236925
5064,-1.9245569705963135,0.0013757569249719381
5065,-1.8794900178909302,0.001373388571664691
5066,-1.9146909713745117,0.001370362238958478
5067,-1.889623999595642,0.0013674276415258646
5068,-1.9197570085525513,0.001364244380965829
5069,-1.9045569896697998,0.001360866823233664
5070,-1.8997570276260376,0.0013576287310570478
5071,-1.8794900178909302,0.0013545540859922767
5072,-1.8997570276260376,0.0013515278697013855
5073,-1.8394900560379028,0.001348676043562591
5074,-1.889623999595642,0.0013461069902405143
5075,-1.8445559740066528,0.0013435924192890525
5076,-1.8794900178909302,0.0013411648105829954
5077,-1.8194890022277832,0.001338428002782166
5078,-1.8845570087432861,0.0013352999230846763
5079,-1.8394900560379028,0.0013317835982888937
5080,-1.8645570278167725,0.001328024547547102
5081,-1.8344229459762573,0.0013244333676993847
5082,-1.8394900560379028,0.0013207924785092473
5083,-1.8344229459762573,0.0013170612510293722
5084,-1.874690055847168,0.0013137791538611054
5085,-1.8296229839324951,0.0013109478168189526
5086,-1.8794900178909302,0.001308382023125887
5087,-1.8496229648590088,0.0013056520838290453
5088,-1.8645570278167725,0.0013030862901359797
5089,-1.8496229648590088,0.0013002423802390695
5090,-1.8594900369644165,0.0012969563249498606
5091,-1.8296229839324951,0.0012934212572872639
5092,-1.8946900367736816,0.0012894896790385246
5093,-1.8344229459762573,0.0012849419144913554
5094,-1.8594900369644165,0.0012801303528249264
5095,-1.8296229839324951,0.0012744406703859568
5096,-1.8496229648590088,0.0012679898645728827
5097,-1.8245559930801392,0.0012617172906175256
5098,-1.8594900369644165,0.0012554586865007877
5099,-1.8296229839324951,0.0012491194065660238
5100,-1.8546899557113647,0.0012425597524270415
5101,-1.8394900560379028,0.001235875068232417
5102,-1.8496229648590088,0.0012287863064557314
5103,-1.8144229650497437,0.0012207627296447754
5104,-1.8496229648590088,0.0012114656856283545
5105,-1.7744220495224,0.0012020915746688843
5106,-1.8645570278167725,0.0011923410929739475
5107,-1.8394900560379028,0.001182698761112988
5108,-1.8645570278167725,0.00117255630902946
5109,-1.8096230030059814,0.0011613829992711544
5110,-1.8496229648590088,0.0011493513593450189
5111,-1.8296229839324951,0.0011367389233782887
5112,-1.8594900369644165,0.001124068396165967
5113,-1.8496229648590088,0.001111522433348
5114,-1.8546899557113647,0.0010992554016411304
5115,-1.8445559740066528,0.0010868224781006575
5116,-1.8546899557113647,0.0010743646416813135
5117,-1.8445559740066528,0.0010619254317134619
5118,-1.8546899557113647,0.0010488005355000496
5119,-1.8144229650497437,0.0010353922843933105
5120,-1.8794900178909302,0.0010223423596471548
5121,-1.8245559930801392,0.0010098289931192994
5122,-1.874690055847168,0.0009968013036996126
5123,-1.8245559930801392,0.0009831177303567529
5124,-1.8296229839324951,0.0009686498669907451
5125,-1.8394900560379028,0.0009550288668833673
5126,-1.874690055847168,0.0009425024036318064
5127,-1.7944220304489136,0.0009312385227531195
5128,-1.8645570278167725,0.000922353588975966
5129,-1.8144229650497437,0.0009156271698884666
5130,-1.8245559930801392,0.0009103541960939765
5131,-1.8144229650497437,0.000906101893633604
5132,-1.8496229648590088,0.0009024111786857247
5133,-1.8344229459762573,0.0008990997448563576
5134,-1.8496229648590088,0.0008961152052506804
5135,-1.8144229650497437,0.0008934499346651137
5136,-1.8696229457855225,0.0008910457836464047
5137,-1.7944220304489136,0.0008888454758562148
5138,-1.889623999595642,0.0008868293953128159
5139,-1.8245559930801392,0.0008849232108332217
5140,-1.8645570278167725,0.0008831241866573691
5141,-1.8045560121536255,0.0008813890744931996
5142,-1.8645570278167725,0.0008797169430181384
5143,-1.8445559740066528,0.0008780886419117451
5144,-1.8794900178909302,0.0008764953818172216
5145,-1.8296229839324951,0.0008749226108193398
5146,-1.8997570276260376,0.0008733666036278009
5147,-1.8394900560379028,0.0008717714226804674
5148,-1.8845570087432861,0.0008701945771463215
5149,-1.8144229650497437,0.0008685970096848905
5150,-1.8696229457855225,0.0008670227252878249
5151,-1.8594900369644165,0.0008656104328110814
5152,-1.8645570278167725,0.0008646994829177856
5153,-1.3888169527053833,0.000864256639033556
5154,-0.45733898878097534,0.0008643399341963232
5155,0.07866799831390381,0.0008648630464449525
5156,0.7648100256919861,0.0008644785266369581
5157,1.0653469562530518,0.0008609210490249097
5158,1.1002800464630127,0.0008546254830434918
5159,1.1354809999465942,0.0008469954482279718
5160,1.1954820156097412,0.0008385167457163334
5161,1.2456159591674805,0.0008300021290779114
5162,1.2656160593032837,0.0008215953130275011
5163,1.3357499837875366,0.0008130426285788417
5164,1.3258830308914185,0.0008046012371778488
5165,1.4008179903030396,0.000796470558270812
5166,1.3858840465545654,0.0007898529875092208
5167,1.4610849618911743,0.0007836065487936139
5168,1.4560179710388184,0.000777623790781945
5169,1.5010850429534912,0.0007714506355114281
5170,1.4509509801864624,0.0007652576314285398
5171,1.5109519958496094,0.0007583253900520504
5172,1.4909520149230957,0.0007513099699281156
5173,1.5261520147323608,0.00074361840961501
5174,1.5312190055847168,0.0007360006566159427
5175,1.5610860586166382,0.0007287671323865652
5176,1.5560189485549927,0.0007221148698590696
5177,1.641353964805603,0.0007155679049901664
5178,1.646420955657959,0.0007086907862685621
5179,1.7565549612045288,0.0007004030048847198
5180,1.7765560150146484,0.0006911625387147069
5181,1.781622052192688,0.0006830560741946101
5182,1.7765560150146484,0.0006748203886672854
5183,1.8266890048980713,0.0006673162570223212
5184,1.7765560150146484,0.0006607704563066363
5185,1.8416229486465454,0.0006552233826369047
5186,1.8266890048980713,0.0006503220065496862
5187,1.8314900398254395,0.0006464768084697425
5188,1.7914890050888062,0.0006428863271139562
5189,1.8616230487823486,0.000639899168163538
5190,1.7864220142364502,0.000638036523014307
5191,1.8114889860153198,0.000636154436506331
5192,1.7714890241622925,0.0006342784035950899
5193,1.8216229677200317,0.0006329437019303441
5194,1.7914890050888062,0.000632697599940002
5195,1.7765560150146484,0.0006326826987788081
5196,1.7616219520568848,0.0006329250754788518
5197,1.7914890050888062,0.0006346148438751698
5198,1.781622052192688,0.0006358501850627363
5199,1.796555995941162,0.0006375398952513933
5200,1.7114880084991455,0.0006409892812371254
5201,1.796555995941162,0.0006437477422878146
5202,1.7365549802780151,0.0006475268164649606
5203,1.7765560150146484,0.0006505883648060262
5204,1.7314879894256592,0.0006534550338983536
5205,1.7565549612045288,0.000658587203361094
5206,1.7664220333099365,0.0006630875868722796
5207,1.7664220333099365,0.0006684556137770414
5208,1.7365549802780151,0.0006741534452885389
5209,1.7664220333099365,0.0006803314900025725
5210,1.7514890432357788,0.0006897295243106782
5211,1.7714890241622925,0.0006991063710302114
5212,1.7314879894256592,0.0007114149630069733
5213,1.7765560150146484,0.0007254051160998642
5214,1.7213549613952637,0.0007408297387883067
5215,1.7064210176467896,0.0007584279519505799
5216,0.8298770189285278,0.0007815463468432426
5217,0.2789370119571686,0.0008094643126241863
5218,-0.5122730135917664,0.0008481856202706695
5219,-0.9429450035095215,0.000882832333445549
5220,-1.2234820127487183,0.0009212300647050142
5221,-1.1634809970855713,0.0009673117892816663
5222,-1.2685489654541016,0.0010306546464562416
5223,-1.2834830284118652,0.0011124148732051253
5224,-1.398684024810791,0.0011997485999017954
5225,-1.3688169717788696,0.0012803636491298676
5226,-1.4488179683685303,0.0013454556465148926
5227,-1.4538849592208862,0.0014049019664525986
5228,-1.5389529466629028,0.0014654084807261825
5229,-1.498952031135559,0.0015307852299883962
5230,-1.5992200374603271,0.0015958992298692465
5231,-1.5389529466629028,0.0016557879280298948
5232,-1.5941530466079712,0.0017121800919994712
5233,-1.558953046798706,0.0017703822813928127
5234,-1.6090869903564453,0.0018176479497924447
5235,-1.5792200565338135,0.0018510031513869762
5236,-1.6392199993133545,0.001875039772130549
5237,-1.6493539810180664,0.0018974037375301123
5238,-1.6642869710922241,0.0019132307497784495
5239,-1.6792210340499878,0.0019230556208640337
5240,-1.7394880056381226,0.001928999088704586
5241,-1.769355058670044,0.0019331627991050482
5242,-1.8594900369644165,0.0020245728082954884
5243,-1.8845570087432861,0.002073906594887376
5244,-1.9397579431533813,0.002103423001244664
5245,-1.9146909713745117,0.002124231308698654
5246,-1.9346909523010254,0.002139840042218566
5247,-1.9346909523010254,0.002151729539036751
5248,-1.9546910524368286,0.002162934746593237
5249,-1.889623999595642,0.00217505544424057
5250,-1.944823980331421,0.0021837614476680756
5251,-1.8794900178909302,0.0021937289275228977
5252,-1.9245569705963135,0.002201198134571314
5253,-1.8997570276260376,0.0022076861932873726
5254,-1.9045569896697998,0.0022144338581711054
5255,-1.8645570278167725,0.0022197153884917498
5256,-1.9197570085525513,0.0022250504698604345
5257,-1.8696229457855225,0.0022284463047981262
5258,-1.9146909713745117,0.0022310353815555573
5259,-1.8594900369644165,0.002232275204733014
5260,-1.8997570276260376,0.0022330828942358494
5261,-1.8344229459762573,0.0022338347043842077
5262,-1.8794900178909302,0.0022344975732266903
5263,-1.8394900560379028,0.002235664986073971
5264,-1.8594900369644165,0.0022363855969160795
5265,-1.8344229459762573,0.0022378405556082726
5266,-1.9197570085525513,0.0022386014461517334
5267,-1.8394900560379028,0.0022406880743801594
5268,-1.9146909713745117,0.0022420596797019243
5269,-1.8445559740066528,0.0022442778572440147
5270,-1.8794900178909302,0.002245549112558365
5271,-1.8496229648590088,0.0022464825306087732
5272,-1.8594900369644165,0.0022481235209852457
5273,-1.8296229839324951,0.002248717937618494
5274,-1.9045569896697998,0.002249232493340969
5275,-1.8296229839324951,0.0022488338872790337
5276,-1.8946900367736816,0.002248565200716257
5277,-1.8144229650497437,0.0022473842836916447
5278,-1.8546899557113647,0.0022467481903731823
5279,-1.8245559930801392,0.0022459388710558414
5280,-1.8645570278167725,0.002244456671178341
5281,-1.8194890022277832,0.002242610789835453
5282,-1.8496229648590088,0.002240170259028673
5283,-1.8144229650497437,0.002236743923276663
5284,-1.8445559740066528,0.0022339518181979656
5285,-1.8496229648590088,0.002231677994132042
5286,-1.8296229839324951,0.002229332458227873
5287,-1.8245559930801392,0.0022276374511420727
5288,-1.8594900369644165,0.00222593080252409
5289,-1.7994890213012695,0.0022248197346925735
5290,-1.8296229839324951,0.0022236639633774757
5291,-1.8144229650497437,0.002222637180238962
5292,-1.8496229648590088,0.002221889328211546
5293,-1.7845560312271118,0.002221266506239772
5294,-1.8546899557113647,0.002221094211563468
5295,-1.8296229839324951,0.0022211563773453236
5296,-1.8496229648590088,0.0022216318175196648
5297,-1.8296229839324951,0.002222148235887289
5298,-1.8645570278167725,0.00222280016168952
5299,-1.8245559930801392,0.002223512390628457
5300,-1.8445559740066528,0.0022240146063268185
5301,-1.8245559930801392,0.0022249408066272736
5302,-1.889623999595642,0.002225627191364765
5303,-1.8296229839324951,0.002226543612778187
5304,-1.8496229648590088,0.0022274560760706663
5305,-1.8645570278167725,0.0022283196449279785
5306,-1.8546899557113647,0.0022294004447758198
5307,-1.8344229459762573,0.002230391139164567
5308,-1.8794900178909302,0.0022313129156827927
5309,-1.8394900560379028,0.0022319769486784935
5310,-1.874690055847168,0.002232553903013468
5311,-1.8245559930801392,0.002233064966276288
5312,-1.8645570278167725,0.002233396749943495
5313,-1.8296229839324951,0.002233596984297037
5314,-1.8445559740066528,0.002233710139989853
5315,-1.8194890022277832,0.002233708743005991
5316,-1.874690055847168,0.0022336430847644806
5317,-1.8394900560379028,0.0022335215471684933
5318,-1.874690055847168,0.0022333762608468533
5319,-1.8394900560379028,0.002233222359791398
5320,-1.8696229457855225,0.002233054954558611
5321,-1.8144229650497437,0.002232902217656374
5322,-1.8946900367736816,0.002232758328318596
5323,-1.8344229459762573,0.002232631668448448
5324,-1.874690055847168,0.002232523635029793
5325,-1.8096230030059814,0.0022324356250464916
5326,-1.8594900369644165,0.002232369501143694
5327,-1.8445559740066528,0.0022323126904666424
5328,-1.874690055847168,0.0022322768345475197
5329,-1.8296229839324951,0.002232248429208994
5330,-1.9096239805221558,0.0022322353906929493
5331,-1.8394900560379028,0.0022322433069348335
5332,-1.8445559740066528,0.0022322633303701878
5333,-1.8344229459762573,0.0022323126904666424
5334,-1.874690055847168,0.002232391620054841
5335,-1.8394900560379028,0.0022324847523123026
5336,-1.8394900560379028,0.0022326037287712097
5337,-1.7794890403747559,0.0022327443584799767
5338,-1.8696229457855225,0.0022328956983983517
5339,-1.8394900560379028,0.002233062172308564
5340,-1.8594900369644165,0.0022332221269607544
5341,-1.8245559930801392,0.0022333883680403233
5342,-1.8546899557113647,0.002233547158539295
5343,-1.7845560312271118,0.0022336896508932114
5344,-1.8296229839324951,0.002233830513432622
5345,-1.7944220304489136,0.00223396229557693
5346,-1.8696229457855225,0.0022340891882777214
5347,-1.8045560121536255,0.0022342137526720762
5348,-1.8546899557113647,0.0022343408782035112
5349,-1.8096230030059814,0.002234468935057521
5350,-1.8696229457855225,0.0022345816250890493
5351,-1.8144229650497437,0.0022346898913383484
5352,-1.8394900560379028,0.0022347881458699703
5353,-1.8296229839324951,0.0022348822094500065
5354,-1.8645570278167725,0.0022349832579493523
5355,-1.8194890022277832,0.002235076390206814
5356,-1.8645570278167725,0.0022351769730448723
5357,-1.8245559930801392,0.002235284773632884
5358,-1.8794900178909302,0.002235379768535495
5359,-1.8645570278167725,0.002235475927591324
5360,-1.889623999595642,0.0022355662658810616
5361,-1.8245559930801392,0.0022356403060257435
5362,-1.8496229648590088,0.0022357027046382427
5363,-1.7994890213012695,0.0022357709240168333
5364,-1.8794900178909302,0.0022358363494277
5365,-1.8296229839324951,0.0022359045688062906
5366,-1.8496229648590088,0.002235972322523594
5367,-1.8496229648590088,0.002236048225313425
5368,-1.8645570278167725,0.002236120868474245
5369,-1.8445559740066528,0.0022361883893609047
5370,-1.8794900178909302,0.0022362605668604374
5371,-1.874690055847168,0.002236325293779373
5372,-1.8645570278167725,0.002236377913504839
5373,-1.8045560121536255,0.002236437052488327
5374,-1.8546899557113647,0.002236489672213793
5375,-1.8344229459762573,0.0022365509066730738
5376,-1.8794900178909302,0.002236603759229183
5377,-1.8296229839324951,0.002236661035567522
5378,-1.874690055847168,0.0022367173805832863
5379,-1.8344229459762573,0.002236778847873211
5380,-1.874690055847168,0.0022368277423083782
5381,-1.8296229839324951,0.0022368752397596836
5382,-1.8946900367736816,0.0022369257640093565
5383,-1.8344229459762573,0.0022369837388396263
5384,-1.889623999595642,0.0022370340302586555
5385,-1.8045560121536255,0.0022370978258550167
5386,-1.874690055847168,0.0022371672093868256
5387,-1.8794900178909302,0.0022372310049831867
5388,-1.8794900178909302,0.00223729619756341
5389,-1.8344229459762573,0.002237351145595312
5390,-1.8794900178909302,0.0022374107502400875
5391,-1.8045560121536255,0.002237464766949415
5392,-1.874690055847168,0.0022375225089490414
5393,-1.8344229459762573,0.002237581182271242
5394,-1.8546899557113647,0.0022376393899321556
5395,-1.8496229648590088,0.0022377101704478264
5396,-1.8645570278167725,0.002237788401544094
5397,-1.8445559740066528,0.0022378587163984776
5398,-1.8997570276260376,0.0022379280999302864
5399,-1.8394900560379028,0.0022379972506314516
5400,-1.8696229457855225,0.002238068263977766
5401,-1.8296229839324951,0.0022381246089935303
5402,-1.8794900178909302,0.0022381888702511787
5403,-1.8245559930801392,0.002238291082903743
5404,-1.8794900178909302,0.002238393295556307
5405,-1.8394900560379028,0.0022385171614587307
5406,-1.8645570278167725,0.002238630782812834
5407,-1.8245559930801392,0.0022385779302567244
5408,-1.8997570276260376,0.002237998880445957
5409,-1.8394900560379028,0.0022369064390659332
5410,-1.874690055847168,0.0022354042157530785
5411,-1.8546899557113647,0.002233444480225444
5412,-1.8794900178909302,0.0022314044181257486
5413,-1.8296229839324951,0.0022294162772595882
5414,-1.874690055847168,0.002226990181952715
5415,-1.8296229839324951,0.0022246562875807285
5416,-1.889623999595642,0.002221955917775631
5417,-1.8394900560379028,0.0022191680036485195
5418,-1.8946900367736816,0.00221657520160079
5419,-1.8344229459762573,0.002213527448475361
5420,-1.8645570278167725,0.0022102624643594027
5421,-1.8245559930801392,0.0022071804851293564
5422,-1.8696229457855225,0.0022038042079657316
5423,-1.8245559930801392,0.0022004907950758934
5424,-1.8496229648590088,0.00219680555164814
5425,-1.8245559930801392,0.0021929703652858734
5426,-1.8645570278167725,0.0021892720833420753
5427,-1.8045560121536255,0.0021857633255422115
5428,-1.8696229457855225,0.0021818880923092365
5429,-1.8645570278167725,0.0021785579156130552
5430,-1.8997570276260376,0.0021751802414655685
5431,-1.8496229648590088,0.002171134576201439
5432,-1.9045569896697998,0.002167138736695051
5433,-1.8194890022277832,0.002163361059501767
5434,-1.8546899557113647,0.0021597137674689293
5435,-1.8245559930801392,0.0021566173527389765
5436,-1.874690055847168,0.002154382411390543
5437,-1.8645570278167725,0.00215230043977499
5438,-1.8645570278167725,0.0021510531660169363
5439,-1.8445559740066528,0.002149861305952072
5440,-1.8794900178909302,0.002148328348994255
5441,-1.8445559740066528,0.002146665006875992
5442,-1.8645570278167725,0.0021453085355460644
5443,-1.8445559740066528,0.002143355319276452
5444,-1.8794900178909302,0.0021415119990706444
5445,-1.8296229839324951,0.0021391306072473526
5446,-1.874690055847168,0.0021357289515435696
5447,-1.8394900560379028,0.0021319864317774773
5448,-1.8794900178909302,0.0021277782507240772
5449,-1.8546899557113647,0.0021234520245343447
5450,-1.874690055847168,0.002118276432156563
5451,-1.8546899557113647,0.0021134710405021906
5452,-1.8794900178909302,0.002108476124703884
5453,-1.8546899557113647,0.002101972233504057
5454,-1.874690055847168,0.002096109325066209
5455,-1.8794900178909302,0.002089597750455141
5456,-1.9045569896697998,0.0020817010663449764
5457,-1.8144229650497437,0.0020742507185786963
5458,-1.8546899557113647,0.0020656296983361244
5459,-1.8194890022277832,0.0020573739893734455
5460,-1.8845570087432861,0.002049479866400361
5461,-1.8096230030059814,0.002039970364421606
5462,-1.8594900369644165,0.0020320711191743612
5463,-1.8144229650497437,0.0020238258875906467
5464,-1.889623999595642,0.002015304984524846
5465,-1.8546899557113647,0.0020069219172000885
5466,-1.889623999595642,0.0019954866729676723
5467,-1.8344229459762573,0.0019840854220092297
5468,-1.8696229457855225,0.001969863660633564
5469,-1.8245559930801392,0.001953783677890897
5470,-1.8594900369644165,0.0019361227750778198
5471,-1.8245559930801392,0.0019160918891429901
5472,-1.9146909713745117,0.0018907708581537008
5473,-1.8344229459762573,0.0018605876248329878
5474,-1.8794900178909302,0.001819437020458281
5475,-1.8394900560379028,0.001782251289114356
5476,-1.889623999595642,0.0017417813651263714
5477,-1.8394900560379028,0.0016940124332904816
5478,-1.8645570278167725,0.0016292841173708439
5479,-1.8645570278167725,0.0015463829040527344
5480,-1.8997570276260376,0.0014581175055354834
5481,-1.8096230030059814,0.0013767813798040152
5482,-1.8546899557113647,0.0013111410662531853
5483,-1.8394900560379028,0.0012512479443103075
5484,-1.8645570278167725,0.0011903324630111456
5485,-1.8144229650497437,0.0011246106587350368
5486,-1.9096239805221558,0.0010591651080176234
5487,-1.8045560121536255,0.000998948817141354
5488,-1.8845570087432861,0.0009422111907042563
5489,-1.8546899557113647,0.0008836805354803801
5490,-1.8546899557113647,0.0008360468782484531
5491,-1.8394900560379028,0.0008022742113098502
5492,-1.889623999595642,0.0007778190192766488
5493,-1.8296229839324951,0.0007550023728981614
5494,-1.8997570276260376,0.0007387318182736635
5495,-1.8546899557113647,0.0007286366308107972
5496,-1.874690055847168,0.0007230192422866821
5497,-1.1634809970855713,0.0007196697406470776
5498,-0.38720500469207764,0.0006294533377513289
5499,0.2640030086040497,0.0005817393539473414
5500,0.8549439907073975,0.0005537135293707252
5501,1.1053470373153687,0.0005343806697055697
5502,1.0752129554748535,0.0005205756751820445
5503,1.1805479526519775,0.000510380370542407
5504,1.1805479526519775,0.0005011549219489098
5505,1.315750002861023,0.000490983366034925
5506,1.2656160593032837,0.0004840900655835867
5507,1.37575101852417,0.0004762255121022463
5508,1.3557499647140503,0.0004703480808530003
5509,1.410951018333435,0.0004642927669920027
5510,1.4008179903030396,0.0004582851252052933
5511,1.4861520528793335,0.0004536419583018869
5512,1.4309509992599487,0.00044907681876793504
5513,1.4861520528793335,0.00044666355825029314
5514,1.4258840084075928,0.00044487378909252584
5515,1.5109519958496094,0.0004444489604793489
5516,1.4909520149230957,0.00044470373541116714
5517,1.5661530494689941,0.000444719975348562
5518,1.5512189865112305,0.0004452670400496572
5519,1.5962870121002197,0.00044594245264306664
5520,1.5560189485549927,0.0004468953120522201
5521,1.646420955657959,0.00044656451791524887
5522,1.6664210557937622,0.00044634536607190967
5523,1.7464220523834229,0.000443816592451185
5524,1.7714890241622925,0.0004409498069435358
5525,1.8314900398254395,0.000437361653894186
5526,1.8314900398254395,0.00043359174742363393
5527,1.846690058708191,0.00043071372783742845
5528,1.8416229486465454,0.0004274513921700418
5529,1.851755976676941,0.0004260239074937999
5530,1.8066890239715576,0.0004244272131472826
5531,1.856557011604309,0.00042460503755137324
5532,1.8165559768676758,0.0004242439172230661
5533,1.8416229486465454,0.0004249713383615017
5534,1.7914890050888062,0.0004256286774761975
5535,1.8114889860153198,0.0004269684723112732
5536,1.8165559768676758,0.00042852642945945263
5537,1.8066890239715576,0.0004305292386561632
5538,1.7864220142364502,0.0004339997540228069
5539,1.8314900398254395,0.00043728164746426046
5540,1.7914890050888062,0.00044035850442014635
5541,1.796555995941162,0.0004447544342838228
5542,1.7864220142364502,0.000449376180768013
5543,1.8216229677200317,0.0004548408032860607
5544,1.7413549423217773,0.0004617932136170566
5545,1.7914890050888062,0.0004682965518441051
5546,1.7765560150146484,0.0004766983329318464
5547,1.7914890050888062,0.00048411096213385463
5548,1.7765560150146484,0.0004915572935715318
5549,1.796555995941162,0.0004999036900699139
5550,1.7413549423217773,0.0005066951271146536
5551,1.7864220142364502,0.0005144017050042748
5552,1.7616219520568848,0.0005213883705437183
5553,1.8066890239715576,0.0005291711422614753
5554,1.7765560150146484,0.0005394291947595775
5555,1.796555995941162,0.0005501735722646117
5556,1.7914890050888062,0.0005646744393743575
5557,1.8114889860153198,0.000580580672249198
5558,1.7565549612045288,0.0005983141018077731
5559,1.5912200212478638,0.0006190114072524011
5560,0.5845410227775574,0.0006445568869821727
5561,0.1386680006980896,0.0006766471778973937
5562,-0.7026749849319458,0.0007187430746853352
5563,-0.9981459975242615,0.0007566212443634868
5564,-1.1933480501174927,0.0007993960753083229
5565,-1.1733479499816895,0.0008500971598550677
5566,-1.2786829471588135,0.0009186448296532035
5567,-1.3037500381469727,0.001001653727144003
5568,-1.3637499809265137,0.00108376145362854
5569,-1.3637499809265137,0.0011594933457672596
5570,-1.4488179683685303,0.0012266989797353745
5571,-1.4589519500732422,0.0012895239051431417
5572,-1.5138859748840332,0.0013537488412111998
5573,-1.5138859748840332,0.0014238174771890044
5574,-1.569085955619812,0.0014976880047470331
5575,-1.5541529655456543,0.001565042999573052
5576,-1.5792200565338135,0.0016274701338261366
5577,-1.5541529655456543,0.0016900782939046621
5578,-1.6090869903564453,0.0017464528791606426
5579,-1.5792200565338135,0.001790875568985939
5580,-1.634153962135315,0.0018226284300908446
5581,-1.6242870092391968,0.0018452988006174564
5582,-1.6792210340499878,0.0018621566705405712
5583,-1.6741540431976318,0.0018783555133268237
5584,-1.769355058670044,0.0018914631800726056
5585,-1.7744220495224,0.0019030559342354536
5586,-1.8997570276260376,0.001993009354919195
5587,-1.8794900178909302,0.002039399230852723
5588,-1.9296239614486694,0.0020698271691799164
5589,-1.9146909713745117,0.0020891057793051004
5590,-1.9597580432891846,0.0021040490828454494
5591,-1.9197570085525513,0.002115753013640642
5592,-1.9698909521102905,0.0021275640465319157
5593,-1.9698909521102905,0.0021389732137322426
5594,-1.949623942375183,0.0021484980825334787
5595,-1.9045569896697998,0.002160313306376338
5596,-1.9397579431533813,0.0021690791472792625
5597,-1.9045569896697998,0.002178845228627324
5598,-1.9397579431533813,0.002187482314184308
5599,-1.874690055847168,0.0021955398842692375
5600,-1.9346909523010254,0.002203064039349556
5601,-1.874690055847168,0.0022092657163739204
5602,-1.9146909713745117,0.0022140636574476957
5603,-1.8696229457855225,0.0022179107181727886
5604,-1.889623999595642,0.0022210562601685524
5605,-1.8696229457855225,0.002224366180598736
5606,-1.9146909713745117,0.002227306365966797
5607,-1.8594900369644165,0.002230328507721424
5608,-1.9245569705963135,0.0022335099056363106
5609,-1.8594900369644165,0.00223741983063519
5610,-1.9096239805221558,0.0022414783015847206
5611,-1.8794900178909302,0.0022469675168395042
5612,-1.8997570276260376,0.0022518648765981197
5613,-1.8194890022277832,0.0022577750496566296
5614,-1.8946900367736816,0.002262325957417488
5615,-1.8546899557113647,0.002266590017825365
5616,-1.874690055847168,0.002270701341331005
5617,-1.8344229459762573,0.0022736191749572754
5618,-1.889623999595642,0.0022763200104236603
5619,-1.8394900560379028,0.002278320025652647
5620,-1.8645570278167725,0.0022804751060903072
5621,-1.8245559930801392,0.0022825407795608044
5622,-1.8794900178909302,0.0022851512767374516
5623,-1.8296229839324951,0.002288001123815775
5624,-1.8546899557113647,0.00229057390242815
5625,-1.8245559930801392,0.002293159021064639
5626,-1.8946900367736816,0.002294825855642557
5627,-1.8045560121536255,0.0022964593954384327
5628,-1.8845570087432861,0.002298516221344471
5629,-1.8344229459762573,0.0023004584945738316
5630,-1.8594900369644165,0.0023017339408397675
5631,-1.8096230030059814,0.0023031835444271564
5632,-1.8645570278167725,0.0023040901869535446
5633,-1.8045560121536255,0.0023050433956086636
5634,-1.8445559740066528,0.002305856440216303
5635,-1.8296229839324951,0.0023063882254064083
5636,-1.8546899557113647,0.002307164017111063
5637,-1.8245559930801392,0.0023077791556715965
5638,-1.8645570278167725,0.0023088734596967697
5639,-1.8445559740066528,0.0023098569363355637
5640,-1.8645570278167725,0.0023112711496651173
5641,-1.8344229459762573,0.0023123484570533037
5642,-1.8594900369644165,0.002313598059117794
5643,-1.8144229650497437,0.002314571524038911
5644,-1.8594900369644165,0.002315407618880272
5645,-1.8144229650497437,0.0023165512830018997
5646,-1.874690055847168,0.0023173869121819735
5647,-1.8394900560379028,0.0023185769096016884
5648,-1.8445559740066528,0.0023194323293864727
5649,-1.8245559930801392,0.002320372499525547
5650,-1.8496229648590088,0.0023213373497128487
5651,-1.8296229839324951,0.0023222097661346197
5652,-1.8594900369644165,0.0023229257203638554
5653,-1.8045560121536255,0.002323398133739829
5654,-1.874690055847168,0.002323805820196867
5655,-1.789355993270874,0.0023241203743964434
5656,-1.8546899557113647,0.00232424633577466
5657,-1.8045560121536255,0.002324264496564865
5658,-1.8546899557113647,0.0023242076858878136
5659,-1.8144229650497437,0.0023240670561790466
5660,-1.874690055847168,0.0023238493595272303
5661,-1.8245559930801392,0.0023235795088112354
5662,-1.8496229648590088,0.0023232856765389442
5663,-1.8296229839324951,0.0023229734506458044
5664,-1.8496229648590088,0.0023226712364703417
5665,-1.8546899557113647,0.0023223734460771084
5666,-1.8696229457855225,0.0023220949806272984
5667,-1.8144229650497437,0.00232183700427413
5668,-1.9146909713745117,0.0023216044064611197
5669,-1.8496229648590088,0.0023213867098093033
5670,-1.8696229457855225,0.002321172272786498
5671,-1.8546899557113647,0.0023209713399410248
5672,-1.8645570278167725,0.002320782048627734
5673,-1.8344229459762573,0.002320597879588604
5674,-1.8445559740066528,0.002320436295121908
5675,-1.8144229650497437,0.002320293802767992
5676,-1.874690055847168,0.002320175291970372
5677,-1.8194890022277832,0.002320081926882267
5678,-1.8245559930801392,0.0023200237192213535
5679,-1.8245559930801392,0.0023199941497296095
5680,-1.8394900560379028,0.0023199869319796562
5681,-1.8144229650497437,0.0023199839051812887
5682,-1.8496229648590088,0.0023199873976409435
5683,-1.8045560121536255,0.002319995081052184
5684,-1.8496229648590088,0.002319993916898966
5685,-1.8344229459762573,0.0023199915885925293
5686,-1.8546899557113647,0.0023199813440442085
5687,-1.8144229650497437,0.002319966908544302
5688,-1.8496229648590088,0.0023199443239718676
5689,-1.8296229839324951,0.002319923136383295
5690,-1.8997570276260376,0.0023198905400931835
5691,-1.8144229650497437,0.0023198407143354416
5692,-1.8496229648590088,0.002319786697626114
5693,-1.8096230030059814,0.0023197373375296593
5694,-1.8845570087432861,0.0023196865804493427
5695,-1.8245559930801392,0.0023196241818368435
5696,-1.8594900369644165,0.00231956597417593
5697,-1.8344229459762573,0.0023195084650069475
5698,-1.8546899557113647,0.002319443505257368
5699,-1.8045560121536255,0.0023193745873868465
5700,-1.8394900560379028,0.002319304272532463
5701,-1.8296229839324951,0.0023192372173070908
5702,-1.8794900178909302,0.002319162944331765
5703,-1.8296229839324951,0.002319090999662876
5704,-1.8946900367736816,0.002319017890840769
5705,-1.8045560121536255,0.00231893896125257
5706,-1.8696229457855225,0.002318860264495015
5707,-1.8144229650497437,0.002318781102076173
5708,-1.9146909713745117,0.0023186847101897
5709,-1.7994890213012695,0.0023185773752629757
5710,-1.8546899557113647,0.0023184746969491243
5711,-1.8144229650497437,0.0023183641023933887
5712,-1.8445559740066528,0.002318272367119789
5713,-1.7944220304489136,0.002318181097507477
5714,-1.8845570087432861,0.002318095648661256
5715,-1.8296229839324951,0.002318010665476322
5716,-1.8445559740066528,0.002317938022315502
5717,-1.8144229650497437,0.0023178572300821543
5718,-1.8546899557113647,0.0023177789989858866
5719,-1.789355993270874,0.0023176847025752068
5720,-1.8794900178909302,0.002317595761269331
5721,-1.8296229839324951,0.0023174965754151344
5722,-1.874690055847168,0.0023173964582383633
5723,-1.8245559930801392,0.002317295875400305
5724,-1.8394900560379028,0.002317197620868683
5725,-1.8344229459762573,0.0023170956410467625
5726,-1.8496229648590088,0.002316998317837715
5727,-1.8296229839324951,0.0023168916814029217
5728,-1.8696229457855225,0.0023167873732745647
5729,-1.8496229648590088,0.0023166886530816555
5730,-1.8696229457855225,0.002316580619663
5731,-1.8394900560379028,0.002316470956429839
5732,-1.8546899557113647,0.0023163529112935066
5733,-1.7994890213012695,0.002316239755600691
5734,-1.8696229457855225,0.0023161328863352537
5735,-1.8394900560379028,0.0023160227574408054
5736,-1.889623999595642,0.0023159256670624018
5737,-1.8296229839324951,0.002315832767635584
5738,-1.8845570087432861,0.0023157328832894564
5739,-1.8296229839324951,0.002315624849870801
5740,-1.8645570278167725,0.0023155093658715487
5741,-1.8296229839324951,0.002315383404493332
5742,-1.8496229648590088,0.002315270248800516
5743,-1.8144229650497437,0.00231516407802701
5744,-1.8794900178909302,0.0023150662891566753
5745,-1.8296229839324951,0.002314960118383169
5746,-1.8645570278167725,0.0023148856125772
5747,-1.8296229839324951,0.0023148488253355026
5748,-1.8496229648590088,0.0023148013278841972
5749,-1.8245559930801392,0.0023147789761424065
5750,-1.8546899557113647,0.002314737532287836
5751,-1.8144229650497437,0.0023145023733377457
5752,-1.8546899557113647,0.0023136676754802465
5753,-1.8546899557113647,0.002312326803803444
5754,-1.9045569896697998,0.0023105728905647993
5755,-1.8445559740066528,0.0023083752021193504
5756,-1.874690055847168,0.0023062415421009064
5757,-1.8546899557113647,0.002304047578945756
5758,-1.8696229457855225,0.0023014512844383717
5759,-1.8394900560379028,0.002298896899446845
5760,-1.8645570278167725,0.0022960007190704346
5761,-1.8496229648590088,0.002293130150064826
5762,-1.8845570087432861,0.002290299627929926
5763,-1.8445559740066528,0.0022869466338306665
5764,-1.8645570278167725,0.0022834171541035175
5765,-1.8496229648590088,0.0022801305167376995
5766,-1.889623999595642,0.0022765439935028553
5767,-1.8394900560379028,0.002272970974445343
5768,-1.8794900178909302,0.0022689648903906345
5769,-1.8546899557113647,0.002264849143102765
5770,-1.8845570087432861,0.0022610160522162914
5771,-1.8496229648590088,0.002257351763546467
5772,-1.8696229457855225,0.0022534760646522045
5773,-1.8296229839324951,0.0022501572966575623
5774,-1.9096239805221558,0.0022464930079877377
5775,-1.8144229650497437,0.002242324175313115
5776,-1.8696229457855225,0.0022382005117833614
5777,-1.7994890213012695,0.0022342302836477757
5778,-1.8794900178909302,0.002230430720373988
5779,-1.874690055847168,0.0022273713257163763
5780,-1.889623999595642,0.0022251573391258717
5781,-1.8245559930801392,0.002223055809736252
5782,-1.889623999595642,0.0022218155208975077
5783,-1.8496229648590088,0.0022203498519957066
5784,-1.8794900178909302,0.0022187947761267424
5785,-1.8144229650497437,0.002217015950009227
5786,-1.8794900178909302,0.002215519780293107
5787,-1.8496229648590088,0.00221318774856627
5788,-1.889623999595642,0.00221121939830482
5789,-1.8045560121536255,0.0022084354422986507
5790,-1.889623999595642,0.0022049518302083015
5791,-1.8296229839324951,0.0022008344531059265
5792,-1.8997570276260376,0.002196445595473051
5793,-1.8144229650497437,0.002191842533648014
5794,-1.874690055847168,0.0021864292211830616
5795,-1.8546899557113647,0.0021815174259245396
5796,-1.8696229457855225,0.002176151378080249
5797,-1.8245559930801392,0.0021695573814213276
5798,-1.889623999595642,0.0021634860895574093
5799,-1.874690055847168,0.002156387083232403
5800,-1.889623999595642,0.002148357452824712
5801,-1.8194890022277832,0.0021405748557299376
5802,-1.8946900367736816,0.002131273038685322
5803,-1.8296229839324951,0.0021231400314718485
5804,-1.8794900178909302,0.0021149287931621075
5805,-1.8245559930801392,0.002105873078107834
5806,-1.8546899557113647,0.0020980623085051775
5807,-1.8645570278167725,0.002089262707158923
5808,-1.8997570276260376,0.0020809287670999765
5809,-1.8496229648590088,0.0020718916784971952
5810,-1.8794900178909302,0.0020603740122169256
5811,-1.8296229839324951,0.002048400230705738
5812,-1.8594900369644165,0.002032962627708912
5813,-1.8296229839324951,0.0020157829858362675
5814,-1.8794900178909302,0.001997083891183138
5815,-1.7994890213012695,0.0019752494990825653
5816,-1.8496229648590088,0.0019486441742628813
5817,-1.8546899557113647,0.0019155952613800764
5818,-1.8997570276260376,0.0018723690882325172
5819,-1.7994890213012695,0.001833468209952116
5820,-1.8496229648590088,0.001789775094948709
5821,-1.8096230030059814,0.001738421618938446
5822,-1.8546899557113647,0.001669303746894002
5823,-1.8445559740066528,0.0015857936814427376
5824,-1.8794900178909302,0.0015033574309200048
5825,-1.8394900560379028,0.0014274271670728922
5826,-1.874690055847168,0.0013601138489320874
5827,-1.8794900178909302,0.0012972888071089983
5828,-1.874690055847168,0.0012331290636211634
5829,-1.8245559930801392,0.001163183944299817
5830,-1.8845570087432861,0.0010894662700593472
5831,-1.8496229648590088,0.0010222657583653927
5832,-1.8845570087432861,0.0009600112680345774
5833,-1.8496229648590088,0.0008975510718300939
5834,-1.9245569705963135,0.0008412790484726429
5835,-1.8496229648590088,0.000796907115727663
5836,-1.8594900369644165,0.0007651793421246111
5837,-1.8194890022277832,0.000742528703995049
5838,-1.9045569896697998,0.0007257647812366486
5839,-1.8445559740066528,0.0007099220529198647
5840,-1.8045560121536255,0.000697732379194349
5841,-0.8378769755363464,0.0006875442340970039
5842,-0.3018699884414673,0.0005993794184178114
5843,0.4794729948043823,0.0005552455550059676
5844,0.9200109839439392,0.0005268278764560819
5845,1.1453479528427124,0.000509768258780241
5846,1.0653469562530518,0.0004972011083737016
5847,1.1656149625778198,0.0004879818297922611
5848,1.155480980873108,0.0004789418017026037
5849,1.310683012008667,0.0004701034049503505
5850,1.2808159589767456,0.00046326889423653483
5851,1.3608169555664062,0.0004546384734567255
5852,1.3709499835968018,0.000449025712441653
5853,1.4258840084075928,0.00044233090011402965
5854,1.4458849430084229,0.00043696281500160694
5855,1.470952033996582,0.0004323609173297882
5856,1.4309509992599487,0.0004285785835236311
5857,1.4909520149230957,0.00042618997395038605
5858,1.476017951965332,0.0004248996265232563
5859,1.536018967628479,0.0004245936870574951
5860,1.5109519958496094,0.0004249323974363506
5861,1.541085958480835,0.0004247675242368132
5862,1.5560189485549927,0.00042555201798677444
5863,1.5810860395431519,0.0004265212337486446
5864,1.5661530494689941,0.00042722251964733005
5865,1.6562869548797607,0.00042711300193332136
5866,1.6562869548797607,0.0004266237374395132
5867,1.7714890241622925,0.00042382272658869624
5868,1.7765560150146484,0.0004209066682960838
5869,1.846690058708191,0.0004165811405982822
5870,1.8165559768676758,0.0004130578017793596
5871,1.856557011604309,0.00041036828770302236
5872,1.8314900398254395,0.0004076561308465898
5873,1.8416229486465454,0.00040617468766868114
5874,1.8066890239715576,0.00040494767017662525
5875,1.846690058708191,0.00040492904372513294
5876,1.8416229486465454,0.0004046813119202852
5877,1.8114889860153198,0.00040565774543210864
5878,1.8314900398254395,0.0004064104869030416
5879,1.8314900398254395,0.00040768220787867904
5880,1.7765560150146484,0.0004095106851309538
5881,1.8216229677200317,0.0004114719631616026
5882,1.801622986793518,0.0004151687608100474
5883,1.7864220142364502,0.0004182172124274075
5884,1.7565549612045288,0.00042169331572949886
5885,1.8066890239715576,0.000425868813181296
5886,1.7714890241622925,0.00043055988498963416
5887,1.8165559768676758,0.0004362553299870342
5888,1.7464220523834229,0.00044296029955148697
5889,1.7914890050888062,0.0004497304034885019
5890,1.7264219522476196,0.000458067050203681
5891,1.8114889860153198,0.0004652694333344698
5892,1.7565549612045288,0.00047284108586609364
5893,1.7864220142364502,0.0004805569478776306
5894,1.7664220333099365,0.0004871798155363649
5895,1.781622052192688,0.0004954293253831565
5896,1.7514890432357788,0.0005020900862291455
5897,1.8114889860153198,0.0005104945739731193
5898,1.7514890432357788,0.0005204681074246764
5899,1.7765560150146484,0.0005318213370628655
5900,1.7464220523834229,0.0005469087045639753
5901,1.7864220142364502,0.0005628187791444361
5902,1.7413549423217773,0.0005810166476294398
5903,1.3557499647140503,0.0006022946909070015
5904,0.4141390025615692,0.0006285940762609243
5905,-0.06666799634695053,0.0006614913581870496
5906,-0.8378769755363464,0.0007000832119956613
5907,-1.0632129907608032,0.000737057882361114
5908,-1.2136149406433105,0.0007806730573065579
5909,-1.183480978012085,0.0008345554815605283
5910,-1.2834830284118652,0.000908717222046107
5911,-1.3037500381469727,0.0009953234111890197
5912,-1.3888169527053833,0.001077270950190723
5913,-1.3837510347366333,0.0011533327633515
5914,-1.438951015472412,0.0012197609758004546
5915,-1.4538849592208862,0.0012825967278331518
5916,-1.5240190029144287,0.0013496545143425465
5917,-1.5138859748840332,0.001424672082066536
5918,-1.5541529655456543,0.0014944737777113914
5919,-1.5290859937667847,0.0015589536633342505
5920,-1.5941530466079712,0.0016224388964474201
5921,-1.5792200565338135,0.0016812928952276707
5922,-1.5992200374603271,0.001728538074530661
5923,-1.6192200183868408,0.0017639497527852654
5924,-1.6392199993133545,0.0017915362259373069
5925,-1.629086971282959,0.001812520669773221
5926,-1.6893539428710938,0.0018273615278303623
5927,-1.6893539428710938,0.0018398524262011051
5928,-1.8045560121536255,0.0018487665802240372
5929,-1.7744220495224,0.0018599836621433496
5930,-1.8794900178909302,0.001931192702613771
5931,-1.8645570278167725,0.001966929528862238
5932,-1.9797580242156982,0.0019943471997976303
5933,-1.9096239805221558,0.0020127147436141968
5934,-1.9648250341415405,0.0020269141532480717
5935,-1.9597580432891846,0.0020387915428727865
5936,-1.9698909521102905,0.002051577204838395
5937,-1.9245569705963135,0.0020623328164219856
5938,-1.949623942375183,0.0020724290516227484
5939,-1.8997570276260376,0.002083439379930496
5940,-1.949623942375183,0.0020923148840665817
5941,-1.8946900367736816,0.002102986443787813
5942,-1.8997570276260376,0.002111428650096059
5943,-1.8696229457855225,0.0021199933253228664
5944,-1.8997570276260376,0.002127144020050764
5945,-1.8645570278167725,0.00213351147249341
5946,-1.889623999595642,0.0021379892714321613
5947,-1.8645570278167725,0.002142066601663828
5948,-1.9146909713745117,0.0021451825741678476
5949,-1.8594900369644165,0.0021485972683876753
5950,-1.9045569896697998,0.002151837572455406
5951,-1.8645570278167725,0.0021549067460000515
5952,-1.8997570276260376,0.0021586555521935225
5953,-1.8496229648590088,0.0021626148372888565
5954,-1.8594900369644165,0.0021671978756785393
5955,-1.8394900560379028,0.0021725622937083244
5956,-1.8845570087432861,0.002177703194320202
5957,-1.8344229459762573,0.002183613833039999
5958,-1.8997570276260376,0.002188126090914011
5959,-1.8645570278167725,0.0021926925983279943
5960,-1.8794900178909302,0.0021965564228594303
5961,-1.8445559740066528,0.0021995576098561287
5962,-1.8496229648590088,0.0022020810283720493
5963,-1.8045560121536255,0.00220421701669693
5964,-1.8546899557113647,0.0022063571959733963
5965,-1.8245559930801392,0.0022086389362812042
5966,-1.8696229457855225,0.0022113234736025333
5967,-1.8546899557113647,0.0022144748363643885
5968,-1.8696229457855225,0.0022170802112668753
5969,-1.8546899557113647,0.002219616435468197
5970,-1.8845570087432861,0.0022213044576346874
5971,-1.8496229648590088,0.002223190851509571
5972,-1.8645570278167725,0.0022252893541008234
5973,-1.8045560121536255,0.0022271182388067245
5974,-1.8546899557113647,0.0022285119630396366
5975,-1.8344229459762573,0.0022298889234662056
5976,-1.8344229459762573,0.0022309506312012672
5977,-1.8144229650497437,0.0022319327108561993
5978,-1.8696229457855225,0.0022329953499138355
5979,-1.7944220304489136,0.0022336349356919527
5980,-1.874690055847168,0.0022345460020005703
5981,-1.8296229839324951,0.0022353448439389467
5982,-1.8594900369644165,0.002236610045656562
5983,-1.8194890022277832,0.0022377660498023033
5984,-1.8394900560379028,0.002239292487502098
5985,-1.7994890213012695,0.00224049249663949
5986,-1.8696229457855225,0.0022420145105570555
5987,-1.8296229839324951,0.00224302988499403
5988,-1.874690055847168,0.002244086004793644
5989,-1.8496229648590088,0.002245214069262147
5990,-1.8394900560379028,0.002246192190796137
5991,-1.8245559930801392,0.0022474685683846474
5992,-1.8794900178909302,0.00224837614223361
5993,-1.8045560121536255,0.002249552635475993
5994,-1.8245559930801392,0.0022505675442516804
5995,-1.789355993270874,0.0022515386808663607
5996,-1.8594900369644165,0.0022522741928696632
5997,-1.8096230030059814,0.0022528376430273056
5998,-1.8496229648590088,0.002253349171951413
5999,-1.8394900560379028,0.0022537088952958584
6000,-1.8794900178909302,0.002253902843222022
6001,-1.8096230030059814,0.0022539962083101273
6002,-1.8546899557113647,0.0022540201898664236
6003,-1.7994890213012695,0.0022539468482136726
6004,-1.8546899557113647,0.00225381413474679
6005,-1.8045560121536255,0.0022536437027156353
6006,-1.8394900560379028,0.0022534572053700686
6007,-1.7994890213012695,0.002253259066492319
6008,-1.8394900560379028,0.0022530616261065006
6009,-1.8194890022277832,0.0022528767585754395
6010,-1.874690055847168,0.0022527091205120087
6011,-1.8496229648590088,0.00225256010890007
6012,-1.8594900369644165,0.002252425765618682
6013,-1.8045560121536255,0.0022523035295307636
6014,-1.8496229648590088,0.002252189675346017
6015,-1.8445559740066528,0.0022520856000483036
6016,-1.8594900369644165,0.0022519873455166817
6017,-1.8144229650497437,0.002251899801194668
6018,-1.8946900367736816,0.0022518280893564224
6019,-1.8245559930801392,0.002251774538308382
6020,-1.874690055847168,0.0022517286706715822
6021,-1.8245559930801392,0.0022517105098813772
6022,-1.8546899557113647,0.00225171260535717
6023,-1.8296229839324951,0.0022517263423651457
6024,-1.8845570087432861,0.002251762431114912
6025,-1.8296229839324951,0.002251789905130863
6026,-1.8845570087432861,0.002251829020678997
6027,-1.8045560121536255,0.002251874189823866
6028,-1.8496229648590088,0.002251913771033287
6029,-1.8144229650497437,0.002251962199807167
6030,-1.8594900369644165,0.0022520178463310003
6031,-1.8344229459762573,0.0022520734928548336
6032,-1.8997570276260376,0.0022521326318383217
6033,-1.8144229650497437,0.0022521894425153732
6034,-1.8696229457855225,0.0022522390354424715
6035,-1.8245559930801392,0.0022522853687405586
6036,-1.8794900178909302,0.002252328908070922
6037,-1.8045560121536255,0.0022523635998368263
6038,-1.8296229839324951,0.0022523950319737196
6039,-1.7845560312271118,0.002252429723739624
6040,-1.8445559740066528,0.002252480247989297
6041,-1.8296229839324951,0.0022525195963680744
6042,-1.874690055847168,0.0022525538224726915
6043,-1.8144229650497437,0.002252577804028988
6044,-1.8594900369644165,0.00225260341539979
6045,-1.8045560121536255,0.00225262064486742
6046,-1.8546899557113647,0.002252624835819006
6047,-1.8096230030059814,0.0022526299580931664
6048,-1.8445559740066528,0.0022526350803673267
6049,-1.7944220304489136,0.0022526481188833714
6050,-1.8394900560379028,0.0022526553366333246
6051,-1.8296229839324951,0.0022526588290929794
6052,-1.8696229457855225,0.0022526616230607033
6053,-1.8194890022277832,0.0022526555694639683
6054,-1.889623999595642,0.002252640901133418
6055,-1.8245559930801392,0.002252624835819006
6056,-1.874690055847168,0.0022525943350046873
6057,-1.7944220304489136,0.0022525773383677006
6058,-1.8645570278167725,0.0022525619715452194
6059,-1.8546899557113647,0.0022525431122630835
6060,-1.8645570278167725,0.0022525188978761435
6061,-1.789355993270874,0.00225249701179564
6062,-1.8594900369644165,0.0022524711675941944
6063,-1.8194890022277832,0.0022524504456669092
6064,-1.8394900560379028,0.0022524306550621986
6065,-1.8296229839324951,0.0022524173837155104
6066,-1.8594900369644165,0.0022524003870785236
6067,-1.8245559930801392,0.0022523850202560425
6068,-1.8794900178909302,0.002252367790788412
6069,-1.8144229650497437,0.002252336125820875
6070,-1.8394900560379028,0.0022523035295307636
6071,-1.789355993270874,0.0022522795479744673
6072,-1.8645570278167725,0.002252248115837574
6073,-1.8344229459762573,0.0022522183135151863
6074,-1.8645570278167725,0.0022521945647895336
6075,-1.8344229459762573,0.002252178965136409
6076,-1.874690055847168,0.002252158708870411
6077,-1.8245559930801392,0.002252133097499609
6078,-1.8696229457855225,0.002252102829515934
6079,-1.8394900560379028,0.0022520662751048803
6080,-1.8546899557113647,0.002252032049000263
6081,-1.8296229839324951,0.0022520057391375303
6082,-1.8394900560379028,0.002251977566629648
6083,-1.8296229839324951,0.00225195218808949
6084,-1.8594900369644165,0.0022519296035170555
6085,-1.8546899557113647,0.0022519007325172424
6086,-1.8794900178909302,0.0022518651094287634
6087,-1.8194890022277832,0.002251837868243456
6088,-1.8645570278167725,0.0022518024779856205
6089,-1.8394900560379028,0.0022517675533890724
6090,-1.8794900178909302,0.0022517694160342216
6091,-1.8296229839324951,0.00225179735571146
6092,-1.8794900178909302,0.0022518374025821686
6093,-1.8594900369644165,0.0022518644109368324
6094,-1.889623999595642,0.0022518006153404713
6095,-1.8394900560379028,0.002251465106382966
6096,-1.8645570278167725,0.002250557066872716
6097,-1.8546899557113647,0.0022491533309221268
6098,-1.9146909713745117,0.002247351221740246
6099,-1.8296229839324951,0.0022450569085776806
6100,-1.8645570278167725,0.0022429851815104485
6101,-1.8245559930801392,0.0022406703792512417
6102,-1.8845570087432861,0.0022381742019206285
6103,-1.8546899557113647,0.002235542284324765
6104,-1.874690055847168,0.002232602331787348
6105,-1.8496229648590088,0.0022298444528132677
6106,-1.8696229457855225,0.0022269568871706724
6107,-1.8296229839324951,0.002223565708845854
6108,-1.8645570278167725,0.0022202099207788706
6109,-1.8194890022277832,0.0022169346921145916
6110,-1.874690055847168,0.002213478786870837
6111,-1.8245559930801392,0.002209852449595928
6112,-1.8696229457855225,0.0022059506736695766
6113,-1.8496229648590088,0.002201986964792013
6114,-1.874690055847168,0.0021983329206705093
6115,-1.8394900560379028,0.002194646978750825
6116,-1.8794900178909302,0.0021910197101533413
6117,-1.8296229839324951,0.0021877321414649487
6118,-1.8794900178909302,0.002183874137699604
6119,-1.8296229839324951,0.0021797509398311377
6120,-1.8594900369644165,0.002175740897655487
6121,-1.8194890022277832,0.002171817934140563
6122,-1.8645570278167725,0.0021681347861886024
6123,-1.8594900369644165,0.002165331970900297
6124,-1.9045569896697998,0.0021632385905832052
6125,-1.8546899557113647,0.002161533571779728
6126,-1.9146909713745117,0.0021603978238999844
6127,-1.8496229648590088,0.0021587153896689415
6128,-1.889623999595642,0.0021572133991867304
6129,-1.8394900560379028,0.002155686728656292
6130,-1.874690055847168,0.0021541304886341095
6131,-1.8394900560379028,0.002152063651010394
6132,-1.8794900178909302,0.00215006317012012
6133,-1.8296229839324951,0.0021469201892614365
6134,-1.8845570087432861,0.002143456367775798
6135,-1.8245559930801392,0.0021392200142145157
6136,-1.8496229648590088,0.002134708920493722
6137,-1.8296229839324951,0.0021300525404512882
6138,-1.8794900178909302,0.0021245882380753756
6139,-1.8245559930801392,0.0021197996102273464
6140,-1.8546899557113647,0.002114179078489542
6141,-1.8496229648590088,0.002107978565618396
6142,-1.889623999595642,0.0021019235718995333
6143,-1.8496229648590088,0.0020946948789060116
6144,-1.8696229457855225,0.0020870063453912735
6145,-1.8845570087432861,0.0020792013965547085
6146,-1.8845570087432861,0.002069974085316062
6147,-1.8394900560379028,0.0020621547009795904
6148,-1.8645570278167725,0.0020537259988486767
6149,-1.8096230030059814,0.002045315457507968
6150,-1.874690055847168,0.002037518657743931
6151,-1.8344229459762573,0.0020282045006752014
6152,-1.8997570276260376,0.0020200612489134073
6153,-1.8594900369644165,0.0020105019211769104
6154,-1.8794900178909302,0.0019992005545645952
6155,-1.8194890022277832,0.001986793475225568
6156,-1.8946900367736816,0.0019707914907485247
6157,-1.8144229650497437,0.001953658415004611
6158,-1.8997570276260376,0.001934544648975134
6159,-1.8096230030059814,0.0019119889475405216
6160,-1.8546899557113647,0.0018847505562007427
6161,-1.8144229650497437,0.0018508282955735922
6162,-1.8997570276260376,0.0018111916724592447
6163,-1.8496229648590088,0.001773250987753272
6164,-1.8546899557113647,0.001728826086036861
6165,-1.8096230030059814,0.0016743738669902086
6166,-1.8546899557113647,0.0015997214941307902
6167,-1.8296229839324951,0.0015127133810892701
6168,-1.8496229648590088,0.001430552452802658
6169,-1.7944220304489136,0.0013543854001909494
6170,-1.8645570278167725,0.0012879341375082731
6171,-1.8394900560379028,0.0012251537991687655
6172,-1.8546899557113647,0.001158221741206944
6173,-1.8344229459762573,0.00108337530400604
6174,-1.8546899557113647,0.0010137674398720264
6175,-1.8546899557113647,0.0009494895930401981
6176,-1.874690055847168,0.0008862069807946682
6177,-1.8245559930801392,0.0008275285945273936
6178,-1.874690055847168,0.0007804249762557447
6179,-1.8696229457855225,0.0007451415294781327
6180,-1.9146909713745117,0.0007176405633799732
6181,-1.8394900560379028,0.0006967265508137643
6182,-1.8546899557113647,0.0006820613634772599
6183,-1.8594900369644165,0.0006701441016048193
6184,-1.6792210340499878,0.0006622989312745631
6185,-0.592540979385376,0.0006526627112179995
6186,-0.13680200278759003,0.0005834595649503171
6187,0.6946750283241272,0.000549974269233644
6188,0.9552119970321655,0.0005246289074420929
6189,1.1405479907989502,0.0005086661549285054
6190,1.090414047241211,0.0004968471475876868
6191,1.2154819965362549,0.0004876098537351936
6192,1.2154819965362549,0.0004776987771037966
6193,1.2906830310821533,0.00046950927935540676
6194,1.2856160402297974,0.0004622513079084456
6195,1.3858840465545654,0.00045450800098478794
6196,1.3506840467453003,0.00044875251478515565
6197,1.4458849430084229,0.0004412790294736624
6198,1.4309509992599487,0.00043617686606012285
6199,1.5109519958496094,0.0004312359669711441
6200,1.4360179901123047,0.00042786396807059646
6201,1.4909520149230957,0.00042528839549049735
6202,1.481084942817688,0.00042432561167515814
6203,1.5312190055847168,0.0004239538684487343
6204,1.5010850429534912,0.00042422866681590676
6205,1.5661530494689941,0.00042405095882713795
6206,1.5312190055847168,0.00042477273382246494
6207,1.5912200212478638,0.0004258013213984668
6208,1.5762859582901,0.0004258955013938248
6209,1.6712210178375244,0.00042571540689095855
6210,1.6562869548797607,0.00042450171895325184
6211,1.7864220142364502,0.00042163231410086155
6212,1.7664220333099365,0.00041856354800984263
6213,1.8216229677200317,0.0004141354584135115
6214,1.8165559768676758,0.0004107679706066847
6215,1.8266890048980713,0.0004078876809217036
6216,1.8666900396347046,0.00040553518920205534
6217,1.8717570304870605,0.00040393578819930553
6218,1.851755976676941,0.0004030652344226837
6219,1.8866900205612183,0.00040281316614709795
6220,1.846690058708191,0.0004027574323117733
6221,1.8365559577941895,0.0004039386403746903
6222,1.801622986793518,0.0004047407419420779
6223,1.8314900398254395,0.0004057187179569155
6224,1.7864220142364502,0.0004074569442309439
6225,1.801622986793518,0.0004096900229342282
6226,1.7864220142364502,0.00041309435619041324
6227,1.801622986793518,0.0004159099771641195
6228,1.7514890432357788,0.0004196857044007629
6229,1.8416229486465454,0.00042371335439383984
6230,1.7514890432357788,0.00042835442582145333
6231,1.8114889860153198,0.0004341636667959392
6232,1.7664220333099365,0.00044047250412404537
6233,1.8066890239715576,0.00044735599658451974
6234,1.7264219522476196,0.00045492849312722683
6235,1.801622986793518,0.00046187275438569486
6236,1.801622986793518,0.0004695810785051435
6237,1.8165559768676758,0.00047677927068434656
6238,1.7514890432357788,0.0004833368584513664
6239,1.796555995941162,0.0004910813877359033
6240,1.7664220333099365,0.000497745699249208
6241,1.7914890050888062,0.0005069592734798789
6242,1.7413549423217773,0.0005168367060832679
6243,1.8165559768676758,0.0005289380205795169
6244,1.7264219522476196,0.0005439670640043914
6245,1.7664220333099365,0.0005601224256679416
6246,1.7162879705429077,0.0005788953276351094
6247,1.1154810190200806,0.0006019662832841277
6248,0.32400399446487427,0.0006320051616057754
6249,-0.2720029950141907,0.0006708879955112934
6250,-0.9029449820518494,0.0007088955608196557
6251,-1.118414044380188,0.0007482649525627494
6252,-1.188547968864441,0.0007956246845424175
6253,-1.188547968864441,0.0008555140229873359
6254,-1.2986830472946167,0.0009388415492139757
6255,-1.3586839437484741,0.0010311382357031107
6256,-1.3888169527053833,0.0011146047618240118
6257,-1.408818006515503,0.001191866584122181
6258,-1.4288179874420166,0.0012587205274030566
6259,-1.4589519500732422,0.001325005665421486
6260,-1.5240190029144287,0.0013985231053084135
6261,-1.5189520120620728,0.0014790885616093874
6262,-1.5992200374603271,0.00154839176684618
6263,-1.5541529655456543,0.0016161366365849972
6264,-1.5890870094299316,0.0016825562343001366
6265,-1.5792200565338135,0.0017455123597756028
6266,-1.6090869903564453,0.0017900362145155668
6267,-1.6141539812088013,0.0018262420780956745
6268,-1.6642869710922241,0.001850637374445796
6269,-1.6493539810180664,0.0018711297307163477
6270,-1.714421033859253,0.0018886574544012547
6271,-1.6842880249023438,0.0019061126513406634
6272,-1.789355993270874,0.001919782254844904
6273,-1.7944220304489136,0.0019441244658082724
6274,-1.8645570278167725,0.002003641799092293
6275,-1.889623999595642,0.0020351398270577192
6276,-1.9597580432891846,0.002058184938505292
6277,-1.9096239805221558,0.0020744847133755684
6278,-1.9546910524368286,0.002087248722091317
6279,-1.9197570085525513,0.002098740078508854
6280,-1.9648250341415405,0.002111793262884021
6281,-1.9197570085525513,0.002121478319168091
6282,-1.9397579431533813,0.002132043009623885
6283,-1.9045569896697998,0.002141894306987524
6284,-1.9546910524368286,0.0021511137019842863
6285,-1.8845570087432861,0.0021613012067973614
6286,-1.9146909713745117,0.0021696847397834063
6287,-1.9045569896697998,0.0021789520978927612
6288,-1.949623942375183,0.0021857134997844696
6289,-1.889623999595642,0.00219182507134974
6290,-1.9045569896697998,0.0021959692239761353
6291,-1.8997570276260376,0.0021998235024511814
6292,-1.9045569896697998,0.0022029078099876642
6293,-1.8946900367736816,0.0022059930488467216
6294,-1.9146909713745117,0.0022095730528235435
6295,-1.874690055847168,0.0022126189433038235
6296,-1.8794900178909302,0.00221699895337224
6297,-1.8394900560379028,0.0022209198214113712
6298,-1.8946900367736816,0.0022260891273617744
6299,-1.8696229457855225,0.0022311557549983263
6300,-1.8997570276260376,0.0022365818731486797
6301,-1.8445559740066528,0.00224172230809927
6302,-1.8997570276260376,0.0022460019681602716
6303,-1.8496229648590088,0.0022509153932332993
6304,-1.889623999595642,0.002254227176308632
6305,-1.8245559930801392,0.0022571920417249203
6306,-1.874690055847168,0.0022594109177589417
6307,-1.8144229650497437,0.0022616921924054623
6308,-1.8546899557113647,0.0022637266665697098
6309,-1.8394900560379028,0.002266308292746544
6310,-1.8546899557113647,0.002268967218697071
6311,-1.7994890213012695,0.0022719153203070164
6312,-1.8794900178909302,0.002274417318403721
6313,-1.8194890022277832,0.002276490442454815
6314,-1.889623999595642,0.0022780485451221466
6315,-1.8394900560379028,0.00228016241453588
6316,-1.8794900178909302,0.0022822380997240543
6317,-1.8194890022277832,0.0022837533615529537
6318,-1.8645570278167725,0.0022852099500596523
6319,-1.8394900560379028,0.002286301925778389
6320,-1.8696229457855225,0.0022874465212225914
6321,-1.8045560121536255,0.0022882744669914246
6322,-1.8546899557113647,0.0022890835534781218
6323,-1.8144229650497437,0.0022896951995790005
6324,-1.8546899557113647,0.0022904102224856615
6325,-1.8144229650497437,0.0022912693675607443
6326,-1.8845570087432861,0.002292390912771225
6327,-1.8144229650497437,0.0022935927845537663
6328,-1.8194890022277832,0.0022948896512389183
6329,-1.789355993270874,0.0022960498463362455
6330,-1.8645570278167725,0.00229741632938385
6331,-1.8045560121536255,0.0022983080707490444
6332,-1.874690055847168,0.0022994019091129303
6333,-1.8394900560379028,0.002300368156284094
6334,-1.889623999595642,0.0023013665340840816
6335,-1.8296229839324951,0.0023024650290608406
6336,-1.8546899557113647,0.0023033232428133488
6337,-1.8546899557113647,0.002304420806467533
6338,-1.8445559740066528,0.002305374713614583
6339,-1.8245559930801392,0.002306271344423294
6340,-1.8445559740066528,0.0023069267626851797
6341,-1.8245559930801392,0.002307463902980089
6342,-1.8496229648590088,0.0023079835809767246
6343,-1.8096230030059814,0.002308334456756711
6344,-1.8546899557113647,0.002308554481714964
6345,-1.8045560121536255,0.0023086820729076862
6346,-1.8546899557113647,0.0023087388835847378
6347,-1.7944220304489136,0.0023087067529559135
6348,-1.9045569896697998,0.002308615716174245
6349,-1.8496229648590088,0.0023084848653525114
6350,-1.8794900178909302,0.0023083428386598825
6351,-1.8344229459762573,0.0023081968538463116
6352,-1.8594900369644165,0.002308053430169821
6353,-1.8245559930801392,0.002307922812178731
6354,-1.8546899557113647,0.0023078187368810177
6355,-1.769355058670044,0.002307742601260543
6356,-1.8496229648590088,0.0023076734505593777
6357,-1.789355993270874,0.0023076236248016357
6358,-1.8144229650497437,0.0023075726348906755
6359,-1.7794890403747559,0.002307537943124771
6360,-1.8245559930801392,0.0023075116332620382
6361,-1.8144229650497437,0.00230749836191535
6362,-1.8645570278167725,0.0023074946366250515
6363,-1.8144229650497437,0.002307503018528223
6364,-1.874690055847168,0.002307525835931301
6365,-1.8245559930801392,0.0023075686767697334
6366,-1.8845570087432861,0.0023076292127370834
6367,-1.8394900560379028,0.0023077037185430527
6368,-1.8794900178909302,0.0023077717050909996
6369,-1.8144229650497437,0.002307848772034049
6370,-1.8546899557113647,0.002307930961251259
6371,-1.8445559740066528,0.002308016875758767
6372,-1.8696229457855225,0.002308106515556574
6373,-1.8546899557113647,0.0023081996478140354
6374,-1.8794900178909302,0.0023082878906279802
6375,-1.8194890022277832,0.002308362163603306
6376,-1.8794900178909302,0.002308438066393137
6377,-1.8394900560379028,0.002308502094820142
6378,-1.874690055847168,0.002308555645868182
6379,-1.8296229839324951,0.002308611059561372
6380,-1.9045569896697998,0.0023086676374077797
6381,-1.8445559740066528,0.0023087149020284414
6382,-1.889623999595642,0.0023087537847459316
6383,-1.8546899557113647,0.002308789873495698
6384,-1.8645570278167725,0.002308816649019718
6385,-1.8546899557113647,0.0023088431917130947
6386,-1.8394900560379028,0.002308855066075921
6387,-1.7744220495224,0.0023088748566806316
6388,-1.8546899557113647,0.0023089032620191574
6389,-1.8194890022277832,0.0023089414462447166
6390,-1.8546899557113647,0.0023089791648089886
6391,-1.8144229650497437,0.0023090336471796036
6392,-1.9146909713745117,0.002309083007276058
6393,-1.8045560121536255,0.002309125382453203
6394,-1.8696229457855225,0.0023091635666787624
6395,-1.8296229839324951,0.0023092052433639765
6396,-1.874690055847168,0.0023092315532267094
6397,-1.8296229839324951,0.002309256698936224
6398,-1.8645570278167725,0.0023092757910490036
6399,-1.8594900369644165,0.0023092911578714848
6400,-1.874690055847168,0.0023093002382665873
6401,-1.8245559930801392,0.0023093027994036674
6402,-1.8394900560379028,0.002309315139427781
6403,-1.8296229839324951,0.002309331437572837
6404,-1.8845570087432861,0.0023093512281775475
6405,-1.8344229459762573,0.002309370320290327
6406,-1.889623999595642,0.0023093954659998417
6407,-1.8645570278167725,0.002309416187927127
6408,-1.889623999595642,0.0023094231728464365
6409,-1.8394900560379028,0.002309432253241539
6410,-1.8696229457855225,0.0023094413336366415
6411,-1.8496229648590088,0.0023094420321285725
6412,-1.8344229459762573,0.0023094455245882273
6413,-1.8296229839324951,0.002309446455910802
6414,-1.8645570278167725,0.0023094480857253075
6415,-1.8194890022277832,0.0023094573989510536
6416,-1.8496229648590088,0.0023094674106687307
6417,-1.8394900560379028,0.002309478120878339
6418,-1.8546899557113647,0.0023094830103218555
6419,-1.8296229839324951,0.0023095032665878534
6420,-1.8794900178909302,0.002309525618329644
6421,-1.8546899557113647,0.0023095491342246532
6422,-1.874690055847168,0.0023095651995390654
6423,-1.8194890022277832,0.0023095901124179363
6424,-1.8496229648590088,0.0023096101358532906
6425,-1.8144229650497437,0.0023096324875950813
6426,-1.8645570278167725,0.0023096438962966204
6427,-1.8045560121536255,0.0023096578661352396
6428,-1.8344229459762573,0.002309674397110939
6429,-1.8096230030059814,0.0023096988443285227
6430,-1.8645570278167725,0.002309721428900957
6431,-1.8096230030059814,0.0023097533266991377
6432,-1.8845570087432861,0.0023097838275134563
6433,-1.8594900369644165,0.0023098408710211515
6434,-1.889623999595642,0.002309913747012615
6435,-1.8645570278167725,0.0023099789395928383
6436,-1.8997570276260376,0.0023100674152374268
6437,-1.8794900178909302,0.00231014471501112
6438,-1.889623999595642,0.002310096984729171
6439,-1.8194890022277832,0.00230963877402246
6440,-1.8546899557113647,0.0023086685687303543
6441,-1.8245559930801392,0.0023071770556271076
6442,-1.8645570278167725,0.002305244328454137
6443,-1.8144229650497437,0.0023030429147183895
6444,-1.8645570278167725,0.0023010147269815207
6445,-1.8296229839324951,0.002298627980053425
6446,-1.8696229457855225,0.0022962435614317656
6447,-1.8546899557113647,0.002293582074344158
6448,-1.8794900178909302,0.002290664240717888
6449,-1.8496229648590088,0.0022880551405251026
6450,-1.9045569896697998,0.0022851736284792423
6451,-1.8845570087432861,0.0022818446159362793
6452,-1.8546899557113647,0.00227866368368268
6453,-1.8245559930801392,0.0022753989323973656
6454,-1.8445559740066528,0.0022719912230968475
6455,-1.8144229650497437,0.002268311334773898
6456,-1.8845570087432861,0.0022644829005002975
6457,-1.8245559930801392,0.002260640263557434
6458,-1.8546899557113647,0.002257084008306265
6459,-1.8245559930801392,0.0022533531300723553
6460,-1.8845570087432861,0.002249936806038022
6461,-1.8296229839324951,0.002246679738163948
6462,-1.874690055847168,0.0022427011281251907
6463,-1.8546899557113647,0.002238590968772769
6464,-1.9045569896697998,0.00223473459482193
6465,-1.8496229648590088,0.002230943413451314
6466,-1.889623999595642,0.0022275689989328384
6467,-1.8546899557113647,0.002225068863481283
6468,-1.8794900178909302,0.002222999231889844
6469,-1.8645570278167725,0.002221516566351056
6470,-1.8794900178909302,0.0022203768603503704
6471,-1.8194890022277832,0.0022186904679983854
6472,-1.8546899557113647,0.0022171856835484505
6473,-1.8445559740066528,0.0022157859057188034
6474,-1.8794900178909302,0.0022141230292618275
6475,-1.7994890213012695,0.0022122289519757032
6476,-1.8696229457855225,0.002210148610174656
6477,-1.8496229648590088,0.002206692937761545
6478,-1.874690055847168,0.002203207928687334
6479,-1.8194890022277832,0.002199093345552683
6480,-1.889623999595642,0.0021947724744677544
6481,-1.8394900560379028,0.0021900187712162733
6482,-1.8997570276260376,0.002184947021305561
6483,-1.8296229839324951,0.002180262003093958
6484,-1.874690055847168,0.0021743965335190296
6485,-1.8546899557113647,0.0021685564424842596
6486,-1.8594900369644165,0.002162531018257141
6487,-1.8496229648590088,0.0021553649567067623
6488,-1.8997570276260376,0.0021480140276253223
6489,-1.8645570278167725,0.0021401720587164164
6490,-1.874690055847168,0.0021315598860383034
6491,-1.8045560121536255,0.0021240082569420338
6492,-1.8997570276260376,0.002115422859787941
6493,-1.874690055847168,0.0021074567921459675
6494,-1.889623999595642,0.002099660225212574
6495,-1.8394900560379028,0.002090785652399063
6496,-1.874690055847168,0.002082623541355133
6497,-1.8245559930801392,0.0020722339395433664
6498,-1.8794900178909302,0.002060862723737955
6499,-1.8344229459762573,0.0020477650687098503
6500,-1.8696229457855225,0.0020317076705396175
6501,-1.8496229648590088,0.0020144442096352577
6502,-1.8496229648590088,0.001994698541238904
6503,-1.8144229650497437,0.0019703668076545
6504,-1.8696229457855225,0.0019394352566450834
6505,-1.8546899557113647,0.0018993942067027092
6506,-1.8794900178909302,0.001860393094830215
6507,-1.8546899557113647,0.0018200824270024896
6508,-1.8946900367736816,0.001772010582499206
6509,-1.8394900560379028,0.0017115931259468198
6510,-1.8997570276260376,0.00162778131198138
6511,-1.8045560121536255,0.0015351506881415844
6512,-1.874690055847168,0.0014515200164169073
6513,-1.8245559930801392,0.0013741960283368826
6514,-1.9146909713745117,0.0013073543086647987
6515,-1.8496229648590088,0.0012411796487867832
6516,-1.9096239805221558,0.001167828100733459
6517,-1.8496229648590088,0.0010874680010601878
6518,-1.8296229839324951,0.001018376206047833
6519,-1.8394900560379028,0.0009508721996098757
6520,-1.8645570278167725,0.0008846830460242927
6521,-1.8496229648590088,0.0008219429291784763
6522,-1.8645570278167725,0.0007775882841087878
6523,-1.8144229650497437,0.0007415397558361292
6524,-1.8845570087432861,0.0007172783953137696
6525,-1.7944220304489136,0.0006969334790483117
6526,-1.8645570278167725,0.0006797131500206888
6527,-1.7994890213012695,0.0006631335127167404
6528,-1.4640179872512817,0.0006508237565867603
6529,-0.40213799476623535,0.0006282824906520545
6530,0.043733999133110046,0.0005709744291380048
6531,0.8400099873542786,0.0005417089560069144
6532,1.0301460027694702,0.0005208452930673957
6533,1.1304140090942383,0.0005070491461083293
6534,1.1154810190200806,0.000496782420668751
6535,1.1754809617996216,0.000488084158860147
6536,1.2005480527877808,0.0004779981973115355
6537,1.2656160593032837,0.00047102710232138634
6538,1.25068199634552,0.0004636144731193781
6539,1.3506840467453003,0.0004571287427097559
6540,1.3258830308914185,0.0004511403967626393
6541,1.416018009185791,0.0004443894140422344
6542,1.410951018333435,0.0004394357092678547
6543,1.4861520528793335,0.00043393956730142236
6544,1.470952033996582,0.0004311174270696938
6545,1.4909520149230957,0.00042887008748948574
6546,1.4560179710388184,0.00042826891876757145
6547,1.5512189865112305,0.0004282803274691105
6548,1.5261520147323608,0.00042855419451370835
6549,1.5861530303955078,0.0004288571944925934
6550,1.5512189865112305,0.0004294551908969879
6551,1.5762859582901,0.0004305022885091603
6552,1.5810860395431519,0.0004300175351090729
6553,1.6613539457321167,0.000429860083386302
6554,1.7213549613952637,0.0004278876876924187
6555,1.781622052192688,0.0004251101636327803
6556,1.7914890050888062,0.00042186188511550426
6557,1.8666900396347046,0.0004180283867754042
6558,1.796555995941162,0.0004150515887886286
6559,1.856557011604309,0.0004117531643714756
6560,1.8314900398254395,0.00041020516073331237
6561,1.8816239833831787,0.0004086708649992943
6562,1.851755976676941,0.00040850197547115386
6563,1.8816239833831787,0.0004081621882505715
6564,1.801622986793518,0.0004086147528141737
6565,1.8666900396347046,0.0004095533804502338
6566,1.7664220333099365,0.0004107558634132147
6567,1.8365559577941895,0.0004120958910789341
6568,1.7864220142364502,0.00041408458491787314
6569,1.8216229677200317,0.00041723420144990087
6570,1.7162879705429077,0.0004206662124488503
6571,1.7864220142364502,0.00042356859194114804
6572,1.7162879705429077,0.0004281072469893843
6573,1.7765560150146484,0.00043256301432847977
6574,1.7365549802780151,0.0004377058648969978
6575,1.7914890050888062,0.00044440547935664654
6576,1.7765560150146484,0.00045079816482029855
6577,1.8266890048980713,0.000458578288089484
6578,1.7765560150146484,0.00046622444642707705
6579,1.7314879894256592,0.0004735353868454695
6580,1.7664220333099365,0.00048236502334475517
6581,1.8165559768676758,0.0004894010489806533
6582,1.7664220333099365,0.0004965817788615823
6583,1.796555995941162,0.0005039238021709025
6584,1.7413549423217773,0.0005110868369229138
6585,1.8114889860153198,0.0005213913973420858
6586,1.7464220523834229,0.0005317276809364557
6587,1.7914890050888062,0.0005449800519272685
6588,1.7514890432357788,0.0005607110797427595
6589,1.7765560150146484,0.0005777605692856014
6590,1.6562869548797607,0.0005974154337309301
6591,0.8400099873542786,0.0006202274234965444
6592,0.24400299787521362,0.0006477674469351768
6593,-0.5024060010910034,0.0006832790095359087
6594,-1.0032130479812622,0.0007229356560856104
6595,-1.183480978012085,0.0007628794410265982
6596,-1.183480978012085,0.0008077502716332674
6597,-1.1984150409698486,0.0008617909625172615
6598,-1.3037500381469727,0.000934409792535007
6599,-1.3536169528961182,0.0010179001837968826
6600,-1.408818006515503,0.0010921134380623698
6601,-1.408818006515503,0.0011604949831962585
6602,-1.4538849592208862,0.001229242654517293
6603,-1.4840190410614014,0.0012936154380440712
6604,-1.5290859937667847,0.001360815716907382
6605,-1.5189520120620728,0.0014353387523442507
6606,-1.5992200374603271,0.0015068510547280312
6607,-1.569085955619812,0.0015729247825220227
6608,-1.6141539812088013,0.0016367030330002308
6609,-1.5541529655456543,0.0016984024550765753
6610,-1.6242870092391968,0.0017509160097688437
6611,-1.6090869903564453,0.001791883958503604
6612,-1.6741540431976318,0.0018209860427305102
6613,-1.6392199993133545,0.0018432022770866752
6614,-1.6893539428710938,0.0018590126419439912
6615,-1.6842880249023438,0.0018731734016910195
6616,-1.8144229650497437,0.001881614327430725
6617,-1.7994890213012695,0.001962477108463645
6618,-1.9197570085525513,0.0020117536187171936
6619,-1.9245569705963135,0.0020446518901735544
6620,-1.9245569705963135,0.0020674080587923527
6621,-1.9197570085525513,0.002084843348711729
6622,-1.9648250341415405,0.0020982660353183746
6623,-1.9546910524368286,0.002110880333930254
6624,-1.9546910524368286,0.0021239109337329865
6625,-1.9397579431533813,0.0021337312646210194
6626,-1.9546910524368286,0.002145185600966215
6627,-1.9045569896697998,0.002154566580429673
6628,-1.9346909523010254,0.0021640448831021786
6629,-1.874690055847168,0.002173568122088909
6630,-1.9096239805221558,0.0021817684173583984
6631,-1.8946900367736816,0.0021903265733271837
6632,-1.9146909713745117,0.002196785295382142
6633,-1.8496229648590088,0.0022022505290806293
6634,-1.9245569705963135,0.0022061881609261036
6635,-1.8296229839324951,0.002209661528468132
6636,-1.8845570087432861,0.002212825231254101
6637,-1.8394900560379028,0.0022158646024763584
6638,-1.8997570276260376,0.0022192776668816805
6639,-1.8344229459762573,0.0022225226275622845
6640,-1.9045569896697998,0.002226827898994088
6641,-1.8296229839324951,0.002230977173894644
6642,-1.8794900178909302,0.0022366857156157494
6643,-1.8645570278167725,0.002241841983050108
6644,-1.8997570276260376,0.0022476413287222385
6645,-1.8296229839324951,0.002252665115520358
6646,-1.9045569896697998,0.0022570888977497816
6647,-1.8245559930801392,0.00226181885227561
6648,-1.8845570087432861,0.0022650796454399824
6649,-1.8344229459762573,0.0022682026028633118
6650,-1.8546899557113647,0.002270390745252371
6651,-1.8445559740066528,0.0022727521136403084
6652,-1.8645570278167725,0.0022748499177396297
6653,-1.8296229839324951,0.0022777013946324587
6654,-1.8645570278167725,0.0022805347107350826
6655,-1.8144229650497437,0.002283417386934161
6656,-1.8645570278167725,0.00228609936311841
6657,-1.8144229650497437,0.00228813081048429
6658,-1.8546899557113647,0.002289834897965193
6659,-1.8296229839324951,0.002292160876095295
6660,-1.8496229648590088,0.002294425154104829
6661,-1.8696229457855225,0.0022959476336836815
6662,-1.8445559740066528,0.0022976668551564217
6663,-1.8194890022277832,0.002298800740391016
6664,-1.8594900369644165,0.002300156746059656
6665,-1.8096230030059814,0.002301148371770978
6666,-1.8496229648590088,0.002301913220435381
6667,-1.8144229650497437,0.0023027940187603235
6668,-1.8445559740066528,0.0023035751655697823
6669,-1.7944220304489136,0.002304747700691223
6670,-1.8445559740066528,0.0023059318773448467
6671,-1.8096230030059814,0.0023074059281498194
6672,-1.8394900560379028,0.0023087244480848312
6673,-1.8096230030059814,0.002310067880898714
6674,-1.8696229457855225,0.0023113442584872246
6675,-1.8194890022277832,0.0023123309947550297
6676,-1.8696229457855225,0.0023136811796575785
6677,-1.7994890213012695,0.002314658835530281
6678,-1.8997570276260376,0.0023158590774983168
6679,-1.7994890213012695,0.0023169019259512424
6680,-1.8696229457855225,0.0023179035633802414
6681,-1.8096230030059814,0.002319010440260172
6682,-1.8594900369644165,0.002320045605301857
6683,-1.7994890213012695,0.0023209413047879934
6684,-1.8645570278167725,0.0023216274566948414
6685,-1.8496229648590088,0.0023222267627716064
6686,-1.8594900369644165,0.0023227762430906296
6687,-1.8394900560379028,0.002323139226064086
6688,-1.874690055847168,0.002323376014828682
6689,-1.8245559930801392,0.0023235043045133352
6690,-1.8546899557113647,0.0023235431872308254
6691,-1.8245559930801392,0.002323484979569912
6692,-1.8394900560379028,0.002323388122022152
6693,-1.8296229839324951,0.0023232707753777504
6694,-1.8794900178909302,0.0023231501691043377
6695,-1.8645570278167725,0.0023230393417179585
6696,-1.889623999595642,0.002322927350178361
6697,-1.7994890213012695,0.002322842599824071
6698,-1.8546899557113647,0.0023227727506309748
6699,-1.8496229648590088,0.0023227392230182886
6700,-1.874690055847168,0.00232272339053452
6701,-1.8794900178909302,0.002322726882994175
6702,-1.874690055847168,0.0023227306082844734
6703,-1.8496229648590088,0.0023227473720908165
6704,-1.8496229648590088,0.0023227715864777565
6705,-1.8394900560379028,0.0023228046484291553
6706,-1.874690055847168,0.002322850748896599
6707,-1.8296229839324951,0.002322922460734844
6708,-1.8394900560379028,0.0023230211809277534
6709,-1.8045560121536255,0.0023231576196849346
6710,-1.889623999595642,0.002323323395103216
6711,-1.8344229459762573,0.002323499182239175
6712,-1.8794900178909302,0.0023236852139234543
6713,-1.8394900560379028,0.0023238775320351124
6714,-1.8794900178909302,0.002324070781469345
6715,-1.8344229459762573,0.002324251923710108
6716,-1.8594900369644165,0.0023244309704750776
6717,-1.8344229459762573,0.0023246011696755886
6718,-1.8394900560379028,0.002324762288480997
6719,-1.8445559740066528,0.002324922475963831
6720,-1.8496229648590088,0.0023250789381563663
6721,-1.8546899557113647,0.002325240755453706
6722,-1.8496229648590088,0.002325399313122034
6723,-1.8394900560379028,0.002325560664758086
6724,-1.874690055847168,0.002325714100152254
6725,-1.8394900560379028,0.002325858920812607
6726,-1.8794900178909302,0.0023259934969246387
6727,-1.8045560121536255,0.002326131332665682
6728,-1.8394900560379028,0.002326246816664934
6729,-1.8144229650497437,0.00232637207955122
6730,-1.8546899557113647,0.002326500602066517
6731,-1.8344229459762573,0.0023266319185495377
6732,-1.8794900178909302,0.002326755551621318
6733,-1.8194890022277832,0.0023268824443221092
6734,-1.8946900367736816,0.0023270053789019585
6735,-1.8394900560379028,0.002327128779143095
6736,-1.8696229457855225,0.0023272454272955656
6737,-1.8546899557113647,0.002327368827536702
6738,-1.8997570276260376,0.002327483147382736
6739,-1.8245559930801392,0.0023275886196643114
6740,-1.8645570278167725,0.00232769176363945
6741,-1.8394900560379028,0.0023277958389371634
6742,-1.8696229457855225,0.0023279322776943445
6743,-1.8445559740066528,0.0023284058552235365
6744,-1.8546899557113647,0.0023297988809645176
6745,-1.8394900560379028,0.0023325446527451277
6746,-1.874690055847168,0.0023365437518805265
6747,-1.8546899557113647,0.002341020619496703
6748,-1.8546899557113647,0.002345592947676778
6749,-1.8496229648590088,0.0023498940281569958
6750,-1.8696229457855225,0.00235403748229146
6751,-1.8194890022277832,0.0023575820960104465
6752,-1.8645570278167725,0.0023606859613209963
6753,-1.8144229650497437,0.0023640147410333157
6754,-1.874690055847168,0.0023677197750657797
6755,-1.8394900560379028,0.0023714713752269745
6756,-1.8546899557113647,0.0023755705915391445
6757,-1.8245559930801392,0.0023794726002961397
6758,-1.8696229457855225,0.002383799059316516
6759,-1.8344229459762573,0.002388168126344681
6760,-1.8794900178909302,0.002392869209870696
6761,-1.8296229839324951,0.0023975418880581856
6762,-1.874690055847168,0.0024013936053961515
6763,-1.8144229650497437,0.0024044006131589413
6764,-1.8845570087432861,0.0024070723447948694
6765,-1.8394900560379028,0.002409509848803282
6766,-1.8696229457855225,0.0024114931002259254
6767,-1.8245559930801392,0.0024134512059390545
6768,-1.874690055847168,0.002415323629975319
6769,-1.8344229459762573,0.002417244017124176
6770,-1.874690055847168,0.0024193329736590385
6771,-1.8344229459762573,0.002421739511191845
6772,-1.8845570087432861,0.002424171194434166
6773,-1.8445559740066528,0.002426431979984045
6774,-1.8645570278167725,0.002428927458822727
6775,-1.8194890022277832,0.0024317028000950813
6776,-1.8645570278167725,0.0024351454339921474
6777,-1.8245559930801392,0.0024393571075052023
6778,-1.874690055847168,0.0024445527233183384
6779,-1.8394900560379028,0.002449738560244441
6780,-1.8594900369644165,0.0024544796906411648
6781,-1.8144229650497437,0.0024585691280663013
6782,-1.874690055847168,0.00246197241358459
6783,-1.8245559930801392,0.002464537275955081
6784,-1.8696229457855225,0.002466551261022687
6785,-1.8496229648590088,0.002468109130859375
6786,-1.8845570087432861,0.002469143830239773
6787,-1.8296229839324951,0.0024703245144337416
6788,-1.874690055847168,0.0024717864580452442
6789,-1.8445559740066528,0.0024728472344577312
6790,-1.874690055847168,0.0024738716892898083
6791,-1.8296229839324951,0.002474801614880562
6792,-1.8794900178909302,0.0024753916077315807
6793,-1.8194890022277832,0.00247587775811553
6794,-1.8394900560379028,0.0024759331718087196
6795,-1.8296229839324951,0.0024755792692303658
6796,-1.8546899557113647,0.002474991139024496
6797,-1.8144229650497437,0.0024740351364016533
6798,-1.8296229839324951,0.00247327983379364
6799,-1.8394900560379028,0.002471975516527891
6800,-1.8496229648590088,0.002470353152602911
6801,-1.8194890022277832,0.0024689773563295603
6802,-1.8594900369644165,0.002468165010213852
6803,-1.8296229839324951,0.002466797363013029
6804,-1.874690055847168,0.0024660350754857063
6805,-1.8496229648590088,0.0024654907174408436
6806,-1.8546899557113647,0.0024641985073685646
6807,-1.8394900560379028,0.0024632858112454414
6808,-1.8794900178909302,0.002462604083120823
6809,-1.8344229459762573,0.0024615307338535786
6810,-1.8645570278167725,0.00246078846976161
6811,-1.8194890022277832,0.002460883464664221
6812,-1.8496229648590088,0.0024608676321804523
6813,-1.8394900560379028,0.002461767289787531
6814,-1.8997570276260376,0.0024627898819744587
6815,-1.8296229839324951,0.002463686978444457
6816,-1.8794900178909302,0.0024649174883961678
6817,-1.8594900369644165,0.0024668965488672256
6818,-1.8594900369644165,0.0024687277618795633
6819,-1.8496229648590088,0.0024704718962311745
6820,-1.874690055847168,0.002471586223691702
6821,-1.8496229648590088,0.002471488667652011
6822,-1.8997570276260376,0.002471183892339468
6823,-1.8344229459762573,0.002470891922712326
6824,-1.8696229457855225,0.002470586448907852
6825,-1.8144229650497437,0.00246932590380311
6826,-1.8645570278167725,0.0024682257790118456
6827,-1.8496229648590088,0.002466857433319092
6828,-1.8794900178909302,0.0024639777839183807
6829,-1.7994890213012695,0.002462143776938319
6830,-1.8496229648590088,0.002459338866174221
6831,-1.8144229650497437,0.0024551311507821083
6832,-1.8794900178909302,0.002451066393405199
6833,-1.8546899557113647,0.002445757621899247
6834,-1.8496229648590088,0.0024407668970525265
6835,-1.7994890213012695,0.0024362332187592983
6836,-1.8546899557113647,0.0024300310760736465
6837,-1.8245559930801392,0.002425143960863352
6838,-1.874690055847168,0.0024198871105909348
6839,-1.8445559740066528,0.002414360176771879
6840,-1.8445559740066528,0.002408334519714117
6841,-1.8194890022277832,0.002398893004283309
6842,-1.8496229648590088,0.0023891646414995193
6843,-1.7994890213012695,0.002376887248829007
6844,-1.8645570278167725,0.002362050348892808
6845,-1.8144229650497437,0.002346185501664877
6846,-1.8594900369644165,0.0023276451975107193
6847,-1.8546899557113647,0.0023055661004036665
6848,-1.889623999595642,0.0022790655493736267
6849,-1.8594900369644165,0.002244691364467144
6850,-1.8696229457855225,0.0022065555676817894
6851,-1.8194890022277832,0.002168536651879549
6852,-1.8645570278167725,0.0021262492518872023
6853,-1.8394900560379028,0.0020753939170390368
6854,-1.8997570276260376,0.002005979884415865
6855,-1.8296229839324951,0.001925088930875063
6856,-1.874690055847168,0.0018532101530581713
6857,-1.8296229839324951,0.0017872166354209185
6858,-1.8394900560379028,0.0017203448805958033
6859,-1.8096230030059814,0.001657606684602797
6860,-1.8645570278167725,0.0015920859295874834
6861,-1.8394900560379028,0.0015195468440651894
6862,-1.8594900369644165,0.001450330251827836
6863,-1.8394900560379028,0.0013864552602171898
6864,-1.874690055847168,0.0013250531628727913
6865,-1.8344229459762573,0.0012660590000450611
6866,-1.8794900178909302,0.0012160754995420575
6867,-1.8546899557113647,0.0011777682229876518
6868,-1.889623999595642,0.0011511602206155658
6869,-1.8445559740066528,0.0011313314316794276
6870,-1.889623999595642,0.0011180131696164608
6871,-1.8296229839324951,0.0011065880535170436
6872,-1.1685479879379272,0.001100623281672597
6873,-0.3269369900226593,0.0010222767014056444
6874,0.24400299787521362,0.0009759777458384633
6875,0.9149450063705444,0.0009463843307457864
6876,1.1002800464630127,0.0009270294103771448
6877,1.1656149625778198,0.0009130530524998903
6878,1.150413990020752,0.0009031210211105645
6879,1.2354819774627686,0.0008940554689615965
6880,1.2456159591674805,0.000884627690538764
6881,1.3258830308914185,0.0008784676901996136
6882,1.3408169746398926,0.0008707104134373367
6883,1.3909510374069214,0.0008650744566693902
6884,1.405884027481079,0.0008593678940087557
6885,1.465885043144226,0.0008536567911505699
6886,1.4410849809646606,0.0008492812048643827
6887,1.5061520338058472,0.0008445861749351025
6888,1.470952033996582,0.0008419853984378278
6889,1.5261520147323608,0.0008403649553656578
6890,1.4909520149230957,0.0008402732200920582
6891,1.536018967628479,0.000840623106341809
6892,1.5210859775543213,0.0008412771858274937
6893,1.5610860586166382,0.0008420450612902641
6894,1.5512189865112305,0.000842445355374366
6895,1.6162869930267334,0.0008429986191913486
6896,1.6112200021743774,0.0008425129344686866
6897,1.6864210367202759,0.0008421753300353885
6898,1.7314879894256592,0.0008402980165556073
6899,1.801622986793518,0.0008389567956328392
6900,1.7765560150146484,0.000836992752738297
6901,1.8666900396347046,0.0008357844781130552
6902,1.8416229486465454,0.0008351835422217846
6903,1.8765569925308228,0.0008342668879777193
6904,1.8165559768676758,0.0008348313858732581
6905,1.8717570304870605,0.0008355273166671395
6906,1.8416229486465454,0.0008371596923097968
6907,1.8416229486465454,0.0008386144181713462
6908,1.8314900398254395,0.0008403321262449026
6909,1.8266890048980713,0.0008412880124524236
6910,1.8066890239715576,0.0008422872051596642
6911,1.8066890239715576,0.0008432224276475608
6912,1.796555995941162,0.0008443738333880901
6913,1.8216229677200317,0.0008461722172796726
6914,1.781622052192688,0.0008482994162477553
6915,1.856557011604309,0.0008497966919094324
6916,1.7664220333099365,0.0008513701613992453
6917,1.8066890239715576,0.0008536672685295343
6918,1.7765560150146484,0.0008557711262255907
6919,1.796555995941162,0.0008584538009017706
6920,1.7464220523834229,0.0008609344949945807
6921,1.8365559577941895,0.000863756868056953
6922,1.7664220333099365,0.0008668064838275313
6923,1.7765560150146484,0.0008697439916431904
6924,1.7264219522476196,0.0008727982640266418
6925,1.7616219520568848,0.0008754587033763528
6926,1.7464220523834229,0.000878124323207885
6927,1.8216229677200317,0.0008805036195553839
6928,1.7162879705429077,0.0008830438600853086
6929,1.796555995941162,0.0008855093037709594
6930,1.7616219520568848,0.000888038775883615
6931,1.781622052192688,0.0008907990995794535
6932,1.7264219522476196,0.0008932020282372832
6933,1.801622986793518,0.0008959895931184292
6934,1.541085958480835,0.0008986640023067594
6935,0.6245409846305847,0.0009016230469569564
6936,0.05360100045800209,0.0009047364583238959
6937,-0.7026749849319458,0.0009078745497390628
6938,-1.0933469533920288,0.0009113652631640434
6939,-1.1533479690551758,0.0009154522558674216
6940,-1.2136149406433105,0.0009196272003464401
6941,-1.2586820125579834,0.0009239643113687634
6942,-1.3085500001907349,0.0009286787244491279
6943,-1.348816990852356,0.0009340776014141738
6944,-1.4237509965896606,0.000939591322094202
6945,-1.3938839435577393,0.0009444462484680116
6946,-1.4640179872512817,0.0009487977949902415
6947,-1.4338849782943726,0.0009528450900688767
6948,-1.5389529466629028,0.0009567802189849317
6949,-1.5290859937667847,0.0009608158143237233
6950,-1.5840200185775757,0.0009651846485212445
6951,-1.5240190029144287,0.0009701157687231898
6952,-1.574152946472168,0.0009749262826517224
6953,-1.5941530466079712,0.0009796727681532502
6954,-1.6192200183868408,0.0009842703584581614
6955,-1.5941530466079712,0.0009889538632705808
6956,-1.6541539430618286,0.0009939412120729685
6957,-1.6442869901657104,0.0009990045800805092
6958,-1.6792210340499878,0.001003676443360746
6959,-1.7093549966812134,0.001008116640150547
6960,-1.8245559930801392,0.0010121370432898402
6961,-1.8496229648590088,0.0010155491763725877
6962,-1.9096239805221558,0.0010182640980929136
6963,-1.8946900367736816,0.0010204736609011889
6964,-1.9296239614486694,0.001022367738187313
6965,-1.9146909713745117,0.0010239877738058567
6966,-1.9296239614486694,0.0010255265515297651
6967,-1.9146909713745117,0.0010272255167365074
6968,-1.9245569705963135,0.001029278850182891
6969,-1.8845570087432861,0.0010319531429558992
6970,-1.8946900367736816,0.0010355189442634583
6971,-1.8696229457855225,0.001040316536091268
6972,-1.9197570085525513,0.001046375255100429
6973,-1.8794900178909302,0.0010529904393479228
6974,-1.8997570276260376,0.0010604693088680506
6975,-1.8794900178909302,0.0010688694892451167
6976,-1.9045569896697998,0.001077556051313877
6977,-1.8546899557113647,0.0010869703255593777
6978,-1.8997570276260376,0.0010974882170557976
6979,-1.8296229839324951,0.0011097353417426348
6980,-1.9045569896697998,0.0011241633910685778
6981,-1.8394900560379028,0.0011416133493185043
6982,-1.8997570276260376,0.0011605082545429468
6983,-1.8245559930801392,0.0011789968702942133
6984,-1.8496229648590088,0.001197845209389925
6985,-1.8394900560379028,0.0012179771438241005
6986,-1.874690055847168,0.0012403936125338078
6987,-1.8344229459762573,0.0012664764653891325
6988,-1.8794900178909302,0.001295509748160839
6989,-1.8245559930801392,0.001325781806372106
6990,-1.8546899557113647,0.0013591013848781586
6991,-1.8344229459762573,0.0013969781575724483
6992,-1.8946900367736816,0.0014406718546524644
6993,-1.8144229650497437,0.00149208412040025
6994,-1.8344229459762573,0.001553438836708665
6995,-1.8096230030059814,0.0016246163286268711
6996,-1.8296229839324951,0.0017007244750857353
6997,-1.1082810163497925,0.0017664812039583921
6998,-0.3370710015296936,0.0018195610027760267
6999,0.3490709960460663,0.0018711521988734603
7000,0.865077018737793,0.0019286356400698423
7001,1.155480980873108,0.001996668055653572
7002,1.0653469562530518,0.0020721270702779293
7003,1.1704150438308716,0.002162732183933258
7004,1.1754809617996216,0.0022706654854118824
7005,1.3008160591125488,0.002406653016805649
7006,1.2906830310821533,0.0025651492178440094
7007,1.3658839464187622,0.00273406645283103
7008,1.3506840467453003,0.0029140766710042953
7009,1.405884027481079,0.0030984235927462578
7010,1.405884027481079,0.0032548699527978897
7011,1.4610849618911743,0.0033822543919086456
7012,1.4410849809646606,0.00348505936563015
7013,1.5160189867019653,0.0035639931447803974
7014,1.481084942817688,0.0036279805935919285
7015,1.5109519958496094,0.003682052716612816
7016,1.4909520149230957,0.003731702920049429
7017,1.536018967628479,0.003768798429518938
7018,1.5560189485549927,0.0038008205592632294
7019,1.6061530113220215,0.0038287178613245487
7020,1.546152949333191,0.003849730361253023
7021,1.6613539457321167,0.0038616987876594067
7022,1.6664210557937622,0.0038704173639416695
7023,1.7514890432357788,0.00390236615203321
7024,1.7514890432357788,0.0039638131856918335
7025,1.846690058708191,0.004068802110850811
7026,1.8266890048980713,0.004179720301181078
7027,1.8816239833831787,0.004289400298148394
7028,1.8314900398254395,0.004388976842164993
7029,1.8765569925308228,0.004483604803681374
7030,1.8216229677200317,0.00455866102129221
7031,1.8816239833831787,0.004618547391146421
7032,1.8066890239715576,0.004665592685341835
7033,1.851755976676941,0.004703234415501356
7034,1.7616219520568848,0.004733121022582054
7035,1.8066890239715576,0.004759007133543491
7036,1.8216229677200317,0.004783003591001034
7037,1.8365559577941895,0.004807032644748688
7038,1.8165559768676758,0.004832260310649872
7039,1.8314900398254395,0.004857080988585949
7040,1.7765560150146484,0.004879649728536606
7041,1.8314900398254395,0.00490104965865612
7042,1.7714890241622925,0.004922125022858381
7043,1.8365559577941895,0.004939737729728222
7044,1.781622052192688,0.0049535008147358894
7045,1.8165559768676758,0.004964618012309074
7046,1.7914890050888062,0.004973602015525103
7047,1.7864220142364502,0.004980863071978092
7048,1.7664220333099365,0.004987207241356373
7049,1.8066890239715576,0.004993377719074488
7050,1.7514890432357788,0.00499936006963253
7051,1.8066890239715576,0.0050056325271725655
7052,1.7765560150146484,0.005011432804167271
7053,1.8066890239715576,0.005016873590648174
7054,1.7765560150146484,0.0050209891051054
7055,1.796555995941162,0.0050229160115122795
7056,1.7565549612045288,0.005023042671382427
7057,1.7864220142364502,0.005021881312131882
7058,1.7213549613952637,0.005019917152822018
7059,1.796555995941162,0.0050178999081254005
7060,1.7314879894256592,0.005015608388930559
7061,1.781622052192688,0.005012950859963894
7062,1.7264219522476196,0.0050101736560463905
7063,1.7864220142364502,0.005007030442357063
7064,1.7514890432357788,0.005003804340958595
7065,1.7714890241622925,0.005001084879040718
7066,1.7565549612045288,0.00499858520925045
7067,1.7413549423217773,0.004996143281459808
7068,1.7264219522476196,0.004993916489183903
7069,1.781622052192688,0.004991642665117979
7070,1.7114880084991455,0.004989249631762505
7071,1.796555995941162,0.004986665211617947
7072,1.7365549802780151,0.004983590915799141
7073,1.7914890050888062,0.004980091936886311
7074,1.7365549802780151,0.0049761272966861725
7075,1.781622052192688,0.004972357302904129
7076,1.7365549802780151,0.004968678113073111
7077,1.7464220523834229,0.004965176805853844
7078,1.7162879705429077,0.0049615479074418545
7079,1.796555995941162,0.004957485478371382
7080,1.7565549612045288,0.0049532451666891575
7081,1.7664220333099365,0.004949214402586222
7082,1.7162879705429077,0.004945260938256979
7083,1.781622052192688,0.00494155939668417
7084,1.7413549423217773,0.004937772639095783
7085,1.796555995941162,0.004933579824864864
7086,1.7314879894256592,0.004929739981889725
7087,1.7514890432357788,0.00492609478533268
7088,1.7365549802780151,0.004922575782984495
7089,1.7514890432357788,0.004919216502457857
7090,1.7413549423217773,0.004915711469948292
7091,1.781622052192688,0.004912272095680237
7092,1.7565549612045288,0.004908885806798935
7093,1.781622052192688,0.004905828274786472
7094,1.7616219520568848,0.004902746994048357
7095,1.796555995941162,0.0048996820114552975
7096,1.7464220523834229,0.004897205159068108
7097,1.796555995941162,0.004895132500678301
7098,1.7464220523834229,0.00489311246201396
7099,1.796555995941162,0.00489119254052639
7100,1.7864220142364502,0.004889160394668579
7101,1.7714890241622925,0.004886954557150602
7102,1.7264219522476196,0.004884793423116207
7103,1.796555995941162,0.004882911220192909
7104,1.7765560150146484,0.004880963824689388
7105,1.7864220142364502,0.004878666717559099
7106,1.781622052192688,0.004876135848462582
7107,1.781622052192688,0.004873239900916815
7108,1.7264219522476196,0.0048699406906962395
7109,1.7864220142364502,0.004866159521043301
7110,1.7765560150146484,0.004862385801970959
7111,1.7914890050888062,0.004859382286667824
7112,1.781622052192688,0.0048567792400717735
7113,1.7616219520568848,0.004854210186749697
7114,1.7413549423217773,0.004852225072681904
7115,1.7565549612045288,0.004850561730563641
7116,1.7464220523834229,0.004848918877542019
7117,1.7765560150146484,0.004847004543989897
7118,1.7616219520568848,0.004844863899052143
7119,1.7864220142364502,0.0048431577160954475
7120,1.7213549613952637,0.004842059686779976
7121,1.7565549612045288,0.004841933026909828
7122,1.7365549802780151,0.004843356087803841
7123,1.7864220142364502,0.004845654591917992
7124,1.7413549423217773,0.004849074874073267
7125,1.8114889860153198,0.004853047430515289
7126,1.7464220523834229,0.004857048857957125
7127,1.8066890239715576,0.004861144814640284
7128,1.7714890241622925,0.004865982569754124
7129,1.8114889860153198,0.0048714810982346535
7130,1.7565549612045288,0.00487745925784111
7131,1.7565549612045288,0.004883606918156147
7132,1.7616219520568848,0.004889724776148796
7133,1.781622052192688,0.004895475693047047
7134,1.7514890432357788,0.004900827072560787
7135,1.8066890239715576,0.004905805457383394
7136,1.7714890241622925,0.004910637624561787
7137,1.781622052192688,0.004915514029562473
7138,1.7464220523834229,0.004920679144561291
7139,1.796555995941162,0.004926283378154039
7140,1.7413549423217773,0.004932319279760122
7141,1.7714890241622925,0.004938584752380848
7142,1.7464220523834229,0.004944217391312122
7143,1.801622986793518,0.0049490854144096375
7144,1.7464220523834229,0.004953429102897644
7145,1.7864220142364502,0.004957328550517559
7146,1.7664220333099365,0.004960615653544664
7147,1.8066890239715576,0.004963449202477932
7148,1.7264219522476196,0.004965519066900015
7149,1.8114889860153198,0.0049666413106024265
7150,1.7765560150146484,0.004967097193002701
7151,1.7864220142364502,0.004967255983501673
7152,1.7565549612045288,0.004967327229678631
7153,1.801622986793518,0.004967476241290569
7154,1.7514890432357788,0.004967693239450455
7155,1.8066890239715576,0.004967784974724054
7156,1.7565549612045288,0.004967719316482544
7157,1.8165559768676758,0.0049675945192575455
7158,1.7514890432357788,0.004967366810888052
7159,1.796555995941162,0.0049671027809381485
7160,1.7664220333099365,0.004966779612004757
7161,1.7616219520568848,0.004966434091329575
7162,1.7413549423217773,0.004966053180396557
7163,1.8365559577941895,0.0049656834453344345
7164,1.7413549423217773,0.00496528809890151
7165,1.7565549612045288,0.004964887164533138
7166,1.781622052192688,0.004964480642229319
7167,1.781622052192688,0.004964091815054417
7168,1.7664220333099365,0.004963704850524664
7169,1.8066890239715576,0.00496333185583353
7170,1.7514890432357788,0.004962959326803684
7171,1.7864220142364502,0.004962618462741375
7172,1.7864220142364502,0.0049622803926467896
7173,1.8114889860153198,0.004961993079632521
7174,1.7565549612045288,0.0049616992473602295
7175,1.7616219520568848,0.004961430095136166
7176,1.7664220333099365,0.004961150698363781
7177,1.8114889860153198,0.004960920661687851
7178,1.7616219520568848,0.004960694815963507
7179,1.8114889860153198,0.004960487596690655
7180,1.7765560150146484,0.0049601164646446705
7181,1.8266890048980713,0.004959615878760815
7182,1.7765560150146484,0.0049591874703764915
7183,1.796555995941162,0.004958179779350758
7184,1.7664220333099365,0.004956953227519989
7185,1.801622986793518,0.004955700598657131
7186,1.7514890432357788,0.004954193718731403
7187,1.8114889860153198,0.004952529910951853
7188,1.7413549423217773,0.004950822331011295
7189,1.8066890239715576,0.004949319642037153
7190,1.7413549423217773,0.004948178771883249
7191,1.8114889860153198,0.0049475692212581635
7192,1.781622052192688,0.004947563633322716
7193,1.8266890048980713,0.00494738481938839
7194,1.7864220142364502,0.004947167821228504
7195,1.8266890048980713,0.004946982022374868
7196,1.7914890050888062,0.004947400651872158
7197,1.796555995941162,0.004947492852807045
7198,1.7616219520568848,0.004946576431393623
7199,1.781622052192688,0.004944751039147377
7200,1.7464220523834229,0.0049428800120949745
7201,1.8216229677200317,0.004941955208778381
7202,1.7864220142364502,0.004942173603922129
7203,1.796555995941162,0.004943566396832466
7204,1.7264219522476196,0.004944848362356424
7205,1.796555995941162,0.0049460940062999725
7206,1.7565549612045288,0.004947368986904621
7207,1.8066890239715576,0.004948681220412254
7208,1.7714890241622925,0.004950381815433502
7209,1.8365559577941895,0.0049515943974256516
7210,1.7914890050888062,0.004952198825776577
7211,1.781622052192688,0.004952291026711464
7212,1.781622052192688,0.004951863549649715
7213,1.8066890239715576,0.004951410926878452
7214,1.7565549612045288,0.004951597657054663
7215,1.796555995941162,0.004952386952936649
7216,1.7714890241622925,0.004953488707542419
7217,1.8165559768676758,0.004954814910888672
7218,1.7664220333099365,0.004956440068781376
7219,1.8114889860153198,0.004958427511155605
7220,1.781622052192688,0.004960621707141399
7221,1.8114889860153198,0.004963059909641743
7222,1.7565549612045288,0.004965401254594326
7223,1.7914890050888062,0.0049676429480314255
7224,1.7565549612045288,0.004969418980181217
7225,1.8165559768676758,0.004970593377947807
7226,1.7514890432357788,0.004971152171492577
7227,1.796555995941162,0.004970786161720753
7228,1.7514890432357788,0.004969189874827862
7229,1.7616219520568848,0.004966790322214365
7230,1.7413549423217773,0.004963219165802002
7231,1.8266890048980713,0.0049586426466703415
7232,1.7464220523834229,0.004953931085765362
7233,1.8266890048980713,0.004948798567056656
7234,1.8165559768676758,0.004942703526467085
7235,1.8216229677200317,0.004935295321047306
7236,1.7413549423217773,0.004926350899040699
7237,1.796555995941162,0.004914793185889721
7238,1.7565549612045288,0.0049021681770682335
7239,1.796555995941162,0.004890060052275658
7240,1.7664220333099365,0.0048773279413580894
7241,1.7864220142364502,0.0048628635704517365
7242,1.7314879894256592,0.004845845513045788
7243,1.781622052192688,0.0048252008855342865
7244,1.7365549802780151,0.00480214087292552
7245,1.796555995941162,0.0047786179929971695
7246,1.7864220142364502,0.004752088338136673
7247,1.796555995941162,0.00472066318616271
7248,1.7264219522476196,0.004683276638388634
7249,1.7864220142364502,0.0046381475403904915
7250,1.7514890432357788,0.004583080764859915
7251,1.8066890239715576,0.004518122412264347
7252,1.801622986793518,0.004448245745152235
7253,1.8066890239715576,0.004388757050037384
7254,1.7664220333099365,0.004341980442404747
7255,1.796555995941162,0.004296394065022469
7256,1.7514890432357788,0.0042440639808773994
7257,1.8066890239715576,0.004179871641099453
7258,1.7616219520568848,0.004107062704861164
7259,1.8114889860153198,0.0040186611004173756
7260,1.7714890241622925,0.0039128707721829414
7261,1.8114889860153198,0.0037793340161442757
7262,1.7514890432357788,0.0036234683357179165
7263,1.7664220333099365,0.003457804210484028
7264,1.7765560150146484,0.0032815211452543736
7265,1.7464220523834229,0.0031007120851427317
7266,1.7565549612045288,0.0029474913608282804
7267,1.8216229677200317,0.0028233183547854424
7268,1.7765560150146484,0.002723416080698371
7269,1.7714890241622925,0.002647608518600464
7270,1.7464220523834229,0.0025864173658192158
7271,1.796555995941162,0.00253509939648211
7272,1.7864220142364502,0.0024878906551748514
7273,1.8266890048980713,0.0024531257804483175
7274,1.7914890050888062,0.0024241104256361723
7275,1.8216229677200317,0.0023998816031962633
7276,1.7565549612045288,0.002382839098572731
7277,1.781622052192688,0.0023751361295580864
7278,1.3258830308914185,0.0023710234090685844
7279,0.4693390130996704,0.0023434378672391176
7280,-0.1165350005030632,0.0022866851650178432
7281,-0.8128100037574768,0.002186815021559596
7282,-1.113347053527832,0.002081192098557949
7283,-1.1482809782028198,0.0019757263362407684
7284,-1.2234820127487183,0.0018798108212649822
7285,-1.2234820127487183,0.0017886367859318852
7286,-1.3237500190734863,0.0017167102778330445
7287,-1.3085500001907349,0.0016594749176874757
7288,-1.4288179874420166,0.0016141904052346945
7289,-1.408818006515503,0.0015775137580931187
7290,-1.4738850593566895,0.0015476631233468652
7291,-1.4589519500732422,0.0015215834137052298
7292,-1.5138859748840332,0.0014978183899074793
7293,-1.5440189838409424,0.001474765595048666
7294,-1.5792200565338135,0.0014507955638691783
7295,-1.5290859937667847,0.0014273121487349272
7296,-1.5890870094299316,0.0014062027912586927
7297,-1.5290859937667847,0.00138655339833349
7298,-1.634153962135315,0.001367291552014649
7299,-1.5890870094299316,0.0013511753641068935
7300,-1.6792210340499878,0.0013380071613937616
7301,-1.6642869710922241,0.0013270180206745863
7302,-1.734421968460083,0.0013179501984268427
7303,-1.7093549966812134,0.0013104839017614722
7304,-1.8794900178909302,0.001304176519624889
7305,-1.8645570278167725,0.0012985924258828163
7306,-1.8997570276260376,0.0012933914549648762
7307,-1.8997570276260376,0.0012883194722235203
7308,-1.949623942375183,0.0012844506418332458
7309,-1.629086971282959,0.0012808549217879772
7310,-0.4922730028629303,0.001278011011891067
7311,-0.07146800309419632,0.0012771652545779943
7312,0.7197420001029968,0.0012782051926478744
7313,1.0152130126953125,0.001280290773138404
7314,1.0504130125045776,0.001282869023270905
7315,1.095479965209961,0.0012856795219704509
7316,1.1154810190200806,0.0012886213371530175
7317,1.1856149435043335,0.0012916491832584143
7318,1.2154819965362549,0.0012947218492627144
7319,1.255748987197876,0.0012978476006537676
7320,1.2856160402297974,0.001300991978496313
7321,1.3608169555664062,0.0013041556812822819
7322,1.3258830308914185,0.0013073165901005268
7323,1.4309509992599487,0.0013105018297210336
7324,1.4309509992599487,0.0013136682100594044
7325,1.4861520528793335,0.0013168391305953264
7326,1.4410849809646606,0.00131999293807894
7327,1.476017951965332,0.001323146279901266
7328,1.4509509801864624,0.0013262770371511579
7329,1.536018967628479,0.0013293738011270761
7330,1.5010850429534912,0.0013324455358088017
7331,1.5610860586166382,0.001335497829131782
7332,1.5512189865112305,0.0013385363854467869
7333,1.6162869930267334,0.0013415717985481024
7334,1.6061530113220215,0.0013446121010929346
7335,1.7213549613952637,0.0013476645108312368
7336,1.7565549612045288,0.0013507262337952852
7337,1.846690058708191,0.0013538049533963203
7338,1.8114889860153198,0.0013568797148764133
7339,1.8616230487823486,0.0013599549420177937
7340,1.8314900398254395,0.0013630178291350603
7341,1.856557011604309,0.0013660879340022802
7342,1.796555995941162,0.0013691531494259834
7343,1.8616230487823486,0.0013722334988415241
7344,1.8266890048980713,0.0013752930099144578
7345,1.8765569925308228,0.0013783600879833102
7346,1.796555995941162,0.0013814111007377505
7347,1.8266890048980713,0.0013844763161614537
7348,1.7765560150146484,0.0013875386212021112
7349,1.8266890048980713,0.0013906083768233657
7350,1.781622052192688,0.0013936643954366446
7351,1.8165559768676758,0.0013967271661385894
7352,1.7664220333099365,0.001399776665493846
7353,1.8066890239715576,0.0014028368750587106
7354,1.7413549423217773,0.0014058867236599326
7355,1.7765560150146484,0.0014089485630393028
7356,1.7464220523834229,0.0014120113337412477
7357,1.7914890050888062,0.0014151034411042929
7358,1.7664220333099365,0.0014181847218424082
7359,1.8365559577941895,0.001421264954842627
7360,1.7664220333099365,0.0014243449550122023
7361,1.7864220142364502,0.0014274270506575704
7362,1.7765560150146484,0.0014305025106295943
7363,1.796555995941162,0.0014336148742586374
7364,1.7314879894256592,0.0014367426047101617
7365,1.796555995941162,0.0014399302890524268
7366,1.7765560150146484,0.0014431120362132788
7367,1.7914890050888062,0.001446205424144864
7368,1.7514890432357788,0.0014491097535938025
7369,1.7714890241622925,0.0014518559910356998
7370,1.7514890432357788,0.0014544932637363672
7371,1.7664220333099365,0.0014568909537047148
7372,1.0602799654006958,0.0014589952770620584
7373,0.36427098512649536,0.0014609360368922353
7374,-0.3018699884414673,0.0014626900665462017
7375,-0.8629440069198608,0.001464173779822886
7376,-1.1384140253067017,0.0014651414239779115
7377,-1.1232140064239502,0.001464788569137454
7378,-1.2085479497909546,0.0014629882061854005
7379,-1.2285490036010742,0.0014600995928049088
7380,-1.3738839626312256,0.0014565337914973497
7381,-1.3336169719696045,0.0014526393497362733
7382,-1.4189510345458984,0.0014489514287561178
7383,-1.408818006515503,0.0014453581534326077
7384,-1.4938850402832031,0.0014419404324144125
7385,-1.4738850593566895,0.0014378519263118505
7386,-1.564020037651062,0.0014321571215987206
7387,-1.5189520120620728,0.0014254587003961205
7388,-1.5792200565338135,0.0014185481704771519
7389,-1.5341529846191406,0.001411542994901538
7390,-1.5992200374603271,0.001404455746524036
7391,-1.5890870094299316,0.0013975496403872967
7392,-1.6493539810180664,0.0013909349218010902
7393,-1.629086971282959,0.0013846054207533598
7394,-1.6792210340499878,0.0013778135180473328
7395,-1.6493539810180664,0.0013706476893275976
7396,-1.724287986755371,0.0013633995549753308
7397,-1.7642890214920044,0.0013557124184444547
7398,-1.8496229648590088,0.001348742051050067
7399,-1.889623999595642,0.0013424704084172845
7400,-1.9397579431533813,0.001336544519290328
7401,-1.8997570276260376,0.0013310899958014488
7402,-1.944823980331421,0.0013265155721455812
7403,-1.403751015663147,0.0013222756097093225
7404,-0.41707199811935425,0.0013187198201194406
7405,0.10373499989509583,0.0013164851116016507
7406,0.8048099875450134,0.0013152946485206485
7407,1.085347056388855,0.0013145499397069216
7408,1.0752129554748535,0.001313949702307582
7409,1.0704129934310913,0.0013133394531905651
7410,1.1205470561981201,0.0013127326965332031
7411,1.1954820156097412,0.0013123494572937489
7412,1.1904150247573853,0.0013121587689965963
7413,1.305616021156311,0.0013121344381943345
7414,1.2808159589767456,0.0013122474774718285
7415,1.3608169555664062,0.0013124763499945402
7416,1.3506840467453003,0.0013127841521054506
7417,1.416018009185791,0.001313183456659317
7418,1.410951018333435,0.0013136223424226046
7419,1.476017951965332,0.001314044464379549
7420,1.4008179903030396,0.0013144973199814558
7421,1.4909520149230957,0.001314932364039123
7422,1.4458849430084229,0.0013153627514839172
7423,1.5160189867019653,0.0013157513458281755
7424,1.481084942817688,0.0013161292299628258
7425,1.5560189485549927,0.0013164810370653868
7426,1.5160189867019653,0.0013168314471840858
7427,1.6112200021743774,0.0013171529863029718
7428,1.6261539459228516,0.0013174645137041807
7429,1.7514890432357788,0.001317703863605857
7430,1.7514890432357788,0.0013179595116525888
7431,1.8266890048980713,0.0013181371614336967
7432,1.8266890048980713,0.001318321330472827
7433,1.856557011604309,0.0013184791896492243
7434,1.6162869930267334,0.001318740425631404
7435,0.5394729971885681,0.0013191490434110165
7436,0.04853399842977524,0.0013197935186326504
7437,-0.7277420163154602,0.0013207104057073593
7438,-1.0482800006866455,0.0013218253152444959
7439,-1.113347053527832,0.0013239673571661115
7440,-1.1384140253067017,0.0013261961285024881
7441,-1.1733479499816895,0.001328594982624054
7442,-1.2786829471588135,0.0013315847609192133
7443,-1.2834830284118652,0.001335285371169448
7444,-1.3536169528961182,0.0013389813248068094
7445,-1.3536169528961182,0.001341699156910181
7446,-1.4640179872512817,0.0013433584244921803
7447,-1.4189510345458984,0.0013439629692584276
7448,-1.5290859937667847,0.0013437161687761545
7449,-1.5189520120620728,0.0013435971923172474
7450,-1.569085955619812,0.0013435841538012028
7451,-1.509086012840271,0.0013436212902888656
7452,-1.5792200565338135,0.0013430716935545206
7453,-1.5341529846191406,0.0013427177909761667
7454,-1.5992200374603271,0.001342932227998972
7455,-1.5890870094299316,0.0013436718145385385
7456,-1.6392199993133545,0.001344792079180479
7457,-1.634153962135315,0.0013457916211336851
7458,-1.6493539810180664,0.0013458624016493559
7459,-1.6893539428710938,0.0013449413236230612
7460,-1.789355993270874,0.0013438567984849215
7461,-1.8045560121536255,0.0013421564362943172
7462,-1.8845570087432861,0.0013394119450822473
7463,-1.8645570278167725,0.001335567096248269
7464,-1.9096239805221558,0.0013311560032889247
7465,-1.9146909713745117,0.0013270170893520117
7466,-1.9397579431533813,0.001323543256148696
7467,-1.8946900367736816,0.0013206428848206997
7468,-1.9546910524368286,0.0013183121336624026
7469,-1.9096239805221558,0.0013165408745408058
7470,-1.9397579431533813,0.0013153506442904472
7471,-1.8645570278167725,0.0013149150181561708
7472,-1.8794900178909302,0.0013159625232219696
7473,-1.8245559930801392,0.001317903632298112
7474,-1.874690055847168,0.0013210757169872522
7475,-1.8296229839324951,0.0013253367505967617
7476,-1.8645570278167725,0.0013299394631758332
7477,-1.8194890022277832,0.0013352392707020044
7478,-1.8245559930801392,0.001341845141723752
7479,-1.8344229459762573,0.0013501071371138096
7480,-1.874690055847168,0.0013606809079647064
7481,-1.7944220304489136,0.0013742991723120213
7482,-1.8594900369644165,0.0013889458496123552
7483,-1.8045560121536255,0.0014029028825461864
7484,-1.889623999595642,0.0014171814545989037
7485,-1.8546899557113647,0.0014330197591334581
7486,-1.8696229457855225,0.0014514620415866375
7487,-1.8144229650497437,0.0014737349702045321
7488,-1.9045569896697998,0.001498543657362461
7489,-1.8394900560379028,0.0015243240632116795
7490,-1.8696229457855225,0.0015530530363321304
7491,-1.8194890022277832,0.001586133148521185
7492,-1.8794900178909302,0.0016246617306023836
7493,-1.8245559930801392,0.0016710292547941208
7494,-1.8546899557113647,0.0017277210718020797
7495,-1.8344229459762573,0.0017948083113878965
7496,-1.8496229648590088,0.0018684233073145151
7497,-1.113347053527832,0.0019339234568178654
7498,-0.37707099318504333,0.001987914554774761
7499,0.29893699288368225,0.0020398045890033245
7500,0.8248100280761719,0.00210518017411232
7501,1.1002800464630127,0.0021871672943234444
7502,1.090414047241211,0.0022857917938381433
7503,1.1704150438308716,0.0024099289439618587
7504,1.1856149435043335,0.002561812289059162
7505,1.2957500219345093,0.0027298033237457275
7506,1.2605489492416382,0.0029127798043191433
7507,1.3658839464187622,0.003085195319727063
7508,1.3557499647140503,0.003228487679734826
7509,1.4208179712295532,0.003342419397085905
7510,1.3909510374069214,0.0034335155505687
7511,1.5109519958496094,0.0035006690304726362
7512,1.465885043144226,0.0035564275458455086
7513,1.5261520147323608,0.0036082889419049025
7514,1.4610849618911743,0.003657503519207239
7515,1.5109519958496094,0.0036996090784668922
7516,1.5010850429534912,0.0037346205208450556
7517,1.57122004032135,0.0037659474182873964
7518,1.5261520147323608,0.0037921308539807796
7519,1.5912200212478638,0.0038086012937128544
7520,1.5661530494689941,0.0038194500375539064
7521,1.6712210178375244,0.0038241338916122913
7522,1.696287989616394,0.003827611682936549
7523,1.801622986793518,0.0038303243927657604
7524,1.7616219520568848,0.003832996590062976
7525,1.8616230487823486,0.0038353600539267063
7526,1.7914890050888062,0.00383717380464077
7527,1.8616230487823486,0.003838833887130022
7528,1.8266890048980713,0.0038391216658055782
7529,1.8666900396347046,0.0038389216642826796
7530,1.8165559768676758,0.0038375630974769592
7531,1.8616230487823486,0.0038359358441084623
7532,1.8266890048980713,0.003833552123978734
7533,1.801622986793518,0.0038305611815303564
7534,1.781622052192688,0.0038273779209703207
7535,1.8114889860153198,0.003824331099167466
7536,1.781622052192688,0.0038211080245673656
7537,1.7864220142364502,0.0038173552602529526
7538,1.8216229677200317,0.0038133086636662483
7539,1.8416229486465454,0.00380952307023108
7540,1.7864220142364502,0.003805892076343298
7541,1.8365559577941895,0.003802661318331957
7542,1.8165559768676758,0.0037989947013556957
7543,1.8266890048980713,0.0037953490391373634
7544,1.7765560150146484,0.0037916507571935654
7545,1.8266890048980713,0.0037878602743148804
7546,1.7314879894256592,0.0037837419658899307
7547,1.8114889860153198,0.0037800136487931013
7548,1.7565549612045288,0.003776085563004017
7549,1.7714890241622925,0.003772162599489093
7550,1.7514890432357788,0.0037685055285692215
7551,1.8066890239715576,0.0037651031743735075
7552,1.7413549423217773,0.003761540399864316
7553,1.7714890241622925,0.003757776925340295
7554,1.7314879894256592,0.003754008561372757
7555,1.7914890050888062,0.003750317730009556
7556,1.7365549802780151,0.0037473533302545547
7557,1.7765560150146484,0.0037448788061738014
7558,1.7714890241622925,0.003742602886632085
7559,1.7616219520568848,0.00374017795547843
7560,1.7314879894256592,0.0037376759573817253
7561,1.7664220333099365,0.003735028440132737
7562,1.7213549613952637,0.003732134122401476
7563,1.7514890432357788,0.003729009535163641
7564,1.7413549423217773,0.003725566901266575
7565,1.7914890050888062,0.003722378984093666
7566,1.7365549802780151,0.003719569183886051
7567,1.7565549612045288,0.0037170490249991417
7568,1.7064210176467896,0.003714554477483034
7569,1.7514890432357788,0.0037120594643056393
7570,1.7213549613952637,0.003709605196490884
7571,1.7664220333099365,0.003707259427756071
7572,1.696287989616394,0.0037050009705126286
7573,1.7765560150146484,0.003702727844938636
7574,1.7162879705429077,0.003700472880154848
7575,1.7864220142364502,0.003698434215039015
7576,1.7365549802780151,0.0036964393220841885
7577,1.8114889860153198,0.0036945617757737637
7578,1.7413549423217773,0.003692551050335169
7579,1.7616219520568848,0.0036904243752360344
7580,1.7264219522476196,0.003688346827402711
7581,1.7616219520568848,0.003686357056722045
7582,1.7413549423217773,0.0036843076813966036
7583,1.7714890241622925,0.003682265756651759
7584,1.7314879894256592,0.0036804056726396084
7585,1.7914890050888062,0.0036784978583455086
7586,1.7264219522476196,0.0036765472032129765
7587,1.7864220142364502,0.0036747250705957413
7588,1.7314879894256592,0.003672865917906165
7589,1.7914890050888062,0.003671072656288743
7590,1.7314879894256592,0.0036694100126624107
7591,1.781622052192688,0.0036677171010524035
7592,1.7314879894256592,0.0036660104524344206
7593,1.7664220333099365,0.0036643664352595806
7594,1.7064210176467896,0.0036625841166824102
7595,1.7616219520568848,0.003660844871774316
7596,1.7162879705429077,0.003659126814454794
7597,1.7864220142364502,0.00365740479901433
7598,1.7464220523834229,0.0036556972190737724
7599,1.7714890241622925,0.003654044819995761
7600,1.7264219522476196,0.003652388695627451
7601,1.7616219520568848,0.003650691593065858
7602,1.7264219522476196,0.0036492219660431147
7603,1.7464220523834229,0.00364787713624537
7604,1.7213549613952637,0.003646479919552803
7605,1.7864220142364502,0.003645090153440833
7606,1.7162879705429077,0.003643706440925598
7607,1.7464220523834229,0.003642268478870392
7608,1.7162879705429077,0.0036407350562512875
7609,1.7714890241622925,0.0036392109468579292
7610,1.7365549802780151,0.0036376675125211477
7611,1.7714890241622925,0.003636009292677045
7612,1.7162879705429077,0.0036343461833894253
7613,1.7213549613952637,0.003632732667028904
7614,1.7365549802780151,0.0036310884170234203
7615,1.781622052192688,0.0036293393932282925
7616,1.7213549613952637,0.0036276066675782204
7617,1.7413549423217773,0.00362606649287045
7618,1.7314879894256592,0.0036245817318558693
7619,1.8216229677200317,0.003623147727921605
7620,1.7413549423217773,0.003621512558311224
7621,1.7616219520568848,0.0036198121961206198
7622,1.7413549423217773,0.0036179888993501663
7623,1.7714890241622925,0.0036163348704576492
7624,1.7314879894256592,0.0036148910876363516
7625,1.8066890239715576,0.003613745793700218
7626,1.7264219522476196,0.0036126673221588135
7627,1.7565549612045288,0.0036118028219789267
7628,1.696287989616394,0.0036112815141677856
7629,1.7714890241622925,0.0036109795328229666
7630,1.7064210176467896,0.0036106372717767954
7631,1.781622052192688,0.0036102738231420517
7632,1.7264219522476196,0.003609555773437023
7633,1.781622052192688,0.0036089811474084854
7634,1.7213549613952637,0.00360849522985518
7635,1.7714890241622925,0.003607846098020673
7636,1.7464220523834229,0.0036068076733499765
7637,1.7664220333099365,0.0036056097596883774
7638,1.7314879894256592,0.0036038830876350403
7639,1.7765560150146484,0.0036018891260027885
7640,1.696287989616394,0.0035991412587463856
7641,1.7914890050888062,0.0035963943228125572
7642,1.7264219522476196,0.0035942005924880505
7643,1.7714890241622925,0.0035925903357565403
7644,1.7114880084991455,0.00359106482937932
7645,1.7714890241622925,0.003589905798435211
7646,1.7514890432357788,0.0035891409497708082
7647,1.7616219520568848,0.0035885421093553305
7648,1.7464220523834229,0.003587692975997925
7649,1.781622052192688,0.0035864426754415035
7650,1.7162879705429077,0.0035853502340614796
7651,1.7714890241622925,0.0035844179801642895
7652,1.7162879705429077,0.003583043348044157
7653,1.796555995941162,0.0035817627795040607
7654,1.7616219520568848,0.0035804107319563627
7655,1.7565549612045288,0.0035789336543530226
7656,1.7464220523834229,0.0035776030272245407
7657,1.7464220523834229,0.0035763029009103775
7658,1.7264219522476196,0.003574793227016926
7659,1.7714890241622925,0.0035732402466237545
7660,1.70135498046875,0.003571874927729368
7661,1.7464220523834229,0.003570006927475333
7662,1.7314879894256592,0.0035678832791745663
7663,1.796555995941162,0.0035657293628901243
7664,1.70135498046875,0.003563426900655031
7665,1.7864220142364502,0.0035610555205494165
7666,1.7314879894256592,0.003558522555977106
7667,1.7565549612045288,0.0035558855161070824
7668,1.7264219522476196,0.0035531625617295504
7669,1.7714890241622925,0.003550405614078045
7670,1.7162879705429077,0.003547642845660448
7671,1.7565549612045288,0.0035446747206151485
7672,1.7314879894256592,0.003541795536875725
7673,1.7664220333099365,0.0035388146061450243
7674,1.7514890432357788,0.0035357726737856865
7675,1.7914890050888062,0.003532781731337309
7676,1.7162879705429077,0.003529803128913045
7677,1.796555995941162,0.003526812419295311
7678,1.7365549802780151,0.003523925319314003
7679,1.7765560150146484,0.0035210999194532633
7680,1.7314879894256592,0.0035181844141334295
7681,1.7514890432357788,0.0035153180360794067
7682,1.7064210176467896,0.0035124938003718853
7683,1.7664220333099365,0.0035095885396003723
7684,1.7413549423217773,0.0035067182034254074
7685,1.7714890241622925,0.0035039016511291265
7686,1.7616219520568848,0.0035011195577681065
7687,1.7765560150146484,0.0034984746016561985
7688,1.7264219522476196,0.0034959428012371063
7689,1.7664220333099365,0.003493341850116849
7690,1.7114880084991455,0.0034907222725450993
7691,1.781622052192688,0.0034879553131759167
7692,1.7213549613952637,0.0034851753152906895
7693,1.7914890050888062,0.0034820898436009884
7694,1.7213549613952637,0.0034787075128406286
7695,1.7365549802780151,0.0034747817553579807
7696,1.7514890432357788,0.003470978233963251
7697,1.796555995941162,0.0034670215100049973
7698,1.7864220142364502,0.003462592139840126
7699,1.801622986793518,0.003457773942500353
7700,1.7314879894256592,0.0034530023112893105
7701,1.781622052192688,0.0034488546662032604
7702,1.7264219522476196,0.0034454045817255974
7703,1.7714890241622925,0.003442270215600729
7704,1.7264219522476196,0.0034393698442727327
7705,1.7664220333099365,0.003436385653913021
7706,1.7213549613952637,0.0034330636262893677
7707,1.7714890241622925,0.0034290370531380177
7708,1.781622052192688,0.003425163682550192
7709,1.7765560150146484,0.003421371802687645
7710,1.7365549802780151,0.0034177997149527073
7711,1.7714890241622925,0.003414048347622156
7712,1.7264219522476196,0.0034100012853741646
7713,1.7914890050888062,0.003405851311981678
7714,1.7264219522476196,0.003402158385142684
7715,1.7914890050888062,0.0033986365888267756
7716,1.7565549612045288,0.00339559861458838
7717,1.8066890239715576,0.0033930973149836063
7718,1.7162879705429077,0.003391270525753498
7719,1.7616219520568848,0.0033897135872393847
7720,1.7365549802780151,0.003388495184481144
7721,1.7616219520568848,0.0033875987865030766
7722,1.7365549802780151,0.0033868756145238876
7723,1.7765560150146484,0.003386102616786957
7724,1.7514890432357788,0.0033850406762212515
7725,1.8266890048980713,0.00338338827714324
7726,1.7514890432357788,0.0033808869775384665
7727,1.7616219520568848,0.0033772278111428022
7728,1.7565549612045288,0.003372219391167164
7729,1.796555995941162,0.00336670340038836
7730,1.7314879894256592,0.0033603371120989323
7731,1.7914890050888062,0.0033530453220009804
7732,1.7413549423217773,0.003345629433169961
7733,1.7664220333099365,0.003337377682328224
7734,1.7413549423217773,0.0033279708586633205
7735,1.7864220142364502,0.00331679405644536
7736,1.7413549423217773,0.003303378354758024
7737,1.7765560150146484,0.0032871472649276257
7738,1.7365549802780151,0.003269675187766552
7739,1.8114889860153198,0.0032526222057640553
7740,1.7413549423217773,0.003235143842175603
7741,1.7914890050888062,0.0032163839787244797
7742,1.7464220523834229,0.003195208730176091
7743,1.7616219520568848,0.003170365933328867
7744,1.7314879894256592,0.0031429813243448734
7745,1.8114889860153198,0.003114466555416584
7746,1.7514890432357788,0.003082748968154192
7747,1.796555995941162,0.0030463775619864464
7748,1.7314879894256592,0.00300380471162498
7749,1.8066890239715576,0.0029529044404625893
7750,1.7664220333099365,0.0028913100250065327
7751,1.7664220333099365,0.0028193555772304535
7752,1.7314879894256592,0.0027411316987127066
7753,1.7464220523834229,0.0026713917031884193
7754,1.7514890432357788,0.002613592427223921
7755,1.8066890239715576,0.0025579531211405993
7756,1.7213549613952637,0.002488144673407078
7757,1.796555995941162,0.0024011756759136915
7758,1.7514890432357788,0.0022974656894803047
7759,1.801622986793518,0.0021686102263629436
7760,1.796555995941162,0.002012169687077403
7761,1.7864220142364502,0.001840023323893547
7762,1.7413549423217773,0.0016530321445316076
7763,1.7616219520568848,0.0014766864478588104
7764,1.7064210176467896,0.0013297348050400615
7765,1.7365549802780151,0.0012115833815187216
7766,1.6914880275726318,0.0011164906900376081
7767,1.7365549802780151,0.0010445219231769443
7768,1.7314879894256592,0.0009838879341259599
7769,1.7714890241622925,0.0009269785950891674
7770,1.7162879705429077,0.0008727164240553975
7771,1.7864220142364502,0.0008252471452578902
7772,1.7565549612045288,0.0007847433444112539
7773,1.7864220142364502,0.0007478767074644566
7774,1.7664220333099365,0.0007162810070440173
7775,1.8114889860153198,0.0006945251952856779
7776,1.7264219522476196,0.0006784856668673456
7777,1.796555995941162,0.0006683208048343658
7778,1.7314879894256592,0.0006594513542950153
7779,1.7565549612045288,0.0006513308035209775
7780,1.7464220523834229,0.0006432323134504259
7781,1.796555995941162,0.0006353519856929779
7782,1.7514890432357788,0.0006278349901549518
7783,1.8114889860153198,0.0006204956443980336
7784,1.7565549612045288,0.0006145390216261148
7785,1.796555995941162,0.000609159586019814
7786,1.7413549423217773,0.0006051323725841939
7787,1.7914890050888062,0.0006014524260535836
7788,1.7514890432357788,0.0005985277239233255
7789,1.801622986793518,0.0005962516879662871
7790,1.7565549612045288,0.0005941450363025069
7791,1.8066890239715576,0.0005922084674239159
7792,1.781622052192688,0.0005900550168007612
7793,1.796555995941162,0.0005881189135834575
7794,1.7565549612045288,0.0005860154051333666
7795,1.796555995941162,0.0005844623083248734
7796,1.7565549612045288,0.0005832280730828643
7797,1.781622052192688,0.0005819647340103984
7798,1.7413549423217773,0.0005812866147607565
7799,1.781622052192688,0.0005809202557429671
7800,1.7264219522476196,0.000580843654461205
7801,1.796555995941162,0.0005809352151118219
7802,1.7565549612045288,0.0005811505834572017
7803,1.781622052192688,0.0005813781172037125
7804,1.7714890241622925,0.000581667700316757
7805,1.781622052192688,0.0005826629931107163
7806,1.7664220333099365,0.0006927796639502048
7807,1.7864220142364502,0.000775375752709806
7808,1.7514890432357788,0.0008696477161720395
7809,1.796555995941162,0.0009751610923558474
7810,1.7413549423217773,0.001078668748959899
7811,1.7565549612045288,0.0011764583177864552
7812,1.7365549802780151,0.001252977643162012
7813,1.8066890239715576,0.0013149825390428305
7814,1.7064210176467896,0.001364011550322175
7815,1.7714890241622925,0.00140407495200634
7816,1.7765560150146484,0.001437369384802878
7817,1.8314900398254395,0.0014665549388155341
7818,1.7314879894256592,0.0014938083477318287
7819,1.8114889860153198,0.0015206383541226387
7820,1.7413549423217773,0.0015484066680073738
7821,1.796555995941162,0.0015759468078613281
7822,1.7264219522476196,0.0016022988129407167
7823,1.781622052192688,0.0016277889953926206
7824,1.7514890432357788,0.0016520703211426735
7825,1.7864220142364502,0.0016725669847801328
7826,1.7464220523834229,0.0016895948210731149
7827,1.7413549423217773,0.001704121008515358
7828,1.7714890241622925,0.0017163725569844246
7829,1.8066890239715576,0.0017273130360990763
7830,1.7365549802780151,0.0017372178845107555
7831,1.801622986793518,0.0017464556731283665
7832,1.7413549423217773,0.0017554635414853692
7833,1.7864220142364502,0.001763820881024003
7834,1.7264219522476196,0.0017713347915560007
7835,1.801622986793518,0.00177837535738945
7836,1.7616219520568848,0.0017850250005722046
7837,1.796555995941162,0.0017905391287058592
7838,1.7314879894256592,0.0017947540618479252
7839,1.8314900398254395,0.00179800926707685
7840,1.7565549612045288,0.001800287514925003
7841,1.8165559768676758,0.0018021948635578156
7842,1.7616219520568848,0.0018037528498098254
7843,1.7914890050888062,0.0018049210775643587
7844,1.7514890432357788,0.0018060682341456413
7845,1.8114889860153198,0.0018073488026857376
7846,1.7565549612045288,0.0018088393844664097
7847,1.8066890239715576,0.0018108505755662918
7848,1.7565549612045288,0.0018136235885322094
7849,1.7565549612045288,0.0018164028879255056
7850,1.7565549612045288,0.0018188136164098978
7851,1.7616219520568848,0.001820685574784875
7852,1.7314879894256592,0.0018222833750769496
7853,1.796555995941162,0.0018238055054098368
7854,1.7914890050888062,0.0018254539463669062
7855,1.8114889860153198,0.001827392727136612
7856,1.7514890432357788,0.0018299620132893324
7857,1.8114889860153198,0.0018319902010262012
7858,1.7664220333099365,0.0018334015039727092
7859,1.796555995941162,0.0018345732241868973
7860,1.7616219520568848,0.001835923409089446
7861,1.801622986793518,0.001837644842453301
7862,1.7264219522476196,0.0018399909604340792
7863,1.796555995941162,0.0018431497737765312
7864,1.7664220333099365,0.0018462610896676779
7865,1.781622052192688,0.0018492938252165914
7866,1.7514890432357788,0.001852530986070633
7867,1.7765560150146484,0.0018562674522399902
7868,1.7464220523834229,0.0018606754019856453
7869,1.8066890239715576,0.0018650528509169817
7870,1.7565549612045288,0.0018692854791879654
7871,1.796555995941162,0.0018737900536507368
7872,1.7514890432357788,0.0018782163970172405
7873,1.8114889860153198,0.0018825104925781488
7874,1.7464220523834229,0.0018870109925046563
7875,1.796555995941162,0.001891768304631114
7876,1.7413549423217773,0.0018964025657624006
7877,1.8165559768676758,0.0019010661635547876
7878,1.7514890432357788,0.0019060764461755753
7879,1.7864220142364502,0.0019114452879875898
7880,1.781622052192688,0.0019167233258485794
7881,1.8114889860153198,0.0019214613130316138
7882,1.7514890432357788,0.0019259476102888584
7883,1.7914890050888062,0.0019305067835375667
7884,1.7413549423217773,0.0019352622330188751
7885,1.7864220142364502,0.0019403966143727303
7886,1.7314879894256592,0.0019459475297480822
7887,1.796555995941162,0.001950994599610567
7888,1.7464220523834229,0.001955085899680853
7889,1.781622052192688,0.0019584274850785732
7890,1.7064210176467896,0.0019613411277532578
7891,1.8165559768676758,0.0019645257852971554
7892,1.7365549802780151,0.001967156771570444
7893,1.796555995941162,0.001969351898878813
7894,1.7413549423217773,0.0019714459776878357
7895,1.7914890050888062,0.0019735596142709255
7896,1.7162879705429077,0.0019762953743338585
7897,1.801622986793518,0.0019788218196481466
7898,1.7162879705429077,0.0019812434911727905
7899,1.781622052192688,0.001983788562938571
7900,1.7314879894256592,0.0019864789210259914
7901,1.796555995941162,0.0019895920995622873
7902,1.7765560150146484,0.00199330085888505
7903,1.7914890050888062,0.0019968580454587936
7904,1.7565549612045288,0.0020003379322588444
7905,1.801622986793518,0.0020041256211698055
7906,1.7565549612045288,0.0020086271688342094
7907,1.796555995941162,0.0020129787735641003
7908,1.7514890432357788,0.0020176242105662823
7909,1.7765560150146484,0.0020222633611410856
7910,1.7264219522476196,0.002026316476985812
7911,1.781622052192688,0.0020304068457335234
7912,1.7664220333099365,0.0020344192162156105
7913,1.8165559768676758,0.0020380429923534393
7914,1.7664220333099365,0.002041630679741502
7915,1.796555995941162,0.0020457906648516655
7916,1.7114880084991455,0.002049995120614767
7917,1.8216229677200317,0.002054390497505665
7918,1.7616219520568848,0.0020583553705364466
7919,1.8114889860153198,0.002062256447970867
7920,1.7664220333099365,0.002066122367978096
7921,1.7864220142364502,0.0020700322929769754
7922,1.7565549612045288,0.0020743636414408684
7923,1.7914890050888062,0.002078934805467725
7924,1.7616219520568848,0.0020830624271184206
7925,1.796555995941162,0.002087004715576768
7926,1.7565549612045288,0.002091089729219675
7927,1.7664220333099365,0.0020958296954631805
7928,1.7413549423217773,0.0021005175076425076
7929,1.7864220142364502,0.002105143154039979
7930,1.7664220333099365,0.002110019326210022
7931,1.796555995941162,0.002115273615345359
7932,1.7365549802780151,0.0021209237165749073
7933,1.796555995941162,0.0021264597307890654
7934,1.7314879894256592,0.0021315831691026688
7935,1.7616219520568848,0.0021366789005696774
7936,1.7365549802780151,0.002141214907169342
7937,1.7714890241622925,0.002144948113709688
7938,1.7514890432357788,0.002147835912182927
7939,1.796555995941162,0.0021499835420399904
7940,1.781622052192688,0.002151555847376585
7941,1.7914890050888062,0.002152875764295459
7942,1.7365549802780151,0.0021542164031416178
7943,1.7864220142364502,0.0021555174607783556
7944,1.7765560150146484,0.002156699076294899
7945,1.796555995941162,0.002158296527341008
7946,1.7514890432357788,0.0021605060901492834
7947,1.781622052192688,0.002163462108001113
7948,1.7565549612045288,0.002167036524042487
7949,1.7864220142364502,0.0021706351544708014
7950,1.7314879894256592,0.0021739969961345196
7951,1.781622052192688,0.002177235670387745
7952,1.7264219522476196,0.0021805171854794025
7953,1.7864220142364502,0.002184230135753751
7954,1.7162879705429077,0.0021887703333050013
7955,1.7664220333099365,0.0021935992408543825
7956,1.7413549423217773,0.0021980986930429935
7957,1.7664220333099365,0.0022023534402251244
7958,1.7413549423217773,0.0022064168006181717
7959,1.7914890050888062,0.0022105597890913486
7960,1.7565549612045288,0.002214704640209675
7961,1.7565549612045288,0.0022192830219864845
7962,1.7514890432357788,0.0022240481339395046
7963,1.7714890241622925,0.002228393219411373
7964,1.7565549612045288,0.002232138067483902
7965,1.801622986793518,0.002235338557511568
7966,1.7616219520568848,0.002238059416413307
7967,1.7765560150146484,0.002240655478090048
7968,1.7464220523834229,0.002243087161332369
7969,1.8066890239715576,0.0022455346770584583
7970,1.7514890432357788,0.002247542841359973
7971,1.796555995941162,0.002249497687444091
7972,1.7514890432357788,0.0022516949102282524
7973,1.7864220142364502,0.0022544339299201965
7974,1.7664220333099365,0.0022575263865292072
7975,1.8114889860153198,0.0022615669295191765
7976,1.7514890432357788,0.0022665916476398706
7977,1.796555995941162,0.002272346056997776
7978,1.7664220333099365,0.0022778513375669718
7979,1.8066890239715576,0.002282734028995037
7980,1.7514890432357788,0.002286550123244524
7981,1.7565549612045288,0.002289715688675642
7982,1.7464220523834229,0.002292777644470334
7983,1.7664220333099365,0.002295824233442545
7984,1.7714890241622925,0.0022993083111941814
7985,1.796555995941162,0.0023036496713757515
7986,1.7264219522476196,0.0023088676389306784
7987,1.796555995941162,0.002313729841262102
7988,1.7314879894256592,0.0023182579316198826
7989,1.796555995941162,0.002323091495782137
7990,1.7616219520568848,0.0023276866413652897
7991,1.796555995941162,0.002332354662939906
7992,1.7314879894256592,0.0023372832220047712
7993,1.781622052192688,0.0023415829055011272
7994,1.7413549423217773,0.002345988294109702
7995,1.7914890050888062,0.0023508574813604355
7996,1.7413549423217773,0.0023567420430481434
7997,1.7914890050888062,0.0023631390649825335
7998,1.7616219520568848,0.0023700492456555367
7999,1.781622052192688,0.00237601762637496
8000,1.7565549612045288,0.002381210681051016
8001,1.7664220333099365,0.0023856174666434526
8002,1.7264219522476196,0.0023899548687040806
8003,1.801622986793518,0.0023939437232911587
8004,1.7565549612045288,0.002397691598162055
8005,1.8066890239715576,0.0024015484377741814
8006,1.7514890432357788,0.0024056825786828995
8007,1.8114889860153198,0.00240992265753448
8008,1.7162879705429077,0.0024149396922439337
8009,1.781622052192688,0.0024201544001698494
8010,1.7365549802780151,0.0024258983321487904
8011,1.781622052192688,0.002432286273688078
8012,1.7264219522476196,0.002439393661916256
8013,1.796555995941162,0.002447455422952771
8014,1.7616219520568848,0.0024572594556957483
8015,1.781622052192688,0.002465924248099327
8016,1.7064210176467896,0.0024734954349696636
8017,1.7765560150146484,0.002480161376297474
8018,1.7514890432357788,0.0024864571169018745
8019,1.7765560150146484,0.0024918741546571255
8020,1.7664220333099365,0.0024968902580440044
8021,1.7664220333099365,0.0025022418703883886
8022,1.7616219520568848,0.0025069378316402435
8023,1.8066890239715576,0.0025125383399426937
8024,1.7264219522476196,0.002517660614103079
8025,1.7714890241622925,0.0025225216522812843
8026,1.7413549423217773,0.0025277642998844385
8027,1.8066890239715576,0.0025336232502013445
8028,1.7664220333099365,0.0025386405177414417
8029,1.796555995941162,0.002543205628171563
8030,1.7616219520568848,0.002546783071011305
8031,1.7714890241622925,0.0025502322241663933
8032,1.7413549423217773,0.0025543421506881714
8033,1.8216229677200317,0.0025592900346964598
8034,1.7565549612045288,0.0025654705241322517
8035,1.7864220142364502,0.0025716139934957027
8036,1.7765560150146484,0.002577738370746374
8037,1.7714890241622925,0.00258469907566905
8038,1.7616219520568848,0.002591329626739025
8039,1.8314900398254395,0.00259685842320323
8040,1.7664220333099365,0.002601929707452655
8041,1.781622052192688,0.0026075018104165792
8042,1.7616219520568848,0.002613099291920662
8043,1.8165559768676758,0.002619523089379072
8044,1.7565549612045288,0.0026266896165907383
8045,1.7864220142364502,0.002634432865306735
8046,1.7365549802780151,0.0026421300135552883
8047,1.7864220142364502,0.0026505105197429657
8048,1.7464220523834229,0.0026603154838085175
8049,1.7616219520568848,0.002670586807653308
8050,1.7413549423217773,0.0026799726765602827
8051,1.7765560150146484,0.0026888602878898382
8052,1.7514890432357788,0.002698077354580164
8053,1.7714890241622925,0.0027086727786809206
8054,1.7162879705429077,0.002722939709201455
8055,1.781622052192688,0.002741929143667221
8056,1.7162879705429077,0.0027658753097057343
8057,1.7914890050888062,0.0027947132475674152
8058,1.7114880084991455,0.002823018468916416
8059,1.796555995941162,0.002849746495485306
8060,1.68135404586792,0.0028807618655264378
8061,1.0002789497375488,0.0029177942778915167
8062,1.0552129745483398,0.0028522382490336895
8063,0.5944070219993591,0.0028359689749777317
8064,0.5744069814682007,0.0028087568935006857
8065,0.6245409846305847,0.0027697619516402483
8066,0.6194739937782288,0.002730491105467081
8067,0.554407000541687,0.002696546260267496
8068,0.5394729971885681,0.0026839878410100937
8069,0.47440600395202637,0.00268795108422637
8070,0.4994730055332184,0.002707740291953087
8071,0.4893389940261841,0.0027429601177573204
8072,0.47440600395202637,0.0027960450388491154
8073,0.4893389940261841,0.002868596464395523
8074,0.4544059932231903,0.0029471702873706818
8075,0.4192050099372864,0.003029248910024762
8076,0.3992049992084503,0.0030957746785134077
8077,0.42427200078964233,0.0031539462506771088
8078,0.37920498847961426,0.003208635840564966
8079,0.36427098512649536,0.0032649035565555096
8080,0.3440040051937103,0.0033279703930020332
8081,0.3890720009803772,0.003392529673874378
8082,0.3141370117664337,0.003444148926064372
8083,0.36907100677490234,0.0034989952109754086
8084,0.2890700101852417,0.0035417659673839808
8085,0.28400400280952454,0.0035778293386101723
8086,0.1938689947128296,0.0036003259010612965
8087,0.19893600046634674,0.00362104969099164
8088,0.1488019973039627,0.0036398484371602535
8089,0.22400300204753876,0.003659274894744158
8090,0.1386680006980896,0.0036760757211595774
8091,0.16880199313163757,0.0036918576806783676
8092,0.11866799741983414,0.00370226614177227
8093,0.16373500227928162,0.003711915109306574
8094,0.09360100328922272,0.0037169097922742367
8095,0.12373500317335129,0.0037222784012556076
8096,0.07866799831390381,0.003726245602592826
8097,0.15893499553203583,0.003730298951268196
8098,0.07866799831390381,0.0037319802213460207
8099,0.08880099654197693,0.0037338468246161938
8100,0.05866700038313866,0.003735746955499053
8101,0.05866700038313866,0.0037372407969087362
8102,0.003467000089585781,0.003738459199666977
8103,0.04853399842977524,0.0037388987839221954
8104,0.04853399842977524,0.003738503437489271
8105,0.08880099654197693,0.003737962804734707
8106,0.05360100045800209,0.0037377234548330307
8107,0.0685340017080307,0.0037382752634584904
8108,0.028534000739455223,0.0037392277736216784
8109,0.08373399823904037,0.00374028692021966
8110,0.04853399842977524,0.003741390537470579
8111,0.08880099654197693,0.0037420750595629215
8112,0.028534000739455223,0.0037421390879899263
8113,0.07866799831390381,0.003742658533155918
8114,0.01360000018030405,0.0037435595877468586
8115,0.02346700057387352,0.003744683228433132
8116,-0.02160000056028366,0.0037457244470715523
8117,0.02346700057387352,0.0037459612358361483
8118,0.003467000089585781,0.0037454732228070498
8119,0.028534000739455223,0.003744287882000208
8120,0.028534000739455223,0.0037431390956044197
8121,0.04853399842977524,0.003741915337741375
8122,0.03359999880194664,0.0037405129987746477
8123,0.05866700038313866,0.0037386328913271427
8124,0.02346700057387352,0.003736115526407957
8125,0.04853399842977524,0.003733852645382285
8126,-0.02160000056028366,0.003732079640030861
8127,0.03866700083017349,0.0037299268878996372
8128,-0.011466999538242817,0.0037283040583133698
8129,0.03359999880194664,0.003726338502019644
8130,-0.02160000056028366,0.0037239931989461184
8131,0.028534000739455223,0.0037213810719549656
8132,-0.04160099849104881,0.0037194807082414627
8133,0.02346700057387352,0.003716845065355301
8134,0.008533000014722347,0.0037140692584216595
8135,0.028534000739455223,0.0037107495591044426
8136,-0.016534000635147095,0.0037074799183756113
8137,0.028534000739455223,0.0037045995704829693
8138,0.02346700057387352,0.003702051006257534
8139,0.03866700083017349,0.0036996593698859215
8140,-0.02160000056028366,0.003697337582707405
8141,-0.006399999838322401,0.003694048384204507
8142,-0.011466999538242817,0.003690453479066491
8143,0.03866700083017349,0.0036873100325465202
8144,-0.0013330000219866633,0.003685341216623783
8145,-0.006399999838322401,0.003683983813971281
8146,-0.0013330000219866633,0.0036829793825745583
8147,-0.02160000056028366,0.0036821479443460703
8148,0.003467000089585781,0.0036820275709033012
8149,0.01360000018030405,0.003682289272546768
8150,-0.026399999856948853,0.0036826326977461576
8151,0.02346700057387352,0.003682143520563841
8152,0.01360000018030405,0.003681057132780552
8153,0.07360100001096725,0.0036802291870117188
8154,0.01360000018030405,0.0036796233616769314
8155,0.06373400241136551,0.0036788196302950382
8156,0.01360000018030405,0.003678035456687212
8157,0.0685340017080307,0.0036768994759768248
8158,-0.02160000056028366,0.0036753881722688675
8159,0.043733999133110046,0.003673721104860306
8160,-0.0013330000219866633,0.003672061488032341
8161,0.03866700083017349,0.0036699443589895964
8162,0.008533000014722347,0.0036669238470494747
8163,0.06373400241136551,0.0036639715544879436
8164,0.028534000739455223,0.003660737071186304
8165,0.04853399842977524,0.0036576909478753805
8166,0.003467000089585781,0.0036555174738168716
8167,0.06373400241136551,0.003653573337942362
8168,-0.011466999538242817,0.0036516229156404734
8169,0.03359999880194664,0.0036499127745628357
8170,0.01360000018030405,0.0036484766751527786
8171,0.03359999880194664,0.003646803554147482
8172,-0.04666699841618538,0.0036452440544962883
8173,0.03866700083017349,0.00364288198761642
8174,-0.006399999838322401,0.0036408556625247
8175,0.008533000014722347,0.0036386563442647457
8176,-0.011466999538242817,0.0036363094113767147
8177,0.07866799831390381,0.003633860033005476
8178,0.01360000018030405,0.003631048137322068
8179,0.05866700038313866,0.003627913072705269
8180,0.02346700057387352,0.0036252476274967194
8181,0.05360100045800209,0.00362298171967268
8182,-0.011466999538242817,0.0036205975338816643
8183,0.03866700083017349,0.0036177304573357105
8184,0.01360000018030405,0.0036146794445812702
8185,0.03866700083017349,0.0036119543947279453
8186,-0.011466999538242817,0.003609264502301812
8187,0.01360000018030405,0.0036059480626136065
8188,-0.04666699841618538,0.003602059558033943
8189,0.003467000089585781,0.003597687231376767
8190,0.01360000018030405,0.0035934792831540108
8191,0.05360100045800209,0.0035892208106815815
8192,0.03359999880194664,0.003585611004382372
8193,0.03359999880194664,0.0035827914252877235
8194,0.003467000089585781,0.003580726683139801
8195,0.008533000014722347,0.003579529467970133
8196,0.01360000018030405,0.003578979056328535
8197,0.05360100045800209,0.0035788058303296566
8198,0.008533000014722347,0.0035786062944680452
8199,0.03359999880194664,0.0035785259678959846
8200,-0.02160000056028366,0.003578739007934928
8201,0.028534000739455223,0.003578459145501256
8202,-0.04160099849104881,0.0035776402801275253
8203,-0.016534000635147095,0.0035757783334702253
8204,-0.026399999856948853,0.0035728246439248323
8205,0.03866700083017349,0.0035695708356797695
8206,0.028534000739455223,0.0035665305331349373
8207,0.06373400241136551,0.003563768696039915
8208,0.04853399842977524,0.0035607696045190096
8209,0.06373400241136551,0.0035572899505496025
8210,0.06373400241136551,0.0035533076152205467
8211,0.07360100001096725,0.003548824694007635
8212,0.01360000018030405,0.0035448395647108555
8213,0.043733999133110046,0.0035411594435572624
8214,0.02346700057387352,0.0035376278683543205
8215,0.03359999880194664,0.0035341260954737663
8216,0.01360000018030405,0.003530526999384165
8217,0.03866700083017349,0.0035265018232166767
8218,0.02346700057387352,0.0035223665181547403
8219,0.028534000739455223,0.0035187946632504463
8220,-0.026399999856948853,0.003515899181365967
8221,0.043733999133110046,0.003513363655656576
8222,-0.006399999838322401,0.003511174116283655
8223,0.04853399842977524,0.0035089063458144665
8224,0.01866699941456318,0.0035069137811660767
8225,0.0685340017080307,0.00350491376593709
8226,0.01360000018030405,0.003503500483930111
8227,0.01866699941456318,0.003502320032566786
8228,-0.04666699841618538,0.003500911872833967
8229,0.008533000014722347,0.0034984333906322718
8230,-0.0013330000219866633,0.0034957844763994217
8231,0.03866700083017349,0.0034921965561807156
8232,-0.011466999538242817,0.0034877671860158443
8233,0.02346700057387352,0.003482280531898141
8234,-0.02160000056028366,0.0034770029596984386
8235,0.043733999133110046,0.003471935633569956
8236,0.008533000014722347,0.003467896021902561
8237,0.05360100045800209,0.0034644717816263437
8238,-0.006399999838322401,0.0034611693117767572
8239,0.05360100045800209,0.0034577674232423306
8240,0.02346700057387352,0.003453971119597554
8241,0.04853399842977524,0.003449256531894207
8242,0.02346700057387352,0.0034437556751072407
8243,0.03866700083017349,0.0034385742619633675
8244,-0.02160000056028366,0.0034337248653173447
8245,0.028534000739455223,0.003428520169109106
8246,0.003467000089585781,0.003423637244850397
8247,0.03866700083017349,0.003418868174776435
8248,-0.026399999856948853,0.0034138187766075134
8249,0.07360100001096725,0.0034088948741555214
8250,0.01360000018030405,0.003404071554541588
8251,0.05866700038313866,0.003398757427930832
8252,-0.026399999856948853,0.0033925622701644897
8253,0.028534000739455223,0.0033856777008622885
8254,-0.0013330000219866633,0.0033784303814172745
8255,0.05360100045800209,0.0033719015773385763
8256,0.028534000739455223,0.003366175340488553
8257,0.03866700083017349,0.0033610903192311525
8258,-0.0013330000219866633,0.0033562136813998222
8259,0.028534000739455223,0.0033515701070427895
8260,-0.05146700143814087,0.0033474010415375233
8261,0.02346700057387352,0.003342998679727316
8262,0.008533000014722347,0.003338330890983343
8263,0.01360000018030405,0.003333399072289467
8264,0.003467000089585781,0.0033277589827775955
8265,0.05866700038313866,0.003322029020637274
8266,0.01866699941456318,0.003315604291856289
8267,0.028534000739455223,0.0033084622118622065
8268,-0.0013330000219866633,0.003300950862467289
8269,0.0685340017080307,0.0032922406680881977
8270,-0.011466999538242817,0.0032819195184856653
8271,0.028534000739455223,0.0032725674100220203
8272,-0.011466999538242817,0.0032644178718328476
8273,0.03866700083017349,0.0032567461021244526
8274,-0.006399999838322401,0.0032492498867213726
8275,0.028534000739455223,0.0032425106037408113
8276,0.008533000014722347,0.0032359547913074493
8277,0.03866700083017349,0.00322955334559083
8278,0.01360000018030405,0.0032235756516456604
8279,0.07866799831390381,0.0032174168154597282
8280,0.01360000018030405,0.003211839124560356
8281,0.05866700038313866,0.003206508466973901
8282,0.003467000089585781,0.0032007878180593252
8283,0.06373400241136551,0.0031946031376719475
8284,0.02346700057387352,0.003189471550285816
8285,0.043733999133110046,0.0031847599893808365
8286,0.003467000089585781,0.0031808768399059772
8287,0.01360000018030405,0.003176851896569133
8288,0.008533000014722347,0.0031722234562039375
8289,0.05866700038313866,0.0031669181771576405
8290,0.008533000014722347,0.003160277847200632
8291,0.02346700057387352,0.003153624013066292
8292,0.01360000018030405,0.0031471140682697296
8293,0.028534000739455223,0.0031397261191159487
8294,0.008533000014722347,0.0031329330522567034
8295,0.01866699941456318,0.0031270431354641914
8296,-0.02160000056028366,0.0031216307543218136
8297,0.03359999880194664,0.0031158041674643755
8298,-0.02160000056028366,0.003109999932348728
8299,0.07360100001096725,0.003103397786617279
8300,-0.0013330000219866633,0.0030962061136960983
8301,0.0685340017080307,0.003088330617174506
8302,0.003467000089585781,0.003080671653151512
8303,0.05360100045800209,0.0030721432995051146
8304,0.02346700057387352,0.003062436357140541
8305,0.05360100045800209,0.003052106127142906
8306,-0.006399999838322401,0.0030427854508161545
8307,0.03359999880194664,0.003033808432519436
8308,-0.0013330000219866633,0.0030246577225625515
8309,0.03359999880194664,0.0030140704475343227
8310,-0.016534000635147095,0.002999750664457679
8311,0.02346700057387352,0.0029803921934217215
8312,-0.0013330000219866633,0.0029561719857156277
8313,0.03866700083017349,0.0029268255457282066
8314,0.01360000018030405,0.0028984290547668934
8315,0.04853399842977524,0.0028714011423289776
8316,-0.016534000635147095,0.002840230707079172
8317,0.05360100045800209,0.002802132861688733
8318,0.028534000739455223,0.002757346723228693
8319,0.03866700083017349,0.0026907152496278286
8320,-0.0013330000219866633,0.002623418578878045
8321,0.03359999880194664,0.0025566699914634228
8322,-0.0013330000219866633,0.002492325846105814
8323,0.06373400241136551,0.0024284671526402235
8324,-0.006399999838322401,0.0023644608445465565
8325,0.04853399842977524,0.0022983273956924677
8326,0.003467000089585781,0.0022294260561466217
8327,0.01866699941456318,0.0021540033631026745
8328,-0.02160000056028366,0.0020674625411629677
8329,0.043733999133110046,0.0019654526840895414
8330,0.028534000739455223,0.0018594157882034779
8331,0.043733999133110046,0.0017501270631328225
8332,0.03866700083017349,0.0016554291360080242
8333,0.05360100045800209,0.0015693610766902566
8334,-0.02160000056028366,0.0014879517257213593
8335,0.02346700057387352,0.0014059410896152258
8336,-0.006399999838322401,0.0013186039868742228
8337,0.03866700083017349,0.0012335173087194562
8338,0.02346700057387352,0.0011650160886347294
8339,0.028534000739455223,0.0010955212637782097
8340,-0.02160000056028366,0.0010403452906757593
8341,0.02346700057387352,0.0009929975494742393
8342,-0.011466999538242817,0.0009603950311429799
8343,0.04853399842977524,0.0009299968369305134
8344,-0.016534000635147095,0.0009019097196869552
8345,0.02346700057387352,0.0008735727751627564
8346,0.008533000014722347,0.0008489617030136287
8347,0.043733999133110046,0.0008259638561867177
8348,-0.026399999856948853,0.0008087611058726907
8349,0.043733999133110046,0.0007934037712402642
8350,-0.0013330000219866633,0.0007840701146051288
8351,0.043733999133110046,0.000775317195802927
8352,-0.0013330000219866633,0.000768837402574718
8353,0.05360100045800209,0.0007629162282682955
8354,0.03359999880194664,0.0007598244119435549
8355,0.08880099654197693,0.0007569730514660478
8356,0.01360000018030405,0.0007540824008174241
8357,0.07360100001096725,0.0007513583404943347
8358,0.03359999880194664,0.0007483293302357197
8359,0.07360100001096725,0.0007454892620444298
8360,0.008533000014722347,0.0007426181109622121
8361,0.03866700083017349,0.0007397643057629466
8362,-0.016534000635147095,0.0007371286628767848
8363,0.043733999133110046,0.0007341244490817189
8364,0.01360000018030405,0.0007310293149203062
8365,0.028534000739455223,0.0007278760895133018
8366,0.003467000089585781,0.0007245740271173418
8367,0.05360100045800209,0.0007213318021968007
8368,0.01360000018030405,0.0007179437088780105
8369,0.03359999880194664,0.0007146329153329134
8370,0.01866699941456318,0.0007113700266927481
8371,0.06373400241136551,0.0007079991046339273
8372,-0.0013330000219866633,0.0007045880192890763
8373,0.03866700083017349,0.0007015055743977427
8374,-0.031466998159885406,0.0006985525833442807
8375,0.03359999880194664,0.0006957032019272447
8376,-0.016534000635147095,0.0006929744849912822
8377,0.01360000018030405,0.0006903939065523446
8378,-0.0013330000219866633,0.0006877252017147839
8379,0.03866700083017349,0.0006851328071206808
8380,0.028534000739455223,0.0006825791206210852
8381,0.043733999133110046,0.0006797533133067191
8382,-0.011466999538242817,0.000676539377309382
8383,0.07360100001096725,0.0006736098439432681
8384,-0.0013330000219866633,0.0006703108083456755
8385,0.01866699941456318,0.0006672375602647662
8386,-0.011466999538242817,0.0006642549997195601
8387,0.07360100001096725,0.0006611563730984926
8388,-0.0013330000219866633,0.0006578539032489061
8389,0.03866700083017349,0.0006552111590281129
8390,-0.016534000635147095,0.0006526057841256261
8391,0.03866700083017349,0.0006501820753328502
8392,-0.0013330000219866633,0.0006477368879131973
8393,0.04853399842977524,0.0006450533401221037
8394,0.02346700057387352,0.0006424838793464005
8395,0.07360100001096725,0.0006397205870598555
8396,-0.011466999538242817,0.0006366861634887755
8397,0.06373400241136551,0.0006340636173263192
8398,0.01866699941456318,0.0006315539358183742
8399,0.043733999133110046,0.0006289269076660275
8400,0.028534000739455223,0.0006263089599087834
8401,0.02346700057387352,0.0006235186010599136
8402,-0.011466999538242817,0.0006208239938132465
8403,0.03359999880194664,0.0006176956230774522
8404,-0.006399999838322401,0.0006146940868347883
8405,0.043733999133110046,0.0006115810247138143
8406,-0.02160000056028366,0.0006088900263421237
8407,0.03359999880194664,0.0006065486813895404
8408,-0.0013330000219866633,0.0006043058237992227
8409,0.07360100001096725,0.000601858482696116
8410,0.008533000014722347,0.0005995953688398004
8411,0.05360100045800209,0.0005972626386210322
8412,-0.0013330000219866633,0.0005949432961642742
8413,0.03866700083017349,0.0005924224969930947
8414,-0.011466999538242817,0.0005898869130760431
8415,0.03866700083017349,0.000587665825150907
8416,-0.026399999856948853,0.0005854696501046419
8417,0.02346700057387352,0.0005833408795297146
8418,0.003467000089585781,0.0005814250325784087
8419,0.04853399842977524,0.0005792976007796824
8420,-0.0013330000219866633,0.0005771452561020851
8421,0.05360100045800209,0.0005749318515881896
8422,0.01866699941456318,0.0005724247312173247
8423,0.02346700057387352,0.0005697475280612707
8424,0.03866700083017349,0.0005672991974279284
8425,0.06373400241136551,0.000564880552701652
8426,-0.011466999538242817,0.0005623175529763103
8427,0.028534000739455223,0.0005594574031420052
8428,0.028534000739455223,0.0005564645398408175
8429,0.03866700083017349,0.0005542507860809565
8430,-0.011466999538242817,0.0005520280683413148
8431,0.02346700057387352,0.000549962860532105
8432,-0.011466999538242817,0.000548195093870163
8433,0.04853399842977524,0.0005464102141559124
8434,-0.02160000056028366,0.0005445679416880012
8435,0.028534000739455223,0.0005428493022918701
8436,0.02346700057387352,0.0005412244354374707
8437,0.043733999133110046,0.0005392819293774664
8438,0.01360000018030405,0.0005375384353101254
8439,0.003467000089585781,0.000535574450623244
8440,0.008533000014722347,0.0005337669281288981
8441,0.028534000739455223,0.0005316600436344743
8442,-0.026399999856948853,0.0005293820286169648
8443,0.028534000739455223,0.0005272553535178304
8444,-0.011466999538242817,0.0005252339178696275
8445,0.03359999880194664,0.0005238729063421488
8446,-0.006399999838322401,0.0005226848879829049
8447,0.03359999880194664,0.0005216351710259914
8448,-0.03653400018811226,0.000520458968821913
8449,0.028534000739455223,0.0005193072720430791
8450,0.03359999880194664,0.0005182710010558367
8451,0.043733999133110046,0.0005171794909983873
8452,-0.0013330000219866633,0.0005159397842362523
8453,0.02346700057387352,0.0005144755123183131
8454,0.003467000089585781,0.0005130067584104836
8455,0.03866700083017349,0.0005112997023388743
8456,0.01360000018030405,0.0005095257656648755
8457,0.04853399842977524,0.0005077841924503446
8458,0.02346700057387352,0.0005060983821749687
8459,0.02346700057387352,0.0005046912701800466
8460,-0.0013330000219866633,0.0005035956855863333
8461,0.03866700083017349,0.0005029427702538669
8462,-0.011466999538242817,0.0005023409612476826
8463,0.05360100045800209,0.0005018149968236685
8464,0.01360000018030405,0.000501342467032373
8465,0.03359999880194664,0.0005009100423194468
8466,0.02346700057387352,0.0005003971746191382
8467,0.03359999880194664,0.0004999854136258364
8468,0.03866700083017349,0.0004994554910808802
8469,0.04853399842977524,0.0004990079905837774
8470,-0.0013330000219866633,0.0004986265557818115
8471,0.03359999880194664,0.0004981423262506723
8472,-0.016534000635147095,0.0004976242780685425
8473,0.03866700083017349,0.0004970998270437121
8474,-0.006399999838322401,0.0004965695552527905
8475,0.03866700083017349,0.0004959582583978772
8476,0.008533000014722347,0.0004952712915837765
8477,0.04853399842977524,0.0004947007400915027
8478,-0.0013330000219866633,0.0004941083025187254
8479,0.02346700057387352,0.0004937307676300406
8480,0.01360000018030405,0.0004931726725772023
8481,0.05866700038313866,0.0004927135305479169
8482,-0.016534000635147095,0.0004919756320305169
8483,0.05360100045800209,0.0004912111326120794
8484,-0.02160000056028366,0.0004902768996544182
8485,0.06373400241136551,0.0004900806816294789
8486,-0.0013330000219866633,0.0004898543702438474
8487,0.02346700057387352,0.0004896987229585648
8488,-0.02160000056028366,0.0004894140874966979
8489,0.03866700083017349,0.0004892981378361583
8490,-0.026399999856948853,0.0004892399301752448
8491,0.008533000014722347,0.0004894580342806876
8492,-0.011466999538242817,0.0004896103637292981
8493,0.028534000739455223,0.000489750993438065
8494,-0.0013330000219866633,0.0004898948827758431
8495,0.028534000739455223,0.000490043661557138
8496,-0.02160000056028366,0.0004902028595097363
8497,0.028534000739455223,0.0004903328372165561
8498,0.01360000018030405,0.0004904360976070166
8499,0.003467000089585781,0.0004904621746391058
8500,-0.011466999538242817,0.0004904200322926044
8501,0.03866700083017349,0.0004905409878119826
8502,-0.026399999856948853,0.0004905931418761611
8503,0.028534000739455223,0.0004905176465399563
8504,-0.0013330000219866633,0.0004905887180939317
8505,0.03866700083017349,0.0004908431437797844
8506,0.003467000089585781,0.0004910655552521348
8507,0.02346700057387352,0.0004911267897114158
8508,-0.026399999856948853,0.0004911439027637243
8509,0.01360000018030405,0.0004911065334454179
8510,-0.006399999838322401,0.0004910961724817753
8511,0.028534000739455223,0.0004911420401185751
8512,-0.02160000056028366,0.0004910187562927604
8513,0.03866700083017349,0.0004908893024548888
8514,0.01360000018030405,0.0004908840055577457
8515,0.03359999880194664,0.000490746577270329
8516,-0.0013330000219866633,0.0004906782414764166
8517,0.008533000014722347,0.0004907342954538763
8518,-0.0013330000219866633,0.0004908221308141947
8519,0.01866699941456318,0.0004909085109829903
8520,-0.011466999538242817,0.0004909023409709334
8521,0.04853399842977524,0.0004907006514258683
8522,-0.011466999538242817,0.0004908846458420157
8523,0.003467000089585781,0.0004908202099613845
8524,-0.04160099849104881,0.0004908080445602536
8525,0.01360000018030405,0.000490897917188704
8526,0.008533000014722347,0.0004909561830572784
8527,0.03359999880194664,0.0004909198032692075
8528,-0.0013330000219866633,0.0004909840645268559
8529,0.028534000739455223,0.0004909023409709334
8530,0.008533000014722347,0.0004909500712528825
8531,0.008533000014722347,0.0004909634590148926
8532,-0.02160000056028366,0.0004908964619971812
8533,0.04853399842977524,0.0004908415721729398
8534,-0.0013330000219866633,0.000490764097776264
8535,0.05866700038313866,0.0004908472183160484
8536,-0.02160000056028366,0.0004910524003207684
8537,0.04853399842977524,0.0004913908196613193
8538,-0.0013330000219866633,0.0004917987389490008
8539,0.01360000018030405,0.0004922115476801991
8540,-0.031466998159885406,0.0004926504916511476
8541,0.028534000739455223,0.000493017490953207
8542,-0.02160000056028366,0.0004935673787258565
8543,0.02346700057387352,0.0004940280923619866
8544,-0.016534000635147095,0.0004944861866533756
8545,0.02346700057387352,0.0004948481218889356
8546,-0.016534000635147095,0.0004952384042553604
8547,0.02346700057387352,0.0004955920740030706
8548,-0.031466998159885406,0.0004957551136612892
8549,0.02346700057387352,0.0004959977231919765
8550,-0.0013330000219866633,0.0004960347432643175
8551,0.028534000739455223,0.000496196560561657
8552,0.01360000018030405,0.0004965077387169003
8553,0.04853399842977524,0.000496880616992712
8554,-0.02160000056028366,0.0004972875467501581
8555,0.003467000089585781,0.0004975480260327458
8556,0.003467000089585781,0.0004978397628292441
8557,0.05360100045800209,0.0004979543155059218
8558,0.003467000089585781,0.000498228648211807
8559,0.03866700083017349,0.0004984322004020214
8560,0.01360000018030405,0.000498727080412209
8561,0.04853399842977524,0.0004986824933439493
8562,0.008533000014722347,0.000498823937959969
8563,0.04853399842977524,0.000498942390549928
8564,-0.011466999538242817,0.0004990717279724777
8565,0.02346700057387352,0.0004990965244360268
8566,-0.016534000635147095,0.0004992435569874942
8567,0.03866700083017349,0.0004993438487872481
8568,0.01360000018030405,0.0004995468189008534
8569,0.05360100045800209,0.000499986344948411
8570,-0.011466999538242817,0.0005001848330721259
8571,0.04853399842977524,0.0005002261605113745
8572,-0.006399999838322401,0.00050033611478284
8573,0.04853399842977524,0.0005005086422897875
8574,0.008533000014722347,0.0005007359432056546
8575,0.043733999133110046,0.0005009293672628701
8576,0.02346700057387352,0.0005012565525248647
8577,0.04853399842977524,0.0005014024791307747
8578,0.03866700083017349,0.0005014591151848435
8579,0.03359999880194664,0.0005013781483285129
8580,0.003467000089585781,0.0005013224435970187
8581,0.02346700057387352,0.0005014731432311237
8582,0.01866699941456318,0.0005016436334699392
8583,0.028534000739455223,0.0005018091178499162
8584,-0.0013330000219866633,0.0005021821707487106
8585,0.028534000739455223,0.000502553884871304
8586,-0.011466999538242817,0.0005031425971537828
8587,0.028534000739455223,0.0005035485955886543
8588,-0.04666699841618538,0.0005040501710027456
8589,0.03866700083017349,0.0005042623379267752
8590,-0.031466998159885406,0.0005045830621384084
8591,0.01360000018030405,0.0005048710154369473
8592,-0.026399999856948853,0.0005049942992627621
8593,0.03866700083017349,0.0005050330073572695
8594,-0.031466998159885406,0.0005048660095781088
8595,0.05360100045800209,0.0005048756720498204
8596,-0.011466999538242817,0.0005047161830589175
8597,0.043733999133110046,0.000504824158269912
8598,-0.0013330000219866633,0.0005048109451308846
8599,0.04853399842977524,0.0005047278245911002
8600,0.01866699941456318,0.0005045036668889225
8601,0.03359999880194664,0.0005043551791459322
8602,0.02346700057387352,0.0005041234544478357
8603,0.02346700057387352,0.0005038940580561757
8604,0.01866699941456318,0.0005035888170823455
8605,0.02346700057387352,0.0005032613407820463
8606,-0.026399999856948853,0.0005030866013839841
8607,0.028534000739455223,0.0005027362494729459
8608,-0.026399999856948853,0.0005025147693231702
8609,0.03359999880194664,0.0005019241361878812
8610,-0.026399999856948853,0.000501481699757278
8611,0.02346700057387352,0.0005008076550439
8612,0.003467000089585781,0.0005002017715014517
8613,0.05360100045800209,0.0004995785420760512
8614,-0.02160000056028366,0.0004991019377484918
8615,0.03866700083017349,0.0004987246938981116
8616,-0.006399999838322401,0.0004984203260391951
8617,0.05360100045800209,0.0004982129321433604
8618,-0.006399999838322401,0.0004982262616977096
8619,0.03359999880194664,0.000498129113111645
8620,0.01360000018030405,0.0004979803925380111
8621,0.02346700057387352,0.0004977316712029278
8622,-0.016534000635147095,0.0004973770119249821
8623,0.043733999133110046,0.0004970730515196919
8624,-0.031466998159885406,0.0004968944704160094
8625,0.028534000739455223,0.0004968353314325213
8626,-0.02160000056028366,0.0004967779386788607
8627,0.03866700083017349,0.0004967796849086881
8628,-0.006399999838322401,0.0004966905107721686
8629,0.008533000014722347,0.0004966609412804246
8630,-0.05653399974107742,0.0004965733387507498
8631,0.01866699941456318,0.0004963364917784929
8632,0.003467000089585781,0.0004961900413036346
8633,0.03866700083017349,0.0004959699581377208
8634,0.008533000014722347,0.0004958893405273557
8635,0.01360000018030405,0.0004957754863426089
8636,-0.011466999538242817,0.0004955988842993975
8637,0.02346700057387352,0.0004953896277584136
8638,-0.0013330000219866633,0.0004953244933858514
8639,0.02346700057387352,0.000495100044645369
8640,-0.02160000056028366,0.0004948799032717943
8641,0.02346700057387352,0.0004945793189108372
8642,-0.011466999538242817,0.0004944156389683485
8643,0.02346700057387352,0.0004942151717841625
8644,-0.04160099849104881,0.0004938753554597497
8645,0.003467000089585781,0.0004935669712722301
8646,-0.026399999856948853,0.0004931972944177687
8647,0.05360100045800209,0.00049264554399997
8648,-0.02160000056028366,0.0004920379724353552
8649,0.03866700083017349,0.000491831568069756
8650,-0.0013330000219866633,0.0004913658485747874
8651,0.05360100045800209,0.0004909976851195097
8652,-0.011466999538242817,0.000490532023832202
8653,0.04853399842977524,0.0004903832450509071
8654,-0.006399999838322401,0.000490093429107219
8655,0.0685340017080307,0.0004900231142528355
8656,-0.02160000056028366,0.0004896430764347315
8657,0.05360100045800209,0.0004894601879641414
8658,-0.026399999856948853,0.0004891974967904389
8659,0.05360100045800209,0.000489257974550128
8660,-0.011466999538242817,0.0004890739219263196
8661,0.06373400241136551,0.0004891474964097142
8662,0.003467000089585781,0.0004889515694230795
8663,0.02346700057387352,0.0004890287527814507
8664,0.02346700057387352,0.0004890555283054709
8665,0.07360100001096725,0.0004891102435067296
8666,0.003467000089585781,0.0004890274722129107
8667,0.02346700057387352,0.0004889765405096114
8668,0.03866700083017349,0.00048880185931921
8669,0.02346700057387352,0.0004887530230917037
8670,0.003467000089585781,0.0004885100643150508
8671,0.0685340017080307,0.00048817595234140754
8672,0.003467000089585781,0.00048781553050503135
8673,0.04853399842977524,0.0004875265876762569
8674,-0.03653400018811226,0.0004871681740041822
8675,0.01866699941456318,0.0004868398536927998
8676,-0.011466999538242817,0.00048659672029316425
8677,0.028534000739455223,0.00048631581012159586
8678,-0.0013330000219866633,0.0004860242479480803
8679,0.028534000739455223,0.0004858033498749137
8680,-0.006399999838322401,0.00048547028563916683
8681,0.03866700083017349,0.0004851671401411295
8682,-0.006399999838322401,0.00048471963964402676
8683,0.043733999133110046,0.00048435438657179475
8684,-0.04160099849104881,0.0004839691100642085
8685,0.02346700057387352,0.00048370659351348877
8686,0.02346700057387352,0.00048360280925408006
8687,0.01360000018030405,0.0004833885468542576
8688,-0.04160099849104881,0.0004832669219467789
8689,0.03866700083017349,0.0004831290862057358
8690,-0.026399999856948853,0.00048307678662240505
8691,0.04853399842977524,0.0004829184617847204
8692,-0.011466999538242817,0.0004826383665204048
8693,0.05866700038313866,0.0004824285861104727
8694,-0.011466999538242817,0.0004821423499379307
8695,0.02346700057387352,0.0004819215682800859
8696,0.01360000018030405,0.0004817066655959934
8697,0.03866700083017349,0.00048159249126911163
8698,-0.02160000056028366,0.000481532042613253
8699,0.03359999880194664,0.0004815140273422003
8700,0.02346700057387352,0.0004815310821868479
8701,0.028534000739455223,0.00048156865523196757
8702,-0.0013330000219866633,0.0004816542495973408
8703,0.05360100045800209,0.00048152837553061545
8704,-0.02160000056028366,0.0004816436266992241
8705,0.02346700057387352,0.0004817339649889618
8706,-0.011466999538242817,0.0004820686881430447
8707,0.01360000018030405,0.00048204982886090875
8708,-0.02160000056028366,0.0004821712209377438
8709,0.07866799831390381,0.0004821865586563945
8710,0.008533000014722347,0.00048214555135928094
8711,0.028534000739455223,0.0004822326300200075
8712,-0.0013330000219866633,0.00048205553321167827
8713,0.04853399842977524,0.0004819610621780157
8714,0.01360000018030405,0.0004817551816813648
8715,0.02346700057387352,0.0004815151041839272
8716,0.01360000018030405,0.0004813918494619429
8717,0.03866700083017349,0.00048142997547984123
8718,-0.011466999538242817,0.00048148585483431816
8719,0.02346700057387352,0.00048131548101082444
8720,-0.006399999838322401,0.00048128602793440223
8721,0.02346700057387352,0.0004814088752027601
8722,-0.02160000056028366,0.00048147127381525934
8723,0.043733999133110046,0.0004813910345546901
8724,-0.02160000056028366,0.0004813761916011572
8725,0.03866700083017349,0.00048137441626749933
8726,-0.006399999838322401,0.00048123099259100854
8727,0.05360100045800209,0.00048105520545504987
8728,-0.02160000056028366,0.00048095500096678734
8729,0.05360100045800209,0.00048089399933815
8730,-0.0013330000219866633,0.0004808235971722752
8731,0.003467000089585781,0.0004808174562640488
8732,-0.026399999856948853,0.00048070625052787364
8733,0.01360000018030405,0.0004806877695955336
8734,0.003467000089585781,0.0004806903307326138
8735,0.028534000739455223,0.00048064548172988
8736,-0.006399999838322401,0.0004807841614820063
8737,0.05360100045800209,0.0004808225203305483
8738,-0.011466999538242817,0.0004808184748981148
8739,0.028534000739455223,0.00048064766451716423
8740,-0.026399999856948853,0.00048060822882689536
8741,0.043733999133110046,0.000480486371088773
8742,-0.0013330000219866633,0.0004802596813533455
8743,0.03866700083017349,0.00048011718899942935
8744,0.003467000089585781,0.00047999253729358315
8745,0.05866700038313866,0.000479884329251945
8746,0.003467000089585781,0.000479511683806777
8747,0.07866799831390381,0.000479171663755551
8748,-0.016534000635147095,0.00047901441575959325
8749,0.03359999880194664,0.0004788469523191452
8750,-0.0013330000219866633,0.00047878664918243885
8751,0.028534000739455223,0.0004786582721862942
8752,0.01360000018030405,0.00047843941138125956
8753,0.06373400241136551,0.00047827704111114144
8754,0.02346700057387352,0.0004780688032042235
8755,0.0685340017080307,0.0004778968286700547
8756,0.01360000018030405,0.0004777531139552593
8757,0.03359999880194664,0.00047760168672539294
8758,-0.011466999538242817,0.0004774440894834697
8759,0.0685340017080307,0.0004771698731929064
8760,0.01360000018030405,0.0004768562503159046
8761,0.05360100045800209,0.0004765815974678844
8762,-0.0013330000219866633,0.0004760407318826765
8763,0.03866700083017349,0.0004757500719279051
8764,-0.0013330000219866633,0.0004755150876007974
8765,0.03866700083017349,0.0004754355177283287
8766,-0.0013330000219866633,0.00047532166354358196
8767,0.03359999880194664,0.0004753781540784985
8768,-0.006399999838322401,0.0004754916299134493
8769,0.02346700057387352,0.0004757314163725823
8770,0.003467000089585781,0.00047566252760589123
8771,0.07360100001096725,0.00047578621888533235
8772,0.003467000089585781,0.000475678505608812
8773,0.04853399842977524,0.0004757086280733347
8774,-0.02160000056028366,0.00047552306205034256
8775,0.05360100045800209,0.00047540199011564255
8776,-0.006399999838322401,0.00047540944069623947
8777,0.04853399842977524,0.0004756633716169745
8778,0.01360000018030405,0.00047547550639137626
8779,0.05866700038313866,0.00047554782941006124
8780,-0.026399999856948853,0.000475333392387256
8781,0.05360100045800209,0.000474971195217222
8782,-0.0013330000219866633,0.00047460541827604175
8783,0.03359999880194664,0.00047450768761336803
8784,0.003467000089585781,0.00047416117740795016
8785,0.028534000739455223,0.00047419770271517336
8786,-0.02160000056028366,0.000474138418212533
8787,0.028534000739455223,0.0004744078032672405
8788,-0.011466999538242817,0.0004746703780256212
8789,0.04853399842977524,0.00047522722161374986
8790,-0.0013330000219866633,0.00047567099682055414
8791,0.04853399842977524,0.0004760794690810144
8792,-0.03653400018811226,0.0004762677999678999
8793,0.043733999133110046,0.00047639888362027705
8794,-0.031466998159885406,0.0004762125317938626
8795,0.04853399842977524,0.000476121436804533
8796,-0.006399999838322401,0.0004759576986543834
8797,0.04853399842977524,0.0004757606075145304
8798,0.02346700057387352,0.00047533688484691083
8799,0.043733999133110046,0.0004752498643938452
8800,0.008533000014722347,0.0004749333893414587
8801,0.028534000739455223,0.0004749727959278971
8802,-0.011466999538242817,0.00047495245235040784
8803,0.028534000739455223,0.00047507137060165405
8804,-0.026399999856948853,0.0004751977976411581
8805,0.01360000018030405,0.0004753331304527819
8806,-0.011466999538242817,0.00047529907897114754
8807,0.07360100001096725,0.00047550100134685636
8808,0.01360000018030405,0.0004756331327371299
8809,0.05360100045800209,0.00047558313235640526
8810,-0.02160000056028366,0.0004751912783831358
8811,0.05360100045800209,0.00047511287266388535
8812,0.01360000018030405,0.00047486662515439093
8813,0.05360100045800209,0.0004749556537717581
8814,0.003467000089585781,0.00047489386633969843
8815,0.028534000739455223,0.0004749906365759671
8816,-0.02160000056028366,0.0004750010557472706
8817,0.03866700083017349,0.00047525655827485025
8818,0.008533000014722347,0.00047536962665617466
8819,0.03866700083017349,0.00047563956468366086
8820,-0.006399999838322401,0.000475753506179899
8821,0.01360000018030405,0.00047580935643054545
8822,0.01866699941456318,0.0004755582194775343
8823,0.0685340017080307,0.00047585321590304375
8824,0.008533000014722347,0.0004761915188282728
8825,0.03359999880194664,0.0004766262136399746
8826,0.01866699941456318,0.00047666230238974094
8827,0.043733999133110046,0.0004769614024553448
8828,0.01360000018030405,0.0004770788364112377
8829,0.01360000018030405,0.000477394787594676
8830,-0.026399999856948853,0.0004776124842464924
8831,0.04853399842977524,0.00047777569852769375
8832,-0.02160000056028366,0.0004778768925461918
8833,0.008533000014722347,0.00047817235463298857
8834,-0.006399999838322401,0.0004784471821039915
8835,0.03866700083017349,0.00047893106238916516
8836,-0.0013330000219866633,0.00047933589667081833
8837,0.028534000739455223,0.00047976180212572217
8838,-0.0013330000219866633,0.0004798467271029949
8839,0.07360100001096725,0.000480002723634243
8840,-0.006399999838322401,0.0004799533053301275
8841,0.04853399842977524,0.0004798618610948324
8842,-0.011466999538242817,0.0004795399436261505
8843,0.03866700083017349,0.00047954940237104893
8844,0.008533000014722347,0.00047943927347660065
8845,0.03866700083017349,0.0004795640124939382
8846,-0.02160000056028366,0.0004796871799044311
8847,0.003467000089585781,0.00047990400344133377
8848,0.01360000018030405,0.00048000289825722575
8849,0.028534000739455223,0.0004803470801562071
8850,0.04853399842977524,0.00048062167479656637
8851,0.06373400241136551,0.0004811528488062322
8852,0.003467000089585781,0.0004815144347958267
8853,0.04853399842977524,0.00048207747749984264
8854,0.008533000014722347,0.0004825629875995219
8855,0.003467000089585781,0.0004833896819036454
8856,0.02346700057387352,0.0004839977773372084
8857,0.028534000739455223,0.0004847397794947028
8858,0.028534000739455223,0.0004853458667639643
8859,0.04853399842977524,0.0004859175533056259
8860,-0.026399999856948853,0.000486520875710994
8861,0.07360100001096725,0.00048705999506637454
8862,-0.011466999538242817,0.0004872353747487068
8863,0.07360100001096725,0.00048792935558594763
8864,-0.011466999538242817,0.0004883678047917783
8865,0.04853399842977524,0.0004893121076747775
8866,0.028534000739455223,0.0004899596096947789
8867,0.028534000739455223,0.0004907692200504243
8868,-0.011466999538242817,0.0004913912853226066
8869,0.05360100045800209,0.000492202234454453
8870,-0.016534000635147095,0.0004930304712615907
8871,0.07866799831390381,0.000493825355079025
8872,0.01360000018030405,0.000494334555696696
8873,0.02346700057387352,0.0004947490524500608
8874,-0.0013330000219866633,0.0004949517897330225
8875,0.01360000018030405,0.0004956277552992105
8876,-0.016534000635147095,0.0004962596576660872
8877,0.05360100045800209,0.0004970234585925937
8878,0.008533000014722347,0.000497736968100071
8879,0.028534000739455223,0.0004984884290024638
8880,0.008533000014722347,0.0004993773181922734
8881,0.043733999133110046,0.000500276277307421
8882,0.01360000018030405,0.0005010605091229081
8883,0.03866700083017349,0.0005018816445954144
8884,0.003467000089585781,0.0005027095903642476
8885,0.04853399842977524,0.000503780203871429
8886,-0.016534000635147095,0.0005046642618253827
8887,0.03866700083017349,0.000505678472109139
8888,-0.011466999538242817,0.0005066505400463939
8889,0.028534000739455223,0.000507623830344528
8890,-0.026399999856948853,0.0005085021257400513
8891,0.05360100045800209,0.0005095071392133832
8892,0.01360000018030405,0.0005102397408336401
8893,0.06373400241136551,0.0005110606434755027
8894,0.01866699941456318,0.0005116062238812447
8895,0.05360100045800209,0.0005126002943143249
8896,-0.006399999838322401,0.0005133418599143624
8897,0.05360100045800209,0.000514114391990006
8898,0.02346700057387352,0.0005146816838532686
8899,0.04853399842977524,0.0005153779056854546
8900,0.008533000014722347,0.0005160048021934927
8901,0.028534000739455223,0.0005166716873645782
8902,-0.0013330000219866633,0.0005171747179701924
8903,0.028534000739455223,0.0005178881692700088
8904,0.008533000014722347,0.0005185712361708283
8905,0.05866700038313866,0.0005192251410335302
8906,0.003467000089585781,0.0005199568695388734
8907,0.04853399842977524,0.0005207619396969676
8908,-0.011466999538242817,0.0005216232966631651
8909,0.03866700083017349,0.0005223742919042706
8910,-0.0013330000219866633,0.0005231060786172748
8911,0.06373400241136551,0.0005239273887127638
8912,0.01866699941456318,0.0005246478249318898
8913,0.06373400241136551,0.0005257554585114121
8914,0.01866699941456318,0.000526531133800745
8915,0.08880099654197693,0.0005272519774734974
8916,-0.006399999838322401,0.0005277032032608986
8917,0.043733999133110046,0.0005282844649627805
8918,-0.02160000056028366,0.0005287762032821774
8919,0.043733999133110046,0.0005292176501825452
8920,-0.016534000635147095,0.000529606593772769
8921,0.03359999880194664,0.0005300564807839692
8922,-0.011466999538242817,0.0005304922815412283
8923,0.028534000739455223,0.0005309582920745015
8924,0.02346700057387352,0.0005313220899552107
8925,0.028534000739455223,0.0005317672621458769
8926,0.01866699941456318,0.0005322173819877207
8927,0.04853399842977524,0.0005326980026438832
8928,0.028534000739455223,0.0005332863074727356
8929,0.03359999880194664,0.0005338708288036287
8930,-0.0013330000219866633,0.0005344071541912854
8931,0.028534000739455223,0.0005349692655727267
8932,0.008533000014722347,0.0005354238674044609
8933,0.04853399842977524,0.0005359031492844224
8934,-0.016534000635147095,0.0005364149692468345
8935,0.03866700083017349,0.0005369939608499408
8936,-0.016534000635147095,0.0005376799963414669
8937,0.02346700057387352,0.0005384978139773011
8938,0.01866699941456318,0.0005393134197220206
8939,0.04853399842977524,0.0005402833921834826
8940,0.02346700057387352,0.0005411210004240274
8941,0.05866700038313866,0.000541752902790904
8942,0.01360000018030405,0.0005420937668532133
8943,0.04853399842977524,0.0005424898117780685
8944,-0.026399999856948853,0.0005429535522125661
8945,0.02346700057387352,0.0005435433122329414
8946,0.01360000018030405,0.000544058158993721
8947,0.06373400241136551,0.0005447753355838358
8948,-0.0013330000219866633,0.0005454013589769602
8949,0.0685340017080307,0.0005460594547912478
8950,0.01360000018030405,0.000546301540452987
8951,0.05360100045800209,0.0005466373404487967
8952,-0.026399999856948853,0.0005468076560646296
8953,0.01866699941456318,0.0005470510222949088
8954,-0.016534000635147095,0.0005471926415339112
8955,0.02346700057387352,0.0005473962519317865
8956,-0.011466999538242817,0.0005476685473695397
8957,0.01866699941456318,0.0005480866529978812
8958,-0.0013330000219866633,0.0005483288550749421
8959,0.04853399842977524,0.0005487290909513831
8960,-0.0013330000219866633,0.0005489083705469966
8961,0.05360100045800209,0.0005492642521858215
8962,0.01360000018030405,0.0005491775809787214
8963,0.003467000089585781,0.0005494644865393639
8964,0.02346700057387352,0.0005495445802807808
8965,0.04853399842977524,0.0005498428363353014
8966,-0.011466999538242817,0.0005500473780557513
8967,0.04853399842977524,0.0005504898726940155
8968,0.01360000018030405,0.0005509427282959223
8969,0.02346700057387352,0.0005514511140063405
8970,0.008533000014722347,0.0005517317913472652
8971,0.043733999133110046,0.0005522067658603191
8972,-0.03653400018811226,0.0005525481537915766
8973,0.028534000739455223,0.0005528054898604751
8974,-0.026399999856948853,0.0005529951304197311
8975,0.05360100045800209,0.0005532223731279373
8976,-0.0013330000219866633,0.000553334946744144
8977,0.028534000739455223,0.0005533752264454961
8978,-0.0013330000219866633,0.0005534014781005681
8979,0.008533000014722347,0.0005536421667784452
8980,0.01360000018030405,0.0005537940887734294
8981,0.028534000739455223,0.0005538214463740587
8982,-0.0013330000219866633,0.0005539481062442064
8983,0.03359999880194664,0.0005541607388295233
8984,0.01360000018030405,0.0005545088206417859
8985,0.01866699941456318,0.0005548170884139836
8986,0.02346700057387352,0.0005551238427869976
8987,0.03359999880194664,0.0005554492818191648
8988,-0.011466999538242817,0.0005558632547035813
8989,0.028534000739455223,0.0005562866572290659
8990,-0.011466999538242817,0.0005565893370658159
8991,0.04853399842977524,0.0005570395151153207
8992,-0.02160000056028366,0.000557210179977119
8993,0.04853399842977524,0.0005573970265686512
8994,0.003467000089585781,0.0005578159471042454
8995,0.028534000739455223,0.0005583130987361073
8996,0.003467000089585781,0.0005588015774264932
8997,0.043733999133110046,0.0005592744564637542
8998,-0.016534000635147095,0.0005596218397840858
8999,0.04853399842977524,0.0005598616553470492
9000,-0.02160000056028366,0.0005599388969130814
9001,0.028534000739455223,0.0005601202137768269
9002,0.008533000014722347,0.0005604487960226834
9003,0.03359999880194664,0.0005607942584902048
9004,-0.011466999538242817,0.0005609256913885474
9005,0.028534000739455223,0.0005611340166069567
9006,0.003467000089585781,0.0005611318629235029
9007,0.028534000739455223,0.0005613273242488503
9008,0.003467000089585781,0.0005615457193925977
9009,0.03866700083017349,0.0005619187140837312
9010,0.003467000089585781,0.0005621499149128795
9011,0.003467000089585781,0.0005623975885100663
9012,-0.006399999838322401,0.0005625546327792108
9013,0.02346700057387352,0.0005627673817798495
9014,0.02346700057387352,0.0005629541701637208
9015,0.028534000739455223,0.0005633772816509008
9016,0.003467000089585781,0.0005637509748339653
9017,0.07360100001096725,0.0005643183249048889
9018,0.01360000018030405,0.0005647350917570293
9019,0.06373400241136551,0.0005653304397128522
9020,-0.0013330000219866633,0.0005657332367263734
9021,0.03866700083017349,0.0005663097254000604
9022,0.003467000089585781,0.0005667890654876828
9023,0.05360100045800209,0.0005671696271747351
9024,-0.026399999856948853,0.0005673927953466773
9025,0.04853399842977524,0.0005674136336892843
9026,-0.02160000056028366,0.0005674436688423157
9027,0.04853399842977524,0.0005673650885000825
9028,-0.006399999838322401,0.0005672326660715044
9029,0.04853399842977524,0.0005670568207278848
9030,0.01866699941456318,0.0005670442478731275
9031,0.03866700083017349,0.0005670113023370504
9032,-0.026399999856948853,0.0005668293451890349
9033,0.03866700083017349,0.000566526607144624
9034,-0.0013330000219866633,0.0005662913899868727
9035,0.05866700038313866,0.0005660011665895581
9036,0.028534000739455223,0.0005656962166540325
9037,0.05360100045800209,0.0005655932473018765
9038,0.01360000018030405,0.0005654782871715724
9039,0.02346700057387352,0.0005653345724567771
9040,-0.006399999838322401,0.0005651498213410378
9041,0.02346700057387352,0.0005647484213113785
9042,-0.011466999538242817,0.0005644181510433555
9043,0.07360100001096725,0.0005641448078677058
9044,0.008533000014722347,0.0005638143047690392
9045,0.03359999880194664,0.0005631614476442337
9046,0.003467000089585781,0.0005625790217891335
9047,0.03866700083017349,0.0005619731382466853
9048,-0.02160000056028366,0.0005613508983515203
9049,0.05360100045800209,0.0005609493819065392
9050,-0.0013330000219866633,0.0005607552593573928
9051,0.04853399842977524,0.0005605941405519843
9052,-0.02160000056028366,0.0005603634053841233
9053,0.028534000739455223,0.0005602597957476974
9054,0.01360000018030405,0.0005601468728855252
9055,0.01360000018030405,0.0005598914576694369
9056,0.003467000089585781,0.0005596787668764591
9057,0.028534000739455223,0.0005594126996584237
9058,0.01360000018030405,0.0005589266074821353
9059,0.03359999880194664,0.0005584214231930673
9060,-0.026399999856948853,0.0005580147262662649
9061,0.05360100045800209,0.0005575899849645793
9062,-0.0013330000219866633,0.0005574242677539587
9063,0.043733999133110046,0.0005572137306444347
9064,-0.0013330000219866633,0.000556943123228848
9065,0.05360100045800209,0.0005567496991716325
9066,-0.011466999538242817,0.0005567701300606132
9067,0.02346700057387352,0.0005566480103880167
9068,-0.026399999856948853,0.0005565391038544476
9069,0.01360000018030405,0.0005561555735766888
9070,-0.026399999856948853,0.0005556712858378887
9071,-0.0013330000219866633,0.0005551959620788693
9072,-0.016534000635147095,0.000554481113795191
9073,0.028534000739455223,0.0005539492703974247
9074,0.01360000018030405,0.0005533388466574252
9075,0.06373400241136551,0.0005527582252398133
9076,-0.0013330000219866633,0.0005522348801605403
9077,0.05360100045800209,0.0005519413389265537
9078,-0.03653400018811226,0.0005518972175195813
9079,-0.0013330000219866633,0.0005514207296073437
9080,-0.031466998159885406,0.000550857454072684
9081,0.05360100045800209,0.0005500158295035362
9082,-0.031466998159885406,0.000549689750187099
9083,0.028534000739455223,0.0005492308409884572
9084,-0.03653400018811226,0.0005488680908456445
9085,0.028534000739455223,0.0005483496934175491
9086,-0.006399999838322401,0.0005478670354932547
9087,0.028534000739455223,0.0005475306534208357
9088,-0.016534000635147095,0.0005471247714012861
9089,0.028534000739455223,0.0005466497968882322
9090,-0.026399999856948853,0.0005461954860948026
9091,0.01866699941456318,0.0005457326187752187
9092,-0.02160000056028366,0.0005452476907521486
9093,0.05360100045800209,0.0005445845890790224
9094,-0.016534000635147095,0.0005442104302346706
9095,0.028534000739455223,0.0005439116503112018
9096,-0.0013330000219866633,0.0005435869097709656
9097,0.01360000018030405,0.0005432636244222522
9098,0.01866699941456318,0.000542885041795671
9099,0.01866699941456318,0.0005425502313300967
9100,0.028534000739455223,0.0005422032554633915
9101,0.01360000018030405,0.0005418795626610518
9102,-0.011466999538242817,0.0005416324129328132
9103,0.04853399842977524,0.0005412710597738624
9104,-0.016534000635147095,0.0005409879377111793
9105,0.05866700038313866,0.0005406079581007361
9106,0.008533000014722347,0.0005403239047154784
9107,0.08373399823904037,0.000539936707355082
9108,0.01360000018030405,0.000539950211532414
9109,0.04853399842977524,0.0005397388013079762
9110,-0.006399999838322401,0.0005397415952757001
9111,0.02346700057387352,0.0005396103952080011
9112,-0.006399999838322401,0.0005396661581471562
9113,0.03866700083017349,0.0005395975313149393
9114,0.01360000018030405,0.0005397796630859375
9115,0.05360100045800209,0.0005400408408604562
9116,0.003467000089585781,0.0005403032409958541
9117,0.03866700083017349,0.0005405060946941376
9118,-0.04666699841618538,0.0005410938756540418
9119,0.03866700083017349,0.0005413036560639739
9120,-0.026399999856948853,0.0005415078485384583
9121,0.008533000014722347,0.0005415716441348195
9122,-0.03653400018811226,0.0005415278719738126
9123,0.043733999133110046,0.00054139643907547
9124,0.003467000089585781,0.0005414915503934026
9125,0.03359999880194664,0.0005413398612290621
9126,-0.006399999838322401,0.0005413106409832835
9127,0.07866799831390381,0.0005414850893430412
9128,0.028534000739455223,0.0005421838141046464
9129,0.03866700083017349,0.0005428001168183982
9130,-0.02160000056028366,0.0005435777711682022
9131,0.04853399842977524,0.0005441661342047155
9132,-0.0013330000219866633,0.0005448905285447836
9133,0.03866700083017349,0.000545424991287291
9134,0.003467000089585781,0.0005460159154608846
9135,-0.016534000635147095,0.0005467457813210785
9136,0.01360000018030405,0.0005472209304571152
9137,0.02346700057387352,0.0005475287325680256
9138,-0.026399999856948853,0.0005478839157149196
9139,0.01360000018030405,0.0005482410779222846
9140,-0.02160000056028366,0.0005486080190166831
9141,0.02346700057387352,0.0005487678572535515
9142,-0.011466999538242817,0.0005490775220096111
9143,0.02346700057387352,0.0005493887001648545
9144,-0.0013330000219866633,0.0005495153600350022
9145,0.03359999880194664,0.0005496487719938159
9146,0.02346700057387352,0.0005497426609508693
9147,0.05360100045800209,0.0005498019745573401
9148,-0.0013330000219866633,0.0005502770654857159
9149,0.05360100045800209,0.0005506310844793916
9150,-0.03653400018811226,0.0005511354538612068
9151,0.03866700083017349,0.0005511889467015862
9152,0.02346700057387352,0.0005512469215318561
9153,0.03866700083017349,0.0005514974473044276
9154,0.02346700057387352,0.0005519489059224725
9155,0.028534000739455223,0.0005522913997992873
9156,-0.031466998159885406,0.0005526496679522097
9157,0.03866700083017349,0.0005532213253900409
9158,0.02346700057387352,0.0005538802361115813
9159,0.04853399842977524,0.0005543864099308848
9160,0.003467000089585781,0.0005549294874072075
9161,0.04853399842977524,0.0005554070230573416
9162,0.003467000089585781,0.0005559799610637128
9163,0.01360000018030405,0.0005562407895922661
9164,0.01866699941456318,0.0005563179147429764
9165,0.05866700038313866,0.0005562841542996466
9166,-0.0013330000219866633,0.0005567671032622457
9167,0.01866699941456318,0.000556774961296469
9168,0.003467000089585781,0.0005568769993260503
9169,0.02346700057387352,0.0005567496991716325
9170,-0.026399999856948853,0.0005569761851802468
9171,0.03359999880194664,0.0005570898065343499
9172,-0.03653400018811226,0.0005575009272433817
9173,0.043733999133110046,0.000557781895622611
9174,0.003467000089585781,0.0005582314915955067
9175,0.01360000018030405,0.0005587200867012143
9176,0.02346700057387352,0.0005592892412096262
9177,0.03866700083017349,0.0005598657880909741
9178,0.008533000014722347,0.0005602981545962393
9179,0.043733999133110046,0.0005607603816315532
9180,-0.006399999838322401,0.0005615651607513428
9181,0.02346700057387352,0.0005626313504762948
9182,0.003467000089585781,0.0005636148271150887
9183,0.03359999880194664,0.0005646452773362398
9184,-0.011466999538242817,0.0005656830035150051
9185,0.03866700083017349,0.0005670738173648715
9186,0.01360000018030405,0.0005685146898031235
9187,0.04853399842977524,0.0005698903114534914
9188,0.04853399842977524,0.0005713409627787769
9189,0.028534000739455223,0.0005727459792979062
9190,0.02346700057387352,0.0005739751504734159
9191,0.028534000739455223,0.0005749705014750361
9192,-0.011466999538242817,0.000575855141505599
9193,0.043733999133110046,0.0005766698741354048
9194,0.003467000089585781,0.0005773338489234447
9195,0.003467000089585781,0.0005778172053396702
9196,-0.02160000056028366,0.0005782171501778066
9197,0.028534000739455223,0.0005789455026388168
9198,0.03359999880194664,0.0005797547055408359
9199,0.05360100045800209,0.0005809828289784491
9200,-0.016534000635147095,0.0005818881327286363
9201,0.06373400241136551,0.0005827201530337334
9202,0.02346700057387352,0.0005835347692482173
9203,0.028534000739455223,0.0005842212121933699
9204,0.008533000014722347,0.0005850247107446194
9205,0.03866700083017349,0.0005857596406713128
9206,0.003467000089585781,0.0005867027211934328
9207,0.03866700083017349,0.0005877772346138954
9208,0.003467000089585781,0.0005886327708140016
9209,0.05360100045800209,0.0005894891219213605
9210,-0.03653400018811226,0.0005902153206989169
9211,0.01360000018030405,0.0005908648017793894
9212,-0.011466999538242817,0.0005913932691328228
9213,0.03866700083017349,0.000591891526710242
9214,0.003467000089585781,0.0005924282595515251
9215,0.02346700057387352,0.0005929452599957585
9216,-0.0013330000219866633,0.0005936749512329698
9217,0.03359999880194664,0.0005942283314652741
9218,0.01866699941456318,0.0005948581965640187
9219,0.04853399842977524,0.0005955871311016381
9220,0.01360000018030405,0.000596242374740541
9221,0.07866799831390381,0.0005969748599454761
9222,-0.016534000635147095,0.0005978416884317994
9223,0.02346700057387352,0.0005984952440485358
9224,0.008533000014722347,0.0005990696372464299
9225,0.03866700083017349,0.0005996690597385168
9226,-0.02160000056028366,0.0006003621965646744
9227,0.02346700057387352,0.0006008418276906013
9228,0.02346700057387352,0.0006014391547068954
9229,0.01866699941456318,0.0006019842112436891
9230,0.043733999133110046,0.0006026490591466427
9231,0.02346700057387352,0.0006034043035469949
9232,0.003467000089585781,0.0006041725864633918
9233,0.028534000739455223,0.0006050730007700622
9234,-0.011466999538242817,0.0006057457067072392
9235,-0.011466999538242817,0.0006064028711989522
9236,0.03359999880194664,0.0006070808740332723
9237,0.07866799831390381,0.0006079684244468808
9238,0.008533000014722347,0.0006083932239562273
9239,0.0685340017080307,0.0006091148825362325
9240,-0.011466999538242817,0.0006094706477597356
9241,0.05360100045800209,0.0006101523758843541
9242,0.008533000014722347,0.0006105695501901209
9243,0.05360100045800209,0.0006112346891313791
9244,0.01866699941456318,0.0006115001742728055
9245,0.08880099654197693,0.0006122277700342238
9246,0.01866699941456318,0.0006126898806542158
9247,0.07866799831390381,0.0006131912814453244
9248,-0.011466999538242817,0.0006137193995527923
9249,0.03866700083017349,0.0006143655045889318
9250,-0.016534000635147095,0.000614810036495328
9251,0.02346700057387352,0.0006155121373012662
9252,-0.006399999838322401,0.0006161044584587216
9253,0.05360100045800209,0.0006167195970192552
9254,-0.011466999538242817,0.0006174957961775362
9255,0.08880099654197693,0.0006184382364153862
9256,-0.0013330000219866633,0.000619126542005688
9257,0.03866700083017349,0.000619780330453068
9258,-0.011466999538242817,0.0006204729434102774
9259,0.0685340017080307,0.000621151237282902
9260,0.008533000014722347,0.0006218244088813663
9261,0.03359999880194664,0.0006224581156857312
9262,0.003467000089585781,0.0006231694715097547
9263,0.03866700083017349,0.000623936066403985
9264,-0.0013330000219866633,0.0006245499243959785
9265,0.06373400241136551,0.0006253169849514961
9266,-0.006399999838322401,0.0006260555237531662
9267,0.10373499989509583,0.0006270589074119925
9268,-0.0013330000219866633,0.0006278457585722208
9269,0.05360100045800209,0.0006286203861236572
9270,-0.011466999538242817,0.000629293848760426
9271,0.043733999133110046,0.0006299616070464253
9272,-0.011466999538242817,0.0006304549751803279
9273,0.01360000018030405,0.000630779773928225
9274,0.008533000014722347,0.0006312600453384221
9275,0.05360100045800209,0.0006314452621154487
9276,0.01866699941456318,0.0006316560320556164
9277,0.01866699941456318,0.0006316268700174987
9278,0.03359999880194664,0.0006316389190033078
9279,0.05866700038313866,0.0006317004445008934
9280,-0.0013330000219866633,0.0006317315855994821
9281,0.03866700083017349,0.0006318387459032238
9282,0.02346700057387352,0.0006319202948361635
9283,0.07866799831390381,0.0006322168628685176
9284,-0.0013330000219866633,0.0006327027222141623
9285,0.02346700057387352,0.0006332615157589316
9286,0.028534000739455223,0.0006338143721222878
9287,0.028534000739455223,0.0006342394044622779
9288,-0.006399999838322401,0.000634583062492311
9289,0.05360100045800209,0.0006350998883135617
9290,-0.006399999838322401,0.0006355615914799273
9291,0.003467000089585781,0.0006360251572914422
9292,-0.006399999838322401,0.0006364763830788434
9293,0.028534000739455223,0.0006369830807670951
9294,-0.0013330000219866633,0.0006373622454702854
9295,0.04853399842977524,0.0006377773825079203
9296,-0.016534000635147095,0.0006380945560522377
9297,0.01360000018030405,0.0006385266897268593
9298,-0.016534000635147095,0.0006387531757354736
9299,0.03866700083017349,0.0006387176108546555
9300,-0.016534000635147095,0.0006386165623553097
9301,0.028534000739455223,0.0006386501481756568
9302,-0.0013330000219866633,0.0006386810564436018
9303,0.01360000018030405,0.0006386506138369441
9304,0.028534000739455223,0.0006385641172528267
9305,0.03866700083017349,0.0006383034633472562
9306,0.003467000089585781,0.000638029829133302
9307,0.028534000739455223,0.0006377480458468199
9308,0.02346700057387352,0.0006374207441695035
9309,0.02346700057387352,0.0006370755145326257
9310,-0.0013330000219866633,0.000636715383734554
9311,0.02346700057387352,0.0006363947759382427
9312,0.003467000089585781,0.0006360752740874887
9313,0.0685340017080307,0.0006356320809572935
9314,-0.0013330000219866633,0.0006352773052640259
9315,0.03359999880194664,0.0006349727627821267
9316,0.02346700057387352,0.0006346761947497725
9317,0.03866700083017349,0.0006344542489387095
9318,0.02346700057387352,0.0006340555846691132
9319,0.043733999133110046,0.000633562623988837
9320,0.003467000089585781,0.0006328905001282692
9321,0.04853399842977524,0.0006323568522930145
9322,0.01360000018030405,0.0006317189545370638
9323,0.06373400241136551,0.0006311601027846336
9324,-0.016534000635147095,0.000630658701993525
9325,0.04853399842977524,0.0006303135305643082
9326,-0.0013330000219866633,0.0006301025860011578
9327,0.04853399842977524,0.0006299164379015565
9328,-0.02160000056028366,0.0006298469379544258
9329,0.06373400241136551,0.0006297542713582516
9330,-0.026399999856948853,0.0006297302898019552
9331,0.03359999880194664,0.0006296777864918113
9332,-0.0013330000219866633,0.0006295318016782403
9333,0.0685340017080307,0.000629367190413177
9334,-0.011466999538242817,0.0006291765021160245
9335,0.01360000018030405,0.000629061134532094
9336,-0.0013330000219866633,0.0006287179421633482
9337,0.01866699941456318,0.000628416717518121
9338,-0.006399999838322401,0.000627993606030941
9339,0.003467000089585781,0.0006276354542933404
9340,-0.006399999838322401,0.0006274424376897514
9341,0.05360100045800209,0.0006271894089877605
9342,0.01360000018030405,0.000626981956884265
9343,0.04853399842977524,0.0006267151911742985
9344,-0.02160000056028366,0.0006263911491259933
9345,0.043733999133110046,0.0006260857917368412
9346,-0.0013330000219866633,0.0006257720524445176
9347,0.03866700083017349,0.0006252479506656528
9348,0.028534000739455223,0.0006248002755455673
9349,0.04853399842977524,0.0006244782125577331
9350,0.01866699941456318,0.0006241759983822703
9351,0.01866699941456318,0.0006238525384105742
9352,-0.011466999538242817,0.0006235925247892737
9353,0.06373400241136551,0.0006234464817680418
9354,-0.011466999538242817,0.0006233769818209112
9355,0.03866700083017349,0.0006233029998838902
9356,0.01360000018030405,0.0006232780870050192
9357,0.05360100045800209,0.0006233114982023835
9358,0.01360000018030405,0.0006230651633813977
9359,0.043733999133110046,0.0006229021237231791
9360,0.008533000014722347,0.0006227383855730295
9361,0.003467000089585781,0.000622606254182756
9362,0.01866699941456318,0.0006224266835488379
9363,0.003467000089585781,0.0006221207440830767
9364,0.003467000089585781,0.0006216015317477286
9365,0.04853399842977524,0.0006211483851075172
9366,-0.0013330000219866633,0.0006204876117408276
9367,0.05866700038313866,0.0006197781185619533
9368,-0.0013330000219866633,0.0006190509302541614
9369,0.05360100045800209,0.0006184342200867832
9370,0.01866699941456318,0.0006176677416078746
9371,0.01866699941456318,0.0006168661639094353
9372,-0.02160000056028366,0.000616010744124651
9373,0.03359999880194664,0.0006152871646918356
9374,0.008533000014722347,0.0006143991486169398
9375,0.03359999880194664,0.0006135353469289839
9376,-0.0013330000219866633,0.0006128159002400935
9377,0.003467000089585781,0.0006119344616308808
9378,-0.0013330000219866633,0.0006112322444096208
9379,-0.0013330000219866633,0.0006106192013248801
9380,-0.02160000056028366,0.0006098981248214841
9381,0.01360000018030405,0.0006094978889450431
9382,0.01360000018030405,0.0006090805400162935
9383,0.008533000014722347,0.0006084407214075327
9384,-0.0013330000219866633,0.0006076241261325777
9385,0.07360100001096725,0.0006069710943847895
9386,0.01360000018030405,0.0006058727740310133
9387,0.04853399842977524,0.0006047250935807824
9388,-0.011466999538242817,0.0006034451071172953
9389,0.02346700057387352,0.0006023873575031757
9390,0.028534000739455223,0.0006013343809172511
9391,0.06373400241136551,0.0006000714492984116
9392,0.008533000014722347,0.00059894984588027
9393,0.04853399842977524,0.0005980634596198797
9394,0.01360000018030405,0.00059700314886868
9395,0.05360100045800209,0.0005962128052487969
9396,-0.016534000635147095,0.0005951956263743341
9397,0.043733999133110046,0.0005942975985817611
9398,0.01360000018030405,0.000593262433540076
9399,0.05360100045800209,0.0005922591080889106
9400,0.003467000089585781,0.0005913377972319722
9401,0.03866700083017349,0.0005904670688323677
9402,0.02346700057387352,0.0005897046066820621
9403,0.03866700083017349,0.0005890276515856385
9404,-0.0013330000219866633,0.0005881692050024867
9405,0.03866700083017349,0.0005874745547771454
9406,-0.011466999538242817,0.000586681067943573
9407,0.07866799831390381,0.0005861055105924606
9408,0.003467000089585781,0.0005855123163200915
9409,0.028534000739455223,0.0005849856534041464
9410,0.01360000018030405,0.0005843593971803784
9411,0.028534000739455223,0.0005839033983647823
9412,-0.011466999538242817,0.0005835068295709789
9413,0.043733999133110046,0.0005829763831570745
9414,-0.011466999538242817,0.0005823496030643582
9415,0.02346700057387352,0.0005816875491291285
9416,-0.026399999856948853,0.0005810475558973849
9417,0.03866700083017349,0.0005805745022371411
9418,0.02346700057387352,0.0005800314829684794
9419,0.04853399842977524,0.0005796758341602981
9420,-0.02160000056028366,0.0005794247263111174
9421,0.028534000739455223,0.0005791940493509173
9422,-0.026399999856948853,0.0005785809480585158
9423,0.02346700057387352,0.0005781569052487612
9424,0.01360000018030405,0.0005778663326054811
9425,0.02346700057387352,0.0005773076554760337
9426,0.003467000089585781,0.0005767084658145905
9427,0.03866700083017349,0.0005761816864833236
9428,0.01360000018030405,0.0005757339531555772
9429,0.03359999880194664,0.0005752171273343265
9430,0.03359999880194664,0.0005746526876464486
9431,0.028534000739455223,0.0005741376662626863
9432,0.01360000018030405,0.0005737844621762633
9433,0.09866800159215927,0.0005734430160373449
9434,-0.006399999838322401,0.000572956632822752
9435,0.028534000739455223,0.0005723818903788924
9436,0.003467000089585781,0.0005716013838537037
9437,0.08373399823904037,0.0005705932853743434
9438,0.028534000739455223,0.0005696473526768386
9439,0.03359999880194664,0.0005687364609912038
9440,0.003467000089585781,0.0005677492590621114
9441,0.05360100045800209,0.0005664326599799097
9442,-0.026399999856948853,0.0005651615792885423
9443,0.03866700083017349,0.000563851441256702
9444,-0.0013330000219866633,0.0005625649937428534
9445,0.03866700083017349,0.0005613408284261823
9446,0.01360000018030405,0.0005601505981758237
9447,0.043733999133110046,0.0005591493099927902
9448,0.01360000018030405,0.0005582289304584265
9449,0.04853399842977524,0.0005574246752075851
9450,-0.016534000635147095,0.0005567459156736732
9451,0.06373400241136551,0.0005561735015362501
9452,-0.026399999856948853,0.0005556632531806827
9453,0.02346700057387352,0.0005547076580114663
9454,-0.031466998159885406,0.0005537453689612448
9455,0.03866700083017349,0.0005524673615582287
9456,0.02346700057387352,0.0005511553026735783
9457,0.04853399842977524,0.0005500363768078387
9458,0.003467000089585781,0.0005490115727297962
9459,0.028534000739455223,0.0005480983527377248
9460,-0.011466999538242817,0.0005472433986142278
9461,0.028534000739455223,0.0005463584093376994
9462,-0.02160000056028366,0.0005454816855490208
9463,0.02346700057387352,0.0005444271955639124
9464,-0.011466999538242817,0.0005435559432953596
9465,0.028534000739455223,0.0005426529096439481
9466,0.028534000739455223,0.0005417126230895519
9467,0.08373399823904037,0.0005409590667113662
9468,0.01866699941456318,0.0005401894450187683
9469,0.04853399842977524,0.0005393032333813608
9470,0.02346700057387352,0.0005385231925174594
9471,-0.006399999838322401,0.0005377098568715155
9472,0.003467000089585781,0.0005368057172745466
9473,0.03359999880194664,0.0005357835907489061
9474,-0.0013330000219866633,0.000535006111022085
9475,0.03866700083017349,0.0005341264186426997
9476,-0.02160000056028366,0.0005335336900316179
9477,0.06373400241136551,0.0005326836835592985
9478,0.003467000089585781,0.0005318071926012635
9479,0.06373400241136551,0.0005308690015226603
9480,0.003467000089585781,0.000530133955180645
9481,0.03866700083017349,0.0005292023997753859
9482,0.008533000014722347,0.0005284185754135251
9483,0.03866700083017349,0.0005277167074382305
9484,0.003467000089585781,0.0005271262489259243
9485,0.003467000089585781,0.000526474672369659
9486,-0.011466999538242817,0.0005260288598947227
9487,0.02346700057387352,0.0005252910777926445
9488,-0.02160000056028366,0.0005248722154647112
9489,0.03359999880194664,0.000524051720276475
9490,0.003467000089585781,0.0005234993295744061
9491,0.028534000739455223,0.0005227990914136171
9492,0.008533000014722347,0.0005223002517595887
9493,0.03866700083017349,0.0005217072321102023
9494,-0.026399999856948853,0.0005215689307078719
9495,0.02346700057387352,0.0005208452348597348
9496,0.008533000014722347,0.0005206429632380605
9497,0.028534000739455223,0.0005200624582357705
9498,-0.02160000056028366,0.0005199076840654016
9499,0.05360100045800209,0.0005194371333345771
9500,-0.031466998159885406,0.0005195146659389138
9501,0.03866700083017349,0.0005183841567486525
9502,-0.0013330000219866633,0.0005178022547625005
9503,0.03866700083017349,0.0005170316435396671
9504,-0.006399999838322401,0.0005165349575690925
9505,0.028534000739455223,0.0005156712722964585
9506,0.008533000014722347,0.0005150274373590946
9507,0.07360100001096725,0.000514243496581912
9508,-0.011466999538242817,0.0005135703831911087
9509,0.01360000018030405,0.0005127678741700947
9510,-0.0013330000219866633,0.0005119552370160818
9511,0.04853399842977524,0.0005111579084768891
9512,0.008533000014722347,0.0005106938187964261
9513,0.03866700083017349,0.0005102887516841292
9514,-0.02160000056028366,0.0005099070258438587
9515,0.01866699941456318,0.0005093899089843035
9516,-0.0013330000219866633,0.000509014877025038
9517,0.03866700083017349,0.000508478784468025
9518,-0.0013330000219866633,0.0005081603303551674
9519,0.05360100045800209,0.0005078428075648844
9520,-0.026399999856948853,0.0005076855886727571
9521,0.03359999880194664,0.0005068457685410976
9522,-0.02160000056028366,0.0005062888958491385
9523,0.03866700083017349,0.0005054300418123603
9524,-0.011466999538242817,0.000504743424244225
9525,0.043733999133110046,0.0005039091920480132
9526,-0.011466999538242817,0.0005034562200307846
9527,0.04853399842977524,0.0005027616862207651
9528,0.008533000014722347,0.0005023672711104155
9529,0.03866700083017349,0.0005018969532102346
9530,-0.0013330000219866633,0.0005014377529732883
9531,0.06373400241136551,0.0005010050954297185
9532,0.008533000014722347,0.0005006588762626052
9533,0.0685340017080307,0.0005004688864573836
9534,0.01360000018030405,0.0005005193524993956
9535,0.028534000739455223,0.0005006144056096673
9536,-0.0013330000219866633,0.0005008867010474205
9537,0.03866700083017349,0.000501185713801533
9538,-0.02160000056028366,0.0005016145296394825
9539,0.03866700083017349,0.0005017795483581722
9540,-0.026399999856948853,0.0005017182556912303
9541,0.01866699941456318,0.0005012162728235126
9542,0.008533000014722347,0.0005007646977901459
9543,0.04853399842977524,0.0005005373386666179
9544,0.02346700057387352,0.0005005680723115802
9545,0.03866700083017349,0.0005005003185942769
9546,0.01360000018030405,0.0005007685394957662
9547,0.06373400241136551,0.000501090195029974
9548,-0.05146700143814087,0.0005016458453610539
9549,0.028534000739455223,0.0005016553332097828
9550,-0.026399999856948853,0.0005017566727474332
9551,-0.016534000635147095,0.0005015204660594463
9552,-0.006399999838322401,0.0005015030619688332
9553,0.03866700083017349,0.0005013701156713068
9554,0.01360000018030405,0.0005014999769628048
9555,0.06373400241136551,0.0005016892682760954
9556,-0.0013330000219866633,0.000502130133099854
9557,0.04853399842977524,0.0005024813581258059
9558,-0.011466999538242817,0.0005029708845540881
9559,0.03359999880194664,0.0005034653004258871
9560,-0.02160000056028366,0.000504031078889966
9561,0.02346700057387352,0.0005045136786065996
9562,-0.026399999856948853,0.0005049337632954121
9563,0.01866699941456318,0.0005052941851317883
9564,0.01360000018030405,0.0005056565860286355
9565,0.03866700083017349,0.0005061007104814053
9566,0.003467000089585781,0.0005065458244644105
9567,0.03866700083017349,0.000506926910020411
9568,-0.006399999838322401,0.0005072426283732057
9569,0.06373400241136551,0.0005075599765405059
9570,-0.006399999838322401,0.0005080722039565444
9571,0.01360000018030405,0.0005085073062218726
9572,0.003467000089585781,0.0005087238969281316
9573,0.03866700083017349,0.0005089244805276394
9574,-0.011466999538242817,0.0005092622013762593
9575,0.043733999133110046,0.0005094737280160189
9576,-0.02160000056028366,0.0005097815301269293
9577,0.06373400241136551,0.0005098225083202124
9578,-0.0013330000219866633,0.0005099121481180191
9579,0.02346700057387352,0.0005100512062199414
9580,0.02346700057387352,0.0005101850838400424
9581,0.043733999133110046,0.0005102644790895283
9582,-0.006399999838322401,0.0005102291470393538
9583,0.04853399842977524,0.0005101696588099003
9584,0.01866699941456318,0.0005101966671645641
9585,0.03866700083017349,0.0005101626738905907
9586,-0.0013330000219866633,0.0005100291455164552
9587,0.04853399842977524,0.0005098816473037004
9588,-0.0013330000219866633,0.0005097641842439771
9589,0.04853399842977524,0.0005096690729260445
9590,0.003467000089585781,0.000509601435624063
9591,0.05360100045800209,0.0005097587127238512
9592,-0.0013330000219866633,0.0005100491689518094
9593,0.043733999133110046,0.0005105655291117728
9594,-0.011466999538242817,0.0005110868951305747
9595,0.028534000739455223,0.0005115962121635675
9596,-0.011466999538242817,0.0005119558190926909
9597,0.03866700083017349,0.0005124196177348495
9598,-0.006399999838322401,0.000512849073857069
9599,0.05360100045800209,0.0005133209051564336
9600,0.01866699941456318,0.0005138788255862892
9601,0.03866700083017349,0.0005142606096342206
9602,0.008533000014722347,0.0005146804614923894
9603,0.07866799831390381,0.0005154306418262422
9604,0.01360000018030405,0.000516194966621697
9605,0.02346700057387352,0.000516879721544683
9606,-0.0013330000219866633,0.0005175290862098336
9607,0.02346700057387352,0.0005181793821975589
9608,-0.0013330000219866633,0.0005187587230466306
9609,0.008533000014722347,0.000519393477588892
9610,0.01866699941456318,0.000519951805472374
9611,0.02346700057387352,0.0005205062916502357
9612,-0.02160000056028366,0.0005209918017499149
9613,0.03359999880194664,0.000521437032148242
9614,-0.0013330000219866633,0.0005220060120336711
9615,0.028534000739455223,0.0005223600892350078
9616,0.003467000089585781,0.0005226004868745804
9617,0.03866700083017349,0.0005229584639891982
9618,0.003467000089585781,0.000523411319591105
9619,0.043733999133110046,0.0005239451420493424
9620,-0.006399999838322401,0.0005245243664830923
9621,0.05360100045800209,0.0005252162227407098
9622,-0.0013330000219866633,0.0005261659389361739
9623,0.03866700083017349,0.0005268846871331334
9624,0.003467000089585781,0.000527572410646826
9625,0.05360100045800209,0.0005281626945361495
9626,0.01866699941456318,0.0005288097308948636
9627,0.04853399842977524,0.0005292557179927826
9628,0.01360000018030405,0.0005297801690176129
9629,0.01360000018030405,0.0005303469370119274
9630,0.01360000018030405,0.000530834891833365
9631,0.02346700057387352,0.0005312769790180027
9632,-0.011466999538242817,0.0005317691247910261
9633,0.07866799831390381,0.0005326058017089963
9634,-0.0013330000219866633,0.0005335065070539713
9635,0.07360100001096725,0.0005344788660295308
9636,-0.02160000056028366,0.0005355175817385316
9637,0.05866700038313866,0.0005363475065678358
9638,-0.026399999856948853,0.0005373638705350459
9639,0.01866699941456318,0.0005380550865083933
9640,-0.02160000056028366,0.0005388249410316348
9641,0.02346700057387352,0.000539562024641782
9642,0.01360000018030405,0.0005405978299677372
9643,0.03866700083017349,0.0005414405604824424
9644,0.003467000089585781,0.0005423505790531635
9645,0.043733999133110046,0.0005434391205199063
9646,0.028534000739455223,0.0005444675334729254
9647,0.02346700057387352,0.0005455173086374998
9648,-0.03653400018811226,0.0005467361770570278
9649,0.028534000739455223,0.0005476741353049874
9650,-0.03653400018811226,0.0005489189643412828
9651,0.043733999133110046,0.0005497417878359556
9652,-0.031466998159885406,0.0005507356254383922
9653,0.043733999133110046,0.000551362638361752
9654,-0.026399999856948853,0.0005521519342437387
9655,0.03866700083017349,0.000552828423678875
9656,0.01360000018030405,0.0005534418160095811
9657,0.02346700057387352,0.0005542131839320064
9658,0.003467000089585781,0.0005548993358388543
9659,0.01360000018030405,0.0005554613308049738
9660,-0.0013330000219866633,0.000555974489543587
9661,0.03866700083017349,0.00055639015045017
9662,-0.05146700143814087,0.0005569561617448926
9663,0.043733999133110046,0.000557280785869807
9664,-0.011466999538242817,0.0005577914416790009
9665,0.01360000018030405,0.000558155938051641
9666,0.01360000018030405,0.0005585369653999805
9667,0.043733999133110046,0.0005589100765064359
9668,0.01360000018030405,0.0005591188091784716
9669,0.01866699941456318,0.000559244304895401
9670,-0.02160000056028366,0.0005595620023086667
9671,0.043733999133110046,0.0005599685246124864
9672,-0.026399999856948853,0.0005603272584266961
9673,0.04853399842977524,0.00056025804951787
9674,-0.016534000635147095,0.0005601012380793691
9675,0.05360100045800209,0.0005599471041932702
9676,0.02346700057387352,0.000559896812774241
9677,0.04853399842977524,0.0005598091520369053
9678,0.02346700057387352,0.0005596448318101466
9679,0.05866700038313866,0.0005596182309091091
9680,-0.02160000056028366,0.0005595780676230788
9681,0.06373400241136551,0.0005595937836915255
9682,-0.006399999838322401,0.0005595142720267177
9683,0.05866700038313866,0.0005594870308414102
9684,-0.026399999856948853,0.0005594603135250509
9685,0.04853399842977524,0.0005594847607426345
9686,0.03359999880194664,0.000559383537620306
9687,0.06373400241136551,0.0005593568785116076
9688,0.01360000018030405,0.0005590084474533796
9689,0.05360100045800209,0.0005587028572335839
9690,0.008533000014722347,0.0005586377810686827
9691,0.03866700083017349,0.0005587175255641341
9692,-0.0013330000219866633,0.0005587793421000242
9693,0.03866700083017349,0.0005586751503869891
9694,-0.011466999538242817,0.0005586362676694989
9695,0.05360100045800209,0.0005585176986642182
9696,0.01866699941456318,0.0005586140905506909
9697,0.01866699941456318,0.0005586392362602055
9698,0.003467000089585781,0.0005586468614637852
9699,0.028534000739455223,0.0005586547194980085
9700,0.003467000089585781,0.0005586632760241628
9701,0.04853399842977524,0.0005587326595559716
9702,0.01360000018030405,0.0005588136846199632
9703,0.03866700083017349,0.0005590615328401327
9704,-0.02160000056028366,0.0005591355729848146
9705,0.0685340017080307,0.0005589550128206611
9706,-0.0013330000219866633,0.0005588192725554109
9707,0.05360100045800209,0.0005588253261521459
9708,0.008533000014722347,0.0005588560597971082
9709,0.03359999880194664,0.0005591744557023048
9710,-0.011466999538242817,0.0005595330731011927
9711,0.05360100045800209,0.0005598043790087104
9712,-0.04666699841618538,0.000560411368496716
9713,0.008533000014722347,0.0005605557234957814
9714,0.01866699941456318,0.0005607162602245808
9715,0.06373400241136551,0.0005607856437563896
9716,0.003467000089585781,0.0005606986815109849
9717,0.03866700083017349,0.0005608219653367996
9718,-0.026399999856948853,0.0005609793006442487
9719,0.04853399842977524,0.0005613549146801233
9720,-0.026399999856948853,0.0005617329152300954
9721,0.043733999133110046,0.0005621071322821081
9722,-0.026399999856948853,0.0005626296042464674
9723,0.028534000739455223,0.0005629879888147116
9724,0.01360000018030405,0.000563443114515394
9725,0.03866700083017349,0.0005639133742079139
9726,0.008533000014722347,0.0005643724580295384
9727,0.05360100045800209,0.0005649233935400844
9728,0.01360000018030405,0.0005654442356899381
9729,0.07360100001096725,0.0005661442410200834
9730,-0.031466998159885406,0.0005666529759764671
9731,0.04853399842977524,0.0005672305123880506
9732,0.003467000089585781,0.0005676929722540081
9733,0.06373400241136551,0.0005683787167072296
9734,0.003467000089585781,0.0005691593396477401
9735,0.04853399842977524,0.000570029835216701
9736,-0.006399999838322401,0.0005708080716431141
9737,0.03866700083017349,0.0005717604071833193
9738,-0.011466999538242817,0.0005724477232433856
9739,0.05866700038313866,0.0005730243283323944
9740,-0.011466999538242817,0.0005734874284826219
9741,0.0685340017080307,0.0005741928471252322
9742,0.02346700057387352,0.0005746724782511592
9743,0.04853399842977524,0.0005753501318395138
9744,-0.0013330000219866633,0.0005757782491855323
9745,0.05360100045800209,0.000575970858335495
9746,-0.011466999538242817,0.0005761010688729584
9747,0.05360100045800209,0.0005763153312727809
9748,-0.031466998159885406,0.0005762808723375201
9749,0.03866700083017349,0.0005762276705354452
9750,0.01866699941456318,0.0005760948406532407
9751,0.05360100045800209,0.0005762697546742857
9752,-0.006399999838322401,0.0005761065986007452
9753,0.08373399823904037,0.0005759891355410218
9754,-0.02160000056028366,0.000575645302888006
9755,0.05360100045800209,0.0005753843579441309
9756,-0.0013330000219866633,0.0005749441334046423
9757,0.03866700083017349,0.0005752108409069479
9758,0.003467000089585781,0.0005753498408012092
9759,0.04853399842977524,0.0005755841266363859
9760,0.03866700083017349,0.0005756480968557298
9761,0.028534000739455223,0.000575985002797097
9762,-0.011466999538242817,0.0005761648062616587
9763,0.01360000018030405,0.0005761904758401215
9764,-0.011466999538242817,0.0005761926877312362
9765,0.02346700057387352,0.0005762263899669051
9766,-0.011466999538242817,0.0005762084037996829
9767,0.03866700083017349,0.0005761648062616587
9768,-0.0013330000219866633,0.0005761435604654253
9769,0.03866700083017349,0.0005760525236837566
9770,-0.02160000056028366,0.0005759024643339217
9771,0.03866700083017349,0.0005758610204793513
9772,0.03866700083017349,0.0005757251637987792
9773,0.06373400241136551,0.0005757419858127832
9774,0.003467000089585781,0.000575537676922977
9775,0.06373400241136551,0.0005752593278884888
9776,0.028534000739455223,0.0005749523988924921
9777,0.03866700083017349,0.0005750812706537545
9778,0.028534000739455223,0.0005750747513957322
9779,0.06373400241136551,0.0005751297576352954
9780,-0.011466999538242817,0.0005752459401264787
9781,0.07866799831390381,0.0005755180027335882
9782,-0.006399999838322401,0.000575491925701499
9783,0.043733999133110046,0.0005755854654125869
9784,0.003467000089585781,0.0005755304591730237
9785,0.03866700083017349,0.0005755624733865261
9786,0.01866699941456318,0.0005756139871664345
9787,0.04853399842977524,0.0005756570608355105
9788,0.02346700057387352,0.000575719983316958
9789,0.01866699941456318,0.0005757270846515894
9790,-0.03653400018811226,0.0005754957674071193
9791,0.05360100045800209,0.0005751598509959877
9792,-0.011466999538242817,0.0005747729446738958
9793,0.04853399842977524,0.0005743370275013149
9794,-0.0013330000219866633,0.0005739675834774971
9795,0.05360100045800209,0.0005737076862715185
9796,-0.016534000635147095,0.0005736225284636021
9797,0.028534000739455223,0.0005739827174693346
9798,0.03866700083017349,0.0005743148503825068
9799,0.07866799831390381,0.0005744818481616676
9800,0.028534000739455223,0.0005745147936977446
9801,0.06373400241136551,0.0005744929658249021
9802,0.01360000018030405,0.0005741116474382579
9803,0.003467000089585781,0.0005736591992899776
9804,0.028534000739455223,0.0005729977856390178
9805,0.03866700083017349,0.000572777702473104
9806,0.01866699941456318,0.0005725909722968936
9807,0.07866799831390381,0.0005727843381464481
9808,0.003467000089585781,0.0005729072145186365
9809,0.06373400241136551,0.0005730560515075922
9810,0.028534000739455223,0.0005730737466365099
9811,0.03866700083017349,0.0005730345146730542
9812,-0.0013330000219866633,0.0005728615797124803
9813,0.05866700038313866,0.0005726827657781541
9814,0.01360000018030405,0.0005723387585021555
9815,0.06373400241136551,0.0005719932378269732
9816,0.008533000014722347,0.0005716330488212407
9817,0.06373400241136551,0.0005714130238629878
9818,0.02346700057387352,0.0005712973070330918
9819,0.03359999880194664,0.0005712525453418493
9820,0.008533000014722347,0.0005712734418921173
9821,0.03866700083017349,0.0005712269339710474
9822,-0.0013330000219866633,0.0005712980637326837
9823,0.07360100001096725,0.0005714197759516537
9824,-0.0013330000219866633,0.0005716500454582274
9825,0.05360100045800209,0.0005718909669667482
9826,0.008533000014722347,0.000572025659494102
9827,0.0685340017080307,0.0005721271736547351
9828,0.003467000089585781,0.0005724570364691317
9829,0.05360100045800209,0.0005727540119551122
9830,-0.011466999538242817,0.0005730468546971679
9831,0.05360100045800209,0.0005734369624406099
9832,0.003467000089585781,0.0005738646723330021
9833,0.06373400241136551,0.0005744806258007884
9834,0.01360000018030405,0.0005752008291892707
9835,0.043733999133110046,0.0005757980979979038
9836,0.008533000014722347,0.000576346879824996
9837,0.04853399842977524,0.0005769137060269713
9838,-0.0013330000219866633,0.0005775639438070357
9839,0.05360100045800209,0.0005782934022136033
9840,-0.0013330000219866633,0.0005789271090179682
9841,0.01360000018030405,0.0005795417237095535
9842,-0.011466999538242817,0.0005802605301141739
9843,0.05360100045800209,0.000580955296754837
9844,0.003467000089585781,0.000581761181820184
9845,0.07866799831390381,0.0005825573462061584
9846,0.03866700083017349,0.0005832849419675767
9847,0.03866700083017349,0.0005836767959408462
9848,0.043733999133110046,0.0005839692312292755
9849,0.05866700038313866,0.000584021327085793
9850,0.008533000014722347,0.0005840950761921704
9851,0.04853399842977524,0.0005841764505021274
9852,0.01360000018030405,0.0005843085236847401
9853,0.043733999133110046,0.0005843068938702345
9854,-0.0013330000219866633,0.0005845275009050965
9855,0.0685340017080307,0.0005846789572387934
9856,-0.011466999538242817,0.000584835943300277
9857,0.04853399842977524,0.0005851984024047852
9858,0.05360100045800209,0.0005855467170476913
9859,0.06373400241136551,0.0005854793707840145
9860,0.01866699941456318,0.0005853275652043521
9861,0.05360100045800209,0.0005852572503499687
9862,0.02346700057387352,0.0005851992755196989
9863,0.05360100045800209,0.0005851135356351733
9864,0.02346700057387352,0.000585103000048548
9865,0.03866700083017349,0.0005849570734426379
9866,0.008533000014722347,0.0005849078297615051
9867,0.06373400241136551,0.0005848216824233532
9868,-0.0013330000219866633,0.0005848256987519562
9869,0.043733999133110046,0.0005847352440468967
9870,-0.026399999856948853,0.0005846121348440647
9871,0.028534000739455223,0.0005848301225341856
9872,0.008533000014722347,0.0005852563190273941
9873,0.02346700057387352,0.0005854668561369181
9874,0.01360000018030405,0.0005856594652868807
9875,0.07360100001096725,0.000585703004617244
9876,0.043733999133110046,0.000585967383813113
9877,0.08880099654197693,0.0005858482327312231
9878,-0.02160000056028366,0.0005853420589119196
9879,0.06373400241136551,0.0005851931637153029
9880,-0.0013330000219866633,0.0005851636524312198
9881,0.028534000739455223,0.0005852520116604865
9882,-0.04160099849104881,0.0005852681351825595
9883,0.01360000018030405,0.0005856684292666614
9884,-0.026399999856948853,0.000586011097766459
9885,0.03359999880194664,0.0005862156394869089
9886,-0.03653400018811226,0.0005866179126314819
9887,0.03866700083017349,0.000587146554607898
9888,0.05866700038313866,0.0005874612252227962
9889,0.04853399842977524,0.0005869233864359558
9890,0.03866700083017349,0.0005863236146979034
9891,0.08373399823904037,0.0005853567854501307
9892,0.01360000018030405,0.0005844088736921549
9893,0.03866700083017349,0.0005834470503032207
9894,-0.02160000056028366,0.0005819422658532858
9895,0.09360100328922272,0.0005812688614241779
9896,0.01360000018030405,0.0005803431267850101
9897,0.03359999880194664,0.0005793704767711461
9898,-0.026399999856948853,0.0005782912485301495
9899,-0.006399999838322401,0.0005775218014605343
9900,-0.016534000635147095,0.0005767009570263326
9901,0.05360100045800209,0.0005752849974669516
9902,-0.02160000056028366,0.0005741583299823105
9903,0.008533000014722347,0.0005729063414037228
9904,0.01360000018030405,0.0005711910780519247
9905,0.01360000018030405,0.0005697871674783528
9906,-0.0013330000219866633,0.0005680884933099151
9907,0.01360000018030405,0.0005664800410158932
9908,-0.0013330000219866633,0.000565203430596739
9909,0.03359999880194664,0.0005645863129757345
9910,-0.04666699841618538,0.0005640831077471375
9911,-0.0013330000219866633,0.0005633668042719364
9912,0.01360000018030405,0.0005629785009659827
9913,0.028534000739455223,0.0005621199961751699
9914,-0.0013330000219866633,0.0005614380934275687
9915,0.03866700083017349,0.0005606929771602154
9916,0.003467000089585781,0.0005601684679277241
9917,0.04853399842977524,0.0005595569382421672
9918,-0.016534000635147095,0.0005589602515101433
9919,0.03866700083017349,0.0005587018094956875
9920,0.01360000018030405,0.0005583732854574919
9921,0.05866700038313866,0.0005580076249316335
9922,0.02346700057387352,0.0005575859104283154
9923,0.01866699941456318,0.0005568190827034414
9924,0.003467000089585781,0.0005563549930229783
9925,0.028534000739455223,0.0005558032426051795
9926,0.003467000089585781,0.0005550018977373838
9927,0.01866699941456318,0.0005541533464565873
9928,-0.011466999538242817,0.0005536851822398603
9929,0.05866700038313866,0.000553960504475981
9930,0.028534000739455223,0.0005545845488086343
9931,0.0685340017080307,0.000555021979380399
9932,0.003467000089585781,0.0005553517257794738
9933,0.08880099654197693,0.0005558358388952911
9934,0.03359999880194664,0.0005564882885664701
9935,0.05360100045800209,0.000556986138690263
9936,0.03359999880194664,0.000557712628506124
9937,0.05360100045800209,0.0005585377220995724
9938,-0.016534000635147095,0.0005599744035862386
9939,0.028534000739455223,0.0005611408851109445
9940,-0.026399999856948853,0.0005622148746624589
9941,0.01360000018030405,0.0005630918312817812
9942,-0.031466998159885406,0.0005646916688419878
9943,0.04853399842977524,0.0005658732261508703
9944,-0.011466999538242817,0.000567820796277374
9945,0.05866700038313866,0.0005696191801689565
9946,0.04853399842977524,0.0005715324077755213
9947,0.09866800159215927,0.0005730278207920492
9948,0.03359999880194664,0.0005744791124016047
9949,0.07360100001096725,0.0005763036315329373
9950,0.01360000018030405,0.0005780831561423838
9951,0.06373400241136551,0.0005799110513180494
9952,-0.031466998159885406,0.0005811395240016282
9953,0.01866699941456318,0.0005827394197694957
9954,-0.0013330000219866633,0.0005843932740390301
9955,0.01866699941456318,0.0005864594131708145
9956,0.003467000089585781,0.0005886622238904238
9957,0.0685340017080307,0.0005902592674829066
9958,0.028534000739455223,0.0005925865261815488
9959,0.03359999880194664,0.0005937877576798201
9960,-0.0013330000219866633,0.0005957469111308455
9961,0.043733999133110046,0.0005986028700135648
9962,0.01866699941456318,0.000601468957029283
9963,0.07360100001096725,0.0006033638492226601
9964,0.01866699941456318,0.0006055163685232401
9965,0.05360100045800209,0.0006069722585380077
9966,-0.03653400018811226,0.0006085540517233312
9967,0.05866700038313866,0.0006103263003751636
9968,-0.011466999538242817,0.0006108680972829461
9969,0.03359999880194664,0.0006140035111457109
9970,-0.011466999538242817,0.0006172299617901444
9971,0.008533000014722347,0.0006204959936439991
9972,0.01360000018030405,0.0006250427104532719
9973,0.03866700083017349,0.0006282741669565439
9974,0.01360000018030405,0.0006316579529084265
9975,0.043733999133110046,0.0006337006925605237
9976,0.02346700057387352,0.0006376364035531878
9977,0.043733999133110046,0.0006411645445041358
9978,0.01360000018030405,0.0006451543886214495
9979,0.01360000018030405,0.0006495325942523777
9980,-0.006399999838322401,0.0006543785566464067
9981,0.03359999880194664,0.0006588509422726929
9982,-0.011466999538242817,0.0006633555749431252
9983,0.05360100045800209,0.0006672120653092861
9984,0.003467000089585781,0.0006719206576235592
9985,0.05360100045800209,0.000675805436912924
9986,0.003467000089585781,0.0006803075084462762
9987,0.003467000089585781,0.0006839739507995546
9988,0.02346700057387352,0.0006883988971821964
9989,0.03866700083017349,0.0006918365252204239
9990,0.03359999880194664,0.0006936192512512207
9991,0.03866700083017349,0.000692762725520879
9992,0.01360000018030405,0.0006916522979736328
9993,0.043733999133110046,0.0006888537318445742
9994,-0.0013330000219866633,0.0006914967088960111
9995,0.028534000739455223,0.0006994049181230366
9996,-0.0013330000219866633,0.0007104824180714786
9997,0.03359999880194664,0.0007114410400390625
9998,0.003467000089585781,0.0007057487964630127
9999,0.0685340017080307,0.0007007718086242676
