index,value,anomaly_score
0,0.008533000014722347,0.0006325443391688168
1,0.04853399842977524,0.00062522292137146
2,-0.011466999538242817,0.0006124311476014555
3,0.03866700083017349,0.0006050964584574103
4,0.01866699941456318,0.0006031274679116905
5,0.03359999880194664,0.0006018843851052225
6,-0.011466999538242817,0.0006023304886184633
7,0.05866700038313866,0.0006044358015060425
8,0.01360000018030405,0.000605408800765872
9,0.028534000739455223,0.0006037871353328228
10,0.01866699941456318,0.0006029786891303957
11,0.03866700083017349,0.0006044871406629682
12,-0.006399999838322401,0.0006056734127923846
13,0.01866699941456318,0.0006045912159606814
14,0.008533000014722347,0.0006028678617440164
15,0.03866700083017349,0.0006009737844578922
16,-0.0013330000219866633,0.0005967067554593086
17,0.03866700083017349,0.0005924723809584975
18,-0.0013330000219866633,0.0005887056468054652
19,0.03866700083017349,0.0005863577243871987
20,-0.011466999538242817,0.0005838946672156453
21,0.03866700083017349,0.0005819671205244958
22,-0.0013330000219866633,0.0005804576794616878
23,0.03359999880194664,0.0005806038971059024
24,-0.0013330000219866633,0.0005804419633932412
25,0.02346700057387352,0.0005793097661808133
26,0.02346700057387352,0.0005796816549263895
27,0.01360000018030405,0.0005802448140457273
28,0.003467000089585781,0.0005809870199300349
29,0.02346700057387352,0.000582534761633724
30,-0.03653400018811226,0.0005824405234307051
31,0.03359999880194664,0.0005825285916216671
32,0.02346700057387352,0.0005813776515424252
33,0.028534000739455223,0.0005803312524221838
34,-0.026399999856948853,0.0005799923674203455
35,0.0685340017080307,0.000580974156036973
36,0.003467000089585781,0.0005807371926493943
37,0.06373400241136551,0.0005802286905236542
38,0.003467000089585781,0.0005791294388473034
39,0.028534000739455223,0.0005788092385046184
40,0.003467000089585781,0.0005778360064141452
41,0.07866799831390381,0.000577627622988075
42,0.02346700057387352,0.0005766120739281178
43,0.03866700083017349,0.0005757528706453741
44,-0.0013330000219866633,0.0005756108439527452
45,0.05360100045800209,0.0005755955935455859
46,-0.011466999538242817,0.0005745802773162723
47,0.03866700083017349,0.0005735874874517322
48,0.003467000089585781,0.0005730690318159759
49,0.03359999880194664,0.0005724358488805592
50,-0.03653400018811226,0.000571299169678241
51,0.05866700038313866,0.0005701975314877927
52,-0.016534000635147095,0.0005693015409633517
53,0.003467000089585781,0.0005681117181666195
54,-0.0013330000219866633,0.0005675803404301405
55,0.05360100045800209,0.0005676497821696103
56,-0.031466998159885406,0.0005675696884281933
57,0.02346700057387352,0.0005671981489285827
58,0.01866699941456318,0.0005660548340529203
59,0.03866700083017349,0.0005651702522300184
60,0.008533000014722347,0.0005636950954794884
61,-0.006399999838322401,0.000562931876629591
62,0.02346700057387352,0.0005625347257591784
63,0.01360000018030405,0.0005619615549221635
64,-0.0013330000219866633,0.0005616698181256652
65,0.043733999133110046,0.000561144610401243
66,0.003467000089585781,0.0005604959442280233
67,0.01866699941456318,0.0005601813900284469
68,-0.0013330000219866633,0.0005599798751063645
69,0.01866699941456318,0.000559385574888438
70,-0.0013330000219866633,0.0005588836502283812
71,0.02346700057387352,0.0005584662430919707
72,0.008533000014722347,0.0005578831187449396
73,0.028534000739455223,0.0005577735137194395
74,-0.02160000056028366,0.0005575842224061489
75,0.043733999133110046,0.0005575799732469022
76,-0.02160000056028366,0.000557461054995656
77,-0.006399999838322401,0.0005571319488808513
78,0.003467000089585781,0.0005565425963141024
79,0.03866700083017349,0.0005564751336351037
80,-0.011466999538242817,0.0005565064493566751
81,0.03866700083017349,0.0005572382360696793
82,0.05360100045800209,0.0005574647220782936
83,0.05360100045800209,0.000558135739993304
84,0.02346700057387352,0.0005580151337198913
85,0.07360100001096725,0.0005583742167800665
86,-0.026399999856948853,0.0005577934789471328
87,0.03359999880194664,0.0005569536588154733
88,-0.0013330000219866633,0.0005560615099966526
89,0.03359999880194664,0.0005553170340135694
90,-0.006399999838322401,0.0005547074251808226
91,0.01866699941456318,0.0005542644648812711
92,-0.02160000056028366,0.0005536950775422156
93,0.03866700083017349,0.0005534891388379037
94,0.01360000018030405,0.0005532764480449259
95,0.04853399842977524,0.0005533943767659366
96,-0.011466999538242817,0.0005530588096007705
97,0.028534000739455223,0.000552490062545985
98,0.003467000089585781,0.0005518589168787003
99,0.03359999880194664,0.000551423232536763
100,-0.04666699841618538,0.0005505728186108172
101,0.02346700057387352,0.0005497137899510562
102,-0.011466999538242817,0.0005491636111401021
103,0.003467000089585781,0.0005487283924594522
104,-0.05146700143814087,0.0005482917767949402
105,0.01866699941456318,0.0005476002697832882
106,-0.011466999538242817,0.0005468997405841947
107,0.02346700057387352,0.0005462075932882726
108,-0.0013330000219866633,0.0005453834310173988
109,0.04853399842977524,0.0005446269642561674
110,-0.011466999538242817,0.0005438050138764083
111,0.02346700057387352,0.0005430272431112826
112,-0.0013330000219866633,0.0005423029651865363
113,0.01360000018030405,0.0005415111663751304
114,-0.0013330000219866633,0.0005407865392044187
115,0.01360000018030405,0.0005400547524914145
116,-0.006399999838322401,0.0005395434563979506
117,0.01360000018030405,0.0005392797756940126
118,-0.011466999538242817,0.0005390206351876259
119,0.03866700083017349,0.0005385256954468787
120,-0.026399999856948853,0.0005379603244364262
121,0.02346700057387352,0.0005372205632738769
122,0.003467000089585781,0.0005366094992496073
123,0.01360000018030405,0.0005360582144930959
124,-0.02160000056028366,0.000535812578164041
125,0.01360000018030405,0.0005353689193725586
126,-0.04160099849104881,0.0005351766594685614
127,0.05360100045800209,0.0005345336394384503
128,0.008533000014722347,0.0005339271738193929
129,0.03866700083017349,0.0005334580200724304
130,-0.0013330000219866633,0.0005333385779522359
131,0.04853399842977524,0.0005330063286237419
132,-0.03653400018811226,0.0005326251266524196
133,0.04853399842977524,0.0005322802462615073
134,0.02346700057387352,0.000532021455001086
135,0.03866700083017349,0.0005316014867275953
136,-0.02160000056028366,0.0005312284920364618
137,0.03866700083017349,0.0005309473490342498
138,0.01866699941456318,0.0005305733648128808
139,0.04853399842977524,0.0005301731871441007
140,-0.0013330000219866633,0.0005298190517351031
141,0.01866699941456318,0.0005295553128235042
142,0.003467000089585781,0.0005293332505971193
143,0.02346700057387352,0.0005292670102789998
144,-0.026399999856948853,0.0005290376138873398
145,0.028534000739455223,0.0005287890089675784
146,-0.026399999856948853,0.0005285120569169521
147,0.02346700057387352,0.00052839913405478
148,-0.026399999856948853,0.0005280444747768342
149,0.01360000018030405,0.0005275312578305602
150,-0.03653400018811226,0.0005272393464110792
151,0.01360000018030405,0.0005269452813081443
152,-0.011466999538242817,0.0005266007501631975
153,0.028534000739455223,0.0005263416096568108
154,0.008533000014722347,0.0005261628539301455
155,0.02346700057387352,0.0005260490579530597
156,-0.0013330000219866633,0.0005260139587335289
157,0.03359999880194664,0.0005260699545033276
158,-0.0013330000219866633,0.000526011805050075
159,0.01360000018030405,0.0005258127930574119
160,-0.02160000056028366,0.0005254807183519006
161,0.008533000014722347,0.000525433337315917
162,0.01360000018030405,0.0005255175638012588
163,0.028534000739455223,0.0005257428856566548
164,-0.02160000056028366,0.0005260353209450841
165,0.02346700057387352,0.0005262436461634934
166,-0.04160099849104881,0.0005264669889584184
167,0.03866700083017349,0.000526422169059515
168,-0.011466999538242817,0.000526286952663213
169,0.043733999133110046,0.0005261898040771484
170,-0.011466999538242817,0.0005263644270598888
171,0.028534000739455223,0.0005265157087706029
172,-0.016534000635147095,0.0005268511013127863
173,0.04853399842977524,0.0005270507535897195
174,-0.03653400018811226,0.0005274545983411372
175,0.028534000739455223,0.0005275739240460098
176,-0.0013330000219866633,0.0005278460448607802
177,0.03359999880194664,0.0005281243938952684
178,0.003467000089585781,0.0005284635699354112
179,0.04853399842977524,0.0005285792867653072
180,-0.02160000056028366,0.0005287048406898975
181,0.02346700057387352,0.0005288578104227781
182,-0.0013330000219866633,0.0005289132823236287
183,0.03866700083017349,0.0005290383123792708
184,-0.016534000635147095,0.0005294093280099332
185,0.028534000739455223,0.0005296940798871219
186,-0.04666699841618538,0.0005299877957440913
187,0.02346700057387352,0.000530361954588443
188,-0.011466999538242817,0.0005306664388626814
189,0.04853399842977524,0.0005310122505761683
190,0.028534000739455223,0.0005314435693435371
191,0.03866700083017349,0.000531814934220165
192,-0.016534000635147095,0.0005322278011590242
193,0.01360000018030405,0.0005325263482518494
194,-0.011466999538242817,0.0005328809493221343
195,0.028534000739455223,0.0005332379951141775
196,0.003467000089585781,0.0005337696638889611
197,0.008533000014722347,0.0005342323565855622
198,0.003467000089585781,0.0005347199039533734
199,0.05360100045800209,0.0005350630963221192
200,0.008533000014722347,0.0005353707820177078
201,0.02346700057387352,0.0005357129266485572
202,0.02346700057387352,0.0005359966307878494
203,0.04853399842977524,0.0005364135140553117
204,-0.026399999856948853,0.0005366631667129695
205,0.02346700057387352,0.0005368999554775655
206,-0.011466999538242817,0.0005372033338062465
207,0.01360000018030405,0.0005375836626626551
208,-0.011466999538242817,0.0005379545036703348
209,0.06373400241136551,0.0005382524104788899
210,-0.011466999538242817,0.0005384661490097642
211,0.06373400241136551,0.000538719235919416
212,0.02346700057387352,0.000539323897100985
213,0.03866700083017349,0.0005398056819103658
214,-0.011466999538242817,0.0005403616232797503
215,0.07866799831390381,0.0005408975412137806
216,0.003467000089585781,0.0005414345068857074
217,0.003467000089585781,0.0005419336957857013
218,0.003467000089585781,0.0005423643742688
219,0.05360100045800209,0.0005428959848359227
220,0.003467000089585781,0.0005433833575807512
221,0.03866700083017349,0.0005440568784251809
222,0.003467000089585781,0.0005446018767543137
223,0.04853399842977524,0.0005452168988995254
224,-0.011466999538242817,0.0005457044462673366
225,0.04853399842977524,0.0005461433320306242
226,-0.011466999538242817,0.0005464473506435752
227,0.03359999880194664,0.0005467298324219882
228,-0.0013330000219866633,0.0005470538744702935
229,0.02346700057387352,0.0005474957870319486
230,0.003467000089585781,0.0005475465441122651
231,0.03359999880194664,0.0005477298982441425
232,0.01360000018030405,0.0005478213424794376
233,0.028534000739455223,0.0005481168045662344
234,0.028534000739455223,0.0005483481218107045
235,0.043733999133110046,0.0005487117450684309
236,-0.0013330000219866633,0.0005490817711688578
237,0.05866700038313866,0.0005495169898495078
238,0.028534000739455223,0.0005500828847289085
239,0.05866700038313866,0.0005505548324435949
240,-0.02160000056028366,0.0005510610062628984
241,0.04853399842977524,0.0005514654912985861
242,-0.011466999538242817,0.0005517914541997015
243,0.06373400241136551,0.0005519466940313578
244,0.01360000018030405,0.0005523274303413928
245,0.028534000739455223,0.0005527925095520914
246,0.01360000018030405,0.0005531245260499418
247,0.05360100045800209,0.000553436460904777
248,-0.011466999538242817,0.0005537023534998298
249,0.03866700083017349,0.0005540697020478547
250,0.03359999880194664,0.0005545104504562914
251,0.043733999133110046,0.000554982980247587
252,-0.006399999838322401,0.0005554362433031201
253,0.05360100045800209,0.000555889739189297
254,-0.02160000056028366,0.0005563564482145011
255,0.03866700083017349,0.0005566234467551112
256,-0.016534000635147095,0.0005566764157265425
257,0.01866699941456318,0.0005569562781602144
258,0.008533000014722347,0.0005572823574766517
259,0.04853399842977524,0.0005576827679760754
260,-0.011466999538242817,0.0005580527358688414
261,0.03866700083017349,0.0005586799816228449
262,-0.006399999838322401,0.0005593975074589252
263,0.03866700083017349,0.000560126849450171
264,0.02346700057387352,0.0005608041537925601
265,0.05866700038313866,0.0005615819245576859
266,-0.011466999538242817,0.0005622981116175652
267,0.01866699941456318,0.0005629986990243196
268,-0.03653400018811226,0.000563465990126133
269,0.008533000014722347,0.0005643257172778249
270,-0.02160000056028366,0.0005651102401316166
271,0.03359999880194664,0.0005661912728101015
272,-0.011466999538242817,0.0005673422710970044
273,0.028534000739455223,0.000568531162571162
274,-0.011466999538242817,0.0005697205197066069
275,0.03866700083017349,0.0005709006800316274
276,0.003467000089585781,0.0005720329936593771
277,0.06373400241136551,0.0005731941782869399
278,-0.0013330000219866633,0.0005744544905610383
279,0.03866700083017349,0.0005756007740274072
280,-0.0013330000219866633,0.0005763462977483869
281,0.07360100001096725,0.0005771705182269216
282,-0.026399999856948853,0.0005779369384981692
283,0.008533000014722347,0.0005788911366835237
284,-0.006399999838322401,0.0005796572659164667
285,0.043733999133110046,0.0005803697276860476
286,-0.011466999538242817,0.0005812610615976155
287,0.04853399842977524,0.000582139240577817
288,0.01360000018030405,0.0005829929141327739
289,0.05360100045800209,0.0005839858786202967
290,-0.011466999538242817,0.0005849055596627295
291,0.01360000018030405,0.0005859903176315129
292,-0.016534000635147095,0.000586991140153259
293,0.05360100045800209,0.0005881916731595993
294,-0.026399999856948853,0.0005892678163945675
295,0.03866700083017349,0.0005905449506826699
296,-0.011466999538242817,0.0005917476955801249
297,0.028534000739455223,0.0005929899634793401
298,-0.026399999856948853,0.0005940980045124888
299,0.01360000018030405,0.0005956165259703994
300,-0.02160000056028366,0.0005969085032120347
301,0.05360100045800209,0.0005985763855278492
302,-0.0013330000219866633,0.0006003693561069667
303,0.03359999880194664,0.0006020767614245415
304,-0.03653400018811226,0.0006036122213117778
305,0.01360000018030405,0.0006055602570995688
306,-0.0013330000219866633,0.00060764339286834
307,0.03866700083017349,0.0006097035948187113
308,0.003467000089585781,0.0006115217693150043
309,0.08373399823904037,0.0006136130541563034
310,0.02346700057387352,0.0006155397277325392
311,0.08373399823904037,0.0006172996945679188
312,-0.011466999538242817,0.0006188699044287205
313,0.06373400241136551,0.0006204169476404786
314,-0.011466999538242817,0.0006218529306352139
315,0.03359999880194664,0.0006233440944924951
316,0.028534000739455223,0.0006249697180464864
317,0.028534000739455223,0.0006263268878683448
318,0.01866699941456318,0.0006274572806432843
319,0.07360100001096725,0.0006286595016717911
320,-0.03653400018811226,0.0006294093327596784
321,0.03866700083017349,0.0006303086993284523
322,-0.011466999538242817,0.0006312000332400203
323,0.028534000739455223,0.0006324070272967219
324,0.003467000089585781,0.0006333593046292663
325,0.03359999880194664,0.0006343601853586733
326,-0.031466998159885406,0.0006351586198434234
327,0.03866700083017349,0.0006361315026879311
328,0.02346700057387352,0.0006372854113578796
329,0.03359999880194664,0.0006383072468452156
330,-0.011466999538242817,0.0006389921181835234
331,0.06373400241136551,0.0006396215758286417
332,-0.02160000056028366,0.0006401665741577744
333,0.043733999133110046,0.0006407275795936584
334,-0.011466999538242817,0.0006414806703105569
335,0.02346700057387352,0.0006423888262361288
336,-0.0013330000219866633,0.0006430952344089746
337,0.028534000739455223,0.0006437603151425719
338,-0.04666699841618538,0.0006445365725085139
339,0.03866700083017349,0.0006453609094023705
340,-0.006399999838322401,0.0006462428136728704
341,0.04853399842977524,0.0006472127279266715
342,-0.011466999538242817,0.0006483640754595399
343,0.028534000739455223,0.0006497159483842552
344,-0.02160000056028366,0.0006509182276204228
345,0.043733999133110046,0.0006520966999232769
346,-0.02160000056028366,0.0006531580584123731
347,0.008533000014722347,0.0006544930511154234
348,-0.006399999838322401,0.000655626761727035
349,0.04853399842977524,0.000656876596622169
350,-0.011466999538242817,0.0006579220644198358
351,0.043733999133110046,0.0006588513497263193
352,-0.061601001769304276,0.0006598172476515174
353,0.028534000739455223,0.0006613043951801956
354,-0.0013330000219866633,0.0006625981186516583
355,0.03359999880194664,0.0006637268234044313
356,-0.011466999538242817,0.0006650704890489578
357,-0.0013330000219866633,0.0006663383101113141
358,0.008533000014722347,0.0006673434982076287
359,0.02346700057387352,0.0006683467072434723
360,0.003467000089585781,0.000669267144985497
361,0.043733999133110046,0.0006702691898681223
362,-0.02160000056028366,0.0006713336915709078
363,0.06373400241136551,0.0006724889972247183
364,-0.0013330000219866633,0.000673576956614852
365,0.03866700083017349,0.0006746400613337755
366,-0.006399999838322401,0.0006756014772690833
367,0.03359999880194664,0.0006765778525732458
368,0.03359999880194664,0.00067752948962152
369,0.028534000739455223,0.0006785022560507059
370,0.003467000089585781,0.0006794816581532359
371,0.05866700038313866,0.0006805929588153958
372,0.01866699941456318,0.0006816647946834564
373,0.05360100045800209,0.000682606128975749
374,0.008533000014722347,0.000683266669511795
375,0.03866700083017349,0.0006841529393568635
376,0.01866699941456318,0.0006849141791462898
377,0.04853399842977524,0.0006857607513666153
378,-0.0013330000219866633,0.0006864924216642976
379,0.01360000018030405,0.0006872520316392183
380,-0.006399999838322401,0.0006877875421196222
381,0.01866699941456318,0.0006882949965074658
382,0.01360000018030405,0.000688717293087393
383,0.028534000739455223,0.0006893983809277415
384,0.01360000018030405,0.0006900593871250749
385,0.05866700038313866,0.0006906600901857018
386,0.003467000089585781,0.0006909942021593451
387,0.07360100001096725,0.0006914339028298855
388,0.003467000089585781,0.0006919483421370387
389,0.04853399842977524,0.000692530651576817
390,-0.006399999838322401,0.0006931059178896248
391,0.04853399842977524,0.0006938839796930552
392,0.01866699941456318,0.0006945331697352231
393,0.05360100045800209,0.000695178285241127
394,-0.006399999838322401,0.0006958094309084117
395,0.03866700083017349,0.0006965083302929997
396,-0.031466998159885406,0.0006971851689741015
397,0.01866699941456318,0.0006980617763474584
398,0.028534000739455223,0.0006988581735640764
399,0.07360100001096725,0.0006995841395109892
400,0.01866699941456318,0.0006999410688877106
401,0.05360100045800209,0.0007004252402111888
402,0.05360100045800209,0.0007009643595665693
403,0.008533000014722347,0.0007015232695266604
404,-0.016534000635147095,0.0007024983642622828
405,0.03866700083017349,0.0007035512244328856
406,-0.011466999538242817,0.000704284175299108
407,0.04853399842977524,0.0007049820851534605
408,0.003467000089585781,0.0007054944289848208
409,0.028534000739455223,0.000705897924490273
410,-0.0013330000219866633,0.000706170336343348
411,0.01360000018030405,0.0007066726102493703
412,0.003467000089585781,0.0007068926934152842
413,0.03359999880194664,0.0007071130676195025
414,-0.016534000635147095,0.0007073676097206771
415,0.05360100045800209,0.0007081071380525827
416,0.02346700057387352,0.0007087492849677801
417,0.028534000739455223,0.0007092695450410247
418,0.02346700057387352,0.0007096030749380589
419,0.043733999133110046,0.0007100507500581443
420,0.003467000089585781,0.0007103740936145186
421,0.04853399842977524,0.0007107941783033311
422,-0.011466999538242817,0.0007111213635653257
423,0.07360100001096725,0.0007118936628103256
424,0.01866699941456318,0.0007125478005036712
425,0.05360100045800209,0.0007133999606594443
426,0.03866700083017349,0.000714339897967875
427,-0.0013330000219866633,0.0007151091122068465
428,0.02346700057387352,0.000715468660928309
429,0.028534000739455223,0.0007158102234825492
430,0.01360000018030405,0.0007159773376770318
431,0.04853399842977524,0.0007163611589930952
432,0.02346700057387352,0.0007166544673964381
433,0.043733999133110046,0.0007169641903601587
434,-0.011466999538242817,0.0007168345618993044
435,0.008533000014722347,0.0007170441094785929
436,0.01360000018030405,0.0007173221092671156
437,0.05360100045800209,0.0007176640210673213
438,0.01866699941456318,0.0007179479580372572
439,0.07866799831390381,0.0007181968539953232
440,0.003467000089585781,0.0007183471461758018
441,0.06373400241136551,0.0007186542497947812
442,-0.011466999538242817,0.0007187226437963545
443,0.043733999133110046,0.0007186537841334939
444,0.003467000089585781,0.0007186140865087509
445,0.02346700057387352,0.0007186714792624116
446,-0.006399999838322401,0.0007188852177932858
447,0.03866700083017349,0.0007191085023805499
448,0.02346700057387352,0.0007193121709860861
449,0.028534000739455223,0.0007194904610514641
450,0.003467000089585781,0.0007194597856141627
451,0.01866699941456318,0.0007196220103651285
452,0.01866699941456318,0.0007196575170382857
453,0.03866700083017349,0.0007197579834610224
454,-0.011466999538242817,0.0007197338272817433
455,0.0685340017080307,0.0007198803359642625
456,0.008533000014722347,0.0007199783576652408
457,0.028534000739455223,0.0007199791725724936
458,0.003467000089585781,0.0007197369704954326
459,0.04853399842977524,0.0007194220088422298
460,0.008533000014722347,0.0007192757911980152
461,0.04853399842977524,0.000719124567694962
462,-0.011466999538242817,0.0007187861483544111
463,0.03866700083017349,0.0007184221758507192
464,0.003467000089585781,0.000718090042937547
465,0.02346700057387352,0.0007179066305980086
466,0.008533000014722347,0.0007177598308771849
467,0.028534000739455223,0.0007176813669502735
468,-0.011466999538242817,0.0007172083714976907
469,0.008533000014722347,0.0007167882286012173
470,-0.02160000056028366,0.0007164952694438398
471,0.06373400241136551,0.0007161853136494756
472,0.01360000018030405,0.0007157469517551363
473,0.043733999133110046,0.0007154435152187943
474,0.02346700057387352,0.0007151197642087936
475,0.06373400241136551,0.0007147665019147098
476,0.02346700057387352,0.0007144130067899823
477,0.0685340017080307,0.0007139398949220777
478,0.01360000018030405,0.0007136011845432222
479,0.06373400241136551,0.0007131834281608462
480,-0.02160000056028366,0.0007128476863726974
481,0.06373400241136551,0.0007125954725779593
482,0.003467000089585781,0.0007124323165044188
483,0.028534000739455223,0.000712406646925956
484,-0.0013330000219866633,0.000712243199814111
485,0.08880099654197693,0.0007122328970581293
486,-0.026399999856948853,0.0007121730013750494
487,0.0685340017080307,0.0007119852816686034
488,-0.011466999538242817,0.0007117585046216846
489,0.028534000739455223,0.0007114146137610078
490,0.028534000739455223,0.0007111603626981378
491,0.03359999880194664,0.0007107395213097334
492,0.003467000089585781,0.0007103199022822082
493,0.003467000089585781,0.0007098509231582284
494,-0.016534000635147095,0.0007091996958479285
495,0.028534000739455223,0.0007086846744641662
496,-0.011466999538242817,0.0007079825736582279
497,0.028534000739455223,0.0007074250606819987
498,-0.02160000056028366,0.0007069334387779236
499,0.028534000739455223,0.0007066819816827774
500,-0.016534000635147095,0.0007062285440042615
501,0.02346700057387352,0.0007057113107293844
502,0.028534000739455223,0.0007051962893456221
503,0.03866700083017349,0.0007046113605611026
504,0.003467000089585781,0.0007041334174573421
505,0.03866700083017349,0.0007034833543002605
506,-0.006399999838322401,0.0007029562257230282
507,0.028534000739455223,0.0007023216458037496
508,-0.02160000056028366,0.0007017349125817418
509,0.028534000739455223,0.0007009678520262241
510,0.02346700057387352,0.000700255623087287
511,0.008533000014722347,0.0006996541633270681
512,0.003467000089585781,0.0006990731926634908
513,0.05360100045800209,0.0006983318598940969
514,-0.016534000635147095,0.0006975746946409345
515,0.05360100045800209,0.0006966665387153625
516,-0.006399999838322401,0.0006958121666684747
517,0.003467000089585781,0.0006945662898942828
518,-0.026399999856948853,0.0006932960241101682
519,0.02346700057387352,0.0006919320439919829
520,-0.03653400018811226,0.0006906015332788229
521,0.028534000739455223,0.0006893592653796077
522,-0.0013330000219866633,0.0006881997687742114
523,0.03359999880194664,0.0006869507487863302
524,-0.02160000056028366,0.0006858527194708586
525,0.028534000739455223,0.0006844023591838777
526,-0.016534000635147095,0.000683161779306829
527,0.04853399842977524,0.0006815557135269046
528,0.01360000018030405,0.0006800467381253839
529,0.02346700057387352,0.0006785406731069088
530,-0.02160000056028366,0.00067708152346313
531,0.03359999880194664,0.0006755613721907139
532,-0.016534000635147095,0.0006740463431924582
533,0.06373400241136551,0.0006724338745698333
534,0.008533000014722347,0.0006706550484523177
535,0.028534000739455223,0.0006687900749966502
536,-0.011466999538242817,0.000667326501570642
537,0.04853399842977524,0.0006658366182819009
538,0.028534000739455223,0.0006641600630246103
539,0.028534000739455223,0.0006622010841965675
540,0.008533000014722347,0.0006604200461879373
541,0.043733999133110046,0.0006585526280105114
542,0.028534000739455223,0.0006567240925505757
543,0.03866700083017349,0.0006549487006850541
544,-0.016534000635147095,0.0006533535197377205
545,0.04853399842977524,0.0006516278954222798
546,-0.02160000056028366,0.0006499747396446764
547,0.05360100045800209,0.0006479838630184531
548,-0.016534000635147095,0.000646376283839345
549,0.008533000014722347,0.0006446007755585015
550,-0.0013330000219866633,0.0006430372013710439
551,0.03866700083017349,0.0006411524955183268
552,-0.02160000056028366,0.0006394414231181145
553,0.07866799831390381,0.0006377866957336664
554,-0.011466999538242817,0.0006361667765304446
555,0.043733999133110046,0.0006341459229588509
556,0.003467000089585781,0.0006322254193946719
557,0.04853399842977524,0.0006299284286797047
558,0.008533000014722347,0.0006276106578297913
559,0.02346700057387352,0.0006253824103623629
560,0.01360000018030405,0.0006232320447452366
561,0.03359999880194664,0.0006207253900356591
562,0.008533000014722347,0.0006181015633046627
563,0.06373400241136551,0.0006156307645142078
564,0.008533000014722347,0.0006132872658781707
565,0.01866699941456318,0.0006107822991907597
566,0.003467000089585781,0.0006083352491259575
567,0.04853399842977524,0.00060590251814574
568,0.02346700057387352,0.000603759428486228
569,0.04853399842977524,0.0006018062122166157
570,-0.006399999838322401,0.0006000688881613314
571,0.05360100045800209,0.0005982972797937691
572,-0.006399999838322401,0.0005965349264442921
573,0.028534000739455223,0.0005949827609583735
574,0.003467000089585781,0.0005934718064963818
575,0.05360100045800209,0.000592006545048207
576,-0.016534000635147095,0.0005909096216782928
577,0.028534000739455223,0.0005897111259400845
578,-0.02160000056028366,0.0005885472055524588
579,0.03359999880194664,0.0005868691368959844
580,-0.006399999838322401,0.0005855191266164184
581,0.02346700057387352,0.00058408931363374
582,0.01360000018030405,0.0005828469293192029
583,0.02346700057387352,0.0005814317846670747
584,0.003467000089585781,0.000580007559619844
585,0.04853399842977524,0.0005785344401374459
586,0.008533000014722347,0.0005774639430455863
587,0.05360100045800209,0.000576336809899658
588,0.01360000018030405,0.0005753861623816192
589,0.02346700057387352,0.0005744347581639886
590,0.003467000089585781,0.0005735538434237242
591,0.043733999133110046,0.0005723530193790793
592,-0.02160000056028366,0.0005713016726076603
593,0.05360100045800209,0.0005698803579434752
594,-0.0013330000219866633,0.0005685975775122643
595,0.028534000739455223,0.0005670887185260653
596,-0.006399999838322401,0.0005659369053319097
597,0.043733999133110046,0.000564678106456995
598,0.003467000089585781,0.0005636296700686216
599,0.028534000739455223,0.0005623996257781982
600,-0.03653400018811226,0.0005611503729596734
601,0.04853399842977524,0.0005596915725618601
602,0.008533000014722347,0.0005584000609815121
603,0.03866700083017349,0.0005566870095208287
604,-0.0013330000219866633,0.0005554067902266979
605,0.04853399842977524,0.0005537583492696285
606,0.003467000089585781,0.0005523365689441562
607,0.05360100045800209,0.0005509506445378065
608,-0.006399999838322401,0.0005497227539308369
609,0.04853399842977524,0.0005480137770064175
610,-0.0013330000219866633,0.0005466130678541958
611,0.04853399842977524,0.0005452039767988026
612,0.028534000739455223,0.0005438291118480265
613,0.028534000739455223,0.0005425057024694979
614,0.008533000014722347,0.0005413582548499107
615,0.05360100045800209,0.0005401660455390811
616,-0.011466999538242817,0.0005389745347201824
617,0.028534000739455223,0.0005377443740144372
618,0.01360000018030405,0.000536558625753969
619,0.03866700083017349,0.0005352750886231661
620,-0.0013330000219866633,0.0005341344512999058
621,0.04853399842977524,0.0005330103449523449
622,0.02346700057387352,0.0005321255885064602
623,0.07360100001096725,0.0005312971188686788
624,-0.0013330000219866633,0.0005303893703967333
625,0.028534000739455223,0.0005295469891279936
626,-0.02160000056028366,0.0005286074592731893
627,0.02346700057387352,0.0005274465656839311
628,0.003467000089585781,0.00052625936223194
629,0.04853399842977524,0.0005250858957879245
630,-0.02160000056028366,0.000524142466019839
631,0.043733999133110046,0.000522997637744993
632,0.028534000739455223,0.000522076734341681
633,0.04853399842977524,0.0005211692187003791
634,-0.011466999538242817,0.0005203144974075258
635,0.06373400241136551,0.0005193892284296453
636,0.043733999133110046,0.00051846046699211
637,0.028534000739455223,0.0005176904378458858
638,-0.011466999538242817,0.0005168982315808535
639,0.01360000018030405,0.0005160204018466175
640,0.008533000014722347,0.0005151124205440283
641,0.05360100045800209,0.0005142383743077517
642,-0.0013330000219866633,0.0005135962273925543
643,0.03359999880194664,0.0005129274795763195
644,0.003467000089585781,0.0005121977883391082
645,0.02346700057387352,0.0005114598898217082
646,-0.0013330000219866633,0.0005107006290927529
647,0.043733999133110046,0.000509846955537796
648,0.003467000089585781,0.0005090869381092489
649,0.043733999133110046,0.0005082704010419548
650,-0.03653400018811226,0.0005076459492556751
651,0.03359999880194664,0.000506774929817766
652,-0.011466999538242817,0.000505891046486795
653,-0.006399999838322401,0.0005048321909271181
654,0.01360000018030405,0.0005036910879425704
655,0.05866700038313866,0.0005026342114433646
656,-0.0013330000219866633,0.0005022759432904422
657,0.028534000739455223,0.0005017943913117051
658,-0.031466998159885406,0.0005013190675526857
659,-0.006399999838322401,0.0005007818108424544
660,-0.02160000056028366,0.0004999759839847684
661,0.008533000014722347,0.000498924171552062
662,-0.031466998159885406,0.0004981026868335903
663,0.043733999133110046,0.0004973035538569093
664,-0.02160000056028366,0.0004967582644894719
665,0.01360000018030405,0.0004963730461895466
666,0.01360000018030405,0.0004960474325343966
667,0.03866700083017349,0.0004955006297677755
668,-0.011466999538242817,0.000495162617880851
669,0.03866700083017349,0.000494621112011373
670,-0.03653400018811226,0.0004940856015309691
671,0.07360100001096725,0.0004932340234518051
672,-0.03653400018811226,0.0004926124820485711
673,0.028534000739455223,0.0004918689373880625
674,-0.011466999538242817,0.0004911902360618114
675,0.043733999133110046,0.0004903302760794759
676,0.01360000018030405,0.0004895802121609449
677,0.05866700038313866,0.0004886692622676492
678,0.003467000089585781,0.0004879588377662003
679,0.04853399842977524,0.0004869849362876266
680,-0.016534000635147095,0.0004862532950937748
681,0.01360000018030405,0.00048518087714910507
682,-0.0013330000219866633,0.00048387894639745355
683,0.05360100045800209,0.00048274025903083384
684,0.028534000739455223,0.0004817965964321047
685,0.043733999133110046,0.0004810597747564316
686,0.02346700057387352,0.00048040220281109214
687,0.01360000018030405,0.0004798260924872011
688,0.003467000089585781,0.0004791638348251581
689,0.05360100045800209,0.0004784662742167711
690,-0.0013330000219866633,0.00047820666804909706
691,0.02346700057387352,0.00047787115909159184
692,0.01866699941456318,0.0004775004927068949
693,0.04853399842977524,0.00047704539611004293
694,0.003467000089585781,0.00047677214024588466
695,0.028534000739455223,0.0004765160847455263
696,0.008533000014722347,0.0004761209711432457
697,0.06373400241136551,0.000475762237329036
698,0.003467000089585781,0.00047563883708789945
699,0.06373400241136551,0.00047568470472469926
700,-0.02160000056028366,0.00047577201621606946
701,0.028534000739455223,0.00047570100286975503
702,-0.016534000635147095,0.0004753035609610379
703,0.01360000018030405,0.0004749621148221195
704,0.01866699941456318,0.00047456525499001145
705,0.03866700083017349,0.00047433323925361037
706,-0.026399999856948853,0.0004742317833006382
707,0.02346700057387352,0.00047398413880728185
708,-0.006399999838322401,0.00047374743735417724
709,0.01866699941456318,0.0004734619869850576
710,-0.016534000635147095,0.0004730764776468277
711,0.01866699941456318,0.00047254288801923394
712,0.02346700057387352,0.00047208191244862974
713,0.05360100045800209,0.00047166040167212486
714,0.02346700057387352,0.00047162463306449354
715,0.028534000739455223,0.0004715198592748493
716,0.003467000089585781,0.0004713315865956247
717,0.04853399842977524,0.0004711510264314711
718,-0.006399999838322401,0.0004711765795946121
719,0.028534000739455223,0.00047110446030274034
720,-0.02160000056028366,0.0004708846681751311
721,0.02346700057387352,0.0004706855397671461
722,0.01866699941456318,0.0004704995662905276
723,0.04853399842977524,0.00047009834088385105
724,0.003467000089585781,0.0004699329729191959
725,0.028534000739455223,0.0004697483964264393
726,0.003467000089585781,0.0004693515074905008
727,0.02346700057387352,0.000469013029942289
728,-0.0013330000219866633,0.00046872891834937036
729,0.043733999133110046,0.0004683956503868103
730,-0.0013330000219866633,0.0004680221900343895
731,0.07360100001096725,0.0004677249526139349
732,-0.011466999538242817,0.00046738958917558193
733,0.07360100001096725,0.00046698926598764956
734,0.003467000089585781,0.0004666428139898926
735,0.03866700083017349,0.00046630436554551125
736,-0.006399999838322401,0.00046596769243478775
737,0.05360100045800209,0.0004654884396586567
738,0.01360000018030405,0.0004651936760637909
739,0.03866700083017349,0.0004647652676794678
740,-0.02160000056028366,0.00046447679051198065
741,0.03866700083017349,0.0004638104292098433
742,-0.011466999538242817,0.00046364404261112213
743,0.04853399842977524,0.00046338740503415465
744,-0.011466999538242817,0.0004632979689631611
745,0.02346700057387352,0.0004631732008419931
746,0.01360000018030405,0.00046307482989504933
747,0.01360000018030405,0.00046297148219309747
748,-0.026399999856948853,0.0004628935712389648
749,0.04853399842977524,0.0004627336165867746
750,-0.011466999538242817,0.0004626578593160957
751,0.028534000739455223,0.0004624334105756134
752,0.008533000014722347,0.0004625872243195772
753,0.028534000739455223,0.0004626319860108197
754,-0.02160000056028366,0.00046259621740318835
755,0.02346700057387352,0.0004623749409802258
756,0.01360000018030405,0.00046216478222049773
757,0.05360100045800209,0.00046189772547222674
758,0.01360000018030405,0.00046193148591555655
759,0.0685340017080307,0.0004621043335646391
760,0.01360000018030405,0.0004623411223292351
761,0.02346700057387352,0.0004626095178537071
762,-0.011466999538242817,0.00046252546599134803
763,0.04853399842977524,0.00046245852718129754
764,0.028534000739455223,0.0004624095745384693
765,0.06373400241136551,0.00046256795758381486
766,-0.0013330000219866633,0.00046260474482551217
767,0.05866700038313866,0.0004627226444426924
768,0.01360000018030405,0.000462784810224548
769,0.06373400241136551,0.00046285343705676496
770,0.01866699941456318,0.0004629840259440243
771,0.05360100045800209,0.00046323047718033195
772,0.01360000018030405,0.00046360562555491924
773,0.04853399842977524,0.00046403566375374794
774,-0.011466999538242817,0.00046461698366329074
775,0.02346700057387352,0.0004651533381547779
776,-0.04666699841618538,0.0004657713579945266
777,0.008533000014722347,0.00046632770681753755
778,-0.0013330000219866633,0.0004668743349611759
779,0.05360100045800209,0.0004674549272749573
780,0.02346700057387352,0.00046816986287012696
781,0.03359999880194664,0.00046891532838344574
782,0.003467000089585781,0.0004695712123066187
783,0.03866700083017349,0.00047038239426910877
784,0.008533000014722347,0.00047121764509938657
785,0.043733999133110046,0.00047202297719195485
786,-0.011466999538242817,0.0004728352068923414
787,0.043733999133110046,0.00047358544543385506
788,-0.006399999838322401,0.0004745225887745619
789,0.028534000739455223,0.000475522771012038
790,-0.011466999538242817,0.00047649600310251117
791,0.028534000739455223,0.0004772641696035862
792,-0.031466998159885406,0.000478087313240394
793,0.043733999133110046,0.00047882640501484275
794,-0.016534000635147095,0.00047969617298804224
795,0.028534000739455223,0.00048058375250548124
796,-0.006399999838322401,0.0004814541316591203
797,0.03866700083017349,0.0004824736388400197
798,-0.011466999538242817,0.00048331808648072183
799,0.05360100045800209,0.0004843240021727979
800,-0.0013330000219866633,0.00048530855565331876
801,0.05360100045800209,0.0004862213390879333
802,0.03359999880194664,0.0004871596465818584
803,0.06373400241136551,0.0004882150678895414
804,0.043733999133110046,0.0004889580304734409
805,0.04853399842977524,0.0004896972677670419
806,0.003467000089585781,0.0004905452369712293
807,0.03359999880194664,0.0004913570592179894
808,-0.026399999856948853,0.0004921964718960226
809,0.03866700083017349,0.00049283925909549
810,-0.0013330000219866633,0.0004938151687383652
811,0.01360000018030405,0.0004947914276272058
812,0.003467000089585781,0.0004957023775205016
813,-0.0013330000219866633,0.0004965666448697448
814,-0.006399999838322401,0.000497474567964673
815,0.01360000018030405,0.0004982854006811976
816,-0.02160000056028366,0.0004991019377484918
817,0.02346700057387352,0.0004997999640181661
818,-0.02160000056028366,0.0005005605053156614
819,0.06373400241136551,0.0005009667947888374
820,-0.0013330000219866633,0.0005017745424993336
821,0.02346700057387352,0.000502472510561347
822,-0.006399999838322401,0.000503267627209425
823,0.01360000018030405,0.0005039901006966829
824,-0.03653400018811226,0.0005045596044510603
825,0.028534000739455223,0.0005050680483691394
826,0.003467000089585781,0.0005055757355876267
827,0.04853399842977524,0.0005059191025793552
828,-0.031466998159885406,0.0005063314456492662
829,0.043733999133110046,0.0005066695157438517
830,-0.016534000635147095,0.0005071525229141116
831,0.043733999133110046,0.000507446879055351
832,-0.006399999838322401,0.0005078829126432538
833,0.03866700083017349,0.0005082787829451263
834,-0.0013330000219866633,0.0005087371682748199
835,0.043733999133110046,0.0005093286163173616
836,0.003467000089585781,0.0005097582470625639
837,0.028534000739455223,0.0005104033625684679
838,0.008533000014722347,0.0005109052290208638
839,0.06373400241136551,0.000511349062435329
840,-0.016534000635147095,0.0005115895182825625
841,0.008533000014722347,0.0005118872504681349
842,-0.006399999838322401,0.0005121012218296528
843,0.05866700038313866,0.0005124846938997507
844,-0.026399999856948853,0.0005130546633154154
845,0.05866700038313866,0.0005134314997121692
846,-0.02160000056028366,0.0005138205015100539
847,0.008533000014722347,0.0005142835434526205
848,-0.011466999538242817,0.0005147440824657679
849,0.028534000739455223,0.0005155134713277221
850,-0.0013330000219866633,0.0005160986329428852
851,0.0685340017080307,0.0005167145282030106
852,0.003467000089585781,0.0005172495148144662
853,0.07360100001096725,0.0005176621489226818
854,-0.011466999538242817,0.0005179322324693203
855,0.07360100001096725,0.0005183487664908171
856,0.01360000018030405,0.0005189194343984127
857,0.04853399842977524,0.0005196408601477742
858,0.028534000739455223,0.0005203617038205266
859,0.07360100001096725,0.0005211331881582737
860,-0.006399999838322401,0.0005218822043389082
861,0.03866700083017349,0.0005228255176916718
862,0.01866699941456318,0.0005238830344751477
863,0.03866700083017349,0.0005247771623544395
864,-0.0013330000219866633,0.0005257137818261981
865,0.02346700057387352,0.0005266722291707993
866,-0.006399999838322401,0.0005276912124827504
867,0.028534000739455223,0.0005286723608151078
868,0.01360000018030405,0.0005295967566780746
869,0.01866699941456318,0.0005304011283442378
870,-0.03653400018811226,0.0005311394925229251
871,0.05360100045800209,0.0005317232571542263
872,0.028534000739455223,0.0005323644727468491
873,0.008533000014722347,0.0005330229178071022
874,0.003467000089585781,0.0005337324691936374
875,0.03866700083017349,0.0005343924276530743
876,-0.016534000635147095,0.00053497648332268
877,0.05360100045800209,0.000535534112714231
878,0.003467000089585781,0.000536277424544096
879,0.03359999880194664,0.0005367421545088291
880,-0.016534000635147095,0.0005374455358833075
881,0.01360000018030405,0.0005378329660743475
882,-0.02160000056028366,0.0005382312228903174
883,0.03866700083017349,0.0005388737190514803
884,-0.0013330000219866633,0.0005396106862463057
885,0.028534000739455223,0.0005402849055826664
886,-0.0013330000219866633,0.0005411518504843116
887,0.04853399842977524,0.0005419672233983874
888,0.01866699941456318,0.0005427364958450198
889,0.02346700057387352,0.0005434924969449639
890,-0.02160000056028366,0.0005441645625978708
891,0.05360100045800209,0.0005448923911899328
892,0.01360000018030405,0.0005456854123622179
893,0.028534000739455223,0.0005464132409542799
894,-0.026399999856948853,0.0005471649346873164
895,0.04853399842977524,0.0005480213440023363
896,0.01866699941456318,0.0005491049960255623
897,0.04853399842977524,0.0005500906845554709
898,0.008533000014722347,0.0005509456968866289
899,0.03359999880194664,0.0005517673562280834
900,-0.011466999538242817,0.0005526394816115499
901,0.03866700083017349,0.0005532307550311089
902,-0.031466998159885406,0.0005538217374123633
903,0.07360100001096725,0.0005542632425203919
904,-0.006399999838322401,0.0005551552749238908
905,0.05360100045800209,0.0005558897973969579
906,-0.0013330000219866633,0.0005565962637774646
907,0.01360000018030405,0.0005574343958869576
908,-0.03653400018811226,0.000558128347620368
909,0.06373400241136551,0.0005587966879829764
910,0.003467000089585781,0.0005596139817498624
911,0.028534000739455223,0.0005603305180557072
912,-0.02160000056028366,0.0005607974017038941
913,0.05360100045800209,0.0005613248213194311
914,-0.0013330000219866633,0.0005618459545075893
915,0.04853399842977524,0.0005622354801744223
916,0.02346700057387352,0.0005626874044537544
917,0.03866700083017349,0.0005633153486996889
918,0.008533000014722347,0.0005639792652800679
919,0.03359999880194664,0.0005646010395139456
920,-0.016534000635147095,0.0005651905667036772
921,0.05360100045800209,0.0005656450521200895
922,-0.0013330000219866633,0.0005663522169925272
923,0.01866699941456318,0.0005670265527442098
924,0.003467000089585781,0.0005678287707269192
925,0.028534000739455223,0.0005684983916580677
926,-0.0013330000219866633,0.0005693124840036035
927,0.043733999133110046,0.0005698964232578874
928,-0.02160000056028366,0.0005705200601369143
929,0.043733999133110046,0.0005714878207072616
930,0.003467000089585781,0.0005724334623664618
931,0.03359999880194664,0.0005731174605898559
932,-0.031466998159885406,0.000573777942918241
933,0.04853399842977524,0.0005744835361838341
934,-0.0013330000219866633,0.0005749806296080351
935,0.008533000014722347,0.0005753739387728274
936,0.01866699941456318,0.0005757863400503993
937,0.01866699941456318,0.0005761731881648302
938,-0.011466999538242817,0.000576625345274806
939,0.04853399842977524,0.0005770570132881403
940,-0.016534000635147095,0.0005776665057055652
941,0.02346700057387352,0.0005781989311799407
942,-0.011466999538242817,0.0005786602851003408
943,0.02346700057387352,0.0005789613351225853
944,0.003467000089585781,0.0005793764721602201
945,0.03866700083017349,0.0005796648329123855
946,-0.03653400018811226,0.0005800241488032043
947,0.02346700057387352,0.0005802242085337639
948,-0.0013330000219866633,0.0005804563406854868
949,0.02346700057387352,0.0005806245608255267
950,0.01360000018030405,0.0005807647248730063
951,0.03866700083017349,0.0005809608846902847
952,0.003467000089585781,0.0005812370218336582
953,0.04853399842977524,0.0005814841715618968
954,-0.0013330000219866633,0.0005816643824800849
955,0.028534000739455223,0.0005817252094857395
956,0.003467000089585781,0.0005818192148581147
957,0.06373400241136551,0.0005817698547616601
958,-0.006399999838322401,0.0005819083889946342
959,0.01360000018030405,0.0005820452934131026
960,0.01360000018030405,0.0005821976810693741
961,0.05360100045800209,0.000582245527766645
962,0.01360000018030405,0.0005822737002745271
963,0.03866700083017349,0.0005822667153552175
964,0.003467000089585781,0.0005823761457577348
965,0.05866700038313866,0.0005824177642352879
966,-0.02160000056028366,0.0005826553096994758
967,0.01866699941456318,0.000583033834118396
968,-0.011466999538242817,0.0005834465264342725
969,0.028534000739455223,0.0005839111981913447
970,-0.0013330000219866633,0.0005842765676788986
971,0.028534000739455223,0.0005845953710377216
972,-0.006399999838322401,0.000585077446885407
973,0.05360100045800209,0.0005855953204445541
974,0.003467000089585781,0.000585850968491286
975,0.01360000018030405,0.0005861606332473457
976,-0.0013330000219866633,0.000586650799959898
977,0.043733999133110046,0.0005868819425813854
978,-0.04160099849104881,0.0005870753666386008
979,0.03866700083017349,0.0005875583738088608
980,0.003467000089585781,0.000587860238738358
981,0.043733999133110046,0.0005881547695025802
982,0.003467000089585781,0.0005885635619051754
983,0.05360100045800209,0.0005889869062229991
984,0.008533000014722347,0.0005894142668694258
985,0.01360000018030405,0.0005897314986214042
986,-0.011466999538242817,0.0005900723626837134
987,0.028534000739455223,0.0005902777775190771
988,-0.011466999538242817,0.0005906844744458795
989,0.03866700083017349,0.0005912414053454995
990,-0.0013330000219866633,0.0005917946109548211
991,0.04853399842977524,0.0005924546858295798
992,-0.0013330000219866633,0.0005930644110776484
993,0.028534000739455223,0.0005937102250754833
994,-0.011466999538242817,0.0005943160504102707
995,0.03866700083017349,0.0005949718761257827
996,-0.026399999856948853,0.0005956550594419241
997,0.008533000014722347,0.0005963797448202968
998,0.003467000089585781,0.000596995058003813
999,0.028534000739455223,0.0005977191613055766
1000,-0.02160000056028366,0.0005983464070595801
1001,-0.0013330000219866633,0.0005989920464344323
1002,-0.011466999538242817,0.0005996644031256437
1003,0.028534000739455223,0.0006002719746902585
1004,-0.02160000056028366,0.0006007074844092131
1005,0.05866700038313866,0.0006013039965182543
1006,-0.0013330000219866633,0.0006018714630044997
1007,0.05360100045800209,0.0006023855530656874
1008,-0.031466998159885406,0.0006024714675731957
1009,0.05866700038313866,0.0006027552299201488
1010,0.003467000089585781,0.000603122403845191
1011,0.03866700083017349,0.0006037421990185976
1012,0.003467000089585781,0.0006041763117536902
1013,0.03866700083017349,0.000604530971031636
1014,-0.02160000056028366,0.0006048016948625445
1015,0.01360000018030405,0.0006050454103387892
1016,-0.026399999856948853,0.0006052333628758788
1017,0.03866700083017349,0.0006055821431800723
1018,-0.006399999838322401,0.0006060115993022919
1019,0.03866700083017349,0.0006065433844923973
1020,0.01360000018030405,0.0006070538656786084
1021,0.028534000739455223,0.0006074212724342942
1022,0.008533000014722347,0.0006077204598113894
1023,0.028534000739455223,0.0006080762250348926
1024,-0.006399999838322401,0.0006084225606173277
1025,0.06373400241136551,0.0006088002119213343
1026,-0.0013330000219866633,0.0006091657560318708
1027,0.02346700057387352,0.0006094095879234374
1028,-0.011466999538242817,0.0006094723357819021
1029,0.02346700057387352,0.0006096106953918934
1030,-0.011466999538242817,0.0006095831049606204
1031,0.05360100045800209,0.0006096294964663684
1032,-0.011466999538242817,0.0006097160512581468
1033,0.028534000739455223,0.0006097761215642095
1034,-0.0013330000219866633,0.0006097378209233284
1035,0.05866700038313866,0.0006097026634961367
1036,-0.016534000635147095,0.0006095974240452051
1037,0.03866700083017349,0.0006093966076150537
1038,0.003467000089585781,0.0006092426483519375
1039,0.01360000018030405,0.0006090897950343788
1040,-0.0013330000219866633,0.0006089855451136827
1041,0.03866700083017349,0.0006088858935981989
1042,-0.006399999838322401,0.0006087839137762785
1043,0.02346700057387352,0.0006087288493290544
1044,-0.006399999838322401,0.0006085297791287303
1045,0.003467000089585781,0.0006084339693188667
1046,-0.04666699841618538,0.0006083502667024732
1047,0.02346700057387352,0.0006085358327254653
1048,0.003467000089585781,0.0006086414214223623
1049,0.06373400241136551,0.0006089754751883447
1050,-0.011466999538242817,0.000609245034866035
1051,0.05360100045800209,0.0006095607532188296
1052,0.028534000739455223,0.0006099151214584708
1053,-0.006399999838322401,0.0006101073231548071
1054,-0.0013330000219866633,0.000610399292781949
1055,0.07866799831390381,0.000610582297667861
1056,0.02346700057387352,0.0006105345673859119
1057,0.03866700083017349,0.0006105351494625211
1058,-0.016534000635147095,0.0006103642517700791
1059,0.03866700083017349,0.0006102484185248613
1060,-0.0013330000219866633,0.0006103168707340956
1061,0.03866700083017349,0.0006104015628807247
1062,-0.011466999538242817,0.0006104864878579974
1063,0.05360100045800209,0.000610706745646894
1064,0.01360000018030405,0.0006107981316745281
1065,0.0685340017080307,0.0006109637906774879
1066,0.008533000014722347,0.0006109669338911772
1067,0.04853399842977524,0.0006110828835517168
1068,0.008533000014722347,0.0006112411501817405
1069,0.05866700038313866,0.0006114650750532746
1070,0.028534000739455223,0.0006115222349762917
1071,0.03866700083017349,0.0006116259610280395
1072,-0.02160000056028366,0.0006116889417171478
1073,0.028534000739455223,0.000611856346949935
1074,-0.011466999538242817,0.000612013041973114
1075,0.0685340017080307,0.0006124552455730736
1076,-0.011466999538242817,0.0006123982020653784
1077,0.05360100045800209,0.0006124656647443771
1078,-0.006399999838322401,0.0006123788771219552
1079,0.028534000739455223,0.0006124239880591631
1080,0.003467000089585781,0.0006124681094661355
1081,0.02346700057387352,0.0006125541403889656
1082,-0.016534000635147095,0.0006126824300736189
1083,0.03866700083017349,0.0006129115354269743
1084,-0.0013330000219866633,0.0006130129331722856
1085,0.04853399842977524,0.0006130135152488947
1086,-0.026399999856948853,0.0006128724198788404
1087,0.01360000018030405,0.000612872012425214
1088,-0.016534000635147095,0.0006127977976575494
1089,0.03359999880194664,0.0006128487875685096
1090,0.003467000089585781,0.0006129287648946047
1091,0.03866700083017349,0.0006128764944151044
1092,0.003467000089585781,0.0006127912783995271
1093,0.003467000089585781,0.0006127966335043311
1094,-0.031466998159885406,0.0006128413369879127
1095,0.03359999880194664,0.0006129608955234289
1096,-0.011466999538242817,0.0006132042035460472
1097,0.06373400241136551,0.0006134702125564218
1098,0.01866699941456318,0.0006135341245681047
1099,0.03866700083017349,0.0006133317947387695
1100,-0.026399999856948853,0.0006129556568339467
1101,0.008533000014722347,0.0006128462846390903
1102,-0.016534000635147095,0.0006125759682618082
1103,0.02346700057387352,0.0006125026848167181
1104,0.003467000089585781,0.0006124337669461966
1105,0.028534000739455223,0.0006121106562204659
1106,0.003467000089585781,0.0006118178134784102
1107,0.028534000739455223,0.0006114869611337781
1108,-0.011466999538242817,0.0006110911490395665
1109,0.028534000739455223,0.000610570190474391
1110,-0.011466999538242817,0.000610143702942878
1111,0.04853399842977524,0.0006096891593188047
1112,-0.0013330000219866633,0.0006092177354730666
1113,0.01866699941456318,0.0006087430519983172
1114,-0.016534000635147095,0.000608123722486198
1115,0.06373400241136551,0.0006076793652027845
1116,0.008533000014722347,0.0006070832605473697
1117,0.02346700057387352,0.0006063926848582923
1118,-0.0013330000219866633,0.0006056808633729815
1119,0.02346700057387352,0.0006050057709217072
1120,0.02346700057387352,0.0006040757289156318
1121,0.07360100001096725,0.0006031771190464497
1122,-0.0013330000219866633,0.0006021938752382994
1123,0.04853399842977524,0.0006012931116856635
1124,0.01360000018030405,0.0006003073649480939
1125,0.04853399842977524,0.0005994943785481155
1126,0.02346700057387352,0.0005988033954054117
1127,0.028534000739455223,0.000598234822973609
1128,-0.016534000635147095,0.0005976487300358713
1129,0.05360100045800209,0.0005973035003989935
1130,0.003467000089585781,0.0005966866156086326
1131,0.03866700083017349,0.0005960754351690412
1132,-0.05653399974107742,0.0005955413216724992
1133,0.06373400241136551,0.0005949785700067878
1134,-0.011466999538242817,0.0005940470146015286
1135,0.02346700057387352,0.0005934018408879638
1136,0.008533000014722347,0.0005926084704697132
1137,0.02346700057387352,0.0005919699324294925
1138,-0.02160000056028366,0.0005914291832596064
1139,0.07360100001096725,0.0005906802252866328
1140,-0.011466999538242817,0.0005898236995562911
1141,0.05866700038313866,0.0005890117026865482
1142,-0.006399999838322401,0.0005881314864382148
1143,0.008533000014722347,0.0005873106420040131
1144,0.02346700057387352,0.0005864885170012712
1145,0.04853399842977524,0.0005856193602085114
1146,0.008533000014722347,0.0005848425207659602
1147,0.03866700083017349,0.0005840228404849768
1148,-0.0013330000219866633,0.0005832694005221128
1149,0.04853399842977524,0.0005824986146762967
1150,-0.016534000635147095,0.0005817337660118937
1151,0.04853399842977524,0.0005809389404021204
1152,-0.0013330000219866633,0.0005800199578516185
1153,0.03359999880194664,0.0005792274023406208
1154,0.02346700057387352,0.0005783535307273269
1155,0.04853399842977524,0.0005776113248430192
1156,-0.006399999838322401,0.0005768903065472841
1157,0.05360100045800209,0.0005764428060501814
1158,-0.006399999838322401,0.0005759348860010505
1159,0.05866700038313866,0.0005755146266892552
1160,-0.026399999856948853,0.0005746475653722882
1161,0.05360100045800209,0.00057396967895329
1162,0.01866699941456318,0.0005732339341193438
1163,0.028534000739455223,0.0005725701339542866
1164,-0.006399999838322401,0.0005720282788388431
1165,0.03866700083017349,0.0005715419538319111
1166,0.01360000018030405,0.0005709595861844718
1167,0.05866700038313866,0.0005702367052435875
1168,0.028534000739455223,0.0005697256419807673
1169,0.03866700083017349,0.0005690832622349262
1170,0.008533000014722347,0.0005684202769771218
1171,0.02346700057387352,0.0005678803427144885
1172,-0.0013330000219866633,0.000567226845305413
1173,0.06373400241136551,0.0005666166543960571
1174,0.028534000739455223,0.0005660902243107557
1175,0.028534000739455223,0.000565533060580492
1176,-0.026399999856948853,0.0005651453975588083
1177,0.01360000018030405,0.0005646997014991939
1178,0.01360000018030405,0.0005640200688503683
1179,0.07360100001096725,0.0005633744294755161
1180,-0.02160000056028366,0.0005625190096907318
1181,0.03866700083017349,0.0005619506118819118
1182,-0.02160000056028366,0.0005614538677036762
1183,0.05360100045800209,0.0005611150991171598
1184,0.04853399842977524,0.0005607131170108914
1185,0.05360100045800209,0.0005598795833066106
1186,-0.026399999856948853,0.00055919453734532
1187,0.05360100045800209,0.0005586817860603333
1188,-0.0013330000219866633,0.0005583441816270351
1189,0.028534000739455223,0.0005580965662375093
1190,0.02346700057387352,0.0005578201962634921
1191,0.06373400241136551,0.000557637307792902
1192,-0.016534000635147095,0.0005574470851570368
1193,0.01360000018030405,0.0005573446396738291
1194,-0.016534000635147095,0.0005571891670115292
1195,0.003467000089585781,0.0005569107597693801
1196,-0.016534000635147095,0.0005566552863456309
1197,0.003467000089585781,0.0005563473096117377
1198,-0.011466999538242817,0.0005561333964578807
1199,0.03866700083017349,0.00055607472313568
1200,0.003467000089585781,0.0005558947450481355
1201,-0.0013330000219866633,0.0005559212295338511
1202,0.01360000018030405,0.0005558283883146942
1203,0.028534000739455223,0.0005558507982641459
1204,0.003467000089585781,0.0005557080148719251
1205,0.02346700057387352,0.0005556043470278382
1206,-0.031466998159885406,0.0005556790274567902
1207,0.02346700057387352,0.0005557023105211556
1208,-0.02160000056028366,0.0005557695403695107
1209,0.028534000739455223,0.0005556071409955621
1210,0.003467000089585781,0.0005556149408221245
1211,0.04853399842977524,0.0005555176176130772
1212,0.003467000089585781,0.0005553786759264767
1213,0.03866700083017349,0.0005553661612793803
1214,0.02346700057387352,0.0005553161026909947
1215,0.03359999880194664,0.0005552857182919979
1216,0.008533000014722347,0.0005552577786147594
1217,0.05360100045800209,0.0005552196525968611
1218,0.003467000089585781,0.0005552417133003473
1219,0.028534000739455223,0.0005550548667088151
1220,-0.0013330000219866633,0.0005548775661736727
1221,0.05360100045800209,0.0005546183092519641
1222,-0.011466999538242817,0.0005545857129618526
1223,0.05866700038313866,0.0005543668521568179
1224,0.01360000018030405,0.0005540592828765512
1225,0.06373400241136551,0.0005536206299439073
1226,0.008533000014722347,0.0005532405921258032
1227,0.028534000739455223,0.0005530312191694975
1228,-0.0013330000219866633,0.0005526684690266848
1229,0.05360100045800209,0.0005523089785128832
1230,-0.011466999538242817,0.0005520757986232638
1231,0.028534000739455223,0.0005517614772543311
1232,-0.031466998159885406,0.0005515799857676029
1233,0.01360000018030405,0.0005513305077329278
1234,-0.026399999856948853,0.0005513073410838842
1235,0.028534000739455223,0.0005511217750608921
1236,-0.02160000056028366,0.0005509421462193131
1237,0.02346700057387352,0.0005507166497409344
1238,0.01360000018030405,0.0005503884749487042
1239,0.01866699941456318,0.0005499423132278025
1240,-0.0013330000219866633,0.0005498450482264161
1241,0.003467000089585781,0.0005497635575011373
1242,-0.0013330000219866633,0.0005497189704328775
1243,0.04853399842977524,0.000549641961697489
1244,0.01866699941456318,0.0005494626238942146
1245,0.028534000739455223,0.0005489934701472521
1246,0.008533000014722347,0.0005486678564921021
1247,0.01360000018030405,0.0005482003325596452
1248,-0.026399999856948853,0.0005479599931277335
1249,0.05866700038313866,0.0005474848439916968
1250,0.008533000014722347,0.0005470587057061493
1251,0.06373400241136551,0.0005465048016048968
1252,0.01360000018030405,0.0005459663225337863
1253,0.05360100045800209,0.0005455032223835588
1254,0.01360000018030405,0.0005450193420983851
1255,0.028534000739455223,0.0005444369162432849
1256,0.028534000739455223,0.0005440160748548806
1257,0.03866700083017349,0.0005434744525700808
1258,0.003467000089585781,0.000543112400919199
1259,0.05360100045800209,0.0005427192081697285
1260,-0.04160099849104881,0.0005427125142887235
1261,0.043733999133110046,0.0005423184484243393
1262,0.003467000089585781,0.0005421130335889757
1263,0.08880099654197693,0.0005418673972599208
1264,0.01360000018030405,0.0005420111119747162
1265,0.04853399842977524,0.0005420369561761618
1266,0.01360000018030405,0.0005420770030468702
1267,0.03359999880194664,0.0005420405068434775
1268,-0.016534000635147095,0.0005423496477305889
1269,0.02346700057387352,0.0005426141433417797
1270,-0.026399999856948853,0.0005427965661510825
1271,0.04853399842977524,0.0005425441777333617
1272,0.02346700057387352,0.0005423389375209808
1273,0.07360100001096725,0.0005419178633019328
1274,-0.011466999538242817,0.000541899586096406
1275,0.028534000739455223,0.0005415622144937515
1276,-0.0013330000219866633,0.0005412691971287131
1277,0.07866799831390381,0.0005410251906141639
1278,0.003467000089585781,0.0005408520228229463
1279,0.03359999880194664,0.000540561624802649
1280,0.02346700057387352,0.0005402984097599983
1281,0.01866699941456318,0.0005399650544859469
1282,-0.016534000635147095,0.0005398125504143536
1283,0.03866700083017349,0.0005396038759499788
1284,-0.006399999838322401,0.0005395582993514836
1285,0.03359999880194664,0.000539270113222301
1286,0.008533000014722347,0.0005390283768065274
1287,0.043733999133110046,0.0005386524135246873
1288,-0.0013330000219866633,0.0005383765092119575
1289,0.04853399842977524,0.0005380653310567141
1290,-0.011466999538242817,0.0005378889618441463
1291,0.03866700083017349,0.0005377526395022869
1292,-0.04160099849104881,0.0005378389614634216
1293,0.01866699941456318,0.0005377355846576393
1294,0.01360000018030405,0.0005376776680350304
1295,0.03359999880194664,0.0005375464679673314
1296,-0.0013330000219866633,0.0005375698092393577
1297,0.003467000089585781,0.0005373292951844633
1298,-0.011466999538242817,0.0005370426224544644
1299,0.0685340017080307,0.0005366492550820112
1300,0.01360000018030405,0.0005364377866499126
1301,0.05360100045800209,0.0005360593786463141
1302,0.01360000018030405,0.0005358190974220634
1303,0.03866700083017349,0.0005354094319045544
1304,-0.0013330000219866633,0.0005351381259970367
1305,0.03359999880194664,0.0005345664685592055
1306,0.02346700057387352,0.0005341336946003139
1307,0.03866700083017349,0.0005336296744644642
1308,0.02346700057387352,0.0005331812426447868
1309,0.06373400241136551,0.0005327269900590181
1310,0.003467000089585781,0.0005325025413185358
1311,0.03866700083017349,0.0005321755306795239
1312,0.003467000089585781,0.0005322191282175481
1313,0.043733999133110046,0.0005322694778442383
1314,-0.0013330000219866633,0.0005324779194779694
1315,0.01866699941456318,0.0005323764053173363
1316,0.008533000014722347,0.0005323915393091738
1317,0.028534000739455223,0.0005323710502125323
1318,-0.006399999838322401,0.0005323635414242744
1319,0.028534000739455223,0.0005321624921634793
1320,-0.006399999838322401,0.0005323237855918705
1321,0.05360100045800209,0.000532386708073318
1322,-0.026399999856948853,0.0005328132538124919
1323,0.028534000739455223,0.0005327729741111398
1324,-0.026399999856948853,0.0005328388069756329
1325,0.01360000018030405,0.0005326088285073638
1326,0.003467000089585781,0.000532538746483624
1327,0.028534000739455223,0.0005324711091816425
1328,0.01866699941456318,0.0005326236132532358
1329,0.043733999133110046,0.0005328095285221934
1330,-0.016534000635147095,0.0005332653527148068
1331,0.05866700038313866,0.0005336414906196296
1332,-0.0013330000219866633,0.0005341771757230163
1333,0.03866700083017349,0.0005346612306311727
1334,-0.026399999856948853,0.0005352584994398057
1335,0.043733999133110046,0.0005352149019017816
1336,-0.006399999838322401,0.0005354674067348242
1337,0.05866700038313866,0.0005354954046197236
1338,-0.02160000056028366,0.0005358665948733687
1339,0.02346700057387352,0.0005360662471503019
1340,0.008533000014722347,0.0005362541996873915
1341,0.05360100045800209,0.0005363173549994826
1342,0.003467000089585781,0.0005366430268622935
1343,0.03866700083017349,0.0005371192237362266
1344,-0.011466999538242817,0.0005376071203500032
1345,0.01360000018030405,0.0005379176000133157
1346,-0.016534000635147095,0.0005381732480600476
1347,0.04853399842977524,0.0005383717361837626
1348,-0.0013330000219866633,0.0005386496195569634
1349,0.03866700083017349,0.0005388837889768183
1350,-0.011466999538242817,0.0005391143495216966
1351,0.04853399842977524,0.0005388911813497543
1352,-0.006399999838322401,0.0005389806465245783
1353,0.043733999133110046,0.0005386975244618952
1354,0.028534000739455223,0.0005386945558711886
1355,0.04853399842977524,0.0005388228455558419
1356,0.01360000018030405,0.0005391353042796254
1357,0.07360100001096725,0.0005395220359787345
1358,-0.016534000635147095,0.0005400178488343954
1359,0.028534000739455223,0.0005400547524914145
1360,-0.02160000056028366,0.0005402871174737811
1361,0.04853399842977524,0.0005403639515861869
1362,-0.0013330000219866633,0.0005405753618106246
1363,0.04853399842977524,0.0005406866548582911
1364,0.003467000089585781,0.0005407879361882806
1365,0.03866700083017349,0.0005409469595178962
1366,0.003467000089585781,0.0005412116297520697
1367,0.0685340017080307,0.0005413912585936487
1368,0.02346700057387352,0.0005416601779870689
1369,0.07866799831390381,0.0005420462694019079
1370,-0.006399999838322401,0.0005424898117780685
1371,0.043733999133110046,0.0005428983131423593
1372,-0.016534000635147095,0.0005432834150269628
1373,0.03359999880194664,0.0005436275969259441
1374,-0.0013330000219866633,0.000543770263902843
1375,0.06373400241136551,0.0005438720108941197
1376,0.03359999880194664,0.0005442844121716917
1377,0.06373400241136551,0.0005447056610137224
1378,-0.006399999838322401,0.0005453798221424222
1379,0.03866700083017349,0.0005460067186504602
1380,-0.02160000056028366,0.000546721275895834
1381,0.01866699941456318,0.0005475727375596762
1382,-0.011466999538242817,0.0005481600528582931
1383,0.04853399842977524,0.0005488554597832263
1384,-0.006399999838322401,0.0005497048841789365
1385,0.04853399842977524,0.0005502650747075677
1386,-0.0013330000219866633,0.000550887081772089
1387,0.04853399842977524,0.0005517699755728245
1388,0.01360000018030405,0.0005525917513296008
1389,0.04853399842977524,0.0005534496158361435
1390,0.01866699941456318,0.0005543106235563755
1391,0.043733999133110046,0.0005551110371015966
1392,0.003467000089585781,0.0005558263510465622
1393,0.04853399842977524,0.0005566127365455031
1394,0.01360000018030405,0.0005573775852099061
1395,0.02346700057387352,0.0005582613521255553
1396,-0.016534000635147095,0.0005589771317318082
1397,0.01360000018030405,0.0005599044379778206
1398,0.02346700057387352,0.0005607027560472488
1399,0.03359999880194664,0.0005616452544927597
1400,-0.0013330000219866633,0.0005626179045066237
1401,0.03866700083017349,0.0005636163987219334
1402,0.01866699941456318,0.0005645721685141325
1403,0.02346700057387352,0.0005655106506310403
1404,0.01866699941456318,0.0005663327174261212
1405,0.01866699941456318,0.0005671213730238378
1406,0.008533000014722347,0.0005679515888914466
1407,0.008533000014722347,0.0005687247030436993
1408,-0.011466999538242817,0.0005691974074579775
1409,0.04853399842977524,0.0005696986918337643
1410,-0.006399999838322401,0.0005703882779926062
1411,0.043733999133110046,0.0005710232653655112
1412,0.01360000018030405,0.0005716924788430333
1413,0.028534000739455223,0.0005722735077142715
1414,-0.02160000056028366,0.0005728988908231258
1415,0.03359999880194664,0.0005734587321057916
1416,0.01866699941456318,0.000574075267650187
1417,0.06373400241136551,0.0005747865652665496
1418,0.003467000089585781,0.0005752920405939221
1419,0.03866700083017349,0.0005758726038038731
1420,-0.026399999856948853,0.0005763865192420781
1421,0.05866700038313866,0.0005768223199993372
1422,0.02346700057387352,0.0005772736622020602
1423,0.03866700083017349,0.0005778165650554001
1424,0.01360000018030405,0.0005782630760222673
1425,0.04853399842977524,0.0005789376446045935
1426,-0.016534000635147095,0.0005797364865429699
1427,0.03866700083017349,0.0005805465625599027
1428,-0.0013330000219866633,0.000581464497372508
1429,0.01866699941456318,0.0005823634564876556
1430,-0.006399999838322401,0.0005830522277392447
1431,0.03866700083017349,0.0005838248180225492
1432,0.003467000089585781,0.0005844753468409181
1433,0.03866700083017349,0.0005853301845490932
1434,-0.0013330000219866633,0.0005861573154106736
1435,0.02346700057387352,0.0005869123851880431
1436,-0.02160000056028366,0.000587687361985445
1437,0.028534000739455223,0.0005884793936274946
1438,-0.011466999538242817,0.0005889225285500288
1439,0.03359999880194664,0.0005894812638871372
1440,0.01866699941456318,0.000589911243878305
1441,0.03866700083017349,0.000590431212913245
1442,0.008533000014722347,0.0005908802850171924
1443,0.028534000739455223,0.0005913903005421162
1444,-0.011466999538242817,0.000591770454775542
1445,0.04853399842977524,0.000592151889577508
1446,0.008533000014722347,0.0005926754092797637
1447,0.02346700057387352,0.0005932871717959642
1448,0.008533000014722347,0.0005936521338298917
1449,0.04853399842977524,0.0005940226255916059
1450,-0.0013330000219866633,0.0005943980067968369
1451,0.03866700083017349,0.0005949197802692652
1452,-0.0013330000219866633,0.0005954304942861199
1453,0.043733999133110046,0.0005959527334198356
1454,0.003467000089585781,0.0005963470321148634
1455,0.03866700083017349,0.00059655646327883
1456,0.003467000089585781,0.0005970221245661378
1457,0.04853399842977524,0.00059743772726506
1458,-0.031466998159885406,0.0005978771951049566
1459,0.04853399842977524,0.0005982506554573774
1460,-0.02160000056028366,0.0005985494353808463
1461,0.06373400241136551,0.0005988423945382237
1462,-0.026399999856948853,0.0005987578770145774
1463,0.05866700038313866,0.0005985474563203752
1464,0.003467000089585781,0.0005982833681628108
1465,0.05360100045800209,0.000598150014411658
1466,0.008533000014722347,0.0005978415720164776
1467,0.028534000739455223,0.0005976842949166894
1468,-0.0013330000219866633,0.0005975183448754251
1469,0.04853399842977524,0.0005974041996523738
1470,-0.006399999838322401,0.0005971159553155303
1471,0.05866700038313866,0.0005968919140286744
1472,-0.0013330000219866633,0.0005965649033896625
1473,0.06373400241136551,0.0005964863230474293
1474,0.028534000739455223,0.000596299534663558
1475,0.03866700083017349,0.0005962678696960211
1476,0.01360000018030405,0.0005961081478744745
1477,0.04853399842977524,0.0005961891729384661
1478,-0.006399999838322401,0.0005960942944511771
1479,0.028534000739455223,0.000596150872297585
1480,-0.0013330000219866633,0.0005962761351838708
1481,0.03866700083017349,0.0005965389427728951
1482,-0.026399999856948853,0.0005966105381958187
1483,0.05866700038313866,0.0005965841701254249
1484,-0.02160000056028366,0.0005967713659629226
1485,0.05866700038313866,0.0005968892946839333
1486,0.02346700057387352,0.0005969865014776587
1487,0.05360100045800209,0.0005970829515717924
1488,0.03359999880194664,0.0005968801560811698
1489,0.07360100001096725,0.0005969941848888993
1490,0.008533000014722347,0.0005969444755464792
1491,0.028534000739455223,0.0005968806217424572
1492,-0.006399999838322401,0.0005968878977000713
1493,0.02346700057387352,0.0005970383062958717
1494,0.02346700057387352,0.0005970766069367528
1495,0.07360100001096725,0.0005974199157208204
1496,0.02346700057387352,0.0005972714279778302
1497,0.07360100001096725,0.0005972211947664618
1498,0.01866699941456318,0.0005971990758553147
1499,0.05360100045800209,0.0005972508806735277
1500,-0.006399999838322401,0.0005971686914563179
1501,0.04853399842977524,0.000597187434323132
1502,-0.011466999538242817,0.0005970108904875815
1503,0.05360100045800209,0.0005968163604848087
1504,0.003467000089585781,0.0005965231684967875
1505,0.05360100045800209,0.0005966534372419119
1506,0.02346700057387352,0.0005966430180706084
1507,0.06373400241136551,0.0005967890028841794
1508,-0.0013330000219866633,0.0005967722390778363
1509,0.04853399842977524,0.0005968341138213873
1510,0.01360000018030405,0.0005968540208414197
1511,0.028534000739455223,0.0005969596095383167
1512,-0.02160000056028366,0.000596781144849956
1513,0.03359999880194664,0.000596535624936223
1514,-0.0013330000219866633,0.0005960756679996848
1515,0.043733999133110046,0.0005958196707069874
1516,0.003467000089585781,0.0005951931234449148
1517,0.01360000018030405,0.0005950339836999774
1518,0.02346700057387352,0.0005945722805336118
1519,0.05866700038313866,0.0005942774005234241
1520,-0.0013330000219866633,0.0005938471294939518
1521,0.06373400241136551,0.0005934686632826924
1522,-0.026399999856948853,0.0005931085906922817
1523,0.09360100328922272,0.0005926485173404217
1524,-0.0013330000219866633,0.0005920298281125724
1525,0.043733999133110046,0.0005915095680393279
1526,-0.031466998159885406,0.0005909905885346234
1527,0.05866700038313866,0.0005909253959544003
1528,-0.02160000056028366,0.0005908170714974403
1529,0.0685340017080307,0.0005909032770432532
1530,0.01360000018030405,0.00059075269382447
1531,0.028534000739455223,0.0005907635204494
1532,0.02346700057387352,0.0005907080485485494
1533,0.02346700057387352,0.0005905837751924992
1534,0.01360000018030405,0.0005904724821448326
1535,0.028534000739455223,0.0005904065328650177
1536,0.003467000089585781,0.0005903170094825327
1537,0.02346700057387352,0.0005901908734813333
1538,-0.0013330000219866633,0.0005899610696360469
1539,0.04853399842977524,0.0005898927338421345
1540,-0.006399999838322401,0.0005896743386983871
1541,0.05360100045800209,0.0005896908696740866
1542,0.01360000018030405,0.0005896825459785759
1543,0.04853399842977524,0.000589779345318675
1544,0.01360000018030405,0.0005897557130083442
1545,0.03359999880194664,0.0005896445363759995
1546,-0.006399999838322401,0.0005894658388569951
1547,0.02346700057387352,0.0005891626933589578
1548,-0.02160000056028366,0.0005885877180844545
1549,0.04853399842977524,0.0005883745616301894
1550,-0.006399999838322401,0.0005881384713575244
1551,0.03359999880194664,0.0005879780510440469
1552,0.028534000739455223,0.0005876348586753011
1553,0.04853399842977524,0.0005875332863070071
1554,0.02346700057387352,0.0005875081988051534
1555,0.05360100045800209,0.0005874651251360774
1556,0.01360000018030405,0.0005873841582797468
1557,0.05360100045800209,0.0005872403271496296
1558,0.008533000014722347,0.0005871475441381335
1559,0.03866700083017349,0.0005872783367522061
1560,-0.0013330000219866633,0.0005874282796867192
1561,0.01360000018030405,0.0005876903887838125
1562,0.008533000014722347,0.0005878225201740861
1563,0.03866700083017349,0.0005879919626750052
1564,0.03866700083017349,0.0005880133248865604
1565,0.02346700057387352,0.0005881229881197214
1566,-0.011466999538242817,0.0005879540112800896
1567,0.03866700083017349,0.0005878619849681854
1568,-0.026399999856948853,0.0005875041242688894
1569,0.03359999880194664,0.0005873283953405917
1570,-0.006399999838322401,0.0005870104068890214
1571,0.05360100045800209,0.0005868776934221387
1572,0.003467000089585781,0.0005866703577339649
1573,0.03866700083017349,0.0005864838603883982
1574,0.01866699941456318,0.0005862999823875725
1575,0.02346700057387352,0.0005861545214429498
1576,-0.006399999838322401,0.0005857696523889899
1577,0.02346700057387352,0.0005854342598468065
1578,-0.0013330000219866633,0.0005846935673616827
1579,0.03866700083017349,0.0005842633545398712
1580,0.003467000089585781,0.0005837571807205677
1581,0.04853399842977524,0.0005835424526594579
1582,-0.0013330000219866633,0.0005833936156705022
1583,0.03359999880194664,0.0005833309260196984
1584,-0.011466999538242817,0.0005831197486259043
1585,0.008533000014722347,0.0005829152651131153
1586,-0.04160099849104881,0.0005825097905471921
1587,0.02346700057387352,0.0005820723017677665
1588,-0.03653400018811226,0.0005815693875774741
1589,-0.0013330000219866633,0.0005810606526210904
1590,-0.016534000635147095,0.0005802083760499954
1591,0.03866700083017349,0.0005801036022603512
1592,0.003467000089585781,0.0005797643098048866
1593,0.0685340017080307,0.0005796201876364648
1594,-0.0013330000219866633,0.0005791381699964404
1595,0.01360000018030405,0.0005787545815110207
1596,0.01360000018030405,0.0005784111563116312
1597,0.05360100045800209,0.0005782242515124381
1598,0.01360000018030405,0.0005779601633548737
1599,0.05866700038313866,0.0005774393794126809
1600,-0.0013330000219866633,0.000576890364754945
1601,0.04853399842977524,0.0005764918169006705
1602,0.028534000739455223,0.0005760550848208368
1603,0.04853399842977524,0.0005757478065788746
1604,-0.04666699841618538,0.0005755687016062438
1605,0.02346700057387352,0.00057517911773175
1606,0.01360000018030405,0.0005749338888563216
1607,0.04853399842977524,0.0005750487325713038
1608,-0.006399999838322401,0.0005748525727540255
1609,0.03866700083017349,0.0005749643314629793
1610,0.003467000089585781,0.0005750073469243944
1611,0.028534000739455223,0.0005750120035372674
1612,-0.016534000635147095,0.0005747692193835974
1613,0.028534000739455223,0.0005746400565840304
1614,0.003467000089585781,0.0005743640940636396
1615,0.05360100045800209,0.0005742618814110756
1616,-0.0013330000219866633,0.0005741366185247898
1617,0.03359999880194664,0.0005741912173107266
1618,0.003467000089585781,0.0005742445937357843
1619,-0.016534000635147095,0.000574343022890389
1620,0.003467000089585781,0.0005744431400671601
1621,0.01866699941456318,0.0005744695081375539
1622,-0.011466999538242817,0.0005744170630350709
1623,0.028534000739455223,0.0005742529174312949
1624,-0.02160000056028366,0.0005740716587752104
1625,0.028534000739455223,0.000573859317228198
1626,-0.026399999856948853,0.0005735935410484672
1627,0.0685340017080307,0.0005733460420742631
1628,-0.011466999538242817,0.0005730531993322074
1629,0.04853399842977524,0.0005728421383537352
1630,-0.02160000056028366,0.0005728370742872357
1631,0.02346700057387352,0.0005731337005272508
1632,0.02346700057387352,0.0005733275320380926
1633,0.07866799831390381,0.0005736162420362234
1634,-0.03653400018811226,0.0005733812577091157
1635,0.043733999133110046,0.00057322031352669
1636,-0.04160099849104881,0.0005729648983106017
1637,0.02346700057387352,0.0005726780509576201
1638,0.028534000739455223,0.000572528806515038
1639,0.028534000739455223,0.0005722825299017131
1640,-0.03653400018811226,0.0005717342719435692
1641,0.028534000739455223,0.0005712718702852726
1642,-0.02160000056028366,0.0005709286197088659
1643,0.06373400241136551,0.0005703521310351789
1644,0.003467000089585781,0.0005699704051949084
1645,0.05360100045800209,0.0005696176085621119
1646,-0.02160000056028366,0.0005693918210454285
1647,0.06373400241136551,0.000569203111808747
1648,0.01360000018030405,0.0005691174301318824
1649,0.05360100045800209,0.0005690429825335741
1650,0.003467000089585781,0.0005690806428901851
1651,0.03866700083017349,0.0005691014230251312
1652,-0.02160000056028366,0.0005693068960681558
1653,0.02346700057387352,0.000569363939575851
1654,0.02346700057387352,0.0005694262799806893
1655,0.01866699941456318,0.0005693412385880947
1656,0.003467000089585781,0.0005692209815606475
1657,0.03866700083017349,0.0005690416437573731
1658,0.03866700083017349,0.000569005380384624
1659,0.05360100045800209,0.0005689305253326893
1660,-0.011466999538242817,0.0005689398967660964
1661,0.05360100045800209,0.0005691301776096225
1662,0.003467000089585781,0.0005692599806934595
1663,0.04853399842977524,0.0005693297134712338
1664,0.01360000018030405,0.0005696460139006376
1665,0.02346700057387352,0.0005699019529856741
1666,0.02346700057387352,0.0005700970650650561
1667,0.02346700057387352,0.0005702530615963042
1668,0.003467000089585781,0.0005702098133042455
1669,0.03866700083017349,0.0005702563794329762
1670,-0.0013330000219866633,0.0005703751230612397
1671,0.03359999880194664,0.0005706490483134985
1672,0.01360000018030405,0.0005708099342882633
1673,0.06373400241136551,0.0005708492244593799
1674,-0.0013330000219866633,0.0005710533005185425
1675,0.04853399842977524,0.000571272277738899
1676,0.01360000018030405,0.0005716749583370984
1677,0.03866700083017349,0.0005721886409446597
1678,-0.0013330000219866633,0.000572578574065119
1679,0.02346700057387352,0.0005728109972551465
1680,-0.04160099849104881,0.0005729903932660818
1681,0.02346700057387352,0.0005730480188503861
1682,0.01360000018030405,0.0005728793912567198
1683,0.04853399842977524,0.0005726987728849053
1684,0.008533000014722347,0.0005726481322199106
1685,0.03866700083017349,0.0005727781681343913
1686,-0.011466999538242817,0.0005730639677494764
1687,0.03866700083017349,0.0005730325356125832
1688,-0.031466998159885406,0.0005731093697249889
1689,0.02346700057387352,0.00057297816965729
1690,-0.006399999838322401,0.0005728122778236866
1691,0.04853399842977524,0.0005724828806705773
1692,-0.006399999838322401,0.000572346500121057
1693,0.08373399823904037,0.0005720793851651251
1694,0.008533000014722347,0.0005721943452954292
1695,0.03866700083017349,0.0005721938796341419
1696,-0.011466999538242817,0.0005723250797018409
1697,0.02346700057387352,0.0005725533701479435
1698,-0.02160000056028366,0.0005726387607865036
1699,0.04853399842977524,0.0005728011601604521
1700,-0.02160000056028366,0.0005728297401219606
1701,0.06373400241136551,0.0005728346295654774
1702,-0.011466999538242817,0.0005728859105147421
1703,0.02346700057387352,0.0005729786353185773
1704,0.01360000018030405,0.0005731691489927471
1705,0.06373400241136551,0.0005733546568080783
1706,0.003467000089585781,0.0005735266022384167
1707,0.06373400241136551,0.0005738671752624214
1708,-0.0013330000219866633,0.0005742833018302917
1709,0.05360100045800209,0.000574614095967263
1710,0.01360000018030405,0.0005750128766521811
1711,0.05360100045800209,0.0005755825550295413
1712,-0.016534000635147095,0.0005758733605034649
1713,0.0685340017080307,0.0005761536303907633
1714,-0.0013330000219866633,0.0005765521200373769
1715,0.02346700057387352,0.0005768245900981128
1716,-0.02160000056028366,0.000577316153794527
1717,0.043733999133110046,0.0005778858903795481
1718,-0.006399999838322401,0.00057870929595083
1719,0.02346700057387352,0.0005794339813292027
1720,-0.0013330000219866633,0.000580186489969492
1721,0.05360100045800209,0.0005809301510453224
1722,0.01360000018030405,0.000581856002099812
1723,0.05360100045800209,0.000582733890041709
1724,0.003467000089585781,0.0005834890762344003
1725,0.04853399842977524,0.0005843205144628882
1726,-0.011466999538242817,0.000585267087444663
1727,0.01360000018030405,0.0005858324584551156
1728,-0.05146700143814087,0.0005865215789526701
1729,0.03359999880194664,0.0005869264714419842
1730,0.003467000089585781,0.0005874486523680389
1731,0.02346700057387352,0.0005881543620489538
1732,-0.0013330000219866633,0.0005887210718356073
1733,0.03866700083017349,0.0005890244501642883
1734,-0.011466999538242817,0.0005894654314033687
1735,-0.0013330000219866633,0.0005898197996430099
1736,0.008533000014722347,0.0005899152019992471
1737,0.043733999133110046,0.0005898645031265914
1738,0.01360000018030405,0.0005898824892938137
1739,0.07866799831390381,0.0005899339448660612
1740,-0.0013330000219866633,0.0005898532108403742
1741,0.0685340017080307,0.0005897204391658306
1742,-0.011466999538242817,0.0005898739909753203
1743,0.028534000739455223,0.0005902284174226224
1744,-0.006399999838322401,0.0005907947197556496
1745,0.03866700083017349,0.0005911868065595627
1746,0.008533000014722347,0.0005917120142839849
1747,0.04853399842977524,0.0005921017145738006
1748,0.003467000089585781,0.0005925720906816423
1749,0.028534000739455223,0.0005930570187047124
1750,-0.016534000635147095,0.0005938069662079215
1751,0.03866700083017349,0.0005942709976807237
1752,-0.006399999838322401,0.0005948005709797144
1753,0.028534000739455223,0.0005951932398602366
1754,-0.02160000056028366,0.0005957536632195115
1755,0.04853399842977524,0.0005961820716038346
1756,0.028534000739455223,0.0005967310862615705
1757,0.043733999133110046,0.0005972873186692595
1758,0.02346700057387352,0.0005978266708552837
1759,0.043733999133110046,0.0005984848248772323
1760,-0.02160000056028366,0.000599171849898994
1761,0.05866700038313866,0.0005997820990160108
1762,-0.02160000056028366,0.0006004406022839248
1763,0.01866699941456318,0.0006011348450556397
1764,-0.02160000056028366,0.0006018008571118116
1765,0.05360100045800209,0.0006021596491336823
1766,-0.031466998159885406,0.0006028241477906704
1767,0.03359999880194664,0.0006034665275365114
1768,0.01866699941456318,0.0006043989560566843
1769,0.01866699941456318,0.0006053202087059617
1770,-0.011466999538242817,0.0006061356398276985
1771,0.0685340017080307,0.0006068433867767453
1772,-0.016534000635147095,0.0006077989819459617
1773,0.028534000739455223,0.0006084206397645175
1774,-0.0013330000219866633,0.0006091672694310546
1775,0.02346700057387352,0.0006099650054238737
1776,-0.0013330000219866633,0.0006106792716309428
1777,0.05866700038313866,0.000611321534961462
1778,-0.03653400018811226,0.0006120235193520784
1779,0.03359999880194664,0.0006126454100012779
1780,0.003467000089585781,0.0006132181151770055
1781,0.043733999133110046,0.0006137409945949912
1782,-0.006399999838322401,0.0006144196959212422
1783,0.04853399842977524,0.0006150500848889351
1784,-0.0013330000219866633,0.0006156901363283396
1785,0.06373400241136551,0.0006163119687698781
1786,0.02346700057387352,0.0006168102845549583
1787,0.0685340017080307,0.0006173646543174982
1788,-0.0013330000219866633,0.0006181190256029367
1789,0.028534000739455223,0.0006188619299791753
1790,0.01866699941456318,0.0006196200265549123
1791,0.03866700083017349,0.0006203956436365843
1792,-0.0013330000219866633,0.0006211908766999841
1793,0.03866700083017349,0.0006220096256583929
1794,0.01360000018030405,0.0006228608544915915
1795,0.03359999880194664,0.0006237570196390152
1796,-0.0013330000219866633,0.000624515232630074
1797,0.028534000739455223,0.0006252916646189988
1798,0.003467000089585781,0.0006260197842493653
1799,0.03866700083017349,0.0006267246790230274
1800,-0.031466998159885406,0.0006274848710745573
1801,0.02346700057387352,0.0006281401147134602
1802,-0.031466998159885406,0.000628976384177804
1803,0.05360100045800209,0.0006297237705439329
1804,0.028534000739455223,0.0006306826253421605
1805,0.0685340017080307,0.0006318446830846369
1806,-0.011466999538242817,0.0006327549926936626
1807,0.03866700083017349,0.0006335574435070157
1808,-0.011466999538242817,0.0006341235130093992
1809,0.02346700057387352,0.0006346189184114337
1810,-0.04666699841618538,0.0006351963966153562
1811,0.04853399842977524,0.0006357617676258087
1812,0.01866699941456318,0.0006361977430060506
1813,0.06373400241136551,0.0006367625901475549
1814,-0.006399999838322401,0.0006371117196977139
1815,0.03866700083017349,0.0006373869255185127
1816,0.01360000018030405,0.0006374377990141511
1817,0.05360100045800209,0.00063760404009372
1818,0.02346700057387352,0.0006378830876201391
1819,0.01866699941456318,0.000638289493508637
1820,-0.0013330000219866633,0.0006387138273566961
1821,0.0685340017080307,0.0006391169736161828
1822,-0.006399999838322401,0.0006395145319402218
1823,0.02346700057387352,0.0006397588877007365
1824,-0.0013330000219866633,0.00064027716871351
1825,0.043733999133110046,0.0006405425956472754
1826,0.03359999880194664,0.0006409022025763988
1827,0.06373400241136551,0.0006411814829334617
1828,0.02346700057387352,0.0006412603543139994
1829,0.05360100045800209,0.0006413060473278165
1830,0.01360000018030405,0.0006413017399609089
1831,0.01360000018030405,0.0006414327071979642
1832,-0.011466999538242817,0.0006414864910766482
1833,-0.0013330000219866633,0.0006413577357307076
1834,-0.0013330000219866633,0.0006413500523194671
1835,0.06373400241136551,0.000641403894405812
1836,-0.0013330000219866633,0.0006414321251213551
1837,0.04853399842977524,0.0006413021474145353
1838,-0.0013330000219866633,0.0006411771173588932
1839,0.01360000018030405,0.0006409446941688657
1840,0.03359999880194664,0.0006407289765775204
1841,0.04853399842977524,0.000640447367914021
1842,0.03359999880194664,0.0006402448634617031
1843,0.05360100045800209,0.000639983918517828
1844,0.02346700057387352,0.0006396835669875145
1845,0.05360100045800209,0.0006393621442839503
1846,0.01866699941456318,0.0006393941584974527
1847,0.02346700057387352,0.0006393416551873088
1848,0.01360000018030405,0.000639282283373177
1849,0.04853399842977524,0.0006391103379428387
1850,-0.011466999538242817,0.0006389685440808535
1851,0.028534000739455223,0.0006389154586941004
1852,0.01360000018030405,0.0006389981717802584
1853,0.03866700083017349,0.0006391584174707532
1854,0.008533000014722347,0.0006393799558281898
1855,0.06373400241136551,0.0006397260585799813
1856,0.01866699941456318,0.0006400331621989608
1857,0.0685340017080307,0.0006403700681403279
1858,0.01360000018030405,0.0006408340996131301
1859,0.03866700083017349,0.0006414438830688596
1860,-0.026399999856948853,0.0006417847471311688
1861,0.07360100001096725,0.0006423189770430326
1862,-0.031466998159885406,0.0006426904583349824
1863,0.04853399842977524,0.0006429723580367863
1864,-0.026399999856948853,0.0006432777736335993
1865,0.03359999880194664,0.0006433988455682993
1866,0.02346700057387352,0.000643499253783375
1867,0.05360100045800209,0.0006438237614929676
1868,0.01360000018030405,0.0006441237637773156
1869,0.05866700038313866,0.0006443031597882509
1870,0.02346700057387352,0.00064454524544999
1871,0.05866700038313866,0.000644884305074811
1872,0.01360000018030405,0.0006449937354773283
1873,0.04853399842977524,0.0006452505476772785
1874,-0.02160000056028366,0.0006453629466705024
1875,0.02346700057387352,0.000645505846478045
1876,-0.03653400018811226,0.0006455745897255838
1877,0.003467000089585781,0.0006456379196606576
1878,-0.026399999856948853,0.0006457018316723406
1879,0.008533000014722347,0.0006459754658862948
1880,-0.011466999538242817,0.0006462741876021028
1881,0.02346700057387352,0.0006462270393967628
1882,-0.026399999856948853,0.0006464490434154868
1883,0.04853399842977524,0.0006465294864028692
1884,0.03359999880194664,0.0006467390921898186
1885,0.03866700083017349,0.0006468762876465917
1886,0.003467000089585781,0.0006471079541370273
1887,0.03866700083017349,0.0006472955574281514
1888,-0.04160099849104881,0.0006475765258073807
1889,0.06373400241136551,0.0006478970171883702
1890,-0.05653399974107742,0.0006482519675046206
1891,0.02346700057387352,0.000648550339974463
1892,-0.02160000056028366,0.000649017165414989
1893,0.0685340017080307,0.000649178633466363
1894,-0.011466999538242817,0.0006493396358564496
1895,0.043733999133110046,0.0006493966793641448
1896,0.01360000018030405,0.0006497659487649798
1897,0.01866699941456318,0.0006502931355498731
1898,0.01866699941456318,0.0006507443613372743
1899,0.03359999880194664,0.0006510929670184851
1900,-0.011466999538242817,0.0006511285318993032
1901,0.02346700057387352,0.0006512837135232985
1902,0.01866699941456318,0.0006513465195894241
1903,0.003467000089585781,0.0006514199776574969
1904,0.003467000089585781,0.000651404494419694
1905,0.03866700083017349,0.0006514993729069829
1906,-0.006399999838322401,0.0006514370907098055
1907,0.05360100045800209,0.0006514248671010137
1908,-0.011466999538242817,0.0006511889514513314
1909,0.03866700083017349,0.0006508990190923214
1910,-0.011466999538242817,0.0006505772471427917
1911,0.01360000018030405,0.0006503918557427824
1912,-0.02160000056028366,0.0006503075128421187
1913,0.05866700038313866,0.0006503114709630609
1914,0.02346700057387352,0.0006501622847281396
1915,0.028534000739455223,0.0006499957526102662
1916,-0.0013330000219866633,0.0006497658905573189
1917,0.01866699941456318,0.0006494458066299558
1918,-0.0013330000219866633,0.000649085792247206
1919,0.04853399842977524,0.0006487502250820398
1920,0.03866700083017349,0.0006484203040599823
1921,0.01360000018030405,0.0006480633746832609
1922,0.02346700057387352,0.0006476406706497073
1923,0.06373400241136551,0.0006472759996540844
1924,0.003467000089585781,0.0006469055078923702
1925,0.02346700057387352,0.0006464596372097731
1926,0.008533000014722347,0.0006459477590397
1927,0.01360000018030405,0.0006455008406192064
1928,0.003467000089585781,0.0006451418157666922
1929,0.028534000739455223,0.0006447138148359954
1930,-0.006399999838322401,0.0006444143946282566
1931,0.07360100001096725,0.0006443200982175767
1932,-0.031466998159885406,0.0006438862765207887
1933,0.05360100045800209,0.0006432943628169596
1934,0.02346700057387352,0.0006429735803976655
1935,0.043733999133110046,0.0006429260247386992
1936,0.028534000739455223,0.0006428422639146447
1937,0.06373400241136551,0.0006428969209082425
1938,0.003467000089585781,0.0006429132772609591
1939,0.07360100001096725,0.0006429465720430017
1940,-0.026399999856948853,0.0006428426713682711
1941,0.05360100045800209,0.0006428934866562486
1942,0.03359999880194664,0.0006425931351259351
1943,0.08373399823904037,0.0006427506450563669
1944,-0.006399999838322401,0.0006422048318199813
1945,0.05360100045800209,0.0006418393459171057
1946,-0.011466999538242817,0.000641326536424458
1947,0.043733999133110046,0.0006410521455109119
1948,0.02346700057387352,0.0006405815947800875
1949,0.02346700057387352,0.0006402029539458454
1950,-0.026399999856948853,0.0006396839744411409
1951,0.028534000739455223,0.0006390844937413931
1952,-0.011466999538242817,0.0006384082953445613
1953,0.03359999880194664,0.0006377589888870716
1954,0.008533000014722347,0.0006372301722876728
1955,0.028534000739455223,0.000636711367405951
1956,0.03359999880194664,0.00063621427398175
1957,0.03866700083017349,0.0006357647944241762
1958,0.003467000089585781,0.0006353883072733879
1959,0.028534000739455223,0.000634979922324419
1960,-0.026399999856948853,0.0006347144371829927
1961,0.01866699941456318,0.0006344557623378932
1962,-0.03653400018811226,0.0006341550033539534
1963,0.03359999880194664,0.0006334881763905287
1964,-0.0013330000219866633,0.0006328268209472299
1965,0.07360100001096725,0.0006324810674414039
1966,0.01866699941456318,0.0006317865918390453
1967,0.0685340017080307,0.0006310900207608938
1968,-0.0013330000219866633,0.0006303564878180623
1969,0.05360100045800209,0.0006296242354437709
1970,0.003467000089585781,0.0006285886047407985
1971,0.028534000739455223,0.0006277979118749499
1972,-0.02160000056028366,0.0006269550649449229
1973,0.03866700083017349,0.0006260430673137307
1974,-0.016534000635147095,0.0006249919533729553
1975,0.02346700057387352,0.0006241441587917507
1976,0.008533000014722347,0.0006233138265088201
1977,0.04853399842977524,0.0006224915268830955
1978,-0.02160000056028366,0.0006213809829205275
1979,0.01360000018030405,0.0006204112432897091
1980,-0.0013330000219866633,0.0006196023896336555
1981,0.05360100045800209,0.0006188481347635388
1982,-0.011466999538242817,0.0006178899202495813
1983,0.01866699941456318,0.0006173707661218941
1984,0.01360000018030405,0.0006169364787638187
1985,0.06373400241136551,0.0006167700630612671
1986,-0.016534000635147095,0.0006165039376355708
1987,0.04853399842977524,0.0006162745412439108
1988,0.01360000018030405,0.0006158447358757257
1989,0.05866700038313866,0.0006158814067021012
1990,0.008533000014722347,0.0006152930436655879
1991,0.03866700083017349,0.0006148614920675755
1992,-0.0013330000219866633,0.0006147839594632387
1993,0.01360000018030405,0.0006148291286081076
1994,-0.02160000056028366,0.0006147754611447453
1995,0.02346700057387352,0.0006148959510028362
1996,0.008533000014722347,0.000615007767919451
1997,0.05360100045800209,0.0006153706926852465
1998,0.01866699941456318,0.0006151783163659275
1999,0.06373400241136551,0.0006148865213617682
2000,0.01360000018030405,0.0006144183571450412
2001,0.05360100045800209,0.0006140938494354486
2002,-0.0013330000219866633,0.000613639538642019
2003,0.01866699941456318,0.0006133788265287876
2004,-0.0013330000219866633,0.0006129752146080136
2005,0.04853399842977524,0.0006124761421233416
2006,0.008533000014722347,0.0006117589073255658
2007,0.043733999133110046,0.0006112282862886786
2008,0.003467000089585781,0.0006108592497184873
2009,0.03866700083017349,0.0006108861416578293
2010,0.01866699941456318,0.0006104867206886411
2011,0.03866700083017349,0.0006103504565544426
2012,0.003467000089585781,0.0006100686732679605
2013,0.07360100001096725,0.0006098654121160507
2014,-0.031466998159885406,0.0006095310091041028
2015,0.03866700083017349,0.0006091884570196271
2016,-0.016534000635147095,0.0006087337387725711
2017,0.01866699941456318,0.0006082426989451051
2018,-0.016534000635147095,0.0006074892589822412
2019,0.028534000739455223,0.0006066622445359826
2020,0.003467000089585781,0.0006058959988877177
2021,0.028534000739455223,0.0006056289421394467
2022,0.02346700057387352,0.0006050028023310006
2023,0.06373400241136551,0.0006046369671821594
2024,-0.011466999538242817,0.0006039182189851999
2025,0.028534000739455223,0.0006034496473148465
2026,-0.0013330000219866633,0.0006029428914189339
2027,0.05360100045800209,0.00060251698596403
2028,-0.006399999838322401,0.0006019370048306882
2029,0.02346700057387352,0.0006015009712427855
2030,-0.016534000635147095,0.0006010160432197154
2031,0.05360100045800209,0.0006005495088174939
2032,0.02346700057387352,0.0005999964196234941
2033,0.05360100045800209,0.0005995779065415263
2034,0.01866699941456318,0.0005989724304527044
2035,0.03866700083017349,0.0005985164316371083
2036,-0.006399999838322401,0.000597987906076014
2037,0.028534000739455223,0.0005977622931823134
2038,0.028534000739455223,0.000597347563598305
2039,0.0685340017080307,0.0005972001818008721
2040,0.01360000018030405,0.0005967499455437064
2041,0.08880099654197693,0.0005961040733382106
2042,-0.006399999838322401,0.0005953846266493201
2043,0.05360100045800209,0.0005945779848843813
2044,0.003467000089585781,0.0005936128436587751
2045,0.02346700057387352,0.0005928865866735578
2046,-0.0013330000219866633,0.0005920627154409885
2047,0.028534000739455223,0.0005913749919272959
2048,-0.006399999838322401,0.000590590585488826
2049,0.05360100045800209,0.0005899079260416329
2050,-0.0013330000219866633,0.0005890711327083409
2051,0.03359999880194664,0.0005881517427042127
2052,-0.02160000056028366,0.0005874375347048044
2053,0.03866700083017349,0.0005867179716005921
2054,-0.026399999856948853,0.000585873844102025
2055,0.06373400241136551,0.0005850270390510559
2056,0.008533000014722347,0.0005841207457706332
2057,0.028534000739455223,0.0005834414623677731
2058,-0.031466998159885406,0.0005825558910146356
2059,0.01866699941456318,0.0005817633937112987
2060,-0.02160000056028366,0.0005810310831293464
2061,0.05360100045800209,0.0005800538929179311
2062,-0.02160000056028366,0.0005791111616417766
2063,0.05360100045800209,0.000578227685764432
2064,-0.011466999538242817,0.0005774254677817225
2065,0.03359999880194664,0.0005767212714999914
2066,-0.026399999856948853,0.0005758715560659766
2067,0.028534000739455223,0.0005751220742240548
2068,-0.0013330000219866633,0.0005744980880990624
2069,0.01866699941456318,0.0005738198524340987
2070,-0.0013330000219866633,0.0005732314893975854
2071,0.043733999133110046,0.0005726594245061278
2072,-0.0013330000219866633,0.0005721602356061339
2073,0.003467000089585781,0.0005716773448511958
2074,0.008533000014722347,0.000571190845221281
2075,0.03866700083017349,0.0005706595839001238
2076,0.008533000014722347,0.0005701563786715269
2077,0.03866700083017349,0.0005696599837392569
2078,-0.02160000056028366,0.0005692797130905092
2079,0.06373400241136551,0.0005690553225576878
2080,0.003467000089585781,0.0005685559008270502
2081,0.03866700083017349,0.0005680875619873405
2082,-0.02160000056028366,0.0005676516448147595
2083,0.03359999880194664,0.0005672805709764361
2084,-0.026399999856948853,0.0005671365070156753
2085,0.01866699941456318,0.0005669283564202487
2086,-0.026399999856948853,0.0005665840581059456
2087,0.04853399842977524,0.0005661437171511352
2088,0.003467000089585781,0.0005657619331032038
2089,0.02346700057387352,0.0005655300919897854
2090,0.01360000018030405,0.0005653919652104378
2091,0.04853399842977524,0.0005652015679515898
2092,-0.011466999538242817,0.0005649871891364455
2093,0.05360100045800209,0.0005648892838507891
2094,-0.026399999856948853,0.0005646968493238091
2095,0.03866700083017349,0.0005646245554089546
2096,0.003467000089585781,0.000564516638405621
2097,0.028534000739455223,0.0005643798504024744
2098,-0.011466999538242817,0.0005642303731292486
2099,0.04853399842977524,0.000564314192160964
2100,-0.0013330000219866633,0.0005644293851219118
2101,0.02346700057387352,0.0005644455086439848
2102,-0.011466999538242817,0.0005643049371428788
2103,0.03866700083017349,0.0005641371826641262
2104,-0.016534000635147095,0.0005639456794597208
2105,0.043733999133110046,0.0005639690789394081
2106,0.01866699941456318,0.0005639396840706468
2107,0.01360000018030405,0.0005639212904497981
2108,0.02346700057387352,0.0005638034199364483
2109,0.04853399842977524,0.0005636690184473991
2110,0.01360000018030405,0.0005632847314700484
2111,0.03359999880194664,0.0005628397921100259
2112,0.01360000018030405,0.0005625338526442647
2113,0.04853399842977524,0.0005621471209451556
2114,-0.006399999838322401,0.0005614891415461898
2115,0.05360100045800209,0.000560958229470998
2116,-0.026399999856948853,0.0005604751640930772
2117,0.03866700083017349,0.0005599114811047912
2118,-0.016534000635147095,0.0005595064722001553
2119,0.01360000018030405,0.0005591673543676734
2120,-0.02160000056028366,0.0005588036146946251
2121,0.003467000089585781,0.0005586729967035353
2122,-0.04666699841618538,0.00055868667550385
2123,0.003467000089585781,0.0005584710743278265
2124,-0.0013330000219866633,0.0005583988968282938
2125,-0.0013330000219866633,0.0005581417353823781
2126,-0.04160099849104881,0.0005578218842856586
2127,0.03866700083017349,0.0005573644302785397
2128,0.003467000089585781,0.000556965300347656
2129,0.02346700057387352,0.0005564712919294834
2130,-0.0013330000219866633,0.0005559808923862875
2131,0.028534000739455223,0.0005556010873988271
2132,0.01360000018030405,0.0005552670918405056
2133,0.028534000739455223,0.0005551222711801529
2134,-0.0013330000219866633,0.000555198872461915
2135,0.06373400241136551,0.0005552682559937239
2136,-0.03653400018811226,0.0005551168578676879
2137,0.03866700083017349,0.0005550379282794893
2138,0.003467000089585781,0.0005547673790715635
2139,0.03866700083017349,0.0005546410102397203
2140,-0.02160000056028366,0.0005545061430893838
2141,0.03866700083017349,0.0005541942664422095
2142,-0.016534000635147095,0.0005537285469472408
2143,0.03359999880194664,0.0005531325004994869
2144,-0.016534000635147095,0.000552377721760422
2145,0.04853399842977524,0.0005513951764442027
2146,0.003467000089585781,0.0005506371380761266
2147,0.03359999880194664,0.000549852498807013
2148,-0.02160000056028366,0.0005490077892318368
2149,0.03359999880194664,0.0005482945125550032
2150,-0.011466999538242817,0.0005476110382005572
2151,0.04853399842977524,0.0005470552714541554
2152,0.028534000739455223,0.0005464717978611588
2153,0.03866700083017349,0.0005456913495436311
2154,-0.016534000635147095,0.0005448423326015472
2155,0.0685340017080307,0.000544055481441319
2156,0.043733999133110046,0.000543478294275701
2157,0.06373400241136551,0.0005427248543128371
2158,0.003467000089585781,0.0005419614026322961
2159,0.05866700038313866,0.0005411774036474526
2160,0.008533000014722347,0.0005404547555372119
2161,0.043733999133110046,0.0005396453198045492
2162,-0.0013330000219866633,0.0005390110891312361
2163,0.05360100045800209,0.0005382478702813387
2164,-0.006399999838322401,0.0005376587505452335
2165,0.04853399842977524,0.000537034822627902
2166,0.03359999880194664,0.0005365993129089475
2167,0.04853399842977524,0.0005361073417589068
2168,-0.006399999838322401,0.0005354566965252161
2169,0.04853399842977524,0.000534617924131453
2170,0.003467000089585781,0.0005340822972357273
2171,0.043733999133110046,0.0005334338638931513
2172,-0.006399999838322401,0.0005330267595127225
2173,0.03866700083017349,0.0005324421799741685
2174,-0.016534000635147095,0.0005318954936228693
2175,0.028534000739455223,0.0005313331494107842
2176,-0.02160000056028366,0.0005308047402650118
2177,0.04853399842977524,0.000530195189639926
2178,-0.0013330000219866633,0.0005296500166878104
2179,0.028534000739455223,0.0005289660184644163
2180,-0.011466999538242817,0.0005283248610794544
2181,0.03866700083017349,0.0005277248565107584
2182,0.003467000089585781,0.0005272256676107645
2183,0.043733999133110046,0.0005266304942779243
2184,-0.03653400018811226,0.0005261400947347283
2185,0.03359999880194664,0.0005257229204289615
2186,-0.026399999856948853,0.0005251363036222756
2187,0.07866799831390381,0.0005242221523076296
2188,0.02346700057387352,0.0005234392010606825
2189,0.02346700057387352,0.0005226652720011771
2190,0.01360000018030405,0.0005219043814577162
2191,0.04853399842977524,0.0005210444796830416
2192,0.01360000018030405,0.0005202332977205515
2193,0.03866700083017349,0.0005192675744183362
2194,0.01360000018030405,0.000518579559866339
2195,0.028534000739455223,0.0005177543498575687
2196,-0.026399999856948853,0.0005170834483578801
2197,0.028534000739455223,0.0005159329157322645
2198,-0.02160000056028366,0.0005150647484697402
2199,0.03866700083017349,0.0005140381399542093
2200,-0.026399999856948853,0.0005136452382430434
2201,0.04853399842977524,0.0005132178775966167
2202,-0.0013330000219866633,0.000513000413775444
2203,0.03866700083017349,0.0005125848110765219
2204,0.02346700057387352,0.0005123672308400273
2205,0.03359999880194664,0.0005120932473801076
2206,-0.0013330000219866633,0.0005118554690852761
2207,0.01360000018030405,0.000511665886733681
2208,-0.0013330000219866633,0.0005114614614285529
2209,0.01360000018030405,0.0005112987128086388
2210,-0.006399999838322401,0.0005111736245453358
2211,0.028534000739455223,0.0005108309560455382
2212,0.003467000089585781,0.0005107553442940116
2213,-0.016534000635147095,0.0005106554017402232
2214,-0.0013330000219866633,0.0005103091825731099
2215,0.04853399842977524,0.0005098737892694771
2216,0.01866699941456318,0.0005094463704153895
2217,0.03866700083017349,0.0005090325139462948
2218,-0.006399999838322401,0.0005086870514787734
2219,0.03866700083017349,0.0005084512522444129
2220,0.01360000018030405,0.0005080656264908612
2221,0.028534000739455223,0.0005075863446108997
2222,-0.011466999538242817,0.0005075038061477244
2223,0.04853399842977524,0.0005072451895102859
2224,-0.0013330000219866633,0.0005072886706329882
2225,0.02346700057387352,0.0005072189960628748
2226,-0.0013330000219866633,0.0005072696949355304
2227,0.04853399842977524,0.0005071232444606721
2228,0.008533000014722347,0.0005070747574791312
2229,0.028534000739455223,0.000507097109220922
2230,0.01360000018030405,0.0005072169005870819
2231,0.05866700038313866,0.0005072120111435652
2232,0.01360000018030405,0.0005071543273515999
2233,0.03866700083017349,0.0005070812767371535
2234,-0.0013330000219866633,0.0005072978092357516
2235,0.03359999880194664,0.0005073562497273088
2236,-0.0013330000219866633,0.0005075555527582765
2237,0.043733999133110046,0.0005074938526377082
2238,0.02346700057387352,0.0005076040397398174
2239,0.028534000739455223,0.0005075157387182117
2240,-0.016534000635147095,0.0005074887885712087
2241,0.05360100045800209,0.0005070673651061952
2242,0.03866700083017349,0.0005068694590590894
2243,0.04853399842977524,0.0005063812131993473
2244,-0.02160000056028366,0.0005062005948275328
2245,0.05360100045800209,0.0005057705566287041
2246,-0.02160000056028366,0.0005058126989752054
2247,0.03359999880194664,0.0005057530361227691
2248,-0.011466999538242817,0.0005056724767200649
2249,0.05866700038313866,0.0005055758520029485
2250,-0.016534000635147095,0.0005056538502685726
2251,0.02346700057387352,0.0005054821958765388
2252,0.02346700057387352,0.0005052806227467954
2253,0.04853399842977524,0.0005048822495155036
2254,0.01360000018030405,0.000504865834955126
2255,0.003467000089585781,0.0005048993625678122
2256,0.008533000014722347,0.0005050681065768003
2257,0.03359999880194664,0.0005052036722190678
2258,-0.0013330000219866633,0.0005054193898104131
2259,0.04853399842977524,0.000505366362631321
2260,-0.02160000056028366,0.0005053799832239747
2261,0.03866700083017349,0.0005053419154137373
2262,-0.006399999838322401,0.0005056672962382436
2263,0.02346700057387352,0.0005057436064817011
2264,-0.04160099849104881,0.00050587416626513
2265,0.03866700083017349,0.0005056116497144103
2266,0.01866699941456318,0.0005056438385508955
2267,0.02346700057387352,0.0005054317298345268
2268,0.01360000018030405,0.0005054079811088741
2269,0.01360000018030405,0.0005053066415712237
2270,-0.006399999838322401,0.0005052340566180646
2271,0.04853399842977524,0.0005050701438449323
2272,-0.0013330000219866633,0.0005051579209975898
2273,0.06373400241136551,0.0005051732296124101
2274,0.01360000018030405,0.0005052429623901844
2275,0.06373400241136551,0.0005053022177889943
2276,-0.0013330000219866633,0.0005055194487795234
2277,0.02346700057387352,0.0005054743378423154
2278,-0.04666699841618538,0.0005056816153228283
2279,0.03866700083017349,0.0005053654895164073
2280,-0.006399999838322401,0.0005052846390753984
2281,0.02346700057387352,0.0005050029722042382
2282,-0.006399999838322401,0.0005048081511631608
2283,0.04853399842977524,0.0005044679855927825
2284,0.01360000018030405,0.000504234922118485
2285,0.04853399842977524,0.0005038877716287971
2286,-0.0013330000219866633,0.0005037682130932808
2287,0.03866700083017349,0.0005035342765040696
2288,-0.02160000056028366,0.000503453949932009
2289,0.03866700083017349,0.0005030974862165749
2290,-0.0013330000219866633,0.0005028884042985737
2291,0.04853399842977524,0.0005025341524742544
2292,0.028534000739455223,0.0005021559773012996
2293,0.028534000739455223,0.0005017060320824385
2294,0.003467000089585781,0.0005014002090319991
2295,0.07360100001096725,0.0005009540473110974
2296,-0.011466999538242817,0.0005007605068385601
2297,0.0685340017080307,0.0005007426370866597
2298,-0.02160000056028366,0.0005007246509194374
2299,0.03359999880194664,0.0005008428124710917
2300,-0.006399999838322401,0.0005009595770388842
2301,0.05360100045800209,0.0005010339082218707
2302,-0.02160000056028366,0.0005011591129004955
2303,0.05360100045800209,0.0005011961329728365
2304,-0.011466999538242817,0.0005012784386053681
2305,0.07360100001096725,0.0005011445609852672
2306,-0.006399999838322401,0.0005010991590097547
2307,0.03866700083017349,0.0005011373432353139
2308,-0.011466999538242817,0.0005011638277210295
2309,0.05866700038313866,0.0005011222092434764
2310,0.02346700057387352,0.0005012799520045519
2311,0.05360100045800209,0.000501195783726871
2312,0.003467000089585781,0.0005010696477256715
2313,0.028534000739455223,0.0005007885629311204
2314,-0.02160000056028366,0.0005007147556170821
2315,0.05360100045800209,0.0005006050341762602
2316,-0.011466999538242817,0.0005003152182325721
2317,0.04853399842977524,0.0005000607343390584
2318,0.01360000018030405,0.0004998936201445758
2319,0.043733999133110046,0.0004995689960196614
2320,0.003467000089585781,0.0004995183553546667
2321,0.05360100045800209,0.0004994630580767989
2322,-0.016534000635147095,0.0004994672490283847
2323,0.0685340017080307,0.0004994567716494203
2324,0.01360000018030405,0.0004993058973923326
2325,0.03866700083017349,0.0004992259200662374
2326,0.02346700057387352,0.0004991867463104427
2327,0.04853399842977524,0.0004990684101358056
2328,0.02346700057387352,0.000499158981256187
2329,0.05866700038313866,0.000499134766869247
2330,0.01866699941456318,0.000499130692332983
2331,0.028534000739455223,0.0004991244641132653
2332,0.003467000089585781,0.0004991252208128572
2333,0.06373400241136551,0.0004990146262571216
2334,0.008533000014722347,0.000498952460475266
2335,0.043733999133110046,0.0004987734137102962
2336,-0.006399999838322401,0.0004987776628695428
2337,0.043733999133110046,0.0004989313310943544
2338,-0.016534000635147095,0.00049895781558007
2339,0.028534000739455223,0.000498694134876132
2340,0.003467000089585781,0.0004984433762729168
2341,0.043733999133110046,0.0004982724785804749
2342,0.003467000089585781,0.0004981878446415067
2343,0.03866700083017349,0.0004981682868674397
2344,0.008533000014722347,0.0004981427919119596
2345,0.06373400241136551,0.0004981056554242969
2346,0.01360000018030405,0.0004980644444003701
2347,0.03866700083017349,0.0004979637451469898
2348,0.008533000014722347,0.0004979788209311664
2349,0.04853399842977524,0.0004980521043762565
2350,-0.006399999838322401,0.0004981230013072491
2351,0.03866700083017349,0.0004983916878700256
2352,-0.02160000056028366,0.0004987144493497908
2353,0.0685340017080307,0.000499039888381958
2354,0.003467000089585781,0.0004993212642148137
2355,0.05866700038313866,0.000499456305988133
2356,0.01866699941456318,0.0004996215575374663
2357,0.008533000014722347,0.000500067020766437
2358,-0.026399999856948853,0.0005006626015529037
2359,0.02346700057387352,0.0005010394379496574
2360,-0.02160000056028366,0.0005015161586925387
2361,0.03359999880194664,0.0005016601644456387
2362,0.02346700057387352,0.000501978094689548
2363,0.028534000739455223,0.0005024152342230082
2364,-0.026399999856948853,0.0005027703009545803
2365,0.05866700038313866,0.0005032294429838657
2366,-0.02160000056028366,0.0005038408562541008
2367,0.028534000739455223,0.0005042396951466799
2368,0.028534000739455223,0.0005046271835453808
2369,0.05360100045800209,0.0005050752079114318
2370,-0.02160000056028366,0.0005056627560406923
2371,0.028534000739455223,0.0005058450624346733
2372,0.008533000014722347,0.000506269745528698
2373,0.05360100045800209,0.0005066496087238193
2374,-0.016534000635147095,0.0005069728940725327
2375,0.06373400241136551,0.0005073464708402753
2376,0.02346700057387352,0.0005077358800917864
2377,0.06373400241136551,0.000508252065628767
2378,-0.04666699841618538,0.0005087523022666574
2379,0.04853399842977524,0.0005088265752419829
2380,0.003467000089585781,0.0005088150501251221
2381,0.03866700083017349,0.0005088737234473228
2382,0.02346700057387352,0.0005089058540761471
2383,0.06373400241136551,0.0005089679034426808
2384,-0.011466999538242817,0.000509067322127521
2385,0.03866700083017349,0.0005091261700727046
2386,-0.006399999838322401,0.0005092148785479367
2387,0.01866699941456318,0.0005091829807497561
2388,-0.011466999538242817,0.0005092595820315182
2389,0.04853399842977524,0.0005091966595500708
2390,-0.0013330000219866633,0.0005089744227007031
2391,0.05360100045800209,0.0005086694727651775
2392,-0.02160000056028366,0.0005085800657980144
2393,0.01360000018030405,0.0005086559103801847
2394,-0.011466999538242817,0.0005086121382191777
2395,0.03866700083017349,0.0005082894349470735
2396,-0.0013330000219866633,0.000507886114064604
2397,0.03359999880194664,0.0005077855312265456
2398,0.01866699941456318,0.0005076797679066658
2399,0.03866700083017349,0.0005076074739918113
2400,-0.02160000056028366,0.0005077548557892442
2401,0.06373400241136551,0.0005079726688563824
2402,-0.0013330000219866633,0.0005081500858068466
2403,0.01866699941456318,0.0005083776777610183
2404,-0.02160000056028366,0.0005085859447717667
2405,0.05360100045800209,0.0005087844328954816
2406,0.003467000089585781,0.00050912651931867
2407,0.05866700038313866,0.0005094755906611681
2408,0.003467000089585781,0.0005097896791994572
2409,0.028534000739455223,0.0005104474257677794
2410,0.003467000089585781,0.000511253485456109
2411,0.04853399842977524,0.000511963851749897
2412,-0.006399999838322401,0.0005126219475641847
2413,0.02346700057387352,0.0005134429084137082
2414,-0.02160000056028366,0.0005142531590536237
2415,0.028534000739455223,0.0005152457160875201
2416,-0.026399999856948853,0.0005162081797607243
2417,0.03866700083017349,0.0005168599309399724
2418,-0.011466999538242817,0.000517362030223012
2419,0.01866699941456318,0.0005179464351385832
2420,0.01866699941456318,0.0005183197790756822
2421,0.0685340017080307,0.0005189242074266076
2422,-0.02160000056028366,0.0005192221142351627
2423,0.0685340017080307,0.000519679335411638
2424,-0.011466999538242817,0.0005200632149353623
2425,0.06373400241136551,0.0005209296359680593
2426,-0.0013330000219866633,0.0005216074059717357
2427,0.05866700038313866,0.0005223994376137853
2428,0.003467000089585781,0.0005230910610407591
2429,0.02346700057387352,0.0005240101600065827
2430,-0.016534000635147095,0.0005247212829999626
2431,0.05360100045800209,0.0005253704730421305
2432,-0.0013330000219866633,0.0005260254256427288
2433,0.05360100045800209,0.0005267438245937228
2434,0.003467000089585781,0.0005275314906612039
2435,0.04853399842977524,0.0005284670041874051
2436,0.003467000089585781,0.0005294254515320063
2437,0.028534000739455223,0.0005305630038492382
2438,-0.0013330000219866633,0.0005315077723935246
2439,0.03359999880194664,0.0005322812939994037
2440,-0.011466999538242817,0.0005330590065568686
2441,0.06373400241136551,0.0005337243201211095
2442,0.003467000089585781,0.0005345018580555916
2443,0.008533000014722347,0.0005353576270863414
2444,0.01866699941456318,0.0005362991942092776
2445,0.05360100045800209,0.0005374503089115024
2446,-0.0013330000219866633,0.0005386269185692072
2447,0.03359999880194664,0.0005397534696385264
2448,-0.011466999538242817,0.0005408625584095716
2449,0.01360000018030405,0.0005419407971203327
2450,0.008533000014722347,0.0005428666481748223
2451,0.06373400241136551,0.0005439298693090677
2452,0.01360000018030405,0.0005446000141091645
2453,0.05360100045800209,0.0005455032223835588
2454,0.02346700057387352,0.000546399038285017
2455,0.04853399842977524,0.00054743024520576
2456,-0.006399999838322401,0.0005483864806592464
2457,0.008533000014722347,0.000549239688552916
2458,-0.011466999538242817,0.0005499303806573153
2459,0.043733999133110046,0.0005507911555469036
2460,0.01360000018030405,0.0005514961667358875
2461,0.04853399842977524,0.0005524515872821212
2462,0.01360000018030405,0.000553094083443284
2463,0.028534000739455223,0.000553614110685885
2464,-0.016534000635147095,0.0005542166763916612
2465,0.01866699941456318,0.0005546780885197222
2466,-0.0013330000219866633,0.000555190781597048
2467,0.03866700083017349,0.0005557286785915494
2468,-0.011466999538242817,0.0005561521393246949
2469,0.03359999880194664,0.0005565648898482323
2470,0.01866699941456318,0.0005569987697526813
2471,0.028534000739455223,0.0005574347451329231
2472,0.01360000018030405,0.0005577054107561707
2473,0.06373400241136551,0.0005581484874710441
2474,0.003467000089585781,0.0005585438921116292
2475,0.028534000739455223,0.000559156876988709
2476,-0.026399999856948853,0.0005597709096036851
2477,0.028534000739455223,0.0005602469900622964
2478,-0.03653400018811226,0.0005606305785477161
2479,0.04853399842977524,0.0005609338404610753
2480,-0.0013330000219866633,0.0005610556690953672
2481,0.03866700083017349,0.0005612327950075269
2482,0.01360000018030405,0.0005613520042970777
2483,0.04853399842977524,0.0005617277347482741
2484,-0.011466999538242817,0.0005620414158329368
2485,0.05360100045800209,0.0005622196476906538
2486,-0.006399999838322401,0.0005622727330774069
2487,0.03359999880194664,0.0005625801277346909
2488,-0.0013330000219866633,0.0005628937506116927
2489,0.04853399842977524,0.0005634369445033371
2490,0.01866699941456318,0.0005636281566694379
2491,0.09360100328922272,0.0005640422459691763
2492,-0.02160000056028366,0.0005642188480123878
2493,0.06373400241136551,0.0005644281045533717
2494,-0.0013330000219866633,0.0005647385260090232
2495,0.043733999133110046,0.0005649938248097897
2496,0.02346700057387352,0.0005651051178574562
2497,0.02346700057387352,0.0005655762506648898
2498,0.01360000018030405,0.0005658897571265697
2499,0.028534000739455223,0.0005663976771757007
2500,-0.006399999838322401,0.0005667884834110737
2501,0.04853399842977524,0.0005669948295690119
2502,0.02346700057387352,0.0005671399412676692
2503,0.06373400241136551,0.0005673428531736135
2504,0.01360000018030405,0.0005675020511262119
2505,0.04853399842977524,0.0005676309228874743
2506,0.008533000014722347,0.0005677559529431164
2507,0.028534000739455223,0.0005679785972461104
2508,-0.0013330000219866633,0.0005683412309736013
2509,0.028534000739455223,0.0005688048549927771
2510,-0.026399999856948853,0.0005691542755812407
2511,0.05866700038313866,0.0005691805854439735
2512,0.01360000018030405,0.0005691829137504101
2513,0.06373400241136551,0.000569136580452323
2514,0.003467000089585781,0.0005690464749932289
2515,0.07360100001096725,0.000569249561522156
2516,0.02346700057387352,0.0005693114944733679
2517,0.06373400241136551,0.0005693913553841412
2518,0.03359999880194664,0.0005692243576049805
2519,0.05866700038313866,0.0005692766280844808
2520,0.003467000089585781,0.0005693462444469333
2521,0.06373400241136551,0.0005694858264178038
2522,-0.006399999838322401,0.0005696882726624608
2523,0.04853399842977524,0.0005697960732504725
2524,-0.006399999838322401,0.0005698162131011486
2525,0.043733999133110046,0.0005698521854355931
2526,0.01360000018030405,0.000570033909752965
2527,0.0685340017080307,0.0005702301859855652
2528,0.02346700057387352,0.000570269301533699
2529,0.028534000739455223,0.0005704176728613675
2530,-0.0013330000219866633,0.0005707074305973947
2531,0.03866700083017349,0.0005709227989427745
2532,0.01360000018030405,0.0005710709374397993
2533,0.05360100045800209,0.0005711506819352508
2534,0.008533000014722347,0.0005712027195841074
2535,0.03866700083017349,0.0005715861916542053
2536,-0.02160000056028366,0.0005720043554902077
2537,0.043733999133110046,0.0005722353234887123
2538,0.01866699941456318,0.0005724400980398059
2539,0.043733999133110046,0.0005727895186282694
2540,0.008533000014722347,0.0005731038399972022
2541,0.04853399842977524,0.0005734459264203906
2542,-0.006399999838322401,0.0005737434839829803
2543,0.02346700057387352,0.0005740716587752104
2544,0.01866699941456318,0.0005743455840274692
2545,0.043733999133110046,0.0005748372641392052
2546,-0.011466999538242817,0.0005752876168116927
2547,0.008533000014722347,0.0005758274928666651
2548,-0.0013330000219866633,0.0005763799417763948
2549,0.01360000018030405,0.0005768424598500133
2550,-0.026399999856948853,0.0005771279102191329
2551,0.03359999880194664,0.000577116385102272
2552,0.01866699941456318,0.0005770751740783453
2553,0.01360000018030405,0.000577008817344904
2554,0.008533000014722347,0.0005770759307779372
2555,0.028534000739455223,0.0005770993884652853
2556,0.008533000014722347,0.0005771290743723512
2557,0.05866700038313866,0.0005771728465333581
2558,0.02346700057387352,0.0005773009033873677
2559,0.08373399823904037,0.0005776452599093318
2560,0.008533000014722347,0.000577998929657042
2561,0.028534000739455223,0.0005785017274320126
2562,-0.03653400018811226,0.000579467392526567
2563,0.07360100001096725,0.0005801045335829258
2564,-0.03653400018811226,0.0005807250272482634
2565,0.0685340017080307,0.000581196160055697
2566,0.02346700057387352,0.00058143021306023
2567,0.05360100045800209,0.0005819752113893628
2568,0.03359999880194664,0.0005825871485285461
2569,0.05360100045800209,0.0005835179472342134
2570,-0.011466999538242817,0.0005844265688210726
2571,0.01866699941456318,0.0005852611502632499
2572,-0.031466998159885406,0.0005862675025127828
2573,0.04853399842977524,0.0005869673332199454
2574,-0.016534000635147095,0.0005876971408724785
2575,0.04853399842977524,0.0005883306730538607
2576,0.02346700057387352,0.0005887966835871339
2577,0.05866700038313866,0.000589309143833816
2578,-0.006399999838322401,0.0005898847011849284
2579,0.043733999133110046,0.0005903731216676533
2580,-0.016534000635147095,0.0005910138715989888
2581,0.03866700083017349,0.0005915355868637562
2582,-0.0013330000219866633,0.0005919889081269503
2583,0.06373400241136551,0.0005927308229729533
2584,0.01866699941456318,0.000593152130022645
2585,0.07360100001096725,0.0005935985245741904
2586,0.03866700083017349,0.000593708420637995
2587,0.03866700083017349,0.0005938730901107192
2588,0.02346700057387352,0.0005942163988947868
2589,0.07360100001096725,0.0005946094170212746
2590,0.003467000089585781,0.0005950172198936343
2591,0.03866700083017349,0.0005951850907877088
2592,-0.011466999538242817,0.0005955487722530961
2593,0.03359999880194664,0.0005955322412773967
2594,-0.0013330000219866633,0.0005956160603091121
2595,0.028534000739455223,0.0005959407426416874
2596,-0.006399999838322401,0.0005961811984889209
2597,0.04853399842977524,0.0005962947616353631
2598,0.02346700057387352,0.0005964734009467065
2599,0.05360100045800209,0.000596515485085547
2600,0.008533000014722347,0.0005966511089354753
2601,0.07866799831390381,0.0005967981414869428
2602,0.02346700057387352,0.0005966965691186488
2603,0.06373400241136551,0.0005967351607978344
2604,-0.016534000635147095,0.0005967633333057165
2605,0.008533000014722347,0.000596662750467658
2606,-0.02160000056028366,0.0005966436001472175
2607,0.028534000739455223,0.0005962784052826464
2608,0.01360000018030405,0.000595767458435148
2609,0.05360100045800209,0.0005953693762421608
2610,-0.016534000635147095,0.0005950196064077318
2611,0.03359999880194664,0.0005946016171947122
2612,-0.0013330000219866633,0.000594272802118212
2613,0.02346700057387352,0.0005938223330304027
2614,0.01360000018030405,0.0005933447973802686
2615,0.03359999880194664,0.000593172968365252
2616,0.02346700057387352,0.000592836004216224
2617,0.07360100001096725,0.0005927419406361878
2618,-0.02160000056028366,0.0005925865843892097
2619,0.05360100045800209,0.0005920090479776263
2620,0.043733999133110046,0.0005914005450904369
2621,0.07360100001096725,0.0005908666644245386
2622,-0.026399999856948853,0.0005902739358134568
2623,0.05866700038313866,0.0005898013478145003
2624,-0.011466999538242817,0.0005891873734071851
2625,0.03866700083017349,0.0005884140264242887
2626,0.003467000089585781,0.0005876891082152724
2627,0.06373400241136551,0.0005870648892596364
2628,-0.0013330000219866633,0.0005863987025804818
2629,0.03866700083017349,0.000585728557780385
2630,0.003467000089585781,0.0005851977039128542
2631,0.03359999880194664,0.0005847443826496601
2632,-0.0013330000219866633,0.0005842696991749108
2633,0.03866700083017349,0.0005835723131895065
2634,-0.0013330000219866633,0.0005828231805935502
2635,0.028534000739455223,0.0005825835396535695
2636,0.01360000018030405,0.0005823362153023481
2637,0.07866799831390381,0.0005823146202601492
2638,-0.0013330000219866633,0.0005821932572871447
2639,0.06373400241136551,0.0005821982631459832
2640,0.02346700057387352,0.0005822324310429394
2641,0.03866700083017349,0.0005823967512696981
2642,0.003467000089585781,0.0005826056585647166
2643,-0.0013330000219866633,0.0005829244037158787
2644,0.01866699941456318,0.0005831659073010087
2645,0.03359999880194664,0.0005835774936713278
2646,-0.016534000635147095,0.0005837532808072865
2647,0.04853399842977524,0.000584061723202467
2648,-0.02160000056028366,0.0005842975806444883
2649,0.05866700038313866,0.000584491528570652
2650,0.028534000739455223,0.0005848147557117045
2651,0.06373400241136551,0.0005853230832144618
2652,-0.006399999838322401,0.0005859112134203315
2653,0.04853399842977524,0.0005863148253411055
2654,0.02346700057387352,0.0005866570863872766
2655,0.028534000739455223,0.0005869854358024895
2656,0.003467000089585781,0.0005870317108929157
2657,0.06373400241136551,0.0005870048771612346
2658,0.04853399842977524,0.000586845213547349
2659,0.05360100045800209,0.0005867811269126832
2660,0.003467000089585781,0.0005868693115189672
2661,0.04853399842977524,0.0005869775195606053
2662,-0.011466999538242817,0.0005869733868166804
2663,0.01360000018030405,0.0005867710569873452
2664,-0.011466999538242817,0.0005865786224603653
2665,0.028534000739455223,0.0005860161036252975
2666,-0.02160000056028366,0.0005855381605215371
2667,0.06373400241136551,0.0005850178422406316
2668,0.003467000089585781,0.0005846433923579752
2669,0.03866700083017349,0.0005839988007210195
2670,0.01360000018030405,0.0005835111951455474
2671,0.04853399842977524,0.0005827394779771566
2672,0.008533000014722347,0.0005819600773975253
2673,0.06373400241136551,0.000581546570174396
2674,0.01360000018030405,0.0005812135059386492
2675,0.0685340017080307,0.0005810024449601769
2676,-0.026399999856948853,0.0005810829461552203
2677,0.07866799831390381,0.0005808330606669188
2678,-0.0013330000219866633,0.0005808027926832438
2679,0.01360000018030405,0.0005806027911603451
2680,-0.026399999856948853,0.0005806965054944158
2681,0.03866700083017349,0.0005803204840049148
2682,0.003467000089585781,0.0005799656501039863
2683,0.028534000739455223,0.0005795842153020203
2684,-0.016534000635147095,0.000579328159801662
2685,0.0685340017080307,0.0005789111601188779
2686,-0.0013330000219866633,0.0005786510882899165
2687,0.0685340017080307,0.0005785366520285606
2688,0.01360000018030405,0.0005789120914414525
2689,0.07360100001096725,0.0005792482406832278
2690,-0.02160000056028366,0.0005792829906567931
2691,0.01360000018030405,0.0005791078438051045
2692,-0.03653400018811226,0.0005791422445327044
2693,0.04853399842977524,0.0005786317633464932
2694,0.003467000089585781,0.0005783005035482347
2695,0.04853399842977524,0.000577965984120965
2696,-0.0013330000219866633,0.0005777759943157434
2697,0.06373400241136551,0.0005777636542916298
2698,-0.0013330000219866633,0.0005779195344075561
2699,0.02346700057387352,0.0005778369959443808
2700,-0.02160000056028366,0.0005778357735835016
2701,0.02346700057387352,0.00057735585141927
2702,0.01360000018030405,0.0005768565461039543
2703,0.03866700083017349,0.0005763774388469756
2704,0.008533000014722347,0.0005760121857747436
2705,0.01866699941456318,0.0005755802849307656
2706,0.008533000014722347,0.0005752660799771547
2707,0.04853399842977524,0.000574887846596539
2708,0.02346700057387352,0.0005748464027419686
2709,0.05360100045800209,0.0005746617680415511
2710,0.02346700057387352,0.0005745460512116551
2711,0.03866700083017349,0.0005743740475736558
2712,0.01866699941456318,0.0005744007648900151
2713,0.0685340017080307,0.0005746980896219611
2714,-0.011466999538242817,0.000575155601836741
2715,0.028534000739455223,0.0005754520534537733
2716,-0.026399999856948853,0.0005758693441748619
2717,0.05360100045800209,0.0005758324405178428
2718,0.003467000089585781,0.0005759492632932961
2719,0.043733999133110046,0.0005761133506894112
2720,-0.0013330000219866633,0.0005763119552284479
2721,0.06373400241136551,0.0005766099784523249
2722,0.02346700057387352,0.0005770401912741363
2723,0.03866700083017349,0.000577493745367974
2724,-0.011466999538242817,0.0005778359482064843
2725,0.04853399842977524,0.0005782215157523751
2726,-0.0013330000219866633,0.0005785967223346233
2727,0.03866700083017349,0.0005788765847682953
2728,-0.0013330000219866633,0.000579234620090574
2729,0.02346700057387352,0.0005794093594886363
2730,0.02346700057387352,0.0005799139034934342
2731,0.06373400241136551,0.0005801825318485498
2732,0.01360000018030405,0.0005804867250844836
2733,0.05866700038313866,0.0005806415574625134
2734,-0.011466999538242817,0.0005807168781757355
2735,0.06373400241136551,0.0005809040740132332
2736,-0.0013330000219866633,0.0005813662428408861
2737,0.0685340017080307,0.0005817519268020988
2738,-0.016534000635147095,0.0005820291116833687
2739,0.07360100001096725,0.0005820427322760224
2740,0.01360000018030405,0.0005821710219606757
2741,0.07866799831390381,0.0005823952960781753
2742,0.02346700057387352,0.0005828572320751846
2743,0.043733999133110046,0.0005829541478306055
2744,-0.011466999538242817,0.0005830118316225708
2745,0.06373400241136551,0.0005826810374855995
2746,0.01360000018030405,0.0005826220731250942
2747,0.01360000018030405,0.0005824594991281629
2748,0.028534000739455223,0.0005824851687066257
2749,0.05360100045800209,0.0005826355773024261
2750,0.01866699941456318,0.0005826613632962108
2751,0.05360100045800209,0.0005829022265970707
2752,-0.0013330000219866633,0.0005832566530443728
2753,0.028534000739455223,0.0005834132898598909
2754,-0.0013330000219866633,0.0005836133495904505
2755,0.06373400241136551,0.0005836333148181438
2756,0.003467000089585781,0.0005837801145389676
2757,0.03866700083017349,0.0005841001402586699
2758,0.01360000018030405,0.0005846023559570312
2759,0.02346700057387352,0.0005848970031365752
2760,-0.006399999838322401,0.0005851216265000403
2761,0.05360100045800209,0.0005854580667801201
2762,0.028534000739455223,0.0005859923548996449
2763,0.04853399842977524,0.0005864844424650073
2764,-0.026399999856948853,0.0005867064464837313
2765,0.04853399842977524,0.0005866761202923954
2766,-0.0013330000219866633,0.0005868739681318402
2767,0.04853399842977524,0.0005872340407222509
2768,-0.0013330000219866633,0.0005875892238691449
2769,0.043733999133110046,0.0005879583768546581
2770,-0.011466999538242817,0.0005882484256289899
2771,0.07360100001096725,0.0005884337006136775
2772,0.01360000018030405,0.0005889061721973121
2773,0.06373400241136551,0.0005892905755899847
2774,0.01360000018030405,0.0005896466318517923
2775,0.043733999133110046,0.0005898763192817569
2776,-0.0013330000219866633,0.0005900220130570233
2777,0.05866700038313866,0.0005900688120163977
2778,-0.02160000056028366,0.0005900493124499917
2779,0.03359999880194664,0.0005903500132262707
2780,0.003467000089585781,0.0005906623555347323
2781,0.043733999133110046,0.0005909178871661425
2782,-0.0013330000219866633,0.000591021147556603
2783,0.03359999880194664,0.0005912539782002568
2784,0.003467000089585781,0.0005914625944569707
2785,0.03866700083017349,0.0005915384972468019
2786,-0.016534000635147095,0.0005916474619880319
2787,0.03359999880194664,0.0005916731897741556
2788,0.03359999880194664,0.0005918946699239314
2789,0.03359999880194664,0.0005919971736148
2790,0.003467000089585781,0.0005920017138123512
2791,0.02346700057387352,0.0005917203379794955
2792,-0.02160000056028366,0.0005915294750593603
2793,0.02346700057387352,0.0005917383823543787
2794,-0.0013330000219866633,0.0005919100367464125
2795,0.03866700083017349,0.0005921239499002695
2796,0.008533000014722347,0.0005924535216763616
2797,0.05866700038313866,0.0005928488681092858
2798,0.02346700057387352,0.0005931247724220157
2799,0.028534000739455223,0.0005933745997026563
2800,0.003467000089585781,0.0005936960224062204
2801,0.03866700083017349,0.0005938505055382848
2802,-0.011466999538242817,0.0005938615067861974
2803,0.05866700038313866,0.0005940536502748728
2804,0.003467000089585781,0.0005944280419498682
2805,0.043733999133110046,0.0005945927696302533
2806,-0.006399999838322401,0.0005947056924924254
2807,0.03359999880194664,0.0005950585473328829
2808,0.01866699941456318,0.0005954796215519309
2809,0.05360100045800209,0.0005958386464044452
2810,0.008533000014722347,0.000596267229411751
2811,0.05360100045800209,0.0005967824254184961
2812,-0.0013330000219866633,0.0005971317877992988
2813,0.03866700083017349,0.000597415491938591
2814,-0.026399999856948853,0.0005976672982797027
2815,0.04853399842977524,0.0005978437839075923
2816,0.02346700057387352,0.0005980166606605053
2817,0.04853399842977524,0.0005980664864182472
2818,0.003467000089585781,0.0005976663087494671
2819,0.03359999880194664,0.0005976083921268582
2820,0.008533000014722347,0.0005973853403702378
2821,0.043733999133110046,0.0005973666557110846
2822,-0.0013330000219866633,0.0005973083898425102
2823,0.04853399842977524,0.0005974151426926255
2824,0.04853399842977524,0.0005975179374217987
2825,0.043733999133110046,0.0005974405212327838
2826,0.01360000018030405,0.0005971352802589536
2827,0.06373400241136551,0.0005969847552478313
2828,0.01866699941456318,0.0005966541939415038
2829,0.05360100045800209,0.0005966561147943139
2830,0.003467000089585781,0.0005965990130789578
2831,0.06373400241136551,0.0005967573379166424
2832,0.02346700057387352,0.000596955418586731
2833,0.04853399842977524,0.0005971260252408683
2834,0.01360000018030405,0.0005972219514660537
2835,0.04853399842977524,0.0005975161911919713
2836,-0.0013330000219866633,0.0005977919208817184
2837,0.04853399842977524,0.0005981661379337311
2838,-0.031466998159885406,0.0005986072355881333
2839,0.03866700083017349,0.0005990174831822515
2840,-0.006399999838322401,0.0005994577659294009
2841,0.06373400241136551,0.0006000820430926979
2842,-0.011466999538242817,0.0006007654592394829
2843,0.08880099654197693,0.0006013828096911311
2844,-0.0013330000219866633,0.0006014677928760648
2845,0.07360100001096725,0.0006015907856635749
2846,0.03359999880194664,0.0006017728010192513
2847,0.05360100045800209,0.0006021244334988296
2848,0.02346700057387352,0.0006022055167704821
2849,0.05360100045800209,0.0006027185008861125
2850,-0.0013330000219866633,0.0006031456869095564
2851,0.06373400241136551,0.0006034900434315205
2852,0.01866699941456318,0.0006039001746103168
2853,0.043733999133110046,0.0006044714245945215
2854,0.02346700057387352,0.0006047925562597811
2855,0.06373400241136551,0.000605252105742693
2856,-0.0013330000219866633,0.0006056942511349916
2857,0.06373400241136551,0.0006061955355107784
2858,0.008533000014722347,0.0006067775539122522
2859,0.03866700083017349,0.0006074351258575916
2860,0.01360000018030405,0.0006080134189687669
2861,0.05360100045800209,0.0006086521316319704
2862,-0.016534000635147095,0.000609150214586407
2863,0.043733999133110046,0.0006096978904679418
2864,0.008533000014722347,0.0006104713538661599
2865,0.028534000739455223,0.0006110757822170854
2866,0.01360000018030405,0.0006115528522059321
2867,0.043733999133110046,0.0006121994229033589
2868,0.01866699941456318,0.0006130030378699303
2869,0.03866700083017349,0.0006136927986517549
2870,-0.061601001769304276,0.0006145399529486895
2871,0.02346700057387352,0.0006151058478280902
2872,-0.016534000635147095,0.0006156990421004593
2873,-0.0013330000219866633,0.0006162702338770032
2874,-0.016534000635147095,0.0006166489329189062
2875,0.02346700057387352,0.0006172996945679188
2876,-0.011466999538242817,0.0006181311327964067
2877,0.03866700083017349,0.0006186750251799822
2878,-0.04160099849104881,0.0006192427827045321
2879,0.028534000739455223,0.0006197790498845279
2880,-0.006399999838322401,0.0006202968070283532
2881,0.028534000739455223,0.0006209267303347588
2882,-0.011466999538242817,0.0006215182947926223
2883,0.03359999880194664,0.0006221580551937222
2884,0.01360000018030405,0.0006226960103958845
2885,0.03866700083017349,0.000623272149823606
2886,0.01866699941456318,0.0006236881599761546
2887,0.04853399842977524,0.000623997300863266
2888,-0.011466999538242817,0.0006241926457732916
2889,0.02346700057387352,0.0006245637778192759
2890,0.02346700057387352,0.0006248658755794168
2891,0.03866700083017349,0.0006251741433516145
2892,-0.026399999856948853,0.0006254984764382243
2893,0.03866700083017349,0.0006254870677366853
2894,-0.016534000635147095,0.0006256158812902868
2895,-0.0013330000219866633,0.0006257590721361339
2896,0.01866699941456318,0.0006256580236367881
2897,0.02346700057387352,0.000625544402282685
2898,-0.016534000635147095,0.0006254228646866977
2899,0.06373400241136551,0.0006252113962545991
2900,-0.0013330000219866633,0.0006250514998100698
2901,0.043733999133110046,0.0006247974233701825
2902,-0.031466998159885406,0.0006246913108043373
2903,0.03866700083017349,0.0006243312964215875
2904,-0.006399999838322401,0.0006240936927497387
2905,0.043733999133110046,0.0006241066730581224
2906,0.02346700057387352,0.0006240668008103967
2907,0.03866700083017349,0.0006237782072275877
2908,0.003467000089585781,0.0006235125474631786
2909,0.05360100045800209,0.0006233848980627954
2910,-0.011466999538242817,0.0006233257590793073
2911,0.043733999133110046,0.0006234318716451526
2912,0.003467000089585781,0.0006234600441530347
2913,0.03359999880194664,0.0006236687186174095
2914,0.03866700083017349,0.0006240878719836473
2915,0.05360100045800209,0.0006244095275178552
2916,-0.016534000635147095,0.0006247303681448102
2917,0.0685340017080307,0.000625062093604356
2918,0.003467000089585781,0.0006252346211113036
2919,0.05866700038313866,0.0006253832252696157
2920,0.003467000089585781,0.000625485205091536
2921,0.06373400241136551,0.0006257158238440752
2922,0.01360000018030405,0.0006257669883780181
2923,0.06373400241136551,0.0006260783411562443
2924,0.008533000014722347,0.000626176712103188
2925,0.02346700057387352,0.0006262542447075248
2926,0.008533000014722347,0.0006263959221541882
2927,0.04853399842977524,0.000626644934527576
2928,0.003467000089585781,0.0006270601297728717
2929,0.07360100001096725,0.0006275055930018425
2930,0.01360000018030405,0.0006276614149101079
2931,0.03866700083017349,0.0006276553613133729
2932,-0.011466999538242817,0.0006277519278228283
2933,0.03866700083017349,0.0006278809159994125
2934,0.01866699941456318,0.0006281000678427517
2935,0.03866700083017349,0.0006282547255977988
2936,-0.02160000056028366,0.0006284585688263178
2937,0.03359999880194664,0.000628662935923785
2938,0.01866699941456318,0.0006289672455750406
2939,0.06373400241136551,0.0006291123572736979
2940,0.03866700083017349,0.0006291826721280813
2941,0.043733999133110046,0.0006291984464041889
2942,-0.006399999838322401,0.0006292771431617439
2943,0.05360100045800209,0.0006294316845014691
2944,-0.0013330000219866633,0.0006287851720117033
2945,0.04853399842977524,0.0006281603127717972
2946,0.01360000018030405,0.0006278398795984685
2947,0.0685340017080307,0.0006277168868109584
2948,-0.0013330000219866633,0.0006273986073210835
2949,0.03866700083017349,0.0006273613544180989
2950,0.02346700057387352,0.0006272405153140426
2951,0.05360100045800209,0.0006271702004596591
2952,0.003467000089585781,0.0006268455181270838
2953,0.06373400241136551,0.0006262969109229743
2954,-0.006399999838322401,0.000625497370492667
2955,0.04853399842977524,0.00062493362929672
2956,0.008533000014722347,0.0006243355455808342
2957,0.0685340017080307,0.0006239646463654935
2958,0.008533000014722347,0.0006235993350856006
2959,0.05866700038313866,0.0006232125451788306
2960,0.008533000014722347,0.0006225958932191133
2961,0.05866700038313866,0.0006220107898116112
2962,-0.011466999538242817,0.0006213048473000526
2963,0.05360100045800209,0.000620579463429749
2964,0.02346700057387352,0.0006197916809469461
2965,0.03866700083017349,0.0006190629792399704
2966,0.028534000739455223,0.000618229154497385
2967,0.01866699941456318,0.000617446843534708
2968,-0.0013330000219866633,0.0006165166851133108
2969,0.06373400241136551,0.0006153752910904586
2970,-0.0013330000219866633,0.0006143550272099674
2971,0.03866700083017349,0.0006131785921752453
2972,-0.011466999538242817,0.0006119536701589823
2973,0.05360100045800209,0.0006109764217399061
2974,-0.011466999538242817,0.0006101491744630039
2975,0.07360100001096725,0.0006094444543123245
2976,-0.04666699841618538,0.0006086369976401329
2977,0.05360100045800209,0.0006076955469325185
2978,0.01866699941456318,0.0006066003115847707
2979,0.043733999133110046,0.0006055228877812624
2980,0.03866700083017349,0.0006045705522410572
2981,0.04853399842977524,0.0006035055266693234
2982,0.03866700083017349,0.0006025874754413962
2983,0.04853399842977524,0.0006017303094267845
2984,-0.011466999538242817,0.0006008849013596773
2985,0.05866700038313866,0.0006002720328979194
2986,0.003467000089585781,0.0005991474026814103
2987,0.04853399842977524,0.0005982882576063275
2988,-0.011466999538242817,0.0005973425577394664
2989,0.08373399823904037,0.0005965303862467408
2990,-0.026399999856948853,0.0005959343397989869
2991,0.05360100045800209,0.0005953420186415315
2992,-0.026399999856948853,0.0005943702417425811
2993,0.043733999133110046,0.0005936948582530022
2994,-0.02160000056028366,0.0005931934574618936
2995,0.0685340017080307,0.0005926432786509395
2996,0.003467000089585781,0.0005921039846725762
2997,0.03866700083017349,0.0005915589281357825
2998,-0.006399999838322401,0.0005909202736802399
2999,0.028534000739455223,0.0005905171856284142
3000,-0.0013330000219866633,0.000590008741710335
3001,0.028534000739455223,0.0005896274233236909
3002,0.008533000014722347,0.0005892477929592133
3003,0.01866699941456318,0.0005889355088584125
3004,0.028534000739455223,0.00058832170907408
3005,0.04853399842977524,0.0005876905051991343
3006,-0.011466999538242817,0.0005869071464985609
3007,0.07866799831390381,0.0005858876393176615
3008,-0.011466999538242817,0.0005847611464560032
3009,0.028534000739455223,0.0005837384960614145
3010,0.01360000018030405,0.0005826398846693337
3011,0.05360100045800209,0.0005816628690809011
3012,0.01866699941456318,0.0005805830005556345
3013,0.03866700083017349,0.0005795315955765545
3014,0.003467000089585781,0.0005783311207778752
3015,0.06373400241136551,0.0005774542223662138
3016,-0.006399999838322401,0.0005764898378401995
3017,0.03866700083017349,0.0005754241719841957
3018,0.003467000089585781,0.0005741437198594213
3019,0.07866799831390381,0.0005728823598474264
3020,-0.0013330000219866633,0.0005717049352824688
3021,0.07360100001096725,0.000570682343095541
3022,-0.016534000635147095,0.0005694500869140029
3023,0.03359999880194664,0.0005684486241079867
3024,0.01360000018030405,0.0005673356354236603
3025,0.0685340017080307,0.000566288479603827
3026,0.01360000018030405,0.0005652380641549826
3027,0.03866700083017349,0.0005644026678055525
3028,-0.0013330000219866633,0.0005632276297546923
3029,0.02346700057387352,0.0005625995108857751
3030,-0.0013330000219866633,0.0005618514842353761
3031,0.04853399842977524,0.0005611259839497507
3032,0.01360000018030405,0.0005603155004791915
3033,0.01360000018030405,0.0005596007686108351
3034,-0.006399999838322401,0.0005588695057667792
3035,0.02346700057387352,0.0005579992430284619
3036,0.01866699941456318,0.0005570699577219784
3037,0.06373400241136551,0.0005563368322327733
3038,0.003467000089585781,0.000555739738047123
3039,0.028534000739455223,0.0005549535853788257
3040,-0.011466999538242817,0.0005539970006793737
3041,0.09360100328922272,0.0005531979841180146
3042,0.003467000089585781,0.0005525363376364112
3043,0.04853399842977524,0.0005519224214367568
3044,-0.011466999538242817,0.0005510261980816722
3045,0.04853399842977524,0.000550363096408546
3046,0.003467000089585781,0.0005495950463227928
3047,0.03866700083017349,0.0005490629700943828
3048,0.02346700057387352,0.0005484290886670351
3049,0.05866700038313866,0.0005477163940668106
3050,-0.016534000635147095,0.000546936527825892
3051,0.04853399842977524,0.0005462792469188571
3052,0.01866699941456318,0.0005452713230624795
3053,0.07866799831390381,0.0005444409907795489
3054,0.003467000089585781,0.0005436677602119744
3055,0.01866699941456318,0.0005429692682810128
3056,0.028534000739455223,0.0005422033718787134
3057,0.05866700038313866,0.0005416434723883867
3058,-0.011466999538242817,0.0005411547608673573
3059,0.003467000089585781,0.0005405949777923524
3060,0.03359999880194664,0.0005399681394919753
3061,0.04853399842977524,0.000539536529686302
3062,0.008533000014722347,0.0005392107414081693
3063,0.04853399842977524,0.0005387605633586645
3064,-0.006399999838322401,0.0005382542731240392
3065,0.05866700038313866,0.000537721673026681
3066,0.003467000089585781,0.0005371284205466509
3067,0.07360100001096725,0.0005364288808777928
3068,0.02346700057387352,0.0005359569331631064
3069,0.04853399842977524,0.0005355842877179384
3070,0.028534000739455223,0.0005352792213670909
3071,0.03866700083017349,0.0005347303813323379
3072,-0.0013330000219866633,0.0005341151263564825
3073,0.028534000739455223,0.0005336760077625513
3074,0.003467000089585781,0.0005332344444468617
3075,0.03866700083017349,0.000532696780283004
3076,-0.0013330000219866633,0.0005322725628502667
3077,0.0685340017080307,0.0005318302428349853
3078,0.01360000018030405,0.0005317391478456557
3079,0.028534000739455223,0.0005314570153132081
3080,0.01360000018030405,0.0005309398402459919
3081,0.03359999880194664,0.000530509976670146
3082,-0.011466999538242817,0.0005301128840073943
3083,0.03866700083017349,0.0005297751049511135
3084,-0.0013330000219866633,0.0005293310969136655
3085,0.03359999880194664,0.000528972945176065
3086,0.01360000018030405,0.0005287335952743888
3087,0.03359999880194664,0.0005284895887598395
3088,0.028534000739455223,0.0005280689802020788
3089,0.03359999880194664,0.0005277420277707279
3090,0.01360000018030405,0.0005273078568279743
3091,0.05360100045800209,0.0005267970846034586
3092,0.003467000089585781,0.0005261857295408845
3093,0.028534000739455223,0.0005255988799035549
3094,-0.0013330000219866633,0.0005250381072983146
3095,0.043733999133110046,0.0005242382176220417
3096,0.02346700057387352,0.0005236261058598757
3097,0.01866699941456318,0.000522744026966393
3098,-0.0013330000219866633,0.0005220923339948058
3099,0.028534000739455223,0.0005214734701439738
3100,0.003467000089585781,0.00052113295532763
3101,0.04853399842977524,0.0005207548383623362
3102,-0.006399999838322401,0.000520524219609797
3103,0.028534000739455223,0.0005202675238251686
3104,-0.011466999538242817,0.0005201166495680809
3105,0.02346700057387352,0.0005197322461754084
3106,0.003467000089585781,0.000519471475854516
3107,0.008533000014722347,0.0005191578529775143
3108,0.003467000089585781,0.0005189285147935152
3109,0.0685340017080307,0.0005188122158870101
3110,0.02346700057387352,0.0005188984796404839
3111,0.028534000739455223,0.0005186408525332808
3112,0.008533000014722347,0.0005186185007914901
3113,0.06373400241136551,0.0005183100001886487
3114,0.05360100045800209,0.000518148997798562
3115,0.07866799831390381,0.0005177006823942065
3116,0.01360000018030405,0.000517385546118021
3117,0.0685340017080307,0.0005168829811736941
3118,0.01360000018030405,0.0005167338531464338
3119,0.07866799831390381,0.0005167393246665597
3120,0.01360000018030405,0.0005166477058082819
3121,0.04853399842977524,0.000516478787176311
3122,0.008533000014722347,0.0005163369351066649
3123,0.08880099654197693,0.0005161537555977702
3124,0.02346700057387352,0.0005161695880815387
3125,0.03866700083017349,0.0005163272144272923
3126,0.003467000089585781,0.0005164278554730117
3127,0.03866700083017349,0.0005166262271814048
3128,-0.0013330000219866633,0.0005166806513443589
3129,0.028534000739455223,0.0005168775678612292
3130,-0.0013330000219866633,0.0005171515513211489
3131,0.03866700083017349,0.0005173308891244233
3132,0.03359999880194664,0.0005173737881705165
3133,0.05360100045800209,0.0005173772806301713
3134,-0.0013330000219866633,0.000517588690854609
3135,0.05866700038313866,0.0005179104628041387
3136,0.01360000018030405,0.0005182444583624601
3137,0.03866700083017349,0.0005185923655517399
3138,0.01360000018030405,0.000518960296176374
3139,0.06373400241136551,0.0005194484256207943
3140,0.028534000739455223,0.000520002911798656
3141,0.06373400241136551,0.0005206107161939144
3142,0.01866699941456318,0.0005215028068050742
3143,0.04853399842977524,0.0005223063053563237
3144,0.008533000014722347,0.0005231807008385658
3145,0.03866700083017349,0.0005237761652097106
3146,0.003467000089585781,0.0005244006752036512
3147,0.03866700083017349,0.0005247339140623808
3148,0.01360000018030405,0.0005250264657661319
3149,0.04853399842977524,0.000525385607033968
3150,-0.0013330000219866633,0.0005257351440377533
3151,0.05866700038313866,0.0005259644822217524
3152,-0.0013330000219866633,0.0005265403306111693
3153,0.06373400241136551,0.0005269070388749242
3154,0.003467000089585781,0.0005271926638670266
3155,0.05866700038313866,0.0005274860886856914
3156,-0.006399999838322401,0.000527931610122323
3157,0.04853399842977524,0.0005282838828861713
3158,0.008533000014722347,0.0005285037914291024
3159,0.0685340017080307,0.0005288134561851621
3160,-0.011466999538242817,0.00052934285486117
3161,0.028534000739455223,0.0005297028692439198
3162,0.028534000739455223,0.000530049204826355
3163,0.05360100045800209,0.0005305606173351407
3164,-0.011466999538242817,0.0005309046246111393
3165,0.04853399842977524,0.0005311158602125943
3166,-0.02160000056028366,0.000531358877196908
3167,0.05360100045800209,0.0005315833259373903
3168,-0.0013330000219866633,0.0005321477074176073
3169,0.028534000739455223,0.0005325377569533885
3170,0.01360000018030405,0.0005327967228367925
3171,0.07866799831390381,0.0005332234431989491
3172,-0.011466999538242817,0.0005335245514288545
3173,0.02346700057387352,0.0005339208873920143
3174,0.01360000018030405,0.0005343517987057567
3175,0.03866700083017349,0.0005348508129827678
3176,0.01866699941456318,0.0005351834697648883
3177,0.07866799831390381,0.0005354617605917156
3178,-0.011466999538242817,0.0005360295763239264
3179,0.03359999880194664,0.0005365444230847061
3180,0.003467000089585781,0.0005371806910261512
3181,0.04853399842977524,0.0005379945505410433
3182,0.003467000089585781,0.000538706430234015
3183,0.043733999133110046,0.0005394266918301582
3184,-0.011466999538242817,0.0005400000372901559
3185,0.05360100045800209,0.0005402709939517081
3186,-0.011466999538242817,0.0005409599980339408
3187,0.05360100045800209,0.0005416733329184353
3188,-0.006399999838322401,0.0005420203087851405
3189,0.04853399842977524,0.0005425355629995465
3190,0.01360000018030405,0.0005429980810731649
3191,0.09360100328922272,0.0005437729996629059
3192,0.03866700083017349,0.0005443582776933908
3193,0.01360000018030405,0.0005451665492728353
3194,0.02346700057387352,0.0005454611382447183
3195,0.03359999880194664,0.0005458052619360387
3196,-0.0013330000219866633,0.0005460975808091462
3197,0.04853399842977524,0.0005463118432089686
3198,-0.031466998159885406,0.0005467304727062583
3199,0.03866700083017349,0.0005468744784593582
3200,0.008533000014722347,0.000547306495718658
3201,0.05360100045800209,0.0005478011444211006
3202,0.003467000089585781,0.0005480556283146143
3203,0.05360100045800209,0.0005482323467731476
3204,0.028534000739455223,0.0005486240843310952
3205,0.04853399842977524,0.0005491793854162097
3206,-0.011466999538242817,0.0005497696110978723
3207,0.03866700083017349,0.0005504091386683285
3208,0.01360000018030405,0.0005509619368240237
3209,0.04853399842977524,0.0005517157260328531
3210,-0.02160000056028366,0.0005524585722014308
3211,0.028534000739455223,0.0005530022317543626
3212,-0.0013330000219866633,0.0005537095130421221
3213,0.01360000018030405,0.0005544775631278753
3214,-0.0013330000219866633,0.0005551385693252087
3215,0.05360100045800209,0.0005560527206398547
3216,0.03866700083017349,0.0005571016808971763
3217,0.03866700083017349,0.0005580537253990769
3218,0.03866700083017349,0.0005590958753600717
3219,0.05866700038313866,0.0005600264412350953
3220,-0.0013330000219866633,0.0005610036896541715
3221,0.07360100001096725,0.0005620124284178019
3222,-0.006399999838322401,0.0005632214015349746
3223,0.0685340017080307,0.0005643174517899752
3224,-0.0013330000219866633,0.0005655147833749652
3225,0.02346700057387352,0.0005666110664606094
3226,0.003467000089585781,0.0005675420397892594
3227,0.03866700083017349,0.0005685337819159031
3228,0.01360000018030405,0.0005696024745702744
3229,0.043733999133110046,0.0005706745432689786
3230,-0.011466999538242817,0.0005717851454392076
3231,0.03866700083017349,0.0005728707183152437
3232,-0.011466999538242817,0.0005740325432270765
3233,0.05360100045800209,0.0005752877332270145
3234,0.008533000014722347,0.0005764018860645592
3235,0.01866699941456318,0.0005777465412393212
3236,0.003467000089585781,0.0005789123242720962
3237,0.02346700057387352,0.0005799520295113325
3238,0.008533000014722347,0.0005808075657114387
3239,0.05866700038313866,0.0005815169424749911
3240,-0.026399999856948853,0.0005824672989547253
3241,0.05360100045800209,0.0005831157905049622
3242,0.003467000089585781,0.0005839409423060715
3243,0.028534000739455223,0.0005843942635692656
3244,-0.0013330000219866633,0.0005849765730090439
3245,0.08880099654197693,0.0005855032941326499
3246,-0.006399999838322401,0.0005860841483809054
3247,0.043733999133110046,0.0005867922445759177
3248,-0.016534000635147095,0.0005877681542187929
3249,0.01866699941456318,0.0005882978439331055
3250,0.028534000739455223,0.0005888708983547986
3251,0.04853399842977524,0.0005894901696592569
3252,0.008533000014722347,0.0005900851101614535
3253,0.028534000739455223,0.0005905264988541603
3254,-0.0013330000219866633,0.0005910850595682859
3255,0.06373400241136551,0.0005914054927416146
3256,0.01866699941456318,0.0005920277908444405
3257,0.04853399842977524,0.0005925586447119713
3258,-0.026399999856948853,0.0005931656341999769
3259,0.03866700083017349,0.0005937473615631461
3260,-0.0013330000219866633,0.0005946317105554044
3261,0.06373400241136551,0.0005954261287115514
3262,0.01360000018030405,0.0005964888259768486
3263,0.05360100045800209,0.0005976299871690571
3264,-0.011466999538242817,0.000598941114731133
3265,0.05360100045800209,0.0006001100991852582
3266,0.003467000089585781,0.0006014249520376325
3267,0.05360100045800209,0.0006025718757882714
3268,0.003467000089585781,0.0006037687417119741
3269,0.03359999880194664,0.0006048865616321564
3270,-0.02160000056028366,0.0006060921587049961
3271,0.04853399842977524,0.0006070826202630997
3272,0.02346700057387352,0.0006083294283598661
3273,0.08880099654197693,0.0006094204727560282
3274,-0.011466999538242817,0.0006107678636908531
3275,0.04853399842977524,0.0006119502941146493
3276,0.043733999133110046,0.0006132241105660796
3277,0.02346700057387352,0.000614327727816999
3278,0.003467000089585781,0.0006155595183372498
3279,0.043733999133110046,0.0006165242521092296
3280,-0.026399999856948853,0.0006176522583700716
3281,0.05866700038313866,0.0006185899255797267
3282,-0.026399999856948853,0.0006196178146637976
3283,0.07360100001096725,0.0006205996032804251
3284,-0.02160000056028366,0.0006217542104423046
3285,0.03359999880194664,0.0006224451353773475
3286,-0.0013330000219866633,0.0006233861786313355
3287,0.05360100045800209,0.0006241351366043091
3288,0.01360000018030405,0.000625103828497231
3289,0.04853399842977524,0.0006259091896936297
3290,0.01360000018030405,0.0006270084995776415
3291,0.04853399842977524,0.0006279646186158061
3292,-0.006399999838322401,0.0006290415185503662
3293,0.03866700083017349,0.0006300808163359761
3294,0.01360000018030405,0.0006311408360488713
3295,0.03866700083017349,0.0006321078399196267
3296,0.01866699941456318,0.0006331941694952548
3297,0.05866700038313866,0.0006340543041005731
3298,0.02346700057387352,0.0006349202012643218
3299,0.028534000739455223,0.000635690288618207
3300,0.003467000089585781,0.0006366576999425888
3301,0.05360100045800209,0.0006373837240971625
3302,0.01866699941456318,0.0006382361752912402
3303,0.01866699941456318,0.0006388964829966426
3304,0.003467000089585781,0.0006396398530341685
3305,0.05360100045800209,0.0006401580176316202
3306,0.01360000018030405,0.0006410442874766886
3307,0.04853399842977524,0.0006417452823370695
3308,0.003467000089585781,0.000642752624116838
3309,0.04853399842977524,0.0006434782990254462
3310,0.028534000739455223,0.0006440463475883007
3311,0.043733999133110046,0.0006444825557991862
3312,0.003467000089585781,0.0006452447269111872
3313,0.06373400241136551,0.0006457330891862512
3314,0.008533000014722347,0.0006464669713750482
3315,0.04853399842977524,0.0006468169158324599
3316,0.01360000018030405,0.0006471901433542371
3317,0.06373400241136551,0.0006473608082160354
3318,-0.0013330000219866633,0.0006476668640971184
3319,0.06373400241136551,0.0006480029551312327
3320,0.003467000089585781,0.00064858264522627
3321,0.04853399842977524,0.0006489953957498074
3322,0.03866700083017349,0.0006494130939245224
3323,0.0685340017080307,0.0006499746814370155
3324,-0.016534000635147095,0.0006503975600935519
3325,0.04853399842977524,0.000650694768410176
3326,0.003467000089585781,0.0006510103121399879
3327,0.01360000018030405,0.0006513621774502099
3328,0.008533000014722347,0.0006518192822113633
3329,0.01360000018030405,0.0006523120682686567
3330,0.043733999133110046,0.000652738381177187
3331,0.03866700083017349,0.0006530475802719593
3332,0.003467000089585781,0.0006533929263241589
3333,0.028534000739455223,0.0006535365246236324
3334,-0.006399999838322401,0.0006536241853609681
3335,0.05360100045800209,0.00065373454708606
3336,-0.0013330000219866633,0.0006540773902088404
3337,0.01360000018030405,0.0006541028851643205
3338,0.008533000014722347,0.0006541904876939952
3339,0.043733999133110046,0.0006541439797729254
3340,-0.011466999538242817,0.000654291536193341
3341,0.028534000739455223,0.0006540545728057623
3342,0.01360000018030405,0.0006538317538797855
3343,0.06373400241136551,0.0006536586442962289
3344,0.008533000014722347,0.0006538450252264738
3345,0.03866700083017349,0.0006538660963997245
3346,0.008533000014722347,0.0006539836758747697
3347,0.03866700083017349,0.0006540005560964346
3348,-0.0013330000219866633,0.0006540916510857642
3349,0.043733999133110046,0.0006541736656799912
3350,-0.0013330000219866633,0.0006542569608427584
3351,0.028534000739455223,0.0006543101044371724
3352,0.02346700057387352,0.0006543169147334993
3353,0.0685340017080307,0.0006543241906911135
3354,-0.0013330000219866633,0.0006543252966366708
3355,0.05360100045800209,0.0006541764014400542
3356,0.008533000014722347,0.0006542549817822874
3357,0.07866799831390381,0.0006543536437675357
3358,0.01360000018030405,0.0006543095223605633
3359,0.04853399842977524,0.000654295552521944
3360,0.01360000018030405,0.0006541782640852034
3361,0.07866799831390381,0.0006540821632370353
3362,0.003467000089585781,0.0006539579480886459
3363,0.08880099654197693,0.0006540274480357766
3364,-0.011466999538242817,0.0006538956076838076
3365,0.05360100045800209,0.0006535841384902596
3366,0.01360000018030405,0.0006531477556563914
3367,0.08880099654197693,0.0006529529928229749
3368,0.003467000089585781,0.0006527651567012072
3369,0.043733999133110046,0.0006528749945573509
3370,0.008533000014722347,0.0006529483362101018
3371,0.01866699941456318,0.0006531209219247103
3372,0.01866699941456318,0.0006531564285978675
3373,0.05360100045800209,0.0006533931591548026
3374,-0.026399999856948853,0.0006534038111567497
3375,0.028534000739455223,0.0006532318075187504
3376,-0.02160000056028366,0.0006531635881401598
3377,0.01360000018030405,0.0006531685357913375
3378,0.02346700057387352,0.0006532005500048399
3379,0.043733999133110046,0.0006532060215249658
3380,0.003467000089585781,0.0006529494421556592
3381,0.02346700057387352,0.0006523862830363214
3382,0.003467000089585781,0.00065172731410712
3383,0.05360100045800209,0.0006511005340144038
3384,-0.026399999856948853,0.000650875095743686
3385,0.05360100045800209,0.0006501134485006332
3386,0.03359999880194664,0.0006494828267022967
3387,0.06373400241136551,0.0006488441140390933
3388,-0.02160000056028366,0.0006484410259872675
3389,0.02346700057387352,0.000647949636913836
3390,0.01360000018030405,0.0006473149405792356
3391,0.05360100045800209,0.0006466783815994859
3392,-0.02160000056028366,0.0006461000302806497
3393,0.05360100045800209,0.0006454070680774748
3394,0.01360000018030405,0.0006446369225159287
3395,0.09360100328922272,0.0006439416902139783
3396,-0.0013330000219866633,0.0006431398214772344
3397,0.008533000014722347,0.0006421679281629622
3398,-0.016534000635147095,0.0006411306094378233
3399,0.03359999880194664,0.0006402345024980605
3400,0.003467000089585781,0.00063928565941751
3401,0.08880099654197693,0.0006385453743860126
3402,0.028534000739455223,0.0006379972328431904
3403,0.0685340017080307,0.0006376660894602537
3404,0.02346700057387352,0.0006373900105245411
3405,0.06373400241136551,0.0006370559567585588
3406,-0.02160000056028366,0.0006366753950715065
3407,0.043733999133110046,0.0006363447173498571
3408,-0.026399999856948853,0.0006357692182064056
3409,0.06373400241136551,0.0006354892393574119
3410,-0.0013330000219866633,0.0006352831260301173
3411,0.06373400241136551,0.0006355304503813386
3412,0.01360000018030405,0.0006354915676638484
3413,0.03866700083017349,0.0006355855148285627
3414,0.01866699941456318,0.0006358218961395323
3415,0.028534000739455223,0.0006362397689372301
3416,0.02346700057387352,0.0006363588618114591
3417,0.028534000739455223,0.0006363831926137209
3418,0.003467000089585781,0.0006363667198456824
3419,0.06373400241136551,0.0006364303408190608
3420,0.028534000739455223,0.0006365029257722199
3421,0.06373400241136551,0.0006366808665916324
3422,-0.011466999538242817,0.0006368113099597394
3423,0.02346700057387352,0.0006369437905959785
3424,0.028534000739455223,0.0006368471076712012
3425,0.05866700038313866,0.0006368497852236032
3426,0.008533000014722347,0.0006369272014126182
3427,0.05360100045800209,0.0006368368631228805
3428,-0.0013330000219866633,0.0006364833097904921
3429,0.03866700083017349,0.0006360555998980999
3430,-0.02160000056028366,0.000635710428468883
3431,0.043733999133110046,0.0006357516394928098
3432,0.008533000014722347,0.0006358758546411991
3433,0.02346700057387352,0.000636047450825572
3434,0.03866700083017349,0.0006359650287777185
3435,0.05360100045800209,0.0006357108359225094
3436,0.028534000739455223,0.0006354458746500313
3437,0.0685340017080307,0.0006351371412165463
3438,0.003467000089585781,0.0006347261369228363
3439,0.03359999880194664,0.000634235271718353
3440,-0.03653400018811226,0.0006337806116789579
3441,0.008533000014722347,0.0006336077931337059
3442,-0.011466999538242817,0.0006333670462481678
3443,0.028534000739455223,0.0006331700133159757
3444,-0.016534000635147095,0.0006329216412268579
3445,0.07360100001096725,0.0006327516166493297
3446,-0.011466999538242817,0.0006324215210042894
3447,0.03866700083017349,0.0006318779196590185
3448,-0.006399999838322401,0.0006312773330137134
3449,0.043733999133110046,0.0006306652794592083
3450,-0.011466999538242817,0.0006303546251729131
3451,0.03359999880194664,0.0006302038091234863
3452,0.003467000089585781,0.0006299898377619684
3453,0.07360100001096725,0.0006300236564129591
3454,0.01360000018030405,0.0006295648636296391
3455,0.02346700057387352,0.0006294168415479362
3456,-0.016534000635147095,0.0006291600875556469
3457,0.08373399823904037,0.0006289425655268133
3458,-0.006399999838322401,0.0006287931464612484
3459,0.06373400241136551,0.0006287836586125195
3460,0.008533000014722347,0.0006286085117608309
3461,0.07866799831390381,0.0006284515839070082
3462,0.028534000739455223,0.0006282342947088182
3463,0.04853399842977524,0.0006280263187363744
3464,0.028534000739455223,0.0006276701460592449
3465,0.003467000089585781,0.0006272885948419571
3466,0.003467000089585781,0.0006269573932513595
3467,0.03866700083017349,0.0006267075659707189
3468,0.01360000018030405,0.0006263406248763204
3469,0.043733999133110046,0.0006260234513320029
3470,-0.02160000056028366,0.000625787943135947
3471,0.043733999133110046,0.0006254556938074529
3472,0.003467000089585781,0.0006252495222724974
3473,0.06373400241136551,0.0006251660524867475
3474,-0.006399999838322401,0.0006248539430089295
3475,0.01866699941456318,0.0006245678523555398
3476,0.01360000018030405,0.0006240455550141633
3477,0.043733999133110046,0.00062367576174438
3478,-0.026399999856948853,0.0006233407184481621
3479,0.03359999880194664,0.0006229789578355849
3480,-0.0013330000219866633,0.0006224497919902205
3481,-0.0013330000219866633,0.0006222218507900834
3482,-0.03653400018811226,0.0006219797069206834
3483,0.028534000739455223,0.0006218150374479592
3484,-0.0013330000219866633,0.0006215246394276619
3485,0.03359999880194664,0.0006212653825059533
3486,0.008533000014722347,0.0006207174155861139
3487,0.05866700038313866,0.0006201702635735273
3488,0.008533000014722347,0.0006195831228978932
3489,0.06373400241136551,0.0006190588464960456
3490,-0.03653400018811226,0.0006188431289047003
3491,0.04853399842977524,0.0006185065722092986
3492,0.008533000014722347,0.0006182017386890948
3493,0.043733999133110046,0.0006182913202792406
3494,-0.006399999838322401,0.0006185247912071645
3495,0.028534000739455223,0.0006189803825691342
3496,-0.0013330000219866633,0.000619139289483428
3497,0.03866700083017349,0.0006194578018039465
3498,-0.0013330000219866633,0.0006198766641318798
3499,0.043733999133110046,0.0006205092067830265
3500,0.01866699941456318,0.000621102168224752
3501,0.04853399842977524,0.0006216017645783722
3502,0.003467000089585781,0.0006218509515747428
3503,0.02346700057387352,0.0006219362840056419
3504,-0.02160000056028366,0.0006217818008735776
3505,0.04853399842977524,0.0006218556081876159
3506,-0.011466999538242817,0.0006219259230419993
3507,0.03359999880194664,0.0006223405944183469
3508,-0.0013330000219866633,0.0006226502591744065
3509,0.03866700083017349,0.0006231236038729548
3510,0.01360000018030405,0.0006234835600480437
3511,0.028534000739455223,0.0006241705850698054
3512,0.003467000089585781,0.0006246503908187151
3513,0.07360100001096725,0.0006252911407500505
3514,-0.011466999538242817,0.0006257618078961968
3515,0.05866700038313866,0.0006262870156206191
3516,0.01360000018030405,0.0006266474374569952
3517,0.028534000739455223,0.0006270405137911439
3518,0.03866700083017349,0.0006274167681112885
3519,0.05360100045800209,0.0006277472712099552
3520,0.01360000018030405,0.0006278314394876361
3521,0.04853399842977524,0.0006279203807935119
3522,-0.0013330000219866633,0.0006279536755755544
3523,0.043733999133110046,0.0006280767265707254
3524,-0.02160000056028366,0.0006283241673372686
3525,0.03359999880194664,0.0006286527495831251
3526,-0.011466999538242817,0.0006288711447268724
3527,0.05866700038313866,0.0006292903563007712
3528,0.028534000739455223,0.0006293792393989861
3529,0.04853399842977524,0.0006296592764556408
3530,0.01866699941456318,0.0006296378560364246
3531,0.028534000739455223,0.0006297759828157723
3532,0.003467000089585781,0.0006298479856923223
3533,0.028534000739455223,0.0006298881489783525
3534,0.003467000089585781,0.0006298410007730126
3535,0.04853399842977524,0.0006300704553723335
3536,-0.011466999538242817,0.0006301361718215048
3537,0.04853399842977524,0.0006302318652160466
3538,-0.0013330000219866633,0.0006303892587311566
3539,0.03866700083017349,0.0006304020062088966
3540,-0.0013330000219866633,0.000630380876827985
3541,0.04853399842977524,0.0006305155111476779
3542,-0.016534000635147095,0.0006305432179942727
3543,0.03359999880194664,0.0006306618452072144
3544,0.02346700057387352,0.0006306812865659595
3545,0.0685340017080307,0.0006310237804427743
3546,0.028534000739455223,0.0006309917662292719
3547,0.08880099654197693,0.0006310460157692432
3548,0.01866699941456318,0.0006310909520834684
3549,0.04853399842977524,0.0006309064337983727
3550,-0.006399999838322401,0.0006306302384473383
3551,0.03866700083017349,0.0006305711576715112
3552,-0.0013330000219866633,0.0006305671413429081
3553,0.05360100045800209,0.0006307842559181154
3554,0.02346700057387352,0.0006306651630438864
3555,0.05360100045800209,0.0006306942086666822
3556,0.003467000089585781,0.0006307053845375776
3557,0.05866700038313866,0.0006308837910182774
3558,-0.016534000635147095,0.0006310391472652555
3559,0.01360000018030405,0.0006312236655503511
3560,-0.0013330000219866633,0.0006312727928161621
3561,0.05866700038313866,0.0006316620274446905
3562,0.01360000018030405,0.0006316588260233402
3563,0.04853399842977524,0.0006317396182566881
3564,-0.026399999856948853,0.000631757895462215
3565,0.0685340017080307,0.0006321967812255025
3566,0.02346700057387352,0.0006326319999061525
3567,0.07866799831390381,0.0006332513876259327
3568,-0.006399999838322401,0.0006334856152534485
3569,0.043733999133110046,0.000633666873909533
3570,-0.02160000056028366,0.000633627874776721
3571,0.043733999133110046,0.0006338843377307057
3572,-0.02160000056028366,0.0006342470878735185
3573,0.01360000018030405,0.0006348111783154309
3574,0.02346700057387352,0.000635074800811708
3575,0.03866700083017349,0.0006353233475238085
3576,-0.0013330000219866633,0.0006353905191645026
3577,0.028534000739455223,0.0006356147350743413
3578,0.03866700083017349,0.0006359262624755502
3579,0.05360100045800209,0.0006360701518133283
3580,0.003467000089585781,0.0006360308034345508
3581,0.03359999880194664,0.0006361615378409624
3582,0.003467000089585781,0.0006362110143527389
3583,0.08373399823904037,0.0006361253326758742
3584,-0.02160000056028366,0.0006358952959999442
3585,0.04853399842977524,0.0006354134529829025
3586,-0.011466999538242817,0.000635052565485239
3587,0.06373400241136551,0.0006349963368847966
3588,0.028534000739455223,0.0006346378941088915
3589,0.07866799831390381,0.0006346345180645585
3590,-0.0013330000219866633,0.0006343849236145616
3591,0.043733999133110046,0.0006341808475553989
3592,0.01866699941456318,0.0006338802631944418
3593,0.04853399842977524,0.0006337199010886252
3594,0.01360000018030405,0.0006334945792332292
3595,0.02346700057387352,0.0006334044155664742
3596,0.008533000014722347,0.0006331303738988936
3597,0.043733999133110046,0.000633183924946934
3598,0.008533000014722347,0.0006331688491627574
3599,0.043733999133110046,0.0006332183256745338
3600,0.01866699941456318,0.0006329587195068598
3601,0.028534000739455223,0.0006327929440885782
3602,0.02346700057387352,0.0006325248978100717
3603,0.05360100045800209,0.0006324835703708231
3604,0.01360000018030405,0.0006323668640106916
3605,0.05360100045800209,0.0006322539993561804
3606,0.01360000018030405,0.0006319678504951298
3607,0.043733999133110046,0.000631832517683506
3608,0.008533000014722347,0.0006316817598417401
3609,0.0685340017080307,0.0006318168598227203
3610,0.028534000739455223,0.0006317533552646637
3611,0.05360100045800209,0.0006317648803815246
3612,0.02346700057387352,0.0006315908976830542
3613,0.04853399842977524,0.0006314503261819482
3614,0.02346700057387352,0.0006310571916401386
3615,0.028534000739455223,0.0006310634780675173
3616,-0.0013330000219866633,0.0006311213364824653
3617,0.043733999133110046,0.0006312148761935532
3618,0.003467000089585781,0.0006311890319921076
3619,0.028534000739455223,0.0006311086472123861
3620,-0.0013330000219866633,0.0006310096941888332
3621,0.008533000014722347,0.0006310433382168412
3622,-0.0013330000219866633,0.0006313492776826024
3623,0.07360100001096725,0.0006321171531453729
3624,-0.0013330000219866633,0.0006323970155790448
3625,0.08880099654197693,0.0006329308962449431
3626,-0.006399999838322401,0.0006333779310807586
3627,0.03866700083017349,0.0006337912054732442
3628,0.008533000014722347,0.0006341878324747086
3629,0.03866700083017349,0.0006344732828438282
3630,-0.011466999538242817,0.0006347316084429622
3631,0.03866700083017349,0.0006351706106215715
3632,0.01360000018030405,0.0006354399956762791
3633,0.05360100045800209,0.000635674165096134
3634,0.03866700083017349,0.0006357654347084463
3635,0.06373400241136551,0.0006357943057082593
3636,0.01360000018030405,0.0006356457597576082
3637,0.05866700038313866,0.0006358730606734753
3638,0.003467000089585781,0.0006358197424560785
3639,0.04853399842977524,0.0006359162507578731
3640,0.003467000089585781,0.0006358739919960499
3641,0.0685340017080307,0.0006362099666148424
3642,-0.016534000635147095,0.0006366221932694316
3643,0.03866700083017349,0.0006370366318151355
3644,-0.016534000635147095,0.0006375260418280959
3645,0.05360100045800209,0.0006379992701113224
3646,0.003467000089585781,0.0006382606225088239
3647,0.003467000089585781,0.0006384754087775946
3648,-0.031466998159885406,0.0006386839086189866
3649,0.05360100045800209,0.0006389665650203824
3650,-0.0013330000219866633,0.0006391408969648182
3651,0.043733999133110046,0.0006393241346813738
3652,0.01360000018030405,0.000639580306597054
3653,0.08880099654197693,0.0006400531274266541
3654,0.02346700057387352,0.0006401881691999733
3655,0.03866700083017349,0.0006404338055290282
3656,0.01360000018030405,0.0006408027838915586
3657,0.06373400241136551,0.0006410764181055129
3658,0.003467000089585781,0.0006411579088307917
3659,0.03359999880194664,0.0006412170478142798
3660,0.01360000018030405,0.0006411843933165073
3661,0.04853399842977524,0.0006412984221242368
3662,0.02346700057387352,0.000641452323179692
3663,0.04853399842977524,0.0006416627438738942
3664,0.008533000014722347,0.0006420657155103981
3665,0.08880099654197693,0.0006424125749617815
3666,-0.03653400018811226,0.000642632890958339
3667,0.03866700083017349,0.0006424558814615011
3668,-0.006399999838322401,0.0006424607126973569
3669,0.08880099654197693,0.0006424487801268697
3670,0.03866700083017349,0.0006422730511985719
3671,0.04853399842977524,0.0006418611737899482
3672,0.003467000089585781,0.0006415925454348326
3673,0.05866700038313866,0.0006413208320736885
3674,0.008533000014722347,0.0006412210059352219
3675,0.03359999880194664,0.0006411022623069584
3676,0.003467000089585781,0.0006411194917745888
3677,0.05360100045800209,0.0006413506343960762
3678,-0.02160000056028366,0.0006416572723537683
3679,0.043733999133110046,0.0006415979005396366
3680,0.003467000089585781,0.0006417488912120461
3681,0.028534000739455223,0.000641710008494556
3682,-0.026399999856948853,0.0006418204284273088
3683,0.02346700057387352,0.0006417302647605538
3684,-0.0013330000219866633,0.0006419586716219783
3685,0.02346700057387352,0.0006420633289963007
3686,-0.03653400018811226,0.000642255530692637
3687,0.05360100045800209,0.0006422224687412381
3688,0.01360000018030405,0.0006424348102882504
3689,0.0685340017080307,0.0006426445906981826
3690,0.003467000089585781,0.0006428227061405778
3691,0.03866700083017349,0.00064311851747334
3692,-0.026399999856948853,0.0006433638045564294
3693,0.04853399842977524,0.0006434861570596695
3694,-0.02160000056028366,0.000643751525785774
3695,0.01866699941456318,0.0006439774297177792
3696,0.003467000089585781,0.0006441975710913539
3697,0.06373400241136551,0.0006444915197789669
3698,-0.016534000635147095,0.0006445292383432388
3699,0.05360100045800209,0.0006447124760597944
3700,0.01360000018030405,0.0006450072396546602
3701,0.01866699941456318,0.0006449870998039842
3702,-0.006399999838322401,0.0006451642839238048
3703,0.043733999133110046,0.0006454758113250136
3704,0.028534000739455223,0.0006457563722506166
3705,0.03359999880194664,0.0006460236618295312
3706,0.01360000018030405,0.0006463134195655584
3707,0.04853399842977524,0.0006465355399996042
3708,0.008533000014722347,0.000646834378130734
3709,0.07360100001096725,0.0006472717504948378
3710,0.01360000018030405,0.000647751206997782
3711,0.04853399842977524,0.0006480075535364449
3712,0.003467000089585781,0.0006484774639829993
3713,0.08880099654197693,0.0006490055238828063
3714,0.02346700057387352,0.0006494837580248713
3715,0.07866799831390381,0.0006498928414657712
3716,0.02346700057387352,0.0006501015741378069
3717,0.0685340017080307,0.0006502472097054124
3718,-0.0013330000219866633,0.0006504146149381995
3719,0.05360100045800209,0.0006508600199595094
3720,0.03866700083017349,0.0006514667766168714
3721,0.04853399842977524,0.000651946640573442
3722,0.03866700083017349,0.0006522879702970386
3723,0.043733999133110046,0.0006525448989123106
3724,0.03866700083017349,0.000652662361972034
3725,0.05360100045800209,0.0006526721408590674
3726,0.03359999880194664,0.0006525483913719654
3727,0.05866700038313866,0.0006524277850985527
3728,-0.0013330000219866633,0.0006521967006847262
3729,0.05866700038313866,0.0006519091548398137
3730,-0.016534000635147095,0.0006518990267068148
3731,0.02346700057387352,0.0006520083406940103
3732,-0.011466999538242817,0.0006521929753944278
3733,0.06373400241136551,0.0006524266209453344
3734,-0.011466999538242817,0.0006522408802993596
3735,0.07360100001096725,0.0006523242918774486
3736,0.008533000014722347,0.0006522447802126408
3737,0.08880099654197693,0.0006520346505567431
3738,-0.006399999838322401,0.0006517830770462751
3739,0.03359999880194664,0.0006516581634059548
3740,0.003467000089585781,0.0006515091517940164
3741,0.04853399842977524,0.0006513609550893307
3742,0.028534000739455223,0.0006513323751278222
3743,0.02346700057387352,0.0006511949468404055
3744,-0.0013330000219866633,0.0006511439569294453
3745,0.09360100328922272,0.0006509713712148368
3746,-0.006399999838322401,0.0006504950579255819
3747,0.03359999880194664,0.0006498651928268373
3748,-0.02160000056028366,0.0006492804968729615
3749,0.0685340017080307,0.0006487197824753821
3750,-0.0013330000219866633,0.0006481393938884139
3751,0.05360100045800209,0.0006476988201029599
3752,0.01866699941456318,0.000647431705147028
3753,0.0685340017080307,0.0006471511442214251
3754,0.03359999880194664,0.0006465059705078602
3755,0.0685340017080307,0.0006458002608269453
3756,0.01866699941456318,0.0006450342480093241
3757,0.07360100001096725,0.0006444175960496068
3758,0.01360000018030405,0.0006438186392188072
3759,0.028534000739455223,0.0006431757938116789
3760,0.003467000089585781,0.0006426890031434596
3761,0.07360100001096725,0.0006423928425647318
3762,0.02346700057387352,0.0006422189180739224
3763,0.03866700083017349,0.0006415129755623639
3764,-0.0013330000219866633,0.000640850979834795
3765,0.0685340017080307,0.000640499172732234
3766,0.008533000014722347,0.0006401980062946677
3767,0.043733999133110046,0.0006398684345185757
3768,-0.006399999838322401,0.0006396957905963063
3769,0.03866700083017349,0.0006397349643521011
3770,0.01866699941456318,0.0006397522520273924
3771,0.04853399842977524,0.0006394559750333428
3772,-0.0013330000219866633,0.0006391184870153666
3773,0.05866700038313866,0.0006389395566657186
3774,0.01360000018030405,0.0006387013709172606
3775,0.05360100045800209,0.0006384765729308128
3776,-0.0013330000219866633,0.000638497294858098
3777,0.028534000739455223,0.0006385205197148025
3778,0.003467000089585781,0.0006385062588378787
3779,0.01360000018030405,0.0006383126019500196
3780,-0.0013330000219866633,0.0006379198166541755
3781,0.03866700083017349,0.0006375786615535617
3782,-0.011466999538242817,0.0006372110219672322
3783,0.05360100045800209,0.0006368631729856133
3784,-0.016534000635147095,0.0006363710854202509
3785,0.07866799831390381,0.000635808683000505
3786,-0.0013330000219866633,0.0006353440694510937
3787,0.03359999880194664,0.0006349297473207116
3788,0.03866700083017349,0.0006345320725813508
3789,0.0685340017080307,0.0006343048880808055
3790,0.003467000089585781,0.0006341507541947067
3791,0.028534000739455223,0.0006340149557217956
3792,0.01360000018030405,0.000633911753538996
3793,0.07360100001096725,0.0006339545361697674
3794,-0.0013330000219866633,0.000633705931250006
3795,0.04853399842977524,0.0006335773505270481
3796,-0.011466999538242817,0.0006333795026876032
3797,0.02346700057387352,0.0006334037752822042
3798,0.028534000739455223,0.0006333683850243688
3799,0.07866799831390381,0.0006335247308015823
3800,0.01360000018030405,0.0006334288045763969
3801,0.06373400241136551,0.0006332002230919898
3802,0.008533000014722347,0.0006330985343083739
3803,0.04853399842977524,0.0006330210599116981
3804,0.003467000089585781,0.0006329345051199198
3805,0.03866700083017349,0.0006329739699140191
3806,-0.0013330000219866633,0.0006329701282083988
3807,0.05866700038313866,0.00063302245689556
3808,-0.011466999538242817,0.0006328204181045294
3809,0.05360100045800209,0.0006327470764517784
3810,0.003467000089585781,0.0006327669252641499
3811,0.06373400241136551,0.0006329799653030932
3812,-0.006399999838322401,0.0006329065654426813
3813,0.01360000018030405,0.0006329717580229044
3814,0.02346700057387352,0.0006330017931759357
3815,0.043733999133110046,0.0006331644835881889
3816,-0.011466999538242817,0.0006334291538223624
3817,0.028534000739455223,0.0006336676306091249
3818,-0.011466999538242817,0.0006338967941701412
3819,0.04853399842977524,0.0006342107662931085
3820,-0.0013330000219866633,0.0006343480199575424
3821,0.0685340017080307,0.0006343316053971648
3822,-0.016534000635147095,0.0006342239212244749
3823,0.07360100001096725,0.0006340595427900553
3824,-0.0013330000219866633,0.000633852556347847
3825,0.028534000739455223,0.0006341665866784751
3826,0.01866699941456318,0.0006344571011140943
3827,0.0685340017080307,0.0006349023315124214
3828,-0.02160000056028366,0.0006350758485496044
3829,0.05360100045800209,0.0006353362696245313
3830,-0.016534000635147095,0.0006356689846143126
3831,0.05866700038313866,0.0006363012362271547
3832,-0.011466999538242817,0.0006365825538523495
3833,0.06373400241136551,0.0006371343042701483
3834,0.003467000089585781,0.0006375496741384268
3835,0.03866700083017349,0.0006379500264301896
3836,-0.011466999538242817,0.000638565281406045
3837,0.05360100045800209,0.0006392084178514779
3838,0.03866700083017349,0.0006396968965418637
3839,0.03866700083017349,0.000640298705548048
3840,0.02346700057387352,0.0006407983601093292
3841,0.028534000739455223,0.0006414591334760189
3842,-0.016534000635147095,0.0006419186829589307
3843,0.043733999133110046,0.0006421005236916244
3844,-0.016534000635147095,0.0006425818428397179
3845,0.05360100045800209,0.0006431423826143146
3846,0.02346700057387352,0.0006437704432755709
3847,0.028534000739455223,0.0006443196325562894
3848,0.003467000089585781,0.0006448886124417186
3849,0.028534000739455223,0.0006456974078901112
3850,0.01360000018030405,0.0006464081234298646
3851,0.03866700083017349,0.0006471013184636831
3852,0.01360000018030405,0.0006479180883616209
3853,0.028534000739455223,0.0006485976045951247
3854,0.01360000018030405,0.0006492061074823141
3855,0.02346700057387352,0.0006497337017208338
3856,-0.006399999838322401,0.0006504411576315761
3857,0.043733999133110046,0.0006512697436846793
3858,-0.0013330000219866633,0.0006520411698147655
3859,0.04853399842977524,0.0006527788937091827
3860,-0.0013330000219866633,0.0006533745909109712
3861,0.03866700083017349,0.0006539219757542014
3862,-0.026399999856948853,0.0006544857751578093
3863,0.02346700057387352,0.0006551353726536036
3864,-0.011466999538242817,0.0006556682637892663
3865,0.02346700057387352,0.0006561689078807831
3866,0.003467000089585781,0.0006568176904693246
3867,0.028534000739455223,0.000657621945720166
3868,0.003467000089585781,0.0006583984359167516
3869,0.03359999880194664,0.0006591463461518288
3870,-0.04666699841618538,0.0006598713807761669
3871,0.003467000089585781,0.0006605170201510191
3872,-0.026399999856948853,0.0006609349511563778
3873,0.05360100045800209,0.0006617584731429815
3874,-0.0013330000219866633,0.00066248798975721
3875,0.03866700083017349,0.0006634066812694073
3876,-0.011466999538242817,0.0006642872467637062
3877,0.06373400241136551,0.0006653405725955963
3878,-0.026399999856948853,0.000665846629999578
3879,0.02346700057387352,0.0006662759697064757
3880,-0.03653400018811226,0.0006665759137831628
3881,0.03866700083017349,0.000666440580971539
3882,-0.016534000635147095,0.0006663245148956776
3883,0.028534000739455223,0.0006663902895525098
3884,0.01360000018030405,0.0006664929096587002
3885,0.05360100045800209,0.0006666435510851443
3886,-0.026399999856948853,0.0006668962305411696
3887,0.03866700083017349,0.0006674230680800974
3888,0.03866700083017349,0.000667882151901722
3889,0.02346700057387352,0.000668502296321094
3890,0.02346700057387352,0.0006691707530990243
3891,0.03866700083017349,0.0006700323428958654
3892,0.003467000089585781,0.0006707729771733284
3893,0.04853399842977524,0.0006715490017086267
3894,0.02346700057387352,0.0006724117556586862
3895,0.03866700083017349,0.0006731675821356475
3896,0.02346700057387352,0.0006736908107995987
3897,0.06373400241136551,0.0006743468693457544
3898,0.008533000014722347,0.0006744994316250086
3899,0.043733999133110046,0.0006747689330950379
3900,-0.0013330000219866633,0.0006748459418304265
3901,0.028534000739455223,0.0006753907073289156
3902,0.02346700057387352,0.0006760632386431098
3903,0.028534000739455223,0.0006768496241420507
3904,-0.0013330000219866633,0.0006775291985832155
3905,0.03359999880194664,0.0006783881108276546
3906,0.003467000089585781,0.0006791400955989957
3907,0.03359999880194664,0.0006798183894716203
3908,-0.0013330000219866633,0.0006804345175623894
3909,0.06373400241136551,0.0006807897007092834
3910,-0.026399999856948853,0.0006813548388890922
3911,0.04853399842977524,0.0006821974529884756
3912,0.028534000739455223,0.0006828868063166738
3913,0.03866700083017349,0.0006838142871856689
3914,0.01360000018030405,0.0006845217430964112
3915,0.04853399842977524,0.0006854821695014834
3916,0.01866699941456318,0.0006862544687464833
3917,0.03866700083017349,0.0006870202487334609
3918,-0.0013330000219866633,0.0006878846324980259
3919,0.02346700057387352,0.0006887046038173139
3920,0.01360000018030405,0.0006892270175740123
3921,0.05360100045800209,0.000689856184180826
3922,0.02346700057387352,0.0006903976900503039
3923,0.05360100045800209,0.0006911247619427741
3924,0.01360000018030405,0.0006916061975061893
3925,0.03866700083017349,0.0006922020111232996
3926,0.003467000089585781,0.0006928389775566757
3927,0.03866700083017349,0.0006936469580978155
3928,0.01866699941456318,0.0006941546453163028
3929,0.028534000739455223,0.0006947667570784688
3930,0.03866700083017349,0.0006953490665182471
3931,0.06373400241136551,0.0006959275342524052
3932,0.028534000739455223,0.0006964129861444235
3933,0.028534000739455223,0.0006967357476241887
3934,0.008533000014722347,0.0006967783556319773
3935,0.028534000739455223,0.0006970610120333731
3936,0.01866699941456318,0.0006971008842810988
3937,0.07866799831390381,0.0006973922136239707
3938,-0.011466999538242817,0.000697264214977622
3939,0.03866700083017349,0.0006975132273510098
3940,0.003467000089585781,0.0006975734722800553
3941,0.03866700083017349,0.0006978680612519383
3942,0.01360000018030405,0.0006979737663641572
3943,0.03866700083017349,0.000698102405294776
3944,0.02346700057387352,0.0006979986792430282
3945,0.05360100045800209,0.0006981483311392367
3946,0.003467000089585781,0.0006982352351769805
3947,0.06373400241136551,0.0006983146304264665
3948,-0.026399999856948853,0.0006982365739531815
3949,0.03866700083017349,0.0006983829662203789
3950,0.01360000018030405,0.0006983695784583688
3951,0.07360100001096725,0.0006986240623518825
3952,0.043733999133110046,0.0006986757507547736
3953,0.04853399842977524,0.0006986657972447574
3954,0.028534000739455223,0.0006988290697336197
3955,0.04853399842977524,0.0006989411194808781
3956,-0.016534000635147095,0.0006990566616877913
3957,0.04853399842977524,0.0006994117284193635
3958,-0.0013330000219866633,0.0006995709845796227
3959,0.06373400241136551,0.0006994989234954119
3960,-0.016534000635147095,0.0006993068382143974
3961,0.07360100001096725,0.0006991365225985646
3962,0.02346700057387352,0.0006987698143348098
3963,0.05360100045800209,0.0006987149827182293
3964,0.03866700083017349,0.0006984553765505552
3965,0.03866700083017349,0.0006980907637625933
3966,0.003467000089585781,0.0006978902383707464
3967,0.03866700083017349,0.0006978401215746999
3968,0.02346700057387352,0.0006977118900977075
3969,0.04853399842977524,0.0006976369768381119
3970,-0.02160000056028366,0.0006974151474423707
3971,0.06373400241136551,0.0006971188704483211
3972,-0.02160000056028366,0.0006969583919271827
3973,0.06373400241136551,0.0006968831876292825
3974,-0.006399999838322401,0.000696595583576709
3975,0.06373400241136551,0.0006961531471461058
3976,0.003467000089585781,0.0006955423741601408
3977,0.043733999133110046,0.0006950593087822199
3978,-0.006399999838322401,0.0006945736240595579
3979,0.028534000739455223,0.0006942760664969683
3980,-0.016534000635147095,0.0006939452141523361
3981,0.02346700057387352,0.000693732756190002
3982,-0.011466999538242817,0.0006934346165508032
3983,0.043733999133110046,0.0006931567331776023
3984,-0.0013330000219866633,0.0006927810609340668
3985,0.01360000018030405,0.0006925379857420921
3986,-0.011466999538242817,0.0006920990999788046
3987,0.03866700083017349,0.0006918906001374125
3988,0.003467000089585781,0.0006916545680724084
3989,0.05866700038313866,0.0006917071877978742
3990,-0.03653400018811226,0.0006919492734596133
3991,0.07360100001096725,0.0006923286709934473
3992,-0.0013330000219866633,0.0006924961344338953
3993,0.0685340017080307,0.0006926594069227576
3994,-0.0013330000219866633,0.000692509114742279
3995,0.03866700083017349,0.000692550209350884
3996,0.02346700057387352,0.0006924050394445658
3997,0.043733999133110046,0.0006923150504007936
3998,-0.0013330000219866633,0.0006920364685356617
3999,0.028534000739455223,0.000691969646140933
4000,0.003467000089585781,0.000691761844791472
4001,0.04853399842977524,0.0006916978163644671
4002,0.003467000089585781,0.0006916146958246827
4003,0.03359999880194664,0.0006919465959072113
4004,-0.026399999856948853,0.0006920987507328391
4005,0.07360100001096725,0.0006921126041561365
4006,-0.0013330000219866633,0.0006917921709828079
4007,0.03359999880194664,0.0006914143450558186
4008,-0.006399999838322401,0.0006908911163918674
4009,0.04853399842977524,0.000690512708388269
4010,0.008533000014722347,0.0006902809254825115
4011,0.03866700083017349,0.0006902713794261217
4012,-0.0013330000219866633,0.0006901036249473691
4013,0.028534000739455223,0.0006899895379319787
4014,0.01866699941456318,0.0006899365689605474
4015,0.028534000739455223,0.0006901043234393001
4016,0.02346700057387352,0.0006901224842295051
4017,0.028534000739455223,0.0006904174806550145
4018,-0.02160000056028366,0.0006905994960106909
4019,0.06373400241136551,0.0006912428070791066
4020,-0.02160000056028366,0.0006914720870554447
4021,0.07360100001096725,0.0006913100369274616
4022,0.01866699941456318,0.0006907840725034475
4023,0.03866700083017349,0.0006902202730998397
4024,0.01360000018030405,0.0006894420948810875
4025,0.04853399842977524,0.0006886975606903434
4026,0.003467000089585781,0.0006878807325847447
4027,0.03866700083017349,0.0006873857928439975
4028,-0.0013330000219866633,0.0006867808988317847
4029,0.03866700083017349,0.0006861212314106524
4030,0.01360000018030405,0.0006853409577161074
4031,0.028534000739455223,0.0006847510812804103
4032,-0.0013330000219866633,0.0006839240668341517
4033,0.03866700083017349,0.0006833934457972646
4034,-0.0013330000219866633,0.0006826788303442299
4035,0.05360100045800209,0.0006823579897172749
4036,0.01866699941456318,0.0006819605478085577
4037,0.028534000739455223,0.000681489531416446
4038,0.01360000018030405,0.0006809791666455567
4039,0.06373400241136551,0.0006803215947002172
4040,0.01360000018030405,0.0006798035465180874
4041,0.03866700083017349,0.0006793901557102799
4042,-0.026399999856948853,0.0006789257749915123
4043,0.05360100045800209,0.0006783482385799289
4044,-0.006399999838322401,0.0006776807131245732
4045,0.01866699941456318,0.0006772472988814116
4046,-0.006399999838322401,0.0006767940940335393
4047,0.05360100045800209,0.0006764308200217783
4048,-0.011466999538242817,0.0006759032257832587
4049,0.04853399842977524,0.0006753307534381747
4050,-0.011466999538242817,0.0006748294690623879
4051,0.028534000739455223,0.0006744311540387571
4052,0.01360000018030405,0.000673961010761559
4053,0.03866700083017349,0.0006733294576406479
4054,-0.0013330000219866633,0.0006725417915731668
4055,0.028534000739455223,0.0006717097712680697
4056,0.01866699941456318,0.0006711127934977412
4057,0.028534000739455223,0.0006703832186758518
4058,-0.006399999838322401,0.0006696931086480618
4059,0.028534000739455223,0.0006689447909593582
4060,-0.006399999838322401,0.0006681808736175299
4061,0.03866700083017349,0.0006678432691842318
4062,0.03866700083017349,0.0006675238255411386
4063,0.08880099654197693,0.000667138840071857
4064,0.01866699941456318,0.0006668268470093608
4065,0.028534000739455223,0.0006662675878033042
4066,0.02346700057387352,0.0006658196798525751
4067,0.028534000739455223,0.0006657940684817731
4068,-0.011466999538242817,0.0006659055361524224
4069,0.05360100045800209,0.0006656130426563323
4070,0.003467000089585781,0.0006651227595284581
4071,0.003467000089585781,0.0006645815446972847
4072,0.01360000018030405,0.0006640387582592666
4073,0.043733999133110046,0.0006635138997808099
4074,0.01360000018030405,0.0006630189018324018
4075,0.028534000739455223,0.0006629123818129301
4076,0.003467000089585781,0.0006630591815337539
4077,0.04853399842977524,0.0006634132005274296
4078,-0.016534000635147095,0.000663907965645194
4079,0.04853399842977524,0.0006642460357397795
4080,-0.02160000056028366,0.0006645185640081763
4081,0.05866700038313866,0.0006646623951382935
4082,0.02346700057387352,0.0006646686233580112
4083,0.028534000739455223,0.0006646639085374773
4084,-0.026399999856948853,0.0006648196140304208
4085,0.02346700057387352,0.0006646426627412438
4086,-0.006399999838322401,0.0006646130932494998
4087,0.03866700083017349,0.0006643763626925647
4088,0.01360000018030405,0.0006643626838922501
4089,0.01360000018030405,0.0006638691411353648
4090,-0.016534000635147095,0.0006633766461163759
4091,0.01360000018030405,0.0006629047566093504
4092,0.008533000014722347,0.0006622826331295073
4093,0.03866700083017349,0.0006615344900637865
4094,0.03359999880194664,0.0006610527052544057
4095,0.05360100045800209,0.0006606751121580601
4096,-0.0013330000219866633,0.000660587742459029
4097,0.07360100001096725,0.0006604912341572344
4098,-0.011466999538242817,0.0006605074740946293
4099,0.02346700057387352,0.000660765334032476
4100,0.03359999880194664,0.0006607980467379093
4101,0.05360100045800209,0.0006608968833461404
4102,0.01866699941456318,0.0006610504351556301
4103,0.043733999133110046,0.0006614425801672041
4104,0.028534000739455223,0.0006618689512833953
4105,0.07360100001096725,0.0006622939836233854
4106,0.04853399842977524,0.0006628067931160331
4107,0.07360100001096725,0.0006632397416979074
4108,0.01360000018030405,0.0006633754819631577
4109,0.05866700038313866,0.0006639595376327634
4110,-0.016534000635147095,0.0006647025002166629
4111,0.0685340017080307,0.000665181374642998
4112,0.02346700057387352,0.0006656087934970856
4113,0.043733999133110046,0.0006658819620497525
4114,0.02346700057387352,0.0006662675295956433
4115,0.09866800159215927,0.0006667214911431074
4116,0.043733999133110046,0.0006671230075880885
4117,0.0685340017080307,0.0006674836622551084
4118,0.03359999880194664,0.0006679572397843003
4119,0.028534000739455223,0.0006681395461782813
4120,0.01360000018030405,0.0006686310516670346
4121,0.02346700057387352,0.0006688197609037161
4122,0.008533000014722347,0.000669242232106626
4123,0.04853399842977524,0.0006693758768960834
4124,-0.006399999838322401,0.0006696238997392356
4125,0.05360100045800209,0.0006699765217490494
4126,0.02346700057387352,0.0006703515537083149
4127,0.04853399842977524,0.0006703360704705119
4128,0.03866700083017349,0.0006706292042508721
4129,0.04853399842977524,0.000670617155265063
4130,-0.016534000635147095,0.0006706558633595705
4131,0.03866700083017349,0.0006706003332510591
4132,0.003467000089585781,0.0006707112770527601
4133,0.05360100045800209,0.0006706076674163342
4134,-0.0013330000219866633,0.0006710237357765436
4135,0.06373400241136551,0.000671137822791934
4136,0.008533000014722347,0.000671642366796732
4137,0.06373400241136551,0.0006721083191223443
4138,0.003467000089585781,0.0006725663552060723
4139,0.04853399842977524,0.0006728789303451777
4140,0.008533000014722347,0.0006732450565323234
4141,0.043733999133110046,0.000673815084155649
4142,-0.006399999838322401,0.0006743306294083595
4143,0.05360100045800209,0.000674528768286109
4144,0.01360000018030405,0.0006745881401002407
4145,0.04853399842977524,0.0006746778963133693
4146,-0.02160000056028366,0.0006748602609150112
4147,0.03866700083017349,0.0006748726591467857
4148,-0.0013330000219866633,0.000675142859108746
4149,0.03866700083017349,0.0006752676563337445
4150,0.008533000014722347,0.0006756402435712516
4151,0.05360100045800209,0.0006757588707841933
4152,0.003467000089585781,0.0006759664393030107
4153,0.06373400241136551,0.0006762807024642825
4154,-0.006399999838322401,0.0006767383310943842
4155,0.028534000739455223,0.0006769271567463875
4156,0.01360000018030405,0.0006772821070626378
4157,0.03866700083017349,0.0006773002096451819
4158,0.03866700083017349,0.0006772843189537525
4159,0.02346700057387352,0.000677247648127377
4160,0.028534000739455223,0.0006773923523724079
4161,0.08373399823904037,0.0006773561472073197
4162,0.01360000018030405,0.0006777090602554381
4163,0.04853399842977524,0.0006778756505809724
4164,-0.006399999838322401,0.0006781427073292434
4165,0.05866700038313866,0.0006785238510929048
4166,-0.011466999538242817,0.0006788928294554353
4167,0.03359999880194664,0.0006790118641220033
4168,0.003467000089585781,0.0006792031927034259
4169,0.05360100045800209,0.0006791662308387458
4170,-0.05653399974107742,0.0006794211221858859
4171,0.07360100001096725,0.0006792756030336022
4172,-0.011466999538242817,0.0006793388747610152
4173,0.028534000739455223,0.0006793133215978742
4174,-0.0013330000219866633,0.0006793985376134515
4175,0.05360100045800209,0.0006794324144721031
4176,-0.011466999538242817,0.0006795572116971016
4177,0.043733999133110046,0.0006795072113163769
4178,0.028534000739455223,0.0006796752568334341
4179,0.01360000018030405,0.0006794525543227792
4180,0.01866699941456318,0.0006795544177293777
4181,0.03359999880194664,0.0006793052889406681
4182,0.02346700057387352,0.0006793228094466031
4183,0.07360100001096725,0.0006791570922359824
4184,0.003467000089585781,0.0006791166961193085
4185,0.043733999133110046,0.0006789658800698817
4186,0.01360000018030405,0.0006788020255044103
4187,0.05866700038313866,0.0006785837467759848
4188,0.01360000018030405,0.0006786158191971481
4189,0.07866799831390381,0.0006785222212783992
4190,0.01360000018030405,0.0006784956203773618
4191,0.07360100001096725,0.0006784327561035752
4192,0.01360000018030405,0.0006785501609556377
4193,0.04853399842977524,0.0006784546421840787
4194,0.003467000089585781,0.0006786904996261001
4195,0.043733999133110046,0.0006788658211007714
4196,0.01866699941456318,0.0006791427731513977
4197,0.05866700038313866,0.0006791715859435499
4198,-0.006399999838322401,0.0006794605869799852
4199,0.02346700057387352,0.0006795888184569776
4200,0.003467000089585781,0.0006797899259254336
4201,0.05866700038313866,0.0006796637317165732
4202,-0.011466999538242817,0.000679770833812654
4203,0.07360100001096725,0.0006800137925893068
4204,0.04853399842977524,0.0006805243901908398
4205,0.03866700083017349,0.0006808482576161623
4206,-0.0013330000219866633,0.0006812375504523516
4207,0.07360100001096725,0.0006813469808548689
4208,-0.0013330000219866633,0.0006816333625465631
4209,-0.0013330000219866633,0.0006817792309448123
4210,0.01360000018030405,0.0006820178823545575
4211,0.03866700083017349,0.0006820656126365066
4212,0.008533000014722347,0.0006821185816079378
4213,0.04853399842977524,0.0006821174174547195
4214,0.028534000739455223,0.000682185753248632
4215,0.03866700083017349,0.0006821228889748454
4216,-0.02160000056028366,0.0006824868614785373
4217,0.04853399842977524,0.0006825558375567198
4218,-0.0013330000219866633,0.0006830493803136051
4219,0.05360100045800209,0.0006834455416537821
4220,0.01360000018030405,0.0006839633570052683
4221,0.06373400241136551,0.0006842009024694562
4222,0.03866700083017349,0.0006846734322607517
4223,0.05866700038313866,0.0006848443299531937
4224,0.01360000018030405,0.0006849430501461029
4225,0.08373399823904037,0.0006848437478765845
4226,-0.011466999538242817,0.0006850650534033775
4227,0.028534000739455223,0.0006853722734376788
4228,0.02346700057387352,0.0006858072010800242
4229,0.03866700083017349,0.0006860976573079824
4230,-0.0013330000219866633,0.0006868889322504401
4231,0.03866700083017349,0.0006874939426779747
4232,0.02346700057387352,0.0006884005852043629
4233,0.06373400241136551,0.0006890377262607217
4234,-0.016534000635147095,0.0006896908162161708
4235,0.04853399842977524,0.0006902607274241745
4236,0.003467000089585781,0.0006911165546625853
4237,0.028534000739455223,0.0006917161517776549
4238,0.02346700057387352,0.0006925220950506628
4239,0.03359999880194664,0.0006933655822649598
4240,0.003467000089585781,0.0006943917833268642
4241,0.06373400241136551,0.0006952991825528443
4242,0.01360000018030405,0.0006964025087654591
4243,0.04853399842977524,0.0006972298142500222
4244,-0.016534000635147095,0.0006979702739045024
4245,0.03866700083017349,0.0006982121267355978
4246,-0.02160000056028366,0.0006984812789596617
4247,0.02346700057387352,0.0006982497870922089
4248,-0.02160000056028366,0.0006986701628193259
4249,0.07360100001096725,0.0006991142872720957
4250,-0.011466999538242817,0.0006999577162787318
4251,0.03359999880194664,0.0007005620282143354
4252,0.028534000739455223,0.0007015620358288288
4253,0.03866700083017349,0.0007024860242381692
4254,-0.006399999838322401,0.000703504541888833
4255,0.06373400241136551,0.0007043374935165048
4256,-0.05146700143814087,0.0007053522276692092
4257,0.03359999880194664,0.0007058751652948558
4258,0.01360000018030405,0.000706535647623241
4259,0.03359999880194664,0.0007068379782140255
4260,0.02346700057387352,0.0007073413580656052
4261,0.05360100045800209,0.0007076667388901114
4262,0.01866699941456318,0.0007082604570314288
4263,0.043733999133110046,0.0007086594705469906
4264,-0.0013330000219866633,0.0007090751314535737
4265,0.03359999880194664,0.0007092788000591099
4266,-0.0013330000219866633,0.0007097056950442493
4267,0.01360000018030405,0.0007099576178006828
4268,0.01866699941456318,0.0007103934767656028
4269,0.028534000739455223,0.0007107015699148178
4270,0.003467000089585781,0.0007110015721991658
4271,0.02346700057387352,0.0007112094899639487
4272,-0.026399999856948853,0.0007115310290828347
4273,0.02346700057387352,0.0007114033214747906
4274,-0.011466999538242817,0.0007113642059266567
4275,0.04853399842977524,0.0007110767182894051
4276,-0.0013330000219866633,0.0007111195009201765
4277,0.05360100045800209,0.000711255706846714
4278,-0.011466999538242817,0.0007115645566955209
4279,0.03359999880194664,0.0007118759676814079
4280,-0.0013330000219866633,0.0007123855175450444
4281,0.003467000089585781,0.0007126012351363897
4282,-0.0013330000219866633,0.0007129805162549019
4283,0.04853399842977524,0.0007133828476071358
4284,0.003467000089585781,0.000714013003744185
4285,0.02346700057387352,0.0007143010152503848
4286,-0.006399999838322401,0.0007149763405323029
4287,0.02346700057387352,0.0007154517807066441
4288,-0.016534000635147095,0.0007160573732107878
4289,0.04853399842977524,0.0007164747221395373
4290,0.01866699941456318,0.000717060174793005
4291,0.05360100045800209,0.0007173559279181063
4292,-0.02160000056028366,0.0007180925458669662
4293,0.04853399842977524,0.0007187534938566387
4294,0.028534000739455223,0.0007196168880909681
4295,0.06373400241136551,0.0007203560089692473
4296,0.003467000089585781,0.0007211341289803386
4297,0.03866700083017349,0.0007218832615762949
4298,0.028534000739455223,0.0007226808229461312
4299,0.02346700057387352,0.0007234156364575028
4300,-0.02160000056028366,0.0007241741986945271
4301,0.04853399842977524,0.0007247199537232518
4302,-0.031466998159885406,0.0007252310169860721
4303,0.028534000739455223,0.0007255327655002475
4304,-0.026399999856948853,0.0007261204300448298
4305,0.028534000739455223,0.0007266770116984844
4306,-0.026399999856948853,0.0007273922674357891
4307,0.05360100045800209,0.0007278559496626258
4308,-0.011466999538242817,0.0007285820902325213
4309,0.05866700038313866,0.0007292235968634486
4310,0.01360000018030405,0.0007300892029888928
4311,0.06373400241136551,0.0007309869979508221
4312,-0.02160000056028366,0.0007315697148442268
4313,0.043733999133110046,0.0007322762394323945
4314,-0.0013330000219866633,0.0007330438238568604
4315,0.003467000089585781,0.0007338536670431495
4316,0.003467000089585781,0.0007346526253968477
4317,0.03866700083017349,0.0007351338863372803
4318,-0.016534000635147095,0.0007356730639003217
4319,0.028534000739455223,0.0007362674223259091
4320,-0.016534000635147095,0.0007369962404482067
4321,-0.006399999838322401,0.0007376016583293676
4322,-0.04666699841618538,0.0007382797775790095
4323,0.008533000014722347,0.0007381856557913125
4324,0.02346700057387352,0.000738164409995079
4325,0.05866700038313866,0.0007384313503280282
4326,0.01360000018030405,0.0007389024831354618
4327,0.03359999880194664,0.0007395616266876459
4328,-0.026399999856948853,0.0007401410257443786
4329,-0.006399999838322401,0.0007405652431771159
4330,-0.026399999856948853,0.0007412900449708104
4331,-0.011466999538242817,0.0007410894613713026
4332,-0.016534000635147095,0.0007405428914353251
4333,0.04853399842977524,0.0007395342108793557
4334,-0.011466999538242817,0.0007388523081317544
4335,0.04853399842977524,0.0007380461902357638
4336,0.03359999880194664,0.000737365335226059
4337,0.07360100001096725,0.0007364072371274233
4338,0.028534000739455223,0.0007358042639680207
4339,0.03866700083017349,0.0007349869702011347
4340,-0.0013330000219866633,0.0007342237513512373
4341,0.03866700083017349,0.000733699242118746
4342,0.003467000089585781,0.0007331127999350429
4343,0.03359999880194664,0.000732370070181787
4344,-0.02160000056028366,0.0007317241979762912
4345,0.03866700083017349,0.0007311320514418185
4346,0.01360000018030405,0.0007305530016310513
4347,0.03866700083017349,0.0007300833822228014
4348,0.02346700057387352,0.0007297358242794871
4349,0.03866700083017349,0.0007292255759239197
4350,0.01360000018030405,0.000728780054487288
4351,0.03359999880194664,0.0007284606108441949
4352,-0.061601001769304276,0.0007282709702849388
4353,0.01360000018030405,0.000727734761312604
4354,-0.006399999838322401,0.0007273153169080615
4355,0.028534000739455223,0.0007268418557941914
4356,0.05360100045800209,0.0007265126914717257
4357,0.02346700057387352,0.0007258723489940166
4358,0.003467000089585781,0.0007251758361235261
4359,0.028534000739455223,0.000724140671081841
4360,0.01360000018030405,0.0007231734343804419
4361,0.028534000739455223,0.0007220926345326006
4362,-0.02160000056028366,0.0007211989723145962
4363,0.003467000089585781,0.0007203862769529223
4364,-0.016534000635147095,0.0007196996011771262
4365,0.06373400241136551,0.0007187547162175179
4366,-0.02160000056028366,0.000717645394615829
4367,0.05360100045800209,0.0007166536524891853
4368,-0.0013330000219866633,0.0007157407235354185
4369,0.01360000018030405,0.0007147840806283057
4370,-0.016534000635147095,0.0007138311630114913
4371,0.01360000018030405,0.0007126606069505215
4372,0.01866699941456318,0.0007117213681340218
4373,0.01360000018030405,0.0007108560530468822
4374,-0.026399999856948853,0.0007101227529346943
4375,0.043733999133110046,0.000709511514287442
4376,-0.05146700143814087,0.0007087734411470592
4377,0.03866700083017349,0.0007079622009769082
4378,-0.016534000635147095,0.000706948630977422
4379,0.028534000739455223,0.0007059941999614239
4380,0.01360000018030405,0.0007050506537780166
4381,0.05360100045800209,0.0007039615884423256
4382,-0.011466999538242817,0.0007029852131381631
4383,0.03866700083017349,0.0007022679201327264
4384,0.03359999880194664,0.0007015849696472287
4385,0.06373400241136551,0.0007006794912740588
4386,-0.0013330000219866633,0.0006998502649366856
4387,0.07360100001096725,0.0006988683016970754
4388,0.03359999880194664,0.0006978869787417352
4389,0.06373400241136551,0.0006966633955016732
4390,-0.011466999538242817,0.0006953640258871019
4391,0.04853399842977524,0.0006939662853255868
4392,-0.011466999538242817,0.000692603352945298
4393,0.04853399842977524,0.0006914427503943443
4394,-0.02160000056028366,0.0006903131143189967
4395,0.05866700038313866,0.0006890891236253083
4396,0.01866699941456318,0.0006877622799947858
4397,0.03866700083017349,0.000686305807903409
4398,0.008533000014722347,0.0006849188357591629
4399,0.05360100045800209,0.0006834522937424481
4400,0.028534000739455223,0.0006823352305218577
4401,0.07866799831390381,0.0006810658378526568
4402,0.028534000739455223,0.0006796733941882849
4403,0.05866700038313866,0.0006782019045203924
4404,0.01360000018030405,0.0006767319282516837
4405,0.028534000739455223,0.000675222952850163
4406,-0.04160099849104881,0.0006737475050613284
4407,-0.0013330000219866633,0.0006723774713464081
4408,-0.006399999838322401,0.0006711578462272882
4409,0.028534000739455223,0.0006696160417050123
4410,-0.04666699841618538,0.0006684237159788609
4411,0.028534000739455223,0.0006672385497950017
4412,-0.02160000056028366,0.0006658675847575068
4413,0.01866699941456318,0.0006644396344199777
4414,-0.016534000635147095,0.0006630676798522472
4415,0.02346700057387352,0.0006618292536586523
4416,-0.016534000635147095,0.0006606073584407568
4417,0.05866700038313866,0.0006592524005100131
4418,0.01866699941456318,0.0006578451720997691
4419,0.04853399842977524,0.0006564834038726985
4420,-0.011466999538242817,0.0006551624974235892
4421,0.03359999880194664,0.0006538652232848108
4422,0.003467000089585781,0.0006526176002807915
4423,0.0685340017080307,0.0006510972743853927
4424,0.003467000089585781,0.0006496841087937355
4425,0.02346700057387352,0.0006482391036115587
4426,-0.0013330000219866633,0.0006468062056228518
4427,0.05360100045800209,0.0006454550893977284
4428,-0.011466999538242817,0.0006441087462007999
4429,0.043733999133110046,0.0006428080378100276
4430,0.003467000089585781,0.0006413579685613513
4431,0.04853399842977524,0.0006399808335117996
4432,0.03866700083017349,0.0006387817556969821
4433,0.06373400241136551,0.0006376248202286661
4434,0.01360000018030405,0.00063646788476035
4435,0.0685340017080307,0.0006355302175506949
4436,-0.016534000635147095,0.0006344889989122748
4437,0.028534000739455223,0.0006335486541502178
4438,-0.0013330000219866633,0.0006324390415102243
4439,0.05360100045800209,0.000631490140222013
4440,0.003467000089585781,0.0006306815193966031
4441,0.07360100001096725,0.0006299935048446059
4442,0.003467000089585781,0.0006294382037594914
4443,0.04853399842977524,0.0006288498407229781
4444,-0.006399999838322401,0.0006280983216129243
4445,0.028534000739455223,0.0006273176404647529
4446,-0.006399999838322401,0.0006267273565754294
4447,0.028534000739455223,0.0006261408561840653
4448,-0.0013330000219866633,0.0006254828767850995
4449,0.04853399842977524,0.0006249636062420905
4450,0.02346700057387352,0.0006244310643523932
4451,0.03359999880194664,0.0006237831548787653
4452,-0.011466999538242817,0.0006232447340153158
4453,0.03866700083017349,0.0006230070139281452
4454,-0.011466999538242817,0.0006227428093552589
4455,0.07866799831390381,0.000622453517280519
4456,0.003467000089585781,0.0006224100361578166
4457,0.04853399842977524,0.0006222472293302417
4458,0.003467000089585781,0.0006219878559932113
4459,0.03866700083017349,0.0006215142784640193
4460,0.02346700057387352,0.0006210042629390955
4461,0.01866699941456318,0.0006207003025338054
4462,0.02346700057387352,0.0006204294040799141
4463,0.03866700083017349,0.0006200711941346526
4464,-0.02160000056028366,0.0006197604816406965
4465,0.05360100045800209,0.0006191862048581243
4466,0.01360000018030405,0.0006184788653627038
4467,0.04853399842977524,0.0006176734459586442
4468,0.01866699941456318,0.0006172326393425465
4469,0.04853399842977524,0.0006167638348415494
4470,-0.0013330000219866633,0.0006166651146486402
4471,0.03866700083017349,0.000616716337390244
4472,-0.05146700143814087,0.0006165937520563602
4473,0.04853399842977524,0.0006166275124996901
4474,-0.0013330000219866633,0.0006165209924802184
4475,0.02346700057387352,0.0006164335645735264
4476,-0.011466999538242817,0.0006163872312754393
4477,0.03359999880194664,0.000616273027844727
4478,-0.016534000635147095,0.0006158853648230433
4479,0.028534000739455223,0.0006158233154565096
4480,0.01866699941456318,0.0006158518954180181
4481,0.06373400241136551,0.0006159078329801559
4482,0.03359999880194664,0.0006161131896078587
4483,0.06373400241136551,0.0006159299518913031
4484,0.01360000018030405,0.0006158038158901036
4485,0.03359999880194664,0.0006156554445624352
4486,-0.0013330000219866633,0.0006153786671347916
4487,0.03359999880194664,0.000615144963376224
4488,-0.02160000056028366,0.0006149608525447547
4489,-0.0013330000219866633,0.0006148669635877013
4490,-0.011466999538242817,0.0006148444372229278
4491,0.03866700083017349,0.0006148297688923776
4492,-0.03653400018811226,0.0006144699873402715
4493,0.03359999880194664,0.0006142013007774949
4494,0.043733999133110046,0.0006139822071418166
4495,0.028534000739455223,0.0006134790601208806
4496,-0.016534000635147095,0.0006130667170509696
4497,0.06373400241136551,0.0006125244544818997
4498,-0.016534000635147095,0.000611944473348558
4499,0.01866699941456318,0.0006110508693382144
4500,-0.011466999538242817,0.0006105918437242508
4501,0.05866700038313866,0.0006100203609094024
4502,0.008533000014722347,0.000609636539593339
4503,0.07866799831390381,0.0006092035910114646
4504,0.03866700083017349,0.0006087077199481428
4505,0.05360100045800209,0.0006078259903006256
4506,-0.011466999538242817,0.0006072162068448961
4507,0.03359999880194664,0.0006064330227673054
4508,0.003467000089585781,0.0006056833080947399
4509,0.03359999880194664,0.0006048813229426742
4510,-0.0013330000219866633,0.0006043033208698034
4511,0.05866700038313866,0.000603628228418529
4512,-0.0013330000219866633,0.0006028754869475961
4513,0.01866699941456318,0.0006024431786499918
4514,0.01360000018030405,0.0006020913133397698
4515,0.04853399842977524,0.000601734034717083
4516,-0.02160000056028366,0.0006014910759404302
4517,0.02346700057387352,0.0006010731449350715
4518,-0.03653400018811226,0.0006008739001117647
4519,0.01360000018030405,0.000600529252551496
4520,-0.026399999856948853,0.0006002442678436637
4521,0.04853399842977524,0.0005998860578984022
4522,0.008533000014722347,0.0005996034014970064
4523,0.02346700057387352,0.0005991917569190264
4524,0.003467000089585781,0.0005988749326206744
4525,0.043733999133110046,0.0005985372699797153
4526,-0.011466999538242817,0.0005983617738820612
4527,0.02346700057387352,0.0005980354617349803
4528,0.003467000089585781,0.0005978088593110442
4529,0.04853399842977524,0.0005974628729745746
4530,-0.02160000056028366,0.000597154488787055
4531,0.028534000739455223,0.0005969855119474232
4532,-0.0013330000219866633,0.0005968795740045607
4533,0.028534000739455223,0.0005967483157292008
4534,0.01360000018030405,0.0005967555334791541
4535,0.06373400241136551,0.0005966436583548784
4536,-0.006399999838322401,0.0005966097232885659
4537,0.07360100001096725,0.0005963974399492145
4538,0.02346700057387352,0.0005965821910649538
4539,0.04853399842977524,0.0005962622817605734
4540,-0.05146700143814087,0.0005959683330729604
4541,0.05360100045800209,0.0005957965040579438
4542,0.003467000089585781,0.0005954030784778297
4543,0.04853399842977524,0.0005950685008428991
4544,0.01866699941456318,0.0005946224555373192
4545,0.03359999880194664,0.0005942161660641432
4546,0.003467000089585781,0.0005938934627920389
4547,0.05866700038313866,0.0005936932284384966
4548,-0.026399999856948853,0.0005935028893873096
4549,0.043733999133110046,0.0005932877538725734
4550,-0.0013330000219866633,0.000593103701248765
4551,-0.0013330000219866633,0.0005931201158091426
4552,-0.016534000635147095,0.000593245611526072
4553,0.03866700083017349,0.0005932191852480173
4554,-0.026399999856948853,0.0005933456122875214
4555,0.028534000739455223,0.0005935466615483165
4556,-0.026399999856948853,0.0005939416587352753
4557,0.02346700057387352,0.0005943420110270381
4558,0.01360000018030405,0.000594660930801183
4559,0.028534000739455223,0.0005948900361545384
4560,0.01866699941456318,0.000595061865169555
4561,0.02346700057387352,0.0005951703060418367
4562,0.02346700057387352,0.0005954764783382416
4563,0.02346700057387352,0.0005954232765361667
4564,-0.016534000635147095,0.0005952162318862975
4565,0.04853399842977524,0.000595010700635612
4566,0.02346700057387352,0.0005948395119048655
4567,0.05360100045800209,0.0005945322336629033
4568,-0.026399999856948853,0.0005945907905697823
4569,0.03866700083017349,0.0005945237353444099
4570,-0.0013330000219866633,0.0005944098229520023
4571,0.043733999133110046,0.0005942255374975502
4572,0.003467000089585781,0.0005940921837463975
4573,0.028534000739455223,0.0005938697722740471
4574,0.01360000018030405,0.0005936395609751344
4575,0.01360000018030405,0.0005932052154093981
4576,0.01360000018030405,0.000592788215726614
4577,0.03359999880194664,0.0005925920559093356
4578,0.02346700057387352,0.0005923554999753833
4579,0.04853399842977524,0.0005922363488934934
4580,-0.026399999856948853,0.0005922951968386769
4581,0.02346700057387352,0.0005923139397054911
4582,-0.011466999538242817,0.0005925300065428019
4583,0.028534000739455223,0.0005925025325268507
4584,-0.0013330000219866633,0.0005925889709033072
4585,0.01360000018030405,0.0005925593432039022
4586,-0.03653400018811226,0.0005922548589296639
4587,0.028534000739455223,0.0005921067786403
4588,-0.02160000056028366,0.000592398748267442
4589,0.043733999133110046,0.0005928423488512635
4590,-0.026399999856948853,0.0005931176710873842
4591,0.02346700057387352,0.0005934715736657381
4592,-0.006399999838322401,0.0005939996335655451
4593,0.02346700057387352,0.0005945648299530149
4594,-0.011466999538242817,0.0005950712948106229
4595,0.06373400241136551,0.0005954939406365156
4596,-0.006399999838322401,0.000596101803239435
4597,0.03866700083017349,0.0005966023891232908
4598,-0.006399999838322401,0.000597233884036541
4599,0.03359999880194664,0.0005979815032333136
4600,-0.03653400018811226,0.0005988153861835599
4601,0.01360000018030405,0.0005995583487674594
4602,-0.0013330000219866633,0.0006002489826641977
4603,0.01866699941456318,0.0006008545169606805
4604,-0.04160099849104881,0.0006015975377522409
4605,0.05360100045800209,0.0006021298468112946
4606,0.003467000089585781,0.0006027458002790809
4607,0.04853399842977524,0.0006029303767718375
4608,-0.006399999838322401,0.000603234744630754
4609,0.06373400241136551,0.0006040105363354087
4610,-0.011466999538242817,0.0006047076312825084
4611,-0.0013330000219866633,0.000605256762355566
4612,0.04853399842977524,0.0006060631712898612
4613,0.01360000018030405,0.0006071592797525227
4614,-0.02160000056028366,0.000608446600381285
4615,0.05360100045800209,0.0006096888100728393
4616,-0.0013330000219866633,0.0006110965623520315
4617,0.02346700057387352,0.0006123756757006049
4618,-0.05146700143814087,0.0006137668387964368
4619,0.01360000018030405,0.0006151758134365082
4620,-0.061601001769304276,0.000616471515968442
4621,0.01360000018030405,0.0006174311274662614
4622,0.008533000014722347,0.0006186449900269508
4623,0.03866700083017349,0.0006199902854859829
4624,-0.0013330000219866633,0.000621176091954112
4625,0.003467000089585781,0.0006224206881597638
4626,0.01866699941456318,0.0006235736655071378
4627,0.01866699941456318,0.0006246765260584652
4628,-0.0013330000219866633,0.0006258348585106432
4629,0.03866700083017349,0.0006270325393415987
4630,-0.011466999538242817,0.0006283842958509922
4631,0.008533000014722347,0.000629556190688163
4632,-0.011466999538242817,0.0006307951407507062
4633,0.028534000739455223,0.0006322318222373724
4634,-0.04666699841618538,0.0006337278173305094
4635,0.02346700057387352,0.000634870317298919
4636,0.01360000018030405,0.0006361653213389218
4637,0.008533000014722347,0.0006375054945237935
4638,-0.016534000635147095,0.0006388903129845858
4639,0.043733999133110046,0.0006400025449693203
4640,0.003467000089585781,0.0006410370115190744
4641,0.05360100045800209,0.0006421951111406088
4642,-0.031466998159885406,0.0006433171802200377
4643,0.03866700083017349,0.0006442355224862695
4644,-0.0013330000219866633,0.0006451791850849986
4645,0.04853399842977524,0.0006463326280936599
4646,-0.02160000056028366,0.0006476606940850616
4647,0.01866699941456318,0.0006488229846581817
4648,-0.04666699841618538,0.0006500530289486051
4649,0.05360100045800209,0.0006510826060548425
4650,-0.011466999538242817,0.0006522751646116376
4651,0.01360000018030405,0.000653487048111856
4652,-0.02160000056028366,0.0006548124365508556
4653,0.028534000739455223,0.0006559939356520772
4654,-0.006399999838322401,0.0006572518032044172
4655,0.03866700083017349,0.0006583674112334847
4656,-0.02160000056028366,0.0006594454171136022
4657,0.02346700057387352,0.0006604270893149078
4658,-0.0013330000219866633,0.0006615769816562533
4659,0.04853399842977524,0.0006626143585890532
4660,-0.011466999538242817,0.0006635623285546899
4661,0.028534000739455223,0.0006643535452894866
4662,0.01360000018030405,0.000665288302116096
4663,0.043733999133110046,0.000666481617372483
4664,-0.05146700143814087,0.0006676078774034977
4665,-0.0013330000219866633,0.0006687723798677325
4666,-0.026399999856948853,0.0006697250646539032
4667,0.04853399842977524,0.0006708442815579474
4668,-0.02160000056028366,0.0006720787496306002
4669,0.02346700057387352,0.0006732075707986951
4670,-0.011466999538242817,0.0006743069970980287
4671,0.043733999133110046,0.0006752855842933059
4672,-0.02160000056028366,0.000676066498272121
4673,0.05866700038313866,0.0006768648745492101
4674,-0.0013330000219866633,0.0006775724468752742
4675,0.03866700083017349,0.0006782590644434094
4676,-0.02160000056028366,0.0006788881728425622
4677,0.06373400241136551,0.000679558259434998
4678,-0.0013330000219866633,0.0006801927229389548
4679,0.04853399842977524,0.0006809151964262128
4680,-0.016534000635147095,0.0006815475644543767
4681,0.02346700057387352,0.0006822603172622621
4682,-0.03653400018811226,0.0006830329657532275
4683,0.02346700057387352,0.0006837935652583838
4684,-0.011466999538242817,0.0006845325697213411
4685,0.043733999133110046,0.000685372855514288
4686,-0.04160099849104881,0.0006863110465928912
4687,0.028534000739455223,0.0006869604694657028
4688,0.03359999880194664,0.0006875592516735196
4689,0.03866700083017349,0.0006880891742184758
4690,0.003467000089585781,0.0006885768380016088
4691,0.02346700057387352,0.0006889636861160398
4692,0.003467000089585781,0.0006892277160659432
4693,0.03866700083017349,0.0006896344712004066
4694,-0.011466999538242817,0.0006901385495439172
4695,0.03359999880194664,0.0006905114278197289
4696,-0.011466999538242817,0.0006907024653628469
4697,0.028534000739455223,0.0006909756921231747
4698,-0.011466999538242817,0.0006910394877195358
4699,0.06373400241136551,0.0006913203978911042
4700,0.01360000018030405,0.000691474589984864
4701,0.02346700057387352,0.0006915509584359825
4702,-0.011466999538242817,0.0006916254060342908
4703,0.03866700083017349,0.0006915745907463133
4704,0.028534000739455223,0.0006915105041116476
4705,0.05360100045800209,0.0006914035184308887
4706,-0.026399999856948853,0.0006913430988788605
4707,0.02346700057387352,0.0006912498502060771
4708,0.008533000014722347,0.0006910691736266017
4709,0.03866700083017349,0.0006906768539920449
4710,-0.011466999538242817,0.0006902308668941259
4711,0.02346700057387352,0.0006899444269947708
4712,-0.011466999538242817,0.0006893941899761558
4713,0.02346700057387352,0.000689024047460407
4714,-0.006399999838322401,0.0006885745679028332
4715,0.02346700057387352,0.0006883636233396828
4716,-0.0013330000219866633,0.000687953841406852
4717,0.003467000089585781,0.0006874949904158711
4718,-0.011466999538242817,0.00068697176175192
4719,0.02346700057387352,0.0006865293253213167
4720,-0.02160000056028366,0.0006860485300421715
4721,0.03866700083017349,0.0006859238492324948
4722,-0.031466998159885406,0.0006856810068711638
4723,0.03359999880194664,0.0006855832762084901
4724,-0.016534000635147095,0.000685362727381289
4725,0.01866699941456318,0.0006850078934803605
4726,-0.011466999538242817,0.0006844137678854167
4727,0.03359999880194664,0.0006838178960606456
4728,0.003467000089585781,0.0006830603815615177
4729,0.04853399842977524,0.000682483019772917
4730,-0.011466999538242817,0.0006818371475674212
4731,0.01360000018030405,0.0006811718922108412
4732,-0.03653400018811226,0.000680371536873281
4733,0.04853399842977524,0.0006796442903578281
4734,0.02346700057387352,0.0006791186751797795
4735,0.04853399842977524,0.0006785555742681026
4736,-0.0013330000219866633,0.0006780090043321252
4737,0.043733999133110046,0.000677536940202117
4738,-0.031466998159885406,0.0006768209859728813
4739,0.02346700057387352,0.0006763661513105035
4740,0.01360000018030405,0.0006799947586841881
4741,0.02346700057387352,0.000713376619387418
4742,0.003467000089585781,0.0008219747105613351
4743,0.02346700057387352,0.000951142399571836
4744,-0.03653400018811226,0.0010520704090595245
4745,0.02346700057387352,0.001128129893913865
4746,-0.011466999538242817,0.0011811521835625172
4747,0.02346700057387352,0.0012245350517332554
4748,-0.026399999856948853,0.0012593036517500877
4749,0.04853399842977524,0.0012889484642073512
4750,-0.011466999538242817,0.0013126711128279567
4751,0.04853399842977524,0.001332571031525731
4752,-0.031466998159885406,0.0013483111979439855
4753,0.028534000739455223,0.001363437040708959
4754,-0.016534000635147095,0.0013748315395787358
4755,0.03866700083017349,0.0013849616516381502
4756,-0.02160000056028366,0.0013925577513873577
4757,0.03866700083017349,0.0013987327693030238
4758,0.01360000018030405,0.001402897178195417
4759,0.02346700057387352,0.0014066263101994991
4760,-0.006399999838322401,0.0014090160839259624
4761,0.028534000739455223,0.0014119409024715424
4762,-0.0013330000219866633,0.0014146878384053707
4763,0.04853399842977524,0.0014172454830259085
4764,-0.0013330000219866633,0.0014205038314685225
4765,0.04853399842977524,0.0014237555442377925
4766,-0.011466999538242817,0.0014277063310146332
4767,0.04853399842977524,0.001432253047823906
4768,0.003467000089585781,0.0014366754330694675
4769,0.05866700038313866,0.0014417744241654873
4770,-0.0013330000219866633,0.0014454908668994904
4771,0.06373400241136551,0.0014492393238469958
4772,-0.031466998159885406,0.0014524526195600629
4773,0.02346700057387352,0.0014548558974638581
4774,-0.0013330000219866633,0.0014571138890460134
4775,0.008533000014722347,0.001458871876820922
4776,-0.04160099849104881,0.0014607100747525692
4777,0.02346700057387352,0.0014624801697209477
4778,-0.011466999538242817,0.0014645315241068602
4779,0.05360100045800209,0.001467116642743349
4780,0.008533000014722347,0.0014688895316794515
4781,0.043733999133110046,0.0014707669615745544
4782,-0.02160000056028366,0.0014717167941853404
4783,0.01360000018030405,0.001473103417083621
4784,-0.011466999538242817,0.0014745760709047318
4785,0.02346700057387352,0.001475792028941214
4786,-0.061601001769304276,0.0014764703810214996
4787,0.028534000739455223,0.0014769015833735466
4788,0.03359999880194664,0.0014769122935831547
4789,0.043733999133110046,0.0014767767861485481
4790,-0.026399999856948853,0.0014764255611225963
4791,0.03866700083017349,0.0014759852783754468
4792,-0.016534000635147095,0.0014754753792658448
4793,0.028534000739455223,0.0014750993577763438
4794,-0.006399999838322401,0.0014746347442269325
4795,0.0685340017080307,0.0014745346270501614
4796,0.003467000089585781,0.0014746631495654583
4797,0.03359999880194664,0.0014746778178960085
4798,0.003467000089585781,0.0014747802633792162
4799,0.04853399842977524,0.0014745872467756271
4800,0.028534000739455223,0.0014743036590516567
4801,-0.016534000635147095,0.001474186428822577
4802,-0.011466999538242817,0.0014736467273905873
4803,0.028534000739455223,0.0014733526622876525
4804,-0.006399999838322401,0.0014727446250617504
4805,-0.011466999538242817,0.001472454285249114
4806,-0.02160000056028366,0.0014722166815772653
4807,-0.0013330000219866633,0.0014724086504429579
4808,-0.026399999856948853,0.0014734705910086632
4809,0.028534000739455223,0.0014748997054994106
4810,-0.031466998159885406,0.0014769351109862328
4811,-0.0013330000219866633,0.0014798158081248403
4812,-0.02160000056028366,0.0014823097735643387
4813,0.03359999880194664,0.0014847808051854372
4814,-0.026399999856948853,0.0014869620790705085
4815,0.02346700057387352,0.001488661509938538
4816,-0.05146700143814087,0.0014901794493198395
4817,-0.011466999538242817,0.0014923026319593191
4818,-0.02160000056028366,0.0014954879879951477
4819,0.03359999880194664,0.0014990230556577444
4820,0.003467000089585781,0.001502658473327756
4821,0.043733999133110046,0.0015071516390889883
4822,-0.026399999856948853,0.001513203140348196
4823,0.02346700057387352,0.0015218827174976468
4824,-0.011466999538242817,0.001531047048047185
4825,0.03866700083017349,0.0015395489754155278
4826,-0.006399999838322401,0.0015469228383153677
4827,0.01360000018030405,0.001553995069116354
4828,-0.026399999856948853,0.001561276032589376
4829,0.01866699941456318,0.0015689607243984938
4830,-0.016534000635147095,0.0015774460043758154
4831,0.03866700083017349,0.0015869720373302698
4832,-0.02160000056028366,0.0015979381278157234
4833,0.03359999880194664,0.0016113785095512867
4834,-0.0013330000219866633,0.0016293670050799847
4835,0.03359999880194664,0.001653959508985281
4836,0.008533000014722347,0.001687695737928152
4837,0.03866700083017349,0.0017340871272608638
4838,-0.02160000056028366,0.0017855414189398289
4839,0.01866699941456318,0.0018454144010320306
4840,-0.026399999856948853,0.0019157510250806808
4841,0.028534000739455223,0.001996244303882122
4842,-0.02160000056028366,0.002076877746731043
4843,0.043733999133110046,0.002157054143026471
4844,-0.02160000056028366,0.002237376756966114
4845,0.05360100045800209,0.0023133354261517525
4846,-0.011466999538242817,0.0023797580506652594
4847,0.05360100045800209,0.002439694944769144
4848,-0.02160000056028366,0.002495240420103073
4849,0.03866700083017349,0.0025482794735580683
4850,-0.006399999838322401,0.0026004405226558447
4851,0.05360100045800209,0.0026516916695982218
4852,0.01360000018030405,0.00269521726295352
4853,0.028534000739455223,0.0027331924065947533
4854,-0.011466999538242817,0.0027670308481901884
4855,0.028534000739455223,0.002798141445964575
4856,-0.04160099849104881,0.0028274820651859045
4857,0.04853399842977524,0.0028561013750731945
4858,-0.026399999856948853,0.0028844799380749464
4859,0.03866700083017349,0.0029131793417036533
4860,0.003467000089585781,0.0029425793327391148
4861,0.04853399842977524,0.0029734335839748383
4862,-0.02160000056028366,0.003005674807354808
4863,0.028534000739455223,0.0030400000978261232
4864,-0.02160000056028366,0.0030761563684791327
4865,0.028534000739455223,0.003113360609859228
4866,0.01866699941456318,0.0031486675143241882
4867,0.03866700083017349,0.003181673586368561
4868,-0.011466999538242817,0.0032122102566063404
4869,0.01360000018030405,0.003240445628762245
4870,0.01360000018030405,0.0032667145133018494
4871,0.028534000739455223,0.003291505156084895
4872,0.003467000089585781,0.0033145989291369915
4873,0.05866700038313866,0.003336526919156313
4874,0.01866699941456318,0.003357068169862032
4875,-0.0013330000219866633,0.003376591019332409
4876,-0.0013330000219866633,0.003395580919459462
4877,0.04853399842977524,0.0034141503274440765
4878,-0.006399999838322401,0.003432102268561721
4879,0.06373400241136551,0.0034497794695198536
4880,-0.006399999838322401,0.0034673966001719236
4881,0.028534000739455223,0.0034850467927753925
4882,-0.011466999538242817,0.003503028303384781
4883,0.03359999880194664,0.003521501086652279
4884,-0.011466999538242817,0.0035404034424573183
4885,0.05866700038313866,0.003558522090315819
4886,-0.011466999538242817,0.003574949689209461
4887,0.04853399842977524,0.0035903193056583405
4888,-0.02160000056028366,0.0036044821608811617
4889,0.02346700057387352,0.0036177588626742363
4890,-0.011466999538242817,0.0036301729269325733
4891,0.03359999880194664,0.0036423548590391874
4892,0.003467000089585781,0.0036538299173116684
4893,0.043733999133110046,0.003664926625788212
4894,-0.011466999538242817,0.003675726242363453
4895,0.03866700083017349,0.0036865724250674248
4896,-0.006399999838322401,0.0036973736714571714
4897,0.05360100045800209,0.003708310192450881
4898,-0.03653400018811226,0.0037195535842329264
4899,0.02346700057387352,0.003731423057615757
4900,-0.02160000056028366,0.0037436867132782936
4901,0.028534000739455223,0.003756555262953043
4902,-0.031466998159885406,0.0037698643282055855
4903,-0.006399999838322401,0.003784217406064272
4904,-0.03653400018811226,0.003799236146733165
4905,0.008533000014722347,0.0038153319619596004
4906,-0.0013330000219866633,0.0038322778418660164
4907,0.02346700057387352,0.003850486595183611
4908,-0.0013330000219866633,0.0038698618300259113
4909,-0.0013330000219866633,0.00389034952968359
4910,-0.016534000635147095,0.003910987172275782
4911,0.028534000739455223,0.003932145424187183
4912,-0.03653400018811226,0.003953706007450819
4913,0.01360000018030405,0.0039759911596775055
4914,-0.03653400018811226,0.0039988551288843155
4915,0.03359999880194664,0.004021221771836281
4916,0.01360000018030405,0.004043061286211014
4917,0.043733999133110046,0.004064636770635843
4918,-0.011466999538242817,0.0040856897830963135
4919,0.06373400241136551,0.004106512758880854
4920,-0.0013330000219866633,0.004127190448343754
4921,0.04853399842977524,0.004147830419242382
4922,-0.016534000635147095,0.004168545827269554
4923,0.01360000018030405,0.004189410712569952
4924,-0.0013330000219866633,0.004210229963064194
4925,0.04853399842977524,0.004231378436088562
4926,-0.0013330000219866633,0.004252578131854534
4927,-0.0013330000219866633,0.004273812286555767
4928,-0.006399999838322401,0.0042952592484653
4929,0.05866700038313866,0.004317020066082478
4930,0.008533000014722347,0.004339003935456276
4931,0.028534000739455223,0.004361356608569622
4932,-0.006399999838322401,0.004384005442261696
4933,0.03359999880194664,0.004407015163451433
4934,-0.011466999538242817,0.004430336412042379
4935,0.028534000739455223,0.004453708417713642
4936,-0.011466999538242817,0.004476834554225206
4937,0.0685340017080307,0.004499763250350952
4938,-0.026399999856948853,0.0045224581845104694
4939,0.028534000739455223,0.004545281641185284
4940,-0.03653400018811226,0.0045674629509449005
4941,0.06373400241136551,0.004588443785905838
4942,0.003467000089585781,0.0046082306653261185
4943,0.02346700057387352,0.0046272543258965015
4944,0.003467000089585781,0.004645395092666149
4945,0.05360100045800209,0.00466280709952116
4946,-0.011466999538242817,0.004679619334638119
4947,0.003467000089585781,0.004695795476436615
4948,-0.02160000056028366,0.00471106730401516
4949,0.003467000089585781,0.004725479055196047
4950,-0.016534000635147095,0.004739020019769669
4951,0.04853399842977524,0.004751974251121283
4952,-0.03653400018811226,0.00476441066712141
4953,0.028534000739455223,0.004776256158947945
4954,-0.016534000635147095,0.0047877151519060135
4955,0.02346700057387352,0.004798725247383118
4956,-0.006399999838322401,0.004809550475329161
4957,0.028534000739455223,0.004820230416953564
4958,-0.02160000056028366,0.004830616991966963
4959,0.01360000018030405,0.004840921610593796
4960,-0.011466999538242817,0.004851179197430611
4961,0.008533000014722347,0.004861485678702593
4962,-0.011466999538242817,0.004871642217040062
4963,0.003467000089585781,0.004881464410573244
4964,-0.026399999856948853,0.004890908487141132
4965,0.02346700057387352,0.00489999633282423
4966,0.003467000089585781,0.00490871025249362
4967,-0.0013330000219866633,0.004917198792099953
4968,0.008533000014722347,0.0049255890771746635
4969,0.03359999880194664,0.0049338266253471375
4970,-0.031466998159885406,0.004941781982779503
4971,0.04853399842977524,0.004948807880282402
4972,-0.0013330000219866633,0.004955277778208256
4973,0.043733999133110046,0.004961084574460983
4974,0.01360000018030405,0.004966412670910358
4975,0.028534000739455223,0.004971420392394066
4976,-0.026399999856948853,0.00497581297531724
4977,0.04853399842977524,0.004979613237082958
4978,-0.011466999538242817,0.004983068443834782
4979,0.03866700083017349,0.004985957406461239
4980,-0.026399999856948853,0.0049881525337696075
4981,-0.006399999838322401,0.004990014247596264
4982,-0.011466999538242817,0.004991394467651844
4983,0.043733999133110046,0.0049925437197089195
4984,-0.04160099849104881,0.004993620328605175
4985,0.05360100045800209,0.004994529299438
4986,-0.016534000635147095,0.004995478317141533
4987,0.01360000018030405,0.004996404983103275
4988,-0.006399999838322401,0.004997387528419495
4989,0.05360100045800209,0.004998680204153061
4990,0.008533000014722347,0.005000041797757149
4991,0.03866700083017349,0.005001650657504797
4992,-0.0013330000219866633,0.005003558937460184
4993,0.05360100045800209,0.005005784332752228
4994,0.04853399842977524,0.005008086562156677
4995,0.2338699996471405,0.005010559223592281
4996,0.35413798689842224,0.005008854903280735
4997,0.5896070003509521,0.004977264441549778
4998,0.7248089909553528,0.00487021217122674
4999,0.8698779940605164,0.004742613062262535
5000,0.8800110220909119,0.004643099382519722
5001,1.0053459405899048,0.004568607546389103
5002,1.025346040725708,0.004517124965786934
5003,1.1453479528427124,0.004475277848541737
5004,1.2306820154190063,0.004442218225449324
5005,1.37575101852417,0.004414369352161884
5006,1.416018009185791,0.004392332397401333
5007,1.4909520149230957,0.004374266602098942
5008,1.4960190057754517,0.004360122140496969
5009,1.5610860586166382,0.004346779547631741
5010,1.5560189485549927,0.004337082151323557
5011,1.6213539838790894,0.0043289801105856895
5012,1.5661530494689941,0.004323081579059362
5013,1.636286973953247,0.00431873369961977
5014,1.6261539459228516,0.004316246137022972
5015,1.6664210557937622,0.0043142326176166534
5016,1.6061530113220215,0.004313361831009388
5017,1.6712210178375244,0.004312189295887947
5018,1.57122004032135,0.004310771357268095
5019,1.6312199831008911,0.004309475887566805
5020,1.6061530113220215,0.004306614398956299
5021,1.6213539838790894,0.004303440451622009
5022,1.5661530494689941,0.004298992455005646
5023,1.6312199831008911,0.0042939092963933945
5024,1.5560189485549927,0.0042891232296824455
5025,1.5962870121002197,0.004284324590116739
5026,1.541085958480835,0.004280772991478443
5027,1.5912200212478638,0.004277048632502556
5028,1.57122004032135,0.004273833241313696
5029,1.6061530113220215,0.004272177815437317
5030,1.536018967628479,0.004270489327609539
5031,1.5762859582901,0.004269320052117109
5032,1.536018967628479,0.004267945419996977
5033,1.5512189865112305,0.004266568459570408
5034,1.5010850429534912,0.004264858551323414
5035,1.5261520147323608,0.00426325760781765
5036,1.4861520528793335,0.0042618983425199986
5037,1.536018967628479,0.0042603942565619946
5038,1.4861520528793335,0.004259665030986071
5039,1.5109519958496094,0.004258476197719574
5040,1.4861520528793335,0.004257183521986008
5041,1.536018967628479,0.004256244748830795
5042,1.4861520528793335,0.004255368839949369
5043,1.5210859775543213,0.004254602361470461
5044,1.5160189867019653,0.004254275467246771
5045,1.4960190057754517,0.0042541068978607655
5046,1.481084942817688,0.004254070110619068
5047,1.541085958480835,0.00425401097163558
5048,1.4909520149230957,0.004253774881362915
5049,1.536018967628479,0.0042536030523478985
5050,1.5010850429534912,0.004253069404512644
5051,1.5512189865112305,0.004252489656209946
5052,1.5109519958496094,0.004251529462635517
5053,1.5312190055847168,0.00425078347325325
5054,1.5061520338058472,0.00424987031146884
5055,1.5210859775543213,0.00424918532371521
5056,1.5061520338058472,0.004248558543622494
5057,1.5109519958496094,0.00424767192453146
5058,1.5061520338058472,0.004247095435857773
5059,1.546152949333191,0.00424627959728241
5060,1.5160189867019653,0.004245535470545292
5061,1.5762859582901,0.004244603682309389
5062,1.5160189867019653,0.004243465606123209
5063,1.5610860586166382,0.0042418185621500015
5064,1.5160189867019653,0.00423934031277895
5065,1.5560189485549927,0.004236660432070494
5066,1.5160189867019653,0.0042331768199801445
5067,1.541085958480835,0.004228904377669096
5068,1.5312190055847168,0.00422488572075963
5069,1.541085958480835,0.004220937844365835
5070,1.5061520338058472,0.0042173536494374275
5071,1.5610860586166382,0.004214303568005562
5072,1.5160189867019653,0.004211402963846922
5073,1.5810860395431519,0.004207953345030546
5074,1.5160189867019653,0.004203181713819504
5075,1.5661530494689941,0.004198486916720867
5076,1.5560189485549927,0.004193922039121389
5077,1.5661530494689941,0.004188558552414179
5078,1.5261520147323608,0.004181662108749151
5079,1.3557499647140503,0.004172470886260271
5080,0.714676022529602,0.004163151606917381
5081,0.3192040026187897,0.004154731519520283
5082,0.02346700057387352,0.0041471002623438835
5083,-0.21680299937725067,0.004139604978263378
5084,-0.3672049939632416,0.004131515510380268
5085,-0.4522719979286194,0.004122684709727764
5086,-0.597341001033783,0.004112886264920235
5087,-0.7728099822998047,0.004102013073861599
5088,-1.0632129907608032,0.004089640453457832
5089,-1.238415002822876,0.00407474534586072
5090,-1.4738850593566895,0.004055262543261051
5091,-1.5341529846191406,0.0040292926132678986
5092,-1.6541539430618286,0.00399398896843195
5093,-1.6642869710922241,0.003946110140532255
5094,-1.714421033859253,0.0038930419832468033
5095,-1.7042880058288574,0.0038317195139825344
5096,-1.7794890403747559,0.0037598342169076204
5097,-1.7544219493865967,0.003677927888929844
5098,-1.8394900560379028,0.003595988266170025
5099,-1.8296229839324951,0.0035146991722285748
5100,-1.8594900369644165,0.003433024510741234
5101,-1.8045560121536255,0.003355697263032198
5102,-1.8344229459762573,0.0032877661287784576
5103,-1.8045560121536255,0.003226517466828227
5104,-1.7994890213012695,0.003169536590576172
5105,-1.7744220495224,0.0031151212751865387
5106,-1.7493549585342407,0.003061512252315879
5107,-1.6992210149765015,0.0030090780928730965
5108,-1.7442879676818848,0.0029642863664776087
5109,-1.6741540431976318,0.0029253889806568623
5110,-1.714421033859253,0.0028907759115099907
5111,-1.6493539810180664,0.0028589661233127117
5112,-1.6642869710922241,0.002828822238370776
5113,-1.6040199995040894,0.00279986672103405
5114,-1.6741540431976318,0.0027707873377949
5115,-1.569085955619812,0.002741267904639244
5116,-1.6192200183868408,0.0027109766378998756
5117,-1.629086971282959,0.0026793191209435463
5118,-1.629086971282959,0.0026460590306669474
5119,-1.5941530466079712,0.002611276926472783
5120,-1.6392199993133545,0.0025746275205165148
5121,-1.6141539812088013,0.0025366423651576042
5122,-1.629086971282959,0.002500255359336734
5123,-1.5840200185775757,0.002466235775500536
5124,-1.5941530466079712,0.002434713067486882
5125,-1.5341529846191406,0.0024054953828454018
5126,-1.6090869903564453,0.002377705182880163
5127,-1.569085955619812,0.0023512719199061394
5128,-1.5890870094299316,0.0023262558970600367
5129,-1.574152946472168,0.0023024838883429766
5130,-1.5992200374603271,0.0022798802237957716
5131,-1.5941530466079712,0.002258352469652891
5132,-1.5941530466079712,0.0022372177336364985
5133,-1.569085955619812,0.002216573338955641
5134,-1.6040199995040894,0.0021965191699564457
5135,-1.5490859746932983,0.002176789566874504
5136,-1.6141539812088013,0.0021574199199676514
5137,-1.558953046798706,0.0021380570251494646
5138,-1.6090869903564453,0.00211877329275012
5139,-1.5541529655456543,0.002099602948874235
5140,-1.5890870094299316,0.0020801550708711147
5141,-1.564020037651062,0.002061964478343725
5142,-1.6242870092391968,0.0020459892693907022
5143,-1.558953046798706,0.0020317798480391502
5144,-1.6192200183868408,0.0020187650807201862
5145,-1.564020037651062,0.002006521914154291
5146,-1.6392199993133545,0.001994597725570202
5147,-1.558953046798706,0.001983229536563158
5148,-1.629086971282959,0.001972517464309931
5149,-1.558953046798706,0.0019625378772616386
5150,-1.6040199995040894,0.0019529281416907907
5151,-1.558953046798706,0.001943447976373136
5152,-1.6192200183868408,0.0019337139092385769
5153,-1.5840200185775757,0.0019239297835156322
5154,-1.6392199993133545,0.0019142222590744495
5155,-1.5440189838409424,0.0019045149674639106
5156,-1.6242870092391968,0.0018942550523206592
5157,-1.564020037651062,0.0018835589289665222
5158,-1.6442869901657104,0.001872561639174819
5159,-1.5541529655456543,0.0018606747034937143
5160,-1.6040199995040894,0.0018479058053344488
5161,-1.558953046798706,0.001834276830777526
5162,-1.5992200374603271,0.0018198011675849557
5163,-1.569085955619812,0.001804235391318798
5164,-1.6141539812088013,0.0017874042969197035
5165,-1.5792200565338135,0.0017696761060506105
5166,-1.634153962135315,0.0017515402287244797
5167,-1.5792200565338135,0.0017326225060969591
5168,-1.5792200565338135,0.0017130255000665784
5169,-1.5389529466629028,0.0016928878612816334
5170,-1.6040199995040894,0.0016719985287636518
5171,-1.564020037651062,0.0016515515744686127
5172,-1.5890870094299316,0.0016314741224050522
5173,-1.2085479497909546,0.001611793995834887
5174,-0.637607991695404,0.00159228197298944
5175,-0.23680299520492554,0.0015726882265880704
5176,-0.016534000635147095,0.0015530409291386604
5177,0.26906999945640564,0.0015332510229200125
5178,0.33413800597190857,0.0015135747380554676
5179,0.4893389940261841,0.0014940847177058458
5180,0.6194739937782288,0.0014748100657016039
5181,0.8600109815597534,0.001455932972021401
5182,1.0802799463272095,0.0014373358571901917
5183,1.3258830308914185,0.0014190904330462217
5184,1.4410849809646606,0.0014012574683874846
5185,1.57122004032135,0.0013835844583809376
5186,1.5861530303955078,0.0013657426461577415
5187,1.68135404586792,0.0013475283049046993
5188,1.6762880086898804,0.0013286690227687359
5189,1.7064210176467896,0.0013092795852571726
5190,1.6914880275726318,0.0012893567327409983
5191,1.7714890241622925,0.0012694511096924543
5192,1.801622986793518,0.0012497830903157592
5193,1.8416229486465454,0.0012303979601711035
5194,1.7464220523834229,0.0012114426353946328
5195,1.801622986793518,0.0011922545963898301
5196,1.7314879894256592,0.0011732503771781921
5197,1.7664220333099365,0.0011549405753612518
5198,1.6914880275726318,0.001137496903538704
5199,1.7114880084991455,0.0011210701195523143
5200,1.641353964805603,0.0011057290248572826
5201,1.641353964805603,0.0010916562750935555
5202,1.6061530113220215,0.0010777250863611698
5203,1.6261539459228516,0.001064127660356462
5204,1.5762859582901,0.0010512841399759054
5205,1.5861530303955078,0.0010393135016784072
5206,1.5762859582901,0.001028159400448203
5207,1.5762859582901,0.0010176876094192266
5208,1.481084942817688,0.0010078286286443472
5209,1.5861530303955078,0.0009984601056203246
5210,1.5061520338058472,0.0009895003167912364
5211,1.5210859775543213,0.0009808281902223825
5212,1.5010850429534912,0.0009724103147163987
5213,1.5512189865112305,0.0009643096709623933
5214,1.4909520149230957,0.0009564132196828723
5215,1.5512189865112305,0.0009487346978858113
5216,1.5160189867019653,0.0009411491919308901
5217,1.541085958480835,0.0009335826034657657
5218,1.4960190057754517,0.0009261011146008968
5219,1.5610860586166382,0.0009190618875436485
5220,1.4909520149230957,0.0009124010102823377
5221,1.5610860586166382,0.0009061694145202637
5222,1.476017951965332,0.0009002829901874065
5223,1.541085958480835,0.0008946584421209991
5224,1.4909520149230957,0.0008891630568541586
5225,1.5261520147323608,0.0008838244248181581
5226,1.5261520147323608,0.0008788317791186273
5227,1.5312190055847168,0.0008746699895709753
5228,1.5010850429534912,0.0008712172275409102
5229,1.546152949333191,0.0008683937485329807
5230,1.5010850429534912,0.0008661069441586733
5231,1.5109519958496094,0.0008642554166726768
5232,1.5010850429534912,0.0008631926029920578
5233,1.536018967628479,0.0008629695512354374
5234,1.4909520149230957,0.0008635164704173803
5235,1.5261520147323608,0.0008650427917018533
5236,1.481084942817688,0.0008677126606926322
5237,1.541085958480835,0.0008710747351869941
5238,1.4909520149230957,0.000875087920576334
5239,1.5312190055847168,0.0008797913324087858
5240,1.5010850429534912,0.0008853396284393966
5241,1.5109519958496094,0.0008917982340790331
5242,1.4960190057754517,0.0008981836144812405
5243,1.5610860586166382,0.0009044198086485267
5244,1.5160189867019653,0.0009107201476581395
5245,1.541085958480835,0.0009172392310574651
5246,1.4960190057754517,0.0009240200743079185
5247,1.536018967628479,0.0009311550529673696
5248,1.5210859775543213,0.0009382326970808208
5249,1.536018967628479,0.0009448890341445804
5250,1.5061520338058472,0.0009515560232102871
5251,1.5312190055847168,0.0009583872742950916
5252,1.5109519958496094,0.0009648529812693596
5253,1.546152949333191,0.0009711019229143858
5254,1.5010850429534912,0.000977230491116643
5255,1.541085958480835,0.0009830843191593885
5256,1.5061520338058472,0.0009888254571706057
5257,1.5762859582901,0.0009946099016815424
5258,1.4960190057754517,0.0010007234523072839
5259,1.541085958480835,0.0010064454982057214
5260,1.546152949333191,0.0010111095616593957
5261,1.5610860586166382,0.0010144682601094246
5262,1.5160189867019653,0.0010167707223445177
5263,1.536018967628479,0.0010181476827710867
5264,1.5312190055847168,0.0010187672451138496
5265,1.5512189865112305,0.0010189295280724764
5266,1.4360179901123047,0.0010189777240157127
5267,1.0402799844741821,0.0010188091546297073
5268,0.44933900237083435,0.001018613576889038
5269,0.18880200386047363,0.0010183447739109397
5270,-0.12666800618171692,0.001017421716824174
5271,-0.27680298686027527,0.00101610051933676
5272,-0.40213799476623535,0.0010143916588276625
5273,-0.5122730135917664,0.0010124880354851484
5274,-0.7376090288162231,0.001010571955703199
5275,-0.9480119943618774,0.0010089026764035225
5276,-1.2634819746017456,0.0010078774066641927
5277,-1.3637499809265137,0.0010072351433336735
5278,-1.558953046798706,0.001007050508633256
5279,-1.634153962135315,0.0010070912539958954
5280,-1.7042880058288574,0.0010069364216178656
5281,-1.7493549585342407,0.001006199512630701
5282,-1.8144229650497437,0.0010054772719740868
5283,-1.7794890403747559,0.0010049599222838879
5284,-1.8245559930801392,0.0010043203365057707
5285,-1.8096230030059814,0.0010031990241259336
5286,-1.8696229457855225,0.0010020704939961433
5287,-1.8245559930801392,0.0010011112317442894
5288,-1.889623999595642,0.0010001775808632374
5289,-1.8296229839324951,0.0009993778076022863
5290,-1.8496229648590088,0.0009983713971450925
5291,-1.7794890403747559,0.0009968148078769445
5292,-1.7845560312271118,0.0009956246940419078
5293,-1.7544219493865967,0.0009945755591616035
5294,-1.7594890594482422,0.0009935257257893682
5295,-1.7042880058288574,0.0009927600622177124
5296,-1.7042880058288574,0.000992104527540505
5297,-1.634153962135315,0.0009916381677612662
5298,-1.3136160373687744,0.0009918512078002095
5299,-0.6176080107688904,0.0009924699552357197
5300,-0.2818700075149536,0.0009929744992405176
5301,-0.016534000635147095,0.0009933770634233952
5302,0.14373500645160675,0.0009935623966157436
5303,0.3040040135383606,0.0009936499409377575
5304,0.40933799743652344,0.000993678579106927
5305,0.6245409846305847,0.0009938001167029142
5306,0.8048099875450134,0.0009942613542079926
5307,1.0802799463272095,0.0009948810329660773
5308,1.2605489492416382,0.0009955433197319508
5309,1.4861520528793335,0.0009963742922991514
5310,1.5160189867019653,0.000997105031274259
5311,1.6712210178375244,0.0009976730216294527
5312,1.6914880275726318,0.0009982411283999681
5313,1.7365549802780151,0.000999043695628643
5314,1.70135498046875,0.001000074204057455
5315,1.7365549802780151,0.00100093730725348
5316,1.7264219522476196,0.001001657685264945
5317,1.8114889860153198,0.0010024517541751266
5318,1.801622986793518,0.0010036211460828781
5319,1.8114889860153198,0.0010048076510429382
5320,1.7413549423217773,0.001005818834528327
5321,1.781622052192688,0.00100688764359802
5322,1.7162879705429077,0.0010081238579005003
5323,1.7464220523834229,0.0010090882424265146
5324,1.6664210557937622,0.0010099461069330573
5325,1.7114880084991455,0.0010109709110110998
5326,1.641353964805603,0.001012261025607586
5327,1.646420955657959,0.0010136355413123965
5328,1.5762859582901,0.001015577232465148
5329,1.4309509992599487,0.0010178331285715103
5330,0.7698760032653809,0.0010201642289757729
5331,0.40933799743652344,0.001021994510665536
5332,0.05866700038313866,0.0010229506297037005
5333,-0.1717350035905838,0.0010232964996248484
5334,-0.37200498580932617,0.0010231018532067537
5335,-0.48720601201057434,0.0010222294367849827
5336,-0.6274750232696533,0.001020629657432437
5337,-0.7877429723739624,0.0010187177686020732
5338,-1.1282809972763062,0.0010169559391215444
5339,-1.2736159563064575,0.0010154284536838531
5340,-1.5189520120620728,0.001014240551739931
5341,-1.5890870094299316,0.0010134301846846938
5342,-1.714421033859253,0.0010128122521564364
5343,-1.714421033859253,0.0010123688261955976
5344,-1.7744220495224,0.0010119876824319363
5345,-1.7642890214920044,0.0010116235353052616
5346,-1.8194890022277832,0.0010112165473401546
5347,-1.7994890213012695,0.0010107827838510275
5348,-1.8696229457855225,0.001010288018733263
5349,-1.8296229839324951,0.0010097501799464226
5350,-1.8845570087432861,0.0010091420263051987
5351,-1.8296229839324951,0.0010084995301440358
5352,-1.8645570278167725,0.0010078265331685543
5353,-1.789355993270874,0.001007123850286007
5354,-1.789355993270874,0.0010064292000606656
5355,-1.7642890214920044,0.0010057615581899881
5356,-1.7493549585342407,0.0010051665594801307
5357,-1.6893539428710938,0.0010046272072941065
5358,-1.724287986755371,0.0010042417561635375
5359,-1.6592210531234741,0.0010040925117209554
5360,-1.5389529466629028,0.0010043231304734945
5361,-0.9280120134353638,0.001005023019388318
5362,-0.4522719979286194,0.001005910336971283
5363,-0.14666900038719177,0.0010068295523524284
5364,0.10373499989509583,0.0010074481833726168
5365,0.2640030086040497,0.0010075020836666226
5366,0.33920401334762573,0.0010072345612570643
5367,0.5194730162620544,0.00100714189466089
5368,0.6546750068664551,0.0010069599375128746
5369,0.9952120184898376,0.00100618414580822
5370,1.2106820344924927,0.001005461672320962
5371,1.4258840084075928,0.001004938269034028
5372,1.5061520338058472,0.001004515215754509
5373,1.6162869930267334,0.0010042669018730521
5374,1.6562869548797607,0.0010044070659205317
5375,1.7213549613952637,0.0010041412897408009
5376,1.7162879705429077,0.0010038507170975208
5377,1.7314879894256592,0.0010033779544755816
5378,1.70135498046875,0.0010034146253019571
5379,1.781622052192688,0.0010033475700765848
5380,1.7714890241622925,0.0010031484998762608
5381,1.796555995941162,0.0010030071716755629
5382,1.7314879894256592,0.0010031709680333734
5383,1.781622052192688,0.001004209159873426
5384,1.7264219522476196,0.0010049240663647652
5385,1.7464220523834229,0.0010058814659714699
5386,1.636286973953247,0.0010069606360048056
5387,1.6562869548797607,0.001007676124572754
5388,1.6061530113220215,0.0010089793941006064
5389,1.6213539838790894,0.0010105592664331198
5390,1.5610860586166382,0.0010124536929652095
5391,1.5762859582901,0.0010148466099053621
5392,1.541085958480835,0.001017376547679305
5393,1.5762859582901,0.001019912539049983
5394,1.5261520147323608,0.0010223767021670938
5395,1.5861530303955078,0.0010247966274619102
5396,1.5312190055847168,0.0010276337852701545
5397,1.5512189865112305,0.0010295643005520105
5398,1.5160189867019653,0.0010308590717613697
5399,1.5061520338058472,0.001032171305269003
5400,1.481084942817688,0.0010341585148125887
5401,1.541085958480835,0.0010361397871747613
5402,1.4909520149230957,0.001037909067235887
5403,1.5261520147323608,0.0010394854471087456
5404,1.4509509801864624,0.001041191746480763
5405,1.536018967628479,0.0010434256400913
5406,1.5160189867019653,0.0010453350841999054
5407,1.5560189485549927,0.0010473192669451237
5408,1.5010850429534912,0.0010491325519979
5409,1.541085958480835,0.001051044324412942
5410,1.4909520149230957,0.0010531482985243201
5411,1.5160189867019653,0.0010547969723120332
5412,1.4909520149230957,0.0010570880258455873
5413,1.546152949333191,0.0010592571925371885
5414,1.5010850429534912,0.0010601826943457127
5415,1.5610860586166382,0.0010610795579850674
5416,1.5312190055847168,0.0010624612914398313
5417,1.5861530303955078,0.0010637788800522685
5418,1.5109519958496094,0.0010647231247276068
5419,1.5610860586166382,0.0010649440810084343
5420,1.5109519958496094,0.0010647233575582504
5421,1.5610860586166382,0.001064123003743589
5422,1.4909520149230957,0.0010638944804668427
5423,1.1656149625778198,0.00106338772457093
5424,0.5245400071144104,0.0010622590780258179
5425,0.25387001037597656,0.0010610672179609537
5426,-0.05146700143814087,0.0010597637156024575
5427,-0.22186900675296783,0.0010589843150228262
5428,-0.39200499653816223,0.0010587489232420921
5429,-0.48720601201057434,0.0010590238962322474
5430,-0.6725419759750366,0.0010599567322060466
5431,-0.8778780102729797,0.0010615107603371143
5432,-1.1634809970855713,0.0010636008810251951
5433,-1.34375,0.0010660220868885517
5434,-1.5490859746932983,0.0010683611035346985
5435,-1.6242870092391968,0.001070466823875904
5436,-1.714421033859253,0.001072203041985631
5437,-1.734421968460083,0.0010734258685261011
5438,-1.8045560121536255,0.0010741824517026544
5439,-1.7744220495224,0.0010743931634351611
5440,-1.8296229839324951,0.0010739155113697052
5441,-1.8296229839324951,0.001072973245754838
5442,-1.889623999595642,0.0010718205012381077
5443,-1.8794900178909302,0.0010705344611778855
5444,-1.9045569896697998,0.0010692799696698785
5445,-1.8496229648590088,0.0010679163970053196
5446,-1.8794900178909302,0.0010665141744539142
5447,-1.7994890213012695,0.00106474244967103
5448,-1.8394900560379028,0.0010627377778291702
5449,-1.7845560312271118,0.001060175709426403
5450,-1.7744220495224,0.0010566340060904622
5451,-1.7442879676818848,0.0010530354920774698
5452,-1.729354977607727,0.0010498346528038383
5453,-1.6741540431976318,0.0010469697881489992
5454,-1.4538849592208862,0.0010445913067087531
5455,-0.8026769757270813,0.0010424981592223048
5456,-0.37200498580932617,0.0010400506434962153
5457,-0.06666799634695053,0.001036691595800221
5458,0.11866799741983414,0.0010335668921470642
5459,0.29893699288368225,0.0010307467309758067
5460,0.36907100677490234,0.001027862075716257
5461,0.5994740128517151,0.0010246356250718236
5462,0.7648100256919861,0.0010211600456386805
5463,1.0552129745483398,0.0010175717761740088
5464,1.255748987197876,0.0010138171492144465
5465,1.476017951965332,0.00101005332544446
5466,1.5109519958496094,0.0010062394430860877
5467,1.6261539459228516,0.001002495875582099
5468,1.6562869548797607,0.000998761272057891
5469,1.7114880084991455,0.0009950610110536218
5470,1.7264219522476196,0.0009913579560816288
5471,1.7464220523834229,0.0009876342955976725
5472,1.7413549423217773,0.0009838843252509832
5473,1.8114889860153198,0.0009801354026421905
5474,1.781622052192688,0.0009763302514329553
5475,1.8416229486465454,0.0009725263225845993
5476,1.7765560150146484,0.0009686553385108709
5477,1.7765560150146484,0.0009647642727941275
5478,1.70135498046875,0.0009607856627553701
5479,1.70135498046875,0.0009567666565999389
5480,1.6512210369110107,0.0009528286755084991
5481,1.6864210367202759,0.0009490732336416841
5482,1.6312199831008911,0.0009456006810069084
5483,1.6712210178375244,0.000942605547606945
5484,1.5912200212478638,0.000940031954087317
5485,1.476017951965332,0.0009376732632517815
5486,0.8850780129432678,0.0009354370995424688
5487,0.3890720009803772,0.0009330151369795203
5488,0.07360100001096725,0.0009305232670158148
5489,-0.1568019986152649,0.0009273520554415882
5490,-0.34693801403045654,0.0009235732723027468
5491,-0.41707199811935425,0.0009194103768095374
5492,-0.6176080107688904,0.0009150940459221601
5493,-0.7778760194778442,0.0009106880752369761
5494,-1.0381460189819336,0.0009062507888302207
5495,-1.243481993675232,0.0009006080799736083
5496,-1.4738850593566895,0.0008941992418840528
5497,-1.629086971282959,0.0008866541320458055
5498,-1.7093549966812134,0.0008789612911641598
5499,-1.6842880249023438,0.0008709339890629053
5500,-1.789355993270874,0.0008629101794213057
5501,-1.789355993270874,0.0008543474832549691
5502,-1.8344229459762573,0.000845376867800951
5503,-1.8096230030059814,0.0008359699859283864
5504,-1.874690055847168,0.0008264117641374469
5505,-1.8445559740066528,0.0008170839282684028
5506,-1.9096239805221558,0.0008075886289589107
5507,-1.8394900560379028,0.0007978833746165037
5508,-1.8496229648590088,0.0007884233491495252
5509,-1.7744220495224,0.0007790960371494293
5510,-1.7845560312271118,0.0007703332230448723
5511,-1.7594890594482422,0.0007614950882270932
5512,-1.7493549585342407,0.0007530846633017063
5513,-1.6893539428710938,0.0007443972281180322
5514,-1.724287986755371,0.0007354588597081602
5515,-1.66935396194458,0.0007269844645634294
5516,-1.6893539428710938,0.000719306175597012
5517,-1.6642869710922241,0.0007129065925255418
5518,-1.6893539428710938,0.0007072703447192907
5519,-1.6242870092391968,0.0007024409133009613
5520,-1.6842880249023438,0.0006983199855312705
5521,-1.6090869903564453,0.0006945172790437937
5522,-1.6040199995040894,0.0006906684720888734
5523,-1.5541529655456543,0.0006869449280202389
5524,-1.6242870092391968,0.0006832435028627515
5525,-1.5792200565338135,0.0006796318339183927
5526,-1.6040199995040894,0.0006765999714843929
5527,-1.558953046798706,0.0006740796379745007
5528,-1.5941530466079712,0.0006719277007505298
5529,-1.569085955619812,0.0006700316444039345
5530,-1.6141539812088013,0.0006683325627818704
5531,-1.569085955619812,0.0006667158449999988
5532,-1.6141539812088013,0.0006651556468568742
5533,-1.5389529466629028,0.0006636070902459323
5534,-1.6040199995040894,0.0006620860076509416
5535,-1.5389529466629028,0.0006605688249692321
5536,-1.6242870092391968,0.000659048673696816
5537,-1.5389529466629028,0.0006574974395334721
5538,-1.5890870094299316,0.000655954354442656
5539,-1.558953046798706,0.0006544042844325304
5540,-1.5941530466079712,0.0006528644589707255
5541,-1.5541529655456543,0.0006512966938316822
5542,-1.5792200565338135,0.0006497680442407727
5543,-1.5541529655456543,0.0006482441676780581
5544,-1.5890870094299316,0.0006467720959335566
5545,-1.5389529466629028,0.0006453330861404538
5546,-1.558953046798706,0.0006439561257138848
5547,-1.5792200565338135,0.0006426387699320912
5548,-1.5941530466079712,0.0006413855007849634
5549,-1.564020037651062,0.0006401533028110862
5550,-1.629086971282959,0.0006389354239217937
5551,-1.5792200565338135,0.0006376017117872834
5552,-1.5890870094299316,0.0006360469851642847
5553,-1.569085955619812,0.000634355004876852
5554,-1.5992200374603271,0.000632324954494834
5555,-1.574152946472168,0.0006299474043771625
5556,-1.5890870094299316,0.0006276126950979233
5557,-1.5792200565338135,0.0006253645988181233
5558,-1.6442869901657104,0.0006233617896214128
5559,-1.569085955619812,0.0006216363981366158
5560,-1.6040199995040894,0.000620042672380805
5561,-1.574152946472168,0.0006183519144542515
5562,-1.6392199993133545,0.000616367906332016
5563,-1.5792200565338135,0.0006141994381323457
5564,-1.5992200374603271,0.0006120729958638549
5565,-1.569085955619812,0.0006098306621424854
5566,-1.6141539812088013,0.0006077595753595233
5567,-1.574152946472168,0.0006059268489480019
5568,-1.6141539812088013,0.0006041728192940354
5569,-1.5792200565338135,0.0006022154120728374
5570,-1.6242870092391968,0.0006000764551572502
5571,-1.5792200565338135,0.0005980909336358309
5572,-1.5992200374603271,0.0005962527357041836
5573,-1.5840200185775757,0.0005942974239587784
5574,-1.5992200374603271,0.0005919771501794457
5575,-1.558953046798706,0.0005896184011362493
5576,-1.5941530466079712,0.0005874498165212572
5577,-1.574152946472168,0.0005851938622072339
5578,-1.6040199995040894,0.0005827801069244742
5579,-1.558953046798706,0.0005806031986139715
5580,-1.6040199995040894,0.0005785368266515434
5581,-1.5792200565338135,0.0005762886139564216
5582,-1.6040199995040894,0.0005737942410632968
5583,-1.569085955619812,0.0005712091806344688
5584,-1.6040199995040894,0.0005680756876245141
5585,-1.5490859746932983,0.0005646499339491129
5586,-1.5992200374603271,0.0005611623637378216
5587,-1.5992200374603271,0.0005581371369771659
5588,-1.629086971282959,0.0005558084230870008
5589,-1.558953046798706,0.0005539831472560763
5590,-1.6242870092391968,0.0005525995511561632
5591,-1.6090869903564453,0.0005516153178177774
5592,-1.6192200183868408,0.0005509303300641477
5593,-1.558953046798706,0.0005504287546500564
5594,-1.6141539812088013,0.0005500413826666772
5595,-1.569085955619812,0.0005496795056387782
5596,-1.5941530466079712,0.0005493212956935167
5597,-1.5992200374603271,0.0005489414324983954
5598,-1.634153962135315,0.000548546202480793
5599,-1.5840200185775757,0.0005481225671246648
5600,-1.6242870092391968,0.0005476903170347214
5601,-1.6090869903564453,0.000547232513781637
5602,-1.6192200183868408,0.0005467780865728855
5603,-1.5792200565338135,0.0005463020643219352
5604,-1.6392199993133545,0.0005458437371999025
5605,-1.569085955619812,0.0005453785415738821
5606,-1.6493539810180664,0.0005449504824355245
5607,-1.5792200565338135,0.0005445267306640744
5608,-1.6040199995040894,0.0005441303947009146
5609,-1.558953046798706,0.0005437535000964999
5610,-1.629086971282959,0.0005433834157884121
5611,-1.569085955619812,0.0005429887096397579
5612,-1.6040199995040894,0.0005425409181043506
5613,-1.5941530466079712,0.0005420324159786105
5614,-1.6392199993133545,0.0005413838662207127
5615,-1.5792200565338135,0.0005404858384281397
5616,-1.6242870092391968,0.0005392202292568982
5617,-1.5792200565338135,0.0005374712054617703
5618,-1.5992200374603271,0.000535513274371624
5619,-1.5840200185775757,0.0005334006855264306
5620,-1.6090869903564453,0.0005314104491844773
5621,-1.5490859746932983,0.0005297359894029796
5622,-1.6141539812088013,0.0005281254416331649
5623,-1.5541529655456543,0.0005262548802420497
5624,-1.5941530466079712,0.0005244504427537322
5625,-1.5792200565338135,0.0005230780225247145
5626,-1.634153962135315,0.0005220705643296242
5627,-1.5992200374603271,0.0005210372619330883
5628,-1.6392199993133545,0.0005198655417189002
5629,-1.5890870094299316,0.0005187458591535687
5630,-1.6040199995040894,0.0005172131350263953
5631,-1.5792200565338135,0.0005157636478543282
5632,-1.6242870092391968,0.0005140352295711637
5633,-1.558953046798706,0.0005126536125317216
5634,-1.6493539810180664,0.0005110553465783596
5635,-1.5992200374603271,0.0005095592932775617
5636,-1.6442869901657104,0.000507946009747684
5637,-1.5840200185775757,0.0005060279509052634
5638,-1.6242870092391968,0.0005043018609285355
5639,-1.5792200565338135,0.0005025403806939721
5640,-1.6141539812088013,0.0005018013762310147
5641,-1.5840200185775757,0.0005009744199924171
5642,-1.629086971282959,0.0004997655050829053
5643,-1.5840200185775757,0.0004989771987311542
5644,-1.5992200374603271,0.0004985947161912918
5645,-1.564020037651062,0.0004982296377420425
5646,-1.6192200183868408,0.0004973154282197356
5647,-1.5840200185775757,0.000496113090775907
5648,-1.5792200565338135,0.0004940385115332901
5649,-1.569085955619812,0.0004909962881356478
5650,-1.6040199995040894,0.0004874223959632218
5651,-1.5840200185775757,0.0004835969884879887
5652,-1.6392199993133545,0.00047902567894198
5653,-1.558953046798706,0.0004752989043481648
5654,-1.6040199995040894,0.0004714973329100758
5655,-1.558953046798706,0.00046771205961704254
5656,-1.6040199995040894,0.00046304427087306976
5657,-1.569085955619812,0.00045881784171797335
5658,-1.6192200183868408,0.0004551625461317599
5659,-1.569085955619812,0.00045186514034867287
5660,-1.6040199995040894,0.0004484015516936779
5661,-1.574152946472168,0.0004438561445567757
5662,-1.6242870092391968,0.00043947278754785657
5663,-1.5992200374603271,0.00043491777614690363
5664,-1.6090869903564453,0.00043032068060711026
5665,-1.5840200185775757,0.00042551272781565785
5666,-1.5941530466079712,0.0004200553521513939
5667,-1.569085955619812,0.00041437248000875115
5668,-1.5890870094299316,0.00040791925857774913
5669,-1.569085955619812,0.0004012730496469885
5670,-1.6090869903564453,0.00039535845280624926
5671,-1.5490859746932983,0.00038962438702583313
5672,-1.6090869903564453,0.00038343403139151633
5673,-1.5541529655456543,0.00037743919529020786
5674,-1.634153962135315,0.0003716029750648886
5675,-1.569085955619812,0.00036651259870268404
5676,-1.6392199993133545,0.00036177621223032475
5677,-1.5890870094299316,0.00035728412331081927
5678,-1.629086971282959,0.00035235309042036533
5679,-1.5541529655456543,0.00034800442517735064
5680,-1.6141539812088013,0.0003443947061896324
5681,-1.5840200185775757,0.00034081368357874453
5682,-1.6242870092391968,0.00033742692903615534
5683,-1.5840200185775757,0.00033371607423759997
5684,-1.6141539812088013,0.00032959674717858434
5685,-1.574152946472168,0.0003250116133131087
5686,-1.629086971282959,0.0003198400663677603
5687,-1.5792200565338135,0.0003142699715681374
5688,-1.629086971282959,0.0003084113704971969
5689,-1.5840200185775757,0.00030244444496929646
5690,-1.6040199995040894,0.0002964490558952093
5691,-1.5941530466079712,0.0002904391731135547
5692,-1.6392199993133545,0.000284465029835701
5693,-1.5890870094299316,0.00027854013023898005
5694,-1.634153962135315,0.00027274579042568803
5695,-1.6040199995040894,0.00026709423400461674
5696,-1.6242870092391968,0.0002615888079162687
5697,-1.564020037651062,0.00025623547844588757
5698,-1.629086971282959,0.00025109731359407306
5699,-1.5792200565338135,0.00024621616466902196
5700,-1.629086971282959,0.00024168062373064458
5701,-1.5840200185775757,0.000237530330196023
5702,-1.6040199995040894,0.00023390701971948147
5703,-1.569085955619812,0.00023083994165062904
5704,-1.403751015663147,0.00022842184989713132
5705,-0.7277420163154602,0.00022632512263953686
5706,-0.33200401067733765,0.0002247147203888744
5707,-0.06666799634695053,0.0002232968545285985
5708,0.15893499553203583,0.00022187511785887182
5709,0.3040040135383606,0.00022032314154785126
5710,0.3741379976272583,0.00021831592312082648
5711,0.5696070194244385,0.0002158398274332285
5712,0.7546759843826294,0.00021342578111216426
5713,1.0453460216522217,0.00021139485761523247
5714,1.25068199634552,0.00020962790586054325
5715,1.4610849618911743,0.00020792910072486848
5716,1.5261520147323608,0.00020651504746638238
5717,1.641353964805603,0.0002054277283605188
5718,1.6162869930267334,0.00020455328922253102
5719,1.68135404586792,0.00020382592629175633
5720,1.6762880086898804,0.00020324657089076936
5721,1.7714890241622925,0.0002027291338890791
5722,1.7464220523834229,0.00020225346088409424
5723,1.8114889860153198,0.00020173494704067707
5724,1.7664220333099365,0.0002011887263506651
5725,1.8066890239715576,0.00020061239774804562
5726,1.7413549423217773,0.00020001488155685365
5727,1.7714890241622925,0.00019941518257837743
5728,1.6914880275726318,0.00019879787578247488
5729,1.7213549613952637,0.00019814346160274
5730,1.6562869548797607,0.00019746173347812146
5731,1.696287989616394,0.00019676247029565275
5732,1.6162869930267334,0.00019612335017882288
5733,1.636286973953247,0.00019565939146559685
5734,1.5610860586166382,0.00019558481290005147
5735,1.57122004032135,0.00019603417604230344
5736,1.5560189485549927,0.0001970448938664049
5737,1.6061530113220215,0.00019820609304588288
5738,1.5560189485549927,0.00019933446310460567
5739,1.5661530494689941,0.00020039701485075057
5740,1.5160189867019653,0.00020096063963137567
5741,1.546152949333191,0.00020088301971554756
5742,1.5312190055847168,0.0002005987334996462
5743,1.5610860586166382,0.0002008130104513839
5744,1.541085958480835,0.0002016955113504082
5745,1.536018967628479,0.0002031440380960703
5746,1.4960190057754517,0.00020404339011292905
5747,1.5261520147323608,0.00020439946092665195
5748,1.5010850429534912,0.00020427335402928293
5749,1.546152949333191,0.0002043103741016239
5750,1.5160189867019653,0.0002042819542111829
5751,1.5560189485549927,0.00020489259622991085
5752,1.4909520149230957,0.00020553325884975493
5753,1.5512189865112305,0.00020681670866906643
5754,1.5010850429534912,0.0002083966974169016
5755,1.546152949333191,0.00021079982980154455
5756,1.5061520338058472,0.00021350453607738018
5757,1.546152949333191,0.0002164573670597747
5758,1.5210859775543213,0.00021952537645120174
5759,1.5512189865112305,0.00022224205895327032
5760,1.5061520338058472,0.00022474885918200016
5761,1.5560189485549927,0.0002267027011839673
5762,1.5061520338058472,0.0002287889365106821
5763,1.541085958480835,0.00023153083748184144
5764,1.4909520149230957,0.00023530703037977219
5765,1.5512189865112305,0.0002393326722085476
5766,1.470952033996582,0.00024275567557197064
5767,1.0352129936218262,0.00024579945602454245
5768,0.42427200078964233,0.0002483965363353491
5769,0.17893600463867188,0.0002507861645426601
5770,-0.1165350005030632,0.0002526995667722076
5771,-0.2669369876384735,0.00025424183695577085
5772,-0.42720499634742737,0.0002556178660597652
5773,-0.5122730135917664,0.00025669392198324203
5774,-0.7376090288162231,0.0002578982966952026
5775,-0.958145022392273,0.0002591520606074482
5776,-1.2085479497909546,0.0002604920300655067
5777,-1.3938839435577393,0.00026208278723061085
5778,-1.5941530466079712,0.00026390113634988666
5779,-1.6141539812088013,0.0002658739686012268
5780,-1.7093549966812134,0.0002679554163478315
5781,-1.769355058670044,0.00027005281299352646
5782,-1.7744220495224,0.0002721661585383117
5783,-1.7744220495224,0.0002742977230809629
5784,-1.8496229648590088,0.0002764316159300506
5785,-1.8594900369644165,0.0002785191754810512
5786,-1.8997570276260376,0.0002805553376674652
5787,-1.8496229648590088,0.00028248209855519235
5788,-1.874690055847168,0.00028435763670131564
5789,-1.789355993270874,0.0002861607354134321
5790,-1.8394900560379028,0.0002879485546145588
5791,-1.7594890594482422,0.00028966902755200863
5792,-1.7642890214920044,0.0002913792268373072
5793,-1.714421033859253,0.0002930530463345349
5794,-1.7493549585342407,0.00029446487314999104
5795,-1.7042880058288574,0.00029578921385109425
5796,-1.7042880058288574,0.0002976327668875456
5797,-1.66935396194458,0.00030035959207452834
5798,-1.7093549966812134,0.0003038525173906237
5799,-1.6493539810180664,0.00030798354418948293
5800,-1.6541539430618286,0.0003123492933809757
5801,-1.6192200183868408,0.00031719665275886655
5802,-1.6493539810180664,0.0003218664787709713
5803,-1.6040199995040894,0.0003267400315962732
5804,-1.629086971282959,0.0003320679534226656
5805,-1.5440189838409424,0.00033634257852099836
5806,-1.5992200374603271,0.00033984147012233734
5807,-1.6141539812088013,0.0003430097713135183
5808,-1.6040199995040894,0.0003463577595539391
5809,-1.5792200565338135,0.00034959972254000604
5810,-1.6242870092391968,0.000353094597812742
5811,-1.5541529655456543,0.00035634497180581093
5812,-1.6141539812088013,0.000359728088369593
5813,-1.574152946472168,0.00036322884261608124
5814,-1.6141539812088013,0.00036613689735531807
5815,-1.5541529655456543,0.00036856564111076295
5816,-1.6040199995040894,0.00037090579280629754
5817,-1.558953046798706,0.00037353840889409184
5818,-1.6090869903564453,0.0003763820568565279
5819,-1.5490859746932983,0.0003795457596424967
5820,-1.629086971282959,0.00038268743082880974
5821,-1.564020037651062,0.0003858013078570366
5822,-1.5992200374603271,0.00038880249485373497
5823,-1.5792200565338135,0.0003920558956451714
5824,-1.6040199995040894,0.0003951376711484045
5825,-1.5490859746932983,0.0003980630135629326
5826,-1.6242870092391968,0.00040115005685947835
5827,-1.569085955619812,0.0004045989771839231
5828,-1.6192200183868408,0.0004082599189132452
5829,-1.5840200185775757,0.00041155883809551597
5830,-1.6392199993133545,0.0004145880229771137
5831,-1.5840200185775757,0.00041736935963854194
5832,-1.6090869903564453,0.00041981012327596545
5833,-1.5341529846191406,0.0004219847614876926
5834,-1.5992200374603271,0.00042371274321340024
5835,-1.5840200185775757,0.00042531927465461195
5836,-1.6090869903564453,0.00042700968333519995
5837,-1.5792200565338135,0.0004288738127797842
5838,-1.6141539812088013,0.00043072993867099285
5839,-1.569085955619812,0.0004326695925556123
5840,-1.5941530466079712,0.00043429387733340263
5841,-1.5941530466079712,0.0004357987781986594
5842,-1.5992200374603271,0.00043739029206335545
5843,-1.569085955619812,0.00043865558109246194
5844,-1.634153962135315,0.0004398645251058042
5845,-1.5840200185775757,0.00044123679981566966
5846,-1.6493539810180664,0.0004423860809765756
5847,-1.5890870094299316,0.00044364636414684355
5848,-1.6493539810180664,0.0004446815582923591
5849,-1.574152946472168,0.0004457456525415182
5850,-1.5890870094299316,0.00044679618440568447
5851,-1.5840200185775757,0.00044773565605282784
5852,-1.5890870094299316,0.0004488297854550183
5853,-1.5541529655456543,0.0004499373026192188
5854,-1.6242870092391968,0.000451079715276137
5855,-1.564020037651062,0.0004521021619439125
5856,-1.6242870092391968,0.00045305717503651977
5857,-1.558953046798706,0.0004540432710200548
5858,-1.6090869903564453,0.00045507639879360795
5859,-1.6090869903564453,0.0004560979432426393
5860,-1.6141539812088013,0.00045725266681984067
5861,-1.574152946472168,0.0004586924333125353
5862,-1.5890870094299316,0.0004602609551511705
5863,-1.5541529655456543,0.00046190465218387544
5864,-1.5792200565338135,0.00046341665438376367
5865,-1.5840200185775757,0.0004648095346055925
5866,-1.6141539812088013,0.00046607799595221877
5867,-1.5840200185775757,0.000467290316009894
5868,-1.6242870092391968,0.00046845595352351665
5869,-1.569085955619812,0.00046961833140812814
5870,-1.629086971282959,0.00047078891657292843
5871,-1.569085955619812,0.0004719796415884048
5872,-1.5992200374603271,0.0004732009838335216
5873,-1.558953046798706,0.0004744780599139631
5874,-1.6242870092391968,0.0004757751594297588
5875,-1.564020037651062,0.0004771273524966091
5876,-1.629086971282959,0.00047849578550085425
5877,-1.6040199995040894,0.0004798992886207998
5878,-1.629086971282959,0.0004813002306036651
5879,-1.5792200565338135,0.0004827235243283212
5880,-1.6442869901657104,0.0004841468180529773
5881,-1.5840200185775757,0.0004855989827774465
5882,-1.6392199993133545,0.0004870389529969543
5883,-1.574152946472168,0.0004884814843535423
5884,-1.6493539810180664,0.0004898796323686838
5885,-1.5941530466079712,0.0004912404692731798
5886,-1.6392199993133545,0.0004925701068714261
5887,-1.569085955619812,0.0004938766360282898
5888,-1.634153962135315,0.0004952389281243086
5889,-1.5792200565338135,0.0004967774148099124
5890,-1.6192200183868408,0.0004985120613127947
5891,-1.4890849590301514,0.0005005002021789551
5892,-1.0482800006866455,0.0005029461462981999
5893,-0.44213899970054626,0.0005055750370956957
5894,-0.1818690001964569,0.0005079400725662708
5895,0.07866799831390381,0.000509628385771066
5896,0.2088029980659485,0.0005103350849822164
5897,0.36907100677490234,0.0005105836899019778
5898,0.42427200078964233,0.0005108999321237206
5899,0.6848090291023254,0.000511108199134469
5900,0.8901439905166626,0.0005109819467179477
5901,1.1805479526519775,0.0005109984194859862
5902,1.3658839464187622,0.0005110367201268673
5903,1.5512189865112305,0.0005109907942824066
5904,1.5512189865112305,0.0005112031358294189
5905,1.6562869548797607,0.000512142083607614
5906,1.6664210557937622,0.0005132344085723162
5907,1.7213549613952637,0.000514292623847723
5908,1.7064210176467896,0.0005155899561941624
5909,1.7314879894256592,0.0005164131289348006
5910,1.7464220523834229,0.0005169353680685163
5911,1.7864220142364502,0.0005169857176952064
5912,1.7765560150146484,0.0005174599355086684
5913,1.8114889860153198,0.0005177723942324519
5914,1.7864220142364502,0.0005179813597351313
5915,1.8216229677200317,0.0005181714659556746
5916,1.7365549802780151,0.0005184275796636939
5917,1.7514890432357788,0.0005186330527067184
5918,1.6762880086898804,0.0005187601782381535
5919,1.7314879894256592,0.0005191538948565722
5920,1.6261539459228516,0.0005202493630349636
5921,1.68135404586792,0.0005216131685301661
5922,1.5661530494689941,0.000523689086548984
5923,1.255748987197876,0.0005260210018604994
5924,0.6245409846305847,0.0005286700325086713
5925,0.29413700103759766,0.0005309533444233239
5926,-0.026399999856948853,0.0005326556856743991
5927,-0.20186899602413177,0.0005337282782420516
5928,-0.3520039916038513,0.0005344402743503451
5929,-0.4621390104293823,0.0005346086109057069
5930,-0.6877419948577881,0.0005345266545191407
5931,-0.8378769755363464,0.0005341627402231097
5932,-1.1634809970855713,0.0005338361370377243
5933,-1.34375,0.0005335240857675672
5934,-1.564020037651062,0.0005333645967766643
5935,-1.6141539812088013,0.0005333267617970705
5936,-1.7042880058288574,0.0005333805456757545
5937,-1.7544219493865967,0.0005334892775863409
5938,-1.8144229650497437,0.0005336066242307425
5939,-1.7642890214920044,0.0005337971961125731
5940,-1.8394900560379028,0.0005340081406757236
5941,-1.8096230030059814,0.0005342005752027035
5942,-1.874690055847168,0.0005343671655282378
5943,-1.8496229648590088,0.0005344877718016505
5944,-1.8794900178909302,0.0005345700774341822
5945,-1.8594900369644165,0.0005345998797565699
5946,-1.8645570278167725,0.0005345966201275587
5947,-1.7642890214920044,0.0005345738609321415
5948,-1.789355993270874,0.0005345694371499121
5949,-1.734421968460083,0.0005346153629943728
5950,-1.7544219493865967,0.0005347654223442078
5951,-1.729354977607727,0.0005350353894755244
5952,-1.729354977607727,0.0005355558241717517
5953,-1.6541539430618286,0.0005364576354622841
5954,-1.398684024810791,0.0005377421621233225
5955,-0.7576090097427368,0.0005394501495175064
5956,-0.3520039916038513,0.0005411311285570264
5957,-0.08160100132226944,0.0005427583819255233
5958,0.1338679939508438,0.000544033304322511
5959,0.30907100439071655,0.000544724753126502
5960,0.3890720009803772,0.0005449141026474535
5961,0.5944070219993591,0.0005454609636217356
5962,0.7597429752349854,0.0005461799446493387
5963,1.0653469562530518,0.0005467528244480491
5964,1.2306820154190063,0.000547045492567122
5965,1.465885043144226,0.0005475658108480275
5966,1.5610860586166382,0.000548462092410773
5967,1.6712210178375244,0.0005493981298059225
5968,1.6562869548797607,0.0005507845198735595
5969,1.7365549802780151,0.0005521368002519011
5970,1.68135404586792,0.0005537946708500385
5971,1.7314879894256592,0.0005550860660150647
5972,1.7413549423217773,0.0005565277533605695
5973,1.7914890050888062,0.0005578997079282999
5974,1.7565549612045288,0.0005592795787379146
5975,1.8216229677200317,0.0005610696971416473
5976,1.801622986793518,0.0005626555648632348
5977,1.796555995941162,0.0005646187346428633
5978,1.696287989616394,0.0005664220661856234
5979,1.7114880084991455,0.0005683245253749192
5980,1.6762880086898804,0.0005704840878024697
5981,1.6864210367202759,0.0005724747898057103
5982,1.6762880086898804,0.0005746121169067919
5983,1.6613539457321167,0.0005771726137027144
5984,1.6013530492782593,0.0005801205988973379
5985,1.476017951965332,0.0005835075280629098
5986,0.8949450254440308,0.0005866891006007791
5987,0.4192050099372864,0.0005899844691157341
5988,0.09866800159215927,0.0005928378086537123
5989,-0.09173399955034256,0.0005947413155809045
5990,-0.3269369900226593,0.0005958561087027192
5991,-0.3821380138397217,0.0005960414418950677
5992,-0.5773410201072693,0.0005951401544734836
5993,-0.7677429914474487,0.0005936418892815709
5994,-1.0232130289077759,0.0005917571252211928
5995,-1.248548984527588,0.0005894588539376855
5996,-1.4738850593566895,0.0005872807232663035
5997,-1.5840200185775757,0.0005855640047229826
5998,-1.6642869710922241,0.0005839283112436533
5999,-1.66935396194458,0.0005819231737405062
6000,-1.7493549585342407,0.0005791616858914495
6001,-1.7744220495224,0.0005762045038864017
6002,-1.7944220304489136,0.0005740177002735436
6003,-1.8045560121536255,0.0005722822388634086
6004,-1.8696229457855225,0.0005705657531507313
6005,-1.8645570278167725,0.0005684810457751155
6006,-1.9045569896697998,0.0005661322502419353
6007,-1.8144229650497437,0.0005638559814542532
6008,-1.8296229839324951,0.0005615801783278584
6009,-1.7493549585342407,0.0005588991334661841
6010,-1.7794890403747559,0.0005560675053857267
6011,-1.7042880058288574,0.0005527882603928447
6012,-1.7493549585342407,0.0005491491756401956
6013,-1.7042880058288574,0.0005454731872305274
6014,-1.734421968460083,0.0005416309577412903
6015,-1.6642869710922241,0.0005379198701120913
6016,-1.6741540431976318,0.0005342339281924069
6017,-1.6741540431976318,0.0005308580584824085
6018,-1.6642869710922241,0.0005274373106658459
6019,-1.6192200183868408,0.0005233119009062648
6020,-1.6592210531234741,0.0005182314780540764
6021,-1.5840200185775757,0.0005131164216436446
6022,-1.6242870092391968,0.000508244673255831
6023,-1.5541529655456543,0.0005041275289840996
6024,-1.6090869903564453,0.0005001747631467879
6025,-1.5840200185775757,0.0004966699052602053
6026,-1.6242870092391968,0.0004936275654472411
6027,-1.5341529846191406,0.0004909129929728806
6028,-1.5792200565338135,0.0004886414972133934
6029,-1.558953046798706,0.0004867103125434369
6030,-1.6040199995040894,0.0004849568649660796
6031,-1.558953046798706,0.0004832702688872814
6032,-1.5890870094299316,0.00048153186799027026
6033,-1.5541529655456543,0.0004796954453922808
6034,-1.634153962135315,0.0004777830617967993
6035,-1.5840200185775757,0.0004758130817208439
6036,-1.6090869903564453,0.00047377566806972027
6037,-1.574152946472168,0.0004717123229056597
6038,-1.6141539812088013,0.000469657767098397
6039,-1.558953046798706,0.0004676062089856714
6040,-1.5992200374603271,0.0004655430093407631
6041,-1.5341529846191406,0.0004635173245333135
6042,-1.6141539812088013,0.0004615676589310169
6043,-1.5440189838409424,0.0004597578663378954
6044,-1.6392199993133545,0.00045803753891959786
6045,-1.5890870094299316,0.00045651584514416754
6046,-1.6040199995040894,0.00045522121945396066
6047,-1.5138859748840332,0.0004543773829936981
6048,-1.2234820127487183,0.0004539616056717932
6049,-0.5424069762229919,0.0004539079964160919
6050,-0.2818700075149536,0.0004542717360891402
6051,0.04853399842977524,0.0004547759017441422
6052,0.2040030062198639,0.0004546642885543406
6053,0.3290709853172302,0.0004538103530649096
6054,0.4442720115184784,0.00045253545977175236
6055,0.6445410251617432,0.0004508863785304129
6056,0.8749439716339111,0.0004488619160838425
6057,1.1354809999465942,0.0004466089012566954
6058,1.3258830308914185,0.00044446391984820366
6059,1.546152949333191,0.00044247304322198033
6060,1.5661530494689941,0.0004401009646244347
6061,1.68135404586792,0.0004385146894492209
6062,1.6562869548797607,0.00043810164788737893
6063,1.7114880084991455,0.00043812167132273316
6064,1.7264219522476196,0.0004381061589810997
6065,1.7365549802780151,0.0004383209743537009
6066,1.7565549612045288,0.00043841294245794415
6067,1.8066890239715576,0.0004391479887999594
6068,1.7714890241622925,0.00043965037912130356
6069,1.8114889860153198,0.00043981210910715163
6070,1.7565549612045288,0.0004409302491694689
6071,1.7664220333099365,0.0004422223719302565
6072,1.7064210176467896,0.0004438997420947999
6073,1.7365549802780151,0.00044489899300970137
6074,1.646420955657959,0.00044534733751788735
6075,1.6864210367202759,0.00044608721509575844
6076,1.6261539459228516,0.00044595898361876607
6077,1.6613539457321167,0.00044589355820789933
6078,1.6013530492782593,0.00044503516983240843
6079,1.6312199831008911,0.0004440851625986397
6080,1.5762859582901,0.0004434789589140564
6081,1.5912200212478638,0.00044328015064820647
6082,1.5512189865112305,0.0004427192616276443
6083,1.5560189485549927,0.0004426180385053158
6084,1.5261520147323608,0.00044186730519868433
6085,1.5810860395431519,0.0004423020873218775
6086,1.5312190055847168,0.0004435452283360064
6087,1.5861530303955078,0.00044574745697900653
6088,1.5261520147323608,0.00044700299622491
6089,1.5560189485549927,0.00044846240780316293
6090,1.4909520149230957,0.0004512201121542603
6091,1.5261520147323608,0.0004532646853476763
6092,1.4909520149230957,0.0004559699445962906
6093,1.5261520147323608,0.0004589167074300349
6094,1.5210859775543213,0.0004616822116076946
6095,1.5610860586166382,0.00046598888002336025
6096,1.5210859775543213,0.0004702433943748474
6097,1.5312190055847168,0.00047500600339844823
6098,1.5160189867019653,0.0004804388154298067
6099,1.541085958480835,0.00048506446182727814
6100,1.5061520338058472,0.000490709557197988
6101,1.5512189865112305,0.000495956395752728
6102,1.5061520338058472,0.0005010138847865164
6103,1.541085958480835,0.0005078626563772559
6104,1.4960190057754517,0.0005133569939061999
6105,1.5512189865112305,0.0005204469198361039
6106,1.5210859775543213,0.0005284326616674662
6107,1.5610860586166382,0.0005375527543947101
6108,1.5160189867019653,0.000546547002159059
6109,1.5610860586166382,0.0005572137306444347
6110,1.4008179903030396,0.0005727246170863509
6111,0.9050779938697815,0.0005939580732956529
6112,0.35413798689842224,0.0006180580239742994
6113,0.10373499989509583,0.0006498061120510101
6114,-0.1866690069437027,0.0006980172474868596
6115,-0.2669369876384735,0.0007562924292869866
6116,-0.4370720088481903,0.0008359601488336921
6117,-0.5173400044441223,0.0009302873513661325
6118,-0.7576090097427368,0.0010726421605795622
6119,-1.033079981803894,0.0012436959659680724
6120,-1.2786829471588135,0.0014171520015224814
6121,-1.4288179874420166,0.0015778262168169022
6122,-1.5992200374603271,0.0017447490245103836
6123,-1.6392199993133545,0.0019141240045428276
6124,-1.7394880056381226,0.0020787829998880625
6125,-1.7192209959030151,0.002233038656413555
6126,-1.7944220304489136,0.002375445794314146
6127,-1.7594890594482422,0.0025021270848810673
6128,-1.8296229839324951,0.002616565441712737
6129,-1.8245559930801392,0.0027099275030195713
6130,-1.8696229457855225,0.0027838218957185745
6131,-1.8496229648590088,0.0028374670073390007
6132,-1.874690055847168,0.0028777318075299263
6133,-1.7944220304489136,0.002911543007940054
6134,-1.8296229839324951,0.002935450989753008
6135,-1.7744220495224,0.0029550064355134964
6136,-1.789355993270874,0.002972476417198777
6137,-1.7042880058288574,0.0030397812370210886
6138,-1.734421968460083,0.0031204563565552235
6139,-1.6842880249023438,0.0031577732879668474
6140,-1.724287986755371,0.0031852582469582558
6141,-1.629086971282959,0.003202655352652073
6142,-1.6842880249023438,0.0032140035182237625
6143,-1.634153962135315,0.003223774489015341
6144,-1.6592210531234741,0.0032357079908251762
6145,-1.5840200185775757,0.0032439888454973698
6146,-1.6642869710922241,0.003252509981393814
6147,-1.5890870094299316,0.003260357305407524
6148,-1.6141539812088013,0.0032660220749676228
6149,-1.564020037651062,0.0032722395844757557
6150,-1.6141539812088013,0.0032771932892501354
6151,-1.5840200185775757,0.003281048499047756
6152,-1.6141539812088013,0.0032852457370609045
6153,-1.558953046798706,0.0032875887118279934
6154,-1.6040199995040894,0.0032894983887672424
6155,-1.5792200565338135,0.0032898448407649994
6156,-1.6040199995040894,0.0032896101474761963
6157,-1.5541529655456543,0.0032888315618038177
6158,-1.564020037651062,0.003288367297500372
6159,-1.5389529466629028,0.0032882464583963156
6160,-1.574152946472168,0.0032882303930819035
6161,-1.558953046798706,0.0032897177152335644
6162,-1.5792200565338135,0.0032912299502640963
6163,-1.5840200185775757,0.0032942797988653183
6164,-1.5941530466079712,0.003296670038253069
6165,-1.5541529655456543,0.003299848409369588
6166,-1.5792200565338135,0.003302471712231636
6167,-1.5541529655456543,0.0033044987358152866
6168,-1.6392199993133545,0.0033066673204302788
6169,-1.5440189838409424,0.003307261038571596
6170,-1.5840200185775757,0.0033080410212278366
6171,-1.569085955619812,0.003308249870315194
6172,-1.6141539812088013,0.0033081122674047947
6173,-1.558953046798706,0.0033082696609199047
6174,-1.5541529655456543,0.0033091255463659763
6175,-1.574152946472168,0.0033096992410719395
6176,-1.6242870092391968,0.003310150932520628
6177,-1.5341529846191406,0.003310034517198801
6178,-1.5992200374603271,0.00330880144611001
6179,-1.558953046798706,0.0033072573132812977
6180,-1.574152946472168,0.0033062973525375128
6181,-1.5440189838409424,0.0033057245891541243
6182,-1.5890870094299316,0.003305128077045083
6183,-1.564020037651062,0.00330523238517344
6184,-1.5840200185775757,0.003305103164166212
6185,-1.5541529655456543,0.003305428894236684
6186,-1.6141539812088013,0.003305660327896476
6187,-1.558953046798706,0.003305984428152442
6188,-1.5840200185775757,0.0033064407762140036
6189,-1.5541529655456543,0.0033069318160414696
6190,-1.5992200374603271,0.00330769969150424
6191,-1.5440189838409424,0.003308662213385105
6192,-1.574152946472168,0.0033097979612648487
6193,-1.564020037651062,0.0033109416253864765
6194,-1.629086971282959,0.0033120280131697655
6195,-1.558953046798706,0.003313256660476327
6196,-1.569085955619812,0.00331413047388196
6197,-1.5341529846191406,0.003315301612019539
6198,-1.5941530466079712,0.003316212445497513
6199,-1.5792200565338135,0.0033172238618135452
6200,-1.6040199995040894,0.0033182762563228607
6201,-1.564020037651062,0.003319228533655405
6202,-1.5792200565338135,0.003320463467389345
6203,-1.564020037651062,0.003321346826851368
6204,-1.5890870094299316,0.0033221172634512186
6205,-1.5840200185775757,0.0033226609230041504
6206,-1.6040199995040894,0.003322938922792673
6207,-1.5792200565338135,0.0033230306580662727
6208,-1.6141539812088013,0.0033227952662855387
6209,-1.558953046798706,0.003321992000564933
6210,-1.569085955619812,0.003320646472275257
6211,-1.5541529655456543,0.0033187377266585827
6212,-1.5792200565338135,0.0033167735673487186
6213,-1.5389529466629028,0.003314702771604061
6214,-1.5890870094299316,0.003312646644189954
6215,-1.5541529655456543,0.0033109504729509354
6216,-1.574152946472168,0.003309347666800022
6217,-1.5341529846191406,0.00330755696631968
6218,-1.5992200374603271,0.003305780468508601
6219,-1.5840200185775757,0.0033042742870748043
6220,-1.6090869903564453,0.0033031508792191744
6221,-1.5341529846191406,0.0033020293340086937
6222,-1.574152946472168,0.0033006975427269936
6223,-1.569085955619812,0.0032994700595736504
6224,-1.5792200565338135,0.003297863295301795
6225,-1.564020037651062,0.003296314273029566
6226,-1.5890870094299316,0.003294462338089943
6227,-1.564020037651062,0.003292965702712536
6228,-1.5890870094299316,0.003291286528110504
6229,-1.5240190029144287,0.003289629705250263
6230,-1.5941530466079712,0.003287947503849864
6231,-1.5341529846191406,0.0032858126796782017
6232,-1.5941530466079712,0.003283875063061714
6233,-1.5490859746932983,0.0032815218437463045
6234,-1.6242870092391968,0.0032793297432363033
6235,-1.574152946472168,0.003277028910815716
6236,-1.6242870092391968,0.003274490823969245
6237,-1.5840200185775757,0.00327211688272655
6238,-1.6242870092391968,0.0032696155831217766
6239,-1.5541529655456543,0.0032666821498423815
6240,-1.5941530466079712,0.0032633685041218996
6241,-1.5440189838409424,0.0032596157398074865
6242,-1.5992200374603271,0.003256091382354498
6243,-1.5792200565338135,0.0032524557318538427
6244,-1.6040199995040894,0.003249232890084386
6245,-1.5541529655456543,0.003246782813221216
6246,-1.558953046798706,0.0032447967678308487
6247,-1.5341529846191406,0.003243213053792715
6248,-1.574152946472168,0.0032420451752841473
6249,-1.569085955619812,0.003241106402128935
6250,-1.5992200374603271,0.0032402737997472286
6251,-1.5840200185775757,0.0032394377049058676
6252,-1.634153962135315,0.003238547593355179
6253,-1.5490859746932983,0.00323760649189353
6254,-1.574152946472168,0.00323664303869009
6255,-1.5792200565338135,0.0032356863375753164
6256,-1.5890870094299316,0.0032347231172025204
6257,-1.569085955619812,0.003233795054256916
6258,-1.5992200374603271,0.003232932183891535
6259,-1.569085955619812,0.003232107264921069
6260,-1.564020037651062,0.003231343114748597
6261,-1.558953046798706,0.0032306844368577003
6262,-1.6040199995040894,0.003230130299925804
6263,-1.5541529655456543,0.003229792695492506
6264,-1.6141539812088013,0.003230038098990917
6265,-1.5792200565338135,0.0032310078386217356
6266,-1.6392199993133545,0.0032321298494935036
6267,-1.569085955619812,0.0032330509275197983
6268,-1.6090869903564453,0.0032341578043997288
6269,-1.574152946472168,0.0032359003089368343
6270,-1.6192200183868408,0.0032379378098994493
6271,-1.558953046798706,0.003239864483475685
6272,-1.5992200374603271,0.0032420679926872253
6273,-1.558953046798706,0.0032437872141599655
6274,-1.6040199995040894,0.0032446160912513733
6275,-1.558953046798706,0.003245208878070116
6276,-1.6090869903564453,0.003245965112000704
6277,-1.5389529466629028,0.0032466857228428125
6278,-1.6392199993133545,0.0032478710636496544
6279,-1.569085955619812,0.003249221947044134
6280,-1.6192200183868408,0.0032510757446289062
6281,-1.5792200565338135,0.003252860624343157
6282,-1.5992200374603271,0.003254923038184643
6283,-1.5890870094299316,0.0032568806782364845
6284,-1.629086971282959,0.0032588737085461617
6285,-1.5840200185775757,0.003261006437242031
6286,-1.5992200374603271,0.0032629240304231644
6287,-1.5941530466079712,0.003264794824644923
6288,-1.6192200183868408,0.0032666227780282497
6289,-1.569085955619812,0.003267951076850295
6290,-1.5941530466079712,0.0032692132517695427
6291,-1.569085955619812,0.0032703878823667765
6292,-1.5890870094299316,0.003271220251917839
6293,-1.5840200185775757,0.0032718952279537916
6294,-1.5840200185775757,0.003272388596087694
6295,-1.569085955619812,0.003272777423262596
6296,-1.629086971282959,0.0032732333056628704
6297,-1.569085955619812,0.0032736752182245255
6298,-1.6392199993133545,0.0032742596231400967
6299,-1.564020037651062,0.0032748105004429817
6300,-1.5890870094299316,0.0032753762789070606
6301,-1.5792200565338135,0.003275696188211441
6302,-1.629086971282959,0.0032757141161710024
6303,-1.564020037651062,0.003275202587246895
6304,-1.6040199995040894,0.0032741394825279713
6305,-1.5890870094299316,0.003272681962698698
6306,-1.6040199995040894,0.003271011169999838
6307,-1.564020037651062,0.00326924747787416
6308,-1.6141539812088013,0.0032675142865628004
6309,-1.569085955619812,0.0032656164839863777
6310,-1.6040199995040894,0.0032633745577186346
6311,-1.5890870094299316,0.003260896075516939
6312,-1.5992200374603271,0.0032585710287094116
6313,-1.558953046798706,0.003256026189774275
6314,-1.6493539810180664,0.003253558650612831
6315,-1.574152946472168,0.0032507507130503654
6316,-1.5890870094299316,0.0032478682696819305
6317,-1.569085955619812,0.003245263360440731
6318,-1.6040199995040894,0.0032422493677586317
6319,-1.569085955619812,0.003239148762077093
6320,-1.6242870092391968,0.0032358947210013866
6321,-1.569085955619812,0.003232525661587715
6322,-1.6040199995040894,0.003229005727916956
6323,-1.558953046798706,0.0032250976655632257
6324,-1.6141539812088013,0.0032212859950959682
6325,-1.569085955619812,0.003217780264094472
6326,-1.6392199993133545,0.0032140533439815044
6327,-1.6090869903564453,0.003211027244105935
6328,-1.5792200565338135,0.0032081666868180037
6329,-1.569085955619812,0.0032059503719210625
6330,-1.574152946472168,0.0032042600214481354
6331,-1.5840200185775757,0.003202116582542658
6332,-1.634153962135315,0.0032007829286158085
6333,-1.6192200183868408,0.003199591999873519
6334,-1.6242870092391968,0.0031989263370633125
6335,-1.5992200374603271,0.003198085818439722
6336,-1.6040199995040894,0.0031971950083971024
6337,-1.6141539812088013,0.0031961072236299515
6338,-1.6242870092391968,0.0031951582059264183
6339,-1.558953046798706,0.003193461801856756
6340,-1.5890870094299316,0.003191931638866663
6341,-1.558953046798706,0.003189581912010908
6342,-1.6040199995040894,0.003186714369803667
6343,-1.5792200565338135,0.003182896412909031
6344,-1.6141539812088013,0.00318039208650589
6345,-1.558953046798706,0.003178068669512868
6346,-1.6090869903564453,0.003174728248268366
6347,-1.5792200565338135,0.0031723701395094395
6348,-1.6442869901657104,0.0031690264586359262
6349,-1.564020037651062,0.0031653030309826136
6350,-1.6242870092391968,0.003161774016916752
6351,-1.5792200565338135,0.003156496211886406
6352,-1.6141539812088013,0.0031517203897237778
6353,-1.6090869903564453,0.0031466197688132524
6354,-1.6141539812088013,0.0031407889910042286
6355,-1.5840200185775757,0.0031360129360109568
6356,-1.6040199995040894,0.003130188211798668
6357,-1.5490859746932983,0.0031245644204318523
6358,-1.6090869903564453,0.0031193410977721214
6359,-1.5792200565338135,0.0031124865636229515
6360,-1.5941530466079712,0.0031075451988726854
6361,-1.564020037651062,0.0031014473643153906
6362,-1.6040199995040894,0.0030947208870202303
6363,-1.5792200565338135,0.003087327815592289
6364,-1.6040199995040894,0.0030799726955592632
6365,-1.5840200185775757,0.0030707758851349354
6366,-1.6040199995040894,0.0030564474873244762
6367,-1.558953046798706,0.0030362061224877834
6368,-1.6242870092391968,0.0030130555387586355
6369,-1.6040199995040894,0.002982407808303833
6370,-1.629086971282959,0.0029356651939451694
6371,-1.558953046798706,0.0028787050396203995
6372,-1.6141539812088013,0.002799843903630972
6373,-1.5840200185775757,0.0027058746200054884
6374,-1.6141539812088013,0.002563831629231572
6375,-1.574152946472168,0.0023933916818350554
6376,-1.6090869903564453,0.002220568247139454
6377,-1.5792200565338135,0.0020602126605808735
6378,-1.6242870092391968,0.001893555629067123
6379,-1.569085955619812,0.0017246146453544497
6380,-1.629086971282959,0.0015603716019541025
6381,-1.6242870092391968,0.00140671047847718
6382,-1.629086971282959,0.0012646012473851442
6383,-1.5941530466079712,0.0011379716452211142
6384,-1.6592210531234741,0.0010235689114779234
6385,-1.569085955619812,0.0009301076643168926
6386,-1.6493539810180664,0.0008561944123357534
6387,-1.5840200185775757,0.0008026869036257267
6388,-1.634153962135315,0.0007627240847796202
6389,-1.6090869903564453,0.000729682738892734
6390,-1.629086971282959,0.0007068003760650754
6391,-1.4589519500732422,0.0006888334173709154
6392,-1.0933469533920288,0.0006738378433510661
6393,-0.4621390104293823,0.0006089457310736179
6394,-0.21680299937725067,0.0005301698110997677
6395,0.08373399823904037,0.0004943201784044504
6396,0.22880299389362335,0.0004680831916630268
6397,0.3490709960460663,0.0004517901688814163
6398,0.4592060148715973,0.00044146087020635605
6399,0.7096089720726013,0.00043253772309981287
6400,0.8749439716339111,0.00042128507629968226
6401,1.1805479526519775,0.0004134681075811386
6402,1.3557499647140503,0.0004051974101457745
6403,1.5210859775543213,0.00039734557503834367
6404,1.5610860586166382,0.0003911824896931648
6405,1.6512210369110107,0.0003842356672976166
6406,1.6864210367202759,0.0003786680172197521
6407,1.7365549802780151,0.0003742924309335649
6408,1.70135498046875,0.0003698600339703262
6409,1.7464220523834229,0.0003675823099911213
6410,1.7565549612045288,0.00036586617352440953
6411,1.8165559768676758,0.0003656222252175212
6412,1.796555995941162,0.0003656790649984032
6413,1.781622052192688,0.0003659559297375381
6414,1.7314879894256592,0.0003660147194750607
6415,1.7664220333099365,0.00036554568214342
6416,1.696287989616394,0.0003652005107142031
6417,1.7114880084991455,0.0003635399043560028
6418,1.6613539457321167,0.0003620347997639328
6419,1.6762880086898804,0.000359005673089996
6420,1.6261539459228516,0.00035666144685819745
6421,1.6312199831008911,0.00035373950959183276
6422,1.5560189485549927,0.00035191845381632447
6423,1.6312199831008911,0.000350946094840765
6424,1.57122004032135,0.0003499912563711405
6425,1.6312199831008911,0.00035070820013061166
6426,1.5762859582901,0.0003512827679514885
6427,1.5762859582901,0.0003522776532918215
6428,1.5661530494689941,0.00035277195274829865
6429,1.5610860586166382,0.0003529401437845081
6430,1.4909520149230957,0.0003520547761581838
6431,1.5661530494689941,0.0003511232789605856
6432,1.5261520147323608,0.000350187998265028
6433,1.57122004032135,0.00034971642890013754
6434,1.5010850429534912,0.0003499382291920483
6435,1.5661530494689941,0.00035026748082600534
6436,1.5010850429534912,0.0003498502483125776
6437,1.5312190055847168,0.0003494970442261547
6438,1.5109519958496094,0.000350044050719589
6439,1.5261520147323608,0.00035090744495391846
6440,1.5061520338058472,0.00035209799534641206
6441,1.5762859582901,0.00035280539304949343
6442,1.4909520149230957,0.00035374160506762564
6443,1.5512189865112305,0.000354868418071419
6444,1.5261520147323608,0.00035628979094326496
6445,1.5610860586166382,0.00035799009492620826
6446,1.5109519958496094,0.0003590447304304689
6447,1.5560189485549927,0.00035961606772616506
6448,1.5312190055847168,0.00035996781662106514
6449,1.5762859582901,0.0003605505917221308
6450,1.5661530494689941,0.0003613592707552016
6451,1.5661530494689941,0.00036158086732029915
6452,1.5061520338058472,0.0003619091003201902
6453,1.541085958480835,0.0003620530478656292
6454,1.2808159589767456,0.0003629403072409332
6455,0.7096089720726013,0.00036431761691346765
6456,0.22880299389362335,0.00036553601967170835
6457,0.02346700057387352,0.00036638363962993026
6458,-0.23173600435256958,0.0003666694392450154
6459,-0.34693801403045654,0.00036716103204526007
6460,-0.4522719979286194,0.00036771316081285477
6461,-0.6024079918861389,0.00036836788058280945
6462,-0.8528109788894653,0.0003689986187964678
6463,-1.0733469724655151,0.0003695730119943619
6464,-1.3037500381469727,0.0003702048270497471
6465,-1.4488179683685303,0.000371012429241091
6466,-1.6242870092391968,0.0003719815576914698
6467,-1.629086971282959,0.0003730389289557934
6468,-1.7394880056381226,0.00037413439713418484
6469,-1.7192209959030151,0.00037524738581851125
6470,-1.8045560121536255,0.00037639649235643446
6471,-1.7642890214920044,0.00037755846278741956
6472,-1.8344229459762573,0.0003787260502576828
6473,-1.8096230030059814,0.00037986767711117864
6474,-1.8445559740066528,0.0003810014168266207
6475,-1.7994890213012695,0.0003821030259132385
6476,-1.8296229839324951,0.00038319002487696707
6477,-1.8045560121536255,0.00038424949161708355
6478,-1.8096230030059814,0.00038528014556504786
6479,-1.724287986755371,0.00038628806942142546
6480,-1.7544219493865967,0.00038732035318389535
6481,-1.6992210149765015,0.00038851556018926203
6482,-1.6944210529327393,0.00038990849861875176
6483,-1.6442869901657104,0.00039150496013462543
6484,-1.6792210340499878,0.00039323564851656556
6485,-1.6493539810180664,0.0003952871193177998
6486,-1.6741540431976318,0.0003973534912802279
6487,-1.5941530466079712,0.0003994941944256425
6488,-1.6493539810180664,0.0004017811734229326
6489,-1.6040199995040894,0.00040369416819885373
6490,-1.6442869901657104,0.00040540704503655434
6491,-1.564020037651062,0.00040718246600590646
6492,-1.6040199995040894,0.0004087171982973814
6493,-1.5189520120620728,0.00041033304296433926
6494,-1.5890870094299316,0.00041228014742955565
6495,-1.569085955619812,0.0004145123530179262
6496,-1.6040199995040894,0.00041657336987555027
6497,-1.569085955619812,0.0004183663986623287
6498,-1.6242870092391968,0.00042014761129394174
6499,-1.5541529655456543,0.0004222095594741404
6500,-1.5840200185775757,0.00042447089799679816
6501,-1.574152946472168,0.00042635248973965645
6502,-1.569085955619812,0.00042796754860319197
6503,-1.5440189838409424,0.00042958735139109194
6504,-1.5792200565338135,0.00043118177563883364
6505,-1.5490859746932983,0.00043283303966745734
6506,-1.5992200374603271,0.0004345362540334463
6507,-1.569085955619812,0.00043590785935521126
6508,-1.6392199993133545,0.00043714061030186713
6509,-1.558953046798706,0.000438453396782279
6510,-1.6090869903564453,0.00043974086293019354
6511,-1.569085955619812,0.0004412286798469722
6512,-1.5941530466079712,0.0004428615211509168
6513,-1.558953046798706,0.000444752920884639
6514,-1.5890870094299316,0.00044712802628055215
6515,-1.569085955619812,0.00044978674850426614
6516,-1.504019021987915,0.0004530339501798153
6517,-1.013079047203064,0.0004570261517073959
6518,-0.49733999371528625,0.0004609928000718355
6519,-0.14160199463367462,0.0004642074927687645
6520,0.04853399842977524,0.0004665273299906403
6521,0.24907000362873077,0.0004679282719735056
6522,0.3440040051937103,0.0004690210334956646
6523,0.4944060146808624,0.0004702041915152222
6524,0.6245409846305847,0.0004710356588475406
6525,0.9400119781494141,0.0004711414221674204
6526,1.1304140090942383,0.00047094980254769325
6527,1.3808170557022095,0.00047088711289688945
6528,1.481084942817688,0.00047054787864908576
6529,1.6061530113220215,0.00047066278057172894
6530,1.6013530492782593,0.0004716605762951076
6531,1.696287989616394,0.0004728714993689209
6532,1.7064210176467896,0.0004738899297080934
6533,1.7616219520568848,0.00047492398880422115
6534,1.7616219520568848,0.000475470966193825
6535,1.7714890241622925,0.00047583295963704586
6536,1.7914890050888062,0.0004756617418024689
6537,1.8216229677200317,0.0004755505360662937
6538,1.781622052192688,0.0004751378728542477
6539,1.796555995941162,0.00047481944784522057
6540,1.7765560150146484,0.00047444444498978555
6541,1.796555995941162,0.0004739193245768547
6542,1.7162879705429077,0.00047358893789350986
6543,1.7314879894256592,0.00047327647916972637
6544,1.6613539457321167,0.0004732105880975723
6545,1.6864210367202759,0.00047380896285176277
6546,1.6213539838790894,0.00047465163515880704
6547,1.646420955657959,0.00047581648686900735
6548,1.2306820154190063,0.00047771568642929196
6549,0.6797419786453247,0.00047987024299800396
6550,0.2589370012283325,0.00048231735127046704
6551,-0.011466999538242817,0.0004849409742746502
6552,-0.252003014087677,0.00048742504441179335
6553,-0.2970699965953827,0.0004898036131635308
6554,-0.5024060010910034,0.0004919321509078145
6555,-0.6024079918861389,0.000494102481752634
6556,-0.8880109786987305,0.0004962226375937462
6557,-1.0984139442443848,0.0004985059495083988
6558,-1.348816990852356,0.0005009514279663563
6559,-1.504019021987915,0.0005036162910982966
6560,-1.6493539810180664,0.0005064416909590364
6561,-1.6893539428710938,0.000509329722262919
6562,-1.7394880056381226,0.0005123159498907626
6563,-1.7493549585342407,0.0005153369856998324
6564,-1.7994890213012695,0.0005184388719499111
6565,-1.7794890403747559,0.0005215707351453602
6566,-1.8546899557113647,0.000524697476066649
6567,-1.8546899557113647,0.0005277842283248901
6568,-1.8546899557113647,0.0005308702820912004
6569,-1.8496229648590088,0.0005339198396541178
6570,-1.8696229457855225,0.0005369584541767836
6571,-1.7994890213012695,0.0005399823421612382
6572,-1.8245559930801392,0.0005430239834822714
6573,-1.7493549585342407,0.0005459663225337863
6574,-1.769355058670044,0.0005488329916261137
6575,-1.729354977607727,0.000551629695110023
6576,-1.7394880056381226,0.0005543563747778535
6577,-1.629086971282959,0.0005570318317040801
6578,-1.6592210531234741,0.0005597310373559594
6579,-1.3288170099258423,0.0005624241894111037
6580,-0.7728099822998047,0.000565020483918488
6581,-0.30693700909614563,0.0005675097927451134
6582,-0.086667999625206,0.0005697587039321661
6583,0.16880199313163757,0.0005714123835787177
6584,0.2189359962940216,0.0005724002257920802
6585,0.4192050099372864,0.0005729664117097855
6586,0.5344070196151733,0.0005731878336519003
6587,0.8200100064277649,0.000573169207200408
6588,1.0301460027694702,0.000573243829421699
6589,1.315750002861023,0.0005730309057980776
6590,1.4509509801864624,0.000573126133531332
6591,1.6112200021743774,0.0005732148420065641
6592,1.6312199831008911,0.000573200813960284
6593,1.7213549613952637,0.0005731586134061217
6594,1.70135498046875,0.0005731926066800952
6595,1.7616219520568848,0.0005731696728616953
6596,1.7365549802780151,0.0005734262522310019
6597,1.781622052192688,0.0005736934253945947
6598,1.7514890432357788,0.0005739429034292698
6599,1.8066890239715576,0.0005744606023654342
6600,1.7864220142364502,0.0005749498959630728
6601,1.796555995941162,0.0005753482109867036
6602,1.7765560150146484,0.0005759166087955236
6603,1.781622052192688,0.0005763458320870996
6604,1.7162879705429077,0.0005770332645624876
6605,1.7213549613952637,0.000577707716729492
6606,1.6613539457321167,0.0005785295506939292
6607,1.7162879705429077,0.0005796109326183796
6608,1.6562869548797607,0.0005807472625747323
6609,1.646420955657959,0.0005820953520014882
6610,1.6261539459228516,0.0005837292410433292
6611,1.6213539838790894,0.0005858566146343946
6612,1.5661530494689941,0.0005883857375010848
6613,1.5912200212478638,0.0005910028703510761
6614,1.546152949333191,0.0005935881636105478
6615,1.5762859582901,0.0005954370135441422
6616,1.5312190055847168,0.0005964326555840671
6617,1.5861530303955078,0.000596670201048255
6618,1.5261520147323608,0.0005962245631963015
6619,1.5560189485549927,0.0005953790969215333
6620,1.5210859775543213,0.0005946913734078407
6621,1.5312190055847168,0.0005941874114796519
6622,1.5061520338058472,0.0005939765251241624
6623,1.546152949333191,0.0005938933463767171
6624,1.4909520149230957,0.0005938554531894624
6625,1.5512189865112305,0.000593686243519187
6626,1.5160189867019653,0.0005933757056482136
6627,1.546152949333191,0.0005934389773756266
6628,1.5010850429534912,0.000593568489421159
6629,1.5661530494689941,0.0005935614462941885
6630,1.5261520147323608,0.0005933861248195171
6631,1.5312190055847168,0.0005930147599428892
6632,1.5109519958496094,0.0005931563209742308
6633,1.5610860586166382,0.0005938454414717853
6634,1.5160189867019653,0.0005942591815255582
6635,1.5861530303955078,0.0005943675059825182
6636,1.5109519958496094,0.0005945427110418677
6637,1.541085958480835,0.0005947177996858954
6638,1.5261520147323608,0.0005954235093668103
6639,1.5560189485549927,0.0005964256124570966
6640,1.546152949333191,0.0005974143859930336
6641,1.546152949333191,0.0005986511241644621
6642,1.5312190055847168,0.0005999335553497076
6643,1.5810860395431519,0.0006011303630657494
6644,1.4909520149230957,0.0006020586006343365
6645,1.5610860586166382,0.0006024859612807631
6646,1.5010850429534912,0.0006025875918567181
6647,1.5962870121002197,0.0006021164008416235
6648,1.5261520147323608,0.0006006989278830588
6649,1.546152949333191,0.0005993238883093
6650,1.5261520147323608,0.0005984597955830395
6651,1.5610860586166382,0.0005980524001643062
6652,1.4909520149230957,0.0005979129346087575
6653,1.5512189865112305,0.000597998034209013
6654,1.4960190057754517,0.0005982022848911583
6655,1.5512189865112305,0.0005986495525576174
6656,1.5160189867019653,0.0005992039223201573
6657,1.5261520147323608,0.000599833729211241
6658,1.546152949333191,0.0006004778551869094
6659,1.57122004032135,0.0006011599907651544
6660,1.5160189867019653,0.0006018818239681423
6661,1.5560189485549927,0.0006026751361787319
6662,1.5261520147323608,0.0006035008700564504
6663,1.546152949333191,0.0006043813191354275
6664,1.5312190055847168,0.0006052596727386117
6665,1.5861530303955078,0.0006061871536076069
6666,1.5312190055847168,0.000607128837145865
6667,1.5610860586166382,0.0006081090541556478
6668,1.5210859775543213,0.0006091103423386812
6669,1.5512189865112305,0.0006101400940679014
6670,1.5160189867019653,0.0006111122202128172
6671,1.5661530494689941,0.0006119265453889966
6672,1.4410849809646606,0.0006126124644652009
6673,1.1904150247573853,0.000613233249168843
6674,0.5445399880409241,0.0006139037432149053
6675,0.22400300204753876,0.0006144881481304765
6676,-0.05653399974107742,0.0006146686500869691
6677,-0.252003014087677,0.0006143066566437483
6678,-0.38720500469207764,0.0006133015267550945
6679,-0.47227299213409424,0.000611783703789115
6680,-0.6576079726219177,0.0006097144796513021
6681,-0.8880109786987305,0.0006074229022487998
6682,-1.1482809782028198,0.0006053023389540613
6683,-1.338683009147644,0.000603271764703095
6684,-1.5440189838409424,0.0006019002175889909
6685,-1.6392199993133545,0.0006008445634506643
6686,-1.724287986755371,0.0006002990412525833
6687,-1.714421033859253,0.0005999486311338842
6688,-1.7594890594482422,0.0005995197570882738
6689,-1.7594890594482422,0.0005989880301058292
6690,-1.8144229650497437,0.0005983103765174747
6691,-1.8045560121536255,0.0005979008274152875
6692,-1.8696229457855225,0.000597527192439884
6693,-1.8144229650497437,0.0005972272483631968
6694,-1.8645570278167725,0.0005967393517494202
6695,-1.7944220304489136,0.0005958096589893103
6696,-1.8496229648590088,0.0005951439961791039
6697,-1.7642890214920044,0.0005948508041910827
6698,-1.789355993270874,0.0005947296740487218
6699,-1.7394880056381226,0.0005945610464550555
6700,-1.729354977607727,0.0005940751871094108
6701,-1.6944210529327393,0.0005934142973273993
6702,-1.6642869710922241,0.0005933546926826239
6703,-1.6392199993133545,0.0005939753027632833
6704,-1.6493539810180664,0.0005951708881184459
6705,-1.5992200374603271,0.0005969025078229606
6706,-1.6392199993133545,0.000599174527451396
6707,-1.5941530466079712,0.0006022281013429165
6708,-1.6392199993133545,0.000606097630225122
6709,-1.6040199995040894,0.0006100377067923546
6710,-1.6242870092391968,0.0006138735916465521
6711,-1.5541529655456543,0.0006176659953780472
6712,-1.5840200185775757,0.0006223329110071063
6713,-1.574152946472168,0.0006285036215558648
6714,-1.5890870094299316,0.000636231095995754
6715,-1.564020037651062,0.0006453822134062648
6716,-1.5792200565338135,0.000655281008221209
6717,-1.5541529655456543,0.0006655738106928766
6718,-1.6192200183868408,0.0006762214470654726
6719,-1.5541529655456543,0.000687058549374342
6720,-1.6090869903564453,0.0006981578189879656
6721,-1.5440189838409424,0.0007094498723745346
6722,-1.5792200565338135,0.0007210816838778555
6723,-1.5389529466629028,0.0007323127938434482
6724,-1.6090869903564453,0.0007432395359501243
6725,-1.5341529846191406,0.0007542021339759231
6726,-1.5992200374603271,0.0007651575142517686
6727,-1.564020037651062,0.000775890308432281
6728,-1.5992200374603271,0.0007866009837016463
6729,-1.5490859746932983,0.0007973274914547801
6730,-1.6040199995040894,0.000808037759270519
6731,-1.558953046798706,0.0008190377848222852
6732,-1.5792200565338135,0.0008303752401843667
6733,-1.5341529846191406,0.0008418436627835035
6734,-1.5792200565338135,0.0008532567298971117
6735,-1.408818006515503,0.0008643238106742501
6736,-0.8778780102729797,0.0008748859982006252
6737,-0.33200401067733765,0.0008848322322592139
6738,-0.12666800618171692,0.0008943263092078269
6739,0.15386900305747986,0.000903304317034781
6740,0.2789370119571686,0.0009119995520450175
6741,0.40933799743652344,0.000920129765290767
6742,0.5245400071144104,0.0009280069498345256
6743,0.7298759818077087,0.0009356868686154485
6744,0.9850789904594421,0.0009431550861336291
6745,1.2354819774627686,0.0009512146934866905
6746,1.3957509994506836,0.0009597690077498555
6747,1.5762859582901,0.0009686527773737907
6748,1.5810860395431519,0.0009780004620552063
6749,1.6562869548797607,0.0009872335940599442
6750,1.696287989616394,0.000996296526864171
6751,1.7514890432357788,0.0010052791330963373
6752,1.7114880084991455,0.00101407989859581
6753,1.7616219520568848,0.0010228342143818736
6754,1.7565549612045288,0.001031415187753737
6755,1.8114889860153198,0.0010394759010523558
6756,1.781622052192688,0.0010472345165908337
6757,1.7864220142364502,0.001055488595739007
6758,1.7314879894256592,0.001064291107468307
6759,1.7864220142364502,0.0010727433254942298
6760,1.6762880086898804,0.0010802519973367453
6761,1.7264219522476196,0.0010865919757634401
6762,1.641353964805603,0.0010922186775133014
6763,1.6864210367202759,0.0010979087091982365
6764,1.6312199831008911,0.0011035960633307695
6765,1.646420955657959,0.0011094294022768736
6766,1.5661530494689941,0.0011158547131344676
6767,1.6013530492782593,0.0011228309012949467
6768,1.5560189485549927,0.0011304940562695265
6769,1.5912200212478638,0.0011386945843696594
6770,1.5512189865112305,0.0011471046600490808
6771,1.5610860586166382,0.001155710662715137
6772,1.541085958480835,0.0011643872130662203
6773,1.57122004032135,0.0011727733071893454
6774,1.536018967628479,0.0011814518366008997
6775,1.5512189865112305,0.0011911385226994753
6776,1.5160189867019653,0.0012016402324661613
6777,1.5810860395431519,0.0012127693044021726
6778,1.5160189867019653,0.0012242475058883429
6779,1.5861530303955078,0.0012360010296106339
6780,1.5109519958496094,0.001248007989488542
6781,1.5160189867019653,0.001260180026292801
6782,1.5010850429534912,0.001272355206310749
6783,1.5560189485549927,0.0012845097808167338
6784,1.4960190057754517,0.0012966322246938944
6785,1.5610860586166382,0.0013088134583085775
6786,1.481084942817688,0.0013210466131567955
6787,1.57122004032135,0.0013333512470126152
6788,1.5312190055847168,0.0013456193264573812
6789,1.6213539838790894,0.0013578443322330713
6790,1.5661530494689941,0.0013700448907911777
6791,1.5861530303955078,0.0013822168111801147
6792,1.5261520147323608,0.001394317951053381
6793,1.6061530113220215,0.0014064258430153131
6794,1.5010850429534912,0.0014189525973051786
6795,1.57122004032135,0.0014320542104542255
6796,1.5261520147323608,0.001445262343622744
6797,1.5160189867019653,0.001458558952435851
6798,1.1354809999465942,0.0014719268074259162
6799,0.5794739723205566,0.0014856014167889953
6800,0.18880200386047363,0.00149902468547225
6801,-0.031466998159885406,0.001511976239271462
6802,-0.27680298686027527,0.001524421968497336
6803,-0.37707099318504333,0.0015364218270406127
6804,-0.5024060010910034,0.0015481429873034358
6805,-0.642408013343811,0.00155989034101367
6806,-0.8880109786987305,0.0015716255875304341
6807,-1.113347053527832,0.0015834984369575977
6808,-1.3888169527053833,0.0015955050475895405
6809,-1.5138859748840332,0.0016077067703008652
6810,-1.6592210531234741,0.0016200748505070806
6811,-1.6392199993133545,0.0016325190663337708
6812,-1.7493549585342407,0.0016450413968414068
6813,-1.7544219493865967,0.0016575753688812256
6814,-1.7994890213012695,0.0016700932756066322
6815,-1.734421968460083,0.0016826068749651313
6816,-1.8496229648590088,0.001695144921541214
6817,-1.8344229459762573,0.0017076731892302632
6818,-1.874690055847168,0.0017201746813952923
6819,-1.8546899557113647,0.0017325776861980557
6820,-1.8546899557113647,0.0017448854632675648
6821,-1.8096230030059814,0.0017570366617292166
6822,-1.8296229839324951,0.00176910066511482
6823,-1.7744220495224,0.0017811143770813942
6824,-1.7744220495224,0.0017930844333022833
6825,-1.7042880058288574,0.0018050656653940678
6826,-1.714421033859253,0.0018171840347349644
6827,-1.6893539428710938,0.001829224405810237
6828,-1.6642869710922241,0.0018411705968901515
6829,-1.348816990852356,0.001852909685112536
6830,-0.7528089880943298,0.0018645928939804435
6831,-0.30693700909614563,0.001876675058156252
6832,-0.07146800309419632,0.0018889084458351135
6833,0.19893600046634674,0.0019010640680789948
6834,0.2589370012283325,0.0019132449524477124
6835,0.42427200078964233,0.001925380900502205
6836,0.5744069814682007,0.0019371409434825182
6837,0.8400099873542786,0.0019482707139104605
6838,1.0552129745483398,0.001959159504622221
6839,1.3258830308914185,0.0019703255966305733
6840,1.481084942817688,0.0019818050786852837
6841,1.6312199831008911,0.0019934927113354206
6842,1.6162869930267334,0.00200534681789577
6843,1.7213549613952637,0.002017315709963441
6844,1.7162879705429077,0.0020292559638619423
6845,1.781622052192688,0.00204130494967103
6846,1.7565549612045288,0.0020533986389636993
6847,1.7864220142364502,0.0020656115375459194
6848,1.7864220142364502,0.0020778963807970285
6849,1.8314900398254395,0.0020902357064187527
6850,1.801622986793518,0.0021025778260082006
6851,1.856557011604309,0.00211487989872694
6852,1.781622052192688,0.002127206651493907
6853,1.8216229677200317,0.002139484975486994
6854,1.7365549802780151,0.0021516045089811087
6855,1.7565549612045288,0.002163565717637539
6856,1.6712210178375244,0.002175129484385252
6857,1.6712210178375244,0.002186161931604147
6858,1.6512210369110107,0.002196261892095208
6859,1.6512210369110107,0.0022055013105273247
6860,1.4208179712295532,0.002213955856859684
6861,0.9250779747962952,0.0022218702360987663
6862,0.37920498847961426,0.0022290281485766172
6863,0.12373500317335129,0.0022353618405759335
6864,-0.15173499286174774,0.002240924397483468
6865,-0.2669369876384735,0.0022459200117737055
6866,-0.40213799476623535,0.00225049932487309
6867,-0.5224069952964783,0.002254798077046871
6868,-0.7978770136833191,0.002259163884446025
6869,-1.0232130289077759,0.0022642307449132204
6870,-1.2634819746017456,0.002270384691655636
6871,-1.4189510345458984,0.002278256695717573
6872,-1.5941530466079712,0.0022873375564813614
6873,-1.6090869903564453,0.002297391416504979
6874,-1.734421968460083,0.0023075861390680075
6875,-1.729354977607727,0.0023178113624453545
6876,-1.7744220495224,0.0023279553279280663
6877,-1.7944220304489136,0.00233830907382071
6878,-1.8344229459762573,0.0023489142768085003
6879,-1.8144229650497437,0.0023597499821335077
6880,-1.8794900178909302,0.0023702324833720922
6881,-1.8394900560379028,0.0023805988021194935
6882,-1.874690055847168,0.002390600275248289
6883,-1.8144229650497437,0.0024003125727176666
6884,-1.8045560121536255,0.0024102404713630676
6885,-1.7994890213012695,0.0024202922359108925
6886,-1.7642890214920044,0.002430364489555359
6887,-1.7192209959030151,0.002440453041344881
6888,-1.6992210149765015,0.002450399799272418
6889,-1.6741540431976318,0.0024604606442153454
6890,-1.6541539430618286,0.002470914274454117
6891,-1.5240190029144287,0.0024813544005155563
6892,-1.1082810163497925,0.0024912082590162754
6893,-0.45733898878097534,0.002500418573617935
6894,-0.20693600177764893,0.002509048907086253
6895,0.07360100001096725,0.0025172620080411434
6896,0.25387001037597656,0.0025252990890294313
6897,0.39413800835609436,0.0025329519994556904
6898,0.4994730055332184,0.002540167421102524
6899,0.7096089720726013,0.0025471120607107878
6900,0.9250779747962952,0.0025540455244481564
6901,1.1704150438308716,0.0025611130986362696
6902,1.3506840467453003,0.0025685406289994717
6903,1.5261520147323608,0.0025762533769011497
6904,1.5861530303955078,0.0025842776522040367
6905,1.696287989616394,0.0025923068169504404
6906,1.7162879705429077,0.0026004333049058914
6907,1.7464220523834229,0.0026087244041264057
6908,1.7514890432357788,0.0026169465854763985
6909,1.7864220142364502,0.0026248060166835785
6910,1.781622052192688,0.0026324456557631493
6911,1.856557011604309,0.002639816142618656
6912,1.8165559768676758,0.0026470248121768236
6913,1.846690058708191,0.002654239535331726
6914,1.8114889860153198,0.002661634236574173
6915,1.8114889860153198,0.002668806118890643
6916,1.7413549423217773,0.0026750790420919657
6917,1.781622052192688,0.0026800783816725016
6918,1.7064210176467896,0.002684212289750576
6919,1.7064210176467896,0.002687799744307995
6920,1.6664210557937622,0.0026910356245934963
6921,1.6762880086898804,0.0026940754614770412
6922,1.5109519958496094,0.002697317861020565
6923,1.2605489492416382,0.002700677840039134
6924,0.609607994556427,0.002704421989619732
6925,0.28400400280952454,0.002708256710320711
6926,-0.02160000056028366,0.0027119365986436605
6927,-0.19173599779605865,0.002715679816901684
6928,-0.37707099318504333,0.002719614189118147
6929,-0.44213899970054626,0.002723869401961565
6930,-0.6674749851226807,0.002728389110416174
6931,-0.8778780102729797,0.0027335339691489935
6932,-1.1384140253067017,0.002739943563938141
6933,-1.2986830472946167,0.002747910562902689
6934,-1.5290859937667847,0.002757017035037279
6935,-1.5792200565338135,0.0027668816037476063
6936,-1.7192209959030151,0.0027770022861659527
6937,-1.714421033859253,0.0027872901409864426
6938,-1.8045560121536255,0.0027977176941931248
6939,-1.8045560121536255,0.0028084306977689266
6940,-1.8296229839324951,0.002819416346028447
6941,-1.7994890213012695,0.002830466255545616
6942,-1.8794900178909302,0.002841077744960785
6943,-1.8546899557113647,0.002851557917892933
6944,-1.9045569896697998,0.0028619125951081514
6945,-1.8296229839324951,0.00287228194065392
6946,-1.8546899557113647,0.0028823968023061752
6947,-1.789355993270874,0.0028925309889018536
6948,-1.789355993270874,0.0029025357216596603
6949,-1.734421968460083,0.002912640105932951
6950,-1.7544219493865967,0.002923036925494671
6951,-1.6893539428710938,0.002933705458417535
6952,-1.7192209959030151,0.0029444019310176373
6953,-1.629086971282959,0.002954957541078329
6954,-1.398684024810791,0.0029651569202542305
6955,-0.7626760005950928,0.0029748291708528996
6956,-0.38720500469207764,0.0029840939678251743
6957,-0.02160000056028366,0.002992853056639433
6958,0.1386680006980896,0.0030011185444891453
6959,0.29893699288368225,0.0030088513158261776
6960,0.3890720009803772,0.003015726339071989
6961,0.5944070219993591,0.0030215848237276077
6962,0.8149440288543701,0.003026639111340046
6963,1.0752129554748535,0.0030313991010189056
6964,1.25068199634552,0.003035834524780512
6965,1.465885043144226,0.003040371462702751
6966,1.5661530494689941,0.0030448909383267164
6967,1.6613539457321167,0.003048937302082777
6968,1.6512210369110107,0.003052284475415945
6969,1.7213549613952637,0.003054848173633218
6970,1.6914880275726318,0.0030562474858015776
6971,1.7914890050888062,0.003056084271520376
6972,1.7565549612045288,0.0030549676157534122
6973,1.8365559577941895,0.003053339896723628
6974,1.8314900398254395,0.0030513517558574677
6975,1.8717570304870605,0.003049243474379182
6976,1.801622986793518,0.003047005273401737
6977,1.8165559768676758,0.00304470956325531
6978,1.7765560150146484,0.0030413048807531595
6979,1.7714890241622925,0.0030370517633855343
6980,1.6914880275726318,0.0030318861827254295
6981,1.7213549613952637,0.0030257105827331543
6982,1.6712210178375244,0.0030186434742063284
6983,1.7064210176467896,0.0030111242085695267
6984,1.641353964805603,0.003003300866112113
6985,1.4909520149230957,0.0029954027850180864
6986,0.9250779747962952,0.0029873093590140343
6987,0.4192050099372864,0.0029789116233587265
6988,0.09866800159215927,0.0029699583537876606
6989,-0.12160199880599976,0.0029602665454149246
6990,-0.2970699965953827,0.002950182417407632
6991,-0.41227200627326965,0.00294014485552907
6992,-0.6074740290641785,0.002930386457592249
6993,-0.7426760196685791,0.002920951694250107
6994,-1.0381460189819336,0.0029117222875356674
6995,-1.2586820125579834,0.002902829088270664
6996,-1.4890849590301514,0.002894066274166107
6997,-1.5792200565338135,0.0028855716809630394
6998,-1.66935396194458,0.0028773113153874874
6999,-1.6992210149765015,0.0028692027553915977
7000,-1.789355993270874,0.002861153334379196
7001,-1.7394880056381226,0.002852918114513159
7002,-1.8245559930801392,0.00284438650123775
7003,-1.7794890403747559,0.0028354572132229805
7004,-1.8445559740066528,0.00282627297565341
7005,-1.8096230030059814,0.002817099681124091
7006,-1.8546899557113647,0.0028077231254428625
7007,-1.8394900560379028,0.002798115136101842
7008,-1.874690055847168,0.0027887774631381035
7009,-1.8045560121536255,0.0027797194197773933
7010,-1.8394900560379028,0.0027707619592547417
7011,-1.7642890214920044,0.0027620154432952404
7012,-1.7544219493865967,0.002753323409706354
7013,-1.714421033859253,0.0027445340529084206
7014,-1.6792210340499878,0.0027355984784662724
7015,-1.6893539428710938,0.0027272459119558334
7016,-1.5992200374603271,0.0027200370095670223
7017,-1.053346037864685,0.00271432613953948
7018,-0.5173400044441223,0.0027094646356999874
7019,-0.19173599779605865,0.002704826183617115
7020,0.028534000739455223,0.002700266893953085
7021,0.25387001037597656,0.0026951185427606106
7022,0.33920401334762573,0.0026891869492828846
7023,0.5445399880409241,0.0026824725791811943
7024,0.6746749877929688,0.0026751216500997543
7025,0.9552119970321655,0.002667385386303067
7026,1.2056150436401367,0.0026588384062051773
7027,1.4258840084075928,0.00264990353025496
7028,1.5061520338058472,0.0026402375660836697
7029,1.6162869930267334,0.0026299497112631798
7030,1.6312199831008911,0.0026191710494458675
7031,1.7314879894256592,0.0026080654934048653
7032,1.7264219522476196,0.002596714999526739
7033,1.7714890241622925,0.002585133071988821
7034,1.7413549423217773,0.002573128091171384
7035,1.8114889860153198,0.0025609727017581463
7036,1.7864220142364502,0.0025489574763923883
7037,1.846690058708191,0.002537185326218605
7038,1.8066890239715576,0.002525322837755084
7039,1.856557011604309,0.002513401908800006
7040,1.7765560150146484,0.0025016728322952986
7041,1.7914890050888062,0.002490028738975525
7042,1.7264219522476196,0.0024780570529401302
7043,1.7565549612045288,0.002466023899614811
7044,1.7114880084991455,0.0024543667677789927
7045,1.7213549613952637,0.0024428842589259148
7046,1.646420955657959,0.002431733999401331
7047,1.5912200212478638,0.002421309007331729
7048,1.2056150436401367,0.002411091234534979
7049,0.6496080160140991,0.0024007782340049744
7050,0.2890700101852417,0.0023893462494015694
7051,-0.011466999538242817,0.002376738004386425
7052,-0.2818700075149536,0.002363608218729496
7053,-0.3269369900226593,0.002349932212382555
7054,-0.49733999371528625,0.002335831057280302
7055,-0.642408013343811,0.0023211739026010036
7056,-0.9280120134353638,0.0023064143024384975
7057,-1.113347053527832,0.002291901968419552
7058,-1.3938839435577393,0.0022776881232857704
7059,-1.5290859937667847,0.0022637280635535717
7060,-1.6893539428710938,0.002249675802886486
7061,-1.66935396194458,0.002235536929219961
7062,-1.7394880056381226,0.0022213070187717676
7063,-1.714421033859253,0.0022068903781473637
7064,-1.7994890213012695,0.002192435087636113
7065,-1.7744220495224,0.002177909715101123
7066,-1.8546899557113647,0.0021632881835103035
7067,-1.8344229459762573,0.0021485304459929466
7068,-1.8794900178909302,0.002133643254637718
7069,-1.8245559930801392,0.002118673175573349
7070,-1.874690055847168,0.0021035978570580482
7071,-1.7845560312271118,0.002088442910462618
7072,-1.8394900560379028,0.002073206938803196
7073,-1.7394880056381226,0.002057999838143587
7074,-1.7493549585342407,0.0020428209099918604
7075,-1.6642869710922241,0.00202779658138752
7076,-1.6944210529327393,0.002012931741774082
7077,-1.6741540431976318,0.0019984059035778046
7078,-1.6642869710922241,0.001984258880838752
7079,-1.3738839626312256,0.001970570534467697
7080,-0.7626760005950928,0.0019573685713112354
7081,-0.27680298686027527,0.001944393152371049
7082,-0.07653400301933289,0.0019313991069793701
7083,0.17386899888515472,0.0019181406823918223
7084,0.2640030086040497,0.001904735923744738
7085,0.42427200078964233,0.0018917170818895102
7086,0.5696070194244385,0.0018789683235809207
7087,0.8349440097808838,0.0018657767213881016
7088,1.0402799844741821,0.0018519936129450798
7089,1.2957500219345093,0.0018381201662123203
7090,1.476017951965332,0.001824429607950151
7091,1.6213539838790894,0.001810724032111466
7092,1.5962870121002197,0.0017976458184421062
7093,1.7114880084991455,0.0017854869365692139
7094,1.7114880084991455,0.0017737344605848193
7095,1.7464220523834229,0.0017618602141737938
7096,1.7365549802780151,0.0017498066881671548
7097,1.7616219520568848,0.0017380056669935584
7098,1.7765560150146484,0.0017259567975997925
7099,1.846690058708191,0.0017143355216830969
7100,1.7765560150146484,0.0017026299610733986
7101,1.796555995941162,0.001691180863417685
7102,1.7162879705429077,0.0016799445729702711
7103,1.7514890432357788,0.0016685588052496314
7104,1.6864210367202759,0.001657244167290628
7105,1.7114880084991455,0.0016458577010780573
7106,1.646420955657959,0.001634412445127964
7107,1.6664210557937622,0.0016231779009103775
7108,1.6013530492782593,0.001612276304513216
7109,1.6261539459228516,0.0016018081223592162
7110,1.5560189485549927,0.0015922758029773831
7111,1.6061530113220215,0.0015828069299459457
7112,1.5512189865112305,0.001574008259922266
7113,1.6061530113220215,0.0015658775810152292
7114,1.5560189485549927,0.0015593675198033452
7115,1.5912200212478638,0.0015537557192146778
7116,1.541085958480835,0.0015488436911255121
7117,1.5912200212478638,0.0015449193306267262
7118,1.5312190055847168,0.0015423428267240524
7119,1.5762859582901,0.0015406301245093346
7120,1.541085958480835,0.0015392006607726216
7121,1.57122004032135,0.0015374901704490185
7122,1.5061520338058472,0.001535863266326487
7123,1.5512189865112305,0.0015346423024311662
7124,1.546152949333191,0.001533383852802217
7125,1.541085958480835,0.0015313709154725075
7126,1.5312190055847168,0.0015280961524695158
7127,1.536018967628479,0.001523416955024004
7128,1.5109519958496094,0.0015185310039669275
7129,1.5861530303955078,0.0015130111714825034
7130,1.5160189867019653,0.0015079554868862033
7131,1.5661530494689941,0.0015038303099572659
7132,1.541085958480835,0.001498616416938603
7133,1.57122004032135,0.0014926374424248934
7134,1.5312190055847168,0.0014866078272461891
7135,1.5861530303955078,0.0014808005653321743
7136,1.4960190057754517,0.001475258730351925
7137,1.5610860586166382,0.0014697771985083818
7138,1.541085958480835,0.0014633741229772568
7139,1.5610860586166382,0.0014568030601367354
7140,1.5261520147323608,0.0014502116246148944
7141,1.4410849809646606,0.0014438820071518421
7142,1.0152130126953125,0.0014366336399689317
7143,0.4442720115184784,0.0014288309030234814
7144,0.15893499553203583,0.0014205117477104068
7145,-0.11173500120639801,0.0014120921259745955
7146,-0.3218710124492645,0.0014041445683687925
7147,-0.3821380138397217,0.0013968140119686723
7148,-0.5824069976806641,0.0013907011598348618
7149,-0.7176089882850647,0.0013854708522558212
7150,-1.013079047203064,0.0013810108648613095
7151,-1.1685479879379272,0.0013770698569715023
7152,-1.4237509965896606,0.0013733585365116596
7153,-1.5440189838409424,0.0013699717819690704
7154,-1.66935396194458,0.0013668066821992397
7155,-1.6792210340499878,0.0013638261007145047
7156,-1.7594890594482422,0.001360818394459784
7157,-1.7544219493865967,0.0013576257042586803
7158,-1.8245559930801392,0.0013539048377424479
7159,-1.7394880056381226,0.0013497230829671025
7160,-1.8645570278167725,0.0013451718259602785
7161,-1.8245559930801392,0.0013404055498540401
7162,-1.9245569705963135,0.001335329725407064
7163,-1.874690055847168,0.0013297793921083212
7164,-1.889623999595642,0.0013240461703389883
7165,-1.8245559930801392,0.001318258699029684
7166,-1.8144229650497437,0.0013123652897775173
7167,-1.7794890403747559,0.001306332997046411
7168,-1.7845560312271118,0.001299890922382474
7169,-1.7042880058288574,0.0012927791103720665
7170,-1.729354977607727,0.0012852586805820465
7171,-1.7042880058288574,0.0012777220690622926
7172,-1.6141539812088013,0.0012709496077150106
7173,-1.2336150407791138,0.0012659374624490738
7174,-0.637607991695404,0.0012618664186447859
7175,-0.2818700075149536,0.0012580822221934795
7176,-0.03653400018811226,0.0012542782351374626
7177,0.23893600702285767,0.0012504091719165444
7178,0.3141370117664337,0.0012463085586205125
7179,0.4794729948043823,0.0012418176047503948
7180,0.5994740128517151,0.0012366422452032566
7181,0.9050779938697815,0.0012311923783272505
7182,1.1002800464630127,0.0012258116621524096
7183,1.3557499647140503,0.0012204372324049473
7184,1.470952033996582,0.001214943709783256
7185,1.6261539459228516,0.0012092245742678642
7186,1.6261539459228516,0.0012031163787469268
7187,1.7114880084991455,0.0011963339056819677
7188,1.7264219522476196,0.0011884993873536587
7189,1.7314879894256592,0.0011794394813477993
7190,1.7264219522476196,0.00116952252574265
7191,1.796555995941162,0.0011590707581490278
7192,1.7864220142364502,0.0011484272545203567
7193,1.8314900398254395,0.0011376462643966079
7194,1.801622986793518,0.0011266972869634628
7195,1.7914890050888062,0.0011155008105561137
7196,1.7413549423217773,0.001104013528674841
7197,1.7616219520568848,0.0010924222879111767
7198,1.6712210178375244,0.0010812400141730905
7199,1.6864210367202759,0.0010703593725338578
7200,1.6613539457321167,0.0010597632499411702
7201,1.68135404586792,0.0010495437309145927
7202,1.6312199831008911,0.0010399610036984086
7203,1.6112200021743774,0.001030864892527461
7204,1.305616021156311,0.0010220878757536411
7205,0.7498760223388672,0.0010132077150046825
7206,0.29893699288368225,0.0010039753979071975
7207,0.02346700057387352,0.0009944871999323368
7208,-0.23680299520492554,0.0009845143649727106
7209,-0.3120039999485016,0.0009744714479893446
7210,-0.4472059905529022,0.0009649173589423299
7211,-0.597341001033783,0.0009563789353705943
7212,-0.8528109788894653,0.0009481867891736329
7213,-1.0832140445709229,0.0009403334697708488
7214,-1.3688169717788696,0.0009321044199168682
7215,-1.504019021987915,0.0009241938823834062
7216,-1.6493539810180664,0.0009160108747892082
7217,-1.6642869710922241,0.0009080786257982254
7218,-1.7442879676818848,0.000899759354069829
7219,-1.7442879676818848,0.0008913244819268584
7220,-1.769355058670044,0.000882662832736969
7221,-1.7642890214920044,0.0008736236486583948
7222,-1.8045560121536255,0.0008646370843052864
7223,-1.8594900369644165,0.0008555854437872767
7224,-1.8645570278167725,0.0008468845044262707
7225,-1.8496229648590088,0.0008376183686777949
7226,-1.9045569896697998,0.0008284732466563582
7227,-1.8096230030059814,0.0008192597888410091
7228,-1.8096230030059814,0.0008102693827822804
7229,-1.729354977607727,0.0008015648927539587
7230,-1.7544219493865967,0.0007928768172860146
7231,-1.7192209959030151,0.0007845796062611043
7232,-1.6992210149765015,0.0007758184801787138
7233,-1.6741540431976318,0.0007670419872738421
7234,-1.6944210529327393,0.0007588737644255161
7235,-1.629086971282959,0.0007517201011069119
7236,-1.66935396194458,0.0007456609746441245
7237,-1.634153962135315,0.0007403177442029119
7238,-1.6392199993133545,0.0007357579888775945
7239,-1.6040199995040894,0.0007318292045965791
7240,-1.6242870092391968,0.0007280504796653986
7241,-1.569085955619812,0.0007242061547003686
7242,-1.6040199995040894,0.0007204879075288773
7243,-1.5389529466629028,0.0007168126758188009
7244,-1.5890870094299316,0.0007133350009098649
7245,-1.5389529466629028,0.0007104804972186685
7246,-1.6141539812088013,0.0007080856012180448
7247,-1.5490859746932983,0.0007060006028041244
7248,-1.5792200565338135,0.0007041298085823655
7249,-1.5189520120620728,0.0007023995276540518
7250,-1.574152946472168,0.0007007479434832931
7251,-1.5341529846191406,0.0006991014815866947
7252,-1.5840200185775757,0.0006975079886615276
7253,-1.5440189838409424,0.0006959205493330956
7254,-1.5792200565338135,0.0006943544140085578
7255,-1.5389529466629028,0.0006927722133696079
7256,-1.569085955619812,0.0006912026437930763
7257,-1.509086012840271,0.0006896026316098869
7258,-1.574152946472168,0.0006880267756059766
7259,-1.5541529655456543,0.0006864638417027891
7260,-1.5890870094299316,0.0006849380442872643
7261,-1.5440189838409424,0.0006834248779341578
7262,-1.574152946472168,0.000681952340528369
7263,-1.558953046798706,0.000680492608807981
7264,-1.574152946472168,0.0006791086634621024
7265,-1.5240190029144287,0.0006777449161745608
7266,-1.5840200185775757,0.0006764581194147468
7267,-1.509086012840271,0.0006751916371285915
7268,-1.6242870092391968,0.0006739728269167244
7269,-1.5490859746932983,0.0006727249128744006
7270,-1.5490859746932983,0.0006713288021273911
7271,-1.5440189838409424,0.0006696910713799298
7272,-1.5840200185775757,0.0006678824429400265
7273,-1.5541529655456543,0.0006656853947788477
7274,-1.5541529655456543,0.0006633008597418666
7275,-1.5341529846191406,0.0006609574193134904
7276,-1.6040199995040894,0.0006586791714653373
7277,-1.5440189838409424,0.0006567552918568254
7278,-1.5890870094299316,0.0006550466641783714
7279,-1.5490859746932983,0.0006533694104291499
7280,-1.5840200185775757,0.0006514960550703108
7281,-1.5290859937667847,0.0006492092506960034
7282,-1.5890870094299316,0.0006470386870205402
7283,-1.5389529466629028,0.000644777319394052
7284,-1.574152946472168,0.0006425936007872224
7285,-1.5440189838409424,0.0006405680906027555
7286,-1.558953046798706,0.0006387588218785822
7287,-1.5490859746932983,0.0006368968752212822
7288,-1.6141539812088013,0.0006348335882648826
7289,-1.5440189838409424,0.0006326187867671251
7290,-1.569085955619812,0.0006306682480499148
7291,-1.574152946472168,0.000628737558145076
7292,-1.569085955619812,0.0006265825359150767
7293,-1.5440189838409424,0.0006241335649974644
7294,-1.5890870094299316,0.0006217932095751166
7295,-1.569085955619812,0.000619548256509006
7296,-1.5840200185775757,0.0006171424174681306
7297,-1.5240190029144287,0.0006146442610770464
7298,-1.5792200565338135,0.0006124551873654127
7299,-1.5840200185775757,0.000610290328040719
7300,-1.5792200565338135,0.0006078209262341261
7301,-1.569085955619812,0.0006052430835552514
7302,-1.5840200185775757,0.0006023820606060326
7303,-1.5792200565338135,0.0005988652119413018
7304,-1.6141539812088013,0.0005952354986220598
7305,-1.5240190029144287,0.0005916983936913311
7306,-1.6040199995040894,0.000588886090554297
7307,-1.558953046798706,0.0005866904393769801
7308,-1.574152946472168,0.000584925408475101
7309,-1.558953046798706,0.000583625107537955
7310,-1.5992200374603271,0.0005826850538142025
7311,-1.5541529655456543,0.0005820206715725362
7312,-1.5941530466079712,0.0005815083859488368
7313,-1.558953046798706,0.0005810472648590803
7314,-1.5840200185775757,0.0005806133849546313
7315,-1.5440189838409424,0.0005801465595141053
7316,-1.5840200185775757,0.0005796598270535469
7317,-1.5189520120620728,0.000579139101319015
7318,-1.5890870094299316,0.0005786057445220649
7319,-1.5290859937667847,0.0005780456704087555
7320,-1.5890870094299316,0.0005774825112894177
7321,-1.5440189838409424,0.0005769147537648678
7322,-1.5541529655456543,0.000576350255869329
7323,-1.5341529846191406,0.0005757956532761455
7324,-1.5890870094299316,0.0005752677097916603
7325,-1.5541529655456543,0.0005747470422647893
7326,-1.5941530466079712,0.0005742647335864604
7327,-1.5189520120620728,0.0005737828905694187
7328,-1.6090869903564453,0.0005733338766731322
7329,-1.5189520120620728,0.0005728831747546792
7330,-1.574152946472168,0.0005723889917135239
7331,-1.569085955619812,0.0005718469619750977
7332,-1.5941530466079712,0.0005712345009669662
7333,-1.5840200185775757,0.000570448231883347
7334,-1.5992200374603271,0.0005693762795999646
7335,-1.5490859746932983,0.0005679178284481168
7336,-1.6040199995040894,0.0005660132737830281
7337,-1.564020037651062,0.000563881709240377
7338,-1.5941530466079712,0.0005616489797830582
7339,-1.5792200565338135,0.0005597536219283938
7340,-1.5941530466079712,0.0005580952856689692
7341,-1.5792200565338135,0.0005563496379181743
7342,-1.6541539430618286,0.0005544808809645474
7343,-1.5541529655456543,0.0005527125904336572
7344,-1.6242870092391968,0.0005514726508408785
7345,-1.5541529655456543,0.0005504332948476076
7346,-1.5941530466079712,0.0005491821793839335
7347,-1.574152946472168,0.0005479806568473577
7348,-1.5840200185775757,0.0005466330330818892
7349,-1.5840200185775757,0.0005450230091810226
7350,-1.5992200374603271,0.0005433440674096346
7351,-1.5240190029144287,0.000541707209777087
7352,-1.569085955619812,0.0005401400849223137
7353,-1.558953046798706,0.0005382804665714502
7354,-1.6192200183868408,0.0005366622353903949
7355,-1.558953046798706,0.0005345889367163181
7356,-1.5840200185775757,0.0005326219252310693
7357,-1.5440189838409424,0.0005306085804477334
7358,-1.6090869903564453,0.0005291098495945334
7359,-1.569085955619812,0.0005282525671645999
7360,-1.6242870092391968,0.000527121708728373
7361,-1.5440189838409424,0.0005258676828816533
7362,-1.6040199995040894,0.0005249386886134744
7363,-1.5440189838409424,0.0005244147614575922
7364,-1.6141539812088013,0.0005235684802755713
7365,-1.5440189838409424,0.000522326270584017
7366,-1.5941530466079712,0.0005203971522860229
7367,-1.5541529655456543,0.0005177927087061107
7368,-1.6392199993133545,0.0005142022273503244
7369,-1.558953046798706,0.0005103703588247299
7370,-1.5890870094299316,0.0005058767274022102
7371,-1.5440189838409424,0.0005014785565435886
7372,-1.5792200565338135,0.0004974736948497593
7373,-1.558953046798706,0.0004933292511850595
7374,-1.5792200565338135,0.0004887325339950621
7375,-1.5941530466079712,0.00048404961125925183
7376,-1.6141539812088013,0.0004798807785846293
7377,-1.574152946472168,0.00047608130262233317
7378,-1.6040199995040894,0.00047249897033907473
7379,-1.574152946472168,0.00046835714601911604
7380,-1.6040199995040894,0.0004636012017726898
7381,-1.5290859937667847,0.0004589794552884996
7382,-1.569085955619812,0.0004541872185654938
7383,-1.5440189838409424,0.00044921343214809895
7384,-1.5792200565338135,0.0004438549221958965
7385,-1.5341529846191406,0.0004380886966828257
7386,-1.6040199995040894,0.0004319389699958265
7387,-1.5490859746932983,0.00042462549754418433
7388,-1.574152946472168,0.0004181877593509853
7389,-1.5541529655456543,0.00041217278339900076
7390,-1.558953046798706,0.00040594738675281405
7391,-1.5240190029144287,0.0003995319420937449
7392,-1.564020037651062,0.00039340247167274356
7393,-1.558953046798706,0.00038728659274056554
7394,-1.6141539812088013,0.00038219179259613156
7395,-1.569085955619812,0.0003772508935071528
7396,-1.6141539812088013,0.0003723338304553181
7397,-1.574152946472168,0.00036716824979521334
7398,-1.6192200183868408,0.00036286795511841774
7399,-1.569085955619812,0.00035887438571080565
7400,-1.6141539812088013,0.00035510817542672157
7401,-1.558953046798706,0.0003511624818202108
7402,-1.6242870092391968,0.00034674745984375477
7403,-1.5840200185775757,0.0003419138374738395
7404,-1.5792200565338135,0.00033645209623500705
7405,-1.5490859746932983,0.0003305964055471122
7406,-1.5992200374603271,0.000324321910738945
7407,-1.5341529846191406,0.0003179189225193113
7408,-1.629086971282959,0.0003114708233624697
7409,-1.564020037651062,0.0003049469960387796
7410,-1.6192200183868408,0.0002984708989970386
7411,-1.5840200185775757,0.00029196712421253324
7412,-1.629086971282959,0.0002855611965060234
7413,-1.574152946472168,0.0002792124287225306
7414,-1.6090869903564453,0.00027308083372190595
7415,-1.5840200185775757,0.00026712953695096076
7416,-1.6090869903564453,0.0002612925600260496
7417,-1.574152946472168,0.0002556902763899416
7418,-1.6040199995040894,0.00025040237233042717
7419,-1.558953046798706,0.0002455047215335071
7420,-1.5941530466079712,0.00024103527539409697
7421,-1.569085955619812,0.0002372433227719739
7422,-1.5541529655456543,0.0002341260260436684
7423,-1.1685479879379272,0.0002318538463441655
7424,-0.5624070167541504,0.0002305004745721817
7425,-0.21680299937725067,0.0002298476902069524
7426,0.008533000014722347,0.00022953732695896178
7427,0.24907000362873077,0.00022909726249054074
7428,0.33920401334762573,0.00022851047106087208
7429,0.5144060254096985,0.00022743649606127292
7430,0.6245409846305847,0.0002264819631818682
7431,0.9000110030174255,0.0002257871237816289
7432,1.1154810190200806,0.0002249541284982115
7433,1.3709499835968018,0.00022410694509744644
7434,1.4909520149230957,0.0002234707644674927
7435,1.636286973953247,0.00022309467021841556
7436,1.6162869930267334,0.00022306464961729944
7437,1.7365549802780151,0.00022353076201397926
7438,1.696287989616394,0.0002240689063910395
7439,1.7714890241622925,0.00022482879285234958
7440,1.7413549423217773,0.00022540567442774773
7441,1.801622986793518,0.0002262831258121878
7442,1.7765560150146484,0.00022693265054840595
7443,1.8416229486465454,0.00022775237448513508
7444,1.781622052192688,0.0002287662064190954
7445,1.796555995941162,0.00022978948254603893
7446,1.7264219522476196,0.0002312646247446537
7447,1.781622052192688,0.00023238841095007956
7448,1.696287989616394,0.00023377903562504798
7449,1.7114880084991455,0.0002352585142944008
7450,1.641353964805603,0.00023647010675631464
7451,1.6613539457321167,0.00023791776038706303
7452,1.6013530492782593,0.00023953717027325183
7453,1.6512210369110107,0.00024159709573723376
7454,1.5810860395431519,0.0002442193799652159
7455,1.6112200021743774,0.0002469172759447247
7456,1.5762859582901,0.000249433156568557
7457,1.6213539838790894,0.0002518068067729473
7458,1.5762859582901,0.0002546249015722424
7459,1.5861530303955078,0.0002576136030256748
7460,1.5160189867019653,0.000260115135461092
7461,1.5912200212478638,0.0002627205685712397
7462,1.5312190055847168,0.000265869137365371
7463,1.5861530303955078,0.00026949611492455006
7464,1.4909520149230957,0.0002734886365942657
7465,1.5512189865112305,0.00027730432339012623
7466,1.5210859775543213,0.00028070335974916816
7467,1.536018967628479,0.0002839101944118738
7468,1.5061520338058472,0.00028764689341187477
7469,1.5762859582901,0.00029126874869689345
7470,1.5160189867019653,0.00029585277661681175
7471,1.5610860586166382,0.0002998824347741902
7472,1.546152949333191,0.00030467883334495127
7473,1.5762859582901,0.00030962569871917367
7474,1.5312190055847168,0.0003149679978378117
7475,1.5661530494689941,0.0003209796850569546
7476,1.5210859775543213,0.0003269566805101931
7477,1.5810860395431519,0.00033216021256521344
7478,1.4909520149230957,0.0003367592580616474
7479,1.5610860586166382,0.0003419179411139339
7480,1.5312190055847168,0.0003467826754786074
7481,1.5661530494689941,0.000351509777829051
7482,1.5160189867019653,0.00035530910827219486
7483,1.5560189485549927,0.00035888724960386753
7484,1.541085958480835,0.00036223646020516753
7485,1.3808170557022095,0.00036580528831109405
7486,0.8149440288543701,0.00036927592009305954
7487,0.36427098512649536,0.00037189567228779197
7488,0.028534000739455223,0.0003744504356291145
7489,-0.1568019986152649,0.00037656351923942566
7490,-0.3269369900226593,0.0003788138274103403
7491,-0.41227200627326965,0.00038159225368872285
7492,-0.5725399851799011,0.00038501364178955555
7493,-0.7778760194778442,0.0003888043574988842
7494,-1.0381460189819336,0.00039282720535993576
7495,-1.2536159753799438,0.0003970279940403998
7496,-1.4538849592208862,0.0004014922888018191
7497,-1.5541529655456543,0.00040621223160997033
7498,-1.6992210149765015,0.00041099684312939644
7499,-1.66935396194458,0.00041572656482458115
7500,-1.7544219493865967,0.00042039965046569705
7501,-1.7394880056381226,0.0004249843768775463
7502,-1.7994890213012695,0.00042943013249896467
7503,-1.7544219493865967,0.00043376637040637434
7504,-1.8045560121536255,0.0004380208847578615
7505,-1.8045560121536255,0.00044218823313713074
7506,-1.8845570087432861,0.0004461903590708971
7507,-1.8096230030059814,0.00044994038762524724
7508,-1.8344229459762573,0.0004535104671958834
7509,-1.7744220495224,0.0004569175362121314
7510,-1.7794890403747559,0.00046018866123631597
7511,-1.724287986755371,0.0004633566422853619
7512,-1.7093549966812134,0.000466261146357283
7513,-1.714421033859253,0.00046912906691432
7514,-1.714421033859253,0.0004716711991932243
7515,-1.6741540431976318,0.00047411335981450975
7516,-1.6893539428710938,0.0004761439631693065
7517,-1.629086971282959,0.0004787195357494056
7518,-1.6090869903564453,0.00048150186194106936
7519,-1.6090869903564453,0.0004847251111641526
7520,-1.6192200183868408,0.0004891331773251295
7521,-1.5792200565338135,0.0004943404346704483
7522,-1.574152946472168,0.0004993798211216927
7523,-1.564020037651062,0.0005050083855167031
7524,-1.5890870094299316,0.000511396792717278
7525,-1.558953046798706,0.0005167355993762612
7526,-1.6141539812088013,0.0005218343576416373
7527,-1.5792200565338135,0.0005275561707094312
7528,-1.629086971282959,0.0005339185008779168
7529,-1.5341529846191406,0.0005393686587922275
7530,-1.569085955619812,0.0005444359267130494
7531,-1.5290859937667847,0.0005497345700860023
7532,-1.5792200565338135,0.0005558442790061235
7533,-1.5440189838409424,0.000562231638468802
7534,-1.564020037651062,0.0005677804001607001
7535,-1.5341529846191406,0.0005727034294977784
7536,-1.5541529655456543,0.000577516679186374
7537,-1.5341529846191406,0.0005827195709571242
7538,-1.6040199995040894,0.0005887727020308375
7539,-1.5490859746932983,0.0005947892204858363
7540,-1.6090869903564453,0.000600172090344131
7541,-1.5290859937667847,0.0006048287032172084
7542,-1.6040199995040894,0.0006093300180509686
7543,-1.569085955619812,0.0006142208585515618
7544,-1.5890870094299316,0.0006196683971211314
7545,-1.5440189838409424,0.000624176871497184
7546,-1.5992200374603271,0.000628327950835228
7547,-1.5389529466629028,0.0006321595283225179
7548,-1.5992200374603271,0.0006357990205287933
7549,-1.5341529846191406,0.0006393231451511383
7550,-1.5992200374603271,0.000642433122266084
7551,-1.5440189838409424,0.0006453085807152092
7552,-1.6442869901657104,0.0006477817078121006
7553,-1.5189520120620728,0.0006503990734927356
7554,-1.5890870094299316,0.0006532986299134791
7555,-1.574152946472168,0.0006551730330102146
7556,-1.6090869903564453,0.0006563750212080777
7557,-1.5840200185775757,0.0006575687439180911
7558,-1.5840200185775757,0.0006585745140910149
7559,-1.5440189838409424,0.0006598667823709548
7560,-1.6090869903564453,0.0006613026489503682
7561,-1.558953046798706,0.0006632693111896515
7562,-1.558953046798706,0.0006652275333181024
7563,-1.558953046798706,0.0006674393080174923
7564,-1.5890870094299316,0.0006696701166220009
7565,-1.5541529655456543,0.0006717387586832047
7566,-1.5792200565338135,0.0006739483796991408
7567,-1.5541529655456543,0.0006760787800885737
7568,-1.5992200374603271,0.0006780164549127221
7569,-1.5541529655456543,0.000680003606248647
7570,-1.5992200374603271,0.0006814690423198044
7571,-1.564020037651062,0.0006828111363574862
7572,-1.5890870094299316,0.0006841151625849307
7573,-1.5290859937667847,0.0006850381614640355
7574,-1.5490859746932983,0.0006857815897092223
7575,-1.569085955619812,0.0006863404414616525
7576,-1.569085955619812,0.0006867836345918477
7577,-1.5440189838409424,0.0006873066304251552
7578,-1.5941530466079712,0.000687809893861413
7579,-1.5389529466629028,0.000688479864038527
7580,-1.5941530466079712,0.0006891489028930664
7581,-1.5341529846191406,0.0006899043219164014
7582,-1.5792200565338135,0.0006905313348397613
7583,-1.6040199995040894,0.0006910882075317204
7584,-1.5840200185775757,0.0006914869882166386
7585,-1.5541529655456543,0.0006917703431099653
7586,-1.629086971282959,0.0006919647566974163
7587,-1.569085955619812,0.0006921234307810664
7588,-1.6141539812088013,0.0006922552129253745
7589,-1.5290859937667847,0.000692318077199161
7590,-1.5992200374603271,0.0006923695909790695
7591,-1.564020037651062,0.0006924272165633738
7592,-1.6141539812088013,0.0006924893823452294
7593,-1.564020037651062,0.0006925860652700067
7594,-1.5840200185775757,0.0006926800706423819
7595,-1.5541529655456543,0.0006928212242200971
7596,-1.6141539812088013,0.0006929642986506224
7597,-1.5541529655456543,0.000693134032189846
7598,-1.5992200374603271,0.0006932925316505134
7599,-1.569085955619812,0.0006934687844477594
7600,-1.6040199995040894,0.0006936161080375314
7601,-1.5792200565338135,0.0006937849102541804
7602,-1.6392199993133545,0.0006939454469829798
7603,-1.5890870094299316,0.0006941281026229262
7604,-1.6192200183868408,0.00069432333111763
7605,-1.5840200185775757,0.0006945823552086949
7606,-1.5890870094299316,0.0006949254311621189
7607,-1.5840200185775757,0.000695418450050056
7608,-1.6090869903564453,0.0006961465114727616
7609,-1.5341529846191406,0.0006972271949052811
7610,-1.403751015663147,0.0006986366352066398
7611,-0.8026769757270813,0.000700551550835371
7612,-0.3621380031108856,0.0007025710074231029
7613,-0.07146800309419632,0.0007044680532999337
7614,0.15893499553203583,0.0007055840687826276
7615,0.33920401334762573,0.0007057554903440177
7616,0.3490709960460663,0.0007059194031171501
7617,0.5845410227775574,0.0007063805824145675
7618,0.7648100256919861,0.0007065833196975291
7619,1.0552129745483398,0.0007060070056468248
7620,1.2106820344924927,0.0007049782434478402
7621,1.4410849809646606,0.0007039045449346304
7622,1.5312190055847168,0.0007030317792668939
7623,1.646420955657959,0.0007027571555227041
7624,1.6562869548797607,0.0007035135058686137
7625,1.7413549423217773,0.0007043677615001798
7626,1.7064210176467896,0.000705443206243217
7627,1.796555995941162,0.0007060727220959961
7628,1.7765560150146484,0.0007065001409500837
7629,1.8365559577941895,0.0007066364632919431
7630,1.7914890050888062,0.0007064342498779297
7631,1.8314900398254395,0.0007066695252433419
7632,1.7664220333099365,0.0007064355304464698
7633,1.8216229677200317,0.0007067712140269578
7634,1.7864220142364502,0.0007068518316373229
7635,1.7714890241622925,0.0007069566054269671
7636,1.7264219522476196,0.0007075711619108915
7637,1.7413549423217773,0.0007079202914610505
7638,1.646420955657959,0.0007087164558470249
7639,1.7064210176467896,0.0007102640811353922
7640,1.6261539459228516,0.000712089182343334
7641,1.546152949333191,0.0007146417046897113
7642,1.0402799844741821,0.000717283459380269
7643,0.5144060254096985,0.000720259384252131
7644,0.16880199313163757,0.0007230326300486922
7645,-0.03653400018811226,0.0007251009810715914
7646,-0.2720029950141907,0.000726657104678452
7647,-0.3621380031108856,0.0007277069962583482
7648,-0.53227299451828,0.000728202925529331
7649,-0.6576079726219177,0.0007284529274329543
7650,-0.9781460165977478,0.0007285810424946249
7651,-1.2034820318222046,0.0007288080523721874
7652,-1.4288179874420166,0.0007291770889423788
7653,-1.5341529846191406,0.000729783670976758
7654,-1.6541539430618286,0.0007305248291231692
7655,-1.6642869710922241,0.0007313422975130379
7656,-1.7594890594482422,0.0007321803132072091
7657,-1.734421968460083,0.0007330442313104868
7658,-1.8045560121536255,0.0007339301519095898
7659,-1.7794890403747559,0.0007347606588155031
7660,-1.8394900560379028,0.0007355286506935954
7661,-1.8045560121536255,0.0007361966418102384
7662,-1.8546899557113647,0.0007367898360826075
7663,-1.8594900369644165,0.0007372410036623478
7664,-1.8546899557113647,0.0007375908317044377
7665,-1.7594890594482422,0.0007378240115940571
7666,-1.8144229650497437,0.0007380422903224826
7667,-1.714421033859253,0.0007381947943940759
7668,-1.7394880056381226,0.000738337286747992
7669,-1.6992210149765015,0.0007384645286947489
7670,-1.6842880249023438,0.0007389654638245702
7671,-1.6741540431976318,0.000740263843908906
7672,-1.6893539428710938,0.0007420730544254184
7673,-1.6392199993133545,0.0007435049046762288
7674,-1.634153962135315,0.0007447997340932488
7675,-1.5840200185775757,0.0007464298978447914
7676,-1.6392199993133545,0.0007482864893972874
7677,-1.569085955619812,0.0007497058832086623
7678,-1.634153962135315,0.0007509056013077497
7679,-1.5792200565338135,0.000751586863771081
7680,-1.6192200183868408,0.0007509537972509861
7681,-1.5792200565338135,0.0007497054757550359
7682,-1.574152946472168,0.0007484341622330248
7683,-1.5290859937667847,0.0007474157027900219
7684,-1.6242870092391968,0.0007469714619219303
7685,-1.5490859746932983,0.000746677746064961
7686,-1.6040199995040894,0.000746719422750175
7687,-1.5389529466629028,0.0007467478280887008
7688,-1.6040199995040894,0.0007476003956981003
7689,-1.5490859746932983,0.0007487063412554562
7690,-1.569085955619812,0.0007494966266676784
7691,-1.5290859937667847,0.0007504795212298632
7692,-1.5440189838409424,0.000751263985875994
7693,-1.5189520120620728,0.0007515379693359137
7694,-1.5840200185775757,0.0007520155049860477
7695,-1.5541529655456543,0.0007517803460359573
7696,-1.564020037651062,0.0007516337791457772
7697,-1.5189520120620728,0.0007511993171647191
7698,-1.5840200185775757,0.0007505709072574973
7699,-1.569085955619812,0.0007495876052416861
7700,-1.5792200565338135,0.0007481748471036553
7701,-1.558953046798706,0.000746672973036766
7702,-1.6141539812088013,0.0007447313400916755
7703,-1.5490859746932983,0.0007431303383782506
7704,-1.564020037651062,0.0007414108840748668
7705,-1.5341529846191406,0.0007396247237920761
7706,-1.6040199995040894,0.0007381639443337917
7707,-1.5290859937667847,0.0007363524055108428
7708,-1.5840200185775757,0.0007343052420765162
7709,-1.5189520120620728,0.0007316978299058974
7710,-1.574152946472168,0.0007284063613042235
7711,-1.5440189838409424,0.0007247634348459542
7712,-1.5992200374603271,0.000721078715287149
7713,-1.5240190029144287,0.000717105227522552
7714,-1.5541529655456543,0.0007122365059331059
7715,-1.5541529655456543,0.0007066698744893074
7716,-1.5840200185775757,0.0007014304283075035
7717,-1.558953046798706,0.0006960973842069507
7718,-1.5941530466079712,0.0006903296452946961
7719,-1.5890870094299316,0.0006840791320428252
7720,-1.5890870094299316,0.000677943229675293
7721,-1.558953046798706,0.0006722020334564149
7722,-1.6090869903564453,0.0006667246343567967
7723,-1.5792200565338135,0.0006609081174246967
7724,-1.574152946472168,0.0006545862415805459
7725,-1.5290859937667847,0.0006484488258138299
7726,-1.5840200185775757,0.0006419827695935965
7727,-1.5389529466629028,0.0006358805112540722
7728,-1.564020037651062,0.0006295865750871599
7729,-1.5189520120620728,0.0006231117295101285
7730,-1.569085955619812,0.0006167212268337607
7731,-1.5138859748840332,0.0006097417790442705
7732,-1.5792200565338135,0.0006027761846780777
7733,-1.5389529466629028,0.0005966920871287584
7734,-1.5992200374603271,0.0005908036837354302
7735,-1.5541529655456543,0.0005843643448315561
7736,-1.5992200374603271,0.0005778329214081168
7737,-1.5541529655456543,0.0005717818858101964
7738,-1.5992200374603271,0.0005664493655785918
7739,-1.5490859746932983,0.0005617056740447879
7740,-1.5890870094299316,0.000557218911126256
7741,-1.5490859746932983,0.0005524258012883365
7742,-1.5941530466079712,0.000547917908988893
7743,-1.5541529655456543,0.0005439206724986434
7744,-1.5890870094299316,0.0005403336836025119
7745,-1.558953046798706,0.0005370558938011527
7746,-1.564020037651062,0.0005337820621207356
7747,-1.5490859746932983,0.0005302136996760964
7748,-1.5992200374603271,0.0005260835168883204
7749,-1.558953046798706,0.000521848676726222
7750,-1.5890870094299316,0.0005174721591174603
7751,-1.5341529846191406,0.0005129737546667457
7752,-1.6442869901657104,0.0005083719734102488
7753,-1.5290859937667847,0.0005036641960032284
7754,-1.574152946472168,0.0004989717854186893
7755,-1.5341529846191406,0.0004943360108882189
7756,-1.5890870094299316,0.0004897790495306253
7757,-1.5541529655456543,0.0004853292484767735
7758,-1.5890870094299316,0.0004810155078303069
7759,-1.5840200185775757,0.00047681410796940327
7760,-1.6141539812088013,0.00047269725473597646
7761,-1.5890870094299316,0.0004687041509896517
7762,-1.5840200185775757,0.00046494760317727923
7763,-1.569085955619812,0.00046155269956216216
7764,-1.6040199995040894,0.0004585196147672832
7765,-1.564020037651062,0.00045591569505631924
7766,-1.509086012840271,0.0004538505454547703
7767,-0.9930790066719055,0.00045240981853567064
7768,-0.4522719979286194,0.0004514468018896878
7769,-0.14160199463367462,0.0004505673423409462
7770,0.11360099911689758,0.00045007321750745177
7771,0.29413700103759766,0.0004493061569519341
7772,0.3592039942741394,0.0004487382830120623
7773,0.5194730162620544,0.0004477445036172867
7774,0.659741997718811,0.0004466699901968241
7775,0.9701449871063232,0.0004450916894711554
7776,1.1904150247573853,0.00044187187450006604
7777,1.4410849809646606,0.0004377556615509093
7778,1.5560189485549927,0.0004341276944614947
7779,1.636286973953247,0.0004297843261156231
7780,1.646420955657959,0.00042493967339396477
7781,1.7213549613952637,0.0004212695057503879
7782,1.70135498046875,0.00041802343912422657
7783,1.7565549612045288,0.0004139622615184635
7784,1.7464220523834229,0.0004092769231647253
7785,1.796555995941162,0.00040565384551882744
7786,1.7864220142364502,0.00040230798185802996
7787,1.796555995941162,0.0003992565907537937
7788,1.7565549612045288,0.000395159178879112
7789,1.801622986793518,0.0003910947998519987
7790,1.7565549612045288,0.0003879320283886045
7791,1.7314879894256592,0.0003853489179164171
7792,1.68135404586792,0.0003831161302514374
7793,1.7114880084991455,0.00038036610931158066
7794,1.6562869548797607,0.0003767159359995276
7795,1.6864210367202759,0.0003733598277904093
7796,1.6312199831008911,0.00037099915789440274
7797,1.6312199831008911,0.0003697314241435379
7798,1.6112200021743774,0.00036941273720003664
7799,1.636286973953247,0.00036861267290078104
7800,1.5861530303955078,0.000367381377145648
7801,1.6061530113220215,0.00036762497620657086
7802,1.5661530494689941,0.00036899116821587086
7803,1.5912200212478638,0.00037070357939228415
7804,1.5610860586166382,0.0003725432907231152
7805,1.5762859582901,0.0003748335875570774
7806,1.5061520338058472,0.00037829685606993735
7807,1.6112200021743774,0.0003818911500275135
7808,1.536018967628479,0.0003859581775031984
7809,1.5762859582901,0.0003893287794198841
7810,1.5560189485549927,0.00039241634658537805
7811,1.5861530303955078,0.0003970656543970108
7812,1.5512189865112305,0.0004023298097308725
7813,1.5610860586166382,0.00040760752744972706
7814,1.541085958480835,0.000413255620514974
7815,1.5810860395431519,0.0004184699500910938
7816,1.541085958480835,0.0004239824484102428
7817,1.5762859582901,0.00042865308932960033
7818,1.5512189865112305,0.0004334841505624354
7819,1.5661530494689941,0.0004389158566482365
7820,1.5261520147323608,0.00044339854503050447
7821,1.5762859582901,0.0004475270980037749
7822,1.5261520147323608,0.0004516308254096657
7823,1.5762859582901,0.0004566817660816014
7824,1.5312190055847168,0.00046131800627335906
7825,1.57122004032135,0.0004657215904444456
7826,1.5261520147323608,0.00046970462426543236
7827,1.5861530303955078,0.00047355255810543895
7828,1.5312190055847168,0.0004771544481627643
7829,1.315750002861023,0.0004815339925698936
7830,0.6397410035133362,0.0004855133593082428
7831,0.3040040135383606,0.000489227008074522
7832,0.008533000014722347,0.0004925705725327134
7833,-0.1818690001964569,0.0004957038909196854
7834,-0.34693801403045654,0.0004990262095816433
7835,-0.42720499634742737,0.000502652139402926
7836,-0.647475004196167,0.0005067550227977335
7837,-0.8328099846839905,0.000510877463966608
7838,-1.1032140254974365,0.0005152789526619017
7839,-1.3037500381469727,0.0005199093138799071
7840,-1.5138859748840332,0.0005247668013907969
7841,-1.5490859746932983,0.0005298142204992473
7842,-1.6893539428710938,0.000534959021024406
7843,-1.6992210149765015,0.0005401141825132072
7844,-1.7744220495224,0.0005451848264783621
7845,-1.7493549585342407,0.000550208380445838
7846,-1.7944220304489136,0.0005550878122448921
7847,-1.7845560312271118,0.0005598455318249762
7848,-1.8496229648590088,0.0005644520279020071
7849,-1.8296229839324951,0.0005688351229764521
7850,-1.8645570278167725,0.0005729672266170382
7851,-1.8045560121536255,0.0005768925184383988
7852,-1.8696229457855225,0.0005806153058074415
7853,-1.789355993270874,0.0005840941448695958
7854,-1.7994890213012695,0.0005874403868801892
7855,-1.714421033859253,0.0005905779544264078
7856,-1.7744220495224,0.0005934177897870541
7857,-1.6541539430618286,0.0005961871356703341
7858,-1.7042880058288574,0.0005987826152704656
7859,-1.6792210340499878,0.0006010632496327162
7860,-1.6893539428710938,0.0006030976073816419
7861,-1.6442869901657104,0.0006056707352399826
7862,-1.66935396194458,0.0006081992760300636
7863,-1.6090869903564453,0.0006111604161560535
7864,-1.629086971282959,0.0006151758134365082
7865,-1.5941530466079712,0.0006193801527842879
7866,-1.6392199993133545,0.0006229941500350833
7867,-1.5490859746932983,0.0006268451106734574
7868,-1.6040199995040894,0.0006308670272119343
7869,-1.5541529655456543,0.0006338421953842044
7870,-1.5341529846191406,0.0006368554313667119
7871,-1.5240190029144287,0.0006409969064407051
7872,-1.569085955619812,0.0006456869305111468
7873,-1.5189520120620728,0.0006492307875305414
7874,-1.574152946472168,0.0006524830241687596
7875,-1.5290859937667847,0.0006562540074810386
7876,-1.564020037651062,0.0006613514851778746
7877,-1.5341529846191406,0.0006665497785434127
7878,-1.5240190029144287,0.0006704950938001275
7879,-1.5541529655456543,0.0006740649696439505
7880,-1.5992200374603271,0.0006772669730708003
7881,-1.558953046798706,0.0006809118203818798
7882,-1.6141539812088013,0.0006850156933069229
7883,-1.5440189838409424,0.0006894196267239749
7884,-1.569085955619812,0.0006928689545020461
7885,-1.5440189838409424,0.0006956796860322356
7886,-1.5541529655456543,0.0006984802312217653
7887,-1.5189520120620728,0.0007012600544840097
7888,-1.5792200565338135,0.0007044200319796801
7889,-1.5341529846191406,0.0007063862285576761
7890,-1.569085955619812,0.00070815603248775
7891,-1.5490859746932983,0.000709583458956331
7892,-1.5840200185775757,0.0007107040146365762
7893,-1.5440189838409424,0.0007117578061297536
7894,-1.5941530466079712,0.0007124318508431315
7895,-1.5389529466629028,0.0007123117102310061
7896,-1.5541529655456543,0.0007115327171050012
7897,-1.5541529655456543,0.0007106409757398069
7898,-1.6040199995040894,0.0007099837530404329
7899,-1.5341529846191406,0.0007080617360770702
7900,-1.5890870094299316,0.0007058881456032395
7901,-1.5541529655456543,0.0007046646787784994
7902,-1.5792200565338135,0.00070365727879107
7903,-1.5290859937667847,0.0007035100716166198
7904,-1.5890870094299316,0.0007038164185360074
7905,-1.5541529655456543,0.0007050318527035415
7906,-1.5840200185775757,0.0007061817450448871
7907,-1.564020037651062,0.0007075366447679698
7908,-1.5840200185775757,0.0007088133133947849
7909,-1.5941530466079712,0.0007099761860445142
7910,-1.574152946472168,0.0007112249149940908
7911,-1.5541529655456543,0.0007122866227291524
7912,-1.6040199995040894,0.0007132651517167687
7913,-1.5792200565338135,0.0007142042159102857
7914,-1.6141539812088013,0.0007146672578528523
7915,-1.569085955619812,0.0007151411264203489
7916,-1.6040199995040894,0.0007155407220125198
7917,-1.5792200565338135,0.0007157190120778978
7918,-1.5992200374603271,0.0007158491644077003
7919,-1.5440189838409424,0.0007160507957451046
7920,-1.6141539812088013,0.0007165248389355838
7921,-1.5941530466079712,0.0007172540645115077
7922,-1.5541529655456543,0.0007182663539424539
7923,-1.1282809972763062,0.0007199919200502336
7924,-0.5725399851799011,0.0007222406566143036
7925,-0.20693600177764893,0.0007245338056236506
7926,0.008533000014722347,0.0007263815496116877
7927,0.2640030086040497,0.0007270615315064788
7928,0.3040040135383606,0.0007268748013302684
7929,0.4842729866504669,0.000727006234228611
7930,0.5994740128517151,0.0007272700313478708
7931,0.8949450254440308,0.000726895232219249
7932,1.1405479907989502,0.0007255189120769501
7933,1.3506840467453003,0.0007241214625537395
7934,1.5010850429534912,0.000722789962310344
7935,1.5962870121002197,0.0007213029894046485
7936,1.6613539457321167,0.0007210632902570069
7937,1.7064210176467896,0.0007213784847408533
7938,1.70135498046875,0.0007217967649921775
7939,1.7714890241622925,0.0007221188861876726
7940,1.6914880275726318,0.000722185242921114
7941,1.796555995941162,0.0007222486892715096
7942,1.7765560150146484,0.0007216522353701293
7943,1.8416229486465454,0.0007215752266347408
7944,1.7914890050888062,0.0007210638141259551
7945,1.8114889860153198,0.0007208270253613591
7946,1.7264219522476196,0.0007208384340628982
7947,1.781622052192688,0.0007205897127278149
7948,1.7213549613952637,0.0007207924500107765
7949,1.7314879894256592,0.0007210975745692849
7950,1.6762880086898804,0.000721232034265995
7951,1.6914880275726318,0.0007224068394862115
7952,1.641353964805603,0.0007240211707539856
7953,1.6162869930267334,0.000725849880836904
7954,1.3258830308914185,0.0007283062441274524
7955,0.7648100256919861,0.000730800733435899
7956,0.29893699288368225,0.0007336999988183379
7957,0.10373499989509583,0.0007359202718362212
7958,-0.21173599362373352,0.0007374536362476647
7959,-0.2970699965953827,0.0007386120851151645
7960,-0.49733999371528625,0.0007391619146801531
7961,-0.58747398853302,0.0007393591804429889
7962,-0.8578770160675049,0.0007393273990601301
7963,-1.0832140445709229,0.0007393326377496123
7964,-1.3136160373687744,0.000739448587410152
7965,-1.468817949295044,0.0007397610461339355
7966,-1.6040199995040894,0.000740236951969564
7967,-1.6242870092391968,0.0007408049423247576
7968,-1.724287986755371,0.0007414197316393256
7969,-1.7192209959030151,0.0007420256151817739
7970,-1.7944220304489136,0.0007426654919981956
7971,-1.7744220495224,0.00074328004848212
7972,-1.8496229648590088,0.0007438401225954294
7973,-1.8794900178909302,0.0007443006616085768
7974,-1.8546899557113647,0.0007446384406648576
7975,-1.8496229648590088,0.0007448670803569257
7976,-1.8496229648590088,0.0007450088742189109
7977,-1.769355058670044,0.0007450635894201696
7978,-1.8194890022277832,0.0007450892007909715
7979,-1.7192209959030151,0.0007450715638697147
7980,-1.7744220495224,0.0007450495031662285
7981,-1.724287986755371,0.0007449859986081719
7982,-1.6792210340499878,0.000744924764148891
7983,-1.6792210340499878,0.0007448524120263755
7984,-1.66935396194458,0.0007447866955772042
7985,-1.6242870092391968,0.0007447055540978909
7986,-1.66935396194458,0.0007446359377354383
7987,-1.5890870094299316,0.0007445451337844133
7988,-1.6741540431976318,0.0007444719667546451
7989,-1.5792200565338135,0.0007443690556101501
7990,-1.5792200565338135,0.0007442813366651535
7991,-1.564020037651062,0.0007441913476213813
7992,-1.5890870094299316,0.0007441033376380801
7993,-1.558953046798706,0.0007440055487677455
7994,-1.5992200374603271,0.0007439033361151814
7995,-1.558953046798706,0.0007437855238094926
7996,-1.6040199995040894,0.0007436759769916534
7997,-1.5440189838409424,0.0007435505976900458
7998,-1.5389529466629028,0.0007434290600940585
7999,-1.5189520120620728,0.0007433004211634398
8000,-1.574152946472168,0.000743180513381958
8001,-1.5290859937667847,0.0007430552504956722
8002,-1.564020037651062,0.000742924225050956
8003,-1.5440189838409424,0.0007427821983583272
8004,-1.5941530466079712,0.0007426593219861388
8005,-1.5440189838409424,0.0007425234653055668
8006,-1.5541529655456543,0.0007423954084515572
8007,-1.558953046798706,0.0007422597846016288
8008,-1.5792200565338135,0.0007421359769068658
8009,-1.5389529466629028,0.0007419997709803283
8010,-1.5890870094299316,0.0007418678142130375
8011,-1.5290859937667847,0.0007417273009195924
8012,-1.5541529655456543,0.0007416022126562893
8013,-1.5440189838409424,0.0007415991276502609
8014,-1.5890870094299316,0.00074217957444489
8015,-1.5440189838409424,0.000743468408472836
8016,-1.5992200374603271,0.0007448294200003147
8017,-1.5490859746932983,0.0007459599291905761
8018,-1.6242870092391968,0.0007471787976101041
8019,-1.5240190029144287,0.0007488409173674881
8020,-1.569085955619812,0.0007504401728510857
8021,-1.5541529655456543,0.000751661485992372
8022,-1.6040199995040894,0.0007526964764110744
8023,-1.5341529846191406,0.0007526327390223742
8024,-1.6141539812088013,0.0007515134057030082
8025,-1.5290859937667847,0.0007501421496272087
8026,-1.5840200185775757,0.0007488339906558394
8027,-1.5240190029144287,0.0007478814222849905
8028,-1.564020037651062,0.0007475861348211765
8029,-1.5440189838409424,0.000747359823435545
8030,-1.5941530466079712,0.0007475244929082692
8031,-1.569085955619812,0.0007476964965462685
8032,-1.5890870094299316,0.0007485852693207562
8033,-1.5541529655456543,0.000749487429857254
8034,-1.6141539812088013,0.0007501374930143356
8035,-1.5541529655456543,0.0007510553114116192
8036,-1.6192200183868408,0.0007514750468544662
8037,-1.5541529655456543,0.0007517586345784366
8038,-1.574152946472168,0.0007517396588809788
8039,-1.564020037651062,0.0007514430908486247
8040,-1.6141539812088013,0.000751098501496017
8041,-1.558953046798706,0.0007504298118874431
8042,-1.5992200374603271,0.0007495643221773207
8043,-1.5541529655456543,0.0007479695486836135
8044,-1.574152946472168,0.000746486650314182
8045,-1.5290859937667847,0.0007445939700119197
8046,-1.5890870094299316,0.0007426929660141468
8047,-1.5541529655456543,0.0007408569799736142
8048,-1.5541529655456543,0.0007389687234535813
8049,-1.569085955619812,0.0007371757528744638
8050,-1.564020037651062,0.0007354915142059326
8051,-1.5341529846191406,0.0007334367837756872
8052,-1.5890870094299316,0.0007309474749490619
8053,-1.574152946472168,0.0007279259734787047
8054,-1.6090869903564453,0.0007240062113851309
8055,-1.5941530466079712,0.000720114097930491
8056,-1.574152946472168,0.0007160595851019025
8057,-1.558953046798706,0.0007114423788152635
8058,-1.6090869903564453,0.0007059965282678604
8059,-1.5541529655456543,0.0007005092920735478
8060,-1.5890870094299316,0.000695104943588376
8061,-1.5792200565338135,0.0006893880781717598
8062,-1.629086971282959,0.0006829228368587792
8063,-1.558953046798706,0.0006765946745872498
8064,-1.5992200374603271,0.0006702071987092495
8065,-1.5792200565338135,0.0006643895176239312
8066,-1.629086971282959,0.0006585400551557541
8067,-1.5490859746932983,0.0006521661998704076
8068,-1.6040199995040894,0.0006458217976614833
8069,-1.558953046798706,0.0006394805386662483
8070,-1.5992200374603271,0.0006329379975795746
8071,-1.5490859746932983,0.0006265434203669429
8072,-1.574152946472168,0.0006196853355504572
8073,-1.5440189838409424,0.0006131508853286505
8074,-1.5890870094299316,0.000606437970418483
8075,-1.5490859746932983,0.0005988854682072997
8076,-1.6090869903564453,0.0005922565469518304
8077,-1.5440189838409424,0.0005861428799107671
8078,-1.574152946472168,0.0005799139617010951
8079,-1.5341529846191406,0.0005728314281441271
8080,-1.5541529655456543,0.0005663478514179587
8081,-1.5792200565338135,0.0005600625881925225
8082,-1.5992200374603271,0.0005547098116949201
8083,-1.5440189838409424,0.0005496288649737835
8084,-1.6192200183868408,0.0005448277806863189
8085,-1.5440189838409424,0.0005396434571594
8086,-1.6141539812088013,0.000535032304469496
8087,-1.5490859746932983,0.0005308839026838541
8088,-1.5840200185775757,0.0005272057605907321
8089,-1.5440189838409424,0.0005236660363152623
8090,-1.5992200374603271,0.0005199479637667537
8091,-1.5341529846191406,0.0005157587584108114
8092,-1.6040199995040894,0.0005110870697535574
8093,-1.5290859937667847,0.0005063245771452785
8094,-1.5890870094299316,0.000501407019328326
8095,-1.558953046798706,0.0004963382380083203
8096,-1.5890870094299316,0.0004911868600174785
8097,-1.564020037651062,0.0004859681357629597
8098,-1.6242870092391968,0.0004807304940186441
8099,-1.569085955619812,0.0004755192785523832
8100,-1.6192200183868408,0.0004704102757386863
8101,-1.5792200565338135,0.0004654225194826722
8102,-1.629086971282959,0.000460584502434358
8103,-1.5792200565338135,0.0004558638611342758
8104,-1.6192200183868408,0.00045130177750252187
8105,-1.5389529466629028,0.0004469918494578451
8106,-1.634153962135315,0.0004430236294865608
8107,-1.569085955619812,0.0004393650160636753
8108,-1.6040199995040894,0.0004361651372164488
8109,-1.5389529466629028,0.00043356031528674066
8110,-1.4288179874420166,0.0004314566031098366
8111,-0.8077430129051208,0.000430065905675292
8112,-0.33200401067733765,0.00042907195165753365
8113,-0.05653399974107742,0.000428230210673064
8114,0.12373500317335129,0.00042748870328068733
8115,0.3141370117664337,0.00042667699744924903
8116,0.3741379976272583,0.0004259872657712549
8117,0.554407000541687,0.0004249031189829111
8118,0.7197420001029968,0.00042379004298709333
8119,1.0301460027694702,0.00042182524339295924
8120,1.2005480527877808,0.0004182065313216299
8121,1.4360179901123047,0.00041404267540201545
8122,1.5512189865112305,0.00041037588380277157
8123,1.636286973953247,0.00040585355600342155
8124,1.6712210178375244,0.0004014012811239809
8125,1.7314879894256592,0.00039786254637874663
8126,1.7162879705429077,0.0003946435172110796
8127,1.7464220523834229,0.0003902978787664324
8128,1.7314879894256592,0.00038566323928534985
8129,1.796555995941162,0.00038200413109734654
8130,1.7714890241622925,0.0003786153974942863
8131,1.8216229677200317,0.0003753748314920813
8132,1.7314879894256592,0.00037100096233189106
8133,1.796555995941162,0.0003669795114547014
8134,1.7514890432357788,0.00036379514494910836
8135,1.7365549802780151,0.0003611904685385525
8136,1.641353964805603,0.00035888218553736806
8137,1.7064210176467896,0.00035588713944889605
8138,1.641353964805603,0.0003522277402225882
8139,1.6712210178375244,0.0003487910144031048
8140,1.6061530113220215,0.000346603337675333
8141,1.6162869930267334,0.00034539555781520903
8142,1.5661530494689941,0.0003449319920036942
8143,1.6061530113220215,0.0003438532876316458
8144,1.5810860395431519,0.00034281742409802973
8145,1.5912200212478638,0.00034322464489378035
8146,1.536018967628479,0.00034486548975110054
8147,1.5810860395431519,0.0003465837799012661
8148,1.541085958480835,0.0003484298358671367
8149,1.5861530303955078,0.00035080857924185693
8150,1.541085958480835,0.00035431678406894207
8151,1.5861530303955078,0.0003579052572604269
8152,1.541085958480835,0.0003617450129240751
8153,1.5912200212478638,0.000364901585271582
8154,1.57122004032135,0.00036803301190957427
8155,1.5661530494689941,0.00037297987728379667
8156,1.5210859775543213,0.00037819863064214587
8157,1.541085958480835,0.0003833912778645754
8158,1.5261520147323608,0.0003888168721459806
8159,1.5762859582901,0.00039379834197461605
8160,1.5109519958496094,0.00039916933747008443
8161,1.5912200212478638,0.000403551384806633
8162,1.5261520147323608,0.00040841917507350445
8163,1.5861530303955078,0.00041380865150131285
8164,1.5210859775543213,0.0004181241674814373
8165,1.57122004032135,0.0004220838309265673
8166,1.5261520147323608,0.00042623127228580415
8167,1.5661530494689941,0.00043115951120853424
8168,1.5560189485549927,0.0004355061682872474
8169,1.546152949333191,0.0004395123105496168
8170,1.5312190055847168,0.00044318483560346067
8171,1.5661530494689941,0.0004467160324566066
8172,1.476017951965332,0.0004503286036197096
8173,1.155480980873108,0.0004544491821434349
8174,0.5293400287628174,0.00045807348215021193
8175,0.22400300204753876,0.000461378920590505
8176,-0.09173399955034256,0.00046403793385252357
8177,-0.252003014087677,0.0004664923471864313
8178,-0.40213799476623535,0.0004689553752541542
8179,-0.4922730028629303,0.00047128909500315785
8180,-0.7077419757843018,0.0004733994137495756
8181,-0.8829439878463745,0.00047558569349348545
8182,-1.1733479499816895,0.0004779932205565274
8183,-1.3536169528961182,0.0004808928060811013
8184,-1.564020037651062,0.00048426102148368955
8185,-1.569085955619812,0.00048770164721645415
8186,-1.6893539428710938,0.0004910578718408942
8187,-1.7042880058288574,0.000494583451654762
8188,-1.7642890214920044,0.0004985648556612432
8189,-1.7493549585342407,0.0005025823484174907
8190,-1.8096230030059814,0.0005062505952082574
8191,-1.789355993270874,0.000509951903950423
8192,-1.8296229839324951,0.0005132336518727243
8193,-1.8245559930801392,0.0005163805326446891
8194,-1.874690055847168,0.0005191133823245764
8195,-1.7794890403747559,0.0005218363367021084
8196,-1.8245559930801392,0.0005243518971838057
8197,-1.7493549585342407,0.000526553310919553
8198,-1.7642890214920044,0.0005287575768306851
8199,-1.6842880249023438,0.0005302327335812151
8200,-1.714421033859253,0.0005315288435667753
8201,-1.6792210340499878,0.0005324142402969301
8202,-1.7192209959030151,0.0005330662243068218
8203,-1.6392199993133545,0.0005333899753168225
8204,-1.6842880249023438,0.0005334342131391168
8205,-1.6242870092391968,0.0005342629156075418
8206,-1.66935396194458,0.0005351008730940521
8207,-1.6040199995040894,0.000536164385266602
8208,-1.6040199995040894,0.0005380110233090818
8209,-1.5941530466079712,0.0005399973597377539
8210,-1.6541539430618286,0.0005417969077825546
8211,-1.5440189838409424,0.0005447461735457182
8212,-1.6090869903564453,0.0005471206386573613
8213,-1.5890870094299316,0.0005495749064721167
8214,-1.574152946472168,0.0005528932088054717
8215,-1.5792200565338135,0.0005573533708229661
8216,-1.564020037651062,0.000562092405743897
8217,-1.5290859937667847,0.0005663987249135971
8218,-1.5890870094299316,0.0005708428798243403
8219,-1.558953046798706,0.0005758810439147055
8220,-1.6141539812088013,0.0005816040211357176
8221,-1.5541529655456543,0.0005868994048796594
8222,-1.5840200185775757,0.0005913241184316576
8223,-1.5440189838409424,0.000595320831052959
8224,-1.569085955619812,0.0005994366947561502
8225,-1.5341529846191406,0.0006041970336809754
8226,-1.5890870094299316,0.0006093286210671067
8227,-1.5240190029144287,0.0006143928039819002
8228,-1.564020037651062,0.0006185702513903379
8229,-1.5189520120620728,0.0006224120734259486
8230,-1.5541529655456543,0.0006265004631131887
8231,-1.5341529846191406,0.0006313739577308297
8232,-1.5389529466629028,0.0006357886595651507
8233,-1.5138859748840332,0.0006396683165803552
8234,-1.5792200565338135,0.0006434574024751782
8235,-1.5490859746932983,0.0006469726795330644
8236,-1.574152946472168,0.0006504790508188307
8237,-1.5440189838409424,0.0006536429282277822
8238,-1.5890870094299316,0.0006566867814399302
8239,-1.569085955619812,0.0006592427380383015
8240,-1.6141539812088013,0.0006616696482524276
8241,-1.5389529466629028,0.0006645553512498736
8242,-1.5941530466079712,0.0006669599679298699
8243,-1.5490859746932983,0.0006683971150778234
8244,-1.6040199995040894,0.0006694988114759326
8245,-1.558953046798706,0.0006706567946821451
8246,-1.5541529655456543,0.0006717334617860615
8247,-1.5840200185775757,0.0006732005276717246
8248,-1.5992200374603271,0.0006748265586793423
8249,-1.5840200185775757,0.0006768960738554597
8250,-1.5992200374603271,0.0006789446342736483
8251,-1.569085955619812,0.0006811452331021428
8252,-1.6090869903564453,0.000683204154483974
8253,-1.5240190029144287,0.0006854399107396603
8254,-1.5890870094299316,0.000687667285092175
8255,-1.569085955619812,0.0006896355771459639
8256,-1.5840200185775757,0.0006916910642758012
8257,-1.569085955619812,0.0006933851400390267
8258,-1.6090869903564453,0.0006947321817278862
8259,-1.558953046798706,0.0006961491308175027
8260,-1.5941530466079712,0.0006972338887862861
8261,-1.569085955619812,0.0006981551414355636
8262,-1.6242870092391968,0.0006989255780354142
8263,-1.5541529655456543,0.000699783384334296
8264,-1.574152946472168,0.0007008577813394368
8265,-1.5341529846191406,0.0007020632037892938
8266,-1.5138859748840332,0.0007035891758278012
8267,-0.9680119752883911,0.0007058605551719666
8268,-0.4672060012817383,0.0007084729732014239
8269,-0.09653499722480774,0.000710942898876965
8270,0.09866800159215927,0.0007126810378395021
8271,0.2890700101852417,0.0007132969330996275
8272,0.3490709960460663,0.0007135567720979452
8273,0.5144060254096985,0.0007140850648283958
8274,0.6896089911460876,0.0007143995026126504
8275,0.9752119779586792,0.0007137689972296357
8276,1.1754809617996216,0.0007125198026187718
8277,1.410951018333435,0.000711352564394474
8278,1.5109519958496094,0.0007100033108144999
8279,1.5962870121002197,0.0007091799052432179
8280,1.6562869548797607,0.0007095923647284508
8281,1.696287989616394,0.0007100665243342519
8282,1.7064210176467896,0.000710714259184897
8283,1.7616219520568848,0.0007110509322956204
8284,1.7616219520568848,0.0007111551240086555
8285,1.8165559768676758,0.0007110587321221828
8286,1.7765560150146484,0.0007105150725692511
8287,1.8114889860153198,0.0007105410331860185
8288,1.7864220142364502,0.0007101549999788404
8289,1.8314900398254395,0.0007103686803020537
8290,1.7565549612045288,0.0007103022653609514
8291,1.7565549612045288,0.0007102683302946389
8292,1.7064210176467896,0.0007107287528924644
8293,1.7213549613952637,0.0007110245642252266
8294,1.6562869548797607,0.0007115501211956143
8295,1.6712210178375244,0.0007129624136723578
8296,1.6013530492782593,0.0007147096330299973
8297,1.5912200212478638,0.0007169824093580246
8298,1.155480980873108,0.0007195470971055329
8299,0.5845410227775574,0.000722341937944293
8300,0.22880299389362335,0.0007251894567161798
8301,-0.0013330000219866633,0.0007273685769177973
8302,-0.24693599343299866,0.0007289534551091492
8303,-0.34693801403045654,0.0007301592268049717
8304,-0.49733999371528625,0.0007307113264687359
8305,-0.6525409817695618,0.0007310081273317337
8306,-0.9480119943618774,0.0007311087683774531
8307,-1.1232140064239502,0.0007312905509024858
8308,-1.403751015663147,0.0007315936964005232
8309,-1.5138859748840332,0.0007321098819375038
8310,-1.629086971282959,0.0007327673374675214
8311,-1.6642869710922241,0.0007334946421906352
8312,-1.734421968460083,0.0007342646131291986
8313,-1.7642890214920044,0.0007350411033257842
8314,-1.789355993270874,0.0007358246948570013
8315,-1.7794890403747559,0.0007365687633864582
8316,-1.8394900560379028,0.0007372486870735884
8317,-1.8245559930801392,0.0007378411246463656
8318,-1.9045569896697998,0.0007383341435343027
8319,-1.8296229839324951,0.0007386870565824211
8320,-1.8394900560379028,0.000738965580239892
8321,-1.789355993270874,0.0007391499821096659
8322,-1.8144229650497437,0.0007393005071207881
8323,-1.7394880056381226,0.0007393820560537279
8324,-1.7544219493865967,0.0007394588319584727
8325,-1.714421033859253,0.0007395010907202959
8326,-1.7394880056381226,0.0007395331049337983
8327,-1.6541539430618286,0.0007395267020910978
8328,-1.6493539810180664,0.0007395378779619932
8329,-1.6392199993133545,0.0007395297288894653
8330,-1.6493539810180664,0.0007395340362563729
8331,-1.5941530466079712,0.0007395176799036562
8332,-1.6192200183868408,0.0007395006250590086
8333,-1.558953046798706,0.0007394753047265112
8334,-1.6242870092391968,0.0007394541753455997
8335,-1.569085955619812,0.000739414244890213
8336,-1.569085955619812,0.0007393791456706822
8337,-1.5341529846191406,0.0007393349660560489
8338,-1.5792200565338135,0.0007393046980723739
8339,-1.5341529846191406,0.0007392688421532512
8340,-1.5890870094299316,0.0007392409024760127
8341,-1.5189520120620728,0.0007391973631456494
8342,-1.5792200565338135,0.0007391672697849572
8343,-1.5840200185775757,0.000739122333470732
8344,-1.5992200374603271,0.0007390925311483443
8345,-1.564020037651062,0.0007390534156002104
8346,-1.5840200185775757,0.0007390223327092826
8347,-1.5240190029144287,0.0007389853708446026
8348,-1.6040199995040894,0.0007389559759758413
8349,-1.558953046798706,0.0007389078964479268
8350,-1.5840200185775757,0.0007388615049421787
8351,-1.5440189838409424,0.0007387965451925993
8352,-1.574152946472168,0.0007387367077171803
8353,-1.5490859746932983,0.0007386695360764861
8354,-1.574152946472168,0.000738607021048665
8355,-1.5138859748840332,0.0007385422941297293
8356,-1.574152946472168,0.0007385029457509518
8357,-1.5490859746932983,0.0007386907818727195
8358,-1.5792200565338135,0.0007396312430500984
8359,-1.5389529466629028,0.0007411646656692028
8360,-1.5992200374603271,0.0007425515213981271
8361,-1.558953046798706,0.0007437599124386907
8362,-1.5890870094299316,0.0007451656274497509
8363,-1.5541529655456543,0.0007469349075108767
8364,-1.5890870094299316,0.0007484416710212827
8365,-1.5341529846191406,0.0007495915051549673
8366,-1.564020037651062,0.0007505089160986245
8367,-1.558953046798706,0.0007502076914533973
8368,-1.6040199995040894,0.0007490898133255541
8369,-1.564020037651062,0.0007477663457393646
8370,-1.6090869903564453,0.0007465637754648924
8371,-1.5341529846191406,0.000745839555747807
8372,-1.5792200565338135,0.0007455648155882955
8373,-1.5490859746932983,0.0007453957223333418
8374,-1.5941530466079712,0.0007455222075805068
8375,-1.5290859937667847,0.0007460125489160419
8376,-1.5890870094299316,0.0007470999844372272
8377,-1.5541529655456543,0.0007479861378669739
8378,-1.574152946472168,0.0007488207193091512
8379,-1.5440189838409424,0.0007497922633774579
8380,-1.6192200183868408,0.0007501032087020576
8381,-1.574152946472168,0.0007505748071707785
8382,-1.569085955619812,0.0007503638043999672
8383,-1.5341529846191406,0.0007501820800825953
8384,-1.574152946472168,0.0007499639177694917
8385,-1.5541529655456543,0.0007493632147088647
8386,-1.5890870094299316,0.0007485669339075685
8387,-1.5341529846191406,0.0007470215205103159
8388,-1.5389529466629028,0.000745620985981077
8389,-1.5341529846191406,0.0007437127642333508
8390,-1.5941530466079712,0.000741962343454361
8391,-1.5541529655456543,0.0007402286864817142
8392,-1.5541529655456543,0.000738370930776
8393,-1.5541529655456543,0.0007367448997683823
8394,-1.5840200185775757,0.000735083594918251
8395,-1.5341529846191406,0.000733118737116456
8396,-1.5890870094299316,0.0007306539337150753
8397,-1.5541529655456543,0.0007276447722688317
8398,-1.5992200374603271,0.0007238428806886077
8399,-1.5490859746932983,0.0007200863910838962
8400,-1.5890870094299316,0.0007161250105127692
8401,-1.5490859746932983,0.0007115148473531008
8402,-1.558953046798706,0.0007058664923533797
8403,-1.5341529846191406,0.0007004649378359318
8404,-1.5941530466079712,0.0006950179813429713
8405,-1.558953046798706,0.0006892642704769969
8406,-1.5890870094299316,0.0006827106699347496
8407,-1.558953046798706,0.0006764867575839162
8408,-1.6040199995040894,0.0006702992832288146
8409,-1.5440189838409424,0.0006645662360824645
8410,-1.6040199995040894,0.0006587181705981493
8411,-1.5290859937667847,0.0006522345938719809
8412,-1.574152946472168,0.0006459812284447253
8413,-1.5341529846191406,0.0006396151147782803
8414,-1.564020037651062,0.0006332671036943793
8415,-1.5138859748840332,0.0006269405130296946
8416,-1.574152946472168,0.0006201707292348146
8417,-1.558953046798706,0.0006137281889095902
8418,-1.6040199995040894,0.0006069585797376931
8419,-1.564020037651062,0.0005994724342599511
8420,-1.5840200185775757,0.000593079486861825
8421,-1.5240190029144287,0.0005870883469469845
8422,-1.569085955619812,0.0005807942361570895
8423,-1.5440189838409424,0.0005738957552239299
8424,-1.5792200565338135,0.0005676619475707412
8425,-1.558953046798706,0.0005618497962132096
8426,-1.6040199995040894,0.0005568672204390168
8427,-1.5440189838409424,0.0005520940758287907
8428,-1.6242870092391968,0.0005473633063957095
8429,-1.558953046798706,0.0005424290429800749
8430,-1.6090869903564453,0.0005380921065807343
8431,-1.5840200185775757,0.0005341201322153211
8432,-1.5792200565338135,0.0005306064267642796
8433,-1.5440189838409424,0.0005271363770589232
8434,-1.5992200374603271,0.0005234164418652654
8435,-1.5341529846191406,0.0005191695527173579
8436,-1.574152946472168,0.000514650484547019
8437,-1.569085955619812,0.0005100269336253405
8438,-1.5840200185775757,0.0005052550695836544
8439,-1.5890870094299316,0.0005003450205549598
8440,-1.6242870092391968,0.0004953125026077032
8441,-1.569085955619812,0.0004902468645013869
8442,-1.6090869903564453,0.00048517080722376704
8443,-1.5541529655456543,0.00048013433115556836
8444,-1.5792200565338135,0.00047523342072963715
8445,-1.5541529655456543,0.0004704513994511217
8446,-1.6040199995040894,0.00046580779599025846
8447,-1.5840200185775757,0.0004613280179910362
8448,-1.6040199995040894,0.0004570055170916021
8449,-1.558953046798706,0.0004528965801000595
8450,-1.629086971282959,0.0004491103463806212
8451,-1.5541529655456543,0.0004456886672414839
8452,-1.6141539812088013,0.0004427382373251021
8453,-1.509086012840271,0.00044032279402017593
8454,-1.3037500381469727,0.00043839210411533713
8455,-0.6125410199165344,0.00043708173325285316
8456,-0.2720029950141907,0.0004361257888376713
8457,0.02346700057387352,0.00043540733167901635
8458,0.16373500227928162,0.0004346359637565911
8459,0.3890720009803772,0.0004339396837167442
8460,0.42427200078964233,0.00043317704694345593
8461,0.6296079754829407,0.00043195782927796245
8462,0.8248100280761719,0.0004307192866690457
8463,1.1104140281677246,0.00042841918184421957
8464,1.2656160593032837,0.0004247351607773453
8465,1.5261520147323608,0.00042073754593729973
8466,1.5762859582901,0.0004168615269009024
8467,1.636286973953247,0.0004119425138924271
8468,1.6712210178375244,0.0004078698402736336
8469,1.7314879894256592,0.0004043509834446013
8470,1.70135498046875,0.0004008260148111731
8471,1.781622052192688,0.0003962154150940478
8472,1.7565549612045288,0.0003920836024917662
8473,1.8165559768676758,0.000388509186450392
8474,1.7765560150146484,0.00038514379411935806
8475,1.796555995941162,0.0003814896917901933
8476,1.7664220333099365,0.0003770749899558723
8477,1.796555995941162,0.0003735868667718023
8478,1.696287989616394,0.000370560068404302
8479,1.7314879894256592,0.0003681624657474458
8480,1.636286973953247,0.00036580575397238135
8481,1.6864210367202759,0.0003625249373726547
8482,1.6261539459228516,0.00035907546407543123
8483,1.636286973953247,0.00035591042251326144
8484,1.5762859582901,0.0003541132027748972
8485,1.6562869548797607,0.0003532451228238642
8486,1.6061530113220215,0.00035266956547275186
8487,1.5861530303955078,0.00035136635415256023
8488,1.5810860395431519,0.00035083963302895427
8489,1.5912200212478638,0.00035163346910849214
8490,1.5512189865112305,0.0003533937851898372
8491,1.5912200212478638,0.00035506481071934104
8492,1.5512189865112305,0.0003568699466995895
8493,1.5312190055847168,0.00035939220106229186
8494,1.5160189867019653,0.00036277249455451965
8495,1.5512189865112305,0.00036643072962760925
8496,1.536018967628479,0.00036998558789491653
8497,1.5762859582901,0.00037272810004651546
8498,1.5160189867019653,0.00037613572203554213
8499,1.541085958480835,0.00038124783895909786
8500,1.5109519958496094,0.0003863904858008027
8501,1.5560189485549927,0.0003917384019587189
8502,1.546152949333191,0.0003968894015997648
8503,1.5661530494689941,0.0004017803003080189
8504,1.5560189485549927,0.0004068057460244745
8505,1.5861530303955078,0.0004111873568035662
8506,1.5512189865112305,0.0004160301759839058
8507,1.5661530494689941,0.0004210658953525126
8508,1.5261520147323608,0.0004252989310771227
8509,1.5861530303955078,0.0004291195946279913
8510,1.5261520147323608,0.0004333782126195729
8511,1.5762859582901,0.00043822676525451243
8512,1.541085958480835,0.0004425176011864096
8513,1.5512189865112305,0.00044654301018454134
8514,1.536018967628479,0.00045030974433757365
8515,1.5810860395431519,0.0004537522909231484
8516,1.416018009185791,0.00045769941061735153
8517,1.0101460218429565,0.0004617797676473856
8518,0.3741379976272583,0.0004653998767025769
8519,0.16880199313163757,0.0004685744643211365
8520,-0.14666900038719177,0.0004711646179202944
8521,-0.2920039892196655,0.00047362089389935136
8522,-0.42720499634742737,0.00047605219879187644
8523,-0.53227299451828,0.0004783160984516144
8524,-0.7376090288162231,0.00048042566049844027
8525,-0.9429450035095215,0.00048271758714690804
8526,-1.2834830284118652,0.00048530331696383655
8527,-1.408818006515503,0.0004884405061602592
8528,-1.5992200374603271,0.000491923769004643
8529,-1.6040199995040894,0.0004953794996254146
8530,-1.6792210340499878,0.0004988149739801884
8531,-1.7394880056381226,0.0005025977734476328
8532,-1.8096230030059814,0.0005067012389190495
8533,-1.7442879676818848,0.0005106073804199696
8534,-1.8045560121536255,0.0005143407033756375
8535,-1.8045560121536255,0.0005179796135053039
8536,-1.8394900560379028,0.0005210297531448305
8537,-1.8394900560379028,0.0005240293685346842
8538,-1.8344229459762573,0.000526459189131856
8539,-1.7994890213012695,0.0005290561239235103
8540,-1.8245559930801392,0.0005312708672136068
8541,-1.7544219493865967,0.0005333725712262094
8542,-1.7544219493865967,0.000535304716322571
8543,-1.714421033859253,0.0005365318502299488
8544,-1.7744220495224,0.000537741172593087
8545,-1.6893539428710938,0.0005381556111387908
8546,-1.7093549966812134,0.0005387907149270177
8547,-1.6392199993133545,0.0005387674900703132
8548,-1.66935396194458,0.0005388343124650419
8549,-1.5840200185775757,0.0005395121406763792
8550,-1.66935396194458,0.000540371285751462
8551,-1.6242870092391968,0.0005417196080088615
8552,-1.6392199993133545,0.0005436323117464781
8553,-1.5840200185775757,0.0005452515906654298
8554,-1.5941530466079712,0.0005472884513437748
8555,-1.569085955619812,0.0005501433042809367
8556,-1.6242870092391968,0.0005522100836969912
8557,-1.5341529846191406,0.0005546577740460634
8558,-1.5941530466079712,0.0005581319564953446
8559,-1.558953046798706,0.0005627054488286376
8560,-1.5992200374603271,0.0005670672398991883
8561,-1.5240190029144287,0.0005712001584470272
8562,-1.564020037651062,0.0005756352329626679
8563,-1.5290859937667847,0.0005808384739793837
8564,-1.5992200374603271,0.0005863874685019255
8565,-1.5290859937667847,0.0005912368651479483
8566,-1.5840200185775757,0.0005953939398750663
8567,-1.5440189838409424,0.0005993354134261608
8568,-1.5941530466079712,0.000603585853241384
8569,-1.5290859937667847,0.0006086613284423947
8570,-1.558953046798706,0.0006138191092759371
8571,-1.564020037651062,0.0006185655947774649
8572,-1.564020037651062,0.0006225956021808088
8573,-1.5240190029144287,0.0006264579715207219
8574,-1.5890870094299316,0.000630717258900404
8575,-1.5490859746932983,0.0006357432575896382
8576,-1.5792200565338135,0.0006399562116712332
8577,-1.5341529846191406,0.0006437790580093861
8578,-1.574152946472168,0.0006474419496953487
8579,-1.5541529655456543,0.0006509152008220553
8580,-1.5890870094299316,0.0006543351337313652
8581,-1.5341529846191406,0.0006573256105184555
8582,-1.569085955619812,0.0006601735949516296
8583,-1.5440189838409424,0.0006625750684179366
8584,-1.5890870094299316,0.0006650502327829599
8585,-1.5541529655456543,0.0006679123034700751
8586,-1.5840200185775757,0.0006698381621390581
8587,-1.558953046798706,0.000671023444738239
8588,-1.5792200565338135,0.0006721258978359401
8589,-1.558953046798706,0.0006731270113959908
8590,-1.5890870094299316,0.0006742900586687028
8591,-1.5290859937667847,0.0006757032824680209
8592,-1.6090869903564453,0.0006775121437385678
8593,-1.558953046798706,0.0006794893997721374
8594,-1.5792200565338135,0.0006816546665504575
8595,-1.5490859746932983,0.0006838983972556889
8596,-1.5890870094299316,0.000685935840010643
8597,-1.5541529655456543,0.0006881284643895924
8598,-1.6141539812088013,0.0006902859313413501
8599,-1.558953046798706,0.0006922186003066599
8600,-1.6040199995040894,0.0006942410254850984
8601,-1.574152946472168,0.0006957614095881581
8602,-1.6141539812088013,0.0006970518734306097
8603,-1.558953046798706,0.000698452815413475
8604,-1.5941530466079712,0.0006993954302743077
8605,-1.5440189838409424,0.0007003138307482004
8606,-1.6141539812088013,0.0007010339759290218
8607,-1.558953046798706,0.0007019048789516091
8608,-1.5992200374603271,0.0007030125707387924
8609,-1.5840200185775757,0.0007042501238174736
8610,-1.4138840436935425,0.0007059758645482361
8611,-0.8178769946098328,0.000708466861397028
8612,-0.34693801403045654,0.0007111398736014962
8613,-0.07146800309419632,0.0007135052001103759
8614,0.15386900305747986,0.0007149107987061143
8615,0.3192040026187897,0.0007153034093789756
8616,0.3842709958553314,0.0007155673811212182
8617,0.5696070194244385,0.0007160533568821847
8618,0.7498760223388672,0.0007161785615608096
8619,1.025346040725708,0.0007153489859774709
8620,1.2154819965362549,0.0007140840170904994
8621,1.4509509801864624,0.0007128422730602324
8622,1.5512189865112305,0.0007114584441296756
8623,1.6213539838790894,0.0007108027348294854
8624,1.6562869548797607,0.0007112368475645781
8625,1.70135498046875,0.000711666711140424
8626,1.7213549613952637,0.0007122716051526368
8627,1.7314879894256592,0.0007125002448447049
8628,1.7514890432357788,0.0007126818527467549
8629,1.8066890239715576,0.0007124084513634443
8630,1.796555995941162,0.0007119675283320248
8631,1.8066890239715576,0.0007118298672139645
8632,1.801622986793518,0.0007113717729225755
8633,1.781622052192688,0.0007116497727110982
8634,1.7464220523834229,0.0007114385953173041
8635,1.7714890241622925,0.0007114096079021692
8636,1.7064210176467896,0.0007119550136849284
8637,1.7162879705429077,0.0007121656090021133
8638,1.6562869548797607,0.0007129298755899072
8639,1.6613539457321167,0.0007144790724851191
8640,1.6213539838790894,0.0007162286201491952
8641,1.5661530494689941,0.0007187582086771727
8642,1.0402799844741821,0.0007213574135676026
8643,0.5093399882316589,0.0007243183208629489
8644,0.17893600463867188,0.0007271104259416461
8645,-0.061601001769304276,0.0007291771471500397
8646,-0.252003014087677,0.0007307117339223623
8647,-0.34693801403045654,0.0007317833369597793
8648,-0.537339985370636,0.0007322767050936818
8649,-0.6877419948577881,0.0007325070910155773
8650,-1.013079047203064,0.0007326018530875444
8651,-1.1733479499816895,0.0007327755447477102
8652,-1.4189510345458984,0.0007330776425078511
8653,-1.5440189838409424,0.0007336110575124621
8654,-1.66935396194458,0.0007342669414356351
8655,-1.66935396194458,0.0007349926163442433
8656,-1.7442879676818848,0.0007357449503615499
8657,-1.7394880056381226,0.0007364929770119488
8658,-1.7794890403747559,0.0007372612599283457
8659,-1.7794890403747559,0.0007379886810667813
8660,-1.8445559740066528,0.0007386560901068151
8661,-1.8245559930801392,0.0007392024854198098
8662,-1.8546899557113647,0.000739675888326019
8663,-1.8394900560379028,0.0007400246104225516
8664,-1.8794900178909302,0.0007402839255519211
8665,-1.789355993270874,0.0007404336356557906
8666,-1.7744220495224,0.0007405525539070368
8667,-1.7493549585342407,0.0007406166405417025
8668,-1.7442879676818848,0.0007406704826280475
8669,-1.7093549966812134,0.0007406825898215175
8670,-1.724287986755371,0.0007406953955069184
8671,-1.6442869901657104,0.0007406746153719723
8672,-1.6741540431976318,0.0007406630320474505
8673,-1.5992200374603271,0.000740621006116271
8674,-1.6493539810180664,0.0007405904470942914
8675,-1.6040199995040894,0.0007405378855764866
8676,-1.6242870092391968,0.0007404888747259974
8677,-1.574152946472168,0.0007404248462989926
8678,-1.564020037651062,0.0007403640192933381
8679,-1.5389529466629028,0.0007402867777273059
8680,-1.564020037651062,0.0007402222254313529
8681,-1.569085955619812,0.0007401368347927928
8682,-1.574152946472168,0.0007400608737953007
8683,-1.5290859937667847,0.000739960465580225
8684,-1.5792200565338135,0.000739873677957803
8685,-1.5341529846191406,0.0007397737354040146
8686,-1.5541529655456543,0.0007396883447654545
8687,-1.498952031135559,0.0007395933498628438
8688,-1.5890870094299316,0.0007395102875307202
8689,-1.5240190029144287,0.0007394194835796952
8690,-1.5890870094299316,0.0007393272826448083
8691,-1.5541529655456543,0.0007392240222543478
8692,-1.574152946472168,0.0007391321123577654
8693,-1.5490859746932983,0.0007390319369733334
8694,-1.5941530466079712,0.0007389489328488708
8695,-1.5189520120620728,0.0007388575468212366
8696,-1.564020037651062,0.0007387804216705263
8697,-1.5389529466629028,0.000738689152058214
8698,-1.5890870094299316,0.000738603703211993
8699,-1.558953046798706,0.0007385129574686289
8700,-1.6040199995040894,0.000738458416890353
8701,-1.569085955619812,0.0007387221558019519
8702,-1.569085955619812,0.0007397893350571394
8703,-1.558953046798706,0.0007413094863295555
8704,-1.558953046798706,0.0007425452349707484
8705,-1.564020037651062,0.0007437111344188452
8706,-1.6040199995040894,0.0007451735436916351
8707,-1.5440189838409424,0.0007469830452464521
8708,-1.6040199995040894,0.000748290738556534
8709,-1.558953046798706,0.0007493608281947672
8710,-1.6040199995040894,0.000750088831409812
8711,-1.5341529846191406,0.0007494090823456645
8712,-1.574152946472168,0.0007481604116037488
8713,-1.5490859746932983,0.0007469230331480503
8714,-1.5792200565338135,0.0007457861211150885
8715,-1.5490859746932983,0.0007452903082594275
8716,-1.6040199995040894,0.0007450156845152378
8717,-1.569085955619812,0.0007450302364304662
8718,-1.574152946472168,0.0007451337296515703
8719,-1.5840200185775757,0.000745904166251421
8720,-1.5992200374603271,0.0007470787968486547
8721,-1.5341529846191406,0.0007479548803530633
8722,-1.5992200374603271,0.0007488857372663915
8723,-1.569085955619812,0.0007497855694964528
8724,-1.6242870092391968,0.0007500119390897453
8725,-1.5389529466629028,0.0007504982640966773
8726,-1.5992200374603271,0.0007502720691263676
8727,-1.5440189838409424,0.0007501263753511012
8728,-1.6090869903564453,0.0007498168852180243
8729,-1.5440189838409424,0.0007492328877560794
8730,-1.5890870094299316,0.0007483570370823145
8731,-1.569085955619812,0.0007469388074241579
8732,-1.574152946472168,0.0007454811129719019
8733,-1.5541529655456543,0.0007434585131704807
8734,-1.6242870092391968,0.0007418029708787799
8735,-1.569085955619812,0.0007400494650937617
8736,-1.6090869903564453,0.0007381891482509673
8737,-1.5440189838409424,0.0007366836653091013
8738,-1.6242870092391968,0.0007349498337134719
8739,-1.5792200565338135,0.000732959364540875
8740,-1.6040199995040894,0.0007304262835532427
8741,-1.5792200565338135,0.0007272313814610243
8742,-1.564020037651062,0.0007234872318804264
8743,-1.569085955619812,0.0007197167142294347
8744,-1.5890870094299316,0.0007156749488785863
8745,-1.5440189838409424,0.0007108651334419847
8746,-1.6242870092391968,0.0007051817956380546
8747,-1.5290859937667847,0.0006999027682468295
8748,-1.6090869903564453,0.0006945391651242971
8749,-1.5792200565338135,0.0006888661300763488
8750,-1.6040199995040894,0.0006824691081419587
8751,-1.558953046798706,0.0006763151613995433
8752,-1.5992200374603271,0.0006704048719257116
8753,-1.5290859937667847,0.0006648802664130926
8754,-1.5541529655456543,0.0006591582205146551
8755,-1.5341529846191406,0.0006527226069010794
8756,-1.5490859746932983,0.0006465729093179107
8757,-1.5240190029144287,0.0006401867722161114
8758,-1.5792200565338135,0.0006340672262012959
8759,-1.509086012840271,0.000627824745606631
8760,-1.5490859746932983,0.0006212850566953421
8761,-1.5440189838409424,0.0006149654509499669
8762,-1.5890870094299316,0.0006081981118768454
8763,-1.5541529655456543,0.0006010971264913678
8764,-1.6040199995040894,0.0005949365440756083
8765,-1.5240190029144287,0.0005890204338356853
8766,-1.6192200183868408,0.0005826709093526006
8767,-1.5541529655456543,0.000576001824811101
8768,-1.569085955619812,0.0005697914166375995
8769,-1.5541529655456543,0.0005642204778268933
8770,-1.574152946472168,0.0005592535599134862
8771,-1.5490859746932983,0.0005545514868572354
8772,-1.5890870094299316,0.0005496685625985265
8773,-1.5189520120620728,0.0005448382580652833
8774,-1.574152946472168,0.0005406140116974711
8775,-1.5138859748840332,0.0005367596168071032
8776,-1.5792200565338135,0.0005332696018740535
8777,-1.5440189838409424,0.0005297904135659337
8778,-1.5992200374603271,0.0005260079051367939
8779,-1.5541529655456543,0.0005216604331508279
8780,-1.5941530466079712,0.0005171053344383836
8781,-1.569085955619812,0.0005123801529407501
8782,-1.6192200183868408,0.0005075082881376147
8783,-1.569085955619812,0.0005025026621297002
8784,-1.6493539810180664,0.0004974129842594266
8785,-1.569085955619812,0.0004922766820527613
8786,-1.5992200374603271,0.00048718921607360244
8787,-1.5792200565338135,0.0004821257316507399
8788,-1.5992200374603271,0.0004772178363054991
8789,-1.574152946472168,0.0004725218750536442
8790,-1.6242870092391968,0.0004679326375480741
8791,-1.558953046798706,0.00046349031617864966
8792,-1.5890870094299316,0.0004592693876475096
8793,-1.5290859937667847,0.0004553156322799623
8794,-1.564020037651062,0.00045173842227086425
8795,-1.5189520120620728,0.00044852253631688654
8796,-1.564020037651062,0.00044576474465429783
8797,-1.504019021987915,0.000443552911747247
8798,-1.1634809970855713,0.00044188680476509035
8799,-0.5173400044441223,0.00044075478217564523
8800,-0.2418700009584427,0.0004398415330797434
8801,0.10880099982023239,0.0004393683630041778
8802,0.22400300204753876,0.0004385414067655802
8803,0.3992049992084503,0.0004379417805466801
8804,0.4544059932231903,0.0004370486713014543
8805,0.6746749877929688,0.00043589543201960623
8806,0.8749439716339111,0.0004344686749391258
8807,1.1656149625778198,0.00043160218046978116
8808,1.3357499837875366,0.0004276623949408531
8809,1.5261520147323608,0.00042386056156829
8810,1.5661530494689941,0.00041963160037994385
8811,1.636286973953247,0.00041465420508757234
8812,1.6762880086898804,0.00041081206290982664
8813,1.7213549613952637,0.000407360028475523
8814,1.7064210176467896,0.00040345024899579585
8815,1.7464220523834229,0.0003986367955803871
8816,1.7616219520568848,0.00039489829214289784
8817,1.8216229677200317,0.00039135487168096006
8818,1.8066890239715576,0.00038795865839347243
8819,1.8165559768676758,0.00038386834785342216
8820,1.7565549612045288,0.0003794906078837812
8821,1.781622052192688,0.00037607885315082967
8822,1.7264219522476196,0.0003731132601387799
8823,1.7616219520568848,0.0003706584102474153
8824,1.6613539457321167,0.00036786278360523283
8825,1.68135404586792,0.00036408923915587366
8826,1.636286973953247,0.0003605567035265267
8827,1.6562869548797607,0.00035773677518591285
8828,1.5762859582901,0.00035607832251116633
8829,1.641353964805603,0.0003553208371158689
8830,1.5912200212478638,0.0003543658531270921
8831,1.6112200021743774,0.00035281790769658983
8832,1.5661530494689941,0.0003525518695823848
8833,1.6061530113220215,0.00035347830271348357
8834,1.536018967628479,0.00035494560142979026
8835,1.5661530494689941,0.0003564623184502125
8836,1.536018967628479,0.0003582848294172436
8837,1.5661530494689941,0.00036116046248935163
8838,1.5312190055847168,0.0003644911921583116
8839,1.5610860586166382,0.0003682746028061956
8840,1.541085958480835,0.0003714746271725744
8841,1.5610860586166382,0.00037414077087305486
8842,1.5160189867019653,0.00037818061537109315
8843,1.5810860395431519,0.00038328394293785095
8844,1.541085958480835,0.00038836029125377536
8845,1.536018967628479,0.00039371970342472196
8846,1.5261520147323608,0.00039860373362898827
8847,1.5661530494689941,0.0004035866295453161
8848,1.5160189867019653,0.0004082210944034159
8849,1.5762859582901,0.00041272895759902894
8850,1.5261520147323608,0.0004176670336164534
8851,1.541085958480835,0.0004221858980599791
8852,1.481084942817688,0.00042614544508978724
8853,1.546152949333191,0.00042989879148080945
8854,1.5160189867019653,0.00043436241685412824
8855,1.5762859582901,0.00043880398152396083
8856,1.5661530494689941,0.00044282752787694335
8857,1.5610860586166382,0.0004464422818273306
8858,1.5160189867019653,0.0004498139605857432
8859,1.5912200212478638,0.0004529079014901072
8860,1.3658839464187622,0.0004567895084619522
8861,0.8400099873542786,0.00046026031486690044
8862,0.33920401334762573,0.0004633815842680633
8863,0.09866800159215927,0.0004659770056605339
8864,-0.20186899602413177,0.00046809506602585316
8865,-0.3018699884414673,0.00047017703764140606
8866,-0.4621390104293823,0.0004721665754914284
8867,-0.6024079918861389,0.00047398265451192856
8868,-0.7978770136833191,0.00047563365660607815
8869,-1.0082789659500122,0.00047751027159392834
8870,-1.2634819746017456,0.00047971634194254875
8871,-1.4288179874420166,0.00048247259110212326
8872,-1.5992200374603271,0.0004855488077737391
8873,-1.6090869903564453,0.0004885519156232476
8874,-1.714421033859253,0.0004915931494906545
8875,-1.729354977607727,0.0004950187867507339
8876,-1.789355993270874,0.0004987660795450211
8877,-1.7944220304489136,0.0005023558624088764
8878,-1.8296229839324951,0.0005057677044533193
8879,-1.789355993270874,0.0005090046906843781
8880,-1.8394900560379028,0.0005117626860737801
8881,-1.8394900560379028,0.0005145083414390683
8882,-1.8794900178909302,0.0005168303032405674
8883,-1.7642890214920044,0.0005192441749386489
8884,-1.8344229459762573,0.0005212491378188133
8885,-1.7493549585342407,0.0005232465919107199
8886,-1.7544219493865967,0.0005250006797723472
8887,-1.714421033859253,0.0005260910838842392
8888,-1.714421033859253,0.0005272835842333734
8889,-1.6592210531234741,0.000527668627910316
8890,-1.714421033859253,0.0005282260244712234
8891,-1.6392199993133545,0.0005281869089230895
8892,-1.6541539430618286,0.000528329168446362
8893,-1.6040199995040894,0.000528919801581651
8894,-1.6442869901657104,0.0005297164316289127
8895,-1.5840200185775757,0.0005311875138431787
8896,-1.629086971282959,0.0005331155844032764
8897,-1.5792200565338135,0.0005345026729628444
8898,-1.574152946472168,0.0005365733522921801
8899,-1.558953046798706,0.0005393411265686154
8900,-1.6040199995040894,0.0005413229810073972
8901,-1.5541529655456543,0.0005438977386802435
8902,-1.6242870092391968,0.0005475680809468031
8903,-1.558953046798706,0.0005523103754967451
8904,-1.5890870094299316,0.0005566682666540146
8905,-1.5541529655456543,0.0005608346546068788
8906,-1.574152946472168,0.0005653559928759933
8907,-1.558953046798706,0.0005706739611923695
8908,-1.569085955619812,0.0005762793007306755
8909,-1.5541529655456543,0.0005809937138110399
8910,-1.5840200185775757,0.0005850748857483268
8911,-1.5440189838409424,0.0005889915628358722
8912,-1.574152946472168,0.0005932675558142364
8913,-1.5541529655456543,0.0005984540330246091
8914,-1.6040199995040894,0.000603636959567666
8915,-1.5341529846191406,0.000608280417509377
8916,-1.5890870094299316,0.0006122689810581505
8917,-1.5541529655456543,0.0006161611527204514
8918,-1.5792200565338135,0.0006204578094184399
8919,-1.564020037651062,0.0006254756590351462
8920,-1.6040199995040894,0.0006296397768892348
8921,-1.509086012840271,0.0006334537756629288
8922,-1.6090869903564453,0.0006370640476234257
8923,-1.5792200565338135,0.0006405560416169465
8924,-1.5890870094299316,0.0006439968710765243
8925,-1.564020037651062,0.0006470342632383108
8926,-1.629086971282959,0.0006498996517620981
8927,-1.569085955619812,0.0006523134070448577
8928,-1.6141539812088013,0.0006548437522724271
8929,-1.5840200185775757,0.0006577088497579098
8930,-1.6040199995040894,0.0006595693994313478
8931,-1.5290859937667847,0.0006607334362342954
8932,-1.5840200185775757,0.0006618733750656247
8933,-1.5341529846191406,0.0006628651753999293
8934,-1.6040199995040894,0.0006640880601480603
8935,-1.5189520120620728,0.0006655137985944748
8936,-1.6392199993133545,0.0006674060132354498
8937,-1.574152946472168,0.000669349217787385
8938,-1.574152946472168,0.000671532703563571
8939,-1.5440189838409424,0.0006737639778293669
8940,-1.5890870094299316,0.000675810850225389
8941,-1.558953046798706,0.0006779961986467242
8942,-1.6192200183868408,0.0006801228737458587
8943,-1.558953046798706,0.0006820539711043239
8944,-1.5992200374603271,0.0006840202258899808
8945,-1.5792200565338135,0.0006854875246062875
8946,-1.629086971282959,0.0006867792690172791
8947,-1.5890870094299316,0.0006881288718432188
8948,-1.5792200565338135,0.0006890687509439886
8949,-1.569085955619812,0.0006899606669321656
8950,-1.6242870092391968,0.0006907013012096286
8951,-1.5840200185775757,0.0006916180718690157
8952,-1.629086971282959,0.0006927602225914598
8953,-1.558953046798706,0.0006940639577805996
8954,-1.3085500001907349,0.000695914844982326
8955,-0.6826750040054321,0.0006984418723732233
8956,-0.2920039892196655,0.0007010526023805141
8957,-0.026399999856948853,0.0007032739813439548
8958,0.2189359962940216,0.0007043659570626915
8959,0.35413798689842224,0.0007046147948130965
8960,0.4192050099372864,0.0007050008862279356
8961,0.5994740128517151,0.0007055123569443822
8962,0.7797430157661438,0.0007054972229525447
8963,1.0802799463272095,0.0007043219520710409
8964,1.2757489681243896,0.0007031091954559088
8965,1.5010850429534912,0.0007019894546829164
8966,1.5560189485549927,0.0007005961379036307
8967,1.6712210178375244,0.0007003920618444681
8968,1.6762880086898804,0.0007008066168054938
8969,1.7413549423217773,0.0007012267597019672
8970,1.7064210176467896,0.0007016439340077341
8971,1.7714890241622925,0.0007017097668722272
8972,1.7565549612045288,0.0007018797914497554
8973,1.8266890048980713,0.0007013177964836359
8974,1.7914890050888062,0.0007011032430455089
8975,1.8114889860153198,0.000700666569173336
8976,1.7514890432357788,0.0007002922357060015
8977,1.7864220142364502,0.0007004296639934182
8978,1.7413549423217773,0.0007001744234003127
8979,1.7565549612045288,0.0007003184873610735
8980,1.7064210176467896,0.0007007137173786759
8981,1.7162879705429077,0.0007008494576439261
8982,1.6664210557937622,0.0007018770556896925
8983,1.696287989616394,0.000703446741681546
8984,1.646420955657959,0.0007051399443298578
8985,1.4509509801864624,0.0007077058544382453
8986,0.8600109815597534,0.0007101906812749803
8987,0.39413800835609436,0.0007131840102374554
8988,0.07866799831390381,0.0007155967177823186
8989,-0.12666800618171692,0.0007173297926783562
8990,-0.3120039999485016,0.000718660419806838
8991,-0.41227200627326965,0.0007193869678303599
8992,-0.6125410199165344,0.0007196794031187892
8993,-0.7477430105209351,0.0007197377271950245
8994,-1.0232130289077759,0.0007197685772553086
8995,-1.243481993675232,0.000719913630746305
8996,-1.4938850402832031,0.0007202294073067605
8997,-1.5840200185775757,0.000720743730198592
8998,-1.6792210340499878,0.0007213777280412614
8999,-1.6842880249023438,0.0007220731349661946
9000,-1.7794890403747559,0.0007227838505059481
9001,-1.7642890214920044,0.0007235048688016832
9002,-1.8045560121536255,0.0007242209976539016
9003,-1.8296229839324951,0.000724898069165647
9004,-1.874690055847168,0.0007254843367263675
9005,-1.8445559740066528,0.000725944759324193
9006,-1.8296229839324951,0.0007263282313942909
9007,-1.8144229650497437,0.000726624799426645
9008,-1.8546899557113647,0.0007268608314916492
9009,-1.789355993270874,0.0007270103087648749
9010,-1.7994890213012695,0.0007271203212440014
9011,-1.714421033859253,0.0007271649083122611
9012,-1.7493549585342407,0.0007272140355780721
9013,-1.6741540431976318,0.0007272320217452943
9014,-1.7442879676818848,0.0007272494258359075
9015,-1.6392199993133545,0.0007272203802131116
9016,-1.6392199993133545,0.0007271958747878671
9017,-1.6442869901657104,0.0007271463982760906
9018,-1.6493539810180664,0.000727103091776371
9019,-1.5941530466079712,0.0007270380738191307
9020,-1.6242870092391968,0.0007269721245393157
9021,-1.5792200565338135,0.0007268909248523414
9022,-1.6090869903564453,0.000726813857909292
9023,-1.564020037651062,0.0007267178734764457
9024,-1.5840200185775757,0.0007266270695254207
9025,-1.5341529846191406,0.000726523227058351
9026,-1.5890870094299316,0.0007264256710186601
9027,-1.5541529655456543,0.0007263107690960169
9028,-1.5792200565338135,0.0007261974969878793
9029,-1.5389529466629028,0.0007260644342750311
9030,-1.564020037651062,0.0007259432459250093
9031,-1.558953046798706,0.0007258115219883621
9032,-1.5792200565338135,0.0007256867829710245
9033,-1.5341529846191406,0.0007255582022480667
9034,-1.574152946472168,0.0007254445808939636
9035,-1.5440189838409424,0.0007253211224451661
9036,-1.5941530466079712,0.0007252083159983158
9037,-1.5440189838409424,0.0007250818889588118
9038,-1.6141539812088013,0.0007249689078889787
9039,-1.5840200185775757,0.0007248509209603071
9040,-1.5792200565338135,0.0007247377652674913
9041,-1.509086012840271,0.0007246164022944868
9042,-1.5992200374603271,0.0007245102315209806
9043,-1.558953046798706,0.0007244112202897668
9044,-1.5941530466079712,0.0007243635482154787
9045,-1.5490859746932983,0.0007246921304613352
9046,-1.5992200374603271,0.0007258300902321935
9047,-1.5541529655456543,0.0007273885421454906
9048,-1.5992200374603271,0.0007285914616659284
9049,-1.5792200565338135,0.0007297734264284372
9050,-1.5941530466079712,0.0007313055684790015
9051,-1.558953046798706,0.0007330719381570816
9052,-1.6040199995040894,0.0007343942997977138
9053,-1.5389529466629028,0.0007355149136856198
9054,-1.6242870092391968,0.0007361493189819157
9055,-1.5792200565338135,0.00073540851008147
9056,-1.6141539812088013,0.0007341420860029757
9057,-1.5440189838409424,0.0007329107029363513
9058,-1.5992200374603271,0.0007318928837776184
9059,-1.574152946472168,0.0007315473631024361
9060,-1.5941530466079712,0.0007312820525839925
9061,-1.5541529655456543,0.0007315063267014921
9062,-1.5890870094299316,0.0007316016126424074
9063,-1.5792200565338135,0.0007325219921767712
9064,-1.5890870094299316,0.0007336265407502651
9065,-1.5290859937667847,0.0007344337645918131
9066,-1.5890870094299316,0.0007354331901296973
9067,-1.5389529466629028,0.0007362054893746972
9068,-1.5890870094299316,0.0007365434430539608
9069,-1.569085955619812,0.0007369728991761804
9070,-1.6040199995040894,0.0007368192309513688
9071,-1.5541529655456543,0.0007366918725892901
9072,-1.6040199995040894,0.000736203626729548
9073,-1.569085955619812,0.0007356243440881371
9074,-1.6040199995040894,0.0007345806807279587
9075,-1.5341529846191406,0.0007332568056881428
9076,-1.5890870094299316,0.0007317301351577044
9077,-1.5490859746932983,0.0007299176650121808
9078,-1.574152946472168,0.0007283173035830259
9079,-1.558953046798706,0.00072657031705603
9080,-1.6192200183868408,0.0007248808979056776
9081,-1.564020037651062,0.0007234381046146154
9082,-1.5941530466079712,0.0007216108497232199
9083,-1.564020037651062,0.0007194628706201911
9084,-1.5840200185775757,0.0007167850853875279
9085,-1.5792200565338135,0.0007133232429623604
9086,-1.6090869903564453,0.0007096581975929439
9087,-1.5840200185775757,0.000705883139744401
9088,-1.5792200565338135,0.0007016847375780344
9089,-1.5541529655456543,0.0006966964574530721
9090,-1.5792200565338135,0.0006913504330441356
9091,-1.5541529655456543,0.000686215003952384
9092,-1.5792200565338135,0.0006808728212490678
9093,-1.5440189838409424,0.000674974056892097
9094,-1.6141539812088013,0.0006688026478514075
9095,-1.564020037651062,0.0006626929389312863
9096,-1.6040199995040894,0.0006570970872417092
9097,-1.5490859746932983,0.0006516688736155629
9098,-1.6040199995040894,0.0006457879208028316
9099,-1.5341529846191406,0.0006395998643711209
9100,-1.574152946472168,0.0006335067446343601
9101,-1.5290859937667847,0.0006272471509873867
9102,-1.5992200374603271,0.000621283077634871
9103,-1.564020037651062,0.0006149833207018673
9104,-1.5992200374603271,0.0006086246576160192
9105,-1.5189520120620728,0.0006022335728630424
9106,-1.574152946472168,0.0005952124483883381
9107,-1.569085955619812,0.0005885286955162883
9108,-1.5992200374603271,0.0005826027481816709
9109,-1.574152946472168,0.0005767300608567894
9110,-1.5992200374603271,0.0005701699992641807
9111,-1.6040199995040894,0.0005638683214783669
9112,-1.5941530466079712,0.0005578873679041862
9113,-1.5792200565338135,0.0005528324982151389
9114,-1.6192200183868408,0.0005482491105794907
9115,-1.5541529655456543,0.0005438516382128
9116,-1.6192200183868408,0.0005391101585701108
9117,-1.558953046798706,0.0005348216509446502
9118,-1.6040199995040894,0.000531077035702765
9119,-1.569085955619812,0.0005277246236801147
9120,-1.629086971282959,0.0005246126092970371
9121,-1.5792200565338135,0.0005214095581322908
9122,-1.5992200374603271,0.0005178043502382934
9123,-1.5941530466079712,0.0005136181134730577
9124,-1.574152946472168,0.0005093818763270974
9125,-1.5541529655456543,0.0005050030304118991
9126,-1.634153962135315,0.000500498223118484
9127,-1.5792200565338135,0.0004958735662512481
9128,-1.6242870092391968,0.0004911780124530196
9129,-1.569085955619812,0.000486457982333377
9130,-1.5992200374603271,0.00048176018754020333
9131,-1.564020037651062,0.0004771320673171431
9132,-1.6040199995040894,0.00047262106090784073
9133,-1.564020037651062,0.00046822248259559274
9134,-1.6040199995040894,0.00046401057625189424
9135,-1.5440189838409424,0.00045995513210073113
9136,-1.6141539812088013,0.00045608231448568404
9137,-1.569085955619812,0.00045240367762744427
9138,-1.6242870092391968,0.0004490918945521116
9139,-1.564020037651062,0.0004462138458620757
9140,-1.5792200565338135,0.0004437544848769903
9141,-1.4589519500732422,0.0004418095631990582
9142,-1.0032130479812622,0.00044047855772078037
9143,-0.38720500469207764,0.0004396439471747726
9144,-0.19173599779605865,0.00043885534978471696
9145,0.11360099911689758,0.0004383245832286775
9146,0.22400300204753876,0.0004375297576189041
9147,0.4042719900608063,0.00043696194188669324
9148,0.5093399882316589,0.00043609272688627243
9149,0.7197420001029968,0.00043506608926691115
9150,0.8901439905166626,0.00043347454629838467
9151,1.2056150436401367,0.0004303264431655407
9152,1.3408169746398926,0.000426342012360692
9153,1.5512189865112305,0.00042282341746613383
9154,1.5762859582901,0.00041857012547552586
9155,1.6712210178375244,0.0004138117656111717
9156,1.68135404586792,0.000410155626013875
9157,1.7514890432357788,0.0004069094138685614
9158,1.7162879705429077,0.0004028217517770827
9159,1.7664220333099365,0.00039811074384488165
9160,1.7616219520568848,0.0003943463379982859
9161,1.796555995941162,0.0003909465449396521
9162,1.796555995941162,0.0003878478892147541
9163,1.796555995941162,0.00038371249684132636
9164,1.7565549612045288,0.0003795695083681494
9165,1.7714890241622925,0.00037624879041686654
9166,1.68135404586792,0.0003735432983376086
9167,1.7314879894256592,0.0003712591715157032
9168,1.68135404586792,0.000368419976439327
9169,1.696287989616394,0.0003647119156084955
9170,1.646420955657959,0.00036125624319538474
9171,1.6312199831008911,0.00035880220821127295
9172,1.6061530113220215,0.0003573890426196158
9173,1.636286973953247,0.0003569867112673819
9174,1.6013530492782593,0.00035608449252322316
9175,1.6013530492782593,0.00035466119879856706
9176,1.5512189865112305,0.00035472767194733024
9177,1.5912200212478638,0.00035611214116215706
9178,1.546152949333191,0.00035773636773228645
9179,1.5912200212478638,0.0003595022135414183
9180,1.5312190055847168,0.0003616779576987028
9181,1.6013530492782593,0.0003650563885457814
9182,1.536018967628479,0.0003685025149025023
9183,1.5810860395431519,0.00037237879587337375
9184,1.5061520338058472,0.00037561505450867116
9185,1.5661530494689941,0.0003785731387324631
9186,1.5061520338058472,0.00038309668889269233
9187,1.5610860586166382,0.0003883098252117634
9188,1.5312190055847168,0.0003935973218176514
9189,1.5560189485549927,0.0003990884288214147
9190,1.5261520147323608,0.00040419120341539383
9191,1.5661530494689941,0.00040957698365673423
9192,1.4960190057754517,0.00041421232162974775
9193,1.541085958480835,0.00041905511170625687
9194,1.5109519958496094,0.0004245216550771147
9195,1.5512189865112305,0.0004289116768632084
9196,1.4960190057754517,0.00043299910612404346
9197,1.5560189485549927,0.00043719285167753696
9198,1.4960190057754517,0.0004421209741849452
9199,1.57122004032135,0.00044657866237685084
9200,1.5109519958496094,0.00045075261732563376
9201,1.5512189865112305,0.0004543901013676077
9202,1.5160189867019653,0.00045801038504578173
9203,1.546152949333191,0.00046141757047735155
9204,1.2405489683151245,0.0004654552321881056
9205,0.659741997718811,0.00046900263987481594
9206,0.22400300204753876,0.0004723119200207293
9207,0.01866699941456318,0.00047497241757810116
9208,-0.2269359976053238,0.00047728046774864197
9209,-0.3218710124492645,0.00047963851829990745
9210,-0.5072060227394104,0.0004819298628717661
9211,-0.647475004196167,0.0004839527537114918
9212,-0.8930780291557312,0.00048593577230349183
9213,-1.1032140254974365,0.00048820575466379523
9214,-1.3536169528961182,0.0004909206763841212
9215,-1.509086012840271,0.0004941257066093385
9216,-1.6392199993133545,0.0004974858020432293
9217,-1.6493539810180664,0.0005007000872865319
9218,-1.7493549585342407,0.000503951741848141
9219,-1.7493549585342407,0.0005077387322671711
9220,-1.789355993270874,0.0005115962703712285
9221,-1.7594890594482422,0.0005151036311872303
9222,-1.8594900369644165,0.000518756452947855
9223,-1.8296229839324951,0.000522041111253202
9224,-1.8794900178909302,0.0005250455578789115
9225,-1.8445559740066528,0.0005277360323816538
9226,-1.8496229648590088,0.0005303164944052696
9227,-1.789355993270874,0.0005327550461515784
9228,-1.8296229839324951,0.0005347938276827335
9229,-1.7544219493865967,0.0005369032733142376
9230,-1.7544219493865967,0.0005384451942518353
9231,-1.6992210149765015,0.0005396256456151605
9232,-1.7192209959030151,0.0005406924756243825
9233,-1.714421033859253,0.0005412062746472657
9234,-1.6992210149765015,0.0005415808409452438
9235,-1.6192200183868408,0.0005414679762907326
9236,-1.6792210340499878,0.0005419448716565967
9237,-1.6242870092391968,0.0005425778217613697
9238,-1.634153962135315,0.0005433117039501667
9239,-1.569085955619812,0.0005450685857795179
9240,-1.6242870092391968,0.0005471146432682872
9241,-1.569085955619812,0.0005485645961016417
9242,-1.6192200183868408,0.0005509674083441496
9243,-1.5840200185775757,0.0005534644005820155
9244,-1.5941530466079712,0.0005556617979891598
9245,-1.5541529655456543,0.0005585044855251908
9246,-1.6090869903564453,0.0005624734912998974
9247,-1.5840200185775757,0.0005673514679074287
9248,-1.5941530466079712,0.0005716297891922295
9249,-1.5541529655456543,0.0005757848266512156
9250,-1.5840200185775757,0.0005803713575005531
9251,-1.5440189838409424,0.0005858379881829023
9252,-1.5792200565338135,0.0005913821514695883
9253,-1.558953046798706,0.0005958197871223092
9254,-1.5792200565338135,0.00059973617317155
9255,-1.569085955619812,0.0006036200793460011
9256,-1.564020037651062,0.0006080044549889863
9257,-1.5440189838409424,0.0006131072295829654
9258,-1.569085955619812,0.0006182836950756609
9259,-1.5490859746932983,0.00062264793086797
9260,-1.5840200185775757,0.000626519089564681
9261,-1.569085955619812,0.000630431342869997
9262,-1.5840200185775757,0.0006349278846755624
9263,-1.569085955619812,0.0006395541131496429
9264,-1.5792200565338135,0.0006434720708057284
9265,-1.5440189838409424,0.0006472163368016481
9266,-1.6242870092391968,0.0006506891222670674
9267,-1.569085955619812,0.0006540723843500018
9268,-1.5992200374603271,0.0006572463316842914
9269,-1.5541529655456543,0.0006601304048672318
9270,-1.5992200374603271,0.0006626889808103442
9271,-1.558953046798706,0.0006649967981502414
9272,-1.5941530466079712,0.000667596235871315
9273,-1.5840200185775757,0.0006702214013785124
9274,-1.5890870094299316,0.0006717236828990281
9275,-1.5341529846191406,0.0006727445288561285
9276,-1.5792200565338135,0.00067391328047961
9277,-1.558953046798706,0.0006748490850441158
9278,-1.6040199995040894,0.0006762295379303396
9279,-1.569085955619812,0.0006776719819754362
9280,-1.5992200374603271,0.0006797913229092956
9281,-1.558953046798706,0.0006817198591306806
9282,-1.5890870094299316,0.0006838436820544302
9283,-1.558953046798706,0.0006859324057586491
9284,-1.6090869903564453,0.0006880162982270122
9285,-1.5792200565338135,0.000690227490849793
9286,-1.5890870094299316,0.0006922160973772407
9287,-1.569085955619812,0.0006941587780602276
9288,-1.634153962135315,0.0006959831807762384
9289,-1.6040199995040894,0.0006973182898946106
9290,-1.6392199993133545,0.0006986077059991658
9291,-1.5941530466079712,0.0006997339078225195
9292,-1.5840200185775757,0.000700573727954179
9293,-1.574152946472168,0.0007012807764112949
9294,-1.6090869903564453,0.0007019642507657409
9295,-1.5941530466079712,0.0007028490654192865
9296,-1.6040199995040894,0.0007039349293336272
9297,-1.5189520120620728,0.0007052671280689538
9298,-1.1733479499816895,0.0007072193548083305
9299,-0.527472972869873,0.00070969108492136
9300,-0.2818700075149536,0.0007121252128854394
9301,0.04853399842977524,0.0007141252281144261
9302,0.22880299389362335,0.0007149465964175761
9303,0.3741379976272583,0.0007150322198867798
9304,0.4544059932231903,0.0007154194754548371
9305,0.6746749877929688,0.0007158126682043076
9306,0.8749439716339111,0.0007154709892347455
9307,1.1405479907989502,0.0007141377427615225
9308,1.3258830308914185,0.0007128569413907826
9309,1.5210859775543213,0.0007115231128409505
9310,1.5762859582901,0.0007101008668541908
9311,1.6562869548797607,0.0007100526709109545
9312,1.6562869548797607,0.0007104367250576615
9313,1.7314879894256592,0.0007109209545888007
9314,1.68135404586792,0.0007112628663890064
9315,1.7413549423217773,0.0007113337051123381
9316,1.7514890432357788,0.0007113412721082568
9317,1.796555995941162,0.0007106880657374859
9318,1.7765560150146484,0.0007107184501364827
9319,1.8114889860153198,0.0007102618692442775
9320,1.7514890432357788,0.0007101298542693257
9321,1.801622986793518,0.0007101453957147896
9322,1.6864210367202759,0.0007099458016455173
9323,1.7314879894256592,0.000710160587914288
9324,1.6562869548797607,0.000710470019839704
9325,1.6664210557937622,0.0007107204291969538
9326,1.6213539838790894,0.0007119602523744106
9327,1.6664210557937622,0.0007136534550227225
9328,1.57122004032135,0.0007155739585869014
9329,1.3258830308914185,0.00071800930891186
9330,0.6746749877929688,0.0007205517031252384
9331,0.3192040026187897,0.0007233424112200737
9332,-0.006399999838322401,0.0007254251977428794
9333,-0.16666899621486664,0.0007269046036526561
9334,-0.37200498580932617,0.0007280370919033885
9335,-0.47227299213409424,0.0007285238825716078
9336,-0.6274750232696533,0.0007286862819455564
9337,-0.8480110168457031,0.0007286225445568562
9338,-1.1384140253067017,0.0007286272011697292
9339,-1.3288170099258423,0.0007287500193342566
9340,-1.5389529466629028,0.0007290669018402696
9341,-1.5890870094299316,0.0007295531104318798
9342,-1.6992210149765015,0.0007301535224542022
9343,-1.6944210529327393,0.0007307958439923823
9344,-1.8045560121536255,0.0007314432295970619
9345,-1.714421033859253,0.000732106389477849
9346,-1.8045560121536255,0.0007327796192839742
9347,-1.8144229650497437,0.0007333951070904732
9348,-1.8546899557113647,0.0007339321891777217
9349,-1.8645570278167725,0.0007343575125560164
9350,-1.8997570276260376,0.0007346818456426263
9351,-1.8394900560379028,0.0007348720682784915
9352,-1.8296229839324951,0.0007350011728703976
9353,-1.7794890403747559,0.0007350586820393801
9354,-1.7994890213012695,0.000735103792976588
9355,-1.734421968460083,0.0007350998348556459
9356,-1.7442879676818848,0.0007351009990088642
9357,-1.6944210529327393,0.0007350689265877008
9358,-1.6893539428710938,0.0007350386003963649
9359,-1.634153962135315,0.0007349855732172728
9360,-1.6842880249023438,0.0007349414518103004
9361,-1.6493539810180664,0.0007348736980929971
9362,-1.6792210340499878,0.0007347966311499476
9363,-1.5890870094299316,0.000734699540771544
9364,-1.6141539812088013,0.0007346032070927322
9365,-1.5840200185775757,0.0007345063495449722
9366,-1.6192200183868408,0.0007344119949266315
9367,-1.5541529655456543,0.0007342984317801893
9368,-1.574152946472168,0.0007341867312788963
9369,-1.558953046798706,0.0007340606534853578
9370,-1.6242870092391968,0.000733940105419606
9371,-1.5341529846191406,0.0007337938877753913
9372,-1.5792200565338135,0.0007336575072258711
9373,-1.5341529846191406,0.0007335114059969783
9374,-1.5792200565338135,0.0007333706598728895
9375,-1.5341529846191406,0.0007332210661843419
9376,-1.5992200374603271,0.0007330725202336907
9377,-1.5440189838409424,0.0007329185027629137
9378,-1.564020037651062,0.0007327719940803945
9379,-1.5490859746932983,0.0007326133782044053
9380,-1.564020037651062,0.0007324692560359836
9381,-1.558953046798706,0.0007323165773414075
9382,-1.569085955619812,0.0007321702432818711
9383,-1.5341529846191406,0.0007320133736357093
9384,-1.5792200565338135,0.0007318623829632998
9385,-1.5389529466629028,0.0007317070267163217
9386,-1.574152946472168,0.0007315558614209294
9387,-1.5341529846191406,0.0007314076647162437
9388,-1.5890870094299316,0.0007313661044463515
9389,-1.5490859746932983,0.0007318905554711819
9390,-1.5840200185775757,0.0007331324159167707
9391,-1.574152946472168,0.0007345611229538918
9392,-1.6040199995040894,0.0007356535061262548
9393,-1.5541529655456543,0.0007368293008767068
9394,-1.6040199995040894,0.000738384376745671
9395,-1.6040199995040894,0.0007399575551971793
9396,-1.5890870094299316,0.0007410728721879423
9397,-1.564020037651062,0.0007420516340062022
9398,-1.5992200374603271,0.0007421120535582304
9399,-1.558953046798706,0.000741001742426306
9400,-1.6040199995040894,0.0007395349093712866
9401,-1.5541529655456543,0.0007382697658613324
9402,-1.6392199993133545,0.000737288617528975
9403,-1.5792200565338135,0.0007369598606601357
9404,-1.5792200565338135,0.0007365908240899444
9405,-1.5490859746932983,0.0007367139915004373
9406,-1.5840200185775757,0.0007369265076704323
9407,-1.5541529655456543,0.000737865106202662
9408,-1.574152946472168,0.0007387768710032105
9409,-1.558953046798706,0.0007393789128400385
9410,-1.6242870092391968,0.0007403037743642926
9411,-1.5290859937667847,0.0007407080847769976
9412,-1.6141539812088013,0.0007409792742691934
9413,-1.569085955619812,0.0007410135585814714
9414,-1.6090869903564453,0.0007408051169477403
9415,-1.564020037651062,0.0007404818315990269
9416,-1.5992200374603271,0.000739941606298089
9417,-1.5840200185775757,0.000739145849365741
9418,-1.6242870092391968,0.0007375972927547991
9419,-1.5840200185775757,0.0007361407624557614
9420,-1.6192200183868408,0.0007342625176534057
9421,-1.5541529655456543,0.0007324839243665338
9422,-1.5992200374603271,0.0007306881016120315
9423,-1.569085955619812,0.0007288309279829264
9424,-1.5890870094299316,0.0007271396461874247
9425,-1.5341529846191406,0.0007255295640788972
9426,-1.6141539812088013,0.0007235691882669926
9427,-1.5290859937667847,0.0007211337215267122
9428,-1.5890870094299316,0.0007181968539953232
9429,-1.5290859937667847,0.0007143402472138405
9430,-1.5941530466079712,0.0007105761324055493
9431,-1.569085955619812,0.0007066843681968749
9432,-1.5992200374603271,0.000702225195709616
9433,-1.558953046798706,0.0006968237576074898
9434,-1.5890870094299316,0.0006914344849064946
9435,-1.558953046798706,0.0006860832218080759
9436,-1.6040199995040894,0.0006804211880080402
9437,-1.5792200565338135,0.0006740385433658957
9438,-1.6040199995040894,0.0006677792407572269
9439,-1.5792200565338135,0.000661601428873837
9440,-1.6392199993133545,0.0006559450994245708
9441,-1.558953046798706,0.0006502617034129798
9442,-1.6141539812088013,0.0006439966382458806
9443,-1.569085955619812,0.0006377510144375265
9444,-1.5840200185775757,0.0006314285565167665
9445,-1.5389529466629028,0.0006250672158785164
9446,-1.5840200185775757,0.0006188495317474008
9447,-1.569085955619812,0.0006121604237705469
9448,-1.6141539812088013,0.0006057320861145854
9449,-1.5541529655456543,0.0005990533391013741
9450,-1.6040199995040894,0.0005914916982874274
9451,-1.569085955619812,0.0005849755252711475
9452,-1.6242870092391968,0.0005789216957055032
9453,-1.5440189838409424,0.0005726355593651533
9454,-1.6040199995040894,0.0005656543653458357
9455,-1.5541529655456543,0.0005593425594270229
9456,-1.6141539812088013,0.0005532631184905767
9457,-1.5840200185775757,0.0005482399137690663
9458,-1.6392199993133545,0.0005433919141069055
9459,-1.5890870094299316,0.0005387280834838748
9460,-1.5890870094299316,0.0005338404444046319
9461,-1.5490859746932983,0.0005294982111081481
9462,-1.629086971282959,0.0005255332216620445
9463,-1.574152946472168,0.0005220522289164364
9464,-1.5890870094299316,0.0005186817143112421
9465,-1.5840200185775757,0.0005151043296791613
9466,-1.5890870094299316,0.0005110406782478094
9467,-1.569085955619812,0.0005065771983936429
9468,-1.6442869901657104,0.0005020168609917164
9469,-1.5890870094299316,0.0004972565220668912
9470,-1.6090869903564453,0.0004923746455460787
9471,-1.5541529655456543,0.0004873853758908808
9472,-1.5890870094299316,0.00048236484872177243
9473,-1.5440189838409424,0.00047735823318362236
9474,-1.569085955619812,0.000472427811473608
9475,-1.5792200565338135,0.0004676194512285292
9476,-1.6040199995040894,0.00046296726213768125
9477,-1.564020037651062,0.0004584096895996481
9478,-1.6090869903564453,0.00045395875349640846
9479,-1.5541529655456543,0.00044968645670451224
9480,-1.6141539812088013,0.0004456817696336657
9481,-1.5792200565338135,0.00044195237569510937
9482,-1.6090869903564453,0.0004385747015476227
9483,-1.574152946472168,0.00043561551137827337
9484,-1.5890870094299316,0.00043310452019795775
9485,-1.3738839626312256,0.0004311061929911375
9486,-0.8880109786987305,0.00042972760275006294
9487,-0.3218710124492645,0.00042880582623183727
9488,-0.12666800618171692,0.00042792907333932817
9489,0.19893600046634674,0.00042719877092167735
9490,0.29413700103759766,0.0004264672752469778
9491,0.4042719900608063,0.000425801204983145
9492,0.5445399880409241,0.00042477474198676646
9493,0.7848100066184998,0.0004236950189806521
9494,1.0152130126953125,0.00042175687849521637
9495,1.2656160593032837,0.0004181384574621916
9496,1.4258840084075928,0.00041402358328923583
9497,1.6013530492782593,0.0004102594102732837
9498,1.5912200212478638,0.000405693834181875
9499,1.6512210369110107,0.0004012598074041307
9500,1.6712210178375244,0.00039766955887898803
9501,1.7114880084991455,0.0003943945630453527
9502,1.70135498046875,0.0003900443552993238
9503,1.7765560150146484,0.0003854822716675699
9504,1.7565549612045288,0.0003817895776592195
9505,1.8165559768676758,0.00037849851651117206
9506,1.7464220523834229,0.00037519633769989014
9507,1.796555995941162,0.0003708726726472378
9508,1.7413549423217773,0.0003668903955258429
9509,1.7314879894256592,0.0003637156041804701
9510,1.6762880086898804,0.0003612076980061829
9511,1.7213549613952637,0.0003589309344533831
9512,1.6512210369110107,0.0003558749449439347
9513,1.6562869548797607,0.00035230466164648533
9514,1.6112200021743774,0.0003488479705993086
9515,1.641353964805603,0.0003466682101134211
9516,1.5560189485549927,0.00034550303826108575
9517,1.6061530113220215,0.0003449055948294699
9518,1.5560189485549927,0.00034376163966953754
9519,1.5912200212478638,0.0003427868359722197
9520,1.5661530494689941,0.000343304593116045
9521,1.5861530303955078,0.00034495131694711745
9522,1.541085958480835,0.00034651876194402575
9523,1.5762859582901,0.00034834962571039796
9524,1.5312190055847168,0.00035077385837212205
9525,1.541085958480835,0.000354243500623852
9526,1.4960190057754517,0.00035785697400569916
9527,1.5512189865112305,0.0003614615125115961
9528,1.5109519958496094,0.0003644301905296743
9529,1.546152949333191,0.0003676012565847486
9530,1.5210859775543213,0.00037263246485963464
9531,1.5610860586166382,0.0003778694081120193
9532,1.5312190055847168,0.00038315364508889616
9533,1.5512189865112305,0.000388431828469038
9534,1.5261520147323608,0.00039329350693151355
9535,1.5610860586166382,0.0003985334187746048
9536,1.5312190055847168,0.00040284814895130694
9537,1.5610860586166382,0.00040782149881124496
9538,1.5312190055847168,0.00041302485624328256
9539,1.5762859582901,0.00041723408503457904
9540,1.481084942817688,0.0004210975021123886
9541,1.57122004032135,0.0004252927901688963
9542,1.5312190055847168,0.00043002230813726783
9543,1.541085958480835,0.00043421564623713493
9544,1.5010850429534912,0.0004379169549793005
9545,1.5512189865112305,0.0004413500428199768
9546,1.5061520338058472,0.00044458010233938694
9547,1.470952033996582,0.0004480446223169565
9548,1.025346040725708,0.0004517282359302044
9549,0.4944060146808624,0.000454979483038187
9550,0.15386900305747986,0.0004579857341013849
9551,-0.05653399974107742,0.00046033127000555396
9552,-0.2970699965953827,0.00046245226985774934
9553,-0.38720500469207764,0.00046460176235996187
9554,-0.5474740266799927,0.00046664741239510477
9555,-0.6674749851226807,0.00046846410259604454
9556,-0.9680119752883911,0.0004703812301158905
9557,-1.1634809970855713,0.00047251995420083404
9558,-1.4138840436935425,0.0004751509986817837
9559,-1.558953046798706,0.00047815864672884345
9560,-1.6642869710922241,0.00048122036969289184
9561,-1.6392199993133545,0.0004841893387492746
9562,-1.7642890214920044,0.0004873780417256057
9563,-1.7394880056381226,0.0004910202696919441
9564,-1.7794890403747559,0.0004946017870679498
9565,-1.7642890214920044,0.0004979356890544295
9566,-1.8296229839324951,0.0005012871697545052
9567,-1.8245559930801392,0.0005041977274231613
9568,-1.8794900178909302,0.0005069858161732554
9569,-1.8045560121536255,0.000509361329022795
9570,-1.8645570278167725,0.0005118920234963298
9571,-1.8096230030059814,0.0005141409346833825
9572,-1.8245559930801392,0.0005162082961760461
9573,-1.7192209959030151,0.0005181359592825174
9574,-1.7544219493865967,0.0005193311953917146
9575,-1.6992210149765015,0.0005204292247071862
9576,-1.7042880058288574,0.0005211463430896401
9577,-1.6541539430618286,0.0005216908175498247
9578,-1.6541539430618286,0.0005219405284151435
9579,-1.6442869901657104,0.0005219802260398865
9580,-1.6541539430618286,0.0005227461224421859
9581,-1.6141539812088013,0.0005234325071796775
9582,-1.6493539810180664,0.0005243108607828617
9583,-1.569085955619812,0.0005260698962956667
9584,-1.629086971282959,0.000527933007106185
9585,-1.5840200185775757,0.0005296904128044844
9586,-1.6242870092391968,0.0005324517842382193
9587,-1.574152946472168,0.0005349604762159288
9588,-1.6090869903564453,0.0005375075852498412
9589,-1.564020037651062,0.0005407351418398321
9590,-1.6040199995040894,0.0005451955366879702
9591,-1.564020037651062,0.0005500191473402083
9592,-1.6141539812088013,0.0005543391453102231
9593,-1.558953046798706,0.0005586767219938338
9594,-1.6040199995040894,0.0005635521374642849
9595,-1.558953046798706,0.0005691891419701278
9596,-1.5890870094299316,0.0005745365051552653
9597,-1.558953046798706,0.0005788986454717815
9598,-1.5992200374603271,0.0005828620633110404
9599,-1.558953046798706,0.0005868883454240859
9600,-1.564020037651062,0.0005915198707953095
9601,-1.5440189838409424,0.0005966572789475322
9602,-1.574152946472168,0.0006018357235006988
9603,-1.5389529466629028,0.0006060714949853718
9604,-1.574152946472168,0.0006099211168475449
9605,-1.5389529466629028,0.0006139278411865234
9606,-1.5890870094299316,0.0006186212413012981
9607,-1.5389529466629028,0.0006231688894331455
9608,-1.6090869903564453,0.0006271149031817913
9609,-1.5389529466629028,0.0006309260497801006
9610,-1.6090869903564453,0.0006344163557514548
9611,-1.5840200185775757,0.0006378625403158367
9612,-1.6040199995040894,0.0006410438800230622
9613,-1.574152946472168,0.000644008454401046
9614,-1.564020037651062,0.000646569998934865
9615,-1.569085955619812,0.0006489320658147335
9616,-1.5941530466079712,0.0006516518769785762
9617,-1.558953046798706,0.0006541390903294086
9618,-1.5992200374603271,0.0006556006846949458
9619,-1.564020037651062,0.0006566717056557536
9620,-1.5890870094299316,0.000657798140309751
9621,-1.558953046798706,0.0006587913958355784
9622,-1.5992200374603271,0.0006602141074836254
9623,-1.564020037651062,0.000661758822388947
9624,-1.5890870094299316,0.000663803075440228
9625,-1.5541529655456543,0.0006657707854174078
9626,-1.5792200565338135,0.0006679205689579248
9627,-1.558953046798706,0.0006699642981402576
9628,-1.6090869903564453,0.0006721101235598326
9629,-1.5341529846191406,0.0006743138656020164
9630,-1.6141539812088013,0.000676263531204313
9631,-1.569085955619812,0.000678269425407052
9632,-1.6192200183868408,0.0006799818947911263
9633,-1.5941530466079712,0.0006813108921051025
9634,-1.6141539812088013,0.0006826886674389243
9635,-1.6090869903564453,0.0006837761029601097
9636,-1.6040199995040894,0.0006846579490229487
9637,-1.5792200565338135,0.0006853959057480097
9638,-1.5992200374603271,0.0006861843867227435
9639,-1.5941530466079712,0.0006871888181194663
9640,-1.6493539810180664,0.0006883396999910474
9641,-1.4589519500732422,0.0006898443680256605
9642,-1.033079981803894,0.0006920596351847053
9643,-0.41707199811935425,0.0006946627981960773
9644,-0.16160200536251068,0.0006971239345148206
9645,0.12373500317335129,0.0006988825043663383
9646,0.21386900544166565,0.0006995158037170768
9647,0.40933799743652344,0.000699698633980006
9648,0.4794729948043823,0.0007002053898759186
9649,0.7096089720726013,0.0007005806546658278
9650,0.9250779747962952,0.0007000433979555964
9651,1.2005480527877808,0.0006987390806898475
9652,1.3909510374069214,0.0006975648575462401
9653,1.5560189485549927,0.0006962071638554335
9654,1.5861530303955078,0.0006952069816179574
9655,1.6914880275726318,0.0006955649587325752
9656,1.68135404586792,0.0006960317259654403
9657,1.7413549423217773,0.0006966313812881708
9658,1.70135498046875,0.0006969756213948131
9659,1.796555995941162,0.0006970860995352268
9660,1.7413549423217773,0.0006969997775740921
9661,1.8165559768676758,0.0006964441272430122
9662,1.7765560150146484,0.0006964716594666243
9663,1.8365559577941895,0.0006960571045055985
9664,1.7413549423217773,0.0006961756735108793
9665,1.7714890241622925,0.0006961022736504674
9666,1.7264219522476196,0.0006959784077480435
9667,1.7314879894256592,0.000696361530572176
9668,1.6613539457321167,0.0006966303335502744
9669,1.7064210176467896,0.0006970748072490096
9670,1.6512210369110107,0.000698417890816927
9671,1.6762880086898804,0.0007001284975558519
9672,1.546152949333191,0.0007023168727755547
9673,1.1805479526519775,0.0007047321414574981
9674,0.5394729971885681,0.0007074254099279642
9675,0.25387001037597656,0.0007100447546690702
9676,-0.04666699841618538,0.0007119716028682888
9677,-0.21680299937725067,0.000713254208676517
9678,-0.37707099318504333,0.0007142157992348075
9679,-0.49733999371528625,0.0007145092822611332
9680,-0.6725419759750366,0.0007145779673010111
9681,-0.9130780100822449,0.0007144304690882564
9682,-1.2085479497909546,0.0007143971160985529
9683,-1.3738839626312256,0.0007144716219045222
9684,-1.5941530466079712,0.0007147524738684297
9685,-1.6392199993133545,0.000715161208063364
9686,-1.7394880056381226,0.0007156498031690717
9687,-1.7493549585342407,0.0007161478279158473
9688,-1.8144229650497437,0.0007166445720940828
9689,-1.7845560312271118,0.0007171370671130717
9690,-1.789355993270874,0.0007175856735557318
9691,-1.8045560121536255,0.0007179869571700692
9692,-1.889623999595642,0.0007183232228271663
9693,-1.8344229459762573,0.0007185354479588568
9694,-1.8845570087432861,0.0007186850998550653
9695,-1.8245559930801392,0.0007187221199274063
9696,-1.8394900560379028,0.0007187126902863383
9697,-1.7594890594482422,0.000718643656000495
9698,-1.7794890403747559,0.0007185736321844161
9699,-1.6992210149765015,0.0007184756686910987
9700,-1.7544219493865967,0.0007183969719335437
9701,-1.6642869710922241,0.0007182955741882324
9702,-1.724287986755371,0.0007182096596807241
9703,-1.6392199993133545,0.0007180973771028221
9704,-1.6741540431976318,0.000718002556823194
9705,-1.6141539812088013,0.0007178890518844128
9706,-1.6642869710922241,0.0007177951047196984
9707,-1.6392199993133545,0.0007176761282607913
9708,-1.634153962135315,0.0007175650680437684
9709,-1.6040199995040894,0.000717438175342977
9710,-1.6040199995040894,0.0007173203630372882
9711,-1.5440189838409424,0.0007171966135501862
9712,-1.5840200185775757,0.0007170847384259105
9713,-1.5389529466629028,0.0007169534219428897
9714,-1.5840200185775757,0.0007168382289819419
9715,-1.5541529655456543,0.0007166977738961577
9716,-1.5890870094299316,0.0007165599963627756
9717,-1.564020037651062,0.0007164130220189691
9718,-1.5792200565338135,0.0007162728579714894
9719,-1.5440189838409424,0.0007161319372244179
9720,-1.5792200565338135,0.0007160060340538621
9721,-1.5440189838409424,0.0007158761145547032
9722,-1.5890870094299316,0.0007157580112107098
9723,-1.569085955619812,0.0007156305946409702
9724,-1.5992200374603271,0.0007155202911235392
9725,-1.5840200185775757,0.0007153976475819945
9726,-1.6141539812088013,0.0007152806501835585
9727,-1.569085955619812,0.000715152476914227
9728,-1.5992200374603271,0.000715026690158993
9729,-1.569085955619812,0.0007148964796215296
9730,-1.5890870094299316,0.0007147759897634387
9731,-1.5290859937667847,0.0007146642310544848
9732,-1.5992200374603271,0.0007147536380216479
9733,-1.574152946472168,0.0007155282655730844
9734,-1.5992200374603271,0.0007168971933424473
9735,-1.574152946472168,0.0007181665278039873
9736,-1.5992200374603271,0.0007192151970230043
9737,-1.558953046798706,0.000720476673450321
9738,-1.5941530466079712,0.0007222241256386042
9739,-1.558953046798706,0.0007237340905703604
9740,-1.6040199995040894,0.0007249137852340937
9741,-1.5440189838409424,0.0007258139085024595
9742,-1.5890870094299316,0.0007255260716192424
9743,-1.558953046798706,0.0007243712316267192
9744,-1.5992200374603271,0.000723050266969949
9745,-1.5792200565338135,0.0007236992241814733
9746,-1.6141539812088013,0.0007247054018080235
9747,-1.569085955619812,0.0007257878896780312
9748,-1.6141539812088013,0.0007266348693519831
9749,-1.5890870094299316,0.0007275105454027653
9750,-1.5992200374603271,0.0007287865155376494
9751,-1.564020037651062,0.0007304124301299453
9752,-1.5840200185775757,0.0007319941651076078
9753,-1.558953046798706,0.0007334318943321705
9754,-1.6141539812088013,0.0007349337101913989
9755,-1.569085955619812,0.0007360040326602757
9756,-1.5941530466079712,0.0007372079999186099
9757,-1.5490859746932983,0.0007381382747553289
9758,-1.6192200183868408,0.0007394417189061642
9759,-1.5490859746932983,0.0007405224605463445
9760,-1.5992200374603271,0.000741713447496295
9761,-1.574152946472168,0.0007428196258842945
9762,-1.5890870094299316,0.0007435628795064986
9763,-1.5389529466629028,0.0007444335496984422
9764,-1.569085955619812,0.000744778080843389
9765,-1.5440189838409424,0.0007454004953615367
9766,-1.5941530466079712,0.0007458421750925481
9767,-1.574152946472168,0.0007460619090124965
9768,-1.5890870094299316,0.0007466009119525552
9769,-1.558953046798706,0.0007469638367183506
9770,-1.5792200565338135,0.000747168727684766
9771,-1.564020037651062,0.0007469058036804199
9772,-1.5541529655456543,0.0007461371133103967
9773,-1.5541529655456543,0.0007447898969985545
9774,-1.5890870094299316,0.0007434672443196177
9775,-1.569085955619812,0.0007418763707391918
9776,-1.6040199995040894,0.000739437818992883
9777,-1.569085955619812,0.0007359678274951875
9778,-1.6242870092391968,0.0007329289801418781
9779,-1.6040199995040894,0.0007297305855900049
9780,-1.5992200374603271,0.0007260674028657377
9781,-1.574152946472168,0.0007215241785161197
9782,-1.629086971282959,0.0007171611650846899
9783,-1.5792200565338135,0.0007131132879294455
9784,-1.5890870094299316,0.0007094353204593062
9785,-1.6242870092391968,0.0007054705056361854
9786,-1.6141539812088013,0.000700593285728246
9787,-1.564020037651062,0.0006960219470784068
9788,-1.5992200374603271,0.0006911749951541424
9789,-1.5840200185775757,0.000686590326949954
9790,-1.5890870094299316,0.0006819266127422452
9791,-1.5541529655456543,0.0006766915903426707
9792,-1.6040199995040894,0.0006717114010825753
9793,-1.574152946472168,0.0006661114166490734
9794,-1.6040199995040894,0.0006599195767194033
9795,-1.569085955619812,0.0006549615645781159
9796,-1.6242870092391968,0.000650392787065357
9797,-1.5792200565338135,0.0006452109664678574
9798,-1.6040199995040894,0.0006395713426172733
9799,-1.5840200185775757,0.0006346199079416692
9800,-1.6192200183868408,0.0006303940899670124
9801,-1.5840200185775757,0.0006271023885346949
9802,-1.5840200185775757,0.0006240812363103032
9803,-1.574152946472168,0.0006209423299878836
9804,-1.6040199995040894,0.0006178530165925622
9805,-1.5341529846191406,0.0006154889706522226
9806,-1.6442869901657104,0.0006134430295787752
9807,-1.5840200185775757,0.0006119994213804603
9808,-1.6040199995040894,0.0006105743232183158
9809,-1.5941530466079712,0.0006087725632824004
9810,-1.629086971282959,0.0006062387838028371
9811,-1.5941530466079712,0.0006032844539731741
9812,-1.6242870092391968,0.0006001358851790428
9813,-1.5941530466079712,0.000596738769672811
9814,-1.6040199995040894,0.0005931506748311222
9815,-1.5992200374603271,0.0005894407513551414
9816,-1.6192200183868408,0.0005856386269442737
9817,-1.5840200185775757,0.0005818581557832658
9818,-1.6141539812088013,0.0005780928186140954
9819,-1.5440189838409424,0.000574443256482482
9820,-1.5890870094299316,0.0005709842662326992
9821,-1.5389529466629028,0.0005676339496858418
9822,-1.5890870094299316,0.0005644115153700113
9823,-1.5541529655456543,0.000561328197363764
9824,-1.6493539810180664,0.0005584671744145453
9825,-1.574152946472168,0.0005557715194299817
9826,-1.5992200374603271,0.0005532291834242642
9827,-1.564020037651062,0.0005508792237378657
9828,-1.6040199995040894,0.0005486669251695275
9829,-1.2786829471588135,0.0005466552102006972
9830,-0.7077419757843018,0.000544870039448142
9831,-0.2669369876384735,0.0005435096099972725
9832,-0.061601001769304276,0.0005422373651526868
9833,0.1938689947128296,0.0005411493475548923
9834,0.27386999130249023,0.0005405698902904987
9835,0.4592060148715973,0.0005398778012022376
9836,0.5794739723205566,0.000538134016096592
9837,0.8149440288543701,0.0005364582175388932
9838,1.0504130125045776,0.0005337648908607662
9839,1.2957500219345093,0.0005291400593705475
9840,1.476017951965332,0.0005238684243522584
9841,1.57122004032135,0.0005185452755540609
9842,1.6061530113220215,0.000511595222633332
9843,1.68135404586792,0.000504955998621881
9844,1.68135404586792,0.000499471090734005
9845,1.7464220523834229,0.0004937459016218781
9846,1.7064210176467896,0.00048646199866198003
9847,1.7565549612045288,0.00047929916763678193
9848,1.7464220523834229,0.0004733694950118661
9849,1.801622986793518,0.00046761130215600133
9850,1.7714890241622925,0.00046092018601484597
9851,1.8114889860153198,0.00045275993761606514
9852,1.7114880084991455,0.0004448830150067806
9853,1.7365549802780151,0.0004385327047202736
9854,1.68135404586792,0.0004327436035964638
9855,1.6712210178375244,0.0004267647454980761
9856,1.636286973953247,0.00041964621050283313
9857,1.646420955657959,0.0004116182681173086
9858,1.6312199831008911,0.00040343112777918577
9859,1.6712210178375244,0.00039693425060249865
9860,1.57122004032135,0.00039115716936066747
9861,1.6213539838790894,0.00038515764754265547
9862,1.5560189485549927,0.0003779540420509875
9863,1.5912200212478638,0.0003711090830620378
9864,1.5762859582901,0.00036540714791044593
9865,1.6261539459228516,0.0003600067284423858
9866,1.541085958480835,0.00035519993980415165
9867,1.5762859582901,0.0003504976921249181
9868,1.5261520147323608,0.0003462639870122075
9869,1.5560189485549927,0.0003424471942707896
9870,1.536018967628479,0.0003393880615476519
9871,1.546152949333191,0.0003367212775629014
9872,1.5109519958496094,0.00033330064616166055
9873,1.5512189865112305,0.0003303336270619184
9874,1.5312190055847168,0.00032942905090749264
9875,1.5610860586166382,0.00032935425406321883
9876,1.5210859775543213,0.00032916199415922165
9877,1.546152949333191,0.00032926039420999587
9878,1.5109519958496094,0.0003284570702817291
9879,1.5762859582901,0.0003274140472058207
9880,1.5312190055847168,0.0003252857131883502
9881,1.5312190055847168,0.0003232972521800548
9882,1.5160189867019653,0.00032087130239233375
9883,1.541085958480835,0.00031866494100540876
9884,1.5160189867019653,0.0003161872155033052
9885,1.5810860395431519,0.0003135477309115231
9886,1.5312190055847168,0.0003114285063929856
9887,1.5610860586166382,0.00030915241222828627
9888,1.5061520338058472,0.00030749308643862605
9889,1.541085958480835,0.0003067061770707369
9890,1.4861520528793335,0.0003057796275243163
9891,1.4410849809646606,0.0003055230190511793
9892,0.9400119781494141,0.00030573338153772056
9893,0.4042719900608063,0.0003063002659473568
9894,0.11360099911689758,0.00030675699235871434
9895,-0.10666800290346146,0.0003067071666009724
9896,-0.27680298686027527,0.0003062864998355508
9897,-0.37707099318504333,0.00030498209525831044
9898,-0.5725399851799011,0.00030185701325535774
9899,-0.7125419974327087,0.00029767307569272816
9900,-1.0282800197601318,0.00029348532552830875
9901,-1.2085479497909546,0.0002895874495152384
9902,-1.4437509775161743,0.0002866898139473051
9903,-1.5440189838409424,0.0002844237315002829
9904,-1.6392199993133545,0.0002819982764776796
9905,-1.66935396194458,0.0002794736356008798
9906,-1.7642890214920044,0.0002779129717964679
9907,-1.7394880056381226,0.0002776775509119034
9908,-1.8045560121536255,0.0002774900640361011
9909,-1.7493549585342407,0.0002771694562397897
9910,-1.8144229650497437,0.00027697772020474076
9911,-1.8394900560379028,0.00027561275055631995
9912,-1.8546899557113647,0.0002747478138189763
9913,-1.8296229839324951,0.0002729360421653837
9914,-1.8445559740066528,0.0002721499477047473
9915,-1.7794890403747559,0.0002705936203710735
9916,-1.7845560312271118,0.00026925737620331347
9917,-1.724287986755371,0.0002676124277058989
9918,-1.7394880056381226,0.00026446193805895746
9919,-1.7192209959030151,0.00026168374461121857
9920,-1.7493549585342407,0.00025744587765075266
9921,-1.6392199993133545,0.000253656500717625
9922,-1.7042880058288574,0.0002494311484042555
9923,-1.629086971282959,0.00024422266869805753
9924,-1.6541539430618286,0.0002394362963968888
9925,-1.6141539812088013,0.00023412518203258514
9926,-1.6592210531234741,0.00022722739959135652
9927,-1.5792200565338135,0.0002190457162214443
9928,-1.6541539430618286,0.00020930860773660243
9929,-1.5792200565338135,0.00019970689027104527
9930,-1.6192200183868408,0.00018960123998112977
9931,-1.558953046798706,0.00018008319602813572
9932,-1.6141539812088013,0.00017324731743428856
9933,-1.5890870094299316,0.00016829860396683216
9934,-1.6141539812088013,0.00016449496615678072
9935,-1.5792200565338135,0.0001624101132620126
9936,-1.5890870094299316,0.0001612883061170578
9937,-1.558953046798706,0.00016068560944404453
9938,-1.5941530466079712,0.00016014486027415842
9939,-1.569085955619812,0.0001594020432094112
9940,-1.5992200374603271,0.0001584241836098954
9941,-1.558953046798706,0.00015731787425465882
9942,-1.6141539812088013,0.00015608778630848974
9943,-1.5389529466629028,0.00015487692144233733
9944,-1.6040199995040894,0.00015368701133411378
9945,-1.558953046798706,0.00015275551413651556
9946,-1.5792200565338135,0.00015196314780041575
9947,-1.569085955619812,0.00015135981084313244
9948,-1.5992200374603271,0.00015095181879587471
9949,-1.5389529466629028,0.00015094505215529352
9950,-1.5840200185775757,0.0001512265152996406
9951,-1.5389529466629028,0.000151944812387228
9952,-1.564020037651062,0.00015295752382371575
9953,-1.5490859746932983,0.00015433038061019033
9954,-1.6090869903564453,0.00015590587281621993
9955,-1.569085955619812,0.00015773817722219974
9956,-1.5992200374603271,0.00015968986554071307
9957,-1.5440189838409424,0.00016184925334528089
9958,-1.6141539812088013,0.00016411003889515996
9959,-1.5792200565338135,0.000166610479936935
9960,-1.6040199995040894,0.000169238934176974
9961,-1.564020037651062,0.00017211987869814038
9962,-1.5992200374603271,0.00017513464263174683
9963,-1.574152946472168,0.00017846329137682915
9964,-1.6040199995040894,0.00018201436614617705
9965,-1.5541529655456543,0.0001858580653788522
9966,-1.6392199993133545,0.0001899477356346324
9967,-1.5792200565338135,0.00019432017870713025
9968,-1.6392199993133545,0.00019890940166078508
9969,-1.5440189838409424,0.00020384404342621565
9970,-1.5992200374603271,0.00020905864948872477
9971,-1.5792200565338135,0.00021472334628924727
9972,-1.6141539812088013,0.000220745088881813
9973,-1.5941530466079712,0.0002272754645673558
9974,-1.6242870092391968,0.00023426536063198
9975,-1.558953046798706,0.00024179696629289538
9976,-1.6493539810180664,0.0002498676476534456
9977,-1.6090869903564453,0.00025867120712064207
9978,-1.6392199993133545,0.0002681721234694123
9979,-1.5941530466079712,0.0002786157710943371
9980,-1.629086971282959,0.0002900252875406295
9981,-1.569085955619812,0.0003027413913514465
9982,-1.5992200374603271,0.00031685055000707507
9983,-1.5941530466079712,0.000332831172272563
9984,-1.6040199995040894,0.00035077831125818193
9985,-1.3888169527053833,0.00037115413579158485
9986,-0.8778780102729797,0.00039438120438717306
9987,-0.33200401067733765,0.00042081184801645577
9988,-0.11173500120639801,0.0004473841981962323
9989,0.17386899888515472,0.00046291135367937386
9990,0.25387001037597656,0.0004662712453864515
9991,0.4293389916419983,0.00047282155719585717
9992,0.5093399882316589,0.00048557421541772783
9993,0.7546759843826294,0.000491332437377423
9994,1.020279049873352,0.00047176741645671427
9995,1.2656160593032837,0.0004438439791556448
9996,1.410951018333435,0.0004012882709503174
9997,1.5610860586166382,0.0003216399054508656
9998,1.5861530303955078,0.00025711458874866366
9999,1.6613539457321167,0.00024725994444452226
