index,value,anomaly_score
0,0.01360000018030405,0.0007442633504979312
1,0.043733999133110046,0.0007757842540740967
2,0.003467000089585781,0.0007905099191702902
3,0.03866700083017349,0.000815724371932447
4,-0.05146700143814087,0.000833618629258126
5,0.008533000014722347,0.0008340809145011008
6,-0.016534000635147095,0.0008369854767806828
7,0.028534000739455223,0.0008374552126042545
8,-0.02160000056028366,0.000837149447761476
9,0.02346700057387352,0.0008356313337571919
10,0.003467000089585781,0.0008344324887730181
11,0.03866700083017349,0.0008307165117003024
12,0.028534000739455223,0.0008268784149549901
13,0.04853399842977524,0.0008241250179708004
14,0.028534000739455223,0.000823329552076757
15,-0.0013330000219866633,0.0008225031197071075
16,-0.026399999856948853,0.0008215997950173914
17,0.01360000018030405,0.0008186554769054055
18,0.01360000018030405,0.0008149607456289232
19,0.04853399842977524,0.000811328471172601
20,0.003467000089585781,0.0008085663430392742
21,0.03866700083017349,0.0008057897794060409
22,0.008533000014722347,0.0008031121105886996
23,0.028534000739455223,0.0007992610335350037
24,-0.011466999538242817,0.000795178406406194
25,0.028534000739455223,0.0007913425797596574
26,-0.031466998159885406,0.0007864973158575594
27,0.04853399842977524,0.000782426621299237
28,-0.026399999856948853,0.0007796184509061277
29,0.04853399842977524,0.0007764108013361692
30,0.003467000089585781,0.0007732420926913619
31,0.03359999880194664,0.0007693879306316376
32,-0.0013330000219866633,0.0007652019849047065
33,-0.011466999538242817,0.0007609578897245228
34,-0.03653400018811226,0.0007571084424853325
35,0.02346700057387352,0.0007533270982094109
36,-0.031466998159885406,0.0007500030915252864
37,0.01360000018030405,0.0007473386940546334
38,-0.02160000056028366,0.000744107470382005
39,0.01360000018030405,0.0007403040654025972
40,-0.011466999538242817,0.0007362564210779965
41,0.06373400241136551,0.0007322842138819396
42,-0.02160000056028366,0.0007297174888662994
43,0.01866699941456318,0.0007269175257533789
44,-0.006399999838322401,0.0007237142999656498
45,0.05360100045800209,0.0007212671334855258
46,-0.011466999538242817,0.0007183983107097447
47,0.05866700038313866,0.0007163521950133145
48,0.003467000089585781,0.0007134777260944247
49,0.05360100045800209,0.0007107587880454957
50,0.008533000014722347,0.0007085551042109728
51,0.04853399842977524,0.0007061564829200506
52,-0.03653400018811226,0.0007044170633889735
53,-0.016534000635147095,0.0007017828756943345
54,-0.02160000056028366,0.0006994594004936516
55,0.05360100045800209,0.0006971536786295474
56,-0.006399999838322401,0.0006953502306714654
57,0.03866700083017349,0.0006938155274838209
58,0.01360000018030405,0.0006922365282662213
59,0.03866700083017349,0.0006906234193593264
60,0.01360000018030405,0.0006895840051583946
61,0.02346700057387352,0.00068864063359797
62,0.008533000014722347,0.0006876174593344331
63,0.008533000014722347,0.0006868954515084624
64,-0.03653400018811226,0.0006867760675959289
65,0.02346700057387352,0.0006856569671072066
66,-0.011466999538242817,0.0006850024219602346
67,0.05360100045800209,0.0006841442082077265
68,-0.011466999538242817,0.0006837163236923516
69,0.03866700083017349,0.0006826994358561933
70,0.003467000089585781,0.0006820190465077758
71,0.028534000739455223,0.0006815609522163868
72,0.01360000018030405,0.0006810244522057474
73,0.02346700057387352,0.0006799392285756767
74,0.008533000014722347,0.0006790799670852721
75,0.05360100045800209,0.0006784935249015689
76,0.003467000089585781,0.0006782098207622766
77,0.01866699941456318,0.0006777358939871192
78,0.03359999880194664,0.0006770479376427829
79,0.05866700038313866,0.0006760713877156377
80,0.003467000089585781,0.0006752426852472126
81,0.03866700083017349,0.0006741537363268435
82,-0.0013330000219866633,0.0006730114109814167
83,0.04853399842977524,0.0006720838136970997
84,-0.0013330000219866633,0.0006716791540384293
85,0.03359999880194664,0.0006715706549584866
86,-0.006399999838322401,0.0006714717019349337
87,0.028534000739455223,0.0006711918977089226
88,0.003467000089585781,0.0006710652960464358
89,0.028534000739455223,0.0006710935849696398
90,-0.04160099849104881,0.0006706188432872295
91,0.03866700083017349,0.0006700311787426472
92,-0.016534000635147095,0.0006694813491776586
93,0.05360100045800209,0.0006691133603453636
94,-0.006399999838322401,0.0006686963606625795
95,0.02346700057387352,0.0006687908316962421
96,-0.0013330000219866633,0.0006683729006908834
97,0.03866700083017349,0.0006680813385173678
98,-0.006399999838322401,0.0006675073527731001
99,0.01866699941456318,0.0006666710251010954
100,-0.0013330000219866633,0.0006657771882601082
101,0.003467000089585781,0.0006650382420048118
102,0.003467000089585781,0.0006643345113843679
103,0.04853399842977524,0.0006637430051341653
104,0.03866700083017349,0.0006630599964410067
105,0.028534000739455223,0.0006621774518862367
106,0.01360000018030405,0.0006612383294850588
107,0.04853399842977524,0.000660634133964777
108,0.02346700057387352,0.0006601085187867284
109,0.08880099654197693,0.000660210323985666
110,0.028534000739455223,0.0006602734210900962
111,0.06373400241136551,0.0006600870401598513
112,-0.011466999538242817,0.0006600356427952647
113,0.05360100045800209,0.000659953395370394
114,-0.016534000635147095,0.0006597392493858933
115,0.04853399842977524,0.0006601864006370306
116,-0.026399999856948853,0.0006603754591196775
117,0.03866700083017349,0.0006607866962440312
118,-0.0013330000219866633,0.0006610768032260239
119,0.06373400241136551,0.0006615502643398941
120,0.01360000018030405,0.0006620063213631511
121,0.0685340017080307,0.0006626464892178774
122,0.01360000018030405,0.0006634281016886234
123,0.0685340017080307,0.0006642208900302649
124,-0.0013330000219866633,0.0006646577967330813
125,0.05866700038313866,0.0006651966250501573
126,-0.011466999538242817,0.0006655776523984969
127,0.03866700083017349,0.0006661928491666913
128,-0.011466999538242817,0.0006669996655546129
129,0.028534000739455223,0.0006677425117231905
130,0.03359999880194664,0.0006683676620014012
131,0.03866700083017349,0.0006686624838039279
132,-0.0013330000219866633,0.0006689060246571898
133,0.05360100045800209,0.0006692518945783377
134,0.01360000018030405,0.0006694987532682717
135,0.05360100045800209,0.0006701467791572213
136,0.003467000089585781,0.0006708716973662376
137,0.07360100001096725,0.0006718256627209485
138,0.01360000018030405,0.0006723441183567047
139,0.08373399823904037,0.0006727275322191417
140,0.003467000089585781,0.0006729390588589013
141,0.01866699941456318,0.0006729607121087611
142,-0.011466999538242817,0.0006729772430844605
143,0.06373400241136551,0.0006731331814080477
144,0.01360000018030405,0.0006732657784596086
145,0.028534000739455223,0.0006732502370141447
146,0.003467000089585781,0.0006731625180691481
147,0.04853399842977524,0.0006729649030603468
148,-0.0013330000219866633,0.0006728117587044835
149,0.07360100001096725,0.0006725016864947975
150,0.003467000089585781,0.0006724570994265378
151,0.043733999133110046,0.0006722841644659638
152,-0.011466999538242817,0.0006720786914229393
153,0.02346700057387352,0.0006720862002111971
154,-0.011466999538242817,0.000672004243824631
155,0.028534000739455223,0.0006718661752529442
156,0.003467000089585781,0.0006718669319525361
157,0.05360100045800209,0.0006721584941260517
158,0.03359999880194664,0.0006722728721797466
159,0.06373400241136551,0.0006722185644321144
160,0.01360000018030405,0.0006722679827362299
161,0.03866700083017349,0.0006719642551615834
162,-0.02160000056028366,0.0006716256611980498
163,0.05360100045800209,0.0006715035997331142
164,-0.02160000056028366,0.0006711845635436475
165,0.06373400241136551,0.0006707111606374383
166,-0.011466999538242817,0.0006705835112370551
167,0.08373399823904037,0.0006703569088131189
168,0.01866699941456318,0.0006701968959532678
169,0.028534000739455223,0.0006700341473333538
170,-0.011466999538242817,0.0006699241348542273
171,0.028534000739455223,0.0006696320488117635
172,0.003467000089585781,0.0006694040494039655
173,0.01360000018030405,0.0006692168535664678
174,0.01360000018030405,0.0006688028224743903
175,0.028534000739455223,0.0006682926905341446
176,-0.0013330000219866633,0.0006677181809209287
177,0.05866700038313866,0.0006671180599369109
178,-0.0013330000219866633,0.000666670617647469
179,0.04853399842977524,0.000666135223582387
180,-0.011466999538242817,0.0006655437173321843
181,0.0685340017080307,0.0006649551214650273
182,-0.0013330000219866633,0.0006644911481998861
183,0.07866799831390381,0.0006641374202445149
184,0.01360000018030405,0.0006637907354161143
185,0.05360100045800209,0.0006633128505200148
186,0.003467000089585781,0.0006629989366047084
187,0.04853399842977524,0.0006625675596296787
188,0.003467000089585781,0.0006621843203902245
189,0.04853399842977524,0.0006618725601583719
190,0.01360000018030405,0.0006615036400035024
191,0.03866700083017349,0.0006611812859773636
192,0.01866699941456318,0.0006609355914406478
193,0.07360100001096725,0.0006607490358874202
194,0.003467000089585781,0.0006603500223718584
195,0.02346700057387352,0.0006598795880563557
196,0.028534000739455223,0.0006594695150852203
197,0.043733999133110046,0.0006589300464838743
198,-0.006399999838322401,0.0006584602524526417
199,0.03866700083017349,0.0006578093743883073
200,-0.031466998159885406,0.0006571418489329517
201,0.04853399842977524,0.0006566555821336806
202,-0.011466999538242817,0.0006562914932146668
203,0.03866700083017349,0.0006557771121151745
204,0.003467000089585781,0.0006552347913384438
205,0.05360100045800209,0.0006546134827658534
206,0.03359999880194664,0.0006542042247019708
207,0.028534000739455223,0.0006537672597914934
208,-0.006399999838322401,0.0006532892002724111
209,0.03359999880194664,0.00065279146656394
210,0.01360000018030405,0.0006524511845782399
211,0.07360100001096725,0.0006522251642309129
212,0.028534000739455223,0.0006520298193208873
213,0.05360100045800209,0.0006517859874293208
214,0.003467000089585781,0.000651573296636343
215,0.06373400241136551,0.000651240348815918
216,0.01360000018030405,0.0006510367966257036
217,0.02346700057387352,0.0006505898199975491
218,-0.02160000056028366,0.0006501993048004806
219,0.07866799831390381,0.0006498926668427885
220,-0.006399999838322401,0.0006497419672086835
221,0.03866700083017349,0.0006495018606074154
222,-0.0013330000219866633,0.000649339403025806
223,0.04853399842977524,0.0006490416126325727
224,0.01360000018030405,0.0006488322396762669
225,0.03866700083017349,0.0006485768826678395
226,0.003467000089585781,0.0006482535391114652
227,0.05360100045800209,0.0006477383431047201
228,-0.0013330000219866633,0.0006473693647421896
229,0.05866700038313866,0.000647114880848676
230,-0.0013330000219866633,0.0006469452637247741
231,0.02346700057387352,0.0006464292528107762
232,0.008533000014722347,0.0006459311116486788
233,0.03866700083017349,0.0006455312832258642
234,0.003467000089585781,0.0006451478111557662
235,0.03866700083017349,0.0006447629421018064
236,0.02346700057387352,0.0006444812170229852
237,0.028534000739455223,0.0006440051947720349
238,-0.02160000056028366,0.0006435316754505038
239,0.03866700083017349,0.0006429970962926745
240,-0.0013330000219866633,0.0006426009349524975
241,0.03866700083017349,0.0006423550075851381
242,-0.0013330000219866633,0.0006421644357033074
243,0.02346700057387352,0.0006418274715542793
244,-0.0013330000219866633,0.0006416017422452569
245,0.06373400241136551,0.0006413656519725919
246,0.02346700057387352,0.0006412715883925557
247,0.05866700038313866,0.0006410268251784146
248,0.008533000014722347,0.0006408405024558306
249,0.05360100045800209,0.0006404950399883091
250,-0.0013330000219866633,0.000640219368506223
251,0.06373400241136551,0.0006397770484909415
252,-0.0013330000219866633,0.0006393787334673107
253,0.05360100045800209,0.0006388817564584315
254,0.028534000739455223,0.0006383944419212639
255,0.008533000014722347,0.0006379409460350871
256,-0.02160000056028366,0.0006372618954628706
257,0.04853399842977524,0.0006361884297803044
258,-0.031466998159885406,0.0006352011114358902
259,0.01360000018030405,0.0006337079685181379
260,-0.02160000056028366,0.0006323734996840358
261,0.0685340017080307,0.0006311749457381666
262,-0.0013330000219866633,0.0006300186505541205
263,0.02346700057387352,0.0006290455348789692
264,0.01866699941456318,0.0006280858651734889
265,0.043733999133110046,0.000626993365585804
266,-0.02160000056028366,0.0006260162335820496
267,0.05360100045800209,0.000625043292529881
268,-0.0013330000219866633,0.0006242287927307189
269,0.0685340017080307,0.0006232605082914233
270,0.01866699941456318,0.0006223206873983145
271,0.05360100045800209,0.0006214551976881921
272,-0.006399999838322401,0.0006205724785104394
273,0.01866699941456318,0.0006198970368131995
274,0.01866699941456318,0.0006192183354869485
275,0.03866700083017349,0.000618570891674608
276,-0.0013330000219866633,0.0006179009797051549
277,0.05360100045800209,0.0006171093555167317
278,0.008533000014722347,0.0006164134247228503
279,0.028534000739455223,0.0006157743046060205
280,-0.0013330000219866633,0.0006152162095531821
281,0.02346700057387352,0.0006147362291812897
282,0.003467000089585781,0.0006143584032543004
283,0.06373400241136551,0.000613983953371644
284,0.01360000018030405,0.0006134419818408787
285,0.06373400241136551,0.0006130159599706531
286,0.003467000089585781,0.0006126335356384516
287,0.028534000739455223,0.0006124197388999164
288,0.03866700083017349,0.0006122228223830462
289,0.06373400241136551,0.0006121406331658363
290,-0.011466999538242817,0.0006120989564806223
291,0.04853399842977524,0.0006123510538600385
292,-0.0013330000219866633,0.0006125214858911932
293,0.02346700057387352,0.0006125036743469536
294,0.008533000014722347,0.0006126493099145591
295,0.02346700057387352,0.0006127301603555679
296,0.003467000089585781,0.0006130035035312176
297,0.06373400241136551,0.0006131536792963743
298,-0.0013330000219866633,0.0006131271948106587
299,0.03359999880194664,0.0006130277761258185
300,0.01360000018030405,0.0006130950059741735
301,0.028534000739455223,0.0006130941910669208
302,0.01866699941456318,0.000613130338024348
303,0.05360100045800209,0.0006128958775661886
304,0.03866700083017349,0.0006127969827502966
305,0.03866700083017349,0.0006126858643256128
306,-0.006399999838322401,0.0006123882485553622
307,0.05360100045800209,0.0006122544873505831
308,0.003467000089585781,0.0006119820172898471
309,0.08880099654197693,0.000612002972047776
310,0.01360000018030405,0.0006118338787928224
311,0.06373400241136551,0.0006117133307270706
312,0.02346700057387352,0.0006113974377512932
313,0.09866800159215927,0.0006110700196586549
314,0.03359999880194664,0.0006106662913225591
315,0.07866799831390381,0.0006103297346271574
316,0.03359999880194664,0.000609872629866004
317,0.04853399842977524,0.0006094096461310983
318,0.043733999133110046,0.0006089391536079347
319,0.07360100001096725,0.0006083984626457095
320,0.008533000014722347,0.0006077091675251722
321,0.04853399842977524,0.0006072044488973916
322,-0.0013330000219866633,0.0006065017660148442
323,0.0685340017080307,0.0006060397136025131
324,0.03866700083017349,0.0006054231198504567
325,0.04853399842977524,0.0006049272487871349
326,-0.006399999838322401,0.0006044071633368731
327,0.06373400241136551,0.000603795051574707
328,0.02346700057387352,0.000603259599301964
329,0.0685340017080307,0.0006028565694577992
330,0.003467000089585781,0.0006024346221238375
331,0.02346700057387352,0.0006018959684297442
332,0.02346700057387352,0.0006012817611917853
333,0.028534000739455223,0.0006007191841490567
334,0.043733999133110046,0.0006001844303682446
335,0.028534000739455223,0.0005996930412948132
336,0.01360000018030405,0.0005990559584461153
337,0.04853399842977524,0.00059851398691535
338,0.01360000018030405,0.0005980429123155773
339,0.04853399842977524,0.0005975646199658513
340,-0.011466999538242817,0.0005968991899862885
341,0.05360100045800209,0.0005962727591395378
342,0.01360000018030405,0.0005956931272521615
343,0.03359999880194664,0.0005952150677330792
344,0.008533000014722347,0.0005946852033957839
345,0.05360100045800209,0.0005940794944763184
346,-0.006399999838322401,0.0005937302485108376
347,0.05360100045800209,0.0005932111525908113
348,-0.006399999838322401,0.0005929338512942195
349,0.028534000739455223,0.0005924811703152955
350,-0.026399999856948853,0.0005921289557591081
351,0.03359999880194664,0.0005914858193136752
352,-0.0013330000219866633,0.0005910807522013783
353,0.05360100045800209,0.0005907273152843118
354,0.01360000018030405,0.0005904832505621016
355,0.03866700083017349,0.0005903947749175131
356,0.01360000018030405,0.000590313458815217
357,0.01360000018030405,0.0005903745768591762
358,0.02346700057387352,0.000590370618738234
359,0.028534000739455223,0.0005903228302486241
360,-0.02160000056028366,0.0005902745760977268
361,0.03359999880194664,0.0005903847049921751
362,-0.0013330000219866633,0.0005906005972065032
363,0.028534000739455223,0.0005906895967200398
364,-0.011466999538242817,0.0005906658479943871
365,0.05360100045800209,0.000590387498959899
366,-0.0013330000219866633,0.0005900460528209805
367,0.07866799831390381,0.0005897660739719868
368,0.003467000089585781,0.0005896440707147121
369,0.04853399842977524,0.0005894949426874518
370,-0.011466999538242817,0.0005893976194784045
371,0.03866700083017349,0.0005888774758204818
372,-0.011466999538242817,0.0005885087884962559
373,0.02346700057387352,0.0005881371907889843
374,0.008533000014722347,0.0005877669318579137
375,0.003467000089585781,0.0005872563924640417
376,-0.011466999538242817,0.0005867941654287279
377,0.01360000018030405,0.0005861421814188361
378,0.003467000089585781,0.0005854133050888777
379,0.05866700038313866,0.0005848531727679074
380,0.03359999880194664,0.0005843726685270667
381,0.05360100045800209,0.0005839052610099316
382,-0.02160000056028366,0.0005835232441313565
383,0.008533000014722347,0.0005829706788063049
384,0.02346700057387352,0.0005823157844133675
385,0.03359999880194664,0.0005816168850287795
386,0.008533000014722347,0.0005810149013996124
387,0.03866700083017349,0.0005805358523502946
388,0.003467000089585781,0.0005801059305667877
389,0.08880099654197693,0.0005796388722956181
390,-0.0013330000219866633,0.0005793494055978954
391,0.04853399842977524,0.000578823615796864
392,-0.0013330000219866633,0.0005781979998573661
393,0.04853399842977524,0.0005774566088803113
394,-0.0013330000219866633,0.0005768758128397167
395,0.05360100045800209,0.0005764401284977794
396,0.01360000018030405,0.0005761377979069948
397,0.05360100045800209,0.0005758873885497451
398,-0.0013330000219866633,0.0005755384918302298
399,0.04853399842977524,0.0005751632852479815
400,0.03866700083017349,0.0005748200928792357
401,0.05360100045800209,0.0005744157824665308
402,0.02346700057387352,0.0005741593195125461
403,0.04853399842977524,0.000573894358240068
404,0.003467000089585781,0.000573677709326148
405,0.05866700038313866,0.0005735439481213689
406,0.008533000014722347,0.0005733466241508722
407,0.03866700083017349,0.0005732673453167081
408,0.008533000014722347,0.0005733066936954856
409,0.04853399842977524,0.0005731584969907999
410,-0.0013330000219866633,0.0005731560522690415
411,0.04853399842977524,0.0005729926051571965
412,-0.016534000635147095,0.0005728484247811139
413,0.03359999880194664,0.0005723772337660193
414,0.008533000014722347,0.0005720751360058784
415,0.05866700038313866,0.0005717205349355936
416,0.02346700057387352,0.0005714506842195988
417,0.03866700083017349,0.0005713612772524357
418,0.01866699941456318,0.0005713558057323098
419,0.03359999880194664,0.0005710986442863941
420,-0.011466999538242817,0.0005711193080060184
421,0.07866799831390381,0.0005713507998734713
422,0.04853399842977524,0.0005713972495868802
423,0.06373400241136551,0.0005714773433282971
424,0.01360000018030405,0.0005714648286812007
425,0.05360100045800209,0.0005715200677514076
426,-0.006399999838322401,0.0005716728046536446
427,0.04853399842977524,0.000571859534829855
428,-0.011466999538242817,0.0005720460321754217
429,0.02346700057387352,0.0005720625049434602
430,-0.026399999856948853,0.0005722259520553052
431,0.05360100045800209,0.0005724721122533083
432,-0.016534000635147095,0.0005728285177610815
433,0.03359999880194664,0.0005731109995394945
434,0.008533000014722347,0.0005733986617997289
435,0.03866700083017349,0.000573626602999866
436,-0.026399999856948853,0.0005738668842241168
437,0.03359999880194664,0.0005739264888688922
438,0.003467000089585781,0.0005739897023886442
439,0.043733999133110046,0.0005740058841183782
440,0.008533000014722347,0.0005739745683968067
441,0.028534000739455223,0.0005740944179706275
442,-0.0013330000219866633,0.0005741975037381053
443,0.03866700083017349,0.000574293895624578
444,0.003467000089585781,0.0005742539069615304
445,0.05866700038313866,0.0005741392960771918
446,-0.0013330000219866633,0.0005741363856941462
447,0.04853399842977524,0.0005740997148677707
448,-0.0013330000219866633,0.0005740360356867313
449,0.028534000739455223,0.0005738340551033616
450,-0.006399999838322401,0.0005737778847105801
451,0.06373400241136551,0.0005737986648455262
452,0.01360000018030405,0.0005737539031542838
453,0.03359999880194664,0.0005738274776376784
454,-0.011466999538242817,0.0005738809704780579
455,0.0685340017080307,0.0005740938941016793
456,0.008533000014722347,0.0005742277135141194
457,0.028534000739455223,0.0005741366767324507
458,0.003467000089585781,0.0005739891203120351
459,0.04853399842977524,0.000574024859815836
460,0.01360000018030405,0.0005740976193919778
461,0.02346700057387352,0.0005742680514231324
462,-0.02160000056028366,0.0005742415087297559
463,0.03359999880194664,0.0005743708461523056
464,0.003467000089585781,0.0005746481474488974
465,0.07866799831390381,0.0005749718984588981
466,-0.03653400018811226,0.0005750929703935981
467,0.04853399842977524,0.0005750360433012247
468,-0.006399999838322401,0.000574805773794651
469,0.06373400241136551,0.0005746421520598233
470,0.03359999880194664,0.0005745583330281079
471,0.03866700083017349,0.0005744610098190606
472,0.02346700057387352,0.0005743087385781109
473,0.05360100045800209,0.0005743934889324009
474,0.01866699941456318,0.0005744728841818869
475,0.02346700057387352,0.0005744341760873795
476,-0.02160000056028366,0.0005742759676650167
477,0.03866700083017349,0.0005742391804233193
478,0.003467000089585781,0.0005741341738030314
479,0.043733999133110046,0.000574130448512733
480,-0.006399999838322401,0.0005741192144341767
481,0.06373400241136551,0.0005741812055930495
482,0.028534000739455223,0.0005743225337937474
483,0.05866700038313866,0.0005744955269619823
484,0.028534000739455223,0.0005744453519582748
485,0.03866700083017349,0.0005741786444559693
486,-0.026399999856948853,0.000574099482037127
487,0.01866699941456318,0.0005742583307437599
488,-0.026399999856948853,0.0005743564106523991
489,0.05360100045800209,0.0005742599023506045
490,-0.011466999538242817,0.0005741791101172566
491,0.02346700057387352,0.0005742436042055488
492,-0.0013330000219866633,0.0005742309149354696
493,0.05360100045800209,0.0005744810914620757
494,-0.011466999538242817,0.0005746140377596021
495,0.04853399842977524,0.0005747337127104402
496,-0.006399999838322401,0.0005748163675889373
497,0.03359999880194664,0.0005747274844907224
498,-0.006399999838322401,0.0005745679372921586
499,0.04853399842977524,0.0005744912195950747
500,-0.02160000056028366,0.0005744921509176493
501,0.028534000739455223,0.0005745581584051251
502,-0.02160000056028366,0.0005744482623413205
503,0.03359999880194664,0.0005745566450059414
504,0.028534000739455223,0.0005745454109273851
505,0.04853399842977524,0.0005745927337557077
506,0.03359999880194664,0.0005745085654780269
507,0.043733999133110046,0.0005745855742134154
508,0.003467000089585781,0.0005745316157117486
509,0.03866700083017349,0.0005745757953263819
510,-0.0013330000219866633,0.0005745807429775596
511,0.03359999880194664,0.0005747257964685559
512,0.003467000089585781,0.0005747528630308807
513,0.02346700057387352,0.0005748810945078731
514,-0.026399999856948853,0.000574820558540523
515,0.04853399842977524,0.0005751707358285785
516,0.01360000018030405,0.0005752737051807344
517,0.08373399823904037,0.000575523532461375
518,-0.011466999538242817,0.0005755731835961342
519,0.043733999133110046,0.0005755448946729302
520,0.01866699941456318,0.0005755308666266501
521,0.03866700083017349,0.0005756130558438599
522,0.01360000018030405,0.0005755951860919595
523,0.02346700057387352,0.0005755950696766376
524,0.008533000014722347,0.0005755518795922399
525,0.043733999133110046,0.0005756052560172975
526,-0.011466999538242817,0.0005754780722782016
527,0.01866699941456318,0.0005753184086643159
528,-0.02160000056028366,0.0005752234719693661
529,0.04853399842977524,0.0005750492564402521
530,-0.011466999538242817,0.0005748545518144965
531,0.028534000739455223,0.0005745615344494581
532,0.01360000018030405,0.0005743617657572031
533,0.01360000018030405,0.0005742466310039163
534,-0.0013330000219866633,0.0005740876076743007
535,0.02346700057387352,0.0005738961044698954
536,-0.006399999838322401,0.0005738346371799707
537,0.05360100045800209,0.0005739136831834912
538,-0.011466999538242817,0.0005739016924053431
539,0.06373400241136551,0.0005737994215451181
540,0.003467000089585781,0.0005737500032410026
541,0.02346700057387352,0.0005736944731324911
542,0.01866699941456318,0.0005736430757679045
543,0.028534000739455223,0.0005734446458518505
544,0.003467000089585781,0.0005734364967793226
545,0.028534000739455223,0.0005733071593567729
546,-0.05146700143814087,0.0005732023855671287
547,0.04853399842977524,0.0005728594842366874
548,0.01360000018030405,0.0005725507508032024
549,0.06373400241136551,0.0005724579095840454
550,0.01866699941456318,0.0005721808411180973
551,0.05866700038313866,0.0005721609340980649
552,-0.0013330000219866633,0.0005720460321754217
553,0.03359999880194664,0.0005720138433389366
554,0.05360100045800209,0.0005718242609873414
555,0.0685340017080307,0.0005718083120882511
556,-0.02160000056028366,0.0005716786254197359
557,0.01866699941456318,0.0005714361323043704
558,0.003467000089585781,0.0005713333375751972
559,0.05866700038313866,0.0005713925929740071
560,0.03359999880194664,0.0005713942227885127
561,0.05866700038313866,0.0005713930586352944
562,-0.0013330000219866633,0.0005715555744245648
563,0.043733999133110046,0.0005715250736102462
564,-0.02160000056028366,0.0005715563893318176
565,0.04853399842977524,0.0005716055165976286
566,-0.011466999538242817,0.0005719123873859644
567,0.05360100045800209,0.0005721108755096793
568,0.008533000014722347,0.0005722504574805498
569,0.043733999133110046,0.0005724583170376718
570,-0.0013330000219866633,0.0005728827090933919
571,0.028534000739455223,0.0005732834106311202
572,-0.006399999838322401,0.000573732890188694
573,0.09360100328922272,0.0005743519868701696
574,-0.0013330000219866633,0.0005748834810219705
575,0.03359999880194664,0.000575563870370388
576,0.008533000014722347,0.0005762325599789619
577,0.06373400241136551,0.0005769768613390625
578,0.02346700057387352,0.0005777465412393212
579,0.06373400241136551,0.0005782559746876359
580,0.01866699941456318,0.0005785818211734295
581,0.05360100045800209,0.0005788145354017615
582,0.003467000089585781,0.0005790080176666379
583,0.05360100045800209,0.0005793815944343805
584,0.003467000089585781,0.0005798364873044193
585,0.03866700083017349,0.0005802953965030611
586,-0.0013330000219866633,0.0005806583212688565
587,0.03866700083017349,0.0005811718292534351
588,0.003467000089585781,0.0005815651384182274
589,0.03866700083017349,0.0005819936050102115
590,-0.0013330000219866633,0.0005824031541123986
591,0.08880099654197693,0.0005829200381413102
592,-0.006399999838322401,0.0005835877964273095
593,0.02346700057387352,0.0005842252285219729
594,0.003467000089585781,0.0005849088192917407
595,0.03866700083017349,0.0005855740164406598
596,0.03866700083017349,0.0005862913094460964
597,0.028534000739455223,0.0005869128508493304
598,-0.0013330000219866633,0.0005875182105228305
599,0.06373400241136551,0.000588161638006568
600,-0.026399999856948853,0.000588904891628772
601,0.04853399842977524,0.0005896257935091853
602,0.01360000018030405,0.0005903771379962564
603,0.06373400241136551,0.0005912925698794425
604,0.028534000739455223,0.0005918501410633326
605,0.04853399842977524,0.0005924686556681991
606,0.028534000739455223,0.0005929078906774521
607,0.028534000739455223,0.0005933154607191682
608,-0.02160000056028366,0.000593756209127605
609,0.05360100045800209,0.0005941064446233213
610,-0.011466999538242817,0.0005944822332821786
611,0.028534000739455223,0.0005946041783317924
612,-0.026399999856948853,0.0005948662874288857
613,0.03359999880194664,0.0005950481281615794
614,-0.02160000056028366,0.0005952882347628474
615,0.028534000739455223,0.0005953548243269324
616,0.01360000018030405,0.0005955330561846495
617,0.01360000018030405,0.0005956395179964602
618,-0.0013330000219866633,0.000595836085267365
619,0.05360100045800209,0.0005960202543064952
620,0.008533000014722347,0.0005962353898212314
621,0.0685340017080307,0.0005964474403299391
622,0.01360000018030405,0.000596641912125051
623,0.04853399842977524,0.0005969161866232753
624,-0.02160000056028366,0.0005969681078568101
625,0.03866700083017349,0.0005970761412754655
626,0.01360000018030405,0.0005971470382064581
627,0.03359999880194664,0.0005973404040560126
628,-0.0013330000219866633,0.0005974920350126922
629,0.07360100001096725,0.0005976915126666427
630,0.008533000014722347,0.0005979432608000934
631,0.01866699941456318,0.0005981418653391302
632,0.008533000014722347,0.0005984797026030719
633,0.05360100045800209,0.0005988226621411741
634,-0.006399999838322401,0.0005992150399833918
635,0.03866700083017349,0.0005993673694320023
636,-0.0013330000219866633,0.0005995386745780706
637,0.04853399842977524,0.0005996148101985455
638,-0.011466999538242817,0.0005996986292302608
639,0.03866700083017349,0.000600052997469902
640,-0.011466999538242817,0.0006003553862683475
641,0.05360100045800209,0.0006006615585647523
642,0.003467000089585781,0.0006009837379679084
643,0.028534000739455223,0.0006012349622324109
644,0.003467000089585781,0.0006016279803588986
645,0.04853399842977524,0.0006020045257173479
646,0.03866700083017349,0.0006021576700732112
647,0.02346700057387352,0.0006022816523909569
648,-0.0013330000219866633,0.0006024453323334455
649,0.03866700083017349,0.0006025281036272645
650,-0.026399999856948853,0.0006025951006449759
651,0.02346700057387352,0.0006024055182933807
652,0.01360000018030405,0.0006022220477461815
653,0.028534000739455223,0.0006021351437084377
654,-0.006399999838322401,0.0006022051093168557
655,0.04853399842977524,0.000602201500441879
656,0.003467000089585781,0.0006023219902999699
657,0.05360100045800209,0.0006025026086717844
658,-0.0013330000219866633,0.0006026487681083381
659,0.03866700083017349,0.0006028307834640145
660,0.01866699941456318,0.0006031446973793209
661,0.03359999880194664,0.0006034386460669339
662,0.028534000739455223,0.0006035489495843649
663,0.04853399842977524,0.0006034670514054596
664,-0.02160000056028366,0.0006033782847225666
665,0.028534000739455223,0.0006031828233972192
666,0.003467000089585781,0.00060303695499897
667,0.05360100045800209,0.0006030069198459387
668,-0.0013330000219866633,0.0006027757772244513
669,0.028534000739455223,0.0006026675109751523
670,-0.0013330000219866633,0.0006025204202160239
671,0.028534000739455223,0.0006025444599799812
672,-0.026399999856948853,0.0006026249611750245
673,0.06373400241136551,0.000602899061050266
674,0.008533000014722347,0.0006030877120792866
675,0.03359999880194664,0.0006032556993886828
676,0.01360000018030405,0.0006032634410075843
677,0.03359999880194664,0.0006031481316313148
678,-0.0013330000219866633,0.0006030021468177438
679,0.043733999133110046,0.0006027123890817165
680,0.02346700057387352,0.0006026274058967829
681,0.028534000739455223,0.0006025056354701519
682,-0.011466999538242817,0.0006022831075824797
683,0.02346700057387352,0.0006021680892445147
684,0.008533000014722347,0.0006020330474711955
685,0.0685340017080307,0.0006020572036504745
686,-0.026399999856948853,0.0006020830478519201
687,0.03866700083017349,0.0006020389264449477
688,-0.03653400018811226,0.0006019438151270151
689,0.028534000739455223,0.0006021949229761958
690,-0.031466998159885406,0.0006024237954989076
691,0.028534000739455223,0.0006027005147188902
692,-0.0013330000219866633,0.0006030666409060359
693,0.01360000018030405,0.0006036267150193453
694,-0.0013330000219866633,0.0006044203182682395
695,0.07360100001096725,0.0006049582734704018
696,0.05360100045800209,0.0006053338292986155
697,0.03866700083017349,0.0006056488491594791
698,-0.02160000056028366,0.0006058275466784835
699,0.01866699941456318,0.0006060341838747263
700,0.02346700057387352,0.0006064887857064605
701,0.06373400241136551,0.0006068607908673584
702,0.02346700057387352,0.0006069748778827488
703,0.06373400241136551,0.0006070559611544013
704,-0.0013330000219866633,0.0006072804098948836
705,0.03359999880194664,0.0006076774443499744
706,-0.031466998159885406,0.0006080750608816743
707,0.05360100045800209,0.0006082277977839112
708,0.01360000018030405,0.0006085996865294874
709,0.02346700057387352,0.0006090070819482207
710,-0.026399999856948853,0.0006094634300097823
711,0.02346700057387352,0.0006097923032939434
712,0.01360000018030405,0.0006102466722950339
713,0.028534000739455223,0.0006105819484218955
714,-0.011466999538242817,0.0006110387621447444
715,0.01866699941456318,0.000611251569353044
716,-0.0013330000219866633,0.0006115257274359465
717,0.03866700083017349,0.0006119158351793885
718,0.003467000089585781,0.0006121802143752575
719,0.03866700083017349,0.0006121807964518666
720,0.01360000018030405,0.0006122008198872209
721,0.028534000739455223,0.0006122134509496391
722,-0.011466999538242817,0.0006123028579168022
723,0.05866700038313866,0.0006124956998974085
724,0.01360000018030405,0.0006128198001533747
725,0.028534000739455223,0.000613052980042994
726,0.008533000014722347,0.0006132170092314482
727,0.03866700083017349,0.0006135282455943525
728,-0.0013330000219866633,0.0006138138705864549
729,0.05360100045800209,0.0006140659097582102
730,-0.011466999538242817,0.0006143421051092446
731,0.03359999880194664,0.0006147905951365829
732,-0.011466999538242817,0.0006152567220851779
733,0.07360100001096725,0.0006156447343528271
734,0.01866699941456318,0.0006160477641969919
735,0.07360100001096725,0.0006163862999528646
736,0.003467000089585781,0.0006167335086502135
737,0.07866799831390381,0.0006170783308334649
738,0.02346700057387352,0.0006175204180181026
739,0.05360100045800209,0.0006179878255352378
740,0.028534000739455223,0.0006186933605931699
741,0.06373400241136551,0.0006193741573952138
742,-0.011466999538242817,0.0006198982009664178
743,0.05360100045800209,0.0006205333047546446
744,0.01360000018030405,0.0006211838917806745
745,0.04853399842977524,0.0006219722563400865
746,-0.02160000056028366,0.0006226511904969811
747,0.03866700083017349,0.0006231134757399559
748,0.01360000018030405,0.000623599044047296
749,0.04853399842977524,0.0006240318762138486
750,0.003467000089585781,0.0006248400313779712
751,0.07360100001096725,0.0006256414926610887
752,0.01360000018030405,0.0006266157724894583
753,0.09360100328922272,0.0006272828322835267
754,-0.0013330000219866633,0.0006279405788518488
755,0.03359999880194664,0.0006286642164923251
756,-0.02160000056028366,0.0006292272009886801
757,0.01360000018030405,0.0006295543862506747
758,-0.011466999538242817,0.000629989430308342
759,0.028534000739455223,0.0006302216788753867
760,0.03359999880194664,0.0006305587594397366
761,0.05866700038313866,0.0006306441500782967
762,0.003467000089585781,0.0006309415330179036
763,0.043733999133110046,0.0006310626049526036
764,0.01360000018030405,0.000631280243396759
765,0.04853399842977524,0.0006315066711977124
766,-0.026399999856948853,0.0006319161038845778
767,0.04853399842977524,0.0006322340341284871
768,0.02346700057387352,0.000632426526863128
769,0.043733999133110046,0.0006325492868199944
770,-0.016534000635147095,0.0006327596493065357
771,0.03866700083017349,0.0006329266470856965
772,0.008533000014722347,0.0006332505727186799
773,0.028534000739455223,0.0006337472004815936
774,-0.0013330000219866633,0.0006342826527543366
775,0.028534000739455223,0.0006347008747979999
776,-0.006399999838322401,0.0006351213669404387
777,0.03866700083017349,0.0006358420941978693
778,-0.011466999538242817,0.0006366814486682415
779,0.028534000739455223,0.0006375611992552876
780,0.028534000739455223,0.0006382949650287628
781,0.04853399842977524,0.0006389450281858444
782,-0.02160000056028366,0.0006396012613549829
783,0.043733999133110046,0.0006402833969332278
784,0.008533000014722347,0.0006409505731426179
785,0.05360100045800209,0.0006418533739633858
786,0.003467000089585781,0.0006430403445847332
787,0.03359999880194664,0.0006442283047363162
788,-0.006399999838322401,0.0006451447261497378
789,0.03866700083017349,0.0006460346048697829
790,-0.02160000056028366,0.0006467599887400866
791,0.028534000739455223,0.0006477294955402613
792,-0.02160000056028366,0.0006485186750069261
793,0.043733999133110046,0.000649009074550122
794,0.01360000018030405,0.0006496654241345823
795,0.02346700057387352,0.0006504605407826602
796,0.003467000089585781,0.0006510299863293767
797,0.03866700083017349,0.0006516270223073661
798,-0.011466999538242817,0.0006523387273773551
799,0.07866799831390381,0.0006533499690704048
800,0.01360000018030405,0.0006539104506373405
801,0.043733999133110046,0.0006545823998749256
802,-0.0013330000219866633,0.0006551430560648441
803,0.02346700057387352,0.0006555912550538778
804,0.003467000089585781,0.0006560632609762251
805,0.028534000739455223,0.0006565706571564078
806,-0.011466999538242817,0.0006573207792825997
807,0.04853399842977524,0.0006583002395927906
808,0.01360000018030405,0.000658955133985728
809,0.05360100045800209,0.0006596174789592624
810,0.01866699941456318,0.0006603009533137083
811,0.028534000739455223,0.0006609255797229707
812,0.003467000089585781,0.0006615297170355916
813,0.03866700083017349,0.0006623634835705161
814,0.003467000089585781,0.0006631206488236785
815,0.05360100045800209,0.0006639969069510698
816,0.003467000089585781,0.0006648151902481914
817,0.06373400241136551,0.0006657963967882097
818,0.01360000018030405,0.0006665164255537093
819,0.05360100045800209,0.0006673046154901385
820,-0.0013330000219866633,0.0006681479280814528
821,0.03359999880194664,0.0006690718000754714
822,0.008533000014722347,0.0006696357158944011
823,0.04853399842977524,0.0006703086546622217
824,-0.0013330000219866633,0.0006711883470416069
825,0.03866700083017349,0.000672205991577357
826,0.008533000014722347,0.0006729743909090757
827,0.03359999880194664,0.0006735179340466857
828,-0.0013330000219866633,0.0006738290539942682
829,0.03866700083017349,0.0006741419201716781
830,-0.05146700143814087,0.00067440967541188
831,0.043733999133110046,0.0006744879065081477
832,-0.02160000056028366,0.0006747026927769184
833,0.01866699941456318,0.0006751151522621512
834,0.003467000089585781,0.0006758831441402435
835,0.07360100001096725,0.0006765223806723952
836,-0.011466999538242817,0.0006770650506950915
837,0.05866700038313866,0.000677712494507432
838,-0.011466999538242817,0.0006782358977943659
839,0.01866699941456318,0.000678718148265034
840,-0.016534000635147095,0.0006792302010580897
841,0.02346700057387352,0.0006797894602641463
842,0.003467000089585781,0.00068053905852139
843,0.03866700083017349,0.000680981611367315
844,0.01360000018030405,0.0006814307998865843
845,0.03866700083017349,0.0006818205001764
846,0.003467000089585781,0.00068239017855376
847,0.028534000739455223,0.0006828199839219451
848,0.003467000089585781,0.0006829979247413576
849,0.04853399842977524,0.000683194026350975
850,-0.016534000635147095,0.0006833176012150943
851,0.01360000018030405,0.0006835724925622344
852,-0.016534000635147095,0.0006840610294602811
853,0.03359999880194664,0.0006844695890322328
854,-0.016534000635147095,0.0006845160387456417
855,0.05360100045800209,0.0006845304742455482
856,-0.026399999856948853,0.0006842347793281078
857,0.03866700083017349,0.0006841248832643032
858,-0.0013330000219866633,0.0006839368143118918
859,0.028534000739455223,0.0006837421096861362
860,-0.006399999838322401,0.0006835077074356377
861,0.04853399842977524,0.0006833143415860832
862,-0.026399999856948853,0.0006831849459558725
863,0.028534000739455223,0.0006833324441686273
864,-0.011466999538242817,0.000683346064761281
865,0.03866700083017349,0.0006833219667896628
866,-0.006399999838322401,0.0006832858198322356
867,0.008533000014722347,0.000683502817992121
868,0.003467000089585781,0.0006836516549810767
869,0.05360100045800209,0.0006836605025455356
870,-0.011466999538242817,0.0006835137028247118
871,0.043733999133110046,0.000683516962453723
872,-0.006399999838322401,0.0006833692314103246
873,0.003467000089585781,0.0006832405924797058
874,-0.006399999838322401,0.0006830991478636861
875,0.01866699941456318,0.0006829871563240886
876,-0.016534000635147095,0.0006829290650784969
877,0.043733999133110046,0.000682998332194984
878,-0.0013330000219866633,0.0006832274375483394
879,0.028534000739455223,0.0006835598032921553
880,0.01360000018030405,0.0006838591070845723
881,0.06373400241136551,0.0006840964197181165
882,0.003467000089585781,0.0006844442686997354
883,0.028534000739455223,0.0006848485209047794
884,-0.02160000056028366,0.0006850120844319463
885,0.008533000014722347,0.0006848773919045925
886,-0.05146700143814087,0.0006846756441518664
887,0.01866699941456318,0.0006847500335425138
888,-0.011466999538242817,0.0006844409508630633
889,0.02346700057387352,0.0006842754082754254
890,-0.0013330000219866633,0.0006841049762442708
891,0.03359999880194664,0.0006840899586677551
892,-0.0013330000219866633,0.0006840454298071563
893,0.028534000739455223,0.0006838144036009908
894,-0.026399999856948853,0.0006836378597654402
895,0.008533000014722347,0.0006833385559730232
896,-0.0013330000219866633,0.0006830412894487381
897,0.03359999880194664,0.000682789133861661
898,0.003467000089585781,0.0006821911665610969
899,0.06373400241136551,0.0006818007677793503
900,-0.031466998159885406,0.0006809582118876278
901,0.03866700083017349,0.0006801765412092209
902,-0.0013330000219866633,0.0006795023218728602
903,0.01360000018030405,0.0006789960898458958
904,0.01360000018030405,0.0006785500445403159
905,0.03866700083017349,0.0006781922420486808
906,0.008533000014722347,0.0006778879323974252
907,0.028534000739455223,0.0006777530070394278
908,-0.0013330000219866633,0.0006774592329747975
909,0.043733999133110046,0.0006772626657038927
910,-0.026399999856948853,0.0006769355968572199
911,0.043733999133110046,0.000676881754770875
912,0.008533000014722347,0.0006765833823010325
913,0.05360100045800209,0.0006763883866369724
914,0.003467000089585781,0.0006760405376553535
915,0.03866700083017349,0.0006758818635717034
916,-0.011466999538242817,0.0006754013011232018
917,0.028534000739455223,0.0006750868051312864
918,-0.016534000635147095,0.0006748486775904894
919,0.03866700083017349,0.0006748344749212265
920,-0.006399999838322401,0.0006747457082383335
921,0.028534000739455223,0.0006748947198502719
922,0.003467000089585781,0.0006747232982888818
923,0.03866700083017349,0.0006747147999703884
924,-0.026399999856948853,0.0006747187580913305
925,0.03359999880194664,0.0006749391322955489
926,-0.0013330000219866633,0.0006752318004146218
927,0.028534000739455223,0.0006754614296369255
928,0.01360000018030405,0.0006754436763003469
929,0.03866700083017349,0.0006751811597496271
930,-0.02160000056028366,0.0006749973399564624
931,0.028534000739455223,0.0006749653839506209
932,-0.0013330000219866633,0.0006748749874532223
933,0.04853399842977524,0.0006747923325747252
934,0.003467000089585781,0.0006745815044268966
935,0.04853399842977524,0.0006745379068888724
936,-0.011466999538242817,0.0006743150879628956
937,0.01360000018030405,0.0006742175901308656
938,-0.011466999538242817,0.0006739940727129579
939,0.008533000014722347,0.0006739395903423429
940,0.003467000089585781,0.0006739216623827815
941,0.04853399842977524,0.0006740515236742795
942,-0.0013330000219866633,0.0006739597301930189
943,0.04853399842977524,0.0006738471565768123
944,-0.0013330000219866633,0.000673697330057621
945,0.01866699941456318,0.0006733355694450438
946,0.01360000018030405,0.0006728410953655839
947,0.03866700083017349,0.0006725251441821456
948,-0.011466999538242817,0.000671996851451695
949,0.0685340017080307,0.0006715100025758147
950,-0.05146700143814087,0.000670590961817652
951,0.02346700057387352,0.0006700631347484887
952,0.003467000089585781,0.0006696918280795217
953,0.028534000739455223,0.0006694236071780324
954,0.02346700057387352,0.000669196480885148
955,0.02346700057387352,0.0006690528825856745
956,-0.0013330000219866633,0.0006686121923848987
957,0.05360100045800209,0.0006683330284431577
958,-0.016534000635147095,0.0006683017709292471
959,0.03359999880194664,0.0006683248793706298
960,0.003467000089585781,0.0006680538645014167
961,0.06373400241136551,0.0006678372155874968
962,-0.02160000056028366,0.000667475862428546
963,0.04853399842977524,0.0006674291216768324
964,-0.02160000056028366,0.0006672055460512638
965,0.028534000739455223,0.0006668440182693303
966,-0.02160000056028366,0.0006664551328867674
967,0.01360000018030405,0.0006660454673692584
968,-0.03653400018811226,0.0006654293974861503
969,0.043733999133110046,0.000664970837533474
970,-0.05146700143814087,0.0006643655942752957
971,0.03866700083017349,0.0006643695523962379
972,-0.0013330000219866633,0.0006640765350311995
973,0.03866700083017349,0.0006637479527853429
974,-0.006399999838322401,0.0006634540623053908
975,0.05360100045800209,0.0006634437013417482
976,-0.0013330000219866633,0.0006632120348513126
977,0.02346700057387352,0.0006629511481150985
978,0.01866699941456318,0.0006627385155297816
979,0.02346700057387352,0.0006624470115639269
980,-0.011466999538242817,0.0006621559150516987
981,0.01866699941456318,0.0006621417123824358
982,0.01360000018030405,0.0006621105712838471
983,0.01866699941456318,0.0006619590567424893
984,-0.0013330000219866633,0.0006618183106184006
985,0.03866700083017349,0.0006616582395508885
986,-0.0013330000219866633,0.0006614145822823048
987,0.03359999880194664,0.0006610446725971997
988,-0.011466999538242817,0.0006606134702451527
989,0.06373400241136551,0.0006603468209505081
990,-0.0013330000219866633,0.0006600306369364262
991,0.06373400241136551,0.0006597757455892861
992,-0.0013330000219866633,0.0006593295838683844
993,0.02346700057387352,0.0006589512922801077
994,-0.006399999838322401,0.0006584951188415289
995,0.03866700083017349,0.0006580799235962331
996,0.01866699941456318,0.0006574596045538783
997,0.04853399842977524,0.0006569676334038377
998,0.01360000018030405,0.000656294054351747
999,0.04853399842977524,0.0006555781001225114
1000,0.02346700057387352,0.0006547807715833187
1001,0.03866700083017349,0.0006539144087582827
1002,-0.006399999838322401,0.0006531201652251184
1003,0.03866700083017349,0.000652425573207438
1004,0.003467000089585781,0.0006516430294141173
1005,0.04853399842977524,0.0006508043734356761
1006,0.02346700057387352,0.0006497070426121354
1007,0.02346700057387352,0.0006486361380666494
1008,-0.011466999538242817,0.0006473585963249207
1009,0.043733999133110046,0.000646501372102648
1010,-0.006399999838322401,0.0006456911796703935
1011,0.03359999880194664,0.0006447927444241941
1012,-0.02160000056028366,0.0006439150311052799
1013,0.028534000739455223,0.0006433329544961452
1014,-0.006399999838322401,0.0006426579784601927
1015,0.03866700083017349,0.0006420837598852813
1016,-0.02160000056028366,0.000641623861156404
1017,0.03866700083017349,0.0006415197858586907
1018,-0.02160000056028366,0.0006411932408809662
1019,0.01360000018030405,0.0006410258356481791
1020,-0.011466999538242817,0.000640951213426888
1021,0.05360100045800209,0.000640769605524838
1022,-0.0013330000219866633,0.0006404593586921692
1023,0.01360000018030405,0.0006400889251381159
1024,-0.02160000056028366,0.0006396358367055655
1025,0.028534000739455223,0.0006394698284566402
1026,0.003467000089585781,0.0006392966024577618
1027,0.04853399842977524,0.0006389166228473186
1028,0.043733999133110046,0.0006384211592376232
1029,0.01360000018030405,0.0006377104436978698
1030,-0.016534000635147095,0.0006369758630171418
1031,0.01360000018030405,0.0006363845313899219
1032,-0.026399999856948853,0.0006356764351949096
1033,0.043733999133110046,0.0006348322494886816
1034,-0.0013330000219866633,0.000633859948720783
1035,0.028534000739455223,0.0006329857278615236
1036,-0.011466999538242817,0.0006323272828012705
1037,0.04853399842977524,0.0006318173836916685
1038,-0.026399999856948853,0.0006314709316939116
1039,0.02346700057387352,0.0006309444434009492
1040,-0.016534000635147095,0.0006305566639639437
1041,0.05866700038313866,0.0006300020031630993
1042,-0.0013330000219866633,0.0006292479811236262
1043,0.03866700083017349,0.0006284249247983098
1044,-0.02160000056028366,0.0006278941873461008
1045,0.01866699941456318,0.0006273464532569051
1046,0.003467000089585781,0.0006271640304476023
1047,0.04853399842977524,0.0006266564596444368
1048,-0.026399999856948853,0.0006262351525947452
1049,0.03866700083017349,0.0006258361972868443
1050,-0.006399999838322401,0.0006256612832657993
1051,0.003467000089585781,0.0006252304301597178
1052,-0.03653400018811226,0.0006250584265217185
1053,0.02346700057387352,0.0006247421260923147
1054,-0.03653400018811226,0.0006241551600396633
1055,-0.0013330000219866633,0.0006234088214114308
1056,0.003467000089585781,0.0006229156861081719
1057,0.03359999880194664,0.0006223478121683002
1058,-0.0013330000219866633,0.0006216993788257241
1059,0.04853399842977524,0.000621194310951978
1060,-0.011466999538242817,0.0006207544356584549
1061,0.01360000018030405,0.0006202352233231068
1062,0.003467000089585781,0.0006196488393470645
1063,-0.0013330000219866633,0.000618560123257339
1064,-0.016534000635147095,0.0006178548792377114
1065,0.028534000739455223,0.0006171895656734705
1066,-0.031466998159885406,0.0006165275117382407
1067,0.01360000018030405,0.0006160110933706164
1068,-0.016534000635147095,0.0006156229646876454
1069,0.01866699941456318,0.0006151132984086871
1070,-0.016534000635147095,0.0006146555533632636
1071,0.01360000018030405,0.0006141313351690769
1072,-0.011466999538242817,0.0006136785377748311
1073,0.028534000739455223,0.0006131513509899378
1074,-0.03653400018811226,0.0006129118846729398
1075,0.0685340017080307,0.0006126280059106648
1076,-0.02160000056028366,0.0006125167128629982
1077,0.028534000739455223,0.0006120686884969473
1078,-0.04160099849104881,0.0006121481419540942
1079,-0.0013330000219866633,0.0006118757883086801
1080,-0.04666699841618538,0.0006116375443525612
1081,0.03866700083017349,0.0006110180402174592
1082,-0.05146700143814087,0.0006104869535192847
1083,0.05360100045800209,0.0006097943987697363
1084,-0.0013330000219866633,0.0006093528354540467
1085,0.05360100045800209,0.0006087163928896189
1086,0.01360000018030405,0.0006083827465772629
1087,0.028534000739455223,0.000607974361628294
1088,-0.026399999856948853,0.0006072929827496409
1089,0.043733999133110046,0.0006063542095944285
1090,0.02346700057387352,0.0006052169483155012
1091,0.04853399842977524,0.0006042377790436149
1092,-0.0013330000219866633,0.0006037350394763052
1093,0.028534000739455223,0.0006031593075022101
1094,-0.011466999538242817,0.0006027541821822524
1095,0.043733999133110046,0.0006023136666044593
1096,0.003467000089585781,0.000601836247369647
1097,0.06373400241136551,0.0006012656958773732
1098,-0.026399999856948853,0.0006003887392580509
1099,0.06373400241136551,0.0005998356500640512
1100,0.003467000089585781,0.0005992790684103966
1101,0.03866700083017349,0.0005986030446365476
1102,0.03359999880194664,0.0005979854031465948
1103,0.03866700083017349,0.0005973433726467192
1104,-0.011466999538242817,0.0005968768382444978
1105,0.03866700083017349,0.0005964679876342416
1106,-0.026399999856948853,0.0005959519185125828
1107,0.06373400241136551,0.0005952495848760009
1108,-0.0013330000219866633,0.0005942453863099217
1109,0.028534000739455223,0.0005932264029979706
1110,-0.006399999838322401,0.0005926564917899668
1111,0.028534000739455223,0.0005920389667153358
1112,0.02346700057387352,0.0005916036898270249
1113,0.03359999880194664,0.0005910354666411877
1114,0.01360000018030405,0.0005905068246647716
1115,0.05866700038313866,0.0005898476811125875
1116,0.028534000739455223,0.0005894200876355171
1117,0.03866700083017349,0.0005891481414437294
1118,0.003467000089585781,0.0005888091400265694
1119,0.05360100045800209,0.0005882999976165593
1120,-0.0013330000219866633,0.000588056689593941
1121,0.03866700083017349,0.000587796326726675
1122,-0.026399999856948853,0.0005874228663742542
1123,0.03866700083017349,0.0005869994638487697
1124,0.01866699941456318,0.0005864978302270174
1125,0.02346700057387352,0.000585984205827117
1126,-0.0013330000219866633,0.0005857242504134774
1127,0.043733999133110046,0.0005854261107742786
1128,-0.0013330000219866633,0.0005852032918483019
1129,0.05360100045800209,0.0005849887966178358
1130,-0.0013330000219866633,0.0005847857100889087
1131,0.05360100045800209,0.0005845138803124428
1132,-0.0013330000219866633,0.000584182795137167
1133,0.02346700057387352,0.0005836304044350982
1134,0.01360000018030405,0.000583111890591681
1135,0.028534000739455223,0.0005824294639751315
1136,-0.02160000056028366,0.0005817825440317392
1137,0.043733999133110046,0.0005812682211399078
1138,0.008533000014722347,0.0005806316039524972
1139,0.04853399842977524,0.0005799320060759783
1140,-0.0013330000219866633,0.0005796470213681459
1141,0.01866699941456318,0.000579597894102335
1142,-0.0013330000219866633,0.0005795916076749563
1143,0.06373400241136551,0.0005793393356725574
1144,-0.02160000056028366,0.0005792478914372623
1145,0.03359999880194664,0.0005790155846625566
1146,0.003467000089585781,0.0005788886337541044
1147,0.03866700083017349,0.0005786683177575469
1148,-0.026399999856948853,0.0005784365930594504
1149,0.07360100001096725,0.0005786799592897296
1150,0.01360000018030405,0.0005787754198536277
1151,0.01866699941456318,0.0005787775735370815
1152,0.01360000018030405,0.0005788550479337573
1153,0.04853399842977524,0.0005789684946648777
1154,0.01360000018030405,0.0005796105251647532
1155,0.02346700057387352,0.0005800961516797543
1156,-0.02160000056028366,0.000580877996981144
1157,0.03866700083017349,0.0005816089105792344
1158,-0.011466999538242817,0.0005822285311296582
1159,0.01360000018030405,0.000582992797717452
1160,0.01360000018030405,0.0005835039773955941
1161,0.028534000739455223,0.0005842080572620034
1162,0.008533000014722347,0.0005848454311490059
1163,0.003467000089585781,0.000585610163398087
1164,-0.04666699841618538,0.0005865421844646335
1165,0.03866700083017349,0.0005872721085324883
1166,0.01360000018030405,0.000588111812248826
1167,0.01360000018030405,0.0005886622238904238
1168,-0.011466999538242817,0.0005893339985050261
1169,-0.0013330000219866633,0.0005898710805922747
1170,-0.02160000056028366,0.0005906829610466957
1171,0.028534000739455223,0.0005913078784942627
1172,-0.011466999538242817,0.0005920864641666412
1173,0.03359999880194664,0.0005926791345700622
1174,-0.0013330000219866633,0.0005932509666308761
1175,0.02346700057387352,0.0005936496891081333
1176,-0.006399999838322401,0.0005942030693404377
1177,0.02346700057387352,0.0005947341560386121
1178,-0.006399999838322401,0.0005954018561169505
1179,0.06373400241136551,0.0005961833521723747
1180,-0.02160000056028366,0.0005968072218820453
1181,0.04853399842977524,0.0005972487851977348
1182,0.008533000014722347,0.0005975248059257865
1183,0.05360100045800209,0.0005978357512503862
1184,-0.031466998159885406,0.000598164857365191
1185,0.03359999880194664,0.0005984963499940932
1186,0.008533000014722347,0.00059886509552598
1187,0.03359999880194664,0.0005990486824885011
1188,-0.011466999538242817,0.0005993738886900246
1189,0.02346700057387352,0.0005996942054480314
1190,-0.026399999856948853,0.0006002767477184534
1191,0.028534000739455223,0.0006010392680764198
1192,-0.011466999538242817,0.0006016839761286974
1193,0.07360100001096725,0.000602017855271697
1194,-0.011466999538242817,0.0006024225149303675
1195,0.028534000739455223,0.0006024945760145783
1196,0.008533000014722347,0.0006025379407219589
1197,0.03866700083017349,0.0006024314789101481
1198,-0.016534000635147095,0.0006024606409482658
1199,0.04853399842977524,0.0006025352049618959
1200,0.003467000089585781,0.0006026667542755604
1201,-0.0013330000219866633,0.0006027391646057367
1202,0.003467000089585781,0.0006028702482581139
1203,0.008533000014722347,0.0006028774660080671
1204,0.01360000018030405,0.0006030492368154228
1205,0.028534000739455223,0.0006031948141753674
1206,0.003467000089585781,0.0006035375408828259
1207,0.028534000739455223,0.0006036254926584661
1208,0.01360000018030405,0.0006037326529622078
1209,0.028534000739455223,0.0006038435967639089
1210,-0.0013330000219866633,0.0006040632142685354
1211,0.05360100045800209,0.0006043106550350785
1212,-0.026399999856948853,0.0006047409842722118
1213,0.03359999880194664,0.0006048008217476308
1214,-0.03653400018811226,0.0006047760834917426
1215,0.01866699941456318,0.000604722648859024
1216,-0.006399999838322401,0.000604968226980418
1217,0.028534000739455223,0.0006048806826584041
1218,-0.031466998159885406,0.0006050205556675792
1219,0.01866699941456318,0.0006050944211892784
1220,-0.0013330000219866633,0.0006051335367374122
1221,0.03866700083017349,0.0006052067037671804
1222,-0.02160000056028366,0.0006051621166989207
1223,-0.016534000635147095,0.0006052883109077811
1224,0.003467000089585781,0.000605528533924371
1225,0.01360000018030405,0.0006058721337467432
1226,-0.031466998159885406,0.0006063080509193242
1227,0.02346700057387352,0.0006064020562916994
1228,-0.026399999856948853,0.0006065524066798389
1229,-0.0013330000219866633,0.0006067042122595012
1230,-0.03653400018811226,0.0006069770315662026
1231,0.03359999880194664,0.0006072045071050525
1232,-0.0013330000219866633,0.0006074453121982515
1233,0.03866700083017349,0.0006074986886233091
1234,-0.011466999538242817,0.0006074910052120686
1235,0.043733999133110046,0.0006074444390833378
1236,-0.03653400018811226,0.0006076483987271786
1237,0.043733999133110046,0.0006074906559661031
1238,0.003467000089585781,0.0006072593969292939
1239,0.04853399842977524,0.0006070235394872725
1240,0.003467000089585781,0.000606851652264595
1241,0.01866699941456318,0.000606601417530328
1242,-0.02160000056028366,0.0006063854089006782
1243,0.02346700057387352,0.0006061284802854061
1244,-0.0013330000219866633,0.0006059975130483508
1245,0.02346700057387352,0.0006058493163436651
1246,0.003467000089585781,0.0006057015853002667
1247,0.05360100045800209,0.0006055973935872316
1248,0.008533000014722347,0.0006055005360394716
1249,0.043733999133110046,0.0006053664837963879
1250,-0.02160000056028366,0.0006051905220374465
1251,0.02346700057387352,0.000605065724812448
1252,-0.011466999538242817,0.0006050356896594167
1253,0.02346700057387352,0.000604975619353354
1254,0.008533000014722347,0.0006050863303244114
1255,0.03359999880194664,0.000605241337325424
1256,-0.011466999538242817,0.000605379231274128
1257,0.01866699941456318,0.0006056067650206387
1258,-0.011466999538242817,0.0006057563005015254
1259,0.01360000018030405,0.0006058577564544976
1260,-0.006399999838322401,0.0006059720180928707
1261,0.008533000014722347,0.0006060896557755768
1262,0.01360000018030405,0.0006061905296519399
1263,0.01360000018030405,0.0006063338951207697
1264,-0.0013330000219866633,0.0006065022898837924
1265,0.028534000739455223,0.0006064434419386089
1266,-0.02160000056028366,0.0006066725472919643
1267,0.01866699941456318,0.0006067827343940735
1268,-0.04666699841618538,0.000606819405220449
1269,0.03866700083017349,0.0006068693473935127
1270,0.01360000018030405,0.0006070473464205861
1271,0.05360100045800209,0.0006072514806874096
1272,-0.0013330000219866633,0.0006071983953006566
1273,0.04853399842977524,0.0006071511888876557
1274,-0.02160000056028366,0.000607334659434855
1275,0.03866700083017349,0.0006075957790017128
1276,-0.006399999838322401,0.0006076321005821228
1277,0.01360000018030405,0.0006078199367038906
1278,-0.016534000635147095,0.0006078308215364814
1279,0.028534000739455223,0.0006078617880120873
1280,-0.026399999856948853,0.0006080124294385314
1281,0.03359999880194664,0.0006079011363908648
1282,-0.03653400018811226,0.0006078202277421951
1283,0.03359999880194664,0.0006076968275010586
1284,-0.026399999856948853,0.0006076084682717919
1285,0.028534000739455223,0.0006076308200135827
1286,0.01360000018030405,0.0006078064325265586
1287,0.05360100045800209,0.0006078634760342538
1288,0.028534000739455223,0.0006080029415898025
1289,0.04853399842977524,0.0006080881576053798
1290,0.01866699941456318,0.0006081727333366871
1291,0.05360100045800209,0.0006082098698243499
1292,0.003467000089585781,0.0006081510218791664
1293,0.05360100045800209,0.0006080595776438713
1294,0.003467000089585781,0.0006076979916542768
1295,0.05866700038313866,0.0006074003176763654
1296,-0.011466999538242817,0.0006071829702705145
1297,0.02346700057387352,0.0006068511866033077
1298,-0.0013330000219866633,0.0006065157358534634
1299,0.05360100045800209,0.0006063171895220876
1300,-0.006399999838322401,0.0006061337189748883
1301,0.02346700057387352,0.0006060750456526875
1302,-0.0013330000219866633,0.0006058111903257668
1303,0.043733999133110046,0.0006057529244571924
1304,0.003467000089585781,0.0006058011786080897
1305,0.03866700083017349,0.0006058979779481888
1306,-0.031466998159885406,0.0006057194550521672
1307,0.02346700057387352,0.0006057407008484006
1308,-0.04666699841618538,0.0006056669517420232
1309,0.028534000739455223,0.0006056715501472354
1310,-0.016534000635147095,0.0006058322614990175
1311,0.02346700057387352,0.0006059401202946901
1312,-0.02160000056028366,0.0006060928571969271
1313,0.043733999133110046,0.000606135989073664
1314,-0.02160000056028366,0.0006062579923309386
1315,0.028534000739455223,0.0006064731278456748
1316,0.008533000014722347,0.0006065627094358206
1317,0.03359999880194664,0.0006065744091756642
1318,-0.006399999838322401,0.0006064755143597722
1319,0.02346700057387352,0.0006064821500331163
1320,-0.011466999538242817,0.000606511952355504
1321,-0.0013330000219866633,0.0006066793575882912
1322,0.008533000014722347,0.0006070173112675548
1323,0.03866700083017349,0.0006070047384127975
1324,0.008533000014722347,0.0006067669601179659
1325,0.05360100045800209,0.0006065737688913941
1326,-0.0013330000219866633,0.0006063426844775677
1327,0.02346700057387352,0.0006060797022655606
1328,0.003467000089585781,0.0006056858110241592
1329,0.04853399842977524,0.0006052396493032575
1330,-0.0013330000219866633,0.0006049176445230842
1331,0.03866700083017349,0.0006046125199645758
1332,-0.02160000056028366,0.0006039729341864586
1333,0.03866700083017349,0.0006035608239471912
1334,-0.011466999538242817,0.0006027064519003034
1335,0.03359999880194664,0.0006021644221618772
1336,0.008533000014722347,0.0006015805993229151
1337,0.028534000739455223,0.0006011468940414488
1338,-0.0013330000219866633,0.0006008278578519821
1339,0.043733999133110046,0.0006008055643178523
1340,0.02346700057387352,0.0006006633630022407
1341,0.05360100045800209,0.0006005578907206655
1342,0.003467000089585781,0.0006004394963383675
1343,0.01866699941456318,0.0006004816386848688
1344,-0.006399999838322401,0.0006006150506436825
1345,0.05360100045800209,0.0006008795462548733
1346,-0.0013330000219866633,0.0006009751232340932
1347,0.02346700057387352,0.0006012980593368411
1348,0.01360000018030405,0.0006012453814037144
1349,0.04853399842977524,0.000601397652644664
1350,-0.011466999538242817,0.0006014342070557177
1351,0.043733999133110046,0.0006015622057020664
1352,0.01866699941456318,0.0006014034734107554
1353,0.05360100045800209,0.0006014281534589827
1354,-0.011466999538242817,0.0006015719845890999
1355,0.04853399842977524,0.0006017853156663477
1356,0.003467000089585781,0.0006019823485985398
1357,0.04853399842977524,0.0006024553440511227
1358,-0.0013330000219866633,0.0006025774637237191
1359,0.06373400241136551,0.0006028851494193077
1360,-0.02160000056028366,0.0006032846868038177
1361,0.003467000089585781,0.0006035888800397515
1362,-0.016534000635147095,0.0006039628060534596
1363,0.043733999133110046,0.0006043888279236853
1364,0.01360000018030405,0.0006049001240171492
1365,0.03359999880194664,0.0006054885452613235
1366,0.01866699941456318,0.0006057452410459518
1367,0.06373400241136551,0.000606024928856641
1368,-0.02160000056028366,0.0006061746971681714
1369,0.03866700083017349,0.000606305431574583
1370,0.003467000089585781,0.0006065440829843283
1371,0.028534000739455223,0.0006070651579648256
1372,-0.0013330000219866633,0.0006075722631067038
1373,0.04853399842977524,0.0006079655722714961
1374,-0.0013330000219866633,0.0006080741295590997
1375,0.06373400241136551,0.0006083198823034763
1376,0.01360000018030405,0.0006082429317757487
1377,0.03359999880194664,0.0006081830360926688
1378,0.003467000089585781,0.0006081641768105328
1379,0.01360000018030405,0.0006082613253965974
1380,0.003467000089585781,0.0006084426422603428
1381,0.01360000018030405,0.0006086272769607604
1382,-0.011466999538242817,0.0006086309440433979
1383,0.03359999880194664,0.0006088128429837525
1384,0.01866699941456318,0.0006089413072913885
1385,0.03866700083017349,0.0006091399118304253
1386,0.02346700057387352,0.0006089883972890675
1387,0.01360000018030405,0.0006088250083848834
1388,0.028534000739455223,0.0006085930508561432
1389,0.008533000014722347,0.0006084089400246739
1390,-0.0013330000219866633,0.0006082099862396717
1391,0.03866700083017349,0.000608008005656302
1392,-0.011466999538242817,0.0006078123115003109
1393,0.02346700057387352,0.0006075967685319483
1394,0.01360000018030405,0.0006074984557926655
1395,0.03359999880194664,0.0006074754637666047
1396,-0.0013330000219866633,0.0006072425749152899
1397,0.05360100045800209,0.0006068906513974071
1398,0.003467000089585781,0.0006064205663278699
1399,-0.0013330000219866633,0.0006059537990950048
1400,-0.0013330000219866633,0.0006055149715393782
1401,0.028534000739455223,0.0006051991367712617
1402,0.02346700057387352,0.0006046493072062731
1403,0.05866700038313866,0.0006041511078365147
1404,-0.0013330000219866633,0.0006035849219188094
1405,0.03359999880194664,0.000602830434218049
1406,0.003467000089585781,0.0006022577872499824
1407,0.02346700057387352,0.0006016438128426671
1408,-0.0013330000219866633,0.0006011230871081352
1409,0.05360100045800209,0.000600722327362746
1410,-0.011466999538242817,0.0006001268047839403
1411,0.06373400241136551,0.0005998457781970501
1412,-0.026399999856948853,0.0005993235972709954
1413,0.04853399842977524,0.0005989739438518882
1414,-0.026399999856948853,0.0005988191696815193
1415,0.028534000739455223,0.0005983734736219049
1416,-0.0013330000219866633,0.0005981895374134183
1417,0.01360000018030405,0.0005979310953989625
1418,-0.026399999856948853,0.0005979964043945074
1419,0.01360000018030405,0.0005979192210361362
1420,-0.02160000056028366,0.0005977990804240108
1421,0.02346700057387352,0.0005977376131340861
1422,-0.011466999538242817,0.0005974730593152344
1423,0.028534000739455223,0.0005971597274765372
1424,-0.011466999538242817,0.000596814788877964
1425,0.028534000739455223,0.0005965586751699448
1426,-0.0013330000219866633,0.0005961981369182467
1427,0.01866699941456318,0.0005958244437351823
1428,-0.0013330000219866633,0.0005953671643510461
1429,0.04853399842977524,0.0005949350888840854
1430,0.003467000089585781,0.0005947250756435096
1431,0.01866699941456318,0.000594719429500401
1432,0.003467000089585781,0.0005945557495579123
1433,0.028534000739455223,0.0005941916024312377
1434,-0.006399999838322401,0.0005936784436926246
1435,0.028534000739455223,0.0005930893239565194
1436,-0.0013330000219866633,0.000592640251852572
1437,0.028534000739455223,0.0005921095726080239
1438,-0.026399999856948853,0.0005917514790780842
1439,0.028534000739455223,0.0005913641070947051
1440,-0.0013330000219866633,0.0005910850595682859
1441,0.03359999880194664,0.0005908651510253549
1442,-0.0013330000219866633,0.0005905951838940382
1443,0.028534000739455223,0.0005905236466787755
1444,-0.016534000635147095,0.0005902423290535808
1445,0.01360000018030405,0.0005900213727727532
1446,-0.03653400018811226,0.0005896009388379753
1447,0.02346700057387352,0.0005888207815587521
1448,0.043733999133110046,0.0005880406242795289
1449,0.03866700083017349,0.0005874619819223881
1450,0.01866699941456318,0.0005868650041520596
1451,0.02346700057387352,0.0005864507984369993
1452,-0.011466999538242817,0.0005860549863427877
1453,0.01360000018030405,0.00058564986102283
1454,-0.011466999538242817,0.0005853221518918872
1455,0.02346700057387352,0.0005849498556926847
1456,-0.006399999838322401,0.0005845811683684587
1457,0.02346700057387352,0.0005842379759997129
1458,-0.011466999538242817,0.0005839999066665769
1459,0.028534000739455223,0.0005836830823682249
1460,-0.006399999838322401,0.0005833779578097165
1461,0.03359999880194664,0.0005830328445881605
1462,-0.031466998159885406,0.0005825700936838984
1463,0.03866700083017349,0.0005821372615173459
1464,-0.011466999538242817,0.0005818902282044291
1465,0.06373400241136551,0.0005816262564621866
1466,-0.006399999838322401,0.0005814282922074199
1467,0.028534000739455223,0.0005811804439872503
1468,0.003467000089585781,0.0005807519191876054
1469,0.043733999133110046,0.0005806518020108342
1470,0.003467000089585781,0.00058036670088768
1471,0.028534000739455223,0.0005801309598609805
1472,-0.0013330000219866633,0.0005798686761409044
1473,-0.0013330000219866633,0.0005798132624477148
1474,0.003467000089585781,0.0005796450423076749
1475,0.03359999880194664,0.0005794481257908046
1476,-0.02160000056028366,0.0005793333402834833
1477,-0.0013330000219866633,0.0005790825234726071
1478,-0.011466999538242817,0.0005790222203359008
1479,0.02346700057387352,0.0005789328133687377
1480,-0.02160000056028366,0.0005788810085505247
1481,0.028534000739455223,0.0005787617992609739
1482,-0.03653400018811226,0.0005787471891380847
1483,0.043733999133110046,0.0005784487584605813
1484,-0.026399999856948853,0.0005784024251624942
1485,0.06373400241136551,0.0005784678505733609
1486,-0.026399999856948853,0.0005782514344900846
1487,0.028534000739455223,0.0005777901387773454
1488,-0.006399999838322401,0.0005773887969553471
1489,0.03866700083017349,0.0005771319265477359
1490,-0.011466999538242817,0.000576911261305213
1491,0.06373400241136551,0.0005768415867350996
1492,-0.011466999538242817,0.0005764897214248776
1493,0.04853399842977524,0.000576280290260911
1494,-0.0013330000219866633,0.0005761210341006517
1495,0.01360000018030405,0.0005760801141150296
1496,0.01360000018030405,0.0005758856423199177
1497,0.04853399842977524,0.0005757779581472278
1498,0.003467000089585781,0.0005757075850851834
1499,0.06373400241136551,0.0005756992613896728
1500,-0.011466999538242817,0.0005754687590524554
1501,0.04853399842977524,0.000575080222915858
1502,-0.026399999856948853,0.0005748139810748398
1503,0.02346700057387352,0.0005746926181018353
1504,-0.02160000056028366,0.0005746575188823044
1505,0.01866699941456318,0.0005745634553022683
1506,-0.016534000635147095,0.0005743238725699484
1507,0.03359999880194664,0.0005742794601246715
1508,-0.0013330000219866633,0.0005741588538512588
1509,0.003467000089585781,0.0005740649066865444
1510,-0.011466999538242817,0.0005737728206440806
1511,0.043733999133110046,0.0005733907455578446
1512,0.003467000089585781,0.0005733732250519097
1513,0.028534000739455223,0.000573345459997654
1514,0.003467000089585781,0.0005732127465307713
1515,0.03866700083017349,0.0005731538985855877
1516,-0.016534000635147095,0.000573045457713306
1517,0.01360000018030405,0.0005729352124035358
1518,-0.016534000635147095,0.0005728222895413637
1519,0.01360000018030405,0.0005728292162530124
1520,0.008533000014722347,0.0005726802628487349
1521,0.06373400241136551,0.0005726008675992489
1522,-0.02160000056028366,0.0005720728659071028
1523,0.05360100045800209,0.000571778102312237
1524,-0.0013330000219866633,0.0005715825245715678
1525,0.003467000089585781,0.0005712131969630718
1526,-0.0013330000219866633,0.0005707035306841135
1527,0.03359999880194664,0.0005701847840100527
1528,-0.006399999838322401,0.0005697620217688382
1529,-0.016534000635147095,0.000569271738640964
1530,0.003467000089585781,0.0005685585783794522
1531,0.0685340017080307,0.0005678999004885554
1532,-0.026399999856948853,0.0005674135172739625
1533,0.028534000739455223,0.0005668599624186754
1534,0.01866699941456318,0.0005664379568770528
1535,0.028534000739455223,0.000565936032216996
1536,0.008533000014722347,0.0005654399865306914
1537,0.02346700057387352,0.0005651249084621668
1538,-0.011466999538242817,0.0005647764774039388
1539,-0.006399999838322401,0.0005645739147439599
1540,-0.006399999838322401,0.0005643916665576398
1541,0.01360000018030405,0.0005639819428324699
1542,-0.026399999856948853,0.0005634125554934144
1543,0.04853399842977524,0.0005629062070511281
1544,0.008533000014722347,0.0005625351332128048
1545,0.028534000739455223,0.0005621128948405385
1546,-0.016534000635147095,0.0005618336144834757
1547,0.008533000014722347,0.0005615352420136333
1548,0.003467000089585781,0.0005613011308014393
1549,0.028534000739455223,0.0005611268570646644
1550,-0.03653400018811226,0.0005611312808468938
1551,0.05360100045800209,0.0005611373344436288
1552,0.003467000089585781,0.0005609056679531932
1553,0.008533000014722347,0.0005607112543657422
1554,-0.0013330000219866633,0.0005605164915323257
1555,0.008533000014722347,0.0005603066529147327
1556,-0.0013330000219866633,0.0005600506556220353
1557,0.03359999880194664,0.0005597890121862292
1558,-0.02160000056028366,0.0005594816757366061
1559,0.043733999133110046,0.0005592310335487127
1560,-0.011466999538242817,0.0005588419735431671
1561,0.028534000739455223,0.0005584434838965535
1562,-0.006399999838322401,0.0005580888246186078
1563,0.02346700057387352,0.0005575796240009367
1564,-0.0013330000219866633,0.0005571490619331598
1565,0.03359999880194664,0.0005567570915445685
1566,-0.026399999856948853,0.0005562942242249846
1567,0.028534000739455223,0.0005557895638048649
1568,-0.05146700143814087,0.0005553995724767447
1569,0.03866700083017349,0.0005550264613702893
1570,-0.031466998159885406,0.0005548722692765296
1571,-0.0013330000219866633,0.0005545295425690711
1572,0.01360000018030405,0.0005541807622648776
1573,0.03866700083017349,0.0005537725519388914
1574,-0.006399999838322401,0.0005534739466384053
1575,0.06373400241136551,0.0005532900104299188
1576,0.01360000018030405,0.0005529682384803891
1577,0.04853399842977524,0.0005525188753381371
1578,-0.04666699841618538,0.000552048091776669
1579,0.03866700083017349,0.0005517926183529198
1580,-0.016534000635147095,0.0005517316749319434
1581,0.03359999880194664,0.0005515599623322487
1582,-0.006399999838322401,0.0005512991338036954
1583,0.043733999133110046,0.000551010831259191
1584,0.01360000018030405,0.0005509488983079791
1585,0.043733999133110046,0.0005508578615263104
1586,-0.0013330000219866633,0.0005505800945684314
1587,0.028534000739455223,0.000550252734683454
1588,-0.011466999538242817,0.0005501140840351582
1589,0.043733999133110046,0.0005500065162777901
1590,0.01360000018030405,0.0005499986000359058
1591,0.028534000739455223,0.0005500009865500033
1592,0.05360100045800209,0.0005499013350345194
1593,0.008533000014722347,0.0005498200189322233
1594,-0.011466999538242817,0.000549659482203424
1595,0.03866700083017349,0.0005495260120369494
1596,-0.0013330000219866633,0.0005494627403095365
1597,0.07360100001096725,0.0005494304932653904
1598,0.003467000089585781,0.0005493057542480528
1599,0.03866700083017349,0.0005490819457918406
1600,-0.0013330000219866633,0.0005488899769261479
1601,0.04853399842977524,0.0005485648871399462
1602,-0.006399999838322401,0.0005483016138896346
1603,0.05866700038313866,0.0005479809478856623
1604,-0.016534000635147095,0.0005478893290273845
1605,0.04853399842977524,0.00054769596317783
1606,0.003467000089585781,0.0005475060315802693
1607,0.05360100045800209,0.0005471592303365469
1608,0.01866699941456318,0.0005470201722346246
1609,0.028534000739455223,0.0005466907750815153
1610,0.01360000018030405,0.0005463904817588627
1611,0.043733999133110046,0.0005459297681227326
1612,0.01360000018030405,0.0005455304053612053
1613,0.043733999133110046,0.0005450627068057656
1614,-0.011466999538242817,0.0005447445437312126
1615,0.03359999880194664,0.0005443835398182273
1616,-0.011466999538242817,0.0005438034422695637
1617,0.03866700083017349,0.0005433686310425401
1618,-0.026399999856948853,0.0005428839358501136
1619,0.03866700083017349,0.0005424762493930757
1620,0.01866699941456318,0.0005417882348410785
1621,0.03866700083017349,0.0005410998128354549
1622,-0.02160000056028366,0.0005405517295002937
1623,0.043733999133110046,0.0005401660455390811
1624,-0.0013330000219866633,0.0005399218644015491
1625,0.02346700057387352,0.0005397507920861244
1626,-0.026399999856948853,0.0005392733728513122
1627,0.01360000018030405,0.000538808002602309
1628,-0.026399999856948853,0.0005380887305364013
1629,0.04853399842977524,0.0005374980391934514
1630,0.003467000089585781,0.0005372893065214157
1631,0.04853399842977524,0.0005369375576265156
1632,0.003467000089585781,0.0005368210840970278
1633,0.04853399842977524,0.0005366181721910834
1634,0.003467000089585781,0.0005365427350625396
1635,0.008533000014722347,0.0005363610689528286
1636,-0.031466998159885406,0.0005360693903639913
1637,0.03866700083017349,0.0005358604248613119
1638,-0.0013330000219866633,0.0005357990739867091
1639,-0.011466999538242817,0.000535428524017334
1640,-0.03653400018811226,0.000535234808921814
1641,0.003467000089585781,0.000534822465851903
1642,0.008533000014722347,0.0005346074467524886
1643,0.03866700083017349,0.0005344509845599532
1644,-0.0013330000219866633,0.0005344728124327958
1645,0.01866699941456318,0.0005345034878700972
1646,-0.011466999538242817,0.0005344304372556508
1647,0.028534000739455223,0.0005343473749235272
1648,-0.006399999838322401,0.0005344154196791351
1649,-0.0013330000219866633,0.0005344193195924163
1650,-0.026399999856948853,0.000534513033926487
1651,-0.0013330000219866633,0.0005345130921341479
1652,0.008533000014722347,0.0005345379468053579
1653,0.043733999133110046,0.0005345115205273032
1654,-0.011466999538242817,0.0005346727557480335
1655,0.03359999880194664,0.0005348727572709322
1656,-0.016534000635147095,0.0005353864398784935
1657,0.03866700083017349,0.0005356995388865471
1658,0.02346700057387352,0.000536176550667733
1659,0.028534000739455223,0.0005367228295654058
1660,0.01866699941456318,0.0005373446620069444
1661,0.05360100045800209,0.000537796993739903
1662,0.008533000014722347,0.0005381570081226528
1663,0.02346700057387352,0.0005383827956393361
1664,-0.016534000635147095,0.0005386364064179361
1665,0.02346700057387352,0.0005387289565987885
1666,-0.0013330000219866633,0.0005388325080275536
1667,0.07360100001096725,0.0005386880366131663
1668,-0.011466999538242817,0.0005388945573940873
1669,0.043733999133110046,0.000538951251655817
1670,0.043733999133110046,0.0005387855926528573
1671,0.01360000018030405,0.0005388049175962806
1672,-0.011466999538242817,0.0005389217403717339
1673,0.06373400241136551,0.0005389107391238213
1674,-0.02160000056028366,0.0005387463606894016
1675,0.05360100045800209,0.0005385695258155465
1676,0.008533000014722347,0.0005383208626881242
1677,0.07360100001096725,0.0005380465881898999
1678,-0.006399999838322401,0.0005380258662626147
1679,0.043733999133110046,0.000537944259122014
1680,0.008533000014722347,0.0005379753420129418
1681,0.05360100045800209,0.0005381495575420558
1682,0.02346700057387352,0.0005378717323765159
1683,0.07360100001096725,0.000537485524546355
1684,-0.0013330000219866633,0.0005373042076826096
1685,0.01360000018030405,0.0005371101433411241
1686,-0.04666699841618538,0.0005368778947740793
1687,0.03866700083017349,0.0005364514654502273
1688,0.003467000089585781,0.0005359658971428871
1689,0.05866700038313866,0.0005354543682187796
1690,-0.011466999538242817,0.0005350661231204867
1691,0.03866700083017349,0.0005344118690118194
1692,-0.0013330000219866633,0.0005339797353371978
1693,0.028534000739455223,0.0005336795002222061
1694,-0.02160000056028366,0.0005333092994987965
1695,0.02346700057387352,0.0005329670384526253
1696,-0.016534000635147095,0.0005325170350261033
1697,0.03866700083017349,0.000532133795786649
1698,-0.0013330000219866633,0.000531703932210803
1699,0.003467000089585781,0.0005312977009452879
1700,-0.02160000056028366,0.0005310731939971447
1701,0.008533000014722347,0.0005306131788529456
1702,-0.0013330000219866633,0.0005302326171658933
1703,0.03359999880194664,0.0005299878539517522
1704,-0.006399999838322401,0.0005299268523231149
1705,0.05360100045800209,0.000529779470525682
1706,0.003467000089585781,0.0005298145115375519
1707,0.04853399842977524,0.0005297360476106405
1708,-0.016534000635147095,0.0005298983887769282
1709,0.03866700083017349,0.00052987365052104
1710,0.02346700057387352,0.0005298006581142545
1711,0.043733999133110046,0.0005296269664540887
1712,-0.02160000056028366,0.0005295251030474901
1713,0.02346700057387352,0.0005293517606332898
1714,-0.0013330000219866633,0.0005291388370096684
1715,0.06373400241136551,0.0005289667751640081
1716,-0.006399999838322401,0.00052882160525769
1717,0.028534000739455223,0.0005286461673676968
1718,0.028534000739455223,0.0005284151411615312
1719,0.04853399842977524,0.0005282924394123256
1720,-0.04160099849104881,0.0005281281191855669
1721,0.03359999880194664,0.0005279723554849625
1722,-0.0013330000219866633,0.0005278252065181732
1723,0.043733999133110046,0.0005275522125884891
1724,0.028534000739455223,0.0005273306742310524
1725,0.04853399842977524,0.0005271113477647305
1726,-0.011466999538242817,0.0005271253176033497
1727,0.06373400241136551,0.0005270421970635653
1728,-0.0013330000219866633,0.0005268304375931621
1729,0.05360100045800209,0.0005265969084575772
1730,-0.0013330000219866633,0.0005265355575829744
1731,0.028534000739455223,0.0005264533683657646
1732,0.01360000018030405,0.000526280258782208
1733,0.0685340017080307,0.0005263620405457914
1734,0.01360000018030405,0.0005262162303552032
1735,0.03359999880194664,0.0005261928308755159
1736,-0.016534000635147095,0.0005261250771582127
1737,0.06373400241136551,0.0005262555787339807
1738,-0.03653400018811226,0.0005261666374281049
1739,0.008533000014722347,0.0005259941099211574
1740,-0.031466998159885406,0.0005258036544546485
1741,0.07360100001096725,0.0005253294948488474
1742,-0.016534000635147095,0.0005250794347375631
1743,0.03359999880194664,0.0005250376416370273
1744,-0.011466999538242817,0.0005250045796856284
1745,0.03359999880194664,0.0005249932291917503
1746,0.003467000089585781,0.0005250716931186616
1747,-0.006399999838322401,0.0005250863614492118
1748,0.003467000089585781,0.0005252581322565675
1749,0.05866700038313866,0.0005252321134321392
1750,-0.0013330000219866633,0.0005252856062725186
1751,0.04853399842977524,0.0005252146511338651
1752,0.003467000089585781,0.0005252807168290019
1753,0.028534000739455223,0.0005253317067399621
1754,-0.006399999838322401,0.0005253952695056796
1755,0.05360100045800209,0.0005254657589830458
1756,-0.016534000635147095,0.0005255943397060037
1757,0.02346700057387352,0.0005257833981886506
1758,-0.006399999838322401,0.000525866518728435
1759,0.028534000739455223,0.000525635143276304
1760,-0.016534000635147095,0.000525446143001318
1761,0.03866700083017349,0.0005252046976238489
1762,0.02346700057387352,0.0005251921829767525
1763,0.028534000739455223,0.0005250473041087389
1764,0.01360000018030405,0.0005249421228654683
1765,0.03866700083017349,0.0005247705848887563
1766,-0.02160000056028366,0.0005248302477411926
1767,0.03359999880194664,0.00052498874720186
1768,0.003467000089585781,0.0005249675596132874
1769,0.05866700038313866,0.0005248725065030158
1770,0.02346700057387352,0.0005250567337498069
1771,0.04853399842977524,0.0005251000402495265
1772,-0.0013330000219866633,0.0005252422415651381
1773,0.03866700083017349,0.000525403767824173
1774,0.01360000018030405,0.0005254395073279738
1775,0.028534000739455223,0.0005254519055597484
1776,-0.011466999538242817,0.0005255462601780891
1777,0.008533000014722347,0.0005257417215034366
1778,-0.02160000056028366,0.0005262133199721575
1779,0.05360100045800209,0.0005267069209367037
1780,-0.016534000635147095,0.0005271470290608704
1781,0.02346700057387352,0.0005274519789963961
1782,0.003467000089585781,0.0005278630997054279
1783,0.01360000018030405,0.0005282897036522627
1784,-0.0013330000219866633,0.0005288179963827133
1785,0.05360100045800209,0.0005293553695082664
1786,0.003467000089585781,0.0005299903568811715
1787,0.01866699941456318,0.0005304805235937238
1788,-0.006399999838322401,0.0005309071857482195
1789,0.028534000739455223,0.0005314822774380445
1790,-0.02160000056028366,0.0005322278011590242
1791,0.03866700083017349,0.0005331056891009212
1792,-0.03653400018811226,0.0005339686758816242
1793,0.06373400241136551,0.000534782069735229
1794,-0.031466998159885406,0.0005358090274967253
1795,0.01360000018030405,0.0005365484394133091
1796,0.003467000089585781,0.0005373731255531311
1797,0.03866700083017349,0.0005381613736972213
1798,0.01360000018030405,0.0005389717407524586
1799,0.05866700038313866,0.0005396282067522407
1800,0.003467000089585781,0.0005401272792369127
1801,0.04853399842977524,0.0005406903801485896
1802,-0.006399999838322401,0.0005410576704889536
1803,0.02346700057387352,0.0005414332263171673
1804,-0.02160000056028366,0.0005418278742581606
1805,0.03866700083017349,0.0005421678652055562
1806,0.008533000014722347,0.0005424582632258534
1807,0.03359999880194664,0.0005428104195743799
1808,0.008533000014722347,0.0005431190365925431
1809,0.03866700083017349,0.0005434892373159528
1810,-0.02160000056028366,0.0005438999505713582
1811,0.02346700057387352,0.0005444497801363468
1812,-0.02160000056028366,0.0005448847659863532
1813,0.03866700083017349,0.0005452929181046784
1814,0.008533000014722347,0.0005457507213577628
1815,0.02346700057387352,0.0005460249958559871
1816,-0.011466999538242817,0.0005463785491883755
1817,0.03866700083017349,0.000546757597476244
1818,-0.006399999838322401,0.0005473141791298985
1819,0.02346700057387352,0.0005476793739944696
1820,-0.02160000056028366,0.0005481510306708515
1821,0.03359999880194664,0.0005484678549692035
1822,0.003467000089585781,0.0005487975431606174
1823,0.04853399842977524,0.0005492208292707801
1824,-0.04666699841618538,0.0005496789235621691
1825,-0.011466999538242817,0.0005500450497493148
1826,-0.0013330000219866633,0.0005501783452928066
1827,0.03866700083017349,0.0005502622807398438
1828,-0.0013330000219866633,0.0005503975553438067
1829,0.03866700083017349,0.0005504993023350835
1830,0.02346700057387352,0.0005505569861270487
1831,0.02346700057387352,0.0005504527362063527
1832,-0.02160000056028366,0.0005505318404175341
1833,0.03359999880194664,0.0005506966263055801
1834,-0.0013330000219866633,0.0005509272450581193
1835,0.03866700083017349,0.0005510521004907787
1836,0.01360000018030405,0.0005511691560968757
1837,0.04853399842977524,0.0005512391217052937
1838,0.008533000014722347,0.000551459495909512
1839,0.04853399842977524,0.0005514898803085089
1840,-0.011466999538242817,0.000551596749573946
1841,0.05360100045800209,0.0005516996025107801
1842,-0.0013330000219866633,0.0005518159596249461
1843,0.05360100045800209,0.0005520274862647057
1844,0.01360000018030405,0.0005522592109628022
1845,0.02346700057387352,0.0005523068248294294
1846,-0.0013330000219866633,0.00055258150678128
1847,0.04853399842977524,0.0005526690511032939
1848,-0.011466999538242817,0.0005529539776034653
1849,0.04853399842977524,0.0005530701018869877
1850,0.01866699941456318,0.0005532046779990196
1851,0.028534000739455223,0.000553379999473691
1852,-0.011466999538242817,0.000553698162548244
1853,0.03866700083017349,0.0005538673140108585
1854,-0.031466998159885406,0.00055388652253896
1855,0.03866700083017349,0.0005540926358662546
1856,0.03866700083017349,0.0005543285515159369
1857,0.08373399823904037,0.0005545431049540639
1858,-0.011466999538242817,0.0005546628963202238
1859,0.03866700083017349,0.0005547013715840876
1860,0.003467000089585781,0.0005548340268433094
1861,0.0685340017080307,0.0005548837361857295
1862,-0.0013330000219866633,0.0005550516652874649
1863,-0.0013330000219866633,0.0005551496287807822
1864,0.003467000089585781,0.0005553143564611673
1865,0.04853399842977524,0.0005554825183935463
1866,-0.006399999838322401,0.0005557575495913625
1867,0.05360100045800209,0.0005557926488108933
1868,0.028534000739455223,0.00055601546773687
1869,0.043733999133110046,0.0005560276913456619
1870,-0.02160000056028366,0.0005561916041187942
1871,0.04853399842977524,0.0005563299637287855
1872,0.03359999880194664,0.0005565662868320942
1873,0.04853399842977524,0.0005566651234403253
1874,0.003467000089585781,0.0005569742643274367
1875,0.0685340017080307,0.000557100516743958
1876,0.01866699941456318,0.0005573337548412383
1877,0.04853399842977524,0.0005574970273301005
1878,0.008533000014722347,0.0005577936535701156
1879,0.028534000739455223,0.0005578744458034635
1880,0.008533000014722347,0.0005580576835200191
1881,0.04853399842977524,0.0005580794531852007
1882,0.01360000018030405,0.0005583353340625763
1883,0.0685340017080307,0.0005583878373727202
1884,0.01360000018030405,0.0005586821353062987
1885,0.03866700083017349,0.0005587920313701034
1886,0.003467000089585781,0.000558914034627378
1887,0.05360100045800209,0.0005590336513705552
1888,-0.016534000635147095,0.0005591051303781569
1889,0.05360100045800209,0.0005593007663264871
1890,0.008533000014722347,0.000559384236112237
1891,0.07360100001096725,0.0005594277172349393
1892,0.003467000089585781,0.0005596726550720632
1893,0.03866700083017349,0.0005598334828391671
1894,-0.0013330000219866633,0.0005599725991487503
1895,0.06373400241136551,0.0005602037417702377
1896,0.003467000089585781,0.0005603672470897436
1897,0.043733999133110046,0.0005606182385236025
1898,0.008533000014722347,0.0005608231294900179
1899,0.04853399842977524,0.000560981105081737
1900,-0.006399999838322401,0.0005611578235402703
1901,0.008533000014722347,0.0005613717949017882
1902,-0.02160000056028366,0.0005616439739242196
1903,0.03359999880194664,0.0005618630675598979
1904,0.003467000089585781,0.0005618873401544988
1905,0.04853399842977524,0.0005618784343823791
1906,-0.006399999838322401,0.0005617427523247898
1907,0.028534000739455223,0.000561775523237884
1908,-0.006399999838322401,0.0005619089351966977
1909,0.01360000018030405,0.0005619940930046141
1910,-0.02160000056028366,0.0005621685413643718
1911,0.04853399842977524,0.0005621705204248428
1912,0.03359999880194664,0.0005619163857772946
1913,0.04853399842977524,0.0005617581773549318
1914,0.01360000018030405,0.0005615155678242445
1915,0.028534000739455223,0.0005611831438727677
1916,-0.006399999838322401,0.0005608182982541621
1917,0.03866700083017349,0.0005606120103038847
1918,-0.0013330000219866633,0.0005604283069260418
1919,0.04853399842977524,0.0005604237085208297
1920,-0.0013330000219866633,0.0005603682948276401
1921,0.028534000739455223,0.0005603161989711225
1922,0.003467000089585781,0.0005602367455139756
1923,0.05360100045800209,0.0005601615412160754
1924,-0.03653400018811226,0.0005600046133622527
1925,0.04853399842977524,0.0005597291165031493
1926,-0.006399999838322401,0.0005595303373411298
1927,0.03866700083017349,0.0005590521031990647
1928,-0.011466999538242817,0.0005584496539086103
1929,0.043733999133110046,0.0005579229909926653
1930,0.01360000018030405,0.0005573536036536098
1931,0.03866700083017349,0.0005567383486777544
1932,0.02346700057387352,0.0005561542930081487
1933,0.01866699941456318,0.0005556534160859883
1934,0.028534000739455223,0.0005549343768507242
1935,0.028534000739455223,0.0005545254680328071
1936,-0.03653400018811226,0.0005540328565984964
1937,0.003467000089585781,0.0005534065421670675
1938,0.008533000014722347,0.0005531464121304452
1939,0.028534000739455223,0.0005530469352379441
1940,0.003467000089585781,0.0005527178291231394
1941,0.05360100045800209,0.000552366254851222
1942,-0.02160000056028366,0.0005520276026800275
1943,0.01866699941456318,0.0005517425015568733
1944,-0.011466999538242817,0.0005514415097422898
1945,-0.011466999538242817,0.0005513685755431652
1946,-0.026399999856948853,0.0005514228250831366
1947,0.028534000739455223,0.0005515370867215097
1948,0.02346700057387352,0.000551539589650929
1949,0.02346700057387352,0.0005514065851457417
1950,-0.006399999838322401,0.0005513596115633845
1951,0.03866700083017349,0.0005512742791324854
1952,0.01360000018030405,0.000551102333702147
1953,0.03866700083017349,0.0005508760805241764
1954,-0.0013330000219866633,0.0005507207242771983
1955,0.03359999880194664,0.0005505353910848498
1956,-0.0013330000219866633,0.0005504798609763384
1957,0.02346700057387352,0.0005506213055923581
1958,-0.02160000056028366,0.000550766009837389
1959,0.03359999880194664,0.0005509190959855914
1960,-0.02160000056028366,0.0005511424969881773
1961,0.05360100045800209,0.0005513901705853641
1962,-0.0013330000219866633,0.0005514282966032624
1963,0.07866799831390381,0.0005515305092558265
1964,-0.011466999538242817,0.0005512299831025302
1965,0.04853399842977524,0.0005511030904017389
1966,-0.0013330000219866633,0.0005510688642971218
1967,0.02346700057387352,0.0005512849893420935
1968,-0.0013330000219866633,0.0005512670031748712
1969,0.028534000739455223,0.0005514407530426979
1970,0.003467000089585781,0.0005514624062925577
1971,0.028534000739455223,0.000551639765035361
1972,0.008533000014722347,0.0005517702084034681
1973,0.04853399842977524,0.0005519379046745598
1974,-0.03653400018811226,0.0005521563580259681
1975,0.05866700038313866,0.0005524191074073315
1976,0.01866699941456318,0.0005525045562535524
1977,0.0685340017080307,0.0005525884917005897
1978,0.01360000018030405,0.0005522515857592225
1979,0.05866700038313866,0.0005520509439520538
1980,-0.016534000635147095,0.0005519351689144969
1981,0.06373400241136551,0.0005518132820725441
1982,0.003467000089585781,0.0005517281242646277
1983,0.028534000739455223,0.0005516352248378098
1984,-0.011466999538242817,0.0005515327793546021
1985,0.028534000739455223,0.0005516023375093937
1986,-0.0013330000219866633,0.0005514378426596522
1987,0.01360000018030405,0.0005512339994311333
1988,-0.016534000635147095,0.0005512736970558763
1989,0.003467000089585781,0.0005510973278433084
1990,-0.031466998159885406,0.0005512057105079293
1991,0.02346700057387352,0.0005511123454198241
1992,-0.011466999538242817,0.0005511361523531377
1993,0.03359999880194664,0.0005509131588041782
1994,-0.026399999856948853,0.0005508108879439533
1995,0.04853399842977524,0.0005510492483153939
1996,-0.011466999538242817,0.0005513397045433521
1997,0.05866700038313866,0.0005517525714822114
1998,0.008533000014722347,0.0005520296981558204
1999,0.02346700057387352,0.0005522442515939474
2000,-0.0013330000219866633,0.0005524150328710675
2001,0.03866700083017349,0.0005526553140953183
2002,-0.026399999856948853,0.0005529922200366855
2003,0.03866700083017349,0.0005532872164621949
2004,-0.03653400018811226,0.0005533529911190271
2005,-0.0013330000219866633,0.0005536996177397668
2006,-0.026399999856948853,0.0005538536352105439
2007,0.01866699941456318,0.0005540569545701146
2008,-0.0013330000219866633,0.0005541174323298037
2009,0.02346700057387352,0.0005541631253436208
2010,-0.006399999838322401,0.0005543912993744016
2011,0.04853399842977524,0.0005545876338146627
2012,-0.011466999538242817,0.0005549833877012134
2013,0.028534000739455223,0.0005554425297304988
2014,-0.031466998159885406,0.0005557178519666195
2015,0.07360100001096725,0.0005561785073950887
2016,-0.0013330000219866633,0.0005565411411225796
2017,0.05360100045800209,0.0005570100620388985
2018,0.003467000089585781,0.000557557912543416
2019,0.028534000739455223,0.0005579876014962792
2020,-0.0013330000219866633,0.0005584274185821414
2021,0.03866700083017349,0.0005587968043982983
2022,-0.011466999538242817,0.0005589091451838613
2023,0.01866699941456318,0.0005589255015365779
2024,-0.0013330000219866633,0.0005590190994553268
2025,0.01360000018030405,0.0005592338275164366
2026,0.01360000018030405,0.0005593955283984542
2027,0.05866700038313866,0.000559578649699688
2028,0.008533000014722347,0.000559845706447959
2029,0.03359999880194664,0.0005599706782959402
2030,0.01360000018030405,0.0005602444289252162
2031,0.028534000739455223,0.0005603150348179042
2032,0.01866699941456318,0.0005604798207059503
2033,0.03866700083017349,0.0005605624755844474
2034,-0.011466999538242817,0.0005606459453701973
2035,0.03359999880194664,0.000560566084459424
2036,-0.04160099849104881,0.0005606675986200571
2037,0.01360000018030405,0.0005606691120192409
2038,0.003467000089585781,0.0005606339545920491
2039,0.05866700038313866,0.000560682499781251
2040,-0.026399999856948853,0.0005605068290606141
2041,0.03359999880194664,0.0005605162587016821
2042,0.02346700057387352,0.0005604792386293411
2043,0.043733999133110046,0.0005604047328233719
2044,-0.011466999538242817,0.000560329353902489
2045,-0.006399999838322401,0.0005601102602668107
2046,-0.006399999838322401,0.0005597814451903105
2047,0.0685340017080307,0.0005593755631707609
2048,0.01360000018030405,0.000558990694116801
2049,0.043733999133110046,0.000558501691557467
2050,-0.04160099849104881,0.000557802792172879
2051,0.02346700057387352,0.0005572302034124732
2052,0.01360000018030405,0.0005565885221585631
2053,0.02346700057387352,0.0005561629077419639
2054,-0.011466999538242817,0.0005557843251153827
2055,0.02346700057387352,0.000555393984541297
2056,-0.011466999538242817,0.0005550372879952192
2057,0.03866700083017349,0.0005545862368308008
2058,-0.006399999838322401,0.0005542958970181644
2059,0.02346700057387352,0.0005540139973163605
2060,-0.0013330000219866633,0.0005536272656172514
2061,0.008533000014722347,0.000553262943867594
2062,0.01360000018030405,0.0005530022899620235
2063,0.0685340017080307,0.0005526626482605934
2064,-0.011466999538242817,0.0005523473955690861
2065,0.04853399842977524,0.0005520698614418507
2066,-0.016534000635147095,0.0005518327234312892
2067,0.04853399842977524,0.0005514255026355386
2068,-0.0013330000219866633,0.0005509937182068825
2069,0.028534000739455223,0.0005505561712197959
2070,-0.006399999838322401,0.0005500840488821268
2071,0.008533000014722347,0.0005496855592355132
2072,-0.026399999856948853,0.0005492311320267618
2073,0.02346700057387352,0.0005487166345119476
2074,-0.03653400018811226,0.0005479662213474512
2075,0.04853399842977524,0.000547429546713829
2076,-0.0013330000219866633,0.0005469974712468684
2077,0.04853399842977524,0.0005466176080517471
2078,0.02346700057387352,0.0005462693516165018
2079,0.05360100045800209,0.0005459090461954474
2080,0.01360000018030405,0.0005452162586152554
2081,0.03359999880194664,0.000544658163562417
2082,-0.0013330000219866633,0.0005442375550046563
2083,0.05360100045800209,0.0005439179949462414
2084,-0.016534000635147095,0.0005435638595372438
2085,0.003467000089585781,0.0005433270707726479
2086,-0.02160000056028366,0.0005432177567854524
2087,0.003467000089585781,0.000543120433576405
2088,-0.04160099849104881,0.0005430611781775951
2089,0.043733999133110046,0.0005428257281892002
2090,-0.031466998159885406,0.0005424536648206413
2091,0.01866699941456318,0.0005421013338491321
2092,-0.0013330000219866633,0.0005418007494881749
2093,0.03359999880194664,0.0005415877094492316
2094,-0.0013330000219866633,0.0005413067992776632
2095,0.03359999880194664,0.0005411366000771523
2096,0.01360000018030405,0.0005410205340012908
2097,0.008533000014722347,0.0005407994613051414
2098,-0.026399999856948853,0.0005407334538176656
2099,0.06373400241136551,0.0005405975971370935
2100,0.02346700057387352,0.0005403871182352304
2101,0.04853399842977524,0.0005402080714702606
2102,-0.03653400018811226,0.0005398800130933523
2103,0.01360000018030405,0.0005395309999585152
2104,-0.0013330000219866633,0.0005390943842940032
2105,0.03866700083017349,0.000538780412171036
2106,-0.03653400018811226,0.0005384733667597175
2107,0.04853399842977524,0.0005380504298955202
2108,-0.016534000635147095,0.000537553452886641
2109,0.0685340017080307,0.0005371558363549411
2110,-0.011466999538242817,0.0005368416896089911
2111,0.05866700038313866,0.0005364600801840425
2112,-0.0013330000219866633,0.0005360393552109599
2113,0.04853399842977524,0.0005356813780963421
2114,0.02346700057387352,0.0005353686865419149
2115,0.01866699941456318,0.0005349969142116606
2116,-0.0013330000219866633,0.0005345862591639161
2117,0.05360100045800209,0.000534206279553473
2118,0.003467000089585781,0.0005336769972927868
2119,0.05866700038313866,0.0005332655273377895
2120,0.003467000089585781,0.0005328422412276268
2121,0.05866700038313866,0.0005324865924194455
2122,-0.02160000056028366,0.0005318977637216449
2123,0.008533000014722347,0.0005319154588505626
2124,-0.011466999538242817,0.000531550613231957
2125,0.043733999133110046,0.0005313488654792309
2126,0.003467000089585781,0.0005309699336066842
2127,0.06373400241136551,0.0005305983941070735
2128,0.01360000018030405,0.0005302762147039175
2129,0.04853399842977524,0.0005299331387504935
2130,-0.016534000635147095,0.0005294979200698435
2131,0.05360100045800209,0.0005290763219818473
2132,0.028534000739455223,0.0005289074615575373
2133,0.03866700083017349,0.0005287787062115967
2134,-0.0013330000219866633,0.0005285554216243327
2135,0.01360000018030405,0.0005283058853819966
2136,-0.011466999538242817,0.0005279378383420408
2137,0.028534000739455223,0.000527741271071136
2138,0.003467000089585781,0.0005273643182590604
2139,0.04853399842977524,0.0005270557012408972
2140,-0.0013330000219866633,0.0005266762454994023
2141,0.07866799831390381,0.0005263558705337346
2142,-0.006399999838322401,0.000526177347637713
2143,0.028534000739455223,0.0005260420730337501
2144,-0.016534000635147095,0.0005259119789116085
2145,0.028534000739455223,0.0005255904980003834
2146,-0.006399999838322401,0.0005254629068076611
2147,0.028534000739455223,0.0005254327552393079
2148,-0.011466999538242817,0.000525339157320559
2149,0.05360100045800209,0.0005252226255834103
2150,0.01360000018030405,0.0005251147085800767
2151,0.043733999133110046,0.0005250993417575955
2152,0.028534000739455223,0.0005250420072115958
2153,0.01360000018030405,0.000524971866980195
2154,0.028534000739455223,0.0005248995730653405
2155,0.02346700057387352,0.0005248960223980248
2156,0.003467000089585781,0.0005248451489023864
2157,0.003467000089585781,0.0005248115630820394
2158,0.01360000018030405,0.0005248910747468472
2159,0.07360100001096725,0.0005249608657322824
2160,0.003467000089585781,0.0005252233240753412
2161,0.01866699941456318,0.0005255353171378374
2162,-0.04666699841618538,0.0005258030141703784
2163,0.01866699941456318,0.0005259275203570724
2164,-0.02160000056028366,0.0005259605241008103
2165,0.028534000739455223,0.0005261133192107081
2166,-0.016534000635147095,0.0005260608159005642
2167,0.06373400241136551,0.000525974202901125
2168,-0.0013330000219866633,0.000526016519870609
2169,0.01866699941456318,0.000526079093106091
2170,-0.011466999538242817,0.0005262602935545146
2171,0.03866700083017349,0.0005264870123937726
2172,-0.026399999856948853,0.000526829098816961
2173,0.01360000018030405,0.0005270736292004585
2174,-0.006399999838322401,0.0005273264832794666
2175,0.028534000739455223,0.0005276351002976298
2176,-0.02160000056028366,0.000527784985024482
2177,0.06373400241136551,0.0005279403412714601
2178,0.01360000018030405,0.0005283019272610545
2179,0.03866700083017349,0.0005285643273964524
2180,-0.02160000056028366,0.0005287383683025837
2181,0.028534000739455223,0.000528826960362494
2182,0.01866699941456318,0.0005289276596158743
2183,0.03359999880194664,0.0005291360430419445
2184,-0.031466998159885406,0.0005295859882608056
2185,0.043733999133110046,0.0005299110780470073
2186,-0.02160000056028366,0.000530379475094378
2187,-0.006399999838322401,0.0005305665545165539
2188,-0.02160000056028366,0.0005308295367285609
2189,0.02346700057387352,0.0005310034612193704
2190,-0.016534000635147095,0.0005314648151397705
2191,0.03866700083017349,0.0005316056776791811
2192,-0.011466999538242817,0.0005318307084962726
2193,0.01866699941456318,0.0005319410702213645
2194,-0.02160000056028366,0.0005320244235917926
2195,0.03866700083017349,0.000532042293343693
2196,0.003467000089585781,0.0005321385688148439
2197,0.01360000018030405,0.0005323127843439579
2198,-0.011466999538242817,0.0005324562080204487
2199,0.03866700083017349,0.0005324975354596972
2200,-0.026399999856948853,0.0005326616810634732
2201,0.02346700057387352,0.00053281185682863
2202,-0.011466999538242817,0.0005330357234925032
2203,0.03866700083017349,0.00053317507263273
2204,-0.011466999538242817,0.0005333779845386744
2205,0.028534000739455223,0.0005337334587238729
2206,-0.0013330000219866633,0.0005340161151252687
2207,0.04853399842977524,0.0005342741496860981
2208,0.01360000018030405,0.0005348258418962359
2209,0.028534000739455223,0.0005353296874091029
2210,0.01360000018030405,0.0005358780035749078
2211,0.003467000089585781,0.0005362918600440025
2212,-0.011466999538242817,0.0005366592085920274
2213,0.028534000739455223,0.0005370152066461742
2214,0.01866699941456318,0.0005373221356421709
2215,0.03359999880194664,0.0005376564804464579
2216,-0.0013330000219866633,0.0005379192298278213
2217,0.043733999133110046,0.0005381435621529818
2218,-0.006399999838322401,0.0005384155665524304
2219,0.04853399842977524,0.0005385969416238368
2220,0.01360000018030405,0.0005387027049437165
2221,0.028534000739455223,0.0005390425212681293
2222,-0.006399999838322401,0.0005393653409555554
2223,0.04853399842977524,0.0005394489271566272
2224,-0.026399999856948853,0.0005397741915658116
2225,0.028534000739455223,0.0005398333887569606
2226,-0.02160000056028366,0.0005400105146691203
2227,0.01866699941456318,0.0005399917135946453
2228,-0.011466999538242817,0.0005400219233706594
2229,0.04853399842977524,0.0005400057416409254
2230,-0.026399999856948853,0.0005400164518505335
2231,0.028534000739455223,0.0005399067886173725
2232,-0.02160000056028366,0.0005398049252107739
2233,0.04853399842977524,0.0005396547494456172
2234,0.008533000014722347,0.0005397730856202543
2235,0.04853399842977524,0.0005399779765866697
2236,-0.011466999538242817,0.0005401165690273046
2237,0.01360000018030405,0.0005404608091339469
2238,-0.02160000056028366,0.0005409829318523407
2239,0.01360000018030405,0.0005415474297478795
2240,-0.06666799634695053,0.0005421200767159462
2241,0.03866700083017349,0.0005425291019491851
2242,-0.006399999838322401,0.000543119094800204
2243,0.03866700083017349,0.0005436657811515033
2244,-0.0013330000219866633,0.0005440835375338793
2245,0.03359999880194664,0.0005446715513244271
2246,-0.0013330000219866633,0.0005451942561194301
2247,0.01360000018030405,0.0005456875078380108
2248,-0.006399999838322401,0.0005461841356009245
2249,0.05360100045800209,0.0005465904250741005
2250,-0.0013330000219866633,0.0005470189498737454
2251,0.02346700057387352,0.0005472139455378056
2252,-0.016534000635147095,0.0005473411292769015
2253,0.02346700057387352,0.0005474458448588848
2254,0.003467000089585781,0.0005475239013321698
2255,0.0685340017080307,0.0005475070793181658
2256,0.003467000089585781,0.0005476934602484107
2257,0.05866700038313866,0.0005480375839397311
2258,-0.006399999838322401,0.0005483378190547228
2259,0.03866700083017349,0.0005486411973834038
2260,-0.031466998159885406,0.0005491961492225528
2261,0.02346700057387352,0.0005497848615050316
2262,-0.04666699841618538,0.0005504704313352704
2263,0.05866700038313866,0.0005510197952389717
2264,0.003467000089585781,0.0005517278332263231
2265,0.04853399842977524,0.0005525021115317941
2266,-0.0013330000219866633,0.0005529553163796663
2267,0.06373400241136551,0.0005534038646146655
2268,0.003467000089585781,0.0005536361713893712
2269,0.0685340017080307,0.0005538181867450476
2270,-0.006399999838322401,0.000554110505618155
2271,0.043733999133110046,0.0005543139996007085
2272,0.028534000739455223,0.000554699799977243
2273,0.05360100045800209,0.0005552165675908327
2274,-0.006399999838322401,0.0005555386305786669
2275,0.028534000739455223,0.0005560243153013289
2276,-0.02160000056028366,0.0005563599988818169
2277,0.05360100045800209,0.0005568208871409297
2278,0.01866699941456318,0.0005574394599534571
2279,0.03866700083017349,0.0005579176358878613
2280,0.01866699941456318,0.000558317406103015
2281,0.028534000739455223,0.0005588139174506068
2282,0.01360000018030405,0.0005594181711785495
2283,0.028534000739455223,0.000559931737370789
2284,-0.026399999856948853,0.0005602941382676363
2285,0.01866699941456318,0.0005607040948234499
2286,-0.02160000056028366,0.0005610651569440961
2287,0.02346700057387352,0.0005615460686385632
2288,-0.0013330000219866633,0.0005619646981358528
2289,0.02346700057387352,0.0005625135963782668
2290,0.008533000014722347,0.0005630025407299399
2291,0.07866799831390381,0.0005637046415358782
2292,0.03359999880194664,0.0005641529569402337
2293,0.06373400241136551,0.000564930378459394
2294,-0.006399999838322401,0.0005659718299284577
2295,0.043733999133110046,0.0005667442455887794
2296,0.003467000089585781,0.0005678122397512197
2297,0.03359999880194664,0.0005685337819159031
2298,-0.011466999538242817,0.0005693286075256765
2299,0.028534000739455223,0.0005699762259609997
2300,0.008533000014722347,0.0005707924719899893
2301,0.043733999133110046,0.0005716331070289016
2302,-0.026399999856948853,0.0005725157097913325
2303,0.03866700083017349,0.0005733243888244033
2304,0.003467000089585781,0.0005742451758123934
2305,0.03866700083017349,0.0005751088028773665
2306,0.01360000018030405,0.0005760384374298155
2307,0.028534000739455223,0.0005770933348685503
2308,-0.02160000056028366,0.0005780834471806884
2309,0.03866700083017349,0.0005789266433566809
2310,-0.011466999538242817,0.0005797771736979485
2311,0.06373400241136551,0.0005810644943267107
2312,-0.0013330000219866633,0.000582078006118536
2313,0.028534000739455223,0.0005832319729961455
2314,0.028534000739455223,0.0005843761609867215
2315,0.06373400241136551,0.000585549627430737
2316,0.028534000739455223,0.0005865765851922333
2317,0.07360100001096725,0.0005876754876226187
2318,0.01360000018030405,0.0005885219434276223
2319,0.03866700083017349,0.0005893722409382463
2320,0.03866700083017349,0.0005903294077143073
2321,0.028534000739455223,0.0005911279586143792
2322,0.01360000018030405,0.0005918903043493629
2323,0.028534000739455223,0.0005926683079451323
2324,0.003467000089585781,0.0005933587672188878
2325,0.028534000739455223,0.0005941389827057719
2326,0.008533000014722347,0.0005949580809101462
2327,0.028534000739455223,0.0005956853274255991
2328,-0.026399999856948853,0.0005965066375210881
2329,0.05360100045800209,0.0005974265513941646
2330,-0.011466999538242817,0.0005983236478641629
2331,0.0685340017080307,0.0005992366932332516
2332,-0.006399999838322401,0.0006001273868605494
2333,0.05360100045800209,0.0006012844387441874
2334,-0.02160000056028366,0.0006022448069415987
2335,0.043733999133110046,0.0006031362572684884
2336,0.01866699941456318,0.0006041388842277229
2337,0.04853399842977524,0.0006051390082575381
2338,-0.0013330000219866633,0.0006060047307983041
2339,0.02346700057387352,0.0006068465881980956
2340,0.02346700057387352,0.0006077394355088472
2341,0.05360100045800209,0.0006085422355681658
2342,-0.0013330000219866633,0.0006093066185712814
2343,0.03866700083017349,0.000610317278187722
2344,0.008533000014722347,0.0006112141418270767
2345,0.03866700083017349,0.0006120294565334916
2346,-0.0013330000219866633,0.0006129142129793763
2347,0.04853399842977524,0.0006138798780739307
2348,-0.0013330000219866633,0.0006148320389911532
2349,0.05360100045800209,0.0006159782642498612
2350,-0.011466999538242817,0.0006170858396217227
2351,0.0685340017080307,0.000618322636000812
2352,0.028534000739455223,0.000619285274296999
2353,0.02346700057387352,0.0006202057120390236
2354,0.02346700057387352,0.0006209479761309922
2355,0.05360100045800209,0.0006217821501195431
2356,0.003467000089585781,0.0006226410623639822
2357,0.03359999880194664,0.000623430241830647
2358,-0.006399999838322401,0.0006242651725187898
2359,0.03866700083017349,0.0006252505118027329
2360,-0.006399999838322401,0.0006262245588004589
2361,0.04853399842977524,0.0006271486636251211
2362,-0.0013330000219866633,0.0006280872621573508
2363,0.07360100001096725,0.0006291719037108123
2364,-0.016534000635147095,0.0006300759851001203
2365,0.05360100045800209,0.0006308236042968929
2366,0.02346700057387352,0.0006315679638646543
2367,0.03866700083017349,0.0006323282141238451
2368,-0.0013330000219866633,0.0006332992343232036
2369,0.01360000018030405,0.0006342577398754656
2370,0.003467000089585781,0.0006351897027343512
2371,-0.0013330000219866633,0.0006361014675348997
2372,0.003467000089585781,0.0006369574693962932
2373,0.003467000089585781,0.0006378332618623972
2374,-0.011466999538242817,0.0006385567830875516
2375,0.07360100001096725,0.0006392514333128929
2376,-0.006399999838322401,0.0006399369449354708
2377,0.02346700057387352,0.0006406870670616627
2378,-0.05146700143814087,0.0006417350959964097
2379,0.03866700083017349,0.0006423172308132052
2380,-0.016534000635147095,0.0006430697394534945
2381,0.02346700057387352,0.0006437211995944381
2382,-0.016534000635147095,0.0006445376202464104
2383,0.02346700057387352,0.0006459490396082401
2384,-0.011466999538242817,0.0006473418907262385
2385,0.0685340017080307,0.0006485374760814011
2386,0.01866699941456318,0.0006497401045635343
2387,0.03866700083017349,0.0006509552476927638
2388,0.003467000089585781,0.0006518539739772677
2389,0.05360100045800209,0.0006526302895508707
2390,0.003467000089585781,0.0006533955456689
2391,0.02346700057387352,0.0006541873444803059
2392,-0.011466999538242817,0.0006550437537953258
2393,0.03866700083017349,0.0006557611050084233
2394,-0.006399999838322401,0.0006564661744050682
2395,0.03359999880194664,0.0006571889971382916
2396,-0.006399999838322401,0.0006580607732757926
2397,0.03866700083017349,0.0006589959375560284
2398,-0.02160000056028366,0.0006596343591809273
2399,0.043733999133110046,0.0006602179491892457
2400,0.01360000018030405,0.0006607936811633408
2401,0.05360100045800209,0.0006617152830585837
2402,-0.006399999838322401,0.0006623144145123661
2403,0.05866700038313866,0.0006628927076235414
2404,0.028534000739455223,0.0006631453288719058
2405,0.04853399842977524,0.0006633581360802054
2406,0.02346700057387352,0.0006636524340137839
2407,0.028534000739455223,0.000664078164845705
2408,0.003467000089585781,0.0006646165857091546
2409,0.028534000739455223,0.0006653812597505748
2410,-0.02160000056028366,0.0006661622319370508
2411,0.04853399842977524,0.0006669030408374965
2412,-0.0013330000219866633,0.0006678006029687822
2413,0.05360100045800209,0.0006686956621706486
2414,-0.011466999538242817,0.0006695314077660441
2415,0.03866700083017349,0.0006705299601890147
2416,0.008533000014722347,0.0006713464390486479
2417,0.03866700083017349,0.0006720112869516015
2418,0.003467000089585781,0.0006727231666445732
2419,0.05360100045800209,0.0006732624024152756
2420,-0.016534000635147095,0.0006738868542015553
2421,0.03359999880194664,0.0006748404121026397
2422,-0.02160000056028366,0.0006759624811820686
2423,0.07866799831390381,0.0006772339693270624
2424,-0.006399999838322401,0.0006784804863855243
2425,0.04853399842977524,0.0006797751993872225
2426,0.003467000089585781,0.0006808149628341198
2427,0.028534000739455223,0.0006817633984610438
2428,0.01360000018030405,0.0006829338963143528
2429,0.05866700038313866,0.0006842436268925667
2430,-0.011466999538242817,0.00068555714096874
2431,0.05360100045800209,0.0006866866606287658
2432,0.01866699941456318,0.0006880488363094628
2433,0.03866700083017349,0.0006895341211929917
2434,0.003467000089585781,0.0006907591596245766
2435,0.028534000739455223,0.0006921717431396246
2436,-0.0013330000219866633,0.0006937036523595452
2437,0.05360100045800209,0.0006955122807994485
2438,0.01360000018030405,0.000697324809152633
2439,0.028534000739455223,0.0006990075926296413
2440,-0.02160000056028366,0.0007004137150943279
2441,0.003467000089585781,0.0007019770564511418
2442,-0.016534000635147095,0.0007031840505078435
2443,0.01866699941456318,0.0007049833075143397
2444,-0.026399999856948853,0.0007066571270115674
2445,0.03359999880194664,0.0007084252429194748
2446,-0.031466998159885406,0.0007097952766343951
2447,-0.0013330000219866633,0.000711199245415628
2448,0.003467000089585781,0.0007122308015823364
2449,0.02346700057387352,0.00071341497823596
2450,0.003467000089585781,0.0007147052092477679
2451,0.003467000089585781,0.0007159955566748977
2452,-0.016534000635147095,0.0007171285105869174
2453,0.028534000739455223,0.0007181076798588037
2454,0.01360000018030405,0.0007189891766756773
2455,0.02346700057387352,0.0007199135725386441
2456,-0.02160000056028366,0.0007207276066765189
2457,0.03866700083017349,0.0007213940843939781
2458,-0.006399999838322401,0.0007219548569992185
2459,0.02346700057387352,0.0007226741872727871
2460,-0.031466998159885406,0.0007233720971271396
2461,0.03866700083017349,0.0007239609258249402
2462,-0.031466998159885406,0.0007244571461342275
2463,0.028534000739455223,0.0007248426554724574
2464,-0.011466999538242817,0.0007251144270412624
2465,0.01866699941456318,0.0007255380041897297
2466,-0.011466999538242817,0.0007257778197526932
2467,0.028534000739455223,0.0007261065766215324
2468,0.01360000018030405,0.0007264150772243738
2469,0.01866699941456318,0.0007266256725415587
2470,-0.006399999838322401,0.0007269267807714641
2471,-0.0013330000219866633,0.0007270473288372159
2472,-0.011466999538242817,0.0007272229413501918
2473,0.03866700083017349,0.0007276758551597595
2474,0.008533000014722347,0.0007280351128429174
2475,0.07866799831390381,0.0007285531610250473
2476,-0.016534000635147095,0.0007289575878530741
2477,0.02346700057387352,0.0007291249930858612
2478,-0.026399999856948853,0.0007294616661965847
2479,0.01360000018030405,0.0007299380376935005
2480,-0.006399999838322401,0.0007304945029318333
2481,0.043733999133110046,0.0007311672088690102
2482,0.003467000089585781,0.0007316170958802104
2483,0.028534000739455223,0.0007322836900129914
2484,0.003467000089585781,0.0007327890489250422
2485,0.06373400241136551,0.000733318505808711
2486,0.003467000089585781,0.0007337804418057203
2487,0.02346700057387352,0.0007341314340010285
2488,0.003467000089585781,0.0007346207275986671
2489,0.04853399842977524,0.0007351409294642508
2490,0.028534000739455223,0.0007356480346061289
2491,0.03866700083017349,0.0007360870949923992
2492,-0.03653400018811226,0.0007362962933257222
2493,0.03359999880194664,0.0007363804616034031
2494,0.04853399842977524,0.0007362066535279155
2495,0.03866700083017349,0.0007360888412222266
2496,-0.0013330000219866633,0.0007357782451435924
2497,0.028534000739455223,0.0007355510024353862
2498,0.02346700057387352,0.0007351130479946733
2499,0.05360100045800209,0.0007347998907789588
2500,-0.02160000056028366,0.0007344959303736687
2501,0.028534000739455223,0.0007343398756347597
2502,-0.02160000056028366,0.0007340995944105089
2503,0.05360100045800209,0.0007340667652897537
2504,-0.0013330000219866633,0.0007338502909988165
2505,0.05866700038313866,0.0007339482544921339
2506,0.03866700083017349,0.0007337123388424516
2507,0.03866700083017349,0.0007336595444940031
2508,0.003467000089585781,0.0007336774724535644
2509,0.05360100045800209,0.0007337445276789367
2510,0.03866700083017349,0.0007340128067880869
2511,0.02346700057387352,0.000734289875254035
2512,-0.016534000635147095,0.0007344468613155186
2513,0.07360100001096725,0.0007344754412770271
2514,0.003467000089585781,0.0007343464531004429
2515,0.043733999133110046,0.0007343573379330337
2516,-0.0013330000219866633,0.0007340947049669921
2517,0.03866700083017349,0.0007336498238146305
2518,-0.011466999538242817,0.0007332955719903111
2519,0.03866700083017349,0.0007332179229706526
2520,-0.03653400018811226,0.0007329704239964485
2521,0.043733999133110046,0.0007326192571781576
2522,0.003467000089585781,0.0007323325844481587
2523,0.03866700083017349,0.0007321473094634712
2524,-0.011466999538242817,0.0007317745476029813
2525,0.06373400241136551,0.0007313773385249078
2526,0.003467000089585781,0.0007312742527574301
2527,0.02346700057387352,0.0007311793160624802
2528,-0.03653400018811226,0.0007308861240744591
2529,0.02346700057387352,0.0007305958424694836
2530,0.01360000018030405,0.0007304397295229137
2531,0.028534000739455223,0.0007302478770725429
2532,-0.011466999538242817,0.0007300307042896748
2533,0.04853399842977524,0.0007298302371054888
2534,0.003467000089585781,0.0007297153933905065
2535,0.043733999133110046,0.0007296553812921047
2536,-0.04666699841618538,0.0007295205141417682
2537,0.01360000018030405,0.0007291531073860824
2538,-0.0013330000219866633,0.0007287539774551988
2539,0.03866700083017349,0.0007285915780812502
2540,-0.0013330000219866633,0.0007285143947228789
2541,0.04853399842977524,0.0007286151521839201
2542,0.003467000089585781,0.0007284508319571614
2543,0.03359999880194664,0.0007282315054908395
2544,0.02346700057387352,0.0007281444268301129
2545,0.028534000739455223,0.0007279562996700406
2546,0.02346700057387352,0.0007276399992406368
2547,0.003467000089585781,0.00072725850623101
2548,0.02346700057387352,0.0007269707275554538
2549,0.03866700083017349,0.0007265640888363123
2550,-0.04160099849104881,0.0007259359117597342
2551,0.02346700057387352,0.0007254538359120488
2552,-0.0013330000219866633,0.0007247398025356233
2553,0.02346700057387352,0.0007242168649099767
2554,0.003467000089585781,0.0007235344965010881
2555,0.02346700057387352,0.0007231885683722794
2556,-0.011466999538242817,0.0007227731985040009
2557,0.04853399842977524,0.0007223791908472776
2558,-0.011466999538242817,0.000721863703802228
2559,0.04853399842977524,0.0007215196965262294
2560,0.01360000018030405,0.0007209198083728552
2561,0.028534000739455223,0.0007204135181382298
2562,-0.026399999856948853,0.000719789823051542
2563,0.02346700057387352,0.0007194009376689792
2564,0.008533000014722347,0.0007188018644228578
2565,0.028534000739455223,0.0007182839326560497
2566,-0.02160000056028366,0.0007181906839832664
2567,0.05360100045800209,0.0007175987120717764
2568,-0.026399999856948853,0.0007174359634518623
2569,0.03866700083017349,0.0007172313635237515
2570,0.02346700057387352,0.0007167817675508559
2571,0.03866700083017349,0.0007162665133364499
2572,-0.0013330000219866633,0.0007159176748245955
2573,0.028534000739455223,0.0007153600454330444
2574,0.003467000089585781,0.0007149885059334338
2575,0.01360000018030405,0.0007148176664486527
2576,0.01360000018030405,0.0007145160343497992
2577,0.028534000739455223,0.0007142562535591424
2578,-0.0013330000219866633,0.0007138678338378668
2579,0.04853399842977524,0.0007139210356399417
2580,-0.02160000056028366,0.0007140504894778132
2581,0.03866700083017349,0.0007145256968215108
2582,0.01866699941456318,0.0007147306459955871
2583,0.03866700083017349,0.000715200905688107
2584,-0.011466999538242817,0.0007155364728532732
2585,0.10373499989509583,0.0007157694199122488
2586,-0.011466999538242817,0.0007157247164286673
2587,0.028534000739455223,0.0007157771615311503
2588,0.003467000089585781,0.0007154737249948084
2589,0.01360000018030405,0.0007151947356760502
2590,0.01866699941456318,0.0007151171448640525
2591,0.05360100045800209,0.000715108122676611
2592,0.01360000018030405,0.00071501120692119
2593,0.02346700057387352,0.000714985013473779
2594,-0.011466999538242817,0.000715043512172997
2595,0.05360100045800209,0.0007152124890126288
2596,0.003467000089585781,0.000715359696187079
2597,0.03866700083017349,0.0007155362400226295
2598,-0.011466999538242817,0.0007155874627642334
2599,0.02346700057387352,0.0007153854239732027
2600,-0.0013330000219866633,0.0007151818135753274
2601,0.03866700083017349,0.000715221744030714
2602,0.008533000014722347,0.0007150332676246762
2603,0.03359999880194664,0.0007149211596697569
2604,0.01360000018030405,0.0007144749397411942
2605,0.05360100045800209,0.0007139562512747943
2606,-0.011466999538242817,0.0007135695777833462
2607,0.03359999880194664,0.0007132831960916519
2608,-0.0013330000219866633,0.0007130028097890317
2609,0.03866700083017349,0.0007129478617571294
2610,-0.006399999838322401,0.0007125623524188995
2611,0.03359999880194664,0.0007121270173229277
2612,-0.02160000056028366,0.0007117902277968824
2613,0.03866700083017349,0.0007114680483937263
2614,-0.026399999856948853,0.0007111461600288749
2615,0.028534000739455223,0.0007109541911631823
2616,0.01866699941456318,0.0007106872508302331
2617,0.028534000739455223,0.0007106258417479694
2618,0.008533000014722347,0.0007104153628461063
2619,0.003467000089585781,0.0007103764801286161
2620,0.008533000014722347,0.0007101708906702697
2621,0.043733999133110046,0.0007102498784661293
2622,-0.031466998159885406,0.0007103305542841554
2623,0.01360000018030405,0.0007102579111233354
2624,-0.026399999856948853,0.0007099246140569448
2625,0.043733999133110046,0.0007098155911080539
2626,-0.006399999838322401,0.0007095834007486701
2627,0.01360000018030405,0.0007096974877640605
2628,0.01866699941456318,0.0007097606430761516
2629,0.043733999133110046,0.0007097983034327626
2630,-0.02160000056028366,0.0007101811934262514
2631,0.01866699941456318,0.0007108318968676031
2632,0.01866699941456318,0.0007110658334568143
2633,0.02346700057387352,0.000711466243956238
2634,-0.026399999856948853,0.0007114492473192513
2635,0.05360100045800209,0.0007114422623999417
2636,-0.0013330000219866633,0.0007113820174708962
2637,0.008533000014722347,0.0007113745668902993
2638,-0.006399999838322401,0.0007113594328984618
2639,0.01360000018030405,0.0007109354482963681
2640,-0.031466998159885406,0.00071053794817999
2641,0.003467000089585781,0.0007104966789484024
2642,0.003467000089585781,0.0007104064570739865
2643,0.03866700083017349,0.0007104920223355293
2644,0.02346700057387352,0.0007105940021574497
2645,0.02346700057387352,0.0007109636208042502
2646,0.003467000089585781,0.0007112292805686593
2647,0.03359999880194664,0.000711485743522644
2648,-0.006399999838322401,0.0007115152548067272
2649,0.03866700083017349,0.0007116078631952405
2650,0.008533000014722347,0.000711587374098599
2651,0.028534000739455223,0.0007116494816727936
2652,-0.026399999856948853,0.0007115640910342336
2653,0.05866700038313866,0.0007116561755537987
2654,0.008533000014722347,0.0007117647328414023
2655,0.043733999133110046,0.0007120159571059048
2656,0.01866699941456318,0.0007119784713722765
2657,0.003467000089585781,0.0007119313813745975
2658,-0.011466999538242817,0.0007119174697436392
2659,0.04853399842977524,0.0007117580389603972
2660,-0.006399999838322401,0.000711811997462064
2661,0.008533000014722347,0.0007121972739696503
2662,0.02346700057387352,0.0007120913360267878
2663,0.06373400241136551,0.0007119900546967983
2664,-0.02160000056028366,0.0007114624604582787
2665,0.043733999133110046,0.0007109307334758341
2666,-0.0013330000219866633,0.0007102045929059386
2667,0.05360100045800209,0.0007097237394191325
2668,0.003467000089585781,0.0007089856662787497
2669,0.03866700083017349,0.0007083339733071625
2670,0.01360000018030405,0.0007073446176946163
2671,0.028534000739455223,0.0007062985096126795
2672,-0.011466999538242817,0.0007052099099382758
2673,0.01866699941456318,0.000704504840541631
2674,-0.016534000635147095,0.0007035844610072672
2675,0.01360000018030405,0.0007030917331576347
2676,-0.026399999856948853,0.0007022945792414248
2677,0.01866699941456318,0.0007013332797214389
2678,0.01360000018030405,0.0007002170896157622
2679,0.028534000739455223,0.0006994277355261147
2680,0.008533000014722347,0.0006981804617680609
2681,0.07360100001096725,0.0006969318492338061
2682,-0.011466999538242817,0.0006956349825486541
2683,0.02346700057387352,0.0006944698398001492
2684,-0.0013330000219866633,0.0006929663941264153
2685,0.05360100045800209,0.0006915751146152616
2686,-0.016534000635147095,0.0006900152657181025
2687,0.008533000014722347,0.0006887014023959637
2688,0.01360000018030405,0.0006872779922559857
2689,0.03866700083017349,0.0006859426503069699
2690,0.02346700057387352,0.0006843411247245967
2691,0.028534000739455223,0.0006826731842011213
2692,0.003467000089585781,0.0006807057070545852
2693,0.0685340017080307,0.0006789057515561581
2694,0.003467000089585781,0.0006768211605958641
2695,0.06373400241136551,0.0006749600870534778
2696,-0.006399999838322401,0.0006729881279170513
2697,0.05360100045800209,0.0006710975430905819
2698,0.02346700057387352,0.0006692109745927155
2699,0.03866700083017349,0.0006671672454103827
2700,0.008533000014722347,0.000665052910335362
2701,0.03359999880194664,0.0006631502183154225
2702,0.003467000089585781,0.0006613837322220206
2703,0.05360100045800209,0.0006598357576876879
2704,0.003467000089585781,0.0006583810318261385
2705,0.02346700057387352,0.0006570679834112525
2706,0.003467000089585781,0.000655567564535886
2707,0.06373400241136551,0.0006543687195517123
2708,-0.0013330000219866633,0.0006530404789373279
2709,0.03866700083017349,0.0006520187598653138
2710,-0.006399999838322401,0.0006509033846668899
2711,0.06373400241136551,0.000650306697934866
2712,0.008533000014722347,0.0006493802065961063
2713,0.05360100045800209,0.000648731947876513
2714,0.003467000089585781,0.0006478461436927319
2715,0.028534000739455223,0.0006470084190368652
2716,0.01360000018030405,0.0006460746517404914
2717,0.028534000739455223,0.0006452620727941394
2718,-0.02160000056028366,0.0006443903548642993
2719,0.03866700083017349,0.0006439472199417651
2720,-0.02160000056028366,0.0006434258539229631
2721,0.05866700038313866,0.0006430209614336491
2722,0.003467000089585781,0.0006425174651667476
2723,0.01360000018030405,0.0006422842852771282
2724,-0.026399999856948853,0.0006417677504941821
2725,0.028534000739455223,0.0006412381771951914
2726,-0.011466999538242817,0.0006404770538210869
2727,0.028534000739455223,0.0006399784469977021
2728,-0.006399999838322401,0.0006394009105861187
2729,0.03866700083017349,0.0006389301270246506
2730,0.01360000018030405,0.0006385743618011475
2731,0.06373400241136551,0.0006384248845279217
2732,0.01360000018030405,0.0006382145220413804
2733,0.05360100045800209,0.0006381141138263047
2734,-0.026399999856948853,0.0006376048550009727
2735,0.003467000089585781,0.0006371962954290211
2736,-0.011466999538242817,0.0006364892469719052
2737,0.03866700083017349,0.0006359074031934142
2738,0.003467000089585781,0.0006353294593282044
2739,0.03866700083017349,0.000634696043562144
2740,-0.011466999538242817,0.0006340218824334443
2741,0.028534000739455223,0.0006334881763905287
2742,-0.011466999538242817,0.0006328626186586916
2743,0.01360000018030405,0.0006325222784653306
2744,0.003467000089585781,0.0006321335094980896
2745,0.01360000018030405,0.0006317158113233745
2746,-0.011466999538242817,0.000631102710030973
2747,0.028534000739455223,0.0006305763381533325
2748,-0.0013330000219866633,0.0006302593974396586
2749,0.028534000739455223,0.0006300747627392411
2750,-0.02160000056028366,0.0006298200460150838
2751,0.07360100001096725,0.0006296808714978397
2752,0.003467000089585781,0.0006296461797319353
2753,0.03866700083017349,0.0006294482736848295
2754,0.01360000018030405,0.0006294063641689718
2755,0.04853399842977524,0.0006296742940321565
2756,-0.026399999856948853,0.0006297649233601987
2757,0.04853399842977524,0.0006298077059909701
2758,0.01866699941456318,0.0006297238869592547
2759,0.028534000739455223,0.0006294372724369168
2760,0.01360000018030405,0.000629255548119545
2761,0.04853399842977524,0.0006289465818554163
2762,0.003467000089585781,0.0006286712596192956
2763,0.02346700057387352,0.0006284706178121269
2764,-0.0013330000219866633,0.0006282252725213766
2765,0.05360100045800209,0.000628079695161432
2766,0.01360000018030405,0.000627888017334044
2767,0.0685340017080307,0.0006277616485022008
2768,-0.0013330000219866633,0.0006274626357480884
2769,0.028534000739455223,0.0006271895836107433
2770,-0.006399999838322401,0.000626862165518105
2771,0.028534000739455223,0.0006264299736358225
2772,-0.0013330000219866633,0.0006260520895011723
2773,0.028534000739455223,0.000625748245511204
2774,-0.006399999838322401,0.0006252258899621665
2775,0.05360100045800209,0.0006246413686312735
2776,0.028534000739455223,0.0006241638911888003
2777,0.028534000739455223,0.0006236598128452897
2778,0.003467000089585781,0.0006230924045667052
2779,0.028534000739455223,0.0006225894903764129
2780,-0.016534000635147095,0.000622257124632597
2781,0.04853399842977524,0.0006221517105586827
2782,-0.0013330000219866633,0.0006216983310878277
2783,0.03359999880194664,0.0006214211462065578
2784,-0.02160000056028366,0.0006211246945895255
2785,0.06373400241136551,0.0006208441918715835
2786,-0.011466999538242817,0.000620201462879777
2787,0.08880099654197693,0.0006196635076776147
2788,0.01866699941456318,0.0006190973799675703
2789,0.03866700083017349,0.0006184860831126571
2790,0.01360000018030405,0.0006177336908876896
2791,0.028534000739455223,0.0006172173889353871
2792,0.028534000739455223,0.0006167034152895212
2793,-0.0013330000219866633,0.0006161320488899946
2794,-0.02160000056028366,0.0006154901930131018
2795,0.043733999133110046,0.0006149257533252239
2796,-0.006399999838322401,0.0006141751073300838
2797,0.03359999880194664,0.000613514450378716
2798,-0.011466999538242817,0.0006131884874776006
2799,0.06373400241136551,0.000613050302490592
2800,-0.011466999538242817,0.0006125668296590447
2801,0.05360100045800209,0.0006122344639152288
2802,0.008533000014722347,0.0006118494202382863
2803,0.04853399842977524,0.0006114552961662412
2804,-0.0013330000219866633,0.0006110317772254348
2805,0.03359999880194664,0.0006107066292315722
2806,-0.011466999538242817,0.0006102454499341547
2807,0.03866700083017349,0.0006099332822486758
2808,0.01360000018030405,0.0006095776334404945
2809,0.03866700083017349,0.0006092437542974949
2810,0.01360000018030405,0.0006089588860049844
2811,0.028534000739455223,0.0006086378125473857
2812,-0.011466999538242817,0.0006081840256229043
2813,0.03866700083017349,0.0006078140577301383
2814,0.008533000014722347,0.0006073905969969928
2815,0.02346700057387352,0.0006066565401852131
2816,0.01866699941456318,0.0006061707972548902
2817,0.04853399842977524,0.0006059261504560709
2818,-0.03653400018811226,0.0006056494312360883
2819,0.06373400241136551,0.0006053337128832936
2820,0.003467000089585781,0.0006052153185009956
2821,0.07360100001096725,0.0006052439566701651
2822,0.003467000089585781,0.0006048126379027963
2823,0.043733999133110046,0.0006046327762305737
2824,0.02346700057387352,0.0006043320754542947
2825,0.03359999880194664,0.0006039280560798943
2826,0.02346700057387352,0.0006037725834175944
2827,0.028534000739455223,0.0006032842793501914
2828,0.003467000089585781,0.0006028507486917078
2829,0.02346700057387352,0.0006024080794304609
2830,-0.02160000056028366,0.0006020893342792988
2831,0.028534000739455223,0.0006016567349433899
2832,0.028534000739455223,0.0006013789679855108
2833,0.028534000739455223,0.0006009902572259307
2834,-0.04160099849104881,0.0006006307667121291
2835,0.028534000739455223,0.00059978460194543
2836,-0.011466999538242817,0.0005990699864923954
2837,0.003467000089585781,0.0005978423287160695
2838,0.01360000018030405,0.0005968118784949183
2839,0.03359999880194664,0.0005956909153610468
2840,0.003467000089585781,0.0005948115140199661
2841,0.01360000018030405,0.0005937262903898954
2842,0.01360000018030405,0.000593068718444556
2843,0.02346700057387352,0.0005923624848946929
2844,-0.011466999538242817,0.0005916932714171708
2845,0.02346700057387352,0.0005910401232540607
2846,0.003467000089585781,0.0005903014098294079
2847,0.06373400241136551,0.0005895885406062007
2848,-0.006399999838322401,0.0005890125758014619
2849,0.03866700083017349,0.0005884281126782298
2850,-0.02160000056028366,0.0005877049989067018
2851,0.03866700083017349,0.0005870843306183815
2852,-0.011466999538242817,0.0005864939303137362
2853,0.07360100001096725,0.0005861222743988037
2854,0.008533000014722347,0.0005854768678545952
2855,0.04853399842977524,0.0005851627793163061
2856,-0.011466999538242817,0.0005846681306138635
2857,0.04853399842977524,0.0005843627732247114
2858,-0.0013330000219866633,0.0005840855883434415
2859,0.05866700038313866,0.0005838751094415784
2860,-0.026399999856948853,0.000583781162276864
2861,0.03866700083017349,0.0005836114287376404
2862,-0.006399999838322401,0.0005832747556269169
2863,0.01866699941456318,0.0005828547291457653
2864,-0.006399999838322401,0.0005824784748256207
2865,0.043733999133110046,0.000582002685405314
2866,0.01360000018030405,0.0005817832425236702
2867,0.01360000018030405,0.0005816296907141805
2868,0.01360000018030405,0.000581241911277175
2869,0.02346700057387352,0.0005809825379401445
2870,-0.011466999538242817,0.000580679508857429
2871,0.03359999880194664,0.0005803892272524536
2872,-0.006399999838322401,0.0005800088401883841
2873,0.028534000739455223,0.0005795179167762399
2874,-0.03653400018811226,0.0005792794981971383
2875,0.05360100045800209,0.0005789423594251275
2876,-0.0013330000219866633,0.0005787370027974248
2877,0.04853399842977524,0.0005784888053312898
2878,0.02346700057387352,0.0005780450301244855
2879,0.04853399842977524,0.0005779938655905426
2880,-0.03653400018811226,0.0005778687191195786
2881,0.04853399842977524,0.0005774327437393367
2882,-0.04160099849104881,0.0005771741271018982
2883,0.03866700083017349,0.0005767957773059607
2884,0.01360000018030405,0.0005764056695625186
2885,0.003467000089585781,0.0005760316271334887
2886,-0.02160000056028366,0.0005756241735070944
2887,0.028534000739455223,0.0005748913390561938
2888,-0.016534000635147095,0.0005745777161791921
2889,0.043733999133110046,0.0005740326596423984
2890,-0.016534000635147095,0.0005735796876251698
2891,0.05360100045800209,0.000573162455111742
2892,-0.011466999538242817,0.0005728068063035607
2893,-0.006399999838322401,0.0005724304355680943
2894,-0.026399999856948853,0.0005719822365790606
2895,0.01360000018030405,0.0005711269332095981
2896,-0.011466999538242817,0.0005704978248104453
2897,0.01360000018030405,0.0005696563748642802
2898,-0.0013330000219866633,0.0005688876262865961
2899,0.028534000739455223,0.0005679889000020921
2900,-0.026399999856948853,0.0005672841216437519
2901,0.028534000739455223,0.0005665026255883276
2902,0.02346700057387352,0.0005658665904775262
2903,0.04853399842977524,0.0005652625695802271
2904,-0.0013330000219866633,0.0005648136720992625
2905,0.05360100045800209,0.0005643353797495365
2906,-0.006399999838322401,0.0005639655864797533
2907,0.043733999133110046,0.0005637143040075898
2908,0.003467000089585781,0.0005634445114992559
2909,0.07866799831390381,0.0005630184896290302
2910,-0.011466999538242817,0.0005626893253065646
2911,0.04853399842977524,0.000562234316021204
2912,-0.006399999838322401,0.000562028493732214
2913,0.043733999133110046,0.0005615729023702443
2914,-0.031466998159885406,0.0005611203378066421
2915,0.01866699941456318,0.0005607326747849584
2916,-0.011466999538242817,0.0005604870966635644
2917,0.04853399842977524,0.0005601764423772693
2918,0.02346700057387352,0.0005602235323749483
2919,0.05866700038313866,0.0005600627628155053
2920,0.003467000089585781,0.0005602838355116546
2921,0.05360100045800209,0.000560336047783494
2922,0.028534000739455223,0.0005604411708191037
2923,0.043733999133110046,0.0005603322642855346
2924,0.01360000018030405,0.000560405314899981
2925,0.07360100001096725,0.0005602756282314658
2926,0.008533000014722347,0.0005604029283858836
2927,0.04853399842977524,0.0005605151527561247
2928,-0.0013330000219866633,0.0005606767372228205
2929,0.028534000739455223,0.0005606529302895069
2930,0.02346700057387352,0.0005609287181869149
2931,0.04853399842977524,0.0005608776700682938
2932,-0.02160000056028366,0.0005610856460407376
2933,0.008533000014722347,0.0005611097440123558
2934,0.01866699941456318,0.000561321503482759
2935,0.05360100045800209,0.0005613472312688828
2936,0.008533000014722347,0.0005617518909275532
2937,0.0685340017080307,0.0005621284362860024
2938,-0.011466999538242817,0.000562633853405714
2939,0.03866700083017349,0.0005629480583593249
2940,-0.026399999856948853,0.0005634359549731016
2941,0.01360000018030405,0.0005635267589241266
2942,-0.026399999856948853,0.000563795561902225
2943,0.01360000018030405,0.0005640273448079824
2944,-0.011466999538242817,0.0005642338655889034
2945,0.04853399842977524,0.0005645437631756067
2946,-0.0013330000219866633,0.0005648885853588581
2947,0.04853399842977524,0.0005651634419336915
2948,0.01360000018030405,0.0005656492430716753
2949,0.05360100045800209,0.0005658044829033315
2950,-0.031466998159885406,0.0005663130432367325
2951,0.03866700083017349,0.0005668283556587994
2952,-0.026399999856948853,0.0005675249267369509
2953,0.04853399842977524,0.0005681168986484408
2954,-0.016534000635147095,0.0005687646334990859
2955,0.02346700057387352,0.0005695359432138503
2956,0.03866700083017349,0.0005704344948753715
2957,0.04853399842977524,0.0005708562675863504
2958,-0.02160000056028366,0.0005715963197872043
2959,0.05360100045800209,0.0005724712391383946
2960,-0.011466999538242817,0.0005735250888392329
2961,0.04853399842977524,0.0005744632799178362
2962,0.008533000014722347,0.0005753549048677087
2963,0.04853399842977524,0.0005758809857070446
2964,-0.03653400018811226,0.0005768565461039543
2965,0.05360100045800209,0.0005777721526101232
2966,-0.006399999838322401,0.0005788425914943218
2967,0.028534000739455223,0.0005793905584141612
2968,0.003467000089585781,0.0005802796804346144
2969,0.05360100045800209,0.0005810086149722338
2970,-0.0013330000219866633,0.0005819994839839637
2971,0.028534000739455223,0.0005827550776302814
2972,-0.016534000635147095,0.0005835443153046072
2973,0.043733999133110046,0.0005843350663781166
2974,-0.011466999538242817,0.0005854295450262725
2975,0.003467000089585781,0.0005861297249794006
2976,-0.03653400018811226,0.0005869409069418907
2977,0.028534000739455223,0.0005874292692169547
2978,-0.02160000056028366,0.0005879630334675312
2979,0.04853399842977524,0.0005882467958144844
2980,-0.031466998159885406,0.000588751514442265
2981,0.043733999133110046,0.0005891007604077458
2982,-0.02160000056028366,0.0005897488445043564
2983,0.003467000089585781,0.0005902069387957454
2984,0.008533000014722347,0.0005909976316615939
2985,0.028534000739455223,0.0005912541528232396
2986,-0.031466998159885406,0.0005914295907132328
2987,0.04853399842977524,0.0005912735359743237
2988,0.008533000014722347,0.0005914306966587901
2989,0.06373400241136551,0.0005914749344810843
2990,-0.0013330000219866633,0.000591667543631047
2991,0.04853399842977524,0.0005918554961681366
2992,-0.0013330000219866633,0.0005922648124396801
2993,0.04853399842977524,0.0005926504964008927
2994,-0.011466999538242817,0.0005933148204348981
2995,0.04853399842977524,0.0005940668052062392
2996,-0.0013330000219866633,0.0005949727492406964
2997,0.04853399842977524,0.0005960061680525541
2998,0.01866699941456318,0.0005971502978354692
2999,0.01360000018030405,0.0005980272544547915
3000,-0.0013330000219866633,0.0005990854115225375
3001,0.06373400241136551,0.0006002498557791114
3002,-0.03653400018811226,0.0006015183753333986
3003,0.04853399842977524,0.0006030442891642451
3004,0.008533000014722347,0.000604895583819598
3005,0.07360100001096725,0.0006064955377951264
3006,0.03866700083017349,0.0006079626036807895
3007,0.03866700083017349,0.0006089226808398962
3008,-0.026399999856948853,0.000610020593740046
3009,0.03866700083017349,0.0006109768874011934
3010,-0.031466998159885406,0.000611919560469687
3011,0.02346700057387352,0.000612547155469656
3012,0.003467000089585781,0.0006131959380581975
3013,0.05360100045800209,0.0006138557801023126
3014,-0.0013330000219866633,0.0006144709186628461
3015,0.01866699941456318,0.0006153736030682921
3016,0.008533000014722347,0.0006164357764646411
3017,0.0685340017080307,0.0006172447465360165
3018,0.003467000089585781,0.000618027406744659
3019,0.03866700083017349,0.0006188042461872101
3020,-0.0013330000219866633,0.0006195130990818143
3021,0.02346700057387352,0.0006202028598636389
3022,-0.011466999538242817,0.0006209915154613554
3023,0.05866700038313866,0.0006218635244295001
3024,0.008533000014722347,0.0006229555583558977
3025,0.01866699941456318,0.0006236030603758991
3026,0.003467000089585781,0.0006241795490495861
3027,0.03866700083017349,0.0006249977159313858
3028,0.003467000089585781,0.0006257968489080667
3029,0.05360100045800209,0.0006265247939154506
3030,-0.011466999538242817,0.0006274111801758409
3031,0.02346700057387352,0.0006283780094236135
3032,-0.02160000056028366,0.0006294133490882814
3033,0.028534000739455223,0.0006302946712821722
3034,-0.011466999538242817,0.0006311492761597037
3035,0.028534000739455223,0.0006320144748315215
3036,0.003467000089585781,0.0006329820025712252
3037,0.05360100045800209,0.0006336806109175086
3038,-0.006399999838322401,0.0006346081499941647
3039,0.043733999133110046,0.0006351600168272853
3040,0.008533000014722347,0.0006359003018587828
3041,0.043733999133110046,0.0006363547290675342
3042,0.003467000089585781,0.0006372025236487389
3043,0.04853399842977524,0.0006378442049026489
3044,-0.006399999838322401,0.0006387741304934025
3045,0.04853399842977524,0.0006396595854312181
3046,0.028534000739455223,0.0006407088367268443
3047,0.028534000739455223,0.000641455699224025
3048,-0.026399999856948853,0.0006422753212973475
3049,0.03866700083017349,0.0006430103676393628
3050,0.003467000089585781,0.0006436199182644486
3051,0.02346700057387352,0.0006442515878006816
3052,0.01360000018030405,0.0006450149230659008
3053,0.06373400241136551,0.0006458914140239358
3054,0.003467000089585781,0.0006466693012043834
3055,0.06373400241136551,0.0006473773391917348
3056,0.01360000018030405,0.0006480965530499816
3057,0.04853399842977524,0.0006487158825621009
3058,0.003467000089585781,0.000649481313303113
3059,0.07360100001096725,0.0006501321913674474
3060,0.003467000089585781,0.0006508155493065715
3061,0.043733999133110046,0.0006515035056509078
3062,0.01360000018030405,0.000652366376016289
3063,0.05360100045800209,0.0006531295366585255
3064,0.01360000018030405,0.0006541585316881537
3065,0.043733999133110046,0.000655149226076901
3066,0.01360000018030405,0.0006561148911714554
3067,0.028534000739455223,0.0006567971431650221
3068,0.03359999880194664,0.0006574637372978032
3069,0.05360100045800209,0.0006578525644727051
3070,-0.031466998159885406,0.0006583342328667641
3071,0.02346700057387352,0.0006589997792616487
3072,-0.0013330000219866633,0.000659736804664135
3073,0.03866700083017349,0.0006603108486160636
3074,0.01866699941456318,0.0006610970012843609
3075,0.06373400241136551,0.0006615014281123877
3076,0.028534000739455223,0.0006618715124204755
3077,0.05866700038313866,0.0006621329812332988
3078,0.02346700057387352,0.0006624215166084468
3079,0.03866700083017349,0.0006627169204875827
3080,0.008533000014722347,0.0006630579591728747
3081,0.05360100045800209,0.000663463375531137
3082,-0.02160000056028366,0.000663797720335424
3083,0.03866700083017349,0.0006643239175900817
3084,-0.02160000056028366,0.0006648191483691335
3085,0.05360100045800209,0.0006657002959400415
3086,0.003467000089585781,0.000666597974486649
3087,0.07866799831390381,0.0006673554889857769
3088,0.003467000089585781,0.0006677996134385467
3089,0.03866700083017349,0.0006683804094791412
3090,0.01866699941456318,0.0006689893780276179
3091,0.05360100045800209,0.000669733330141753
3092,-0.0013330000219866633,0.0006703966646455228
3093,0.02346700057387352,0.0006713471375405788
3094,-0.011466999538242817,0.0006723174592480063
3095,0.07866799831390381,0.0006732626934535801
3096,-0.016534000635147095,0.0006740178214386106
3097,0.05360100045800209,0.000675308401696384
3098,-0.026399999856948853,0.0006764084100723267
3099,0.028534000739455223,0.0006772946799173951
3100,-0.026399999856948853,0.0006783202989026904
3101,0.01866699941456318,0.0006794268265366554
3102,0.028534000739455223,0.0006806115852668881
3103,0.07360100001096725,0.0006816331297159195
3104,-0.011466999538242817,0.0006828304613009095
3105,0.03866700083017349,0.0006839949055574834
3106,0.003467000089585781,0.0006852094084024429
3107,0.01360000018030405,0.0006862775189802051
3108,-0.026399999856948853,0.0006873324746266007
3109,0.01360000018030405,0.0006879574502818286
3110,-0.02160000056028366,0.0006888117641210556
3111,-0.0013330000219866633,0.0006893946556374431
3112,-0.0013330000219866633,0.0006900726584717631
3113,0.03866700083017349,0.0006905123591423035
3114,0.01360000018030405,0.0006912683020345867
3115,0.008533000014722347,0.0006916957790963352
3116,-0.0013330000219866633,0.0006925236666575074
3117,0.03866700083017349,0.0006930373492650688
3118,0.008533000014722347,0.000693761627189815
3119,0.02346700057387352,0.000694578979164362
3120,-0.006399999838322401,0.0006955666467547417
3121,0.02346700057387352,0.0006966468645259738
3122,-0.016534000635147095,0.0006978522869758308
3123,0.01360000018030405,0.0006990547990426421
3124,-0.011466999538242817,0.0007002732600085437
3125,0.028534000739455223,0.0007014869479462504
3126,0.008533000014722347,0.0007026621024124324
3127,0.03866700083017349,0.000703533471096307
3128,-0.011466999538242817,0.0007046358659863472
3129,0.05360100045800209,0.0007057063630782068
3130,-0.006399999838322401,0.0007067497354000807
3131,0.01360000018030405,0.0007075613248161972
3132,-0.026399999856948853,0.0007083587115630507
3133,0.008533000014722347,0.0007090338622219861
3134,-0.026399999856948853,0.0007098088972270489
3135,0.04853399842977524,0.000710213091224432
3136,0.01360000018030405,0.0007108021527528763
3137,0.03866700083017349,0.0007114536128938198
3138,0.003467000089585781,0.0007121580420061946
3139,0.01360000018030405,0.000712453038431704
3140,0.003467000089585781,0.0007128715515136719
3141,0.01866699941456318,0.0007131053716875613
3142,-0.0013330000219866633,0.0007133646868169308
3143,0.06373400241136551,0.0007138130022212863
3144,-0.016534000635147095,0.0007144070696085691
3145,0.03866700083017349,0.0007150755263864994
3146,-0.011466999538242817,0.0007160021341405809
3147,0.03866700083017349,0.0007167798466980457
3148,0.01360000018030405,0.0007177802035585046
3149,0.03866700083017349,0.0007186643779277802
3150,0.008533000014722347,0.0007197024533525109
3151,0.06373400241136551,0.0007211263873614371
3152,-0.0013330000219866633,0.0007222379790619016
3153,0.03359999880194664,0.0007233970100060105
3154,0.03359999880194664,0.0007245969027280807
3155,0.028534000739455223,0.0007255358505062759
3156,-0.006399999838322401,0.0007262559956870973
3157,0.043733999133110046,0.0007268437766470015
3158,0.028534000739455223,0.0007274716626852751
3159,0.04853399842977524,0.0007280001882463694
3160,-0.006399999838322401,0.0007285812171176076
3161,0.01866699941456318,0.0007290868670679629
3162,0.01360000018030405,0.0007297430420294404
3163,0.028534000739455223,0.0007300786674022675
3164,-0.0013330000219866633,0.0007303659804165363
3165,0.03866700083017349,0.0007305818726308644
3166,0.008533000014722347,0.0007308893837034702
3167,0.04853399842977524,0.0007311922963708639
3168,-0.02160000056028366,0.0007316003320738673
3169,0.02346700057387352,0.0007321186712943017
3170,0.003467000089585781,0.0007327917264774442
3171,0.03866700083017349,0.0007334329420700669
3172,-0.04160099849104881,0.0007337367278523743
3173,0.03866700083017349,0.000733771943487227
3174,0.003467000089585781,0.0007338030845858157
3175,0.05360100045800209,0.0007339323055930436
3176,-0.026399999856948853,0.0007340002921409905
3177,0.028534000739455223,0.0007342734606936574
3178,-0.02160000056028366,0.0007346165366470814
3179,0.03866700083017349,0.0007350459927693009
3180,0.028534000739455223,0.0007353805704042315
3181,0.02346700057387352,0.0007357975118793547
3182,0.028534000739455223,0.0007361031603068113
3183,0.028534000739455223,0.0007362973410636187
3184,0.04853399842977524,0.0007364921038970351
3185,0.03359999880194664,0.0007365057826973498
3186,0.02346700057387352,0.0007363997865468264
3187,0.03359999880194664,0.0007364166667684913
3188,0.01360000018030405,0.000736404093913734
3189,0.01866699941456318,0.000736487447284162
3190,0.003467000089585781,0.0007361877942457795
3191,0.03866700083017349,0.0007357474532909691
3192,-0.0013330000219866633,0.0007353470427915454
3193,0.01866699941456318,0.0007351520471274853
3194,-0.0013330000219866633,0.0007349224761128426
3195,0.028534000739455223,0.000734643719624728
3196,0.01360000018030405,0.0007343870820477605
3197,-0.0013330000219866633,0.0007342689204961061
3198,-0.04666699841618538,0.0007339505827985704
3199,0.028534000739455223,0.0007337261340580881
3200,-0.011466999538242817,0.0007335346890613437
3201,0.028534000739455223,0.0007331938249990344
3202,-0.0013330000219866633,0.0007329078507609665
3203,0.05360100045800209,0.0007327036582864821
3204,0.003467000089585781,0.000732421875
3205,-0.0013330000219866633,0.0007324111647903919
3206,0.01866699941456318,0.0007325580227188766
3207,0.01866699941456318,0.0007325086044147611
3208,0.028534000739455223,0.0007323668687604368
3209,0.043733999133110046,0.00073197454912588
3210,0.003467000089585781,0.0007315903785638511
3211,0.03866700083017349,0.0007311506196856499
3212,0.01866699941456318,0.0007307447376661003
3213,0.043733999133110046,0.0007305892650038004
3214,0.03866700083017349,0.0007301172008737922
3215,0.04853399842977524,0.0007293519447557628
3216,0.01866699941456318,0.0007286000763997436
3217,0.01866699941456318,0.0007279219571501017
3218,-0.006399999838322401,0.0007272385992109776
3219,0.06373400241136551,0.0007266985485330224
3220,-0.016534000635147095,0.0007259763078764081
3221,0.02346700057387352,0.0007249829359352589
3222,-0.011466999538242817,0.0007238908438012004
3223,0.028534000739455223,0.0007229261100292206
3224,0.01866699941456318,0.0007218935061246157
3225,0.04853399842977524,0.0007208340684883296
3226,-0.026399999856948853,0.0007197686936706305
3227,0.03359999880194664,0.0007188483141362667
3228,-0.0013330000219866633,0.0007179127424024045
3229,0.03866700083017349,0.0007168393931351602
3230,0.01360000018030405,0.0007155606872402132
3231,0.04853399842977524,0.0007144742994569242
3232,-0.026399999856948853,0.0007133570034056902
3233,0.003467000089585781,0.0007123994873836637
3234,0.01360000018030405,0.0007114980835467577
3235,0.028534000739455223,0.0007105537224560976
3236,-0.02160000056028366,0.0007095678593032062
3237,0.0685340017080307,0.0007089351420290768
3238,0.02346700057387352,0.0007081748335622251
3239,0.028534000739455223,0.0007074577733874321
3240,-0.0013330000219866633,0.0007064830861054361
3241,0.028534000739455223,0.0007057611946947873
3242,0.04853399842977524,0.0007051184074953198
3243,0.05866700038313866,0.0007045907550491393
3244,-0.0013330000219866633,0.0007042756769806147
3245,0.03359999880194664,0.0007039261399768293
3246,0.01360000018030405,0.0007036267779767513
3247,0.01360000018030405,0.0007032246212475002
3248,0.01360000018030405,0.000702792196534574
3249,0.05866700038313866,0.0007022018544375896
3250,0.02346700057387352,0.0007016491144895554
3251,0.04853399842977524,0.0007008392130956054
3252,0.01360000018030405,0.0007001233170740306
3253,0.03866700083017349,0.0006991589907556772
3254,0.008533000014722347,0.0006983577623032033
3255,0.05360100045800209,0.0006977139855735004
3256,0.03866700083017349,0.000696933304425329
3257,0.02346700057387352,0.0006960518076084554
3258,0.008533000014722347,0.0006951992399990559
3259,0.04853399842977524,0.0006939293816685677
3260,-0.0013330000219866633,0.0006925215711817145
3261,0.03359999880194664,0.0006911009550094604
3262,-0.006399999838322401,0.0006899554864503443
3263,0.03866700083017349,0.0006890040822327137
3264,0.008533000014722347,0.0006880208384245634
3265,0.06373400241136551,0.0006872642552480102
3266,-0.006399999838322401,0.0006864587776362896
3267,0.0685340017080307,0.0006856822874397039
3268,0.01360000018030405,0.0006849883357062936
3269,0.028534000739455223,0.0006841955473646522
3270,-0.011466999538242817,0.0006835120730102062
3271,0.06373400241136551,0.0006826497265137732
3272,-0.011466999538242817,0.0006818250985816121
3273,0.028534000739455223,0.0006810961058363318
3274,-0.011466999538242817,0.0006805759621784091
3275,0.028534000739455223,0.0006798722315579653
3276,0.01866699941456318,0.0006791851483285427
3277,0.028534000739455223,0.0006784050492569804
3278,-0.0013330000219866633,0.0006775594665668905
3279,0.05360100045800209,0.0006766120786778629
3280,-0.02160000056028366,0.000675676332321018
3281,0.03866700083017349,0.0006751564214937389
3282,-0.0013330000219866633,0.0006746513536199927
3283,0.05866700038313866,0.0006739577511325479
3284,-0.016534000635147095,0.0006733149057254195
3285,0.043733999133110046,0.0006727010477334261
3286,-0.0013330000219866633,0.0006719738594256341
3287,0.07866799831390381,0.0006711834575980902
3288,-0.026399999856948853,0.0006704692495986819
3289,0.04853399842977524,0.0006700234953314066
3290,0.008533000014722347,0.0006697404896840453
3291,0.04853399842977524,0.0006692907772958279
3292,-0.0013330000219866633,0.0006687004934065044
3293,0.03866700083017349,0.0006680297083221376
3294,-0.011466999538242817,0.0006673127645626664
3295,0.028534000739455223,0.0006668538553640246
3296,-0.011466999538242817,0.0006663418607786298
3297,0.03866700083017349,0.000666075327899307
3298,-0.02160000056028366,0.00066547398455441
3299,0.04853399842977524,0.0006648231064900756
3300,0.01360000018030405,0.0006641116924583912
3301,0.03866700083017349,0.000663579092361033
3302,0.003467000089585781,0.000662829028442502
3303,0.04853399842977524,0.0006623544031754136
3304,-0.026399999856948853,0.0006617875769734383
3305,0.05360100045800209,0.0006613375735469162
3306,-0.0013330000219866633,0.000660998746752739
3307,0.028534000739455223,0.0006604127702303231
3308,-0.03653400018811226,0.0006599173066206276
3309,0.028534000739455223,0.0006591531564481556
3310,-0.006399999838322401,0.0006584761431440711
3311,0.028534000739455223,0.0006577911553904414
3312,-0.026399999856948853,0.0006570812547579408
3313,0.04853399842977524,0.0006564713548868895
3314,0.03866700083017349,0.0006557976012118161
3315,0.03866700083017349,0.0006552614504471421
3316,-0.02160000056028366,0.0006545674987137318
3317,0.03866700083017349,0.0006539352471008897
3318,0.02346700057387352,0.000652999326121062
3319,0.028534000739455223,0.0006520539755001664
3320,0.008533000014722347,0.0006510547827929258
3321,0.01360000018030405,0.0006501961033791304
3322,-0.011466999538242817,0.0006493836990557611
3323,0.03359999880194664,0.0006488314247690141
3324,-0.011466999538242817,0.000648193177767098
3325,0.03359999880194664,0.0006478137220256031
3326,-0.011466999538242817,0.0006473439279943705
3327,0.028534000739455223,0.000646846485324204
3328,-0.006399999838322401,0.0006462221499532461
3329,0.03866700083017349,0.0006455715047195554
3330,0.01866699941456318,0.000644783372990787
3331,0.04853399842977524,0.0006441338337026536
3332,0.003467000089585781,0.0006435088580474257
3333,0.04853399842977524,0.0006429989589378238
3334,0.03866700083017349,0.000642469385638833
3335,0.03866700083017349,0.0006419277051463723
3336,-0.02160000056028366,0.0006411327049136162
3337,0.05360100045800209,0.000640367972664535
3338,-0.0013330000219866633,0.0006396517856046557
3339,0.028534000739455223,0.0006391772767528892
3340,0.008533000014722347,0.0006386090535670519
3341,0.03359999880194664,0.0006377921090461314
3342,-0.011466999538242817,0.0006367363967001438
3343,0.05866700038313866,0.0006357934908010066
3344,0.008533000014722347,0.0006350544281303883
3345,0.05360100045800209,0.0006342863198369741
3346,-0.006399999838322401,0.0006336417282000184
3347,0.003467000089585781,0.0006328691961243749
3348,0.01360000018030405,0.0006321894470602274
3349,0.06373400241136551,0.0006313683115877211
3350,0.02346700057387352,0.0006306265713647008
3351,0.043733999133110046,0.000629801768809557
3352,0.028534000739455223,0.0006289153825491667
3353,0.02346700057387352,0.0006277012871578336
3354,-0.006399999838322401,0.0006265868432819843
3355,0.02346700057387352,0.0006258768262341619
3356,0.028534000739455223,0.0006250337464734912
3357,0.028534000739455223,0.0006238854257389903
3358,-0.0013330000219866633,0.0006228003767319024
3359,0.05360100045800209,0.0006218100897967815
3360,0.01866699941456318,0.000620690465439111
3361,0.05866700038313866,0.0006195887108333409
3362,-0.0013330000219866633,0.0006185146048665047
3363,0.02346700057387352,0.0006174059817567468
3364,0.003467000089585781,0.0006163092330098152
3365,0.02346700057387352,0.0006153467111289501
3366,-0.02160000056028366,0.0006143845967017114
3367,0.04853399842977524,0.0006137409945949912
3368,0.003467000089585781,0.0006130497204139829
3369,0.028534000739455223,0.000612428120803088
3370,-0.011466999538242817,0.00061165721854195
3371,0.03359999880194664,0.000611076015047729
3372,-0.026399999856948853,0.0006102666957303882
3373,0.01360000018030405,0.0006100169848650694
3374,0.03866700083017349,0.0006095969583839178
3375,0.03866700083017349,0.0006089565576985478
3376,0.02346700057387352,0.0006081780302338302
3377,0.043733999133110046,0.0006071425741538405
3378,0.01360000018030405,0.0006060677696950734
3379,0.02346700057387352,0.0006050597876310349
3380,0.01360000018030405,0.0006040617590770125
3381,0.028534000739455223,0.0006030346266925335
3382,-0.011466999538242817,0.0006018541753292084
3383,0.04853399842977524,0.000600992061663419
3384,-0.02160000056028366,0.0006001634756103158
3385,0.028534000739455223,0.0005992865189909935
3386,-0.016534000635147095,0.00059828523080796
3387,0.043733999133110046,0.0005973916850052774
3388,-0.0013330000219866633,0.0005964851006865501
3389,0.04853399842977524,0.0005956192035228014
3390,0.01360000018030405,0.0005949091864749789
3391,0.05360100045800209,0.00059430708643049
3392,-0.011466999538242817,0.0005937590030953288
3393,0.01360000018030405,0.000593209289945662
3394,-0.016534000635147095,0.0005925230216234922
3395,0.028534000739455223,0.0005921503761783242
3396,-0.026399999856948853,0.0005917323287576437
3397,0.028534000739455223,0.000591499381698668
3398,-0.0013330000219866633,0.0005912327906116843
3399,0.01360000018030405,0.0005908322054892778
3400,-0.02160000056028366,0.0005903122946619987
3401,0.01360000018030405,0.0005896736402064562
3402,-0.02160000056028366,0.000588970142416656
3403,0.02346700057387352,0.000588463619351387
3404,-0.02160000056028366,0.000587842776440084
3405,0.008533000014722347,0.0005873719928786159
3406,0.01360000018030405,0.0005867551080882549
3407,0.04853399842977524,0.0005858837394043803
3408,-0.011466999538242817,0.0005851393798366189
3409,0.04853399842977524,0.0005845817504450679
3410,-0.011466999538242817,0.0005837233038619161
3411,0.06373400241136551,0.0005831735907122493
3412,0.01360000018030405,0.0005827879649586976
3413,0.043733999133110046,0.0005823377287015319
3414,-0.02160000056028366,0.0005823126994073391
3415,0.003467000089585781,0.0006234160391613841
3416,-0.011466999538242817,0.0007128716097213328
3417,0.04853399842977524,0.000757251342292875
3418,-0.026399999856948853,0.0007839564350433648
3419,0.03866700083017349,0.0008018449880182743
3420,-0.02160000056028366,0.0008127447799779475
3421,0.03866700083017349,0.0008215009002014995
3422,0.01360000018030405,0.0008320980705320835
3423,0.043733999133110046,0.0008400082588195801
3424,-0.0013330000219866633,0.0008480879478156567
3425,0.05360100045800209,0.0008557620458304882
3426,-0.02160000056028366,0.0008624905603937805
3427,0.01360000018030405,0.0008700487087480724
3428,-0.02160000056028366,0.0008758126059547067
3429,0.043733999133110046,0.0008824005490168929
3430,-0.02160000056028366,0.0008866855641826987
3431,0.028534000739455223,0.0008903121342882514
3432,-0.011466999538242817,0.0008922549313865602
3433,0.03866700083017349,0.0008935858495533466
3434,0.01866699941456318,0.0008944876026362181
3435,0.03359999880194664,0.0008952514035627246
3436,-0.011466999538242817,0.0008963679429143667
3437,0.043733999133110046,0.0008970837807282805
3438,-0.026399999856948853,0.0008991489885374904
3439,0.003467000089585781,0.0009009906789287925
3440,0.003467000089585781,0.0009041937300935388
3441,0.04853399842977524,0.0009072130778804421
3442,-0.011466999538242817,0.000910713744815439
3443,0.01866699941456318,0.0009137983433902264
3444,-0.02160000056028366,0.0009161242051050067
3445,0.07360100001096725,0.0009190513519570231
3446,-0.0013330000219866633,0.0009207327384501696
3447,0.02346700057387352,0.0009221812360920012
3448,0.008533000014722347,0.0009231878211721778
3449,-0.0013330000219866633,0.0009237784543074667
3450,-0.03653400018811226,0.0009245667606592178
3451,0.02346700057387352,0.0009260123479180038
3452,0.008533000014722347,0.0009271515300497413
3453,0.07360100001096725,0.0009285653359256685
3454,-0.03653400018811226,0.0009297547512687743
3455,0.01866699941456318,0.0009302915423177183
3456,-0.031466998159885406,0.0009303441038355231
3457,0.028534000739455223,0.0009308452135883272
3458,-0.0013330000219866633,0.0009314698399975896
3459,0.028534000739455223,0.0009313095360994339
3460,-0.006399999838322401,0.0009311584290117025
3461,0.01360000018030405,0.000930440379306674
3462,-0.011466999538242817,0.0009295214549638331
3463,0.02346700057387352,0.0009283756371587515
3464,-0.016534000635147095,0.0009273621835745871
3465,0.04853399842977524,0.0009261942468583584
3466,-0.026399999856948853,0.0009253125754185021
3467,0.03359999880194664,0.0009243268286809325
3468,-0.0013330000219866633,0.0009236990590579808
3469,0.04853399842977524,0.000923066632822156
3470,-0.016534000635147095,0.0009226802503690124
3471,0.05360100045800209,0.0009222104563377798
3472,-0.011466999538242817,0.0009219716885127127
3473,0.03359999880194664,0.0009211425785906613
3474,-0.011466999538242817,0.0009206787217408419
3475,0.04853399842977524,0.0009200772037729621
3476,-0.026399999856948853,0.0009195231250487268
3477,0.03866700083017349,0.0009193944279104471
3478,-0.016534000635147095,0.0009191755088977516
3479,0.07360100001096725,0.0009195027523674071
3480,-0.02160000056028366,0.0009201169013977051
3481,0.043733999133110046,0.0009214719757437706
3482,-0.011466999538242817,0.0009233684395439923
3483,0.01360000018030405,0.000925648317206651
3484,0.01866699941456318,0.0009290407178923488
3485,0.028534000739455223,0.0009325069258920848
3486,0.003467000089585781,0.0009359746472910047
3487,0.028534000739455223,0.0009392778156325221
3488,0.008533000014722347,0.0009424318559467793
3489,0.05360100045800209,0.0009450502111576498
3490,0.008533000014722347,0.0009478037245571613
3491,0.043733999133110046,0.0009513191180303693
3492,-0.02160000056028366,0.0009562914492562413
3493,0.01866699941456318,0.0009605883387848735
3494,-0.011466999538242817,0.0009650179417803884
3495,0.03866700083017349,0.0009704608237370849
3496,-0.03653400018811226,0.0009775353828445077
3497,0.02346700057387352,0.0009871661895886064
3498,-0.006399999838322401,0.0009970874525606632
3499,0.03866700083017349,0.0010057634208351374
3500,-0.02160000056028366,0.0010133080650120974
3501,0.05360100045800209,0.0010206482838839293
3502,-0.0013330000219866633,0.001028443337418139
3503,0.043733999133110046,0.0010362386237829924
3504,0.003467000089585781,0.0010431184200569987
3505,0.03359999880194664,0.001049770275130868
3506,0.008533000014722347,0.0010561859235167503
3507,0.028534000739455223,0.0010619014501571655
3508,-0.0013330000219866633,0.0010672600474208593
3509,0.05360100045800209,0.0010728250490501523
3510,-0.02160000056028366,0.0010776680428534746
3511,0.05360100045800209,0.001081577967852354
3512,-0.011466999538242817,0.001085083931684494
3513,0.02346700057387352,0.0010886173695325851
3514,-0.04160099849104881,0.0010927419643849134
3515,0.04853399842977524,0.0010966581758111715
3516,-0.006399999838322401,0.0011006523855030537
3517,0.03866700083017349,0.001104920171201229
3518,0.01360000018030405,0.0011087747989222407
3519,0.04853399842977524,0.0011127814650535583
3520,0.01866699941456318,0.001117149367928505
3521,0.028534000739455223,0.0011222073808312416
3522,0.008533000014722347,0.0011280286125838757
3523,0.043733999133110046,0.001133566489443183
3524,-0.0013330000219866633,0.001137924729846418
3525,0.05866700038313866,0.0011416448978707194
3526,-0.0013330000219866633,0.001146181602962315
3527,0.03866700083017349,0.0011525606969371438
3528,-0.0013330000219866633,0.0011613010428845882
3529,0.028534000739455223,0.0011729070683941245
3530,0.008533000014722347,0.0011882956605404615
3531,0.02346700057387352,0.0012065869523212314
3532,-0.02160000056028366,0.0012276596389710903
3533,0.04853399842977524,0.001252204179763794
3534,0.028534000739455223,0.0012809159234166145
3535,0.03866700083017349,0.0013146635610610247
3536,-0.006399999838322401,0.0013541592052206397
3537,0.05866700038313866,0.0014003742253407836
3538,-0.011466999538242817,0.0014540401753038168
3539,0.03866700083017349,0.0015161731280386448
3540,-0.011466999538242817,0.0015864161541685462
3541,0.04853399842977524,0.0016649257158860564
3542,0.01360000018030405,0.0017508476739749312
3543,0.07866799831390381,0.0018402410205453634
3544,0.003467000089585781,0.0019316452089697123
3545,0.08880099654197693,0.0020254175178706646
3546,0.03866700083017349,0.0021217979956418276
3547,0.043733999133110046,0.002221219940111041
3548,0.02346700057387352,0.002318881917744875
3549,-0.0013330000219866633,0.002411268185824156
3550,-0.006399999838322401,0.0024987771175801754
3551,0.05360100045800209,0.0025822636671364307
3552,-0.031466998159885406,0.0026625213213264942
3553,0.03866700083017349,0.0027403682470321655
3554,-0.0013330000219866633,0.0028182200621813536
3555,0.02346700057387352,0.0028970115818083286
3556,-0.0013330000219866633,0.0029739229939877987
3557,0.03359999880194664,0.0030501349829137325
3558,-0.016534000635147095,0.0031257837545126677
3559,0.028534000739455223,0.003200761741027236
3560,-0.011466999538242817,0.00327511178329587
3561,0.028534000739455223,0.003349073464050889
3562,0.01360000018030405,0.0034230099990963936
3563,0.02346700057387352,0.003497048746794462
3564,0.008533000014722347,0.003570019267499447
3565,0.05360100045800209,0.0036417976953089237
3566,0.01866699941456318,0.003712096717208624
3567,0.02346700057387352,0.003780937287956476
3568,0.01360000018030405,0.0038486584089696407
3569,0.03866700083017349,0.003915060311555862
3570,-0.016534000635147095,0.003980414476245642
3571,0.03866700083017349,0.00404459610581398
3572,-0.026399999856948853,0.0041078561916947365
3573,0.03866700083017349,0.00416999775916338
3574,-0.011466999538242817,0.004231540486216545
3575,0.02346700057387352,0.004292366094887257
3576,-0.016534000635147095,0.00435252021998167
3577,0.01360000018030405,0.004412103444337845
3578,-0.02160000056028366,0.004471501335501671
3579,0.05360100045800209,0.004530642181634903
3580,-0.011466999538242817,0.004589802119880915
3581,0.02346700057387352,0.004648231901228428
3582,0.01360000018030405,0.004706254228949547
3583,0.01360000018030405,0.004763699136674404
3584,-0.02160000056028366,0.004819575697183609
3585,0.028534000739455223,0.004873599391430616
3586,0.003467000089585781,0.004926116671413183
3587,0.04853399842977524,0.004977066069841385
3588,-0.026399999856948853,0.005026625469326973
3589,0.02346700057387352,0.005074553191661835
3590,-0.0013330000219866633,0.005121174268424511
3591,0.028534000739455223,0.005166335962712765
3592,-0.0013330000219866633,0.005210188217461109
3593,0.04853399842977524,0.005252567119896412
3594,0.01360000018030405,0.005293639842420816
3595,0.03866700083017349,0.005333544686436653
3596,0.008533000014722347,0.005372605752199888
3597,0.05360100045800209,0.00541087007150054
3598,0.01360000018030405,0.005448674317449331
3599,0.03866700083017349,0.00548574049025774
3600,-0.0013330000219866633,0.005522211082279682
3601,0.03359999880194664,0.005557836964726448
3602,0.01866699941456318,0.005592083092778921
3603,0.03359999880194664,0.0056250253692269325
3604,-0.011466999538242817,0.005656762048602104
3605,0.02346700057387352,0.005686958320438862
3606,-0.0013330000219866633,0.005715630948543549
3607,0.008533000014722347,0.00574304535984993
3608,-0.016534000635147095,0.005769026465713978
3609,0.028534000739455223,0.005793604999780655
3610,-0.026399999856948853,0.005817038007080555
3611,0.04853399842977524,0.0058393036015331745
3612,0.003467000089585781,0.0058609964326024055
3613,0.043733999133110046,0.005881969816982746
3614,0.003467000089585781,0.005902019329369068
3615,0.03359999880194664,0.005920850206166506
3616,-0.016534000635147095,0.00593865942209959
3617,0.043733999133110046,0.00595566350966692
3618,-0.016534000635147095,0.005971808917820454
3619,0.01360000018030405,0.005987165495753288
3620,-0.011466999538242817,0.006001985166221857
3621,0.028534000739455223,0.006015961058437824
3622,-0.03653400018811226,0.006029240787029266
3623,0.04853399842977524,0.006041642278432846
3624,-0.006399999838322401,0.006053316872566938
3625,0.028534000739455223,0.00606396421790123
3626,-0.0013330000219866633,0.006073553115129471
3627,0.04853399842977524,0.006081910338252783
3628,-0.0013330000219866633,0.006089096423238516
3629,0.043733999133110046,0.006095028016716242
3630,-0.0013330000219866633,0.006100187543779612
3631,-0.0013330000219866633,0.00610480597242713
3632,-0.011466999538242817,0.00610908679664135
3633,0.03866700083017349,0.006113291718065739
3634,0.01360000018030405,0.006117158569395542
3635,0.02346700057387352,0.00612078420817852
3636,-0.016534000635147095,0.006124400533735752
3637,0.043733999133110046,0.006128099747002125
3638,-0.0013330000219866633,0.006132159382104874
3639,0.03866700083017349,0.006136447191238403
3640,0.003467000089585781,0.006141096819192171
3641,0.06373400241136551,0.0061464933678507805
3642,-0.011466999538242817,0.006152160465717316
3643,0.03866700083017349,0.006157958880066872
3644,0.02346700057387352,0.00616423087194562
3645,0.05360100045800209,0.0061709582805633545
3646,-0.011466999538242817,0.0061779324896633625
3647,0.02346700057387352,0.006185038015246391
3648,-0.0013330000219866633,0.006192420609295368
3649,0.028534000739455223,0.00620027631521225
3650,-0.0013330000219866633,0.006207707803696394
3651,0.02346700057387352,0.006214674562215805
3652,-0.006399999838322401,0.006221081130206585
3653,0.05360100045800209,0.006226914934813976
3654,0.003467000089585781,0.006232102867215872
3655,0.05360100045800209,0.006236853078007698
3656,0.01866699941456318,0.006241245660930872
3657,0.07360100001096725,0.0062456014566123486
3658,-0.011466999538242817,0.006250029429793358
3659,0.0685340017080307,0.006254721432924271
3660,0.01360000018030405,0.006259574089199305
3661,0.04853399842977524,0.0062639955431222916
3662,-0.0013330000219866633,0.006268113851547241
3663,0.05360100045800209,0.0062722498551011086
3664,-0.0013330000219866633,0.006275792606174946
3665,0.04853399842977524,0.006278682965785265
3666,-0.026399999856948853,0.0062813363038003445
3667,0.028534000739455223,0.006283374037593603
3668,-0.0013330000219866633,0.006284421309828758
3669,0.08373399823904037,0.006284837611019611
3670,0.4341390132904053,0.00628408370539546
3671,1.0704129934310913,0.006241797003895044
3672,1.3008160591125488,0.006150837987661362
3673,1.5762859582901,0.006104865111410618
3674,1.7264219522476196,0.006076389458030462
3675,1.8666900396347046,0.006056789308786392
3676,1.8717570304870605,0.0060442062094807625
3677,1.9768249988555908,0.006033672019839287
3678,2.0418920516967773,0.006021220237016678
3679,2.1272270679473877,0.006011560559272766
3680,2.1120259761810303,0.00600188784301281
3681,2.177093982696533,0.005993157159537077
3682,2.1570940017700195,0.005986405070871115
3683,2.207227945327759,0.005980328656733036
3684,2.192293882369995,0.005977533757686615
3685,2.2272279262542725,0.005975218489766121
3686,2.207227945327759,0.0059757353737950325
3687,2.2874948978424072,0.005977282300591469
3688,2.2522950172424316,0.005981022492051125
3689,2.312295913696289,0.005985883064568043
3690,2.277362108230591,0.005992135964334011
3691,2.35256290435791,0.005998664535582066
3692,2.2973620891571045,0.006004919297993183
3693,2.3424289226531982,0.0060112872160971165
3694,2.35256290435791,0.00601588562130928
3695,2.427496910095215,0.006020525470376015
3696,2.4176299571990967,0.006023700814694166
3697,2.4725639820098877,0.006027257069945335
3698,2.467763900756836,0.006030615884810686
3699,2.522697925567627,0.0060347942635416985
3700,2.4826979637145996,0.006040273234248161
3701,2.5677649974823,0.006045197136700153
3702,2.557898998260498,0.006051334552466869
3703,2.5778989791870117,0.0060570151545107365
3704,2.557898998260498,0.006062428001314402
3705,2.58776593208313,0.006067739799618721
3706,2.5426979064941406,0.00607252586632967
3707,2.58776593208313,0.006076362915337086
3708,2.532831907272339,0.006080194376409054
3709,2.5778989791870117,0.006082877516746521
3710,2.557898998260498,0.006084916181862354
3711,2.562964916229248,0.00608658604323864
3712,2.532831907272339,0.006087960209697485
3713,2.5778989791870117,0.0060880184173583984
3714,2.512830972671509,0.006087713409215212
3715,2.5778989791870117,0.00608788151293993
3716,2.5176310539245605,0.006087958812713623
3717,2.537898063659668,0.006088336929678917
3718,2.5026979446411133,0.006088719703257084
3719,2.5528318881988525,0.006089454982429743
3720,2.522697925567627,0.006090094335377216
3721,2.537898063659668,0.006091059185564518
3722,2.507765054702759,0.006091873627156019
3723,2.58776593208313,0.006092687137424946
3724,2.5176310539245605,0.006093153264373541
3725,2.537898063659668,0.006093609146773815
3726,2.5277650356292725,0.006093956530094147
3727,2.5426979064941406,0.00609448179602623
3728,2.5026979446411133,0.0060947975143790245
3729,2.5528318881988525,0.006095610558986664
3730,2.4826979637145996,0.006096265744417906
3731,2.5426979064941406,0.0060970718041062355
3732,2.5426979064941406,0.006097856443375349
3733,2.522697925567627,0.006098395213484764
3734,2.512830972671509,0.006099044345319271
3735,2.562964916229248,0.006099139340221882
3736,2.532831907272339,0.006099053658545017
3737,2.562964916229248,0.006098249461501837
3738,2.467763900756836,0.006096863653510809
3739,2.5728321075439453,0.006095156539231539
3740,2.4826979637145996,0.006092364899814129
3741,2.532831907272339,0.006089548114687204
3742,2.4725639820098877,0.00608677975833416
3743,2.5426979064941406,0.006084186024963856
3744,2.532831907272339,0.006081506609916687
3745,2.562964916229248,0.006078964099287987
3746,2.477631092071533,0.006076290737837553
3747,2.5728321075439453,0.006072972435504198
3748,2.5026979446411133,0.006068435497581959
3749,2.532831907272339,0.006064949557185173
3750,2.4725639820098877,0.00606206338852644
3751,2.5277650356292725,0.006059031002223492
3752,2.5277650356292725,0.00605460349470377
3753,2.532831907272339,0.006048170384019613
3754,2.5026979446411133,0.006041400600224733
3755,2.5026979446411133,0.006035870872437954
3756,2.492830991744995,0.006030748598277569
3757,2.507765054702759,0.00602526031434536
3758,2.4826979637145996,0.0060190120711922646
3759,2.547765016555786,0.006012733094394207
3760,2.492830991744995,0.006007499992847443
3761,2.5176310539245605,0.006003085523843765
3762,2.4826979637145996,0.005999483168125153
3763,2.547765016555786,0.005996652878820896
3764,2.4826979637145996,0.005994296632707119
3765,2.512830972671509,0.005992235150188208
3766,2.452564001083374,0.005991560406982899
3767,2.4877638816833496,0.005991816986352205
3768,2.4576311111450195,0.0059926388785243034
3769,2.512830972671509,0.005993016064167023
3770,2.442697048187256,0.005992562510073185
3771,2.532831907272339,0.005991914309561253
3772,2.4826979637145996,0.0059909820556640625
3773,2.522697925567627,0.005989918950945139
3774,2.492830991744995,0.005989367142319679
3775,2.522697925567627,0.00598855409771204
3776,2.4826979637145996,0.005986624397337437
3777,2.2672278881073,0.005983415991067886
3778,1.0053459405899048,0.005979344714432955
3779,0.05360100045800209,0.005975598935037851
3780,-0.4472059905529022,0.0059730010107159615
3781,-0.8829439878463745,0.005970971658825874
3782,-1.243481993675232,0.005968107841908932
3783,-1.3336169719696045,0.005963305477052927
3784,-1.5240190029144287,0.005955906584858894
3785,-1.6493539810180664,0.005945692304521799
3786,-1.789355993270874,0.005931631196290255
3787,-1.769355058670044,0.005914720706641674
3788,-1.8546899557113647,0.005894968286156654
3789,-1.8997570276260376,0.005871637724339962
3790,-1.9848250150680542,0.0058441320434212685
3791,-2.0048251152038574,0.005811573937535286
3792,-2.0848259925842285,0.00577313918620348
3793,-2.034959077835083,0.005727882497012615
3794,-2.120026111602783,0.005675232969224453
3795,-2.0749590396881104,0.005614039488136768
3796,-2.1250929832458496,0.0055447788909077644
3797,-2.1000258922576904,0.005467281676828861
3798,-2.175226926803589,0.005382474046200514
3799,-2.160027027130127,0.005294169299304485
3800,-2.2501609325408936,0.00520368991419673
3801,-2.240294933319092,0.0051108188927173615
3802,-2.350429058074951,0.005015282891690731
3803,-2.3754959106445312,0.004916708450764418
3804,-2.495764970779419,0.004820016212761402
3805,-2.4906980991363525,0.00472878897562623
3806,-2.575766086578369,0.00464252382516861
3807,-2.540832042694092,0.004560430534183979
3808,-2.5005650520324707,0.004481772892177105
3809,-1.4338849782943726,0.00440495740622282
3810,-0.27680298686027527,0.0043284655548632145
3811,0.18880200386047363,0.004251125268638134
3812,0.6194739937782288,0.004175540991127491
3813,1.0101460218429565,0.004100513644516468
3814,1.1253470182418823,0.0040260376408696175
3815,1.3258830308914185,0.00395213533192873
3816,1.481084942817688,0.003878845600411296
3817,1.6562869548797607,0.0038059502840042114
3818,1.6061530113220215,0.0037329797632992268
3819,1.696287989616394,0.0036599263548851013
3820,1.7314879894256592,0.0035878168419003487
3821,1.8416229486465454,0.0035168584436178207
3822,1.801622986793518,0.003447342664003372
3823,1.911756992340088,0.003379213158041239
3824,1.8816239833831787,0.0033123749308288097
3825,1.9466910362243652,0.0032467199489474297
3826,1.9418909549713135,0.0031821196898818016
3827,2.0418920516967773,0.003118636552244425
3828,2.0418920516967773,0.0030561729799956083
3829,2.1021599769592285,0.0029947208240628242
3830,2.0418920516967773,0.002934034913778305
3831,2.1272270679473877,0.0028740381821990013
3832,2.1021599769592285,0.0028145862743258476
3833,2.222161054611206,0.0027555932756513357
3834,2.277362108230591,0.002696809358894825
3835,2.3776299953460693,0.0026383146177977324
3836,2.4026970863342285,0.002580312080681324
3837,2.492830991744995,0.0025233805645257235
3838,2.477631092071533,0.0024673135485500097
3839,2.5728321075439453,0.002412273082882166
3840,2.5728321075439453,0.002358675003051758
3841,2.602966070175171,0.0023067034780979156
3842,2.5728321075439453,0.0022561410441994667
3843,2.6379001140594482,0.0022067450918257236
3844,2.612833023071289,0.002158312126994133
3845,2.6328330039978027,0.0021112062968313694
3846,2.602966070175171,0.0020652455277740955
3847,2.628032922744751,0.0020206617191433907
3848,2.5978989601135254,0.0019777794368565083
3849,2.58776593208313,0.001936651999130845
3850,2.547765016555786,0.0018966956995427608
3851,2.5728321075439453,0.0018580479081720114
3852,2.532831907272339,0.0018201693892478943
3853,2.592832088470459,0.0017829763237386942
3854,2.5277650356292725,0.0017461280804127455
3855,2.602966070175171,0.0017098260577768087
3856,2.547765016555786,0.0016741544241085649
3857,2.58776593208313,0.001639431924559176
3858,2.532831907272339,0.0016063093207776546
3859,2.5426979064941406,0.0015750242164358497
3860,2.5277650356292725,0.0015454284148290753
3861,2.562964916229248,0.0015176075976341963
3862,2.5176310539245605,0.0014912988990545273
3863,2.557898998260498,0.001466131303459406
3864,2.537898063659668,0.001442446606233716
3865,2.547765016555786,0.0014202469028532505
3866,2.5176310539245605,0.0013988938881084323
3867,2.537898063659668,0.0013783706817775965
3868,2.5026979446411133,0.001358753303065896
3869,2.5778989791870117,0.0013400344178080559
3870,2.512830972671509,0.0013223596615716815
3871,2.5277650356292725,0.0013060064520686865
3872,2.4826979637145996,0.001290631596930325
3873,2.5426979064941406,0.0012760476674884558
3874,2.5026979446411133,0.0012622897047549486
3875,2.5026979446411133,0.0012493333779275417
3876,2.5026979446411133,0.0012369777541607618
3877,2.547765016555786,0.0012257145717740059
3878,2.5026979446411133,0.001215367577970028
3879,2.532831907272339,0.0012057896237820387
3880,2.512830972671509,0.0011971386848017573
3881,2.562964916229248,0.001189541770145297
3882,2.5026979446411133,0.0011830998118966818
3883,2.5176310539245605,0.0011780147906392813
3884,2.507765054702759,0.0011742091737687588
3885,2.522697925567627,0.0011714363936334848
3886,2.467763900756836,0.0011695574503391981
3887,2.497631072998047,0.0011683673365041614
3888,2.5026979446411133,0.0011676556896418333
3889,2.537898063659668,0.0011672888649627566
3890,2.4725639820098877,0.0011673151748254895
3891,2.497631072998047,0.0011675821151584387
3892,2.5026979446411133,0.001167974667623639
3893,2.5026979446411133,0.0011683532502502203
3894,2.4826979637145996,0.001168643357232213
3895,2.5026979446411133,0.0011686775833368301
3896,2.4576311111450195,0.0011683024931699038
3897,2.5176310539245605,0.0011672710534185171
3898,2.4725639820098877,0.0011660306481644511
3899,2.5026979446411133,0.0011649960651993752
3900,2.492830991744995,0.0011641134042292833
3901,2.497631072998047,0.00116340396925807
3902,2.467763900756836,0.0011628576321527362
3903,2.512830972671509,0.0011626107152551413
3904,2.4877638816833496,0.0011619795113801956
3905,2.5277650356292725,0.0011609666980803013
3906,2.4626970291137695,0.0011606707703322172
3907,2.5026979446411133,0.0011603622697293758
3908,2.452564001083374,0.0011604750761762261
3909,2.522697925567627,0.0011612046509981155
3910,2.467763900756836,0.0011626977939158678
3911,2.5277650356292725,0.0011650521773844957
3912,2.4826979637145996,0.0011683120392262936
3913,2.5176310539245605,0.0011724941432476044
3914,2.467763900756836,0.0011776720639318228
3915,2.492830991744995,0.001183663378469646
3916,2.4725639820098877,0.0011902085971087217
3917,2.537898063659668,0.0011981429997831583
3918,2.507765054702759,0.0012074497062712908
3919,2.5277650356292725,0.00121723348274827
3920,2.492830991744995,0.0012278241338208318
3921,2.497631072998047,0.0012393880169838667
3922,2.452564001083374,0.001251941779628396
3923,2.4877638816833496,0.0012650710996240377
3924,2.477631092071533,0.0012794192880392075
3925,2.497631072998047,0.0012937365099787712
3926,2.492830991744995,0.0013081307988613844
3927,2.497631072998047,0.0013227022718638182
3928,2.4877638816833496,0.001337147201411426
3929,2.512830972671509,0.0013515923637896776
3930,2.452564001083374,0.0013654332142323256
3931,2.5277650356292725,0.0013779542641714215
3932,2.4576311111450195,0.001389700802974403
3933,2.35256290435791,0.001401142100803554
3934,1.315750002861023,0.0014123753644526005
3935,0.17893600463867188,0.0014240387827157974
3936,-0.3520039916038513,0.0014349693665280938
3937,-0.8178769946098328,0.0014447561698034406
3938,-1.2136149406433105,0.0014530487824231386
3939,-1.2986830472946167,0.001459581544622779
3940,-1.4738850593566895,0.001464572036638856
3941,-1.6493539810180664,0.0014681043103337288
3942,-1.7994890213012695,0.0014709096867591143
3943,-1.7845560312271118,0.0014731206465512514
3944,-1.8696229457855225,0.0014746615197509527
3945,-1.889623999595642,0.001475343480706215
3946,-1.9698909521102905,0.0014750475529581308
3947,-1.9797580242156982,0.0014743851497769356
3948,-2.064826011657715,0.0014735674485564232
3949,-2.0698928833007812,0.0014729301910847425
3950,-2.089893102645874,0.0014727371744811535
3951,-2.0749590396881104,0.001472757081501186
3952,-2.1349599361419678,0.0014728459063917398
3953,-2.1098930835723877,0.001472757663577795
3954,-2.150160074234009,0.0014723106287419796
3955,-2.1901609897613525,0.0014713271521031857
3956,-2.23016095161438,0.0014697287697345018
3957,-2.2250940799713135,0.0014679846353828907
3958,-2.3402960300445557,0.0014665641356259584
3959,-2.3754959106445312,0.001465698005631566
3960,-2.4805641174316406,0.0014651266392320395
3961,-2.5205650329589844,0.0014642890309914947
3962,-2.620832920074463,0.0014633613172918558
3963,-2.5656321048736572,0.001462422078475356
3964,-2.575766086578369,0.001461429987102747
3965,-1.7642890214920044,0.0014616688713431358
3966,-0.4773389995098114,0.0014632819220423698
3967,0.08880099654197693,0.0014656602870672941
3968,0.4893389940261841,0.001468702219426632
3969,0.9701449871063232,0.001472393167205155
3970,1.0602799654006958,0.0014764369698241353
3971,1.2056150436401367,0.0014809060376137495
3972,1.416018009185791,0.0014857613714411855
3973,1.5962870121002197,0.0014909629244357347
3974,1.5861530303955078,0.0014959466643631458
3975,1.6562869548797607,0.001500691520050168
3976,1.7162879705429077,0.0015050393994897604
3977,1.8216229677200317,0.0015088433865457773
3978,1.801622986793518,0.001512020593509078
3979,1.8968240022659302,0.0015146946534514427
3980,1.8968240022659302,0.001517141587100923
3981,1.9669580459594727,0.0015196404419839382
3982,1.9266910552978516,0.0015224935486912727
3983,1.9869580268859863,0.0015258633065968752
3984,1.9517580270767212,0.0015293858014047146
3985,2.0120251178741455,0.0015330021269619465
3986,2.016824960708618,0.0015360909746959805
3987,2.0669589042663574,0.0015389672480523586
3988,2.0520260334014893,0.0015419520204886794
3989,2.167227029800415,0.0015453214291483164
3990,2.2272279262542725,0.0015494540566578507
3991,2.3074960708618164,0.0015544735360890627
3992,2.35256290435791,0.0015598563477396965
3993,2.4477639198303223,0.0015655418392270803
3994,2.452564001083374,0.001571512664668262
3995,2.477631092071533,0.0015781393740326166
3996,2.00189208984375,0.001584638375788927
3997,0.6696079969406128,0.0015914703253656626
3998,-0.11173500120639801,0.0015987860970199108
3999,-0.5024060010910034,0.0016063801012933254
4000,-0.9981459975242615,0.0016139950603246689
4001,-1.183480978012085,0.0016217196825891733
4002,-1.2736159563064575,0.0016293221851810813
4003,-1.4738850593566895,0.001636534696444869
4004,-1.6493539810180664,0.0016429907409474254
4005,-1.7192209959030151,0.0016485367668792605
4006,-1.7493549585342407,0.0016529690474271774
4007,-1.7794890403747559,0.0016562704695388675
4008,-1.874690055847168,0.0016589467413723469
4009,-1.8946900367736816,0.001660794485360384
4010,-1.949623942375183,0.0016624704003334045
4011,-1.9648250341415405,0.00166392233222723
4012,-2.0397589206695557,0.0016657987143844366
4013,-2.019758939743042,0.0016681826673448086
4014,-2.0800259113311768,0.0016707975883036852
4015,-2.0749590396881104,0.0016734001692384481
4016,-2.1650938987731934,0.001675718347541988
4017,-2.160027027130127,0.001677388441748917
4018,-2.2050940990448,0.001678172848187387
4019,-2.175226926803589,0.001678874366916716
4020,-2.280294895172119,0.0016792193055152893
4021,-2.3152289390563965,0.0016789832152426243
4022,-2.415497064590454,0.0016779014840722084
4023,-2.4554970264434814,0.0016767587512731552
4024,-2.55576491355896,0.0016753128729760647
4025,-2.53069806098938,0.001674216240644455
4026,-2.600832939147949,0.001673352555371821
4027,-2.5906989574432373,0.0016729473136365414
4028,-2.6560330390930176,0.001672615995630622
4029,-2.6157660484313965,0.0016721924766898155
4030,-2.7360339164733887,0.0016715838573873043
4031,-2.6808340549468994,0.0016712633660063148
4032,-2.716033935546875,0.00167163647711277
4033,-2.645900011062622,0.001672613201662898
4034,-2.7109670639038086,0.0016737023834139109
4035,-2.650965929031372,0.0016747249756008387
4036,-2.6560330390930176,0.001675717649050057
4037,-2.620832920074463,0.0016767518827691674
4038,-2.6309659481048584,0.001677816966548562
4039,-2.6109659671783447,0.0016789730871096253
4040,-2.6709671020507812,0.0016801878809928894
4041,-2.595766067504883,0.001681491732597351
4042,-2.6408329010009766,0.0016828137449920177
4043,-2.6157660484313965,0.0016842128243297338
4044,-2.6560330390930176,0.0016856139991432428
4045,-2.580832004547119,0.0016870697727426887
4046,-2.6109659671783447,0.0016885382356122136
4047,-2.595766067504883,0.0016900678165256977
4048,-2.6058990955352783,0.001691618817858398
4049,-2.525631904602051,0.001693191472440958
4050,-2.620832920074463,0.001694806502200663
4051,-2.5656321048736572,0.0016964927781373262
4052,-2.6157660484313965,0.0016981199150905013
4053,-2.6058990955352783,0.0016998000210151076
4054,-2.625899076461792,0.0017013465985655785
4055,-2.55576491355896,0.0017027833964675665
4056,-2.6309659481048584,0.0017043213592842221
4057,-2.5656321048736572,0.0017060383688658476
4058,-2.4554970264434814,0.0017084162682294846
4059,-1.398684024810791,0.0017121197888627648
4060,-0.2568030059337616,0.001716868719086051
4061,0.27386999130249023,0.0017224664334207773
4062,0.7298759818077087,0.001728392206132412
4063,1.1053470373153687,0.0017346760723739862
4064,1.2056150436401367,0.0017403984675183892
4065,1.37575101852417,0.0017468883888795972
4066,1.546152949333191,0.0017539672553539276
4067,1.7162879705429077,0.0017615400720387697
4068,1.6562869548797607,0.0017699424643069506
4069,1.7314879894256592,0.001779720070771873
4070,1.7514890432357788,0.001790492795407772
4071,1.8717570304870605,0.0018017234979197383
4072,1.8816239833831787,0.0018137493170797825
4073,1.9517580270767212,0.0018260435899719596
4074,1.9568239450454712,0.001839161617681384
4075,2.00189208984375,0.0018526874482631683
4076,1.9669580459594727,0.001866552047431469
4077,2.0570919513702393,0.0018812362104654312
4078,1.9917579889297485,0.0018955252598971128
4079,2.0520260334014893,0.0019090784480795264
4080,2.032025098800659,0.0019225155701860785
4081,2.1021599769592285,0.0019361802842468023
4082,2.1272270679473877,0.0019503573421388865
4083,2.2522950172424316,0.0019646636210381985
4084,2.257361888885498,0.001979704014956951
4085,2.3874969482421875,0.0019956575706601143
4086,2.407496929168701,0.002011001342907548
4087,2.477631092071533,0.002024878514930606
4088,2.467763900756836,0.0020376350730657578
4089,2.452564001083374,0.0020501259714365005
4090,1.6712210178375244,0.0020619314163923264
4091,0.4192050099372864,0.0020737736485898495
4092,-0.14666900038719177,0.0020851348526775837
4093,-0.6024079918861389,0.0020954415667802095
4094,-1.0581469535827637,0.0021035452373325825
4095,-1.1533479690551758,0.002109694294631481
4096,-1.3237500190734863,0.002114685019478202
4097,-1.504019021987915,0.002118597272783518
4098,-1.6992210149765015,0.002121510449796915
4099,-1.634153962135315,0.0021240664646029472
4100,-1.724287986755371,0.002126252045854926
4101,-1.7493549585342407,0.0021280180662870407
4102,-1.8845570087432861,0.0021294173784554005
4103,-1.8696229457855225,0.002130429958924651
4104,-1.9648250341415405,0.0021308651193976402
4105,-1.9698909521102905,0.002130707260221243
4106,-2.024825096130371,0.0021303286775946617
4107,-2.019758939743042,0.0021295968908816576
4108,-2.089893102645874,0.0021287999115884304
4109,-2.0397589206695557,0.002127972198650241
4110,-2.120026111602783,0.002127240877598524
4111,-2.1098930835723877,0.0021266047842800617
4112,-2.150160074234009,0.002125824335962534
4113,-2.160027027130127,0.0021249502897262573
4114,-2.29042911529541,0.0021237528417259455
4115,-2.295228958129883,0.0021221034694463015
4116,-2.415497064590454,0.002120058750733733
4117,-2.4656310081481934,0.002118119038641453
4118,-2.5357649326324463,0.0021175320725888014
4119,-2.5205650329589844,0.002117816125974059
4120,-2.5656321048736572,0.0021187071688473225
4121,-2.034959077835083,0.0021196911111474037
4122,-0.7328090071678162,0.002121203113347292
4123,-0.02160000056028366,0.0021227344404906034
4124,0.4042719900608063,0.0021237735636532307
4125,0.8949450254440308,0.0021245176903903484
4126,1.090414047241211,0.0021248883567750454
4127,1.2354819774627686,0.0021250182762742043
4128,1.3709499835968018,0.002125147730112076
4129,1.6061530113220215,0.0021252944134175777
4130,1.6162869930267334,0.002125474624335766
4131,1.641353964805603,0.0021255870815366507
4132,1.6762880086898804,0.002125602914020419
4133,1.7413549423217773,0.0021254708990454674
4134,1.7864220142364502,0.0021251672878861427
4135,1.846690058708191,0.0021246967371553183
4136,1.8866900205612183,0.0021241088397800922
4137,1.8968240022659302,0.00212335423566401
4138,1.906690001487732,0.0021225223317742348
4139,1.9869580268859863,0.0021215793676674366
4140,1.9168239831924438,0.002120520453900099
4141,1.9917579889297485,0.0021193698048591614
4142,2.00189208984375,0.0021181411575526
4143,2.032025098800659,0.0021167448721826077
4144,2.0418920516967773,0.0021152449771761894
4145,2.122159957885742,0.002113667782396078
4146,2.2173609733581543,0.0021122568286955357
4147,2.277362108230591,0.0021107716020196676
4148,2.3074960708618164,0.002109129913151264
4149,2.427496910095215,0.0021074735559523106
4150,2.3874969482421875,0.0021057636477053165
4151,2.4826979637145996,0.002104241168126464
4152,2.177093982696533,0.0021025410387665033
4153,0.9701449871063232,0.002100936369970441
4154,0.04853399842977524,0.0020992003846913576
4155,-0.37200498580932617,0.0020971919875591993
4156,-0.9029449820518494,0.002094442956149578
4157,-1.1434810161590576,0.0020907449070364237
4158,-1.248548984527588,0.0020864359103143215
4159,-1.4338849782943726,0.0020813981536775827
4160,-1.629086971282959,0.0020760847255587578
4161,-1.6792210340499878,0.002070557326078415
4162,-1.7493549585342407,0.002064692322164774
4163,-1.7394880056381226,0.0020590578205883503
4164,-1.8794900178909302,0.0020534293726086617
4165,-1.8245559930801392,0.0020476938225328922
4166,-1.9648250341415405,0.0020416579209268093
4167,-1.9898920059204102,0.0020351149141788483
4168,-2.0048251152038574,0.0020278431475162506
4169,-2.009891986846924,0.0020196805708110332
4170,-2.0800259113311768,0.002010396681725979
4171,-2.044826030731201,0.0019999437499791384
4172,-2.1400270462036133,0.0019886663649231195
4173,-2.1250929832458496,0.0019763498567044735
4174,-2.1701600551605225,0.00196281005628407
4175,-2.1952269077301025,0.0019487198442220688
4176,-2.23016095161438,0.0019342531450092793
4177,-2.2853620052337646,0.0019191817846149206
4178,-2.4005630016326904,0.0019034754950553179
4179,-2.4104299545288086,0.0018880774732679129
4180,-2.485630989074707,0.0018734175246208906
4181,-2.5357649326324463,0.0018613399006426334
4182,-2.6109659671783447,0.0018505144398659468
4183,-2.55576491355896,0.0018418901599943638
4184,-2.650965929031372,0.0018340235110372305
4185,-2.620832920074463,0.0018266538390889764
4186,-2.7011001110076904,0.0018212564755231142
4187,-2.6760330200195312,0.0018179203616455197
4188,-2.6960339546203613,0.00181396899279207
4189,-2.620832920074463,0.0018097072606906295
4190,-2.6560330390930176,0.0018057713750749826
4191,-2.620832920074463,0.001802123966626823
4192,-2.6658999919891357,0.0017992728389799595
4193,-2.6560330390930176,0.0017972150817513466
4194,-2.6560330390930176,0.0017951729241758585
4195,-2.6058990955352783,0.0017936243675649166
4196,-2.625899076461792,0.001792627153918147
4197,-2.5906989574432373,0.0017922071274369955
4198,-2.6560330390930176,0.0017915749922394753
4199,-2.6157660484313965,0.001790553447790444
4200,-2.645900011062622,0.001789664151147008
4201,-2.6157660484313965,0.0017895279452204704
4202,-2.6157660484313965,0.0017898553051054478
4203,-2.600832939147949,0.0017901369137689471
4204,-2.6157660484313965,0.0017895214259624481
4205,-2.595766067504883,0.0017886587884277105
4206,-2.625899076461792,0.0017877601785585284
4207,-2.600832939147949,0.0017865466652438045
4208,-2.6309659481048584,0.0017842187080532312
4209,-2.55576491355896,0.0017812217120081186
4210,-2.6309659481048584,0.0017778952606022358
4211,-2.5906989574432373,0.001774351578205824
4212,-2.595766067504883,0.0017707697115838528
4213,-2.540832042694092,0.0017671771347522736
4214,-2.580832004547119,0.0017635178519412875
4215,-2.5608320236206055,0.001759704202413559
4216,-2.6109659671783447,0.0017561245476827025
4217,-2.5456318855285645,0.001753273420035839
4218,-2.580832004547119,0.0017511040205135942
4219,-2.55576491355896,0.001749416347593069
4220,-2.625899076461792,0.0017479235539212823
4221,-2.53069806098938,0.001746049732901156
4222,-2.5858991146087646,0.001743780798278749
4223,-2.525631904602051,0.001741553540341556
4224,-2.580832004547119,0.0017393470043316483
4225,-2.540832042694092,0.0017372084548696876
4226,-2.6058990955352783,0.0017351697897538543
4227,-2.55576491355896,0.0017330418340861797
4228,-2.575766086578369,0.0017307442612946033
4229,-2.540832042694092,0.0017282497137784958
4230,-2.580832004547119,0.0017260429449379444
4231,-2.525631904602051,0.0017241629539057612
4232,-2.5906989574432373,0.0017227367497980595
4233,-2.55576491355896,0.0017219755100086331
4234,-2.53069806098938,0.0017218763241544366
4235,-2.5456318855285645,0.001722332090139389
4236,-2.600832939147949,0.0017230033408850431
4237,-2.5456318855285645,0.001723648514598608
4238,-2.5906989574432373,0.0017238995060324669
4239,-2.5357649326324463,0.0017236501444131136
4240,-2.5906989574432373,0.0017232028767466545
4241,-2.5456318855285645,0.0017227665521204472
4242,-2.575766086578369,0.0017229887889698148
4243,-2.55576491355896,0.0017235148698091507
4244,-2.595766067504883,0.0017252325778827071
4245,-2.525631904602051,0.0017284408677369356
4246,-2.5858991146087646,0.001731138676404953
4247,-2.5608320236206055,0.0017332590650767088
4248,-2.5906989574432373,0.0017341836355626583
4249,-2.525631904602051,0.0017335759475827217
4250,-2.5906989574432373,0.0017321233171969652
4251,-2.53069806098938,0.0017295542638748884
4252,-2.5656321048736572,0.0017267772927880287
4253,-2.5656321048736572,0.0017237005522474647
4254,-2.5656321048736572,0.0017204026225954294
4255,-2.55576491355896,0.0017169327475130558
4256,-2.595766067504883,0.0017126734601333737
4257,-2.5656321048736572,0.001707698917016387
4258,-2.575766086578369,0.0017022914253175259
4259,-2.5205650329589844,0.0016969633288681507
4260,-2.595766067504883,0.0016921113710850477
4261,-2.540832042694092,0.0016878689639270306
4262,-2.600832939147949,0.0016840104945003986
4263,-2.5906989574432373,0.0016808550572022796
4264,-2.6157660484313965,0.0016786493360996246
4265,-2.55576491355896,0.001676719868555665
4266,-2.580832004547119,0.001674709259532392
4267,-2.55576491355896,0.0016726622125133872
4268,-2.55069899559021,0.0016708258772268891
4269,-2.5357649326324463,0.001669434830546379
4270,-2.5656321048736572,0.0016687002498656511
4271,-2.55069899559021,0.0016685412265360355
4272,-2.55576491355896,0.0016683032736182213
4273,-2.5706989765167236,0.0016682343557476997
4274,-2.5906989574432373,0.0016683151479810476
4275,-2.5456318855285645,0.0016683046706020832
4276,-2.575766086578369,0.0016680241096764803
4277,-2.55576491355896,0.0016676823142915964
4278,-2.580832004547119,0.001667510368861258
4279,-2.5357649326324463,0.0016672620549798012
4280,-2.600832939147949,0.0016669349279254675
4281,-2.53069806098938,0.0016663700807839632
4282,-2.55576491355896,0.0016656829975545406
4283,-2.55069899559021,0.00166492466814816
4284,-2.6157660484313965,0.0016642471309751272
4285,-2.55069899559021,0.0016634352505207062
4286,-2.5608320236206055,0.0016624822746962309
4287,-2.55576491355896,0.0016611949540674686
4288,-2.5656321048736572,0.0016596727073192596
4289,-2.5357649326324463,0.0016581262461841106
4290,-2.55576491355896,0.0016567724524065852
4291,-2.5608320236206055,0.0016555573092773557
4292,-2.625899076461792,0.0016542869852855802
4293,-2.55576491355896,0.0016530733555555344
4294,-2.575766086578369,0.0016519813798367977
4295,-2.5205650329589844,0.0016509857960045338
4296,-2.5906989574432373,0.0016500249039381742
4297,-2.580832004547119,0.0016487396787852049
4298,-2.5656321048736572,0.0016473766881972551
4299,-2.5608320236206055,0.0016460918122902513
4300,-2.580832004547119,0.0016448500100523233
4301,-2.5357649326324463,0.0016435097204521298
4302,-2.6058990955352783,0.0016421967884525657
4303,-2.540832042694092,0.0016407988732680678
4304,-2.580832004547119,0.0016394170233979821
4305,-2.5608320236206055,0.0016378171276301146
4306,-2.5706989765167236,0.001636069850064814
4307,-2.540832042694092,0.0016341967275366187
4308,-2.5706989765167236,0.0016323510790243745
4309,-2.5608320236206055,0.0016304499004036188
4310,-2.55576491355896,0.001628725789487362
4311,-2.540832042694092,0.0016271069180220366
4312,-2.5906989574432373,0.0016253846697509289
4313,-2.53069806098938,0.0016234931536018848
4314,-2.5706989765167236,0.0016209993045777082
4315,-2.580832004547119,0.0016171674942597747
4316,-2.6058990955352783,0.0016122960951179266
4317,-2.53069806098938,0.001606487319804728
4318,-2.580832004547119,0.0016002289485186338
4319,-2.5357649326324463,0.0015934417024254799
4320,-2.575766086578369,0.0015870084753260016
4321,-2.5656321048736572,0.001580212265253067
4322,-2.580832004547119,0.0015727252466604114
4323,-2.5357649326324463,0.0015647555701434612
4324,-2.55576491355896,0.0015560758765786886
4325,-2.5357649326324463,0.001546089886687696
4326,-2.575766086578369,0.0015352251939475536
4327,-2.5157649517059326,0.0015239473432302475
4328,-2.55576491355896,0.0015119786839932203
4329,-2.540832042694092,0.001499850768595934
4330,-2.6109659671783447,0.0014870247105136514
4331,-2.5456318855285645,0.0014739271719008684
4332,-2.580832004547119,0.001460639643482864
4333,-2.53069806098938,0.0014466638676822186
4334,-2.5906989574432373,0.0014331811107695103
4335,-2.5656321048736572,0.0014205273473635316
4336,-2.55576491355896,0.0014080728869885206
4337,-2.5456318855285645,0.0013954793103039265
4338,-2.580832004547119,0.0013824360212311149
4339,-2.5456318855285645,0.0013693035580217838
4340,-2.5706989765167236,0.0013554710894823074
4341,-2.5157649517059326,0.0013407752849161625
4342,-2.580832004547119,0.001326700672507286
4343,-2.5706989765167236,0.0013141143135726452
4344,-2.6058990955352783,0.0013026564847677946
4345,-2.53069806098938,0.00129148259293288
4346,-2.5858991146087646,0.0012809843756258488
4347,-2.5456318855285645,0.0012703584507107735
4348,-2.575766086578369,0.0012598379980772734
4349,-2.5205650329589844,0.0012499322183430195
4350,-2.6058990955352783,0.0012418474070727825
4351,-2.5456318855285645,0.0012353078927844763
4352,-2.5906989574432373,0.0012299942318350077
4353,-2.53069806098938,0.0012259719660505652
4354,-2.575766086578369,0.0012230142019689083
4355,-2.5608320236206055,0.001220874604769051
4356,-2.580832004547119,0.001219527330249548
4357,-2.55069899559021,0.0012187771499156952
4358,-2.5858991146087646,0.0012185708619654179
4359,-2.495764970779419,0.0012188036926090717
4360,-2.525631904602051,0.0012194104492664337
4361,-2.53069806098938,0.0012202722718939185
4362,-2.55576491355896,0.0012213827576488256
4363,-2.540832042694092,0.0012226293329149485
4364,-2.5858991146087646,0.0012239937204867601
4365,-2.53069806098938,0.0012254271423444152
4366,-2.5656321048736572,0.0012268617283552885
4367,-2.5656321048736572,0.00122838094830513
4368,-2.575766086578369,0.001230271183885634
4369,-2.53069806098938,0.0012326547876000404
4370,-2.53069806098938,0.0012358895037323236
4371,-1.9898920059204102,0.001239325269125402
4372,-0.7026749849319458,0.0012425333261489868
4373,0.0685340017080307,0.0012453515082597733
4374,0.4794729948043823,0.0012467937776818871
4375,0.9552119970321655,0.0012475901748985052
4376,1.150413990020752,0.0012477601412683725
4377,1.2656160593032837,0.001247913925908506
4378,1.476017951965332,0.0012479330180212855
4379,1.6864210367202759,0.0012482022866606712
4380,1.6712210178375244,0.0012487958883866668
4381,1.7213549613952637,0.001249538385309279
4382,1.7413549423217773,0.0012505447957664728
4383,1.851755976676941,0.0012517680879682302
4384,1.856557011604309,0.0012530805543065071
4385,1.8968240022659302,0.001254464965313673
4386,1.9317569732666016,0.0012559019960463047
4387,1.9768249988555908,0.0012574032880365849
4388,1.9317569732666016,0.0012589460238814354
4389,2.02695894241333,0.001260552555322647
4390,1.9768249988555908,0.0012622226495295763
4391,2.036824941635132,0.0012639639899134636
4392,2.016824960708618,0.0012657016050070524
4393,2.0669589042663574,0.0012675386387854815
4394,2.036824941635132,0.0012694222386926413
4395,2.177093982696533,0.0012713924515992403
4396,2.197093963623047,0.0012734107440337539
4397,2.3224289417266846,0.0012753766495734453
4398,2.3624300956726074,0.0012771030887961388
4399,2.4125630855560303,0.0012785119470208883
4400,2.407496929168701,0.0012795345392078161
4401,2.497631072998047,0.0012803818099200726
4402,2.192293882369995,0.001280621625483036
4403,0.9650790095329285,0.0012807943858206272
4404,0.02346700057387352,0.0012812663335353136
4405,-0.3821380138397217,0.001281961565837264
4406,-0.8880109786987305,0.0012827494647353888
4407,-1.1282809972763062,0.001283034449443221
4408,-1.2285490036010742,0.0012833054643124342
4409,-1.3637499809265137,0.0012829506304115057
4410,-1.6592210531234741,0.0012822317657992244
4411,-1.66935396194458,0.0012811996275559068
4412,-1.729354977607727,0.0012803924037143588
4413,-1.7093549966812134,0.0012800463009625673
4414,-1.8394900560379028,0.0012798502575606108
4415,-1.889623999595642,0.001279668416827917
4416,-1.9245569705963135,0.0012793862260878086
4417,-1.9346909523010254,0.001279121614061296
4418,-2.019758939743042,0.0012790914624929428
4419,-1.9746910333633423,0.0012793212663382292
4420,-2.064826011657715,0.0012798584066331387
4421,-2.024825096130371,0.0012807917082682252
4422,-2.089893102645874,0.0012818394461646676
4423,-2.0848259925842285,0.0012829694896936417
4424,-2.1400270462036133,0.001284308498725295
4425,-2.0749590396881104,0.0012852540239691734
4426,-2.2250940799713135,0.001285936450585723
4427,-2.2352280616760254,0.0012865124735981226
4428,-2.3853631019592285,0.0012872387887910008
4429,-2.4104299545288086,0.0012882977025583386
4430,-2.5005650520324707,0.001289487350732088
4431,-2.4906980991363525,0.0012910052901133895
4432,-2.53069806098938,0.0012931384844705462
4433,-2.3954970836639404,0.00129590998403728
4434,-1.3786840438842773,0.001298716408200562
4435,-0.21680299937725067,0.0013013489078730345
4436,0.15386900305747986,0.001302909106016159
4437,0.6848090291023254,0.0013025469379499555
4438,0.9850789904594421,0.0013013468123972416
4439,1.1154810190200806,0.0012981041800230742
4440,1.2405489683151245,0.0012943885521963239
4441,1.465885043144226,0.0012902431190013885
4442,1.5560189485549927,0.0012847369071096182
4443,1.6061530113220215,0.0012784687569364905
4444,1.6112200021743774,0.0012735617347061634
4445,1.7365549802780151,0.0012692406307905912
4446,1.7765560150146484,0.0012646984541788697
4447,1.8114889860153198,0.001259269891306758
4448,1.8314900398254395,0.0012533861445263028
4449,1.9016239643096924,0.0012472188100218773
4450,1.8968240022659302,0.0012413952499628067
4451,1.911756992340088,0.0012353301281109452
4452,1.9168239831924438,0.0012289148289710283
4453,1.9466910362243652,0.0012221301440149546
4454,1.9869580268859863,0.0012156965676695108
4455,2.0120251178741455,0.0012098347069695592
4456,2.016824960708618,0.0012039535213261843
4457,2.1069600582122803,0.0011974475346505642
4458,2.122159957885742,0.0011905883438885212
4459,2.2272279262542725,0.001183912274427712
4460,2.2824289798736572,0.0011782178189605474
4461,2.4026970863342285,0.001173165743239224
4462,2.3874969482421875,0.0011685163481160998
4463,2.452564001083374,0.0011644677724689245
4464,2.3624300956726074,0.0011615616967901587
4465,1.6864210367202759,0.0011592706432566047
4466,0.3440040051937103,0.0011575771495699883
4467,-0.15173499286174774,0.0011558961123228073
4468,-0.6776080131530762,0.0011541300918906927
4469,-1.0032130479812622,0.0011522989952936769
4470,-1.2234820127487183,0.001150461845099926
4471,-1.2936160564422607,0.0011489910539239645
4472,-1.5541529655456543,0.0011475905776023865
4473,-1.634153962135315,0.0011460515670478344
4474,-1.6893539428710938,0.0011443456169217825
4475,-1.6893539428710938,0.0011425695847719908
4476,-1.8245559930801392,0.001140917302109301
4477,-1.8496229648590088,0.0011393340537324548
4478,-1.874690055847168,0.001137786777690053
4479,-1.9296239614486694,0.0011362764053046703
4480,-1.9946919679641724,0.0011347957188263535
4481,-1.9797580242156982,0.0011333273723721504
4482,-2.0397589206695557,0.0011318555334582925
4483,-2.024825096130371,0.001130322110839188
4484,-2.064826011657715,0.0011287648230791092
4485,-2.044826030731201,0.0011271096300333738
4486,-2.1098930835723877,0.0011254186974838376
4487,-2.1000258922576904,0.0011236645514145494
4488,-2.185094118118286,0.001121877459809184
4489,-2.185094118118286,0.0011199949076399207
4490,-2.3053619861602783,0.0011181170120835304
4491,-2.3602960109710693,0.001116251340135932
4492,-2.485630989074707,0.001114400802180171
4493,-2.4906980991363525,0.0011126725003123283
4494,-2.53069806098938,0.0011111660860478878
4495,-2.5205650329589844,0.0011100384872406721
4496,-2.0800259113311768,0.0011094668880105019
4497,-0.6525409817695618,0.0011083947028964758
4498,-0.011466999538242817,0.0011071133194491267
4499,0.44933900237083435,0.0011057627853006124
4500,0.8549439907073975,0.0011031621834263206
4501,1.090414047241211,0.0010988661088049412
4502,1.1253470182418823,0.001094114501029253
4503,1.3858840465545654,0.001088712364435196
4504,1.4960190057754517,0.0010839845053851604
4505,1.6112200021743774,0.0010806121863424778
4506,1.5962870121002197,0.001078189816325903
4507,1.6914880275726318,0.0010759318247437477
4508,1.7314879894256592,0.0010738064302131534
4509,1.8314900398254395,0.0010715045500546694
4510,1.8066890239715576,0.0010686448076739907
4511,1.8968240022659302,0.0010656921658664942
4512,1.8968240022659302,0.00106399308424443
4513,1.9317569732666016,0.0010630032047629356
4514,1.906690001487732,0.0010623462731018662
4515,2.0570919513702393,0.001061917282640934
4516,2.0069580078125,0.0010611899197101593
4517,2.0520260334014893,0.0010602513793855906
4518,2.02695894241333,0.0010594793129712343
4519,2.0570919513702393,0.001057894667610526
4520,2.086958885192871,0.0010554904583841562
4521,2.207227945327759,0.0010531442239880562
4522,2.2522950172424316,0.0010510380379855633
4523,2.3074960708618164,0.0010492749279364944
4524,2.3776299953460693,0.0010471163550391793
4525,2.452564001083374,0.0010444766376167536
4526,2.427496910095215,0.00104139291215688
4527,2.497631072998047,0.001037696609273553
4528,2.4626970291137695,0.0010342567693442106
4529,2.532831907272339,0.001030626823194325
4530,2.537898063659668,0.0010269408812746406
4531,2.5829660892486572,0.0010235576191917062
4532,2.5426979064941406,0.001020406256429851
4533,2.562964916229248,0.0010174864437431097
4534,2.507765054702759,0.001014838693663478
4535,2.5677649974823,0.0010125215630978346
4536,2.512830972671509,0.0010102231753990054
4537,2.522697925567627,0.0010081559885293245
4538,2.4877638816833496,0.001006525824777782
4539,2.5277650356292725,0.0010053850710391998
4540,2.492830991744995,0.0010038930922746658
4541,2.5528318881988525,0.0010024704970419407
4542,2.497631072998047,0.001001463970169425
4543,2.5277650356292725,0.001001223223283887
4544,2.4826979637145996,0.0010011211270466447
4545,2.522697925567627,0.0010009629186242819
4546,2.4125630855560303,0.00100090098567307
4547,2.4725639820098877,0.001000656746327877
4548,2.4477639198303223,0.0010006276424974203
4549,2.4376299381256104,0.0010005527874454856
4550,2.427496910095215,0.0010001910850405693
4551,2.467763900756836,0.0009996214648708701
4552,2.442697048187256,0.0009988162200897932
4553,2.4626970291137695,0.0009981838520616293
4554,2.4325640201568604,0.000997617607936263
4555,2.522697925567627,0.000997060677036643
4556,2.427496910095215,0.0009962718468159437
4557,2.467763900756836,0.0009957420406863093
4558,2.2824289798736572,0.0009952702093869448
4559,1.3008160591125488,0.0009953172411769629
4560,0.12373500317335129,0.0009958998998627067
4561,-0.33200401067733765,0.000996528659015894
4562,-0.8328099846839905,0.000997234950773418
4563,-1.1584140062332153,0.0009979790775105357
4564,-1.3237500190734863,0.0009987326338887215
4565,-1.438951015472412,0.0009994894498959184
4566,-1.6741540431976318,0.0010001988848671317
4567,-1.724287986755371,0.0010008856188505888
4568,-1.7944220304489136,0.0010015314910560846
4569,-1.7642890214920044,0.0010021717753261328
4570,-1.8546899557113647,0.001002737320959568
4571,-1.9045569896697998,0.0010033096186816692
4572,-1.9898920059204102,0.0010038705077022314
4573,-1.999758005142212,0.0010044451337307692
4574,-2.049891948699951,0.0010050027631223202
4575,-2.009891986846924,0.0010055506136268377
4576,-2.089893102645874,0.0010060565546154976
4577,-2.0749590396881104,0.0010065669193863869
4578,-2.130160093307495,0.0010070526041090488
4579,-2.114959955215454,0.0010075396858155727
4580,-2.175226926803589,0.0010079878848046064
4581,-2.160027027130127,0.0010084336390718818
4582,-2.2501609325408936,0.0010088487761095166
4583,-2.265362024307251,0.001009253435768187
4584,-2.3954970836639404,0.0010096048936247826
4585,-2.4304299354553223,0.0010099507635459304
4586,-2.5205650329589844,0.0010102414526045322
4587,-2.5056309700012207,0.001010460895486176
4588,-2.5656321048736572,0.0010105911642313004
4589,-2.5706989765167236,0.0010106491390615702
4590,-2.690967082977295,0.0010106414556503296
4591,-2.6408329010009766,0.0010105619439855218
4592,-2.6808340549468994,0.0010104214306920767
4593,-2.625899076461792,0.0010102051310241222
4594,-2.6760330200195312,0.0010099452920258045
4595,-2.620832920074463,0.0010096528567373753
4596,-2.6658999919891357,0.001009335508570075
4597,-2.620832920074463,0.0010089874267578125
4598,-2.6760330200195312,0.0010086600668728352
4599,-2.6157660484313965,0.0010083322413265705
4600,-2.63576602935791,0.0010080155916512012
4601,-2.580832004547119,0.0010076831094920635
4602,-2.600832939147949,0.0010073772864416242
4603,-2.580832004547119,0.0010070798452943563
4604,-2.620832920074463,0.0010067971888929605
4605,-2.525631904602051,0.0010065147653222084
4606,-2.6157660484313965,0.0010062574874609709
4607,-2.55576491355896,0.001006007893010974
4608,-2.6058990955352783,0.0010057748295366764
4609,-2.540832042694092,0.001005528960376978
4610,-2.595766067504883,0.001005300902761519
4611,-2.55069899559021,0.0010050807613879442
4612,-2.5858991146087646,0.0010048571275547147
4613,-2.5706989765167236,0.0010046472307294607
4614,-2.5858991146087646,0.0010043906513601542
4615,-2.5456318855285645,0.0010040940251201391
4616,-2.580832004547119,0.0010037841275334358
4617,-2.5205650329589844,0.0010035664308816195
4618,-2.5656321048736572,0.0010034134611487389
4619,-2.55069899559021,0.0010031358106061816
4620,-2.5456318855285645,0.0010027573443949223
4621,-1.9848250150680542,0.0010021775960922241
4622,-0.697609007358551,0.001001823111437261
4623,0.07360100001096725,0.0010015193838626146
4624,0.4893389940261841,0.0010011122794821858
4625,0.9802790284156799,0.0010006354423239827
4626,1.1605479717254639,0.001000073621980846
4627,1.2757489681243896,0.0010004438227042556
4628,1.4309509992599487,0.0010007168166339397
4629,1.636286973953247,0.0010010828264057636
4630,1.6512210369110107,0.001000621123239398
4631,1.6762880086898804,0.0009997342713177204
4632,1.7264219522476196,0.0009988687233999372
4633,1.8216229677200317,0.0009983992204070091
4634,1.8165559768676758,0.000998349511064589
4635,1.8968240022659302,0.0009973145788535476
4636,1.8666900396347046,0.0009958820883184671
4637,1.9717580080032349,0.0009946146747097373
4638,1.9418909549713135,0.0009941403986886144
4639,2.00189208984375,0.000995079055428505
4640,2.0069580078125,0.000996182207018137
4641,2.0520260334014893,0.0009954196866601706
4642,2.0520260334014893,0.000993615249171853
4643,2.097093105316162,0.0009915740229189396
4644,2.0770928859710693,0.0009900288423523307
4645,2.2021610736846924,0.0009883977472782135
4646,2.207227945327759,0.000987391103990376
4647,2.317362070083618,0.0009860165882855654
4648,2.357362985610962,0.0009848742047324777
4649,2.4376299381256104,0.0009834314696490765
4650,2.4325640201568604,0.000982323894277215
4651,2.497631072998047,0.00098109629470855
4652,2.467763900756836,0.0009791430784389377
4653,2.547765016555786,0.0009767154697328806
4654,2.5277650356292725,0.0009742037509568036
4655,2.5978989601135254,0.0009722736431285739
4656,2.5528318881988525,0.0009705850388854742
4657,2.5778989791870117,0.0009685133118182421
4658,2.532831907272339,0.0009665889665484428
4659,2.58776593208313,0.0009651093278080225
4660,2.532831907272339,0.000963156227953732
4661,2.547765016555786,0.0009613806614652276
4662,2.492830991744995,0.0009596005547791719
4663,2.5277650356292725,0.000958428718149662
4664,2.492830991744995,0.0009578884346410632
4665,2.522697925567627,0.0009573630522936583
4666,2.4877638816833496,0.000957513926550746
4667,2.5026979446411133,0.0009584696963429451
4668,2.4376299381256104,0.0009596003219485283
4669,2.477631092071533,0.0009604684310033917
4670,2.452564001083374,0.0009607663378119469
4671,2.512830972671509,0.0009608668042346835
4672,2.467763900756836,0.0009616313618607819
4673,2.5026979446411133,0.0009622346260584891
4674,2.452564001083374,0.0009626660030335188
4675,2.4877638816833496,0.0009638178162276745
4676,2.467763900756836,0.0009655591566115618
4677,2.4626970291137695,0.0009663322707638144
4678,2.4576311111450195,0.0009666713885962963
4679,2.477631092071533,0.0009665359393693507
4680,2.467763900756836,0.0009658995550125837
4681,2.4877638816833496,0.0009652695734985173
4682,2.427496910095215,0.0009642967488616705
4683,2.4877638816833496,0.0009631092543713748
4684,2.452564001083374,0.0009624461526982486
4685,2.512830972671509,0.0009613490547053516
4686,2.4477639198303223,0.0009601093479432166
4687,2.4725639820098877,0.0009588656248524785
4688,2.4325640201568604,0.0009575069416314363
4689,2.452564001083374,0.0009556953446008265
4690,2.442697048187256,0.0009550444083288312
4691,2.4576311111450195,0.0009545553475618362
4692,2.452564001083374,0.0009542448678985238
4693,2.4477639198303223,0.0009544044150970876
4694,2.427496910095215,0.0009551681578159332
4695,2.477631092071533,0.000956669682636857
4696,2.4026970863342285,0.0009583705686964095
4697,2.497631072998047,0.0009608996333554387
4698,2.427496910095215,0.000963543658144772
4699,2.4376299381256104,0.0009668085258454084
4700,2.427496910095215,0.0009702484821900725
4701,2.422697067260742,0.0009752782643772662
4702,2.382430076599121,0.0009807923343032598
4703,2.4477639198303223,0.000988078536465764
4704,2.382430076599121,0.0009941158350557089
4705,2.422697067260742,0.0010008648969233036
4706,2.3874969482421875,0.0010082481894642115
4707,2.4725639820098877,0.0010151676833629608
4708,2.3776299953460693,0.001023993594571948
4709,2.4477639198303223,0.0010320914443582296
4710,2.427496910095215,0.0010423744097352028
4711,2.4376299381256104,0.0010555310873314738
4712,2.4125630855560303,0.0010701639112085104
4713,2.4725639820098877,0.0010877083986997604
4714,2.3776299953460693,0.0011072303168475628
4715,1.6061530113220215,0.0011278310557827353
4716,0.29893699288368225,0.0011483307462185621
4717,-0.23173600435256958,0.0011662716278806329
4718,-0.7426760196685791,0.0011836360208690166
4719,-1.1384140253067017,0.0012075207196176052
4720,-1.2885489463806152,0.0012379528488963842
4721,-1.348816990852356,0.0012768111191689968
4722,-1.634153962135315,0.0013239001855254173
4723,-1.7394880056381226,0.0013771597295999527
4724,-1.7744220495224,0.0014339671470224857
4725,-1.7794890403747559,0.0014973410870879889
4726,-1.8794900178909302,0.0015666689723730087
4727,-1.9045569896697998,0.0016418832819908857
4728,-1.9698909521102905,0.0017113989451900125
4729,-1.9746910333633423,0.0017790591809898615
4730,-2.044826030731201,0.0018474229145795107
4731,-1.9797580242156982,0.0019107048865407705
4732,-2.089893102645874,0.001977647189050913
4733,-2.049891948699951,0.002054445678368211
4734,-2.150160074234009,0.0021388819441199303
4735,-2.150160074234009,0.002226495649665594
4736,-2.185094118118286,0.002300618216395378
4737,-2.160027027130127,0.0023671570234000683
4738,-2.2501609325408936,0.002412322908639908
4739,-2.2501609325408936,0.0024474025703966618
4740,-2.390429973602295,0.0024822812993079424
4741,-2.4304299354553223,0.0025334262754768133
4742,-2.5157649517059326,0.00258600153028965
4743,-2.5157649517059326,0.002623520325869322
4744,-2.55069899559021,0.002646510023623705
4745,-2.595766067504883,0.0026634489186108112
4746,-2.6058990955352783,0.0026758902240544558
4747,-2.6408329010009766,0.0026861950755119324
4748,-2.6709671020507812,0.002697575371712446
4749,-2.6760330200195312,0.002705181948840618
4750,-2.6960339546203613,0.002713373862206936
4751,-2.650965929031372,0.002719179494306445
4752,-2.6760330200195312,0.002723639365285635
4753,-2.6309659481048584,0.0027288415003567934
4754,-2.6760330200195312,0.002732094842940569
4755,-2.6309659481048584,0.002736256690695882
4756,-2.6560330390930176,0.0027377114165574312
4757,-2.6109659671783447,0.0027385251596570015
4758,-2.63576602935791,0.0027374497149139643
4759,-2.575766086578369,0.0027365568093955517
4760,-2.625899076461792,0.0027350226882845163
4761,-2.5608320236206055,0.0027335742488503456
4762,-2.600832939147949,0.0027322389651089907
4763,-2.5656321048736572,0.0027308068238198757
4764,-2.5906989574432373,0.002730819396674633
4765,-2.5656321048736572,0.0027308366261422634
4766,-2.600832939147949,0.002732241526246071
4767,-2.5357649326324463,0.002733794040977955
4768,-2.580832004547119,0.002735318848863244
4769,-2.5656321048736572,0.002737164031714201
4770,-2.5906989574432373,0.0027383517008274794
4771,-2.540832042694092,0.002740065101534128
4772,-2.525631904602051,0.0027408055029809475
4773,-2.540832042694092,0.002741302130743861
4774,-2.600832939147949,0.002741267206147313
4775,-2.5157649517059326,0.0027416381053626537
4776,-2.575766086578369,0.0027426222804933786
4777,-2.53069806098938,0.0027433959767222404
4778,-2.5656321048736572,0.002744009718298912
4779,-2.5608320236206055,0.0027444041334092617
4780,-2.55576491355896,0.002744952216744423
4781,-2.5205650329589844,0.002745450474321842
4782,-2.575766086578369,0.002745745237916708
4783,-2.540832042694092,0.0027460837736725807
4784,-2.5205650329589844,0.0027463077567517757
4785,-2.5205650329589844,0.002746705897152424
4786,-2.5706989765167236,0.0027472348883748055
4787,-2.5056309700012207,0.002747712656855583
4788,-2.5456318855285645,0.00274829613044858
4789,-2.53069806098938,0.0027487105689942837
4790,-2.5608320236206055,0.0027486993931233883
4791,-2.53069806098938,0.002748413011431694
4792,-2.575766086578369,0.00274823815561831
4793,-2.5157649517059326,0.0027480688877403736
4794,-2.575766086578369,0.002747633960098028
4795,-2.5205650329589844,0.002746774349361658
4796,-2.525631904602051,0.0027462190482765436
4797,-2.5205650329589844,0.0027456118259578943
4798,-2.525631904602051,0.002744676312431693
4799,-2.525631904602051,0.002743151970207691
4800,-2.55576491355896,0.0027416578959673643
4801,-2.495764970779419,0.0027401261031627655
4802,-2.55069899559021,0.002738256473094225
4803,-2.5005650520324707,0.0027363712433725595
4804,-2.5357649326324463,0.002734320005401969
4805,-2.485630989074707,0.002732235239818692
4806,-2.5157649517059326,0.002730322303250432
4807,-2.5005650520324707,0.002728502731770277
4808,-2.55069899559021,0.0027269020210951567
4809,-2.5056309700012207,0.00272543472237885
4810,-2.5706989765167236,0.002724011894315481
4811,-2.4906980991363525,0.0027224819641560316
4812,-2.5456318855285645,0.002721159951761365
4813,-2.4906980991363525,0.002719651907682419
4814,-2.525631904602051,0.0027180719189345837
4815,-2.4906980991363525,0.0027160486206412315
4816,-2.5357649326324463,0.0027134795673191547
4817,-2.5205650329589844,0.0027111019007861614
4818,-2.55576491355896,0.0027087877970188856
4819,-2.4906980991363525,0.00270653422921896
4820,-2.53069806098938,0.002704307436943054
4821,-2.4906980991363525,0.002702096477150917
4822,-2.5357649326324463,0.002699887380003929
4823,-2.5005650520324707,0.0026976936496794224
4824,-2.540832042694092,0.0026955169159919024
4825,-2.5056309700012207,0.002693359972909093
4826,-2.53069806098938,0.002691213507205248
4827,-2.470698118209839,0.0026890714652836323
4828,-2.53069806098938,0.0026869503781199455
4829,-2.5205650329589844,0.002684827893972397
4830,-2.55576491355896,0.0026827268302440643
4831,-2.510698080062866,0.0026806448586285114
4832,-2.55576491355896,0.002678576624020934
4833,-2.510698080062866,0.0026765097863972187
4834,-2.5608320236206055,0.002674455288797617
4835,-2.470698118209839,0.0026725262869149446
4836,-2.5608320236206055,0.00267123244702816
4837,-2.5005650520324707,0.0026720138266682625
4838,-2.540832042694092,0.002674031537026167
4839,-2.4906980991363525,0.002677572425454855
4840,-2.5706989765167236,0.00268275267444551
4841,-2.525631904602051,0.0026876647025346756
4842,-2.55069899559021,0.0026931334286928177
4843,-2.53069806098938,0.002700135111808777
4844,-2.5656321048736572,0.002706451341509819
4845,-2.4906980991363525,0.0027115026023238897
4846,-2.55576491355896,0.0027161133475601673
4847,-2.510698080062866,0.0027211406268179417
4848,-2.540832042694092,0.002726971870288253
4849,-2.525631904602051,0.002732674591243267
4850,-2.53069806098938,0.0027387174777686596
4851,-2.470698118209839,0.0027446451131254435
4852,-2.5357649326324463,0.00275090872310102
4853,-2.5005650520324707,0.0027571748942136765
4854,-2.5456318855285645,0.0027638403698801994
4855,-2.4906980991363525,0.002769638318568468
4856,-2.5357649326324463,0.0027751054149121046
4857,-2.53069806098938,0.002780888695269823
4858,-2.53069806098938,0.0027874934021383524
4859,-2.5157649517059326,0.0027940296567976475
4860,-2.540832042694092,0.0027997016441076994
4861,-2.495764970779419,0.0028046914376318455
4862,-2.575766086578369,0.0028094525914639235
4863,-2.495764970779419,0.0028136952314525843
4864,-2.540832042694092,0.00281692435964942
4865,-2.5005650520324707,0.0028191411402076483
4866,-2.575766086578369,0.00282076932489872
4867,-2.4805641174316406,0.002822049194946885
4868,-2.55576491355896,0.002823369111865759
4869,-2.5157649517059326,0.0028246340807527304
4870,-2.540832042694092,0.0028256867080926895
4871,-2.5157649517059326,0.0028263372369110584
4872,-2.55576491355896,0.0028268638998270035
4873,-2.4906980991363525,0.0028273663483560085
4874,-2.525631904602051,0.0028280008118599653
4875,-2.5157649517059326,0.0028287216555327177
4876,-2.540832042694092,0.0028294522780925035
4877,-2.5357649326324463,0.002830349374562502
4878,-2.5656321048736572,0.002831109333783388
4879,-2.5205650329589844,0.0028318611439317465
4880,-2.55069899559021,0.0028324835002422333
4881,-2.495764970779419,0.0028327936306595802
4882,-2.540832042694092,0.0028324166778475046
4883,-2.5205650329589844,0.002831019228324294
4884,-2.5656321048736572,0.002829850185662508
4885,-2.5157649517059326,0.00282871606759727
4886,-2.5357649326324463,0.002828453201800585
4887,-2.525631904602051,0.002828687895089388
4888,-2.540832042694092,0.002828944707289338
4889,-2.5205650329589844,0.0028288261964917183
4890,-2.53069806098938,0.0028282450512051582
4891,-2.5157649517059326,0.002828650875017047
4892,-2.525631904602051,0.0028294320218265057
4893,-2.5056309700012207,0.0028300387784838676
4894,-2.540832042694092,0.0028297696262598038
4895,-2.510698080062866,0.0028280536644160748
4896,-2.5706989765167236,0.00282610603608191
4897,-2.5157649517059326,0.002826082054525614
4898,-2.5357649326324463,0.0028275558724999428
4899,-2.5157649517059326,0.0028292592614889145
4900,-2.55069899559021,0.002831467194482684
4901,-2.495764970779419,0.0028355102986097336
4902,-2.525631904602051,0.002839762717485428
4903,-2.495764970779419,0.0028445913922041655
4904,-2.53069806098938,0.0028489911928772926
4905,-2.5005650520324707,0.0028522119391709566
4906,-2.53069806098938,0.002854227786883712
4907,-2.5056309700012207,0.0028557907789945602
4908,-2.53069806098938,0.0028575260657817125
4909,-2.5005650520324707,0.0028596981428563595
4910,-2.55576491355896,0.0028623961843550205
4911,-2.5205650329589844,0.002865097252652049
4912,-2.5456318855285645,0.0028673806227743626
4913,-2.53069806098938,0.0028691012412309647
4914,-2.55576491355896,0.0028702644631266594
4915,-2.495764970779419,0.0028706255834549665
4916,-2.575766086578369,0.002871146658435464
4917,-2.4906980991363525,0.002871373202651739
4918,-2.5608320236206055,0.002871518488973379
4919,-2.495764970779419,0.002871542703360319
4920,-2.5456318855285645,0.0028715748339891434
4921,-2.5157649517059326,0.002872406505048275
4922,-2.540832042694092,0.002872781129553914
4923,-2.5056309700012207,0.0028723187278956175
4924,-2.540832042694092,0.0028716945089399815
4925,-2.5056309700012207,0.002871441887691617
4926,-2.55576491355896,0.002872294280678034
4927,-2.5205650329589844,0.00287420442327857
4928,-2.55069899559021,0.0028757727704942226
4929,-2.4805641174316406,0.002877533435821533
4930,-2.55069899559021,0.0028795497491955757
4931,-2.525631904602051,0.00288021145388484
4932,-2.540832042694092,0.0028797569684684277
4933,-2.485630989074707,0.0028798338025808334
4934,-2.55576491355896,0.0028804116882383823
4935,-2.495764970779419,0.0028815227560698986
4936,-2.5456318855285645,0.0028830990195274353
4937,-2.5056309700012207,0.002885272726416588
4938,-2.55576491355896,0.0028882466722279787
4939,-2.5157649517059326,0.002891805488616228
4940,-2.53069806098938,0.0028950278647243977
4941,-2.55069899559021,0.002898687496781349
4942,-2.540832042694092,0.0029026453848928213
4943,-2.495764970779419,0.0029065883718430996
4944,-2.55576491355896,0.0029103446286171675
4945,-2.495764970779419,0.002914204029366374
4946,-2.540832042694092,0.00291707506403327
4947,-2.4906980991363525,0.0029197479598224163
4948,-2.525631904602051,0.002922490704804659
4949,-2.5157649517059326,0.0029250141233205795
4950,-2.5357649326324463,0.0029272539541125298
4951,-2.4805641174316406,0.002929035574197769
4952,-2.5157649517059326,0.002930867485702038
4953,-2.470698118209839,0.0029320898465812206
4954,-2.5357649326324463,0.00293342093937099
4955,-2.5056309700012207,0.002934323390945792
4956,-2.540832042694092,0.002935203956440091
4957,-2.4805641174316406,0.0029346602968871593
4958,-2.485630989074707,0.002933881711214781
4959,-2.5157649517059326,0.0029315538704395294
4960,-2.55069899559021,0.002930685877799988
4961,-2.4754979610443115,0.0029292453546077013
4962,-2.5357649326324463,0.00292734382674098
4963,-2.5056309700012207,0.00292601203545928
4964,-2.5608320236206055,0.0029228797648102045
4965,-2.5357649326324463,0.002920533064752817
4966,-2.525631904602051,0.00291607528924942
4967,-2.510698080062866,0.0029087751172482967
4968,-2.4906980991363525,0.0029000169597566128
4969,-2.4906980991363525,0.002888379618525505
4970,-2.575766086578369,0.0028747678734362125
4971,-2.5205650329589844,0.0028600578662008047
4972,-2.5608320236206055,0.002845436567440629
4973,-2.53069806098938,0.0028330767527222633
4974,-2.5608320236206055,0.0028210198506712914
4975,-2.5205650329589844,0.002802227158099413
4976,-2.5656321048736572,0.0027769277803599834
4977,-2.5157649517059326,0.0027433207724243402
4978,-2.5157649517059326,0.002701306249946356
4979,-2.5005650520324707,0.0026534206699579954
4980,-2.53069806098938,0.00260218046605587
4981,-2.5005650520324707,0.0025444875936955214
4982,-2.53069806098938,0.002480886410921812
4983,-2.5005650520324707,0.0024113869294524193
4984,-2.5157649517059326,0.002347588771954179
4985,-2.4805641174316406,0.0022856597788631916
4986,-2.5157649517059326,0.0022229922469705343
4987,-2.4754979610443115,0.002165483310818672
4988,-2.53069806098938,0.0021042744629085064
4989,-2.495764970779419,0.002033224329352379
4990,-2.5157649517059326,0.001954363426193595
4991,-2.485630989074707,0.0018719302024692297
4992,-2.5656321048736572,0.001802394399419427
4993,-2.510698080062866,0.0017398137133568525
4994,-2.5608320236206055,0.0016982026863843203
4995,-2.5056309700012207,0.0016662497073411942
4996,-1.9898920059204102,0.001634593354538083
4997,-0.6626750230789185,0.0015871664509177208
4998,0.05360100045800209,0.0015382419805973768
4999,0.5344070196151733,0.0015043406747281551
5000,0.9602789878845215,0.0014848839491605759
5001,1.2205489873886108,0.001471315510571003
5002,1.2706830501556396,0.0014621992595493793
5003,1.4909520149230957,0.001455299323424697
5004,1.5962870121002197,0.0014477227814495564
5005,1.68135404586792,0.0014434987679123878
5006,1.6312199831008911,0.0014382853405550122
5007,1.781622052192688,0.00143463967833668
5008,1.8066890239715576,0.0014312517596408725
5009,1.8765569925308228,0.001426860224455595
5010,1.8365559577941895,0.0014239649754017591
5011,1.9466910362243652,0.0014198953285813332
5012,1.9517580270767212,0.0014185551553964615
5013,1.9968249797821045,0.0014180300058797002
5014,1.9669580459594727,0.0014202161692082882
5015,2.02695894241333,0.0014227539068087935
5016,2.016824960708618,0.0014262448530644178
5017,2.0669589042663574,0.0014290085528045893
5018,2.02695894241333,0.0014310540864244103
5019,2.117093086242676,0.0014336006715893745
5020,2.122159957885742,0.0014352884609252214
5021,2.292294979095459,0.0014378548366948962
5022,2.3074960708618164,0.0014403185341507196
5023,2.4026970863342285,0.0014428133144974709
5024,2.3925631046295166,0.0014454610645771027
5025,2.4477639198303223,0.0014483167324215174
5026,2.442697048187256,0.0014526527374982834
5027,2.207227945327759,0.001456519472412765
5028,0.8949450254440308,0.0014618819113820791
5029,0.08880099654197693,0.0014680707827210426
5030,-0.40213799476623535,0.001475038006901741
5031,-0.8128100037574768,0.0014820019714534283
5032,-1.1634809970855713,0.0014883029507473111
5033,-1.1634809970855713,0.0014944864669814706
5034,-1.4237509965896606,0.001500696991570294
5035,-1.5490859746932983,0.0015064732870087028
5036,-1.6842880249023438,0.0015119505114853382
5037,-1.6592210531234741,0.0015172288985922933
5038,-1.7442879676818848,0.0015222658403217793
5039,-1.7845560312271118,0.001527062151581049
5040,-1.8946900367736816,0.001531613408587873
5041,-1.8794900178909302,0.001535942079499364
5042,-1.9898920059204102,0.0015400131233036518
5043,-1.9746910333633423,0.0015438908012583852
5044,-1.9797580242156982,0.001547719119116664
5045,-1.9746910333633423,0.0015515257837250829
5046,-2.044826030731201,0.0015552977565675974
5047,-2.034959077835083,0.0015590577386319637
5048,-2.1450929641723633,0.0015626373933628201
5049,-2.0949599742889404,0.001566107850521803
5050,-2.160027027130127,0.0015693949535489082
5051,-2.175226926803589,0.0015725735574960709
5052,-2.300295114517212,0.0015756420325487852
5053,-2.300295114517212,0.0015787833835929632
5054,-2.4656310081481934,0.0015822395216673613
5055,-2.4304299354553223,0.0015858493279665709
5056,-2.525631904602051,0.0015903683379292488
5057,-2.5056309700012207,0.0015968168154358864
5058,-2.5706989765167236,0.0016044711228460073
5059,-2.6058990955352783,0.0016124818939715624
5060,-2.600832939147949,0.0016206440050154924
5061,-2.6157660484313965,0.0016273863147944212
5062,-2.6560330390930176,0.0016332536470144987
5063,-2.6109659671783447,0.0016386538045480847
5064,-2.6309659481048584,0.0016434795688837767
5065,-2.6058990955352783,0.0016481648199260235
5066,-2.6560330390930176,0.0016530038556084037
5067,-2.5656321048736572,0.0016581001691520214
5068,-2.625899076461792,0.0016629790188744664
5069,-2.55576491355896,0.0016666557639837265
5070,-2.625899076461792,0.0016695023514330387
5071,-2.5656321048736572,0.0016718743136152625
5072,-2.6157660484313965,0.0016740988940000534
5073,-2.5656321048736572,0.0016764500178396702
5074,-2.6157660484313965,0.0016788970679044724
5075,-2.55069899559021,0.00168148847296834
5076,-2.600832939147949,0.0016845294740051031
5077,-2.53069806098938,0.0016881003975868225
5078,-2.525631904602051,0.0016915188170969486
5079,-2.4805641174316406,0.0016945441020652652
5080,-2.53069806098938,0.001697450177744031
5081,-2.53069806098938,0.0017005305271595716
5082,-2.5608320236206055,0.0017040296224877238
5083,-2.5157649517059326,0.0017082029953598976
5084,-2.5706989765167236,0.001712472178041935
5085,-2.5005650520324707,0.0017166053876280785
5086,-2.55069899559021,0.001720762811601162
5087,-2.540832042694092,0.0017249633092433214
5088,-2.5656321048736572,0.001729193958453834
5089,-2.440563917160034,0.0017328134272247553
5090,-1.714421033859253,0.0017361552454531193
5091,-0.3672049939632416,0.001739375526085496
5092,0.14373500645160675,0.0017417999915778637
5093,0.6797419786453247,0.0017420400399714708
5094,1.025346040725708,0.0017410158179700375
5095,1.1704150438308716,0.0017382322112098336
5096,1.255748987197876,0.0017338718753308058
5097,1.541085958480835,0.0017300406470894814
5098,1.641353964805603,0.0017261672765016556
5099,1.7213549613952637,0.001721288776025176
5100,1.6512210369110107,0.001717630191706121
5101,1.7664220333099365,0.001715241465717554
5102,1.796555995941162,0.0017126206075772643
5103,1.8616230487823486,0.0017090861219912767
5104,1.9016239643096924,0.0017041838727891445
5105,1.9317569732666016,0.0016990354051813483
5106,1.9218909740447998,0.001693539321422577
5107,1.9869580268859863,0.0016884524375200272
5108,1.9917579889297485,0.001683668466284871
5109,1.9968249797821045,0.001679334556683898
5110,1.9917579889297485,0.0016749242786318064
5111,2.0821590423583984,0.0016708015464246273
5112,2.0520260334014893,0.0016667790478095412
5113,2.1069600582122803,0.001662573660723865
5114,2.1722939014434814,0.001657999586313963
5115,2.262428045272827,0.0016543653327971697
5116,2.257361888885498,0.001652004779316485
5117,2.382430076599121,0.001650750869885087
5118,2.3925631046295166,0.001650167745538056
5119,2.427496910095215,0.001650522230193019
5120,2.407496929168701,0.0016524635720998049
5121,1.9418909549713135,0.0016549787251278758
5122,0.5744069814682007,0.001658629160374403
5123,-0.03653400018811226,0.0016631628386676311
5124,-0.5173400044441223,0.00166798522695899
5125,-0.9178779721260071,0.001672688638791442
5126,-1.1584140062332153,0.0016775059048086405
5127,-1.183480978012085,0.0016826011706143618
5128,-1.4738850593566895,0.001687371521256864
5129,-1.5941530466079712,0.0016916135791689157
5130,-1.6741540431976318,0.0016952885780483484
5131,-1.6392199993133545,0.0016986781265586615
5132,-1.769355058670044,0.0017018772196024656
5133,-1.7994890213012695,0.0017048988956958055
5134,-1.8645570278167725,0.0017077119555324316
5135,-1.889623999595642,0.0017102984711527824
5136,-1.9546910524368286,0.0017126861494034529
5137,-1.9746910333633423,0.001714860089123249
5138,-2.0149590969085693,0.001716869999654591
5139,-1.9797580242156982,0.0017186789773404598
5140,-2.0397589206695557,0.0017203150782734156
5141,-2.034959077835083,0.0017216707346960902
5142,-2.0949599742889404,0.0017227369826287031
5143,-2.0698928833007812,0.001723522087559104
5144,-2.1400270462036133,0.0017240452580153942
5145,-2.1952269077301025,0.0017242353642359376
5146,-2.280294895172119,0.0017242856556549668
5147,-2.295228958129883,0.00172419473528862
5148,-2.4304299354553223,0.0017242516623809934
5149,-2.4554970264434814,0.001724003697745502
5150,-2.5056309700012207,0.0017241784371435642
5151,-2.5357649326324463,0.0017250415403395891
5152,-2.2250940799713135,0.0017266030190512538
5153,-0.9029449820518494,0.0017279648454859853
5154,-0.12666800618171692,0.0017290030373260379
5155,0.3440040051937103,0.0017297203885391355
5156,0.7797430157661438,0.0017290018731728196
5157,1.1002800464630127,0.0017262619221583009
5158,1.1304140090942383,0.001722576329484582
5159,1.3608169555664062,0.0017185343895107508
5160,1.476017951965332,0.0017145771998912096
5161,1.5912200212478638,0.0017120440024882555
5162,1.5560189485549927,0.0017103522550314665
5163,1.6664210557937622,0.0017091237241402268
5164,1.7413549423217773,0.0017083999700844288
5165,1.796555995941162,0.001707790419459343
5166,1.8066890239715576,0.0017069648019969463
5167,1.8968240022659302,0.0017059196252375841
5168,1.8816239833831787,0.0017054644413292408
5169,1.9168239831924438,0.0017061242833733559
5170,1.9016239643096924,0.0017075689975172281
5171,1.9717580080032349,0.0017094060312956572
5172,1.9466910362243652,0.0017113536596298218
5173,2.0218920707702637,0.0017131563508883119
5174,2.0120251178741455,0.001714971731416881
5175,2.0770928859710693,0.001716536469757557
5176,2.0821590423583984,0.001717698061838746
5177,2.167227029800415,0.001718732062727213
5178,2.2021610736846924,0.0017202389426529408
5179,2.3424289226531982,0.0017220567679032683
5180,2.3776299953460693,0.0017239087028428912
5181,2.4325640201568604,0.0017256606370210648
5182,2.407496929168701,0.0017274627462029457
5183,2.317362070083618,0.0017283677589148283
5184,1.2106820344924927,0.0017292178235948086
5185,0.2088029980659485,0.0017298830207437277
5186,-0.3018699884414673,0.0017303082859143615
5187,-0.7778760194778442,0.0017312627751380205
5188,-1.118414044380188,0.0017325244843959808
5189,-1.1533479690551758,0.0017338530160486698
5190,-1.3586839437484741,0.0017350157722830772
5191,-1.5189520120620728,0.0017360467463731766
5192,-1.6992210149765015,0.0017368835397064686
5193,-1.629086971282959,0.0017375373281538486
5194,-1.7394880056381226,0.0017379515338689089
5195,-1.7744220495224,0.0017381156794726849
5196,-1.8546899557113647,0.0017379866912961006
5197,-1.8394900560379028,0.0017376053147017956
5198,-1.9546910524368286,0.0017370095010846853
5199,-1.9397579431533813,0.0017362681683152914
5200,-1.9746910333633423,0.0017353207804262638
5201,-1.9346909523010254,0.001734282122924924
5202,-2.024825096130371,0.0017330778064206243
5203,-2.044826030731201,0.001731815398670733
5204,-2.1098930835723877,0.0017304533394053578
5205,-2.0698928833007812,0.001729033887386322
5206,-2.175226926803589,0.0017273637931793928
5207,-2.1450929641723633,0.0017255384009331465
5208,-2.255228042602539,0.0017234955448657274
5209,-2.240294933319092,0.00172131834551692
5210,-2.3754959106445312,0.0017191527877002954
5211,-2.4005630016326904,0.001716822269372642
5212,-2.4906980991363525,0.0017148798797279596
5213,-2.4906980991363525,0.0017144156154245138
5214,-2.55069899559021,0.0017154286615550518
5215,-2.5456318855285645,0.0017165993340313435
5216,-2.580832004547119,0.0017178894486278296
5217,-2.5656321048736572,0.001717905281111598
5218,-2.6309659481048584,0.001716797472909093
5219,-2.595766067504883,0.0017152094515040517
5220,-2.6408329010009766,0.0017130044288933277
5221,-2.5357649326324463,0.0017105513252317905
5222,-2.6109659671783447,0.001708178548142314
5223,-2.5456318855285645,0.0017061007674783468
5224,-2.6157660484313965,0.0017041054088622332
5225,-2.53069806098938,0.001700869295746088
5226,-2.5906989574432373,0.0016967104747891426
5227,-2.55576491355896,0.001692027784883976
5228,-2.5608320236206055,0.0016871350817382336
5229,-2.5357649326324463,0.0016823054756969213
5230,-2.575766086578369,0.001677588908933103
5231,-2.53069806098938,0.0016729976050555706
5232,-2.5858991146087646,0.0016687862807884812
5233,-2.540832042694092,0.00166520441416651
5234,-2.5656321048736572,0.0016615830827504396
5235,-2.5608320236206055,0.0016575652407482266
5236,-2.525631904602051,0.0016533688176423311
5237,-2.540832042694092,0.001649308018386364
5238,-2.5706989765167236,0.0016456182347610593
5239,-2.5005650520324707,0.0016425763024017215
5240,-2.55069899559021,0.0016398981679230928
5241,-2.5157649517059326,0.001636990811675787
5242,-2.580832004547119,0.0016340888105332851
5243,-2.525631904602051,0.0016310526989400387
5244,-2.540832042694092,0.0016279412666335702
5245,-2.4906980991363525,0.0016245278529822826
5246,-2.525631904602051,0.0016212321352213621
5247,-2.510698080062866,0.0016181512037292123
5248,-2.5456318855285645,0.0016156474594026804
5249,-2.495764970779419,0.0016136455815285444
5250,-2.53069806098938,0.0016116976039484143
5251,-2.485630989074707,0.0016100895591080189
5252,-2.525631904602051,0.0016082734800875187
5253,-2.5205650329589844,0.0016060913912951946
5254,-2.5357649326324463,0.0016036398010328412
5255,-2.5056309700012207,0.0016009374521672726
5256,-2.53069806098938,0.001597945112735033
5257,-2.470698118209839,0.001594937639310956
5258,-2.5205650329589844,0.0015920063015073538
5259,-2.510698080062866,0.001589104998856783
5260,-2.53069806098938,0.0015858542174100876
5261,-2.495764970779419,0.0015827874885872006
5262,-2.5205650329589844,0.0015800801338627934
5263,-2.495764970779419,0.0015778044471517205
5264,-2.53069806098938,0.0015762727707624435
5265,-2.4906980991363525,0.0015750338789075613
5266,-2.55576491355896,0.001574070192873478
5267,-2.5157649517059326,0.0015733097679913044
5268,-2.5656321048736572,0.0015725919511169195
5269,-2.4754979610443115,0.0015714616747573018
5270,-2.5706989765167236,0.0015697421040385962
5271,-2.5005650520324707,0.0015676186885684729
5272,-2.525631904602051,0.0015653097070753574
5273,-2.470698118209839,0.0015633607981726527
5274,-2.5357649326324463,0.001561472425237298
5275,-2.5056309700012207,0.0015593464486300945
5276,-2.5205650329589844,0.0015567627269774675
5277,-2.4805641174316406,0.0015534480335190892
5278,-2.5357649326324463,0.0015491591766476631
5279,-2.470698118209839,0.0015446816105395555
5280,-2.55069899559021,0.0015397889073938131
5281,-2.5056309700012207,0.0015346158761531115
5282,-2.55069899559021,0.0015289818402379751
5283,-2.5056309700012207,0.0015233471058309078
5284,-2.525631904602051,0.0015175377484411001
5285,-2.470698118209839,0.0015111821703612804
5286,-2.5157649517059326,0.0015044151805341244
5287,-2.4754979610443115,0.001497701508924365
5288,-2.540832042694092,0.0014912323094904423
5289,-2.5357649326324463,0.001484980690293014
5290,-2.540832042694092,0.0014789709821343422
5291,-2.4906980991363525,0.0014735159929841757
5292,-2.55069899559021,0.0014685674104839563
5293,-2.5157649517059326,0.0014640225563198328
5294,-2.5157649517059326,0.0014598530251532793
5295,-2.5056309700012207,0.001456007594242692
5296,-2.5357649326324463,0.0014524476137012243
5297,-2.470698118209839,0.0014491381589323282
5298,-2.5005650520324707,0.001446072943508625
5299,-2.4456310272216797,0.0014432157622650266
5300,-2.5157649517059326,0.001440542982891202
5301,-2.470698118209839,0.0014380891807377338
5302,-2.53069806098938,0.0014357627369463444
5303,-2.4906980991363525,0.0014334805309772491
5304,-2.540832042694092,0.001431266195140779
5305,-2.4805641174316406,0.0014289895771071315
5306,-2.525631904602051,0.0014266895595937967
5307,-2.4805641174316406,0.0014245868660509586
5308,-2.3805630207061768,0.0014229817315936089
5309,-1.2336150407791138,0.001422218861989677
5310,-0.19680200517177582,0.0014217083808034658
5311,0.3141370117664337,0.0014211087254807353
5312,0.7498760223388672,0.0014195081312209368
5313,1.1253470182418823,0.001415946171618998
5314,1.1856149435043335,0.0014112938661128283
5315,1.37575101852417,0.0014065722934901714
5316,1.541085958480835,0.0014019703958183527
5317,1.7064210176467896,0.0013991236919537187
5318,1.6562869548797607,0.0013975128531455994
5319,1.7464220523834229,0.001396672916598618
5320,1.7413549423217773,0.0013961303047835827
5321,1.8314900398254395,0.0013955351896584034
5322,1.8917570114135742,0.001394745078869164
5323,1.9317569732666016,0.0013934032758697867
5324,1.9016239643096924,0.0013920895289629698
5325,1.9618910551071167,0.0013919924385845661
5326,1.9768249988555908,0.0013929834822192788
5327,2.032025098800659,0.0013948497362434864
5328,1.9768249988555908,0.0013968333369120955
5329,2.0418920516967773,0.001398654654622078
5330,2.0418920516967773,0.0014004090335220098
5331,2.1120259761810303,0.0014020383823662996
5332,2.0920259952545166,0.0014029431622475386
5333,2.192293882369995,0.0014032842591404915
5334,2.2824289798736572,0.0014039918314665556
5335,2.3424289226531982,0.0014055351493880153
5336,2.372562885284424,0.0014070344623178244
5337,2.4477639198303223,0.0014082972193136811
5338,2.4176299571990967,0.0014091457705944777
5339,2.4477639198303223,0.0014093667268753052
5340,1.5810860395431519,0.0014095106162130833
5341,0.3592039942741394,0.0014096028171479702
5342,-0.16666899621486664,0.0014092177152633667
5343,-0.5824069976806641,0.0014081959379836917
5344,-1.0432130098342896,0.001406633760780096
5345,-1.1634809970855713,0.001405275659635663
5346,-1.2986830472946167,0.0014038323424756527
5347,-1.504019021987915,0.001402060966938734
5348,-1.6541539430618286,0.0014002439565956593
5349,-1.6642869710922241,0.0013983366079628468
5350,-1.6944210529327393,0.0013962967786937952
5351,-1.7042880058288574,0.001394322025589645
5352,-1.8296229839324951,0.0013921587960794568
5353,-1.8245559930801392,0.0013895923038944602
5354,-1.9397579431533813,0.001386420801281929
5355,-1.9197570085525513,0.0013826185604557395
5356,-1.9848250150680542,0.0013782191090285778
5357,-1.9746910333633423,0.0013737145345658064
5358,-2.0800259113311768,0.0013698384864255786
5359,-2.0048251152038574,0.00136640015989542
5360,-2.089893102645874,0.0013634830247610807
5361,-2.0800259113311768,0.0013608892913907766
5362,-2.1400270462036133,0.0013582694809883833
5363,-2.150160074234009,0.0013553084572777152
5364,-2.255228042602539,0.0013516906183212996
5365,-2.2501609325408936,0.0013475838350132108
5366,-2.390429973602295,0.0013431546976789832
5367,-2.4304299354553223,0.0013395649148151278
5368,-2.5005650520324707,0.0013366369530558586
5369,-2.495764970779419,0.0013344928156584501
5370,-2.540832042694092,0.0013330301735550165
5371,-2.5456318855285645,0.0013313887175172567
5372,-2.5858991146087646,0.0013292114017531276
5373,-2.5656321048736572,0.0013263539876788855
5374,-2.650965929031372,0.0013225640868768096
5375,-2.5906989574432373,0.00131789012812078
5376,-2.63576602935791,0.0013123506214469671
5377,-2.5706989765167236,0.00130722695030272
5378,-2.625899076461792,0.0013016699813306332
5379,-2.5706989765167236,0.0012956901919096708
5380,-2.595766067504883,0.0012893022503703833
5381,-2.55576491355896,0.00128305540420115
5382,-2.6109659671783447,0.0012767140287905931
5383,-2.55576491355896,0.0012704719556495547
5384,-2.6058990955352783,0.0012649050913751125
5385,-2.55576491355896,0.0012599248439073563
5386,-2.5906989574432373,0.0012553168926388025
5387,-2.5706989765167236,0.001251143403351307
5388,-2.55576491355896,0.0012474132236093283
5389,-2.5205650329589844,0.00124409853015095
5390,-2.540832042694092,0.0012410951312631369
5391,-2.5205650329589844,0.0012379992986097932
5392,-2.540832042694092,0.001235016155987978
5393,-2.495764970779419,0.0012323029804974794
5394,-2.540832042694092,0.001229677814990282
5395,-2.5005650520324707,0.0012271860614418983
5396,-2.5456318855285645,0.001224803039804101
5397,-2.53069806098938,0.0012226601829752326
5398,-2.5906989574432373,0.00122087262570858
5399,-2.540832042694092,0.0012193606235086918
5400,-2.5456318855285645,0.0012181904166936874
5401,-2.495764970779419,0.0012175154406577349
5402,-2.2202939987182617,0.001216977834701538
5403,-0.8978779911994934,0.0012169983237981796
5404,-0.06666799634695053,0.0012168011162430048
5405,0.4192050099372864,0.0012166686356067657
5406,0.8749439716339111,0.0012157945893704891
5407,1.150413990020752,0.0012138288002461195
5408,1.2005480527877808,0.001211024820804596
5409,1.4360179901123047,0.0012083782348781824
5410,1.5661530494689941,0.0012055737897753716
5411,1.6712210178375244,0.0012031998485326767
5412,1.6261539459228516,0.0012014368548989296
5413,1.7514890432357788,0.001200223807245493
5414,1.7714890241622925,0.0011993764201179147
5415,1.846690058708191,0.0011985409073531628
5416,1.851755976676941,0.0011976214591413736
5417,1.9418909549713135,0.0011966443853452802
5418,1.9168239831924438,0.0011954251676797867
5419,1.9968249797821045,0.0011942337732762098
5420,1.9618910551071167,0.0011933138594031334
5421,1.9968249797821045,0.0011927152518182993
5422,1.9917579889297485,0.0011924180435016751
5423,1.9968249797821045,0.001192198833450675
5424,2.0218920707702637,0.0011920041870325804
5425,2.072026014328003,0.0011916884686797857
5426,2.1069600582122803,0.0011911957990378141
5427,2.222161054611206,0.0011908120941370726
5428,2.2424280643463135,0.0011907245498150587
5429,2.3674960136413574,0.0011908630840480328
5430,2.3874969482421875,0.0011908062733709812
5431,2.452564001083374,0.0011907274601981044
5432,2.452564001083374,0.0011904051061719656
5433,2.32749605178833,0.001190039562061429
5434,1.2306820154190063,0.001189366914331913
5435,0.19893600046634674,0.0011882941471412778
5436,-0.2818700075149536,0.0011867810972034931
5437,-0.7176089882850647,0.00118455127812922
5438,-1.0984139442443848,0.0011813227320089936
5439,-1.1482809782028198,0.0011779984924942255
5440,-1.338683009147644,0.001174483448266983
5441,-1.5240190029144287,0.0011710128746926785
5442,-1.6842880249023438,0.0011674393899738789
5443,-1.6392199993133545,0.0011637010611593723
5444,-1.7394880056381226,0.001159848179668188
5445,-1.7394880056381226,0.0011559408158063889
5446,-1.8645570278167725,0.0011520046973600984
5447,-1.8496229648590088,0.001148023409768939
5448,-1.9296239614486694,0.0011440443340688944
5449,-1.9746910333633423,0.00114001939073205
5450,-1.999758005142212,0.001136039849370718
5451,-1.9698909521102905,0.001132044824771583
5452,-2.0397589206695557,0.0011280439794063568
5453,-1.9946919679641724,0.0011240083258599043
5454,-2.0800259113311768,0.0011199680157005787
5455,-2.049891948699951,0.0011158206034451723
5456,-2.130160093307495,0.001111650955863297
5457,-2.1250929832458496,0.0011073625646531582
5458,-2.2602949142456055,0.0011030533351004124
5459,-2.2701621055603027,0.001098669832572341
5460,-2.4104299545288086,0.001094318344257772
5461,-2.4456310272216797,0.0010899398475885391
5462,-2.4805641174316406,0.0010858383029699326
5463,-2.5056309700012207,0.001081999042071402
5464,-2.4656310081481934,0.001078842906281352
5465,-1.6141539812088013,0.001076637883670628
5466,-0.40213799476623535,0.0010749292559921741
5467,0.12880200147628784,0.001073235645890236
5468,0.5845410227775574,0.0010710967471823096
5469,1.0002789497375488,0.0010675211669877172
5470,1.090414047241211,0.0010626313742250204
5471,1.2154819965362549,0.001057510613463819
5472,1.4410849809646606,0.0010522042866796255
5473,1.5610860586166382,0.0010479367338120937
5474,1.541085958480835,0.0010447202948853374
5475,1.6562869548797607,0.001041557639837265
5476,1.68135404586792,0.0010389501694589853
5477,1.781622052192688,0.001036847592331469
5478,1.7864220142364502,0.0010345026385039091
5479,1.8616230487823486,0.0010320596629753709
5480,1.8666900396347046,0.0010297165717929602
5481,1.8866900205612183,0.001028614235110581
5482,1.8866900205612183,0.0010283796582370996
5483,1.9717580080032349,0.0010285110911354423
5484,1.9466910362243652,0.0010291405487805605
5485,2.016824960708618,0.0010296544060111046
5486,1.9768249988555908,0.001029894221574068
5487,2.061892032623291,0.0010295473039150238
5488,2.0469589233398438,0.0010287921177223325
5489,2.152026891708374,0.0010275613749399781
5490,2.2021610736846924,0.0010263797594234347
5491,2.3373630046844482,0.0010260920971632004
5492,2.3474960327148438,0.0010262876749038696
5493,2.422697067260742,0.0010269805788993835
5494,2.382430076599121,0.0010280420538038015
5495,2.452564001083374,0.0010286206379532814
5496,2.467763900756836,0.0010292502120137215
5497,2.512830972671509,0.001031186431646347
5498,2.5026979446411133,0.0010342695750296116
5499,2.5778989791870117,0.001037077629007399
5500,2.5528318881988525,0.001040274859406054
5501,2.5728321075439453,0.0010444863000884652
5502,2.5176310539245605,0.0010491017019376159
5503,2.532831907272339,0.001054068561643362
5504,2.4826979637145996,0.0010594595223665237
5505,2.4826979637145996,0.001065913587808609
5506,2.4826979637145996,0.0010737847769632936
5507,2.4877638816833496,0.0010818662121891975
5508,2.4477639198303223,0.0010906672105193138
5509,2.5528318881988525,0.0011001252569258213
5510,2.4877638816833496,0.0011103148572146893
5511,2.497631072998047,0.0011214244877919555
5512,2.467763900756836,0.0011329029221087694
5513,2.537898063659668,0.00114503875374794
5514,2.4325640201568604,0.001158186118118465
5515,2.4725639820098877,0.0011701106559485197
5516,2.4176299571990967,0.0011815254110842943
5517,2.4626970291137695,0.0011930300388485193
5518,2.427496910095215,0.0012049444485455751
5519,2.4576311111450195,0.0012171354610472918
5520,2.422697067260742,0.0012287389254197478
5521,2.4626970291137695,0.0012412437936291099
5522,2.422697067260742,0.0012550733517855406
5523,2.467763900756836,0.0012680294457823038
5524,2.452564001083374,0.0012799117248505354
5525,2.4576311111450195,0.0012903580209240317
5526,2.4176299571990967,0.001300427713431418
5527,2.152026891708374,0.0013104884419590235
5528,0.8248100280761719,0.0013205338036641479
5529,0.02346700057387352,0.0013303719460964203
5530,-0.49733999371528625,0.0013393980916589499
5531,-0.9330779910087585,0.0013468032702803612
5532,-1.248548984527588,0.0013527090195566416
5533,-1.2536159753799438,0.0013573761098086834
5534,-1.5290859937667847,0.0013608555309474468
5535,-1.634153962135315,0.0013634890783578157
5536,-1.7493549585342407,0.001365394564345479
5537,-1.7093549966812134,0.001366734504699707
5538,-1.8245559930801392,0.0013674607034772635
5539,-1.8546899557113647,0.001367749646306038
5540,-1.9146909713745117,0.0013676746748387814
5541,-1.8794900178909302,0.0013673512730747461
5542,-1.9898920059204102,0.001366742653772235
5543,-1.9746910333633423,0.0013659705873578787
5544,-2.049891948699951,0.001364998985081911
5545,-1.999758005142212,0.0013639363460242748
5546,-2.089893102645874,0.0013626764994114637
5547,-2.0848259925842285,0.0013612923212349415
5548,-2.1400270462036133,0.0013597658835351467
5549,-2.1250929832458496,0.0013581621460616589
5550,-2.2202939987182617,0.0013564616674557328
5551,-2.2152280807495117,0.0013546880800276995
5552,-2.300295114517212,0.0013528489507734776
5553,-2.345362901687622,0.0013509460259228945
5554,-2.4554970264434814,0.0013489737175405025
5555,-2.4456310272216797,0.0013469350524246693
5556,-2.53069806098938,0.001344823045656085
5557,-2.5157649517059326,0.0013425754150375724
5558,-2.600832939147949,0.0013402800541371107
5559,-2.575766086578369,0.0013380033196881413
5560,-2.6408329010009766,0.0013358439318835735
5561,-2.6058990955352783,0.0013338702265173197
5562,-2.6560330390930176,0.0013321004807949066
5563,-2.620832920074463,0.0013302399311214685
5564,-2.6309659481048584,0.001328010344877839
5565,-2.6058990955352783,0.0013249763287603855
5566,-2.63576602935791,0.0013214698992669582
5567,-2.600832939147949,0.001318045542575419
5568,-2.625899076461792,0.0013148109428584576
5569,-2.5656321048736572,0.0013117094058543444
5570,-2.600832939147949,0.0013085714308544993
5571,-2.55576491355896,0.0013051865389570594
5572,-2.5858991146087646,0.0013015763834118843
5573,-2.55576491355896,0.0012976459693163633
5574,-2.580832004547119,0.0012933735270053148
5575,-2.5608320236206055,0.001288814004510641
5576,-2.595766067504883,0.0012845247983932495
5577,-2.5205650329589844,0.0012804248835891485
5578,-2.5706989765167236,0.001276365714147687
5579,-2.495764970779419,0.0012726031709462404
5580,-2.55069899559021,0.0012690406292676926
5581,-2.5456318855285645,0.0012654659803956747
5582,-2.55576491355896,0.0012616525636985898
5583,-2.53069806098938,0.0012574377469718456
5584,-2.53069806098938,0.0012532675173133612
5585,-2.5157649517059326,0.0012491308152675629
5586,-2.55069899559021,0.0012449717614799738
5587,-2.5056309700012207,0.0012407901231199503
5588,-2.525631904602051,0.0012368869502097368
5589,-2.5005650520324707,0.0012330161407589912
5590,-2.5357649326324463,0.0012289418373256922
5591,-2.5157649517059326,0.001224413514137268
5592,-2.55576491355896,0.0012200644705444574
5593,-2.495764970779419,0.0012157780583947897
5594,-2.5357649326324463,0.0012114736018702388
5595,-2.4906980991363525,0.0012071202509105206
5596,-2.5157649517059326,0.0012027556076645851
5597,-2.4906980991363525,0.0011985860764980316
5598,-2.525631904602051,0.0011948690516874194
5599,-2.525631904602051,0.0011917457450181246
5600,-2.525631904602051,0.001189131522551179
5601,-2.5005650520324707,0.0011869175359606743
5602,-2.5005650520324707,0.0011850586161017418
5603,-2.4805641174316406,0.0011835198383778334
5604,-2.540832042694092,0.0011822069063782692
5605,-2.4906980991363525,0.0011811010772362351
5606,-2.55069899559021,0.0011801703367382288
5607,-2.4754979610443115,0.0011794175952672958
5608,-2.5456318855285645,0.0011787868570536375
5609,-2.460563898086548,0.0011782764922827482
5610,-2.4906980991363525,0.0011778519256040454
5611,-2.4656310081481934,0.0011775235179811716
5612,-2.4805641174316406,0.0011772529687732458
5613,-2.4656310081481934,0.001177114201709628
5614,-2.5205650329589844,0.0011770580895245075
5615,-2.4656310081481934,0.0011771325953304768
5616,-2.53069806098938,0.0011773430742323399
5617,-2.460563898086548,0.0011777507606893778
5618,-2.5205650329589844,0.0011784889502450824
5619,-2.4805641174316406,0.0011796297039836645
5620,-2.5005650520324707,0.0011814709287136793
5621,-1.8696229457855225,0.0011849345173686743
5622,-0.6176080107688904,0.0011888714507222176
5623,0.1338679939508438,0.0011919052340090275
5624,0.5445399880409241,0.0011939248070120811
5625,0.9701449871063232,0.0011944016441702843
5626,1.1453479528427124,0.0011938700918108225
5627,1.2605489492416382,0.0011926082661375403
5628,1.4610849618911743,0.0011916561052203178
5629,1.636286973953247,0.0011921871919184923
5630,1.6613539457321167,0.00119331746827811
5631,1.7162879705429077,0.0011943243443965912
5632,1.7314879894256592,0.0011963542783632874
5633,1.8216229677200317,0.0011984785087406635
5634,1.8266890048980713,0.001201655832119286
5635,1.856557011604309,0.0012048938078805804
5636,1.9168239831924438,0.0012082373723387718
5637,1.9568239450454712,0.001211955095641315
5638,1.9466910362243652,0.0012160142650827765
5639,1.9869580268859863,0.001220904872752726
5640,1.9717580080032349,0.0012271343730390072
5641,2.0520260334014893,0.0012344204587861896
5642,2.016824960708618,0.0012414481025189161
5643,2.0920259952545166,0.0012484353501349688
5644,2.1021599769592285,0.0012568826787173748
5645,2.1872270107269287,0.001263961661607027
5646,2.212294101715088,0.0012724880361929536
5647,2.2973620891571045,0.0012812523636966944
5648,2.357362985610962,0.0012925562914460897
5649,2.452564001083374,0.0013079820200800896
5650,2.4376299381256104,0.0013253912329673767
5651,2.507765054702759,0.0013448207173496485
5652,2.177093982696533,0.0013662967830896378
5653,0.9450780153274536,0.001385950017720461
5654,0.043733999133110046,0.0014032302424311638
5655,-0.3520039916038513,0.0014176215045154095
5656,-0.8528109788894653,0.0014316102024167776
5657,-1.0733469724655151,0.0014479963574558496
5658,-1.1685479879379272,0.0014681380707770586
5659,-1.3837510347366333,0.0014925622381269932
5660,-1.6040199995040894,0.0015228186966851354
5661,-1.6141539812088013,0.0015600454062223434
5662,-1.6541539430618286,0.0016031553968787193
5663,-1.6842880249023438,0.0016479012556374073
5664,-1.8296229839324951,0.001697071362286806
5665,-1.8296229839324951,0.0017548151081427932
5666,-1.9146909713745117,0.0018214199226349592
5667,-1.8997570276260376,0.001882131677120924
5668,-1.9746910333633423,0.001943221315741539
5669,-1.9296239614486694,0.0019955611787736416
5670,-1.9898920059204102,0.002043322194367647
5671,-2.019758939743042,0.002099344041198492
5672,-2.105093002319336,0.0021719560027122498
5673,-2.0949599742889404,0.002253296785056591
5674,-2.1000258922576904,0.002322183223441243
5675,-2.1250929832458496,0.0023832577280700207
5676,-2.1800270080566406,0.002417529234662652
5677,-2.2250940799713135,0.0024311072193086147
5678,-2.3704299926757812,0.0024433620274066925
5679,-2.4205639362335205,0.002501665847375989
5680,-2.4656310081481934,0.002534326631575823
5681,-2.4456310272216797,0.002556808525696397
5682,-2.55069899559021,0.0025712649803608656
5683,-2.53069806098938,0.0025822147727012634
5684,-2.575766086578369,0.002589970361441374
5685,-2.575766086578369,0.002598976483568549
5686,-2.625899076461792,0.0026049050502479076
5687,-2.6058990955352783,0.002610068768262863
5688,-2.6309659481048584,0.0026155721861869097
5689,-2.5656321048736572,0.002618540544062853
5690,-2.620832920074463,0.0026228558272123337
5691,-2.5906989574432373,0.0026251464150846004
5692,-2.6109659671783447,0.002627704758197069
5693,-2.5157649517059326,0.0026296358555555344
5694,-2.5706989765167236,0.0026309562381356955
5695,-2.55576491355896,0.002631052862852812
5696,-2.5858991146087646,0.002630883362144232
5697,-2.55576491355896,0.002630246803164482
5698,-2.595766067504883,0.0026303131598979235
5699,-2.5157649517059326,0.002630306873470545
5700,-2.5706989765167236,0.00263049453496933
5701,-2.53069806098938,0.0026313529815524817
5702,-2.5706989765167236,0.002632900606840849
5703,-2.53069806098938,0.002635054523125291
5704,-2.55576491355896,0.0026384713128209114
5705,-2.5357649326324463,0.002641635946929455
5706,-2.5706989765167236,0.0026460299268364906
5707,-2.5157649517059326,0.0026489088777452707
5708,-2.540832042694092,0.0026517382357269526
5709,-2.510698080062866,0.0026543335989117622
5710,-2.55576491355896,0.002655975753441453
5711,-2.525631904602051,0.0026577117387205362
5712,-2.525631904602051,0.0026589655317366123
5713,-2.5056309700012207,0.0026607252657413483
5714,-2.55069899559021,0.0026626961771398783
5715,-2.4754979610443115,0.0026643923483788967
5716,-2.55069899559021,0.0026659572031348944
5717,-2.4906980991363525,0.0026674563996493816
5718,-2.55576491355896,0.0026686019264161587
5719,-2.5056309700012207,0.0026693851687014103
5720,-2.5157649517059326,0.00266957376152277
5721,-2.5157649517059326,0.00266882311552763
5722,-2.510698080062866,0.0026674806140363216
5723,-2.4805641174316406,0.002666266169399023
5724,-2.53069806098938,0.002665037289261818
5725,-2.4805641174316406,0.0026635564863681793
5726,-2.5157649517059326,0.002661715028807521
5727,-2.4906980991363525,0.002659756923094392
5728,-2.5205650329589844,0.0026577156968414783
5729,-2.4554970264434814,0.0026558227837085724
5730,-2.540832042694092,0.002653907286003232
5731,-2.495764970779419,0.0026523666456341743
5732,-2.525631904602051,0.0026508758310228586
5733,-2.440563917160034,0.002649111906066537
5734,-2.540832042694092,0.0026475167833268642
5735,-2.470698118209839,0.0026457090862095356
5736,-2.510698080062866,0.0026436313055455685
5737,-2.5056309700012207,0.0026413830928504467
5738,-2.5157649517059326,0.002639075508341193
5739,-2.4805641174316406,0.0026368307881057262
5740,-2.525631904602051,0.0026342030614614487
5741,-2.4656310081481934,0.0026316011790186167
5742,-2.5005650520324707,0.002629109425470233
5743,-2.4656310081481934,0.002627074718475342
5744,-2.525631904602051,0.002625041175633669
5745,-2.4906980991363525,0.0026228795759379864
5746,-2.525631904602051,0.0026206993497908115
5747,-2.4805641174316406,0.00261800829321146
5748,-2.5005650520324707,0.0026149998884648085
5749,-2.4906980991363525,0.002611359115689993
5750,-2.495764970779419,0.0026069586165249348
5751,-2.4656310081481934,0.0026024114340543747
5752,-2.5656321048736572,0.002597440266981721
5753,-2.4656310081481934,0.0025914092548191547
5754,-2.525631904602051,0.002584258560091257
5755,-2.470698118209839,0.002577458042651415
5756,-2.540832042694092,0.00257036997936666
5757,-2.4906980991363525,0.002562559675425291
5758,-2.4906980991363525,0.0025543877854943275
5759,-2.4805641174316406,0.002546049654483795
5760,-2.5056309700012207,0.0025372952222824097
5761,-2.470698118209839,0.00252760061994195
5762,-2.5456318855285645,0.0025168266147375107
5763,-2.4754979610443115,0.0025059289764612913
5764,-2.510698080062866,0.0024944106116890907
5765,-2.4805641174316406,0.002482107374817133
5766,-2.5456318855285645,0.0024693761952221394
5767,-2.470698118209839,0.0024559739977121353
5768,-2.525631904602051,0.0024425419978797436
5769,-2.4656310081481934,0.002428599866107106
5770,-2.55069899559021,0.002413550391793251
5771,-2.4754979610443115,0.0023995223455131054
5772,-2.525631904602051,0.002385922009125352
5773,-2.4656310081481934,0.002372295130044222
5774,-2.5005650520324707,0.0023580885026603937
5775,-2.4906980991363525,0.002343569416552782
5776,-2.5608320236206055,0.0023294491693377495
5777,-2.495764970779419,0.002314772689715028
5778,-2.540832042694092,0.0022989700082689524
5779,-2.470698118209839,0.002284055110067129
5780,-2.5005650520324707,0.00227008992806077
5781,-2.4754979610443115,0.002257595071569085
5782,-2.5005650520324707,0.0022454331628978252
5783,-2.495764970779419,0.0022334728855639696
5784,-2.53069806098938,0.0022215491626411676
5785,-2.4554970264434814,0.0022099888883531094
5786,-2.495764970779419,0.0021993862465023994
5787,-2.4656310081481934,0.0021905298344790936
5788,-2.53069806098938,0.0021832487545907497
5789,-2.4906980991363525,0.002177197951823473
5790,-2.525631904602051,0.0021722789388149977
5791,-2.460563898086548,0.002168158534914255
5792,-2.5205650329589844,0.0021647289395332336
5793,-2.4754979610443115,0.002161880023777485
5794,-2.540832042694092,0.002159571973606944
5795,-2.4656310081481934,0.0021576641593128443
5796,-2.525631904602051,0.0021561032626777887
5797,-2.4656310081481934,0.002154803602024913
5798,-2.5005650520324707,0.0021537793800234795
5799,-2.4506969451904297,0.0021529137156903744
5800,-2.5205650329589844,0.0021522133611142635
5801,-2.4656310081481934,0.0021516180131584406
5802,-2.5005650520324707,0.002151169814169407
5803,-2.5056309700012207,0.0021508317440748215
5804,-2.5357649326324463,0.002150607295334339
5805,-2.4805641174316406,0.002150437794625759
5806,-2.540832042694092,0.002150334184989333
5807,-2.440563917160034,0.0021502836607396603
5808,-2.4906980991363525,0.002150248270481825
5809,-2.4906980991363525,0.0021502396557480097
5810,-2.5456318855285645,0.0021502578165382147
5811,-2.470698118209839,0.0021502876188606024
5812,-2.525631904602051,0.00215032696723938
5813,-2.4805641174316406,0.0021504038013517857
5814,-2.4906980991363525,0.002150486223399639
5815,-2.4805641174316406,0.002150575164705515
5816,-2.525631904602051,0.0021506750490516424
5817,-2.495764970779419,0.0021507744677364826
5818,-2.5005650520324707,0.0021508813370019197
5819,-2.470698118209839,0.0021509858779609203
5820,-2.5005650520324707,0.002151075517758727
5821,-2.495764970779419,0.00215116236358881
5822,-2.5056309700012207,0.0021512440871447325
5823,-2.470698118209839,0.002151321619749069
5824,-2.510698080062866,0.0021513879764825106
5825,-2.525631904602051,0.002151461783796549
5826,-2.525631904602051,0.002151535591110587
5827,-2.4656310081481934,0.0021516121923923492
5828,-2.495764970779419,0.0021516853012144566
5829,-2.4906980991363525,0.002151765860617161
5830,-2.53069806098938,0.0021518352441489697
5831,-2.5056309700012207,0.0021518971771001816
5832,-2.525631904602051,0.0021519563160836697
5833,-2.470698118209839,0.002152017317712307
5834,-2.5056309700012207,0.002152073197066784
5835,-2.5056309700012207,0.0021521281450986862
5836,-2.525631904602051,0.0021521877497434616
5837,-2.485630989074707,0.0021522464230656624
5838,-2.5157649517059326,0.002152302535250783
5839,-2.485630989074707,0.002152359578758478
5840,-2.5157649517059326,0.0021524173207581043
5841,-2.4906980991363525,0.0021524729672819376
5842,-2.5056309700012207,0.0021525220945477486
5843,-2.5056309700012207,0.002152571454644203
5844,-2.5005650520324707,0.002152619417756796
5845,-2.4554970264434814,0.0021526641212403774
5846,-2.540832042694092,0.0021527037024497986
5847,-2.5005650520324707,0.00215274840593338
5848,-2.5157649517059326,0.0021527803037315607
5849,-2.495764970779419,0.0021528047509491444
5850,-2.525631904602051,0.0021528403740376234
5851,-2.4656310081481934,0.002152876928448677
5852,-2.53069806098938,0.0021529102232307196
5853,-2.510698080062866,0.0021529539953917265
5854,-2.5205650329589844,0.002152996603399515
5855,-2.5205650329589844,0.002153037115931511
5856,-2.5005650520324707,0.0021530939266085625
5857,-2.495764970779419,0.0021531558595597744
5858,-2.5005650520324707,0.002153214532881975
5859,-2.470698118209839,0.0021532715763896704
5860,-2.540832042694092,0.002153329784050584
5861,-2.4506969451904297,0.002153374720364809
5862,-2.510698080062866,0.0021534052211791277
5863,-2.4906980991363525,0.0021534233819693327
5864,-2.5056309700012207,0.0021534415427595377
5865,-2.4805641174316406,0.0021534461993724108
5866,-2.5157649517059326,0.002153460867702961
5867,-2.5005650520324707,0.0021534645929932594
5868,-2.540832042694092,0.0021534631960093975
5869,-2.495764970779419,0.0021533994004130363
5870,-2.540832042694092,0.0021532943937927485
5871,-2.4906980991363525,0.002153114415705204
5872,-2.5357649326324463,0.002152831759303808
5873,-2.5157649517059326,0.0021524052135646343
5874,-2.55576491355896,0.0021516825072467327
5875,-2.470698118209839,0.0021506049670279026
5876,-2.5056309700012207,0.0021488547790795565
5877,-2.510698080062866,0.0021455134265124798
5878,-2.5357649326324463,0.0021417001262307167
5879,-2.470698118209839,0.0021385429427027702
5880,-2.525631904602051,0.002135972958058119
5881,-2.4906980991363525,0.0021340344101190567
5882,-2.5005650520324707,0.002131959656253457
5883,-2.4754979610443115,0.0021299116779118776
5884,-2.5157649517059326,0.002127675339579582
5885,-2.4656310081481934,0.002124207792803645
5886,-2.540832042694092,0.0021206275559961796
5887,-2.4754979610443115,0.002117633121088147
5888,-2.53069806098938,0.0021139055024832487
5889,-2.495764970779419,0.002110117580741644
5890,-2.5005650520324707,0.0021051496732980013
5891,-2.460563898086548,0.002099993173032999
5892,-2.53069806098938,0.002094822470098734
5893,-2.470698118209839,0.0020893029868602753
5894,-2.5056309700012207,0.0020836954936385155
5895,-2.485630989074707,0.0020773045253008604
5896,-2.53069806098938,0.0020693617407232523
5897,-2.4754979610443115,0.002060255501419306
5898,-2.5157649517059326,0.0020514256320893764
5899,-2.4805641174316406,0.002042557578533888
5900,-2.5456318855285645,0.0020321079064160585
5901,-2.4906980991363525,0.002022881992161274
5902,-2.53069806098938,0.0020121235866099596
5903,-2.470698118209839,0.002001434564590454
5904,-2.510698080062866,0.0019882468041032553
5905,-2.4754979610443115,0.001970803365111351
5906,-2.5157649517059326,0.0019514054292812943
5907,-2.4805641174316406,0.001929946942254901
5908,-2.5056309700012207,0.001906410325318575
5909,-2.5205650329589844,0.001884611090645194
5910,-2.55069899559021,0.0018650379497557878
5911,-2.495764970779419,0.0018482361920177937
5912,-2.525631904602051,0.0018316830974072218
5913,-2.4906980991363525,0.0018124468624591827
5914,-2.540832042694092,0.00178940175101161
5915,-2.5157649517059326,0.0017615642864257097
5916,-2.53069806098938,0.001727926661260426
5917,-2.495764970779419,0.0016875306610018015
5918,-2.5157649517059326,0.0016415840946137905
5919,-2.4656310081481934,0.00159437523689121
5920,-2.525631904602051,0.001542902085930109
5921,-2.4805641174316406,0.0014827785780653358
5922,-2.4754979610443115,0.0014137679245322943
5923,-2.4104299545288086,0.0013505193637683988
5924,-2.4906980991363525,0.0012866834877058864
5925,-2.4656310081481934,0.001231315080076456
5926,-2.510698080062866,0.001180289313197136
5927,-2.4656310081481934,0.0011211498640477657
5928,-2.495764970779419,0.0010456679156050086
5929,-2.4456310272216797,0.0009616814204491675
5930,-2.5157649517059326,0.0008905240683816373
5931,-2.4554970264434814,0.0008275512955151498
5932,-2.5056309700012207,0.0007914654561318457
5933,-2.310429096221924,0.000776992179453373
5934,-1.238415002822876,0.0007649131584912539
5935,-0.11173500120639801,0.0007064551464281976
5936,0.29893699288368225,0.0006726120482198894
5937,0.7949429750442505,0.0006486577913165092
5938,1.1253470182418823,0.0006324065616354346
5939,1.2808159589767456,0.0006201586220413446
5940,1.3608169555664062,0.0006103243795223534
5941,1.6213539838790894,0.0005997814005240798
5942,1.6613539457321167,0.0005931174382567406
5943,1.696287989616394,0.0005869457381777465
5944,1.7114880084991455,0.0005805619293823838
5945,1.8066890239715576,0.0005771434516645968
5946,1.8416229486465454,0.0005728300893679261
5947,1.9218909740447998,0.0005718616885133088
5948,1.9168239831924438,0.000571706797927618
5949,1.9618910551071167,0.0005721863126382232
5950,1.9466910362243652,0.0005745620001107454
5951,1.9869580268859863,0.0005783363012596965
5952,1.9568239450454712,0.0005843671970069408
5953,2.036824941635132,0.0005922149866819382
5954,2.032025098800659,0.0006002874579280615
5955,2.0469589233398438,0.0006081779720261693
5956,2.0418920516967773,0.0006170808337628841
5957,2.167227029800415,0.0006256297929212451
5958,2.1722939014434814,0.0006334760109893978
5959,2.2824289798736572,0.0006426649633795023
5960,2.3373630046844482,0.0006510225357487798
5961,2.4125630855560303,0.0006635192548856139
5962,2.407496929168701,0.0006783516146242619
5963,2.467763900756836,0.0006970419781282544
5964,2.407496929168701,0.0007176126819103956
5965,1.6061530113220215,0.0007383274496532977
5966,0.32400399446487427,0.000758513284381479
5967,-0.14666900038719177,0.0007753843674436212
5968,-0.6125410199165344,0.0007894592126831412
5969,-0.9730790257453918,0.0008040131069719791
5970,-1.1634809970855713,0.0008201355230994523
5971,-1.2336150407791138,0.0008402586099691689
5972,-1.5389529466629028,0.0008655887795612216
5973,-1.5941530466079712,0.0008951734052971005
5974,-1.6642869710922241,0.0009310868917964399
5975,-1.634153962135315,0.0009734068880788982
5976,-1.7394880056381226,0.0010211010230705142
5977,-1.7994890213012695,0.0010732131777331233
5978,-1.8296229839324951,0.001131602912209928
5979,-1.8546899557113647,0.00119346147403121
5980,-1.9397579431533813,0.0012544451747089624
5981,-1.949623942375183,0.0013120705261826515
5982,-1.9797580242156982,0.001369280507788062
5983,-1.9648250341415405,0.0014196278061717749
5984,-2.0549590587615967,0.0014743596548214555
5985,-2.034959077835083,0.0015444486634805799
5986,-2.114959955215454,0.0016299315029755235
5987,-2.0698928833007812,0.0017057240474969149
5988,-2.175226926803589,0.0017671415116637945
5989,-2.1701600551605225,0.0018023019656538963
5990,-2.300295114517212,0.0018177099991589785
5991,-2.3304290771484375,0.0018813228234648705
5992,-2.440563917160034,0.0019232387421652675
5993,-2.4205639362335205,0.001957378350198269
5994,-2.470698118209839,0.0019782893359661102
5995,-2.510698080062866,0.001994991209357977
5996,-2.540832042694092,0.0020082418341189623
5997,-2.540832042694092,0.002020693151280284
5998,-2.6157660484313965,0.0020327011588960886
5999,-2.580832004547119,0.0020418756175786257
6000,-2.625899076461792,0.002052426105365157
6001,-2.55576491355896,0.0020601863507181406
6002,-2.625899076461792,0.0020676690619438887
6003,-2.5656321048736572,0.002074828138574958
6004,-2.5906989574432373,0.0020804931409657
6005,-2.525631904602051,0.0020866570994257927
6006,-2.595766067504883,0.0020905304700136185
6007,-2.55069899559021,0.002093744231387973
6008,-2.580832004547119,0.002095224801450968
6009,-2.525631904602051,0.0020964345894753933
6010,-2.580832004547119,0.002097140299156308
6011,-2.5205650329589844,0.0020979673136025667
6012,-2.5656321048736572,0.002099415985867381
6013,-2.5157649517059326,0.0021004732698202133
6014,-2.5608320236206055,0.002103014150634408
6015,-2.5357649326324463,0.002105170162394643
6016,-2.540832042694092,0.0021087094210088253
6017,-2.5005650520324707,0.0021121224854141474
6018,-2.5706989765167236,0.002116023562848568
6019,-2.5157649517059326,0.002119655255228281
6020,-2.5656321048736572,0.0021225190721452236
6021,-2.5056309700012207,0.002126074396073818
6022,-2.55576491355896,0.002128064399585128
6023,-2.5005650520324707,0.002129905391484499
6024,-2.540832042694092,0.0021312744356691837
6025,-2.5056309700012207,0.0021327026188373566
6026,-2.5205650329589844,0.0021346132270991802
6027,-2.4805641174316406,0.0021363096311688423
6028,-2.5157649517059326,0.0021378318779170513
6029,-2.470698118209839,0.0021393001079559326
6030,-2.55069899559021,0.0021406018640846014
6031,-2.4656310081481934,0.0021417017560452223
6032,-2.4906980991363525,0.002142711076885462
6033,-2.4805641174316406,0.0021436605602502823
6034,-2.5205650329589844,0.002144619356840849
6035,-2.470698118209839,0.0021456119138747454
6036,-2.55576491355896,0.0021466719917953014
6037,-2.510698080062866,0.0021476675756275654
6038,-2.5205650329589844,0.0021485670004040003
6039,-2.485630989074707,0.002149381674826145
6040,-2.5157649517059326,0.002150152809917927
6041,-2.4805641174316406,0.0021508741192519665
6042,-2.5005650520324707,0.002151567256078124
6043,-2.470698118209839,0.0021522301249206066
6044,-2.510698080062866,0.002152877626940608
6045,-2.4754979610443115,0.0021535137202590704
6046,-2.510698080062866,0.002154159126803279
6047,-2.4656310081481934,0.0021547842770814896
6048,-2.5157649517059326,0.002155301161110401
6049,-2.495764970779419,0.002155679278075695
6050,-2.5005650520324707,0.002155942376703024
6051,-2.4805641174316406,0.002156087663024664
6052,-2.53069806098938,0.002156168920919299
6053,-2.4656310081481934,0.002156198024749756
6054,-2.5056309700012207,0.0021562008187174797
6055,-2.470698118209839,0.002156195230782032
6056,-2.4805641174316406,0.0021561698522418737
6057,-2.4906980991363525,0.0021561298053711653
6058,-2.485630989074707,0.0021560853347182274
6059,-2.4554970264434814,0.002156022936105728
6060,-2.525631904602051,0.0021559479646384716
6061,-2.4656310081481934,0.002155885100364685
6062,-2.53069806098938,0.0021558094304054976
6063,-2.485630989074707,0.0021557402797043324
6064,-2.53069806098938,0.0021556811407208443
6065,-2.4656310081481934,0.0021556238643825054
6066,-2.53069806098938,0.002155561000108719
6067,-2.470698118209839,0.002155501861125231
6068,-2.4754979610443115,0.0021554348058998585
6069,-2.495764970779419,0.002155365888029337
6070,-2.495764970779419,0.002155296504497528
6071,-2.4906980991363525,0.0021552196703851223
6072,-2.510698080062866,0.002155131893232465
6073,-2.4554970264434814,0.0021550508681684732
6074,-2.5157649517059326,0.0021549540106207132
6075,-2.4906980991363525,0.0021548718214035034
6076,-2.53069806098938,0.0021548049990087748
6077,-2.470698118209839,0.002154742367565632
6078,-2.53069806098938,0.002154688350856304
6079,-2.4906980991363525,0.0021546357311308384
6080,-2.510698080062866,0.0021545812487602234
6081,-2.4656310081481934,0.0021545267663896084
6082,-2.5056309700012207,0.0021544652990996838
6083,-2.4656310081481934,0.0021544089540839195
6084,-2.5157649517059326,0.002154348185285926
6085,-2.5005650520324707,0.0021544580813497305
6086,-2.5157649517059326,0.0021552725229412317
6087,-2.4906980991363525,0.0021581014152616262
6088,-2.5056309700012207,0.0021619631443172693
6089,-2.5005650520324707,0.002167406026273966
6090,-2.5005650520324707,0.002174215391278267
6091,-2.4906980991363525,0.0021809195168316364
6092,-2.5005650520324707,0.002188350073993206
6093,-2.4656310081481934,0.0021974132396280766
6094,-2.5056309700012207,0.002205329481512308
6095,-2.4906980991363525,0.002212121617048979
6096,-2.525631904602051,0.002218542154878378
6097,-2.4805641174316406,0.00222545163705945
6098,-2.5157649517059326,0.002232991624623537
6099,-2.485630989074707,0.0022404941264539957
6100,-2.53069806098938,0.002248245058581233
6101,-2.4906980991363525,0.002255926374346018
6102,-2.525631904602051,0.0022639394737780094
6103,-2.4805641174316406,0.0022720685228705406
6104,-2.53069806098938,0.0022805409971624613
6105,-2.485630989074707,0.0022881790064275265
6106,-2.540832042694092,0.002295526210218668
6107,-2.5005650520324707,0.0023032142780721188
6108,-2.485630989074707,0.002311747521162033
6109,-2.4754979610443115,0.0023202397860586643
6110,-2.5157649517059326,0.002327702008187771
6111,-2.495764970779419,0.002334531396627426
6112,-2.495764970779419,0.0023411880247294903
6113,-2.495764970779419,0.002347281202673912
6114,-2.53069806098938,0.002352402312681079
6115,-2.495764970779419,0.002356569282710552
6116,-2.53069806098938,0.0023601585999131203
6117,-2.470698118209839,0.002363454317674041
6118,-2.4805641174316406,0.00236681685782969
6119,-2.4906980991363525,0.0023701421450823545
6120,-2.525631904602051,0.0023732315748929977
6121,-2.4805641174316406,0.002375893760472536
6122,-2.495764970779419,0.0023784167133271694
6123,-2.4906980991363525,0.002380969002842903
6124,-2.540832042694092,0.0023836835753172636
6125,-2.495764970779419,0.0023864053655415773
6126,-2.53069806098938,0.0023889727890491486
6127,-2.470698118209839,0.002391445217654109
6128,-2.5157649517059326,0.0023938827216625214
6129,-2.5056309700012207,0.002396324882283807
6130,-2.5157649517059326,0.0023987845052033663
6131,-2.470698118209839,0.0024012713693082333
6132,-2.525631904602051,0.0024038043338805437
6133,-2.4805641174316406,0.0024064567405730486
6134,-2.4754979610443115,0.0024091647937893867
6135,-2.4506969451904297,0.0024119827430695295
6136,-2.495764970779419,0.0024148509837687016
6137,-2.4906980991363525,0.002417819807305932
6138,-2.53069806098938,0.002420849399641156
6139,-2.4754979610443115,0.0024240114726126194
6140,-2.53069806098938,0.002427230356261134
6141,-2.470698118209839,0.002430546563118696
6142,-2.5357649326324463,0.0024338855873793364
6143,-2.4506969451904297,0.0024372662883251905
6144,-2.5157649517059326,0.0024406230077147484
6145,-2.4805641174316406,0.002443993929773569
6146,-2.510698080062866,0.0024473511148244143
6147,-2.4906980991363525,0.0024508051574230194
6148,-2.5005650520324707,0.0024547576904296875
6149,-2.470698118209839,0.002458844566717744
6150,-2.525631904602051,0.002464002463966608
6151,-2.485630989074707,0.002470926381647587
6152,-2.55069899559021,0.002478810027241707
6153,-2.470698118209839,0.0024869274348020554
6154,-2.53069806098938,0.002494843676686287
6155,-2.4456310272216797,0.002501301933079958
6156,-2.5157649517059326,0.0025070100091397762
6157,-2.4906980991363525,0.0025121737271547318
6158,-2.4805641174316406,0.0025168713182210922
6159,-2.485630989074707,0.0025214808993041515
6160,-2.5157649517059326,0.0025263442657887936
6161,-2.4754979610443115,0.002531421137973666
6162,-2.4906980991363525,0.002535833977162838
6163,-2.4906980991363525,0.00253914762288332
6164,-2.4805641174316406,0.0025416859425604343
6165,-2.4805641174316406,0.002543849404901266
6166,-2.485630989074707,0.0025459816679358482
6167,-2.4456310272216797,0.0025483923964202404
6168,-2.5157649517059326,0.0025507346726953983
6169,-2.4554970264434814,0.0025533519219607115
6170,-2.5005650520324707,0.0025565302930772305
6171,-2.4456310272216797,0.0025600320659577847
6172,-2.485630989074707,0.0025631787721067667
6173,-2.4656310081481934,0.002566023264080286
6174,-2.525631904602051,0.0025688663590699434
6175,-2.4456310272216797,0.0025719699915498495
6176,-2.5005650520324707,0.0025755688548088074
6177,-2.4805641174316406,0.0025797949638217688
6178,-2.510698080062866,0.0025839894078671932
6179,-2.4906980991363525,0.0025880560278892517
6180,-2.5005650520324707,0.0025922178756445646
6181,-2.4656310081481934,0.002596136648207903
6182,-2.540832042694092,0.0025998279452323914
6183,-2.4656310081481934,0.002603275701403618
6184,-2.5005650520324707,0.0026065469719469547
6185,-2.470698118209839,0.002609516028314829
6186,-2.53069806098938,0.0026123255956918
6187,-2.4656310081481934,0.002614459954202175
6188,-2.510698080062866,0.002616027370095253
6189,-2.460563898086548,0.0026162671856582165
6190,-2.4805641174316406,0.0026151444762945175
6191,-2.5056309700012207,0.0026142564602196217
6192,-2.5005650520324707,0.002614090219140053
6193,-2.4656310081481934,0.0026140210684388876
6194,-2.5005650520324707,0.0026141535490751266
6195,-2.470698118209839,0.00261364271864295
6196,-2.5056309700012207,0.0026137176901102066
6197,-2.4805641174316406,0.0026132739149034023
6198,-2.525631904602051,0.0026120725087821484
6199,-2.4554970264434814,0.002611191011965275
6200,-2.4906980991363525,0.0026104284916073084
6201,-2.4554970264434814,0.0026091719046235085
6202,-2.4906980991363525,0.0026075339410454035
6203,-2.4554970264434814,0.002604634966701269
6204,-2.5005650520324707,0.002600974403321743
6205,-2.4805641174316406,0.002597968326881528
6206,-2.5005650520324707,0.002594183897599578
6207,-2.485630989074707,0.0025905161164700985
6208,-2.4754979610443115,0.0025851470418274403
6209,-2.470698118209839,0.0025785649195313454
6210,-2.5157649517059326,0.0025713469367474318
6211,-2.4754979610443115,0.002564649097621441
6212,-2.53069806098938,0.0025571014266461134
6213,-2.4754979610443115,0.0025492666754871607
6214,-2.5056309700012207,0.002541676163673401
6215,-2.4805641174316406,0.0025325119495391846
6216,-2.5157649517059326,0.002523275325074792
6217,-2.4554970264434814,0.0025104619562625885
6218,-2.525631904602051,0.0024940851144492626
6219,-2.4906980991363525,0.002475174143910408
6220,-2.5056309700012207,0.0024544389452785254
6221,-2.4456310272216797,0.0024336508940905333
6222,-2.55069899559021,0.0024140188470482826
6223,-2.4656310081481934,0.0023975232616066933
6224,-2.5005650520324707,0.002384408377110958
6225,-2.4506969451904297,0.002370549365878105
6226,-2.510698080062866,0.0023550139740109444
6227,-2.470698118209839,0.00233561173081398
6228,-2.5005650520324707,0.0023107698652893305
6229,-2.4754979610443115,0.0022816043347120285
6230,-2.510698080062866,0.0022464576177299023
6231,-2.4456310272216797,0.0022051550913602114
6232,-2.525631904602051,0.0021587416995316744
6233,-2.4456310272216797,0.002108172047883272
6234,-2.4656310081481934,0.0020513194613158703
6235,-2.4656310081481934,0.0019909548573195934
6236,-2.4805641174316406,0.0019316528923809528
6237,-2.4456310272216797,0.0018754432676360011
6238,-2.4805641174316406,0.0018193721771240234
6239,-2.4456310272216797,0.001770013477653265
6240,-2.5005650520324707,0.0017162200529128313
6241,-2.460563898086548,0.0016472310526296496
6242,-2.4906980991363525,0.0015629753470420837
6243,-2.440563917160034,0.0014884843258187175
6244,-2.53069806098938,0.0014284111093729734
6245,-2.4456310272216797,0.0013946646358817816
6246,-1.8645570278167725,0.0013806720962747931
6247,-0.5173400044441223,0.0013187439180910587
6248,0.08373399823904037,0.001278426731005311
6249,0.5744069814682007,0.0012457031989470124
6250,0.9952120184898376,0.001226003747433424
6251,1.2154819965362549,0.0012104168999940157
6252,1.2605489492416382,0.001198348356410861
6253,1.5109519958496094,0.0011870020534843206
6254,1.6312199831008911,0.0011762504000216722
6255,1.696287989616394,0.0011687420774251223
6256,1.6261539459228516,0.0011601010337471962
6257,1.8165559768676758,0.0011543811997398734
6258,1.8165559768676758,0.0011489635799080133
6259,1.8616230487823486,0.0011433936888352036
6260,1.8266890048980713,0.00113889470230788
6261,1.9517580270767212,0.0011337187606841326
6262,1.9418909549713135,0.00113091547973454
6263,1.9869580268859863,0.0011291007976979017
6264,1.9818910360336304,0.0011291616829112172
6265,2.0069580078125,0.0011298754252493382
6266,1.9818910360336304,0.0011317299213260412
6267,2.0520260334014893,0.0011338433250784874
6268,2.032025098800659,0.0011350689455866814
6269,2.1320269107818604,0.0011365603422746062
6270,2.1320269107818604,0.0011366319376975298
6271,2.262428045272827,0.0011370175052434206
6272,2.2874948978424072,0.0011359397321939468
6273,2.3674960136413574,0.0011349867563694715
6274,2.422697067260742,0.0011337964097037911
6275,2.507765054702759,0.0011328908149152994
6276,2.452564001083374,0.001132542034611106
6277,2.1570940017700195,0.001131265889853239
6278,0.8549439907073975,0.001131592784076929
6279,0.08880099654197693,0.0011318217730149627
6280,-0.4322719871997833,0.0011322202626615763
6281,-0.8128100037574768,0.0011323436629027128
6282,-1.1232140064239502,0.0011318237520754337
6283,-1.1333470344543457,0.0011313926661387086
6284,-1.398684024810791,0.0011310167610645294
6285,-1.5541529655456543,0.0011305783409625292
6286,-1.6642869710922241,0.0011302155908197165
6287,-1.6040199995040894,0.001129962969571352
6288,-1.714421033859253,0.0011296942830085754
6289,-1.7394880056381226,0.0011293926509097219
6290,-1.8645570278167725,0.001129023963585496
6291,-1.8546899557113647,0.0011285569053143263
6292,-1.9245569705963135,0.0011279636528342962
6293,-1.9045569896697998,0.0011273814598098397
6294,-2.009891986846924,0.0011268313974142075
6295,-1.9898920059204102,0.0011263226624578238
6296,-2.0549590587615967,0.001125832088291645
6297,-2.0698928833007812,0.0011253522243350744
6298,-2.089893102645874,0.0011248792288824916
6299,-2.0749590396881104,0.0011243962217122316
6300,-2.1400270462036133,0.0011238997103646398
6301,-2.1349599361419678,0.0011233787517994642
6302,-2.2853620052337646,0.0011228302028030157
6303,-2.325361967086792,0.0011222977191209793
6304,-2.3853631019592285,0.0011220737360417843
6305,-2.415497064590454,0.001122566987760365
6306,-2.5056309700012207,0.001124039525166154
6307,-2.4554970264434814,0.0011258996091783047
6308,-2.53069806098938,0.001127978670410812
6309,-2.5056309700012207,0.0011301899794489145
6310,-2.55576491355896,0.0011322852224111557
6311,-2.5608320236206055,0.0011342334328219295
6312,-2.6109659671783447,0.0011360029457136989
6313,-2.5706989765167236,0.0011376217007637024
6314,-2.600832939147949,0.001139212865382433
6315,-2.575766086578369,0.0011410340666770935
6316,-2.6058990955352783,0.0011429473524913192
6317,-2.525631904602051,0.0011445871787145734
6318,-2.55576491355896,0.0011461987160146236
6319,-2.5205650329589844,0.0011480147950351238
6320,-2.5906989574432373,0.00115000712685287
6321,-2.5005650520324707,0.0011518653482198715
6322,-2.55069899559021,0.0011533594224601984
6323,-2.510698080062866,0.0011547179892659187
6324,-2.5906989574432373,0.0011561904102563858
6325,-2.540832042694092,0.0011578428093343973
6326,-2.55576491355896,0.0011597464326769114
6327,-2.485630989074707,0.0011621356243267655
6328,-2.5157649517059326,0.0011645798804238439
6329,-2.4906980991363525,0.0011670769890770316
6330,-2.5056309700012207,0.0011696425499394536
6331,-2.4906980991363525,0.0011717836605384946
6332,-2.5357649326324463,0.0011736114975064993
6333,-2.460563898086548,0.0011753055732697248
6334,-2.525631904602051,0.0011769996490329504
6335,-2.460563898086548,0.0011788461124524474
6336,-2.540832042694092,0.0011807592818513513
6337,-2.5157649517059326,0.0011827087728306651
6338,-2.5205650329589844,0.0011847569840028882
6339,-2.4205639362335205,0.0011868791189044714
6340,-1.569085955619812,0.0011891681933775544
6341,-0.3218710124492645,0.0011914195492863655
6342,0.16880199313163757,0.001192758441902697
6343,0.6696079969406128,0.0011917572701349854
6344,1.0504130125045776,0.001189409289509058
6345,1.2354819774627686,0.0011852995958179235
6346,1.3258830308914185,0.0011797720799222589
6347,1.546152949333191,0.0011742383940145373
6348,1.6664210557937622,0.0011681185569614172
6349,1.68135404586792,0.0011607768246904016
6350,1.6914880275726318,0.001154755474999547
6351,1.8165559768676758,0.0011500210966914892
6352,1.801622986793518,0.0011455230414867401
6353,1.856557011604309,0.0011401257943361998
6354,1.8917570114135742,0.0011336859315633774
6355,2.00189208984375,0.0011271302355453372
6356,1.9568239450454712,0.0011204301845282316
6357,2.0218920707702637,0.0011141069699078798
6358,1.9669580459594727,0.0011076161172240973
6359,2.00189208984375,0.0011014279443770647
6360,1.9917579889297485,0.0010955771431326866
6361,2.0669589042663574,0.0010909014381468296
6362,2.061892032623291,0.0010861728806048632
6363,2.1320269107818604,0.0010810255771502852
6364,2.142159938812256,0.00107509212102741
6365,2.262428045272827,0.0010691272327676415
6366,2.277362108230591,0.0010641220724210143
6367,2.397629976272583,0.0010597698856145144
6368,2.422697067260742,0.0010557990754023194
6369,2.4626970291137695,0.001052437350153923
6370,2.4325640201568604,0.0010497875045984983
6371,1.9368239641189575,0.0010479467455297709
6372,0.5744069814682007,0.0010466866660863161
6373,-0.02160000056028366,0.0010454367147758603
6374,-0.5072060227394104,0.0010438573081046343
6375,-0.8930780291557312,0.0010421171318739653
6376,-1.118414044380188,0.001040467992424965
6377,-1.1685479879379272,0.001039112452417612
6378,-1.4538849592208862,0.0010377690196037292
6379,-1.5941530466079712,0.00103629135992378
6380,-1.6741540431976318,0.0010345709742978215
6381,-1.634153962135315,0.0010327526833862066
6382,-1.729354977607727,0.0010310059878975153
6383,-1.7744220495224,0.0010292802471667528
6384,-1.874690055847168,0.0010275297099724412
6385,-1.8445559740066528,0.0010257132817059755
6386,-1.949623942375183,0.0010238190880045295
6387,-1.8845570087432861,0.0010218450333923101
6388,-1.9648250341415405,0.0010197756346315145
6389,-1.9746910333633423,0.0010175402276217937
6390,-2.0149590969085693,0.001015199813991785
6391,-2.0048251152038574,0.0010126905981451273
6392,-2.064826011657715,0.0010100947692990303
6393,-2.0298919677734375,0.0010073671583086252
6394,-2.150160074234009,0.0010045731905847788
6395,-2.130160093307495,0.0010016735177487135
6396,-2.2501609325408936,0.0009988006204366684
6397,-2.2853620052337646,0.0009959734743461013
6398,-2.4104299545288086,0.0009931805543601513
6399,-2.415497064590454,0.000990324653685093
6400,-2.510698080062866,0.000987553270533681
6401,-2.4805641174316406,0.000985071063041687
6402,-2.2000279426574707,0.0009829106274992228
6403,-0.8378769755363464,0.0009809616021811962
6404,-0.086667999625206,0.0009784989524632692
6405,0.37920498847961426,0.0009757272200658917
6406,0.7597429752349854,0.0009718525689095259
6407,1.085347056388855,0.0009661447256803513
6408,1.1205470561981201,0.0009594871080480516
6409,1.3858840465545654,0.00095267005963251
6410,1.5160189867019653,0.0009463517344556749
6411,1.6213539838790894,0.0009413074003532529
6412,1.5661530494689941,0.0009369260515086353
6413,1.6613539457321167,0.0009332691552117467
6414,1.7162879705429077,0.0009302458493039012
6415,1.8114889860153198,0.0009271348244510591
6416,1.8066890239715576,0.0009236865444108844
6417,1.9016239643096924,0.0009202108485624194
6418,1.8816239833831787,0.0009178597829304636
6419,1.9466910362243652,0.0009164747316390276
6420,1.9517580270767212,0.0009157801978290081
6421,1.9869580268859863,0.0009156554006040096
6422,2.032025098800659,0.0009156463202089071
6423,2.0218920707702637,0.0009154322324320674
6424,1.9869580268859863,0.0009151886915788054
6425,2.0570919513702393,0.0009145789663307369
6426,2.097093105316162,0.0009132568957284093
6427,2.2272279262542725,0.0009114298736676574
6428,2.232295036315918,0.0009098750306293368
6429,2.3776299953460693,0.0009085475467145443
6430,2.3674960136413574,0.0009074673289433122
6431,2.4477639198303223,0.0009059928124770522
6432,2.452564001083374,0.0009040876757353544
6433,2.5026979446411133,0.000901923282071948
6434,2.512830972671509,0.0009002552833408117
6435,2.5677649974823,0.0008987007313407958
6436,2.537898063659668,0.0008969346527010202
6437,2.5778989791870117,0.0008952897042036057
6438,2.532831907272339,0.0008940596599131823
6439,2.5677649974823,0.0008933247299864888
6440,2.5528318881988525,0.0008928474853746593
6441,2.562964916229248,0.0008921556291170418
6442,2.522697925567627,0.0008913983474485576
6443,2.547765016555786,0.0008905712747946382
6444,2.492830991744995,0.0008896939689293504
6445,2.512830972671509,0.0008890299359336495
6446,2.4826979637145996,0.0008884023409336805
6447,2.537898063659668,0.0008878002990968525
6448,2.4477639198303223,0.0008879038505256176
6449,2.532831907272339,0.0008882147958502173
6450,2.442697048187256,0.0008890650933608413
6451,2.5277650356292725,0.0008896761573851109
6452,2.4576311111450195,0.0008902119589038193
6453,2.522697925567627,0.0008909086463972926
6454,2.492830991744995,0.0008913059718906879
6455,2.507765054702759,0.000891379895620048
6456,2.497631072998047,0.0008910588221624494
6457,2.4877638816833496,0.0008907821029424667
6458,2.452564001083374,0.0008904631249606609
6459,2.5176310539245605,0.00089064403437078
6460,2.467763900756836,0.000891554169356823
6461,2.4725639820098877,0.0008931270567700267
6462,2.442697048187256,0.000895922421477735
6463,2.497631072998047,0.0008997995173558593
6464,2.442697048187256,0.0009035016410052776
6465,2.5026979446411133,0.0009074248373508453
6466,2.492830991744995,0.0009109863894991577
6467,2.4877638816833496,0.0009140256443060935
6468,2.477631092071533,0.0009164002258330584
6469,2.4826979637145996,0.0009183600777760148
6470,2.497631072998047,0.0009199617197737098
6471,2.477631092071533,0.000921127269975841
6472,2.427496910095215,0.0009219165076501667
6473,2.4725639820098877,0.0009224420646205544
6474,2.442697048187256,0.0009230137802660465
6475,2.452564001083374,0.0009238559869118035
6476,2.4176299571990967,0.0009247557609342039
6477,2.4725639820098877,0.0009258762001991272
6478,2.452564001083374,0.0009273879695683718
6479,2.452564001083374,0.0009290746529586613
6480,2.442697048187256,0.0009307361324317753
6481,2.467763900756836,0.0009322579717263579
6482,2.4325640201568604,0.0009337498340755701
6483,2.4626970291137695,0.0009354370413348079
6484,2.4176299571990967,0.0009375299559906125
6485,2.442697048187256,0.0009397699031978846
6486,2.4125630855560303,0.0009419553680345416
6487,2.4877638816833496,0.0009440823923796415
6488,2.407496929168701,0.0009460375877097249
6489,2.4477639198303223,0.000947943888604641
6490,2.4176299571990967,0.0009500965243205428
6491,2.4477639198303223,0.0009522848995402455
6492,2.427496910095215,0.000954623450525105
6493,2.492830991744995,0.0009573798161000013
6494,2.4125630855560303,0.0009606929961591959
6495,2.4477639198303223,0.0009640667121857405
6496,1.8666900396347046,0.0009670472936704755
6497,0.554407000541687,0.0009694588952697814
6498,-0.17680199444293976,0.0009717171196825802
6499,-0.58747398853302,0.0009739536326378584
6500,-1.0882799625396729,0.0009761885739862919
6501,-1.2285490036010742,0.0009783601853996515
6502,-1.3336169719696045,0.0009804406436160207
6503,-1.504019021987915,0.0009822314605116844
6504,-1.714421033859253,0.000984158250503242
6505,-1.6992210149765015,0.000986387487500906
6506,-1.7544219493865967,0.0009888741187751293
6507,-1.7544219493865967,0.0009915487607941031
6508,-1.8546899557113647,0.0009942007018253207
6509,-1.8845570087432861,0.0009970120154321194
6510,-1.9397579431533813,0.000999688752926886
6511,-1.9648250341415405,0.0010020198533311486
6512,-2.0149590969085693,0.0010041159112006426
6513,-1.999758005142212,0.0010061438661068678
6514,-2.0848259925842285,0.001008160412311554
6515,-2.060025930404663,0.0010107222478836775
6516,-2.150160074234009,0.0010137453209608793
6517,-2.1000258922576904,0.0010169795714318752
6518,-2.175226926803589,0.0010201301192864776
6519,-2.130160093307495,0.0010229051113128662
6520,-2.2501609325408936,0.001025441219098866
6521,-2.2752280235290527,0.0010275609092786908
6522,-2.390429973602295,0.0010290874633938074
6523,-2.4304299354553223,0.0010302797891199589
6524,-2.5056309700012207,0.001031768275424838
6525,-2.4805641174316406,0.0010345331393182278
6526,-2.55576491355896,0.001039060764014721
6527,-2.540832042694092,0.0010441546328365803
6528,-2.5656321048736572,0.0010496564209461212
6529,-2.575766086578369,0.0010546513367444277
6530,-2.6309659481048584,0.0010580872185528278
6531,-2.6058990955352783,0.0010608658194541931
6532,-2.6408329010009766,0.0010633089113980532
6533,-2.5656321048736572,0.0010656341910362244
6534,-2.6058990955352783,0.0010678828693926334
6535,-2.5608320236206055,0.0010707373730838299
6536,-2.595766067504883,0.0010740223806351423
6537,-2.55576491355896,0.0010766683844849467
6538,-2.6157660484313965,0.0010784397600218654
6539,-2.5656321048736572,0.0010796848218888044
6540,-2.5906989574432373,0.0010807238286361098
6541,-2.53069806098938,0.0010818098671734333
6542,-2.540832042694092,0.0010832067346200347
6543,-2.5357649326324463,0.0010847167577594519
6544,-2.575766086578369,0.0010866059456020594
6545,-2.4906980991363525,0.0010892157442867756
6546,-2.525631904602051,0.0010919442865997553
6547,-2.4805641174316406,0.0010945114772766829
6548,-2.5056309700012207,0.001096869120374322
6549,-2.4906980991363525,0.0010993308387696743
6550,-2.525631904602051,0.0011021546088159084
6551,-2.495764970779419,0.001105569419451058
6552,-2.55069899559021,0.0011095653753727674
6553,-2.4805641174316406,0.0011134084779769182
6554,-2.525631904602051,0.0011171081569045782
6555,-2.4906980991363525,0.001120406319387257
6556,-2.53069806098938,0.0011235964484512806
6557,-2.5157649517059326,0.001126355491578579
6558,-2.325361967086792,0.0011289233807474375
6559,-1.1733479499816895,0.0011309704277664423
6560,-0.1568019986152649,0.0011325448285788298
6561,0.3490709960460663,0.0011333147995173931
6562,0.7898769974708557,0.0011330990819260478
6563,1.1405479907989502,0.0011325414525344968
6564,1.1805479526519775,0.0011317243333905935
6565,1.410951018333435,0.0011307664681226015
6566,1.5560189485549927,0.0011298942845314741
6567,1.6864210367202759,0.0011291170958429575
6568,1.6613539457321167,0.0011284855427220464
6569,1.7264219522476196,0.0011279776226729155
6570,1.781622052192688,0.0011274561984464526
6571,1.8765569925308228,0.0011266760993748903
6572,1.8416229486465454,0.0011257699225097895
6573,1.9466910362243652,0.001125101000070572
6574,1.9317569732666016,0.0011244287015870214
6575,1.9717580080032349,0.0011235350975766778
6576,1.9618910551071167,0.0011224279878661036
6577,2.032025098800659,0.001121437526308
6578,1.9669580459594727,0.0011207922361791134
6579,2.0669589042663574,0.0011202775640413165
6580,2.0418920516967773,0.0011196498526260257
6581,2.0770928859710693,0.0011188697535544634
6582,2.117093086242676,0.0011179244611412287
6583,2.2173609733581543,0.0011166137410327792
6584,2.247227907180786,0.0011153202503919601
6585,2.3424289226531982,0.0011140028946101665
6586,2.372562885284424,0.0011126804165542126
6587,2.452564001083374,0.001111751887947321
6588,2.442697048187256,0.0011112948413938284
6589,2.452564001083374,0.0011111964704468846
6590,1.541085958480835,0.0011109032202512026
6591,0.3490709960460663,0.0011103794677183032
6592,-0.1866690069437027,0.0011098100803792477
6593,-0.642408013343811,0.0011088913306593895
6594,-1.0381460189819336,0.0011076665250584483
6595,-1.1232140064239502,0.0011062459088861942
6596,-1.2685489654541016,0.0011045180726796389
6597,-1.4738850593566895,0.001102522131986916
6598,-1.6392199993133545,0.0011006707791239023
6599,-1.6242870092391968,0.0010990876471623778
6600,-1.6893539428710938,0.0010977830970659852
6601,-1.7394880056381226,0.001096611376851797
6602,-1.8144229650497437,0.0010954616591334343
6603,-1.8445559740066528,0.0010943791130557656
6604,-1.9045569896697998,0.0010931354481726885
6605,-1.8845570087432861,0.0010914535960182548
6606,-1.9546910524368286,0.0010895775631070137
6607,-1.9346909523010254,0.0010875117732211947
6608,-2.0298919677734375,0.0010855543659999967
6609,-1.9946919679641724,0.0010839791502803564
6610,-2.064826011657715,0.0010828080121427774
6611,-2.060025930404663,0.001081749564036727
6612,-2.114959955215454,0.001080573070794344
6613,-2.120026111602783,0.0010790550149977207
6614,-2.210160970687866,0.0010773532558232546
6615,-2.2752280235290527,0.0010752056259661913
6616,-2.3805630207061768,0.0010723966406658292
6617,-2.3704299926757812,0.0010695030214264989
6618,-2.4506969451904297,0.0010673454962670803
6619,-2.460563898086548,0.0010661135893315077
6620,-2.5456318855285645,0.0010658686514943838
6621,-2.5157649517059326,0.001066469820216298
6622,-2.55576491355896,0.001066975761204958
6623,-2.5656321048736572,0.0010672996286302805
6624,-2.5906989574432373,0.0010670321062207222
6625,-2.580832004547119,0.0010663527064025402
6626,-2.6309659481048584,0.0010655890218913555
6627,-2.575766086578369,0.001064885756932199
6628,-2.600832939147949,0.0010643044952303171
6629,-2.540832042694092,0.0010641042608767748
6630,-2.55576491355896,0.0010641843546181917
6631,-2.5706989765167236,0.0010644497815519571
6632,-2.580832004547119,0.0010646556038409472
6633,-2.5157649517059326,0.001064877025783062
6634,-2.5656321048736572,0.0010653878562152386
6635,-2.540832042694092,0.001066136173903942
6636,-2.5608320236206055,0.0010670290794223547
6637,-2.5005650520324707,0.001068031182512641
6638,-2.55069899559021,0.0010693003423511982
6639,-2.5157649517059326,0.0010707268957048655
6640,-2.5357649326324463,0.0010724004823714495
6641,-2.5456318855285645,0.0010738323908299208
6642,-2.540832042694092,0.0010752074886113405
6643,-2.495764970779419,0.0010767382336780429
6644,-2.540832042694092,0.001078333705663681
6645,-2.460563898086548,0.0010799113661050797
6646,-2.5056309700012207,0.001081578666344285
6647,-2.485630989074707,0.0010832799598574638
6648,-2.510698080062866,0.0010851616971194744
6649,-2.5205650329589844,0.0010872047860175371
6650,-2.53069806098938,0.0010895184241235256
6651,-2.540832042694092,0.0010917193721979856
6652,-2.55576491355896,0.0010939533822238445
6653,-2.5005650520324707,0.0010963308159261942
6654,-2.5157649517059326,0.0010988651774823666
6655,-2.5056309700012207,0.0011016614735126495
6656,-2.55069899559021,0.001104352530092001
6657,-2.4805641174316406,0.0011064526624977589
6658,-2.53069806098938,0.0011082158889621496
6659,-2.4554970264434814,0.001109415665268898
6660,-2.495764970779419,0.0011102862190455198
6661,-2.4656310081481934,0.0011111835483461618
6662,-2.5157649517059326,0.0011121879797428846
6663,-2.4805641174316406,0.0011133973021060228
6664,-2.53069806098938,0.0011146699544042349
6665,-2.4805641174316406,0.0011155891697853804
6666,-2.4906980991363525,0.0011158930137753487
6667,-2.4754979610443115,0.001116280909627676
6668,-2.510698080062866,0.0011168767232447863
6669,-2.4656310081481934,0.0011173856910318136
6670,-2.495764970779419,0.0011179533321410418
6671,-2.4506969451904297,0.0011188446078449488
6672,-2.4754979610443115,0.0011198412394151092
6673,-2.460563898086548,0.001120703760534525
6674,-2.485630989074707,0.0011212760582566261
6675,-2.4656310081481934,0.0011216967832297087
6676,-2.485630989074707,0.0011219556909054518
6677,-2.4506969451904297,0.0011218070285394788
6678,-2.495764970779419,0.00112149678170681
6679,-2.4805641174316406,0.0011211081873625517
6680,-2.4805641174316406,0.0011207181960344315
6681,-2.4256300926208496,0.0011203538160771132
6682,-2.510698080062866,0.0011202902533113956
6683,-2.460563898086548,0.0011205837363377213
6684,-2.5056309700012207,0.0011210261145606637
6685,-2.470698118209839,0.001121723442338407
6686,-2.5005650520324707,0.0011219538282603025
6687,-2.4656310081481934,0.0011222698958590627
6688,-2.4906980991363525,0.0011226991191506386
6689,-2.470698118209839,0.0011231519747525454
6690,-2.5157649517059326,0.001123747555539012
6691,-2.4805641174316406,0.0011251340620219707
6692,-2.4906980991363525,0.0011273534037172794
6693,-2.5005650520324707,0.001130404882133007
6694,-2.525631904602051,0.001134134130552411
6695,-2.470698118209839,0.0011384723475202918
6696,-2.5357649326324463,0.001142324530519545
6697,-2.470698118209839,0.0011464320123195648
6698,-2.5157649517059326,0.0011506386799737811
6699,-2.470698118209839,0.001154672121629119
6700,-2.5005650520324707,0.0011584446765482426
6701,-2.4554970264434814,0.0011617986019700766
6702,-2.4805641174316406,0.0011649718508124352
6703,-2.470698118209839,0.0011682836338877678
6704,-2.4906980991363525,0.0011714573483914137
6705,-2.4456310272216797,0.0011751481797546148
6706,-2.4805641174316406,0.001178304897621274
6707,-2.4354970455169678,0.0011816646438091993
6708,-2.4906980991363525,0.0011850446462631226
6709,-2.4656310081481934,0.0011876269709318876
6710,-2.5205650329589844,0.001190099399536848
6711,-2.4656310081481934,0.0011924533173441887
6712,-2.4906980991363525,0.0011947078164666891
6713,-2.4656310081481934,0.0011956789530813694
6714,-2.4005630016326904,0.0011955967638641596
6715,-1.4789520502090454,0.0011946178274229169
6716,-0.28693699836730957,0.0011927082668989897
6717,0.2589370012283325,0.0011899275705218315
6718,0.7048090100288391,0.0011859285878017545
6719,1.1053470373153687,0.0011810073629021645
6720,1.1805479526519775,0.0011763566872105002
6721,1.416018009185791,0.001171644777059555
6722,1.5010850429534912,0.0011671393876895308
6723,1.7064210176467896,0.0011629958171397448
6724,1.6562869548797607,0.0011592465452849865
6725,1.7114880084991455,0.0011559699196368456
6726,1.7514890432357788,0.0011528991162776947
6727,1.846690058708191,0.0011499595129862428
6728,1.8416229486465454,0.0011470833560451865
6729,1.9517580270767212,0.0011442131362855434
6730,1.911756992340088,0.0011413067113608122
6731,1.9717580080032349,0.0011383583769202232
6732,1.9568239450454712,0.0011353620793670416
6733,1.9968249797821045,0.0011323289945721626
6734,1.9818910360336304,0.0011292633134871721
6735,2.0570919513702393,0.0011261703912168741
6736,2.0069580078125,0.00112303311470896
6737,2.0570919513702393,0.0011198748834431171
6738,2.0770928859710693,0.0011166870826855302
6739,2.1872270107269287,0.0011134727392345667
6740,2.2424280643463135,0.0011101687559857965
6741,2.33256196975708,0.0011068250751122832
6742,2.35256290435791,0.0011034003691747785
6743,2.4626970291137695,0.001099923625588417
6744,2.427496910095215,0.001096322201192379
6745,2.452564001083374,0.0010924790985882282
6746,1.8266890048980713,0.0010883570648729801
6747,0.5445399880409241,0.001084139570593834
6748,-0.09653499722480774,0.0010796368587762117
6749,-0.5024060010910034,0.001075343112461269
6750,-0.9530789852142334,0.0010711976792663336
6751,-1.0933469533920288,0.0010678009130060673
6752,-1.2285490036010742,0.0010656878584995866
6753,-1.4189510345458984,0.0010648122988641262
6754,-1.6192200183868408,0.0010641022818163037
6755,-1.6040199995040894,0.0010637114755809307
6756,-1.6541539430618286,0.0010638067033141851
6757,-1.714421033859253,0.0010646646842360497
6758,-1.7994890213012695,0.0010665396694093943
6759,-1.7994890213012695,0.0010696070967242122
6760,-1.8997570276260376,0.0010730484500527382
6761,-1.8845570087432861,0.0010765301994979382
6762,-1.9648250341415405,0.0010802492033690214
6763,-1.9346909523010254,0.0010838871821761131
6764,-2.0048251152038574,0.001086904900148511
6765,-1.9746910333633423,0.0010894734878093004
6766,-2.0397589206695557,0.001091844867914915
6767,-1.999758005142212,0.0010942434892058372
6768,-2.0800259113311768,0.0010968889109790325
6769,-2.0749590396881104,0.0011000257218256593
6770,-2.1800270080566406,0.0011039379751309752
6771,-2.2450950145721436,0.0011080491822212934
6772,-2.3402960300445557,0.0011122990399599075
6773,-2.3402960300445557,0.0011165975593030453
6774,-2.440563917160034,0.0011209186632186174
6775,-2.440563917160034,0.0011237494181841612
6776,-2.4656310081481934,0.00112531753256917
6777,-2.0749590396881104,0.0011257146252319217
6778,-0.8077430129051208,0.0011253533884882927
6779,-0.006399999838322401,0.0011240591993555427
6780,0.36427098512649536,0.0011218569707125425
6781,0.8400099873542786,0.0011177873238921165
6782,1.0802799463272095,0.0011113903019577265
6783,1.1704150438308716,0.0011041163234040141
6784,1.3306829929351807,0.001096196472644806
6785,1.536018967628479,0.0010885483352467418
6786,1.5661530494689941,0.001082050846889615
6787,1.646420955657959,0.001076056039892137
6788,1.6512210369110107,0.0010704956948757172
6789,1.7264219522476196,0.0010651976335793734
6790,1.7565549612045288,0.001059866277500987
6791,1.8314900398254395,0.0010541133815422654
6792,1.8365559577941895,0.001048186095431447
6793,1.911756992340088,0.001043059048242867
6794,1.8717570304870605,0.0010389474919065833
6795,1.9669580459594727,0.001035453868098557
6796,1.9517580270767212,0.0010322739835828543
6797,2.036824941635132,0.0010291346115991473
6798,1.9869580268859863,0.0010257679969072342
6799,2.0821590423583984,0.0010223548160865903
6800,2.0418920516967773,0.0010186503641307354
6801,2.1570940017700195,0.0010142913088202477
6802,2.1821610927581787,0.0010098747443407774
6803,2.277362108230591,0.0010056624887511134
6804,2.3224289417266846,0.0010017117019742727
6805,2.422697067260742,0.000997705152258277
6806,2.4125630855560303,0.0009933989495038986
6807,2.477631092071533,0.0009885381441563368
6808,2.4576311111450195,0.000983131118118763
6809,2.522697925567627,0.0009779083775356412
6810,2.522697925567627,0.0009728501318022609
6811,2.5728321075439453,0.0009682305390015244
6812,2.5176310539245605,0.0009637506445869803
6813,2.547765016555786,0.0009597338503226638
6814,2.5426979064941406,0.0009559256723150611
6815,2.562964916229248,0.0009526393841952085
6816,2.5026979446411133,0.0009496285347267985
6817,2.5426979064941406,0.0009468349744565785
6818,2.4826979637145996,0.0009441643487662077
6819,2.522697925567627,0.0009415567619726062
6820,2.4877638816833496,0.0009390630293637514
6821,2.532831907272339,0.0009366316953673959
6822,2.492830991744995,0.0009342613047920167
6823,2.522697925567627,0.0009319541277363896
6824,2.477631092071533,0.0009297113283537328
6825,2.497631072998047,0.0009275031043216586
6826,2.442697048187256,0.0009253453463315964
6827,2.4576311111450195,0.0009232237352989614
6828,2.4026970863342285,0.0009211414726451039
6829,2.4626970291137695,0.000919092446565628
6830,2.442697048187256,0.0009170828852802515
6831,2.477631092071533,0.0009150896221399307
6832,2.442697048187256,0.0009131410624831915
6833,2.477631092071533,0.00091121083823964
6834,2.427496910095215,0.0009093156550079584
6835,2.4826979637145996,0.0009074448607861996
6836,2.442697048187256,0.0009056027047336102
6837,2.477631092071533,0.0009037646814249456
6838,2.4325640201568604,0.0009019652497954667
6839,2.382430076599121,0.0009003648883663118
6840,1.4560179710388184,0.000899140490218997
6841,0.2640030086040497,0.0008979880949482322
6842,-0.252003014087677,0.0008969459449872375
6843,-0.7176089882850647,0.000896204262971878
6844,-1.1333470344543457,0.0008957647951319814
6845,-1.2234820127487183,0.0008958650869317353
6846,-1.348816990852356,0.0008972239447757602
6847,-1.558953046798706,0.0009000225691124797
6848,-1.729354977607727,0.0009041124721989036
6849,-1.7192209959030151,0.0009091731626540422
6850,-1.7744220495224,0.0009154019644483924
6851,-1.7944220304489136,0.0009226159891113639
6852,-1.9096239805221558,0.0009303645929321647
6853,-1.8496229648590088,0.0009390803752467036
6854,-1.949623942375183,0.000949094770476222
6855,-1.9397579431533813,0.0009610169799998403
6856,-2.034959077835083,0.0009753267513588071
6857,-2.019758939743042,0.0009928157087415457
6858,-2.0549590587615967,0.0010116772027686238
6859,-2.0048251152038574,0.001030439743772149
6860,-2.089893102645874,0.001049865153618157
6861,-2.0698928833007812,0.0010710181668400764
6862,-2.130160093307495,0.0010950693394988775
6863,-2.1800270080566406,0.001123510068282485
6864,-2.2752280235290527,0.0011545226443558931
6865,-2.2752280235290527,0.0011875936761498451
6866,-2.390429973602295,0.0012235735775902867
6867,-2.415497064590454,0.001263885758817196
6868,-2.495764970779419,0.0013089475687593222
6869,-2.4906980991363525,0.0013593153562396765
6870,-2.5157649517059326,0.001410739729180932
6871,-1.8496229648590088,0.0014569226186722517
6872,-0.5424069762229919,0.0014966095332056284
6873,0.05866700038313866,0.0015327197033911943
6874,0.4693390130996704,0.0015640967758372426
6875,0.9149450063705444,0.0015940351877361536
6876,1.0402799844741821,0.001623447984457016
6877,1.1805479526519775,0.0016524707898497581
6878,1.37575101852417,0.0016842150362208486
6879,1.5661530494689941,0.001719644176773727
6880,1.546152949333191,0.0017607453046366572
6881,1.6013530492782593,0.0018079697620123625
6882,1.6312199831008911,0.0018632803112268448
6883,1.7464220523834229,0.0019268832402303815
6884,1.7616219520568848,0.0020000720396637917
6885,1.8165559768676758,0.0020883800461888313
6886,1.8416229486465454,0.0021966511849313974
6887,1.8717570304870605,0.0023343428038060665
6888,1.8968240022659302,0.002491513965651393
6889,1.9218909740447998,0.0026663034223020077
6890,1.9568239450454712,0.0028164463583379984
6891,2.0069580078125,0.0029517547227442265
6892,2.016824960708618,0.0030547557398676872
6893,2.072026014328003,0.0031415922567248344
6894,2.0570919513702393,0.003212943207472563
6895,2.1621599197387695,0.003256985917687416
6896,2.177093982696533,0.003289564047008753
6897,2.302428960800171,0.003311268985271454
6898,2.3224289417266846,0.0033285741228610277
6899,2.3925631046295166,0.0033440873958170414
6900,2.3925631046295166,0.0033577231224626303
6901,2.4376299381256104,0.0033707665279507637
6902,2.4576311111450195,0.0033834041096270084
6903,2.5026979446411133,0.0033966493792831898
6904,2.4725639820098877,0.0034082303754985332
6905,2.5728321075439453,0.0034201527014374733
6906,2.5277650356292725,0.0034937383607029915
6907,2.5277650356292725,0.003555291797965765
6908,2.497631072998047,0.0036526138428598642
6909,2.547765016555786,0.003764528315514326
6910,2.4826979637145996,0.0038625251036137342
6911,2.5277650356292725,0.00395123939961195
6912,2.522697925567627,0.004032774828374386
6913,2.492830991744995,0.004095552489161491
6914,2.4576311111450195,0.004144736099988222
6915,2.522697925567627,0.004184786230325699
6916,2.5026979446411133,0.004217368550598621
6917,2.512830972671509,0.004245327785611153
6918,2.422697067260742,0.004270179197192192
6919,2.5277650356292725,0.004294124897569418
6920,2.4576311111450195,0.004318309016525745
6921,2.5026979446411133,0.0043442128226161
6922,2.467763900756836,0.0043692439794540405
6923,2.497631072998047,0.0043930793181061745
6924,2.442697048187256,0.004415885545313358
6925,2.492830991744995,0.00443672202527523
6926,2.452564001083374,0.00445335078984499
6927,2.4826979637145996,0.004466927144676447
6928,2.442697048187256,0.004477886017411947
6929,2.497631072998047,0.004486997611820698
6930,2.4725639820098877,0.004494640044867992
6931,2.4877638816833496,0.004501833580434322
6932,2.397629976272583,0.004508837591856718
6933,2.4626970291137695,0.004515953361988068
6934,2.422697067260742,0.0045224446803331375
6935,2.497631072998047,0.0045282552018761635
6936,2.407496929168701,0.004533689934760332
6937,2.467763900756836,0.004538784734904766
6938,2.4176299571990967,0.004542279988527298
6939,2.477631092071533,0.004544541239738464
6940,2.4325640201568604,0.0045457747764885426
6941,2.4477639198303223,0.004546161741018295
6942,2.4026970863342285,0.00454625952988863
6943,2.422697067260742,0.004546128213405609
6944,2.4176299571990967,0.004545579198747873
6945,2.477631092071533,0.004544650204479694
6946,2.397629976272583,0.0045432718470692635
6947,2.4376299381256104,0.004541488364338875
6948,2.4176299571990967,0.004539547022432089
6949,2.492830991744995,0.004537592642009258
6950,2.4125630855560303,0.004534697625786066
6951,2.452564001083374,0.0045302873477339745
6952,2.4325640201568604,0.004525723867118359
6953,2.4376299381256104,0.004521015100181103
6954,2.4026970863342285,0.004516165237873793
6955,2.452564001083374,0.0045120203867554665
6956,2.4026970863342285,0.0045087579637765884
6957,2.4877638816833496,0.00450638122856617
6958,2.4376299381256104,0.004503563046455383
6959,2.4576311111450195,0.004500268958508968
6960,2.427496910095215,0.004496532492339611
6961,2.4576311111450195,0.004492524545639753
6962,2.442697048187256,0.004489189013838768
6963,2.427496910095215,0.004486599005758762
6964,2.422697067260742,0.004484795033931732
6965,2.4626970291137695,0.0044831400737166405
6966,2.4325640201568604,0.004481949843466282
6967,2.4725639820098877,0.004481378011405468
6968,2.4125630855560303,0.0044816043227910995
6969,2.4176299571990967,0.004483615513890982
6970,2.422697067260742,0.004486776888370514
6971,2.477631092071533,0.004490541759878397
6972,2.427496910095215,0.004494689870625734
6973,2.4626970291137695,0.004498827271163464
6974,2.4125630855560303,0.004502913914620876
6975,2.422697067260742,0.004507170990109444
6976,2.397629976272583,0.004511603619903326
6977,2.4576311111450195,0.00451577827334404
6978,2.3925631046295166,0.00451995525509119
6979,2.4626970291137695,0.004524451680481434
6980,2.4325640201568604,0.004529483616352081
6981,2.452564001083374,0.004534618929028511
6982,2.407496929168701,0.004539313726127148
6983,2.442697048187256,0.0045438180677592754
6984,2.407496929168701,0.00454839039593935
6985,2.452564001083374,0.004553303122520447
6986,2.427496910095215,0.004558666609227657
6987,2.4477639198303223,0.004564301576465368
6988,2.4477639198303223,0.004569493234157562
6989,2.4325640201568604,0.0045737652108073235
6990,2.4176299571990967,0.0045773908495903015
6991,2.442697048187256,0.004580684006214142
6992,2.4026970863342285,0.004583917558193207
6993,2.452564001083374,0.004586649127304554
6994,2.4325640201568604,0.004588763229548931
6995,2.452564001083374,0.004590646829456091
6996,2.4325640201568604,0.004592645913362503
6997,2.4477639198303223,0.004595167934894562
6998,2.3925631046295166,0.0045974887907505035
6999,2.452564001083374,0.004599635489284992
7000,2.4176299571990967,0.004602058790624142
7001,2.4376299381256104,0.004604659043252468
7002,2.382430076599121,0.004607654642313719
7003,2.4376299381256104,0.004611286334693432
7004,2.407496929168701,0.004614626988768578
7005,2.4477639198303223,0.004617609083652496
7006,2.4026970863342285,0.004620539490133524
7007,2.4626970291137695,0.004623666405677795
7008,2.4477639198303223,0.00462605943903327
7009,2.4626970291137695,0.0046279653906822205
7010,2.4026970863342285,0.004629470873624086
7011,2.477631092071533,0.004630077630281448
7012,2.422697067260742,0.004629969131201506
7013,2.4376299381256104,0.0046289474703371525
7014,2.3925631046295166,0.004626646637916565
7015,2.452564001083374,0.004623300861567259
7016,2.4026970863342285,0.00461999699473381
7017,2.4376299381256104,0.0046168724074959755
7018,2.4176299571990967,0.0046134521253407
7019,2.4626970291137695,0.0046098362654447556
7020,2.4176299571990967,0.004606958478689194
7021,2.4325640201568604,0.00460436288267374
7022,2.4325640201568604,0.004602022469043732
7023,2.4477639198303223,0.004600025713443756
7024,2.397629976272583,0.00459786131978035
7025,2.4877638816833496,0.004594712518155575
7026,2.4026970863342285,0.00459063658490777
7027,2.427496910095215,0.004586482420563698
7028,2.3776299953460693,0.004582691937685013
7029,2.492830991744995,0.004578952211886644
7030,2.4026970863342285,0.004575084894895554
7031,2.427496910095215,0.00457302900031209
7032,2.407496929168701,0.004572669044137001
7033,2.4477639198303223,0.004573795013129711
7034,2.427496910095215,0.004575458355247974
7035,2.4376299381256104,0.004577754996716976
7036,2.4176299571990967,0.004580884240567684
7037,2.4725639820098877,0.004584325477480888
7038,2.4176299571990967,0.004587527364492416
7039,2.452564001083374,0.0045903753489255905
7040,2.427496910095215,0.0045926570892333984
7041,2.4477639198303223,0.004594619385898113
7042,2.4176299571990967,0.004596498794853687
7043,2.4877638816833496,0.004598600324243307
7044,2.397629976272583,0.0046008555218577385
7045,2.452564001083374,0.004603220149874687
7046,2.397629976272583,0.004605974070727825
7047,2.4626970291137695,0.004609475843608379
7048,2.4125630855560303,0.00461371336132288
7049,2.4725639820098877,0.004618643317371607
7050,2.4026970863342285,0.0046236151829361916
7051,2.442697048187256,0.00462845154106617
7052,2.4026970863342285,0.004632990807294846
7053,2.4477639198303223,0.004637603648006916
7054,2.4026970863342285,0.004642564803361893
7055,2.4576311111450195,0.004648236092180014
7056,2.4477639198303223,0.004654187709093094
7057,2.4626970291137695,0.004659851547330618
7058,2.4376299381256104,0.004665151704102755
7059,2.4626970291137695,0.004670406691730022
7060,2.4626970291137695,0.004675676580518484
7061,2.4477639198303223,0.004681080114096403
7062,2.427496910095215,0.004686881322413683
7063,2.452564001083374,0.004692777991294861
7064,2.4626970291137695,0.004698239732533693
7065,2.452564001083374,0.004703186452388763
7066,2.4477639198303223,0.004707664716988802
7067,2.497631072998047,0.004711761139333248
7068,2.4125630855560303,0.004715627990663052
7069,2.4576311111450195,0.004719260148704052
7070,2.3925631046295166,0.004722772631794214
7071,2.4376299381256104,0.004726094659417868
7072,2.407496929168701,0.0047293007373809814
7073,2.4626970291137695,0.004732836503535509
7074,2.4026970863342285,0.004736924543976784
7075,2.4376299381256104,0.004741295240819454
7076,2.4325640201568604,0.004746416117995977
7077,2.4626970291137695,0.004752469249069691
7078,2.427496910095215,0.004759248811751604
7079,2.442697048187256,0.004765826277434826
7080,2.4325640201568604,0.004771942272782326
7081,2.4477639198303223,0.004777088761329651
7082,2.407496929168701,0.00478160148486495
7083,2.452564001083374,0.004786013625562191
7084,2.427496910095215,0.004790380597114563
7085,2.4725639820098877,0.004795258864760399
7086,2.422697067260742,0.004801061004400253
7087,2.452564001083374,0.00480776559561491
7088,2.4176299571990967,0.004814164247363806
7089,2.4626970291137695,0.004820229951292276
7090,2.407496929168701,0.004826590418815613
7091,2.4877638816833496,0.004832569509744644
7092,2.407496929168701,0.00483857374638319
7093,2.4626970291137695,0.004844984970986843
7094,2.427496910095215,0.0048508853651583195
7095,2.4325640201568604,0.004856497049331665
7096,2.4125630855560303,0.004862298723310232
7097,2.4877638816833496,0.004868942312896252
7098,2.397629976272583,0.0048760827630758286
7099,2.442697048187256,0.004883832298219204
7100,2.397629976272583,0.004890016280114651
7101,2.442697048187256,0.004894761368632317
7102,2.397629976272583,0.0048979585990309715
7103,2.4626970291137695,0.004899286199361086
7104,2.442697048187256,0.004898937419056892
7105,2.4376299381256104,0.004897785373032093
7106,2.422697067260742,0.004895539954304695
7107,2.4725639820098877,0.004892589990049601
7108,2.442697048187256,0.004889396950602531
7109,2.4376299381256104,0.004885902162641287
7110,2.427496910095215,0.004881678149104118
7111,2.4626970291137695,0.004876071587204933
7112,2.4477639198303223,0.00486917095258832
7113,2.4477639198303223,0.0048594786785542965
7114,2.422697067260742,0.004849437158554792
7115,2.4725639820098877,0.004841081332415342
7116,2.427496910095215,0.004832006990909576
7117,2.4725639820098877,0.004819915629923344
7118,2.4125630855560303,0.004804263822734356
7119,2.477631092071533,0.0047840941697359085
7120,2.4026970863342285,0.004760637413710356
7121,2.4725639820098877,0.004734664224088192
7122,2.407496929168701,0.004705994855612516
7123,2.4576311111450195,0.004672733135521412
7124,2.4026970863342285,0.004634597338736057
7125,2.4477639198303223,0.004591055680066347
7126,2.4026970863342285,0.004545779898762703
7127,2.4626970291137695,0.004505705554038286
7128,2.3874969482421875,0.004472725559026003
7129,2.422697067260742,0.004443254787474871
7130,2.407496929168701,0.004417249467223883
7131,2.407496929168701,0.004391191061586142
7132,2.382430076599121,0.004363978281617165
7133,2.4477639198303223,0.0043367305770516396
7134,2.3874969482421875,0.0043075112625956535
7135,2.467763900756836,0.004275577142834663
7136,2.4176299571990967,0.0042391507886350155
7137,2.452564001083374,0.004196934401988983
7138,2.4325640201568604,0.004147405736148357
7139,2.4725639820098877,0.004089763388037682
7140,2.4176299571990967,0.0040216632187366486
7141,2.4877638816833496,0.003937320783734322
7142,2.4176299571990967,0.0038328792434185743
7143,2.4477639198303223,0.0036996181588619947
7144,2.407496929168701,0.003547173924744129
7145,2.4376299381256104,0.0033783763647079468
7146,2.427496910095215,0.0032345191575586796
7147,2.4325640201568604,0.003105210606008768
7148,2.4176299571990967,0.0030083986930549145
7149,2.4626970291137695,0.002929151523858309
7150,2.427496910095215,0.0028665633872151375
7151,2.467763900756836,0.0028304951265454292
7152,2.4325640201568604,0.0028052530251443386
7153,2.4576311111450195,0.002791070844978094
7154,2.407496929168701,0.0027819222304970026
7155,2.452564001083374,0.002776225795969367
7156,2.382430076599121,0.002775224857032299
7157,2.4376299381256104,0.0027779031079262495
7158,2.407496929168701,0.002782622817903757
7159,2.4626970291137695,0.0027869506739079952
7160,2.357362985610962,0.0027888494078069925
7161,1.8216229677200317,0.002791888080537319
7162,1.0101460218429565,0.0027376231737434864
7163,1.3608169555664062,0.0026946086436510086
7164,1.1805479526519775,0.0026188658084720373
7165,0.8149440288543701,0.002531610894948244
7166,0.9552119970321655,0.0024568287190049887
7167,1.0053459405899048,0.0023912647739052773
7168,0.6997420191764832,0.0023374687880277634
7169,0.7698760032653809,0.0023027947172522545
7170,0.7898769974708557,0.0022812210954725742
7171,0.7698760032653809,0.0022706682793796062
7172,0.6746749877929688,0.0022720848210155964
7173,0.7448089718818665,0.0022827177308499813
7174,0.6397410035133362,0.002298540435731411
7175,0.6496080160140991,0.0023139347322285175
7176,0.549340009689331,0.0023320126347243786
7177,0.5994740128517151,0.002352450741454959
7178,0.504272997379303,0.0023868847638368607
7179,0.559473991394043,0.0024364839773625135
7180,0.47440600395202637,0.002515913685783744
7181,0.5144060254096985,0.0025996859185397625
7182,0.4293389916419983,0.0026729831006377935
7183,0.4842729866504669,0.0027400022372603416
7184,0.43920499086380005,0.002806849544867873
7185,0.3890720009803772,0.0028853099793195724
7186,0.3192040026187897,0.002948011504486203
7187,0.32400399446487427,0.0030054242815822363
7188,0.27386999130249023,0.0030532192904502153
7189,0.2890700101852417,0.0030920198187232018
7190,0.23893600702285767,0.0031241937540471554
7191,0.25387001037597656,0.003146461909636855
7192,0.17386899888515472,0.0031584997195750475
7193,0.19893600046634674,0.0031678001396358013
7194,0.1488019973039627,0.0031760921701788902
7195,0.18880200386047363,0.0031857751309871674
7196,0.1386680006980896,0.003192516043782234
7197,0.16373500227928162,0.0031984769739210606
7198,0.09866800159215927,0.0032023119274526834
7199,0.1338679939508438,0.0032059387303888798
7200,0.09866800159215927,0.0032078870572149754
7201,0.11360099911689758,0.0032092807814478874
7202,0.07866799831390381,0.0032100090757012367
7203,0.09360100328922272,0.003210583236068487
7204,0.08880099654197693,0.0032100058160722256
7205,0.11866799741983414,0.0032081494573503733
7206,0.03866700083017349,0.0032057941425591707
7207,0.08373399823904037,0.0032041040249168873
7208,0.03866700083017349,0.003202564548701048
7209,0.10373499989509583,0.0032013177406042814
7210,0.003467000089585781,0.0031996676698327065
7211,0.09866800159215927,0.0031979824416339397
7212,0.008533000014722347,0.003195833181962371
7213,0.0685340017080307,0.003193262964487076
7214,0.01360000018030405,0.003191167488694191
7215,0.09866800159215927,0.003189489711076021
7216,0.02346700057387352,0.0031879013404250145
7217,0.0685340017080307,0.0031861222814768553
7218,0.02346700057387352,0.003183793742209673
7219,0.06373400241136551,0.003180735744535923
7220,0.01866699941456318,0.003176832804456353
7221,0.03866700083017349,0.003173097036778927
7222,0.02346700057387352,0.0031693822238594294
7223,0.04853399842977524,0.0031653358601033688
7224,0.03866700083017349,0.003160797990858555
7225,0.04853399842977524,0.0031556556932628155
7226,0.02346700057387352,0.003150348551571369
7227,0.04853399842977524,0.0031452318653464317
7228,0.003467000089585781,0.003140093758702278
7229,0.05866700038313866,0.003135283477604389
7230,0.03866700083017349,0.003130404744297266
7231,0.0685340017080307,0.0031250505708158016
7232,0.01866699941456318,0.003119393717497587
7233,0.05360100045800209,0.003113966900855303
7234,0.003467000089585781,0.003108616452664137
7235,0.03359999880194664,0.003103014547377825
7236,0.01866699941456318,0.0030968126375228167
7237,0.06373400241136551,0.0030906149186193943
7238,-0.0013330000219866633,0.0030849932227283716
7239,0.01866699941456318,0.003079624380916357
7240,0.003467000089585781,0.003074199892580509
7241,0.06373400241136551,0.0030684899538755417
7242,-0.026399999856948853,0.0030623902566730976
7243,0.05360100045800209,0.003056033980101347
7244,0.003467000089585781,0.0030500730499625206
7245,0.028534000739455223,0.0030451035127043724
7246,-0.011466999538242817,0.0030407640151679516
7247,0.04853399842977524,0.0030368012376129627
7248,-0.0013330000219866633,0.003032948821783066
7249,0.043733999133110046,0.0030296496115624905
7250,-0.0013330000219866633,0.0030269036069512367
7251,0.03866700083017349,0.00302439765073359
7252,-0.0013330000219866633,0.003021762240678072
7253,0.0685340017080307,0.0030187226366251707
7254,-0.006399999838322401,0.003015885129570961
7255,0.028534000739455223,0.0030133367981761694
7256,-0.011466999538242817,0.0030104874167591333
7257,0.05360100045800209,0.003007495077326894
7258,-0.026399999856948853,0.0030041541904211044
7259,0.05866700038313866,0.003000332275405526
7260,0.028534000739455223,0.002996655646711588
7261,0.03866700083017349,0.002993103815242648
7262,0.008533000014722347,0.0029892483726143837
7263,0.03866700083017349,0.0029847121331840754
7264,0.003467000089585781,0.002980154473334551
7265,0.0685340017080307,0.0029754696879535913
7266,0.05360100045800209,0.0029707131907343864
7267,0.07360100001096725,0.0029667289927601814
7268,0.028534000739455223,0.0029630353674292564
7269,0.01866699941456318,0.0029594211373478174
7270,-0.0013330000219866633,0.002956255106255412
7271,0.04853399842977524,0.00295293889939785
7272,-0.011466999538242817,0.002949255285784602
7273,0.04853399842977524,0.002945265732705593
7274,0.003467000089585781,0.0029414091259241104
7275,0.03359999880194664,0.002937886631116271
7276,0.003467000089585781,0.0029343178030103445
7277,0.03866700083017349,0.002930792747065425
7278,0.01360000018030405,0.002927251160144806
7279,0.05360100045800209,0.0029236027039587498
7280,-0.011466999538242817,0.0029196124523878098
7281,0.05866700038313866,0.0029158242978155613
7282,-0.011466999538242817,0.002912241732701659
7283,0.028534000739455223,0.0029085564892739058
7284,-0.011466999538242817,0.0029044710099697113
7285,0.03359999880194664,0.0029003331437706947
7286,-0.011466999538242817,0.0028964083176106215
7287,0.07360100001096725,0.002892112825065851
7288,-0.0013330000219866633,0.0028873325791209936
7289,0.04853399842977524,0.00288230087608099
7290,0.01360000018030405,0.0028775217942893505
7291,0.028534000739455223,0.0028730081394314766
7292,0.028534000739455223,0.002868412993848324
7293,0.07360100001096725,0.002864479087293148
7294,-0.011466999538242817,0.0028610900044441223
7295,0.028534000739455223,0.002858296036720276
7296,-0.026399999856948853,0.0028564720414578915
7297,0.01360000018030405,0.0028553460724651814
7298,-0.02160000056028366,0.002854372374713421
7299,-0.0013330000219866633,0.0028531516436487436
7300,0.008533000014722347,0.0028517800383269787
7301,0.028534000739455223,0.002850593300536275
7302,0.003467000089585781,0.0028490894474089146
7303,0.04853399842977524,0.002846871502697468
7304,0.02346700057387352,0.002843941794708371
7305,0.003467000089585781,0.0028404330369085073
7306,0.01360000018030405,0.0028369096107780933
7307,0.02346700057387352,0.0028335629031062126
7308,0.01360000018030405,0.002830460201948881
7309,0.04853399842977524,0.002827354706823826
7310,-0.006399999838322401,0.0028238631784915924
7311,0.003467000089585781,0.002819755580276251
7312,0.003467000089585781,0.0028154347091913223
7313,0.03359999880194664,0.0028114253655076027
7314,0.02346700057387352,0.0028078402392566204
7315,0.008533000014722347,0.0028043161146342754
7316,0.03866700083017349,0.0028007510118186474
7317,0.05360100045800209,0.0027969651855528355
7318,0.02346700057387352,0.0027927064802497625
7319,0.028534000739455223,0.0027884370647370815
7320,-0.006399999838322401,0.0027845920994877815
7321,0.028534000739455223,0.00278123514726758
7322,-0.02160000056028366,0.0027782858815044165
7323,0.03866700083017349,0.002775641158223152
7324,0.003467000089585781,0.002773237880319357
7325,0.05360100045800209,0.0027711177244782448
7326,0.01866699941456318,0.0027690199203789234
7327,0.07360100001096725,0.0027670427225530148
7328,-0.02160000056028366,0.002765237120911479
7329,0.028534000739455223,0.0027631744742393494
7330,-0.011466999538242817,0.002760548610240221
7331,0.01360000018030405,0.0027575974818319082
7332,-0.026399999856948853,0.002753965789452195
7333,0.043733999133110046,0.0027494817040860653
7334,0.003467000089585781,0.002744206227362156
7335,0.05360100045800209,0.00273927953094244
7336,0.01866699941456318,0.0027345498092472553
7337,0.02346700057387352,0.002731018466874957
7338,0.028534000739455223,0.0027281134389340878
7339,0.01360000018030405,0.002725579310208559
7340,-0.05146700143814087,0.0027234312146902084
7341,0.06373400241136551,0.002720335964113474
7342,0.003467000089585781,0.002716277725994587
7343,0.043733999133110046,0.002711228560656309
7344,-0.02160000056028366,0.002706423867493868
7345,0.043733999133110046,0.0027019393164664507
7346,0.008533000014722347,0.0026971071492880583
7347,0.05360100045800209,0.0026926505379378796
7348,-0.016534000635147095,0.0026881073135882616
7349,0.05866700038313866,0.002683134749531746
7350,0.02346700057387352,0.002678463002666831
7351,0.05866700038313866,0.0026737479493021965
7352,-0.011466999538242817,0.0026683202013373375
7353,0.0685340017080307,0.002661938313394785
7354,0.008533000014722347,0.002654939191415906
7355,0.03866700083017349,0.002647237852215767
7356,0.003467000089585781,0.002640513237565756
7357,0.043733999133110046,0.0026344512589275837
7358,0.01360000018030405,0.002628946676850319
7359,0.05866700038313866,0.0026239436119794846
7360,0.01360000018030405,0.0026192618533968925
7361,0.043733999133110046,0.002614657860249281
7362,0.01360000018030405,0.002610323717817664
7363,0.043733999133110046,0.002605870831757784
7364,-0.0013330000219866633,0.002601182321086526
7365,0.043733999133110046,0.0025960037019103765
7366,0.01866699941456318,0.0025902139022946358
7367,0.01866699941456318,0.002583994995802641
7368,0.003467000089585781,0.0025766920298337936
7369,0.02346700057387352,0.0025691878981888294
7370,0.003467000089585781,0.0025607342831790447
7371,0.028534000739455223,0.0025506392121315002
7372,0.003467000089585781,0.002540726214647293
7373,0.04853399842977524,0.002532073762267828
7374,-0.011466999538242817,0.0025239649694412947
7375,0.0685340017080307,0.0025157942436635494
7376,0.003467000089585781,0.002508380450308323
7377,0.028534000739455223,0.0025014837738126516
7378,-0.011466999538242817,0.00249442458152771
7379,0.04853399842977524,0.0024875467643141747
7380,0.008533000014722347,0.0024809015449136496
7381,0.028534000739455223,0.002474370179697871
7382,0.003467000089585781,0.00246852682903409
7383,0.04853399842977524,0.0024628222454339266
7384,0.01866699941456318,0.0024564359337091446
7385,0.028534000739455223,0.002449956489726901
7386,0.01360000018030405,0.0024443441070616245
7387,0.02346700057387352,0.0024394679348915815
7388,0.003467000089585781,0.002435210859403014
7389,0.0685340017080307,0.0024309447035193443
7390,0.003467000089585781,0.0024258976336568594
7391,0.04853399842977524,0.002420217264443636
7392,0.003467000089585781,0.0024134903214871883
7393,0.05360100045800209,0.002406755927950144
7394,0.028534000739455223,0.0023995700757950544
7395,0.06373400241136551,0.0023923832923173904
7396,-0.011466999538242817,0.002385808387771249
7397,0.03866700083017349,0.0023803773801773787
7398,-0.016534000635147095,0.0023751009721308947
7399,0.043733999133110046,0.0023692145477980375
7400,-0.0013330000219866633,0.002363197971135378
7401,0.03866700083017349,0.0023561581037938595
7402,0.003467000089585781,0.002348654204979539
7403,0.02346700057387352,0.002341422252357006
7404,-0.0013330000219866633,0.0023337472230196
7405,0.06373400241136551,0.0023249920923262835
7406,-0.0013330000219866633,0.002314734971150756
7407,0.07360100001096725,0.002305252244696021
7408,0.003467000089585781,0.002296043559908867
7409,0.028534000739455223,0.0022869734093546867
7410,0.003467000089585781,0.0022773416712880135
7411,0.028534000739455223,0.0022659162059426308
7412,0.01360000018030405,0.002251763828098774
7413,0.028534000739455223,0.002234610030427575
7414,-0.02160000056028366,0.002215695334598422
7415,0.01866699941456318,0.002196741057559848
7416,-0.04666699841618538,0.0021815993823111057
7417,0.028534000739455223,0.002164872596040368
7418,-0.011466999538242817,0.0021435453090816736
7419,0.03866700083017349,0.00212339055724442
7420,-0.0013330000219866633,0.0021000904962420464
7421,0.04853399842977524,0.0020733049605041742
7422,-0.006399999838322401,0.002047632122412324
7423,0.06373400241136551,0.0020217238925397396
7424,0.028534000739455223,0.0019912219140678644
7425,0.05360100045800209,0.0019606042187660933
7426,-0.02160000056028366,0.0019304726738482714
7427,0.043733999133110046,0.0018991398392245173
7428,0.02346700057387352,0.0018632980063557625
7429,0.02346700057387352,0.0018228248227387667
7430,0.01360000018030405,0.0017801556969061494
7431,0.02346700057387352,0.0017387547995895147
7432,-0.02160000056028366,0.0016945176757872105
7433,0.03866700083017349,0.001646373886615038
7434,0.003467000089585781,0.0015853493241593242
7435,0.06373400241136551,0.0015105120837688446
7436,-0.011466999538242817,0.0014067371375858784
7437,0.04853399842977524,0.0013005762593820691
7438,-0.016534000635147095,0.0012088986113667488
7439,0.04853399842977524,0.001126185292378068
7440,-0.026399999856948853,0.0010462024947628379
7441,0.043733999133110046,0.0009564586798660457
7442,-0.0013330000219866633,0.0008838241919875145
7443,0.028534000739455223,0.0008171912631951272
7444,-0.02160000056028366,0.0007606707513332367
7445,0.05360100045800209,0.000713423709385097
7446,0.01866699941456318,0.0006734011694788933
7447,0.05360100045800209,0.0006439188146032393
7448,0.02346700057387352,0.0006251331651583314
7449,0.04853399842977524,0.0006095960270613432
7450,0.003467000089585781,0.0005965048912912607
7451,0.08373399823904037,0.0005829924484714866
7452,-0.006399999838322401,0.0005734236910939217
7453,0.03866700083017349,0.0005653310217894614
7454,-0.0013330000219866633,0.0005598848219960928
7455,0.05866700038313866,0.0005549362977035344
7456,0.003467000089585781,0.0005518326070159674
7457,0.05360100045800209,0.0005492788041010499
7458,0.003467000089585781,0.0005473477649502456
7459,0.02346700057387352,0.0005451476317830384
7460,-0.006399999838322401,0.0005435347557067871
7461,0.03866700083017349,0.000542454537935555
7462,0.003467000089585781,0.0005420615198090672
7463,0.05360100045800209,0.0005415751365944743
7464,0.02346700057387352,0.0005413235630840063
7465,0.05866700038313866,0.0005412366590462625
7466,0.003467000089585781,0.00054157804697752
7467,0.07360100001096725,0.0005418024375103414
7468,0.003467000089585781,0.000542015244718641
7469,0.04853399842977524,0.0005419982480816543
7470,0.008533000014722347,0.0005419006338343024
7471,0.02346700057387352,0.0005417204811237752
7472,-0.026399999856948853,0.0005415963823907077
7473,0.03866700083017349,0.0005415810737758875
7474,0.003467000089585781,0.0005418431246653199
7475,0.02346700057387352,0.0005423122784122825
7476,0.01360000018030405,0.0005427233991213143
7477,0.07866799831390381,0.0005432854522950947
7478,0.02346700057387352,0.0005436456413008273
7479,0.01866699941456318,0.0005441163666546345
7480,-0.011466999538242817,0.0005446852883324027
7481,0.04853399842977524,0.0005452150944620371
7482,-0.026399999856948853,0.0005459265667013824
7483,0.03866700083017349,0.0005466464208438993
7484,-0.026399999856948853,0.0005473524215631187
7485,0.01360000018030405,0.0005477695958688855
7486,0.02346700057387352,0.0005481227999553084
7487,0.028534000739455223,0.0005488077295012772
7488,0.008533000014722347,0.0005494994111359119
7489,0.04853399842977524,0.0005501268897205591
7490,0.01360000018030405,0.0005506459274329245
7491,0.04853399842977524,0.0005512158386409283
7492,-0.02160000056028366,0.0005519401747733355
7493,0.03866700083017349,0.0005524915177375078
7494,0.008533000014722347,0.0005531017668545246
7495,0.01360000018030405,0.0005538597470149398
7496,-0.006399999838322401,0.000554580707103014
7497,0.03866700083017349,0.0005550741916522384
7498,-0.026399999856948853,0.0005556013784371316
7499,0.06373400241136551,0.0005561536527238786
7500,-0.02160000056028366,0.0005569548811763525
7501,0.04853399842977524,0.0005574949318543077
7502,0.01360000018030405,0.0005581453442573547
7503,0.043733999133110046,0.0005588583298958838
7504,-0.03653400018811226,0.0005596897099167109
7505,0.07866799831390381,0.0005603439640253782
7506,0.003467000089585781,0.0005607956554740667
7507,0.0685340017080307,0.0005614009569399059
7508,-0.026399999856948853,0.0005619202274829149
7509,0.06373400241136551,0.0005625822814181447
7510,-0.02160000056028366,0.0005631643580272794
7511,0.05360100045800209,0.000563413486815989
7512,-0.0013330000219866633,0.0005638611037284136
7513,0.01360000018030405,0.0005642852047458291
7514,-0.016534000635147095,0.0005647590733133256
7515,0.03866700083017349,0.0005650511011481285
7516,0.003467000089585781,0.000565321883186698
7517,0.028534000739455223,0.0005656322464346886
7518,-0.011466999538242817,0.0005659442394971848
7519,0.05866700038313866,0.0005660374881699681
7520,-0.0013330000219866633,0.0005660910392180085
7521,0.03359999880194664,0.0005659696762450039
7522,-0.02160000056028366,0.0005662976764142513
7523,0.01360000018030405,0.0005663289921358228
7524,0.003467000089585781,0.0005662080948241055
7525,0.028534000739455223,0.0005662536714226007
7526,-0.016534000635147095,0.0005662572220899165
7527,0.043733999133110046,0.0005662047187797725
7528,-0.0013330000219866633,0.0005661845207214355
7529,0.028534000739455223,0.0005662470939569175
7530,-0.0013330000219866633,0.0005663000047206879
7531,0.03359999880194664,0.0005662487237714231
7532,0.02346700057387352,0.0005662129260599613
7533,0.03866700083017349,0.000566206406801939
7534,-0.03653400018811226,0.0005662697367370129
7535,0.04853399842977524,0.0005660598981194198
7536,-0.0013330000219866633,0.0005662348121404648
7537,0.03359999880194664,0.0005667312070727348
7538,-0.0013330000219866633,0.0005670792306773365
7539,0.028534000739455223,0.0005672679981216788
7540,-0.026399999856948853,0.0005673475097864866
7541,0.028534000739455223,0.0005672902916558087
7542,-0.006399999838322401,0.0005671507678925991
7543,0.043733999133110046,0.0005671870894730091
7544,-0.0013330000219866633,0.0005673961131833494
7545,0.02346700057387352,0.0005675401771441102
7546,0.01866699941456318,0.0005675034481100738
7547,0.06373400241136551,0.0005674077547155321
7548,-0.0013330000219866633,0.000567535636946559
7549,0.04853399842977524,0.0005674004787579179
7550,0.003467000089585781,0.0005674106068909168
7551,0.03866700083017349,0.000567567883990705
7552,-0.02160000056028366,0.0005677107255905867
7553,0.05360100045800209,0.0005675881402567029
7554,0.003467000089585781,0.0005674920394085348
7555,0.03866700083017349,0.0005675965221598744
7556,-0.031466998159885406,0.0005679407040588558
7557,0.02346700057387352,0.000568054208997637
7558,0.02346700057387352,0.0005680975737050176
7559,0.043733999133110046,0.0005681522889062762
7560,-0.011466999538242817,0.0005683954805135727
7561,0.05360100045800209,0.0005685639334842563
7562,-0.006399999838322401,0.0005688336677849293
7563,0.02346700057387352,0.0005690895486623049
7564,-0.0013330000219866633,0.0005694546271115541
7565,0.02346700057387352,0.000569709693081677
7566,0.003467000089585781,0.000569994910620153
7567,0.02346700057387352,0.0005700686015188694
7568,-0.011466999538242817,0.0005700932815670967
7569,-0.0013330000219866633,0.0005701290210708976
7570,-0.0013330000219866633,0.000570113945286721
7571,0.028534000739455223,0.0005699812900274992
7572,-0.016534000635147095,0.0005699076573364437
7573,0.03866700083017349,0.0005698061431758106
7574,-0.026399999856948853,0.0005699107423424721
7575,0.028534000739455223,0.0005700152250938118
7576,-0.011466999538242817,0.00057018524967134
7577,0.03359999880194664,0.0005703915376216173
7578,-0.0013330000219866633,0.0005706564988940954
7579,0.003467000089585781,0.0005712935235351324
7580,0.028534000739455223,0.0005718595930375159
7581,0.05360100045800209,0.0005722766509279609
7582,0.02346700057387352,0.0005725816008634865
7583,0.01360000018030405,0.000572959310375154
7584,-0.011466999538242817,0.000573241850361228
7585,0.02346700057387352,0.0005735469167120755
7586,0.01360000018030405,0.0005739504122175276
7587,0.04853399842977524,0.0005743370857089758
7588,-0.016534000635147095,0.0005745955277234316
7589,0.043733999133110046,0.0005749267875216901
7590,0.003467000089585781,0.0005752351135015488
7591,0.05360100045800209,0.0005753239383921027
7592,-0.011466999538242817,0.0005757204489782453
7593,0.05360100045800209,0.0005758964689448476
7594,-0.026399999856948853,0.0005760733038187027
7595,-0.0013330000219866633,0.0005761419888585806
7596,0.003467000089585781,0.0005757524049840868
7597,0.04853399842977524,0.0005757249309681356
7598,0.003467000089585781,0.0005756639875471592
7599,0.043733999133110046,0.0005757102044299245
7600,-0.0013330000219866633,0.0005760464700870216
7601,0.02346700057387352,0.0005764005472883582
7602,0.01360000018030405,0.0005768919363617897
7603,0.03866700083017349,0.0005773156299255788
7604,-0.011466999538242817,0.0005777281476184726
7605,0.03866700083017349,0.0005783176748082042
7606,0.028534000739455223,0.0005787689005956054
7607,0.05360100045800209,0.0005792280426248908
7608,0.01360000018030405,0.0005797427147626877
7609,0.07360100001096725,0.0005801972001791
7610,0.003467000089585781,0.0005806336994282901
7611,0.02346700057387352,0.0005809913272969425
7612,0.01866699941456318,0.0005814191536046565
7613,0.03866700083017349,0.0005818941863253713
7614,-0.006399999838322401,0.0005823757965117693
7615,0.05360100045800209,0.0005830299342051148
7616,0.02346700057387352,0.0005837743519805372
7617,0.07866799831390381,0.0005845141131430864
7618,0.01360000018030405,0.0005850064917467535
7619,0.04853399842977524,0.0005853481125086546
7620,0.008533000014722347,0.000585911504458636
7621,0.03866700083017349,0.0005864028353244066
7622,0.003467000089585781,0.0005869882879778743
7623,0.02346700057387352,0.0005874446360394359
7624,-0.0013330000219866633,0.000587921473197639
7625,0.01866699941456318,0.0005882923724129796
7626,-0.026399999856948853,0.0005887062870897353
7627,0.028534000739455223,0.0005893973284401
7628,-0.02160000056028366,0.0005899601383134723
7629,0.043733999133110046,0.0005908563616685569
7630,0.01866699941456318,0.0005919918185099959
7631,0.02346700057387352,0.0005933028878644109
7632,0.003467000089585781,0.0005945946904830635
7633,0.028534000739455223,0.0005957043613307178
7634,0.01360000018030405,0.0005969546618871391
7635,0.043733999133110046,0.0005982676520943642
7636,0.003467000089585781,0.0005994699895381927
7637,0.03866700083017349,0.0006005609757266939
7638,0.01360000018030405,0.0006015696562826633
7639,0.04853399842977524,0.0006025166949257255
7640,-0.011466999538242817,0.000603319494985044
7641,0.043733999133110046,0.0006041037850081921
7642,0.003467000089585781,0.0006048233481124043
7643,0.03866700083017349,0.0006055224221199751
7644,-0.031466998159885406,0.0006061885505914688
7645,0.04853399842977524,0.0006066152709536254
7646,-0.026399999856948853,0.0006073517142795026
7647,0.03866700083017349,0.0006081889732740819
7648,0.008533000014722347,0.0006091989343985915
7649,0.043733999133110046,0.0006101148901507258
7650,-0.006399999838322401,0.000611069262959063
7651,0.04853399842977524,0.0006118313176557422
7652,-0.016534000635147095,0.0006128042005002499
7653,0.01360000018030405,0.0006135641597211361
7654,-0.0013330000219866633,0.0006142799975350499
7655,0.01866699941456318,0.0006152952555567026
7656,-0.026399999856948853,0.0006161138880997896
7657,0.06373400241136551,0.0006168171530589461
7658,-0.02160000056028366,0.000617688987404108
7659,0.01360000018030405,0.0006184098310768604
7660,-0.02160000056028366,0.0006194842280820012
7661,0.028534000739455223,0.0006201628712005913
7662,-0.031466998159885406,0.0006209800485521555
7663,0.01360000018030405,0.000621628190856427
7664,-0.016534000635147095,0.0006223696982488036
7665,0.02346700057387352,0.0006231276202015579
7666,-0.0013330000219866633,0.0006238227360881865
7667,0.05866700038313866,0.0006245151162147522
7668,-0.02160000056028366,0.0006253804313018918
7669,0.05866700038313866,0.0006264104158617556
7670,-0.026399999856948853,0.0006274838233366609
7671,0.04853399842977524,0.0006283866241574287
7672,-0.011466999538242817,0.0006293657934293151
7673,-0.0013330000219866633,0.0006302621914073825
7674,-0.026399999856948853,0.0006310514872893691
7675,0.03359999880194664,0.0006315522477962077
7676,-0.011466999538242817,0.0006320643587969244
7677,0.02346700057387352,0.0006328180897980928
7678,-0.016534000635147095,0.0006335579673759639
7679,0.07360100001096725,0.0006343320128507912
7680,-0.0013330000219866633,0.00063536741072312
7681,0.03359999880194664,0.000636533775832504
7682,-0.05146700143814087,0.0006376113742589951
7683,0.03866700083017349,0.0006380593404173851
7684,-0.011466999538242817,0.0006388657493516803
7685,0.01360000018030405,0.0006400282145477831
7686,-0.02160000056028366,0.0006411456852219999
7687,0.06373400241136551,0.0006421636790037155
7688,0.003467000089585781,0.0006428389460779727
7689,0.04853399842977524,0.0006434927927330136
7690,-0.006399999838322401,0.0006443393649533391
7691,0.01866699941456318,0.0006450556684285402
7692,-0.02160000056028366,0.0006456745904870331
7693,0.0685340017080307,0.0006460196455009282
7694,-0.016534000635147095,0.0006467333296313882
7695,0.01360000018030405,0.0006476264097727835
7696,-0.02160000056028366,0.0006484587211161852
7697,0.043733999133110046,0.0006492220563814044
7698,-0.0013330000219866633,0.0006499932496808469
7699,0.01360000018030405,0.0006507151992991567
7700,-0.026399999856948853,0.0006512646796181798
7701,0.04853399842977524,0.0006516303401440382
7702,0.003467000089585781,0.000652116781566292
7703,0.03866700083017349,0.0006527814548462629
7704,-0.0013330000219866633,0.0006533785490319133
7705,0.043733999133110046,0.0006539789028465748
7706,0.028534000739455223,0.0006545647047460079
7707,0.043733999133110046,0.0006551219266839325
7708,0.003467000089585781,0.0006557352608069777
7709,0.03866700083017349,0.0006564080249518156
7710,-0.0013330000219866633,0.0006571662961505353
7711,0.028534000739455223,0.0006579761975444853
7712,-0.031466998159885406,0.0006588606047444046
7713,0.008533000014722347,0.0006598975160159171
7714,-0.006399999838322401,0.0006606896640732884
7715,0.03359999880194664,0.0006617310573346913
7716,-0.0013330000219866633,0.0006627156399190426
7717,0.05360100045800209,0.0006637934129685163
7718,0.008533000014722347,0.0006649993592873216
7719,0.028534000739455223,0.0006663333624601364
7720,-0.011466999538242817,0.0006677826168015599
7721,0.043733999133110046,0.0006693266332149506
7722,-0.03653400018811226,0.0006708534201607108
7723,0.008533000014722347,0.000672315014526248
7724,-0.011466999538242817,0.0006737700896337628
7725,0.01360000018030405,0.0006752015906386077
7726,0.02346700057387352,0.0006767638260498643
7727,0.003467000089585781,0.0006785450968891382
7728,-0.0013330000219866633,0.0006803101859986782
7729,0.04853399842977524,0.0006821555434726179
7730,-0.026399999856948853,0.000683726160787046
7731,-0.0013330000219866633,0.0006850905483588576
7732,0.01360000018030405,0.0006864378228783607
7733,0.028534000739455223,0.0006876995321363211
7734,0.01360000018030405,0.0006890656659379601
7735,0.028534000739455223,0.0006906017661094666
7736,-0.02160000056028366,0.0006919701118022203
7737,0.05360100045800209,0.0006933990516699851
7738,-0.011466999538242817,0.0006946551147848368
7739,0.01360000018030405,0.0006960121681913733
7740,-0.006399999838322401,0.0006970235845074058
7741,0.03866700083017349,0.0006982811028137803
7742,-0.02160000056028366,0.0006994819268584251
7743,0.028534000739455223,0.0007008489919826388
7744,-0.02160000056028366,0.0007020084885880351
7745,0.043733999133110046,0.0007034160662442446
7746,-0.011466999538242817,0.000704942096490413
7747,0.02346700057387352,0.0007067217957228422
7748,0.003467000089585781,0.0007082399097271264
7749,0.06373400241136551,0.0007097827037796378
7750,-0.026399999856948853,0.0007111670565791428
7751,0.03866700083017349,0.0007129442528821528
7752,0.01866699941456318,0.0007145390845835209
7753,0.05866700038313866,0.0007165544666349888
7754,0.003467000089585781,0.0007186076254583895
7755,0.01866699941456318,0.0007206823211163282
7756,0.01360000018030405,0.0007222720887511969
7757,0.07866799831390381,0.000724092940799892
7758,-0.0013330000219866633,0.0007255187374539673
7759,0.05360100045800209,0.0007273427909240127
7760,0.003467000089585781,0.0007289911154657602
7761,0.02346700057387352,0.0007309015491046011
7762,-0.02160000056028366,0.0007332267705351114
7763,0.03866700083017349,0.0007359699811786413
7764,-0.04160099849104881,0.0007383337360806763
7765,0.043733999133110046,0.0007408671663142741
7766,0.01866699941456318,0.0007429533870890737
7767,0.043733999133110046,0.0007452946738339961
7768,-0.0013330000219866633,0.0007473863079212606
7769,0.06373400241136551,0.000749728234950453
7770,0.01360000018030405,0.0007519672508351505
7771,0.003467000089585781,0.0007543081883341074
7772,0.003467000089585781,0.0007566048880107701
7773,0.03866700083017349,0.0007587341824546456
7774,-0.006399999838322401,0.0007608756422996521
7775,0.028534000739455223,0.0007629527244716883
7776,0.003467000089585781,0.0007650766638107598
7777,0.02346700057387352,0.000767360907047987
7778,-0.011466999538242817,0.0007691765204071999
7779,0.028534000739455223,0.0007711983053013682
7780,-0.02160000056028366,0.0007731086807325482
7781,0.008533000014722347,0.0007752562523819506
7782,-0.0013330000219866633,0.0007771598175168037
7783,0.01866699941456318,0.0007792296819388866
7784,-0.0013330000219866633,0.0007810478564351797
7785,0.03359999880194664,0.0007832014816813171
7786,-0.0013330000219866633,0.000784973381087184
7787,0.03866700083017349,0.0007869486580602825
7788,-0.011466999538242817,0.0007886866806074977
7789,0.043733999133110046,0.0007911023567430675
7790,-0.011466999538242817,0.0007932247826829553
7791,0.03866700083017349,0.0007956158369779587
7792,-0.026399999856948853,0.0007976138731464744
7793,0.04853399842977524,0.0008004354895092547
7794,-0.0013330000219866633,0.0008029885357245803
7795,0.04853399842977524,0.0008058947278186679
7796,-0.0013330000219866633,0.0008089325856417418
7797,0.028534000739455223,0.0008117635734379292
7798,-0.006399999838322401,0.0008145278552547097
7799,0.02346700057387352,0.0008174058748409152
7800,0.003467000089585781,0.0008202882017940283
7801,0.03359999880194664,0.0008228629594668746
7802,0.003467000089585781,0.0008253677515313029
7803,0.03866700083017349,0.0008281510672532022
7804,-0.0013330000219866633,0.0008307598764076829
7805,0.06373400241136551,0.0008334284648299217
7806,-0.011466999538242817,0.0008360593346878886
7807,0.02346700057387352,0.0008391328738071024
7808,0.01360000018030405,0.0008420208469033241
7809,0.04853399842977524,0.0008450260502286255
7810,0.003467000089585781,0.0008480098913423717
7811,0.04853399842977524,0.0008509038016200066
7812,0.008533000014722347,0.0008536585373803973
7813,0.01866699941456318,0.0008565753232687712
7814,0.02346700057387352,0.000859496183693409
7815,0.06373400241136551,0.0008620572043582797
7816,-0.006399999838322401,0.0008642937755212188
7817,0.03866700083017349,0.0008671495597809553
7818,0.003467000089585781,0.0008697370067238808
7819,0.03359999880194664,0.0008723658393137157
7820,-0.026399999856948853,0.0008747507818043232
7821,0.01360000018030405,0.000877181242685765
7822,0.02346700057387352,0.0008793473825789988
7823,0.003467000089585781,0.0008815511828288436
7824,-0.011466999538242817,0.0008837078930810094
7825,0.028534000739455223,0.0008856470230966806
7826,0.003467000089585781,0.0008878543740138412
7827,0.01360000018030405,0.0008900199318304658
7828,0.003467000089585781,0.0008921882836148143
7829,0.028534000739455223,0.0008942933636717498
7830,-0.03653400018811226,0.0008962408173829317
7831,0.01360000018030405,0.0008985052118077874
7832,0.01360000018030405,0.0009003720479086041
7833,0.03866700083017349,0.0009021841688081622
7834,-0.05146700143814087,0.0009040920995175838
7835,0.03866700083017349,0.0009053896646946669
7836,-0.02160000056028366,0.0009066126076504588
7837,0.028534000739455223,0.0009083121549338102
7838,0.03359999880194664,0.0009101617033593357
7839,0.05866700038313866,0.0009120822651311755
7840,0.01360000018030405,0.0009136292501352727
7841,0.03866700083017349,0.0009152799611911178
7842,0.008533000014722347,0.0009166355594061315
7843,0.003467000089585781,0.0009181561763398349
7844,0.003467000089585781,0.0009194784215651453
7845,0.03866700083017349,0.0009207658004015684
7846,0.01866699941456318,0.0009220879292115569
7847,0.01866699941456318,0.0009234981844201684
7848,-0.0013330000219866633,0.0009247292764484882
7849,0.008533000014722347,0.0009257486090064049
7850,-0.04666699841618538,0.0009265450062230229
7851,0.028534000739455223,0.0009269844740629196
7852,0.02346700057387352,0.0009275026968680322
7853,0.01360000018030405,0.0009282233077101409
7854,-0.006399999838322401,0.0009288149885833263
7855,0.07866799831390381,0.0009295769268646836
7856,-0.0013330000219866633,0.0009300069650635123
7857,0.028534000739455223,0.0009304138948209584
7858,0.01360000018030405,0.0009306344436481595
7859,0.02346700057387352,0.0009310503955930471
7860,-0.011466999538242817,0.0009314450435340405
7861,0.028534000739455223,0.0009315911447629333
7862,-0.026399999856948853,0.0009319877717643976
7863,0.008533000014722347,0.0009327182779088616
7864,0.003467000089585781,0.0009331810288131237
7865,0.05360100045800209,0.0009339151438325644
7866,-0.011466999538242817,0.0009346203878521919
7867,0.02346700057387352,0.0009351666085422039
7868,0.003467000089585781,0.0009355362271890044
7869,0.028534000739455223,0.0009359826799482107
7870,-0.016534000635147095,0.0009362294222228229
7871,0.043733999133110046,0.0009363758144900203
7872,-0.011466999538242817,0.0009364963625557721
7873,0.02346700057387352,0.0009367521270178258
7874,-0.016534000635147095,0.0009371500927954912
7875,0.02346700057387352,0.0009374406654387712
7876,0.003467000089585781,0.0009376112138852477
7877,0.02346700057387352,0.000937954057008028
7878,0.003467000089585781,0.0009382826974615455
7879,0.028534000739455223,0.0009387142490595579
7880,-0.016534000635147095,0.0009390938794240355
7881,0.028534000739455223,0.0009395190863870084
7882,-0.0013330000219866633,0.0009400062263011932
7883,0.02346700057387352,0.0009402376017533243
7884,-0.026399999856948853,0.0009405009332112968
7885,0.04853399842977524,0.000940472527872771
7886,-0.011466999538242817,0.0009402973810210824
7887,0.043733999133110046,0.0009402883588336408
7888,-0.006399999838322401,0.0009404147858731449
7889,0.03866700083017349,0.0009407249162904918
7890,-0.03653400018811226,0.0009407085599377751
7891,0.03359999880194664,0.0009407338220626116
7892,0.003467000089585781,0.0009407897014170885
7893,-0.011466999538242817,0.0009409337071701884
7894,-0.0013330000219866633,0.0009407601901330054
7895,0.01360000018030405,0.0009407773613929749
7896,-0.031466998159885406,0.0009409090271219611
7897,0.04853399842977524,0.000940934638492763
7898,-0.011466999538242817,0.000941165373660624
7899,0.01360000018030405,0.0009412993676960468
7900,-0.011466999538242817,0.0009414783562533557
7901,0.043733999133110046,0.0009417274268344045
7902,0.02346700057387352,0.0009418143308721483
7903,0.05360100045800209,0.0009416477405466139
7904,0.003467000089585781,0.0009415861568413675
7905,0.003467000089585781,0.000941853504627943
7906,-0.016534000635147095,0.0009420323185622692
7907,-0.03653400018811226,0.0009423103765584528
7908,-0.011466999538242817,0.0009423322626389563
7909,0.03359999880194664,0.0009424770250916481
7910,-0.05146700143814087,0.0009425583994016051
7911,0.04853399842977524,0.0009421495487913489
7912,-0.0013330000219866633,0.0009418173576705158
7913,0.02346700057387352,0.0009417483815923333
7914,-0.0013330000219866633,0.0009412483777850866
7915,0.03866700083017349,0.0009410045458935201
7916,-0.026399999856948853,0.0009406446479260921
7917,0.03359999880194664,0.0009405147284269333
7918,-0.03653400018811226,0.0009403283474966884
7919,0.04853399842977524,0.0009401151328347623
7920,0.01360000018030405,0.0009399965056218207
7921,0.01866699941456318,0.0009399100090377033
7922,-0.0013330000219866633,0.0009398742113262415
7923,0.03359999880194664,0.0009399349219165742
7924,-0.011466999538242817,0.0009396199020557106
7925,0.01360000018030405,0.0009390811901539564
7926,-0.0013330000219866633,0.0009383711731061339
7927,-0.016534000635147095,0.0009378154063597322
7928,0.003467000089585781,0.0009371816413477063
7929,0.01360000018030405,0.0009367024758830667
7930,-0.011466999538242817,0.0009364158613607287
7931,0.02346700057387352,0.0009360252297483385
7932,-0.0013330000219866633,0.0009355006041005254
7933,0.02346700057387352,0.0009349276078864932
7934,0.01360000018030405,0.0009344202699139714
7935,0.028534000739455223,0.0009339071111753583
7936,0.003467000089585781,0.0009328854503110051
7937,0.05866700038313866,0.0009319762466475368
7938,0.01866699941456318,0.0009310635505244136
7939,0.03866700083017349,0.0009306136635132134
7940,-0.026399999856948853,0.0009301750687882304
7941,0.03359999880194664,0.0009295649942941964
7942,-0.02160000056028366,0.0009290626039728522
7943,0.043733999133110046,0.000928683381062001
7944,-0.011466999538242817,0.0009286309941671789
7945,0.06373400241136551,0.0009286464191973209
7946,-0.026399999856948853,0.0009285451378673315
7947,0.03866700083017349,0.0009284197585657239
7948,-0.0013330000219866633,0.0009283298859372735
7949,0.04853399842977524,0.0009284655097872019
7950,-0.0013330000219866633,0.0009282069513574243
7951,0.03359999880194664,0.0009279296500608325
7952,-0.006399999838322401,0.000927829067222774
7953,0.028534000739455223,0.0009277890785597265
7954,-0.0013330000219866633,0.0009276123601011932
7955,0.043733999133110046,0.0009273305768147111
7956,-0.03653400018811226,0.0009270395967178047
7957,0.04853399842977524,0.0009267539717257023
7958,0.02346700057387352,0.0009265280095860362
7959,0.01360000018030405,0.000926185748539865
7960,-0.006399999838322401,0.0009258309146389365
7961,0.01360000018030405,0.0009253745665773749
7962,0.01360000018030405,0.0009248371934518218
7963,0.07360100001096725,0.0009244076791219413
7964,0.01866699941456318,0.0009239137871190906
7965,0.043733999133110046,0.0009233757737092674
7966,-0.0013330000219866633,0.0009226276888512075
7967,0.043733999133110046,0.000921958009712398
7968,-0.02160000056028366,0.0009211181895807385
7969,0.01360000018030405,0.0009202978108078241
7970,0.028534000739455223,0.0009196005994454026
7971,0.01360000018030405,0.000918785051908344
7972,-0.011466999538242817,0.0009179288754239678
7973,0.03866700083017349,0.0009171391138806939
7974,0.003467000089585781,0.0009159380570054054
7975,0.02346700057387352,0.0009147286764346063
7976,0.003467000089585781,0.0009133298299275339
7977,0.01360000018030405,0.0009118486195802689
7978,-0.016534000635147095,0.0009103810880333185
7979,0.09866800159215927,0.000909007212612778
7980,-0.006399999838322401,0.0009076597634702921
7981,0.03866700083017349,0.0009064395562745631
7982,-0.0013330000219866633,0.0009051254019141197
7983,0.03866700083017349,0.0009037582203745842
7984,0.028534000739455223,0.0009023791644722223
7985,0.01360000018030405,0.000900855811778456
7986,-0.02160000056028366,0.0008995028911158442
7987,0.028534000739455223,0.0008982109138742089
7988,0.008533000014722347,0.0008968299953266978
7989,0.043733999133110046,0.0008955931989476085
7990,-0.011466999538242817,0.0008943245047703385
7991,0.05866700038313866,0.0008928829920478165
7992,-0.016534000635147095,0.0008918259991332889
7993,0.02346700057387352,0.0008906853618100286
7994,-0.006399999838322401,0.0008894748752936721
7995,0.05360100045800209,0.0008881482644937932
7996,-0.0013330000219866633,0.0008870511082932353
7997,0.0685340017080307,0.000885818968527019
7998,0.028534000739455223,0.0008849144796840847
7999,0.02346700057387352,0.0008837681962177157
8000,-0.016534000635147095,0.0008827704004943371
8001,0.043733999133110046,0.0008814591565169394
8002,0.028534000739455223,0.0008800508221611381
8003,0.03866700083017349,0.0008782866643741727
8004,-0.026399999856948853,0.0008766966639086604
8005,0.05866700038313866,0.0008751581190153956
8006,0.01866699941456318,0.0008737407624721527
8007,0.028534000739455223,0.000871774333063513
8008,-0.02160000056028366,0.0008700875914655626
8009,0.043733999133110046,0.0008682140614837408
8010,-0.006399999838322401,0.0008661719039082527
8011,0.06373400241136551,0.0008640658343210816
8012,0.02346700057387352,0.0008619547006674111
8013,-0.0013330000219866633,0.000859907828271389
8014,0.02346700057387352,0.0008583144517615438
8015,0.07360100001096725,0.000856372993439436
8016,-0.016534000635147095,0.0008543460862711072
8017,0.02346700057387352,0.0008522444986738265
8018,-0.0013330000219866633,0.000849913340061903
8019,0.02346700057387352,0.000847143994178623
8020,-0.016534000635147095,0.0008447878062725067
8021,0.06373400241136551,0.0008419567020609975
8022,-0.0013330000219866633,0.0008396146004088223
8023,0.03866700083017349,0.0008372333832085133
8024,-0.011466999538242817,0.0008349447743967175
8025,0.03866700083017349,0.0008325752569362521
8026,-0.0013330000219866633,0.0008301968919113278
8027,0.02346700057387352,0.0008279705070890486
8028,-0.016534000635147095,0.0008256913861259818
8029,0.028534000739455223,0.0008235498098656535
8030,-0.031466998159885406,0.0008213843684643507
8031,0.01360000018030405,0.0008193699177354574
8032,0.003467000089585781,0.0008172710658982396
8033,0.04853399842977524,0.000815011328086257
8034,0.008533000014722347,0.0008132279035635293
8035,0.02346700057387352,0.0008112725918181241
8036,0.028534000739455223,0.0008094625663943589
8037,0.04853399842977524,0.0008074280922301114
8038,0.01360000018030405,0.0008055325597524643
8039,0.06373400241136551,0.0008036888903006911
8040,0.03866700083017349,0.0008019715314731002
8041,0.07360100001096725,0.0007999599911272526
8042,-0.011466999538242817,0.0007982781389728189
8043,0.0685340017080307,0.0007965036202222109
8044,0.008533000014722347,0.0007948309066705406
8045,0.05360100045800209,0.0007925382233224809
8046,-0.02160000056028366,0.0007903393125161529
8047,0.05866700038313866,0.0007877579191699624
8048,0.03866700083017349,0.0007852631388232112
8049,0.05360100045800209,0.0007819412276148796
8050,-0.0013330000219866633,0.0007789161754772067
8051,0.02346700057387352,0.0007757835555821657
8052,-0.011466999538242817,0.0007725568721070886
8053,0.01866699941456318,0.0007695998065173626
8054,-0.031466998159885406,0.0007664914010092616
8055,0.028534000739455223,0.0007630829350091517
8056,-0.02160000056028366,0.000759664224460721
8057,0.043733999133110046,0.0007565224077552557
8058,0.01360000018030405,0.0007535001495853066
8059,0.043733999133110046,0.0007502801017835736
8060,-0.006399999838322401,0.0007471045828424394
8061,0.04853399842977524,0.0007439674809575081
8062,0.01360000018030405,0.0007409345707856119
8063,0.02346700057387352,0.0007373937405645847
8064,-0.026399999856948853,0.0007339852163568139
8065,0.028534000739455223,0.0007304523605853319
8066,0.003467000089585781,0.0007270692149177194
8067,0.02346700057387352,0.000723795616067946
8068,-0.0013330000219866633,0.0007206400623545051
8069,0.0685340017080307,0.000717301620170474
8070,-0.011466999538242817,0.0007139455410651863
8071,0.03359999880194664,0.0007109497091732919
8072,0.01360000018030405,0.0007081040530465543
8073,0.028534000739455223,0.0007047189865261316
8074,0.003467000089585781,0.000701361452229321
8075,0.03359999880194664,0.0006981209153309464
8076,0.003467000089585781,0.0006950293900445104
8077,0.05360100045800209,0.0006921023596078157
8078,-0.011466999538242817,0.000689337553922087
8079,0.02346700057387352,0.0006868476048111916
8080,-0.02160000056028366,0.0006843669689260423
8081,-0.016534000635147095,0.0006820445414632559
8082,-0.026399999856948853,0.000679574441164732
8083,0.043733999133110046,0.0006771159823983908
8084,-0.026399999856948853,0.0006746451836079359
8085,0.008533000014722347,0.0006725962157361209
8086,-0.0013330000219866633,0.000670557317789644
8087,0.008533000014722347,0.0006681823288090527
8088,-0.031466998159885406,0.0006660782964900136
8089,0.028534000739455223,0.000663900573272258
8090,-0.006399999838322401,0.0006617329781875014
8091,0.03866700083017349,0.0006599124171771109
8092,0.01360000018030405,0.0006581366178579628
8093,0.0685340017080307,0.0006560374749824405
8094,0.01866699941456318,0.0006538856541737914
8095,0.03866700083017349,0.000651776441372931
8096,-0.006399999838322401,0.000649957568384707
8097,0.043733999133110046,0.0006480580777861178
8098,0.01360000018030405,0.0006461709272116423
8099,0.04853399842977524,0.0006443428574129939
8100,-0.006399999838322401,0.0006425866740755737
8101,0.028534000739455223,0.0006407244363799691
8102,-0.006399999838322401,0.0006390041671693325
8103,0.02346700057387352,0.000637370627373457
8104,0.01360000018030405,0.0006358053651638329
8105,0.04853399842977524,0.0006345428992062807
8106,-0.006399999838322401,0.0006333710625767708
8107,0.06373400241136551,0.0006324030691757798
8108,0.008533000014722347,0.0006313136545941234
8109,0.04853399842977524,0.0006302350666373968
8110,-0.006399999838322401,0.0006293264450505376
8111,0.02346700057387352,0.000628206820692867
8112,-0.011466999538242817,0.0006271624588407576
8113,0.03866700083017349,0.0006262611132115126
8114,0.02346700057387352,0.0006253643077798188
8115,0.03866700083017349,0.0006243447423912585
8116,-0.02160000056028366,0.0006233433960005641
8117,0.03359999880194664,0.0006226064870133996
8118,0.01360000018030405,0.000621586455963552
8119,0.05866700038313866,0.0006202948279678822
8120,-0.02160000056028366,0.0006192345754243433
8121,-0.0013330000219866633,0.0006181463832035661
8122,-0.011466999538242817,0.0006167698302306235
8123,0.03866700083017349,0.0006155702867545187
8124,-0.02160000056028366,0.0006145740044303238
8125,0.03866700083017349,0.0006136682350188494
8126,0.003467000089585781,0.0006128125241957605
8127,0.028534000739455223,0.0006119920290075243
8128,-0.03653400018811226,0.0006112860282883048
8129,0.043733999133110046,0.0006105154752731323
8130,-0.016534000635147095,0.0006096515571698546
8131,0.03866700083017349,0.0006089157541282475
8132,-0.006399999838322401,0.0006081920000724494
8133,0.03359999880194664,0.0006074249977245927
8134,-0.006399999838322401,0.0006066517671570182
8135,0.05866700038313866,0.000605820445343852
8136,0.008533000014722347,0.0006049278890714049
8137,0.03866700083017349,0.0006040303269401193
8138,0.008533000014722347,0.000602968386374414
8139,0.003467000089585781,0.0006021028384566307
8140,-0.011466999538242817,0.0006012714002281427
8141,0.028534000739455223,0.0006006769835948944
8142,-0.0013330000219866633,0.0005998372798785567
8143,0.003467000089585781,0.0005988833727315068
8144,0.01360000018030405,0.0005977539112791419
8145,0.04853399842977524,0.0005966569297015667
8146,0.01360000018030405,0.0005957430112175643
8147,0.09866800159215927,0.0005950552877038717
8148,0.01360000018030405,0.0005941540002822876
8149,0.04853399842977524,0.000593406381085515
8150,0.003467000089585781,0.0005929331528022885
8151,0.05360100045800209,0.0005922887357883155
8152,0.008533000014722347,0.0005916451918892562
8153,0.01360000018030405,0.0005912199267186224
8154,-0.0013330000219866633,0.0005905593279749155
8155,0.028534000739455223,0.0005899270181544125
8156,-0.02160000056028366,0.0005892313783988357
8157,0.02346700057387352,0.0005884034908376634
8158,0.02346700057387352,0.0005875146598555148
8159,0.008533000014722347,0.0005866668070666492
8160,0.003467000089585781,0.0005856813513673842
8161,0.03866700083017349,0.0005846176063641906
8162,0.003467000089585781,0.0005836562486365438
8163,0.028534000739455223,0.0005827164277434349
8164,-0.026399999856948853,0.0005818390054628253
8165,0.05360100045800209,0.0005810934817418456
8166,0.01866699941456318,0.0005803378880955279
8167,0.07360100001096725,0.0005799854407086968
8168,-0.0013330000219866633,0.0005796782206743956
8169,0.06373400241136551,0.0005790830473415554
8170,-0.006399999838322401,0.0005787273403257132
8171,0.03359999880194664,0.0005781638319604099
8172,0.01360000018030405,0.000577405677177012
8173,0.028534000739455223,0.0005765440873801708
8174,0.003467000089585781,0.0005758368643000722
8175,0.05360100045800209,0.0005753008299507201
8176,-0.0013330000219866633,0.0005746206734329462
8177,0.02346700057387352,0.0005738766631111503
8178,-0.0013330000219866633,0.0005732280551455915
8179,0.05360100045800209,0.0005724906222894788
8180,-0.02160000056028366,0.0005717709427699447
8181,0.03866700083017349,0.0005712345009669662
8182,0.02346700057387352,0.0005709005054086447
8183,0.03866700083017349,0.0005704498616978526
8184,-0.011466999538242817,0.0005699485191144049
8185,0.008533000014722347,0.0005696933367289603
8186,0.008533000014722347,0.0005692318081855774
8187,0.04853399842977524,0.0005689762765541673
8188,-0.011466999538242817,0.0005688363453373313
8189,0.04853399842977524,0.0005686101503670216
8190,-0.011466999538242817,0.000568404677323997
8191,0.06373400241136551,0.0005682328483089805
8192,-0.02160000056028366,0.0005684782518073916
8193,0.06373400241136551,0.0005682938499376178
8194,-0.0013330000219866633,0.0005681210896000266
8195,0.03866700083017349,0.0005675390711985528
8196,-0.0013330000219866633,0.0005667860386893153
8197,0.02346700057387352,0.0005661550094373524
8198,-0.02160000056028366,0.0005656082648783922
8199,0.01360000018030405,0.0005649105296470225
8200,-0.031466998159885406,0.0005641661118716002
8201,0.028534000739455223,0.0005634855479001999
8202,-0.0013330000219866633,0.0005627442733384669
8203,0.028534000739455223,0.0005622066091746092
8204,-0.011466999538242817,0.0005615231930278242
8205,0.05866700038313866,0.000560800894163549
8206,-0.031466998159885406,0.0005602076998911798
8207,0.03866700083017349,0.0005597610725089908
8208,-0.03653400018811226,0.0005592569941654801
8209,0.03866700083017349,0.0005588956992141902
8210,-0.02160000056028366,0.0005587098421528935
8211,0.03866700083017349,0.0005587356863543391
8212,-0.016534000635147095,0.0005589958163909614
8213,0.01360000018030405,0.000559221429284662
8214,-0.0013330000219866633,0.0005592053639702499
8215,0.028534000739455223,0.000559160194825381
8216,0.01866699941456318,0.0005591897061094642
8217,0.03866700083017349,0.0005592091474682093
8218,-0.03653400018811226,0.0005593841196969151
8219,0.01360000018030405,0.0005594532703980803
8220,-0.026399999856948853,0.0005594961112365127
8221,0.03866700083017349,0.0005596733535639942
8222,0.05360100045800209,0.000559902866370976
8223,0.05866700038313866,0.0005599609576165676
8224,-0.0013330000219866633,0.0005600443109869957
8225,0.02346700057387352,0.0005600242875516415
8226,0.01866699941456318,0.0005600076401606202
8227,0.04853399842977524,0.0005597290582954884
8228,-0.026399999856948853,0.0005595736438408494
8229,0.0685340017080307,0.0005594203830696642
8230,0.008533000014722347,0.0005594114772975445
8231,0.07866799831390381,0.0005592434317804873
8232,-0.0013330000219866633,0.0005592808593064547
8233,0.01866699941456318,0.0005592165398411453
8234,0.003467000089585781,0.0005592420930042863
8235,0.04853399842977524,0.000559283304028213
8236,-0.011466999538242817,0.0005593630485236645
8237,0.043733999133110046,0.0005593858659267426
8238,0.01360000018030405,0.0005596119444817305
8239,0.02346700057387352,0.0005597316194325686
8240,0.003467000089585781,0.0005598989664576948
8241,0.02346700057387352,0.0005600887816399336
8242,-0.016534000635147095,0.0005602785386145115
8243,0.028534000739455223,0.0005603940226137638
8244,-0.011466999538242817,0.0005607603816315532
8245,0.03866700083017349,0.0005609045037999749
8246,-0.016534000635147095,0.0005612990353256464
8247,0.01866699941456318,0.0005617622518911958
8248,-0.0013330000219866633,0.000561943743377924
8249,0.04853399842977524,0.0005621812888421118
8250,-0.0013330000219866633,0.0005625531193800271
8251,0.043733999133110046,0.0005628254730254412
8252,-0.02160000056028366,0.0005632328102365136
8253,0.003467000089585781,0.0005634136032313108
8254,-0.026399999856948853,0.0005635765264742076
8255,0.02346700057387352,0.0005637587746605277
8256,-0.006399999838322401,0.0005641089519485831
8257,0.07360100001096725,0.0005646342760883272
8258,0.028534000739455223,0.000565163791179657
8259,0.05360100045800209,0.0005657949950546026
8260,-0.0013330000219866633,0.0005667093791998923
8261,0.03866700083017349,0.0005676301079802215
8262,-0.031466998159885406,0.000568435643799603
8263,0.028534000739455223,0.0005689292447641492
8264,-0.016534000635147095,0.0005692787235602736
8265,0.03359999880194664,0.0005693493876606226
8266,-0.011466999538242817,0.0005698189488612115
8267,0.04853399842977524,0.000570109230466187
8268,-0.016534000635147095,0.0005706725060008466
8269,0.028534000739455223,0.0005710419500246644
8270,-0.0013330000219866633,0.0005712871206924319
8271,0.05360100045800209,0.0005715268198400736
8272,-0.016534000635147095,0.0005719907348975539
8273,0.04853399842977524,0.0005722988862544298
8274,0.01866699941456318,0.0005727403913624585
8275,0.03866700083017349,0.000573024561163038
8276,0.003467000089585781,0.0005735465092584491
8277,0.05360100045800209,0.0005739114130847156
8278,-0.011466999538242817,0.000574565667193383
8279,0.028534000739455223,0.0005750638083554804
8280,-0.016534000635147095,0.000575712532736361
8281,0.028534000739455223,0.0005761904758401215
8282,-0.0013330000219866633,0.0005767436232417822
8283,0.05360100045800209,0.0005771118449047208
8284,0.02346700057387352,0.0005776482285000384
8285,0.0685340017080307,0.0005781445652246475
8286,-0.03653400018811226,0.000578912440687418
8287,0.04853399842977524,0.0005795260658487678
8288,-0.016534000635147095,0.0005803190870210528
8289,0.008533000014722347,0.0005807629786431789
8290,-0.02160000056028366,0.0005812200251966715
8291,0.02346700057387352,0.0005816338816657662
8292,-0.0013330000219866633,0.00058226496912539
8293,0.03359999880194664,0.0005826432025060058
8294,-0.0013330000219866633,0.0005831968737766147
8295,0.02346700057387352,0.0005835090996697545
8296,0.01866699941456318,0.0005840144585818052
8297,0.01360000018030405,0.0005844070692546666
8298,-0.011466999538242817,0.0005849789595231414
8299,0.02346700057387352,0.000585351197514683
8300,0.003467000089585781,0.0005858489312231541
8301,0.06373400241136551,0.0005864260601811111
8302,-0.0013330000219866633,0.0005874531343579292
8303,0.05360100045800209,0.0005885957507416606
8304,0.01360000018030405,0.000589794828556478
8305,0.03866700083017349,0.0005907705053687096
8306,0.02346700057387352,0.0005919696995988488
8307,0.04853399842977524,0.0005930925253778696
8308,-0.02160000056028366,0.0005941757699474692
8309,0.05360100045800209,0.0005950049380771816
8310,-0.0013330000219866633,0.0005959067493677139
8311,0.02346700057387352,0.00059697893448174
8312,0.003467000089585781,0.000598142622038722
8313,0.06373400241136551,0.0005994424573145807
8314,-0.02160000056028366,0.0006009438075125217
8315,0.02346700057387352,0.0006021391600370407
8316,-0.011466999538242817,0.0006034420221112669
8317,0.008533000014722347,0.0006047174101695418
8318,0.003467000089585781,0.0006058989092707634
8319,0.05360100045800209,0.0006069567170925438
8320,0.008533000014722347,0.0006080882740207016
8321,0.028534000739455223,0.000609228212852031
8322,-0.011466999538242817,0.0006105861393734813
8323,0.028534000739455223,0.0006117541925050318
8324,-0.006399999838322401,0.0006127158412709832
8325,0.03866700083017349,0.0006137873861007392
8326,0.02346700057387352,0.0006148769753053784
8327,0.05360100045800209,0.000615912489593029
8328,0.01360000018030405,0.0006167710525915027
8329,0.05866700038313866,0.0006174627924337983
8330,0.003467000089585781,0.000618357677012682
8331,0.01866699941456318,0.0006191127467900515
8332,-0.0013330000219866633,0.0006199766648933291
8333,0.043733999133110046,0.0006207501282915473
8334,0.01866699941456318,0.0006216100882738829
8335,0.01360000018030405,0.000622349907644093
8336,0.03866700083017349,0.0006232527666725218
8337,0.04853399842977524,0.0006239892682060599
8338,-0.0013330000219866633,0.0006245875847525895
8339,0.03866700083017349,0.0006253138999454677
8340,0.01866699941456318,0.0006261197850108147
8341,0.003467000089585781,0.0006266958080232143
8342,-0.006399999838322401,0.0006273211911320686
8343,0.028534000739455223,0.0006278046639636159
8344,0.02346700057387352,0.0006285615963861346
8345,0.01360000018030405,0.0006294698687270284
8346,-0.0013330000219866633,0.0006303248228505254
8347,0.04853399842977524,0.0006309868767857552
8348,0.003467000089585781,0.0006315246573649347
8349,0.05360100045800209,0.0006318463711068034
8350,0.01866699941456318,0.0006324902060441673
8351,0.06373400241136551,0.000632797775324434
8352,-0.011466999538242817,0.0006333824130706489
8353,0.05360100045800209,0.0006340212421491742
8354,-0.0013330000219866633,0.0006349912146106362
8355,0.07360100001096725,0.0006358050741255283
8356,0.003467000089585781,0.0006368382601067424
8357,0.03359999880194664,0.0006377706304192543
8358,0.008533000014722347,0.000638697063550353
8359,0.03866700083017349,0.0006394139491021633
8360,-0.011466999538242817,0.0006401974824257195
8361,0.03866700083017349,0.0006409228080883622
8362,-0.0013330000219866633,0.0006419798010028899
8363,0.05360100045800209,0.000642903265543282
8364,-0.011466999538242817,0.0006438343552872539
8365,0.043733999133110046,0.0006444259779527783
8366,0.01360000018030405,0.0006452134111896157
8367,0.03866700083017349,0.0006461840821430087
8368,0.003467000089585781,0.0006473172688856721
8369,0.03866700083017349,0.0006481811287812889
8370,0.003467000089585781,0.0006492457468993962
8371,0.03359999880194664,0.0006504610646516085
8372,-0.011466999538242817,0.0006517607253044844
8373,0.05866700038313866,0.0006526551442220807
8374,0.008533000014722347,0.0006539294263347983
8375,0.043733999133110046,0.0006551689584739506
8376,0.003467000089585781,0.0006564452778548002
8377,0.05866700038313866,0.0006574405124410987
8378,0.01866699941456318,0.000658935634419322
8379,0.03866700083017349,0.0006602822104468942
8380,-0.02160000056028366,0.0006614741869270802
8381,0.028534000739455223,0.0006623403169214725
8382,0.028534000739455223,0.0006631237920373678
8383,0.008533000014722347,0.0006639809580519795
8384,-0.0013330000219866633,0.0006648791022598743
8385,0.05360100045800209,0.0006657404592260718
8386,-0.011466999538242817,0.0006667680572718382
8387,0.043733999133110046,0.0006677269702777267
8388,-0.006399999838322401,0.0006688189459964633
8389,0.043733999133110046,0.0006699338555335999
8390,-0.011466999538242817,0.0006711830501444638
8391,0.0685340017080307,0.0006725267739966512
8392,0.01360000018030405,0.0006739809759892523
8393,0.07360100001096725,0.0006752926856279373
8394,0.01360000018030405,0.0006763897836208344
8395,0.03866700083017349,0.0006775742513127625
8396,-0.0013330000219866633,0.0006787413731217384
8397,0.04853399842977524,0.0006798696122132242
8398,-0.03653400018811226,0.0006814876105636358
8399,0.05360100045800209,0.00068272789940238
8400,-0.011466999538242817,0.0006838677218183875
8401,-0.0013330000219866633,0.0006848094053566456
8402,0.003467000089585781,0.0006856633117422462
8403,0.02346700057387352,0.0006863392191007733
8404,-0.02160000056028366,0.0006870807847008109
8405,0.05360100045800209,0.0006876251427456737
8406,0.01360000018030405,0.0006882000016048551
8407,0.003467000089585781,0.0006886010523885489
8408,-0.016534000635147095,0.000689458567649126
8409,0.043733999133110046,0.0006900288863107562
8410,-0.026399999856948853,0.0006907840142957866
8411,0.03866700083017349,0.0006911336677148938
8412,0.028534000739455223,0.0006917365826666355
8413,0.03866700083017349,0.0006923048640601337
8414,-0.026399999856948853,0.0006931107491254807
8415,0.06373400241136551,0.0006935514975339174
8416,0.02346700057387352,0.0006940440507605672
8417,0.02346700057387352,0.0006944146589376032
8418,0.01866699941456318,0.0006948474328964949
8419,0.07360100001096725,0.0006951474351808429
8420,0.02346700057387352,0.0006954882410354912
8421,0.03866700083017349,0.000695745344273746
8422,-0.0013330000219866633,0.000696157687343657
8423,0.04853399842977524,0.000696254544891417
8424,-0.006399999838322401,0.0006964344065636396
8425,0.02346700057387352,0.0006966080982238054
8426,-0.011466999538242817,0.0006970906397327781
8427,0.0685340017080307,0.0006974145071581006
8428,-0.026399999856948853,0.0006979425088502467
8429,0.01866699941456318,0.0006980735925026238
8430,-0.02160000056028366,0.0006981785991229117
8431,0.043733999133110046,0.0006982908817008138
8432,0.003467000089585781,0.0006986475200392306
8433,0.06373400241136551,0.0006989932153373957
8434,-0.006399999838322401,0.0006993283750489354
8435,0.05360100045800209,0.0006993168499320745
8436,0.028534000739455223,0.0006995463045313954
8437,0.04853399842977524,0.0006996100419200957
8438,-0.026399999856948853,0.0006998736062087119
8439,0.04853399842977524,0.0006998201133683324
8440,0.028534000739455223,0.0007001644698902965
8441,0.043733999133110046,0.0007000629557296634
8442,0.003467000089585781,0.0007001750054769218
8443,0.02346700057387352,0.0007001814665272832
8444,0.028534000739455223,0.0007002159836702049
8445,0.04853399842977524,0.000700208474881947
8446,0.003467000089585781,0.0007004638900980353
8447,0.01360000018030405,0.0007005328661762178
8448,-0.02160000056028366,0.000700799748301506
8449,0.06373400241136551,0.0007011391571722925
8450,0.01360000018030405,0.0007018538890406489
8451,0.04853399842977524,0.0007027448154985905
8452,-0.011466999538242817,0.0007036075694486499
8453,0.03866700083017349,0.0007042397046461701
8454,0.028534000739455223,0.0007048558327369392
8455,0.03866700083017349,0.0007055860478430986
8456,-0.03653400018811226,0.0007062946679070592
8457,0.03866700083017349,0.0007067384431138635
8458,0.01360000018030405,0.0007074247114360332
8459,0.04853399842977524,0.0007079531205818057
8460,0.04853399842977524,0.000708674662746489
8461,0.05360100045800209,0.0007093820022419095
8462,0.003467000089585781,0.0007099482463672757
8463,0.03359999880194664,0.0007104366668500006
8464,0.003467000089585781,0.0007110096048563719
8465,0.028534000739455223,0.0007112564635463059
8466,-0.016534000635147095,0.0007116785272955894
8467,0.028534000739455223,0.0007117559434846044
8468,-0.0013330000219866633,0.0007119133952073753
8469,0.05360100045800209,0.0007120684022083879
8470,-0.0013330000219866633,0.0007125394186004996
8471,0.05866700038313866,0.000713075278326869
8472,-0.011466999538242817,0.0007136256899684668
8473,0.05360100045800209,0.0007139689987525344
8474,0.01360000018030405,0.0007143522379919887
8475,0.02346700057387352,0.0007151399622671306
8476,-0.04160099849104881,0.0007161085959523916
8477,0.05360100045800209,0.0007165883434936404
8478,0.028534000739455223,0.0007171477773226798
8479,0.043733999133110046,0.0007176707149483263
8480,0.028534000739455223,0.0007182597182691097
8481,0.01866699941456318,0.0007188110030256212
8482,0.003467000089585781,0.0007193927885964513
8483,0.02346700057387352,0.0007201612461358309
8484,-0.011466999538242817,0.0007210442563518882
8485,0.02346700057387352,0.0007215068326331675
8486,0.01360000018030405,0.0007220846018753946
8487,0.02346700057387352,0.0007227696478366852
8488,-0.02160000056028366,0.0007235234952531755
8489,0.04853399842977524,0.000724071345757693
8490,0.003467000089585781,0.0007243987056426704
8491,0.028534000739455223,0.0007246708264574409
8492,0.01360000018030405,0.0007251790957525373
8493,0.04853399842977524,0.0007257831166498363
8494,-0.031466998159885406,0.000726248137652874
8495,0.043733999133110046,0.0007263412699103355
8496,-0.0013330000219866633,0.0007266869070008397
8497,0.043733999133110046,0.0007272186921909451
8498,-0.04666699841618538,0.0007276333053596318
8499,0.043733999133110046,0.0007278256816789508
8500,0.008533000014722347,0.0007277128752321005
8501,0.02346700057387352,0.0007277008844539523
8502,-0.006399999838322401,0.0007278132834471762
8503,0.008533000014722347,0.0007278614793904126
8504,-0.016534000635147095,0.0007279154378920794
8505,0.02346700057387352,0.0007278475095517933
8506,-0.02160000056028366,0.0007278682896867394
8507,0.02346700057387352,0.0007278179982677102
8508,-0.02160000056028366,0.000728048849850893
8509,0.028534000739455223,0.0007281906437128782
8510,-0.011466999538242817,0.0007282495498657227
8511,0.04853399842977524,0.0007281227735802531
8512,-0.0013330000219866633,0.0007278745179064572
8513,0.04853399842977524,0.0007276266114786267
8514,0.008533000014722347,0.0007275498355738819
8515,0.01866699941456318,0.0007275145035237074
8516,-0.03653400018811226,0.0007272944203577936
8517,0.05360100045800209,0.000726954429410398
8518,-0.026399999856948853,0.0007267227047123015
8519,0.0685340017080307,0.0007266601314768195
8520,-0.011466999538242817,0.0007267937762662768
8521,0.003467000089585781,0.0007270431378856301
8522,-0.0013330000219866633,0.0007270764326676726
8523,0.05360100045800209,0.0007270729402080178
8524,0.03866700083017349,0.0007270590867847204
8525,0.05360100045800209,0.0007272717193700373
8526,-0.02160000056028366,0.0007275249809026718
8527,0.03866700083017349,0.0007273791125044227
8528,-0.0013330000219866633,0.0007271841750480235
8529,0.03866700083017349,0.0007270436035469174
8530,-0.011466999538242817,0.0007270530331879854
8531,0.04853399842977524,0.0007268748013302684
8532,-0.011466999538242817,0.0007266788743436337
8533,0.028534000739455223,0.000726579746697098
8534,-0.011466999538242817,0.0007263164152391255
8535,0.04853399842977524,0.0007261022110469639
8536,0.028534000739455223,0.000725779973436147
8537,0.04853399842977524,0.000725585559848696
8538,-0.026399999856948853,0.0007254300289787352
8539,0.06373400241136551,0.0007251129136420786
8540,-0.0013330000219866633,0.0007247235625982285
8541,0.03866700083017349,0.0007241013227030635
8542,-0.011466999538242817,0.0007233148207888007
8543,0.03359999880194664,0.0007224994478747249
8544,-0.02160000056028366,0.0007217102684080601
8545,0.03359999880194664,0.0007212260970845819
8546,-0.011466999538242817,0.0007205869187600911
8547,0.03359999880194664,0.0007200082181952894
8548,0.003467000089585781,0.0007192563498392701
8549,0.04853399842977524,0.0007185225840657949
8550,0.02346700057387352,0.0007177278166636825
8551,0.03359999880194664,0.0007170279859565198
8552,-0.02160000056028366,0.0007164389826357365
8553,0.04853399842977524,0.0007158087682910264
8554,0.003467000089585781,0.0007150429300963879
8555,0.04853399842977524,0.000714335881639272
8556,0.01866699941456318,0.000713517249096185
8557,0.05866700038313866,0.0007127009448595345
8558,-0.026399999856948853,0.0007116334163583815
8559,0.028534000739455223,0.0007104266551323235
8560,-0.0013330000219866633,0.0007094110478647053
8561,0.02346700057387352,0.0007085550460033119
8562,-0.0013330000219866633,0.0007076429901644588
8563,0.04853399842977524,0.0007065482204779983
8564,0.003467000089585781,0.0007054760353639722
8565,0.02346700057387352,0.0007046947721391916
8566,-0.0013330000219866633,0.0007040355121716857
8567,0.03866700083017349,0.0007032512803561985
8568,0.02346700057387352,0.000702356977853924
8569,0.02346700057387352,0.0007014819420874119
8570,0.02346700057387352,0.0007005315274000168
8571,0.0685340017080307,0.0006997655727900565
8572,0.01360000018030405,0.0006994070135988295
8573,0.0685340017080307,0.0006989138782955706
8574,-0.061601001769304276,0.0006986657390370965
8575,0.028534000739455223,0.0006983282510191202
8576,-0.011466999538242817,0.00069799879565835
8577,0.05360100045800209,0.0006975696887820959
8578,0.03359999880194664,0.0006970332469791174
8579,0.028534000739455223,0.0006966213695704937
8580,-0.0013330000219866633,0.0006963432533666492
8581,0.01866699941456318,0.0006957852165214717
8582,-0.026399999856948853,0.0006956302677281201
8583,0.05866700038313866,0.0006952052935957909
8584,0.01360000018030405,0.0006950225215405226
8585,0.03866700083017349,0.0006948381196707487
8586,-0.02160000056028366,0.0006948704831302166
8587,0.05360100045800209,0.0006946336361579597
8588,-0.006399999838322401,0.0006946106441318989
8589,0.01866699941456318,0.0006943423068150878
8590,-0.011466999538242817,0.000694308546371758
8591,0.07360100001096725,0.0006940740859135985
8592,-0.006399999838322401,0.0006937769940122962
8593,0.05360100045800209,0.0006935623241588473
8594,0.008533000014722347,0.000693168374709785
8595,0.05360100045800209,0.000692591245751828
8596,-0.011466999538242817,0.0006921076565049589
8597,0.05866700038313866,0.0006914312252774835
8598,0.01360000018030405,0.0006907277274876833
8599,0.07360100001096725,0.0006901249871589243
8600,0.01360000018030405,0.0006897578714415431
8601,0.01866699941456318,0.0006892216042615473
8602,-0.04666699841618538,0.0006886825431138277
8603,0.028534000739455223,0.0006879608263261616
8604,0.02346700057387352,0.0006875412072986364
8605,0.0685340017080307,0.0006873407983221114
8606,-0.0013330000219866633,0.0006871063960716128
8607,0.03866700083017349,0.0006869879434816539
8608,0.01360000018030405,0.0006865739123895764
8609,0.043733999133110046,0.0006858230335637927
8610,-0.011466999538242817,0.0006849950877949595
8611,0.01866699941456318,0.0006839988054707646
8612,-0.0013330000219866633,0.0006830295897088945
8613,0.028534000739455223,0.0006820920389145613
8614,0.003467000089585781,0.0006811903440393507
8615,0.03359999880194664,0.0006804061704315245
8616,-0.0013330000219866633,0.0006797246169298887
8617,0.028534000739455223,0.0006789681501686573
8618,-0.03653400018811226,0.0006780415424145758
8619,0.06373400241136551,0.0006771942134946585
8620,0.01360000018030405,0.0006766552687622607
8621,0.03866700083017349,0.0006762129487469792
8622,0.03866700083017349,0.0006755354115739465
8623,0.05360100045800209,0.0006745868595317006
8624,-0.006399999838322401,0.0006734584458172321
8625,0.043733999133110046,0.0006725481362082064
8626,0.02346700057387352,0.000671446556225419
8627,0.06373400241136551,0.0006700515514239669
8628,0.003467000089585781,0.0006686229025945067
8629,0.03359999880194664,0.0006673857569694519
8630,0.01360000018030405,0.0006660647341050208
8631,0.03359999880194664,0.0006647474365308881
8632,-0.0013330000219866633,0.0006635028403252363
8633,0.028534000739455223,0.0006623725639656186
8634,0.008533000014722347,0.0006610178970731795
8635,0.0685340017080307,0.0006596309831365943
8636,-0.0013330000219866633,0.0006585599039681256
8637,0.04853399842977524,0.0006575258448719978
8638,0.04853399842977524,0.0006566072115674615
8639,0.03866700083017349,0.0006554382853209972
8640,-0.0013330000219866633,0.0006541605107486248
8641,0.02346700057387352,0.0006529336096718907
8642,0.01360000018030405,0.000651647278573364
8643,0.05360100045800209,0.0006505178171209991
8644,0.01360000018030405,0.0006491152453236282
8645,0.05360100045800209,0.0006476633134298027
8646,-0.0013330000219866633,0.0006461659795604646
8647,0.05360100045800209,0.0006445776671171188
8648,-0.0013330000219866633,0.0006429204368032515
8649,0.043733999133110046,0.0006413270020857453
8650,0.02346700057387352,0.0006399932899512351
8651,0.04853399842977524,0.0006384424050338566
8652,0.003467000089585781,0.0006368625909090042
8653,0.03866700083017349,0.0006351288757286966
8654,0.003467000089585781,0.0006332547054626048
8655,0.06373400241136551,0.0006318818195722997
8656,-0.0013330000219866633,0.0006305511342361569
8657,0.07866799831390381,0.0006293599726632237
8658,-0.011466999538242817,0.0006281954701989889
8659,0.05360100045800209,0.0006269474979490042
8660,-0.026399999856948853,0.0006258475477807224
8661,0.028534000739455223,0.0006247974815778434
8662,0.003467000089585781,0.000623785424977541
8663,0.04853399842977524,0.0006229430437088013
8664,-0.0013330000219866633,0.0006217483896762133
8665,0.06373400241136551,0.0006207487895153463
8666,0.028534000739455223,0.000619747384916991
8667,0.03866700083017349,0.0006192026194185019
8668,-0.0013330000219866633,0.000618445104919374
8669,0.03359999880194664,0.0006177012110128999
8670,-0.011466999538242817,0.000616852194070816
8671,0.02346700057387352,0.0006163052748888731
8672,0.003467000089585781,0.0006158521864563227
8673,0.05360100045800209,0.0006152584101073444
8674,0.028534000739455223,0.0006145152729004622
8675,0.04853399842977524,0.0006139077013358474
8676,0.01866699941456318,0.0006133865099400282
8677,0.01866699941456318,0.0006128576933406293
8678,0.003467000089585781,0.0006122782360762358
8679,0.03866700083017349,0.000611925614066422
8680,-0.0013330000219866633,0.0006117040757089853
8681,0.06373400241136551,0.0006115479627624154
8682,-0.016534000635147095,0.0006109891110099852
8683,0.03359999880194664,0.000610752496868372
8684,0.02346700057387352,0.0006105374777689576
8685,0.03866700083017349,0.0006107689696364105
8686,-0.04666699841618538,0.0006109797395765781
8687,0.03866700083017349,0.000610996678005904
8688,-0.006399999838322401,0.0006108613451942801
8689,0.04853399842977524,0.0006108785746619105
8690,-0.016534000635147095,0.0006109250825829804
8691,0.05360100045800209,0.0006113356212154031
8692,0.003467000089585781,0.0006115922005847096
8693,0.05360100045800209,0.0006120027392171323
8694,0.008533000014722347,0.0006121505284681916
8695,0.05360100045800209,0.0006126821972429752
8696,0.02346700057387352,0.0006128586828708649
8697,0.06373400241136551,0.000613234587945044
8698,-0.04666699841618538,0.0006135049043223262
8699,0.028534000739455223,0.0006137214368209243
8700,-0.02160000056028366,0.0006140138721093535
8701,0.03866700083017349,0.0006143894279375672
8702,-0.02160000056028366,0.0006146097439341247
8703,0.028534000739455223,0.0006150163244456053
8704,-0.0013330000219866633,0.0006149390246719122
8705,0.028534000739455223,0.0006152171408757567
8706,0.01866699941456318,0.000615112017840147
8707,0.02346700057387352,0.0006150176050141454
8708,-0.026399999856948853,0.0006150575936771929
8709,0.028534000739455223,0.0006150989793241024
8710,-0.02160000056028366,0.0006151894340291619
8711,0.043733999133110046,0.0006150600383989513
8712,0.003467000089585781,0.000614863121882081
8713,0.0685340017080307,0.0006149172550067306
8714,-0.006399999838322401,0.0006149128312245011
8715,0.03866700083017349,0.0006150441477075219
8716,-0.0013330000219866633,0.0006151851848699152
8717,0.04853399842977524,0.0006152968271635473
8718,-0.04666699841618538,0.0006154817529022694
8719,0.03359999880194664,0.0006155493319965899
8720,-0.0013330000219866633,0.000615469878539443
8721,0.04853399842977524,0.0006155658629722893
8722,-0.006399999838322401,0.0006153706926852465
8723,0.01866699941456318,0.0006155567243695259
8724,0.003467000089585781,0.0006154078873805702
8725,0.028534000739455223,0.0006153544527478516
8726,0.003467000089585781,0.0006149476976133883
8727,0.05360100045800209,0.000614602118730545
8728,0.028534000739455223,0.0006140742916613817
8729,0.06373400241136551,0.0006138797616586089
8730,-0.006399999838322401,0.0006135451840236783
8731,0.02346700057387352,0.0006129764951765537
8732,-0.011466999538242817,0.0006121604237705469
8733,0.05866700038313866,0.000611583876889199
8734,-0.0013330000219866633,0.000611129857134074
8735,0.008533000014722347,0.0006108091911301017
8736,-0.011466999538242817,0.0006104079075157642
8737,0.03866700083017349,0.0006099322345107794
8738,-0.006399999838322401,0.0006095683202147484
8739,0.043733999133110046,0.0006093928823247552
8740,0.01360000018030405,0.0006089131347835064
8741,0.028534000739455223,0.0006088936934247613
8742,0.003467000089585781,0.0006087599322199821
8743,0.03866700083017349,0.0006085962522774935
8744,-0.011466999538242817,0.000608447939157486
8745,0.01866699941456318,0.0006083878688514233
8746,0.003467000089585781,0.0006084846681915224
8747,0.03866700083017349,0.0006085277418605983
8748,0.01360000018030405,0.0006084870547056198
8749,0.03359999880194664,0.0006084137130528688
8750,0.003467000089585781,0.0006081826286390424
8751,0.06373400241136551,0.0006081236060708761
8752,-0.0013330000219866633,0.0006079681916162372
8753,0.04853399842977524,0.0006077785510569811
8754,-0.0013330000219866633,0.0006077570142224431
8755,0.05360100045800209,0.0006081437459215522
8756,0.003467000089585781,0.0006086217472329736
8757,0.0685340017080307,0.000609049282502383
8758,0.008533000014722347,0.0006090576061978936
8759,0.05360100045800209,0.0006090623210184276
8760,-0.016534000635147095,0.0006093758856877685
8761,0.02346700057387352,0.0006096265278756618
8762,0.03359999880194664,0.0006097332807257771
8763,0.06373400241136551,0.0006101393955759704
8764,0.01866699941456318,0.0006099468446336687
8765,0.04853399842977524,0.0006101110484451056
8766,-0.0013330000219866633,0.0006103235064074397
8767,0.028534000739455223,0.0006106825894676149
8768,0.003467000089585781,0.0006110463291406631
8769,0.05866700038313866,0.0006113610579632223
8770,0.01360000018030405,0.0006115561118349433
8771,0.03359999880194664,0.0006117263110354543
8772,0.003467000089585781,0.0006117899320088327
8773,0.043733999133110046,0.0006118951132521033
8774,0.003467000089585781,0.0006122401682659984
8775,0.043733999133110046,0.0006129314424470067
8776,0.01866699941456318,0.0006132362177595496
8777,0.07360100001096725,0.0006137869204394519
8778,-0.011466999538242817,0.000614139367826283
8779,0.02346700057387352,0.0006146489176899195
8780,-0.006399999838322401,0.0006152987480163574
8781,0.01866699941456318,0.000615699915215373
8782,-0.02160000056028366,0.000616065866779536
8783,0.05360100045800209,0.0006167104002088308
8784,-0.0013330000219866633,0.0006173595320433378
8785,0.04853399842977524,0.0006179768242873251
8786,-0.0013330000219866633,0.000618485442828387
8787,0.03866700083017349,0.000619263737462461
8788,-0.011466999538242817,0.0006199933122843504
8789,0.03359999880194664,0.0006206597900018096
8790,0.01360000018030405,0.0006212203297764063
8791,0.01360000018030405,0.0006217575282789767
8792,0.028534000739455223,0.0006222816882655025
8793,0.01866699941456318,0.0006226685945875943
8794,-0.006399999838322401,0.0006230135913938284
8795,0.07360100001096725,0.000623402011115104
8796,0.008533000014722347,0.0006238551577553153
8797,0.06373400241136551,0.0006247079581953585
8798,0.003467000089585781,0.0006254741456359625
8799,0.04853399842977524,0.0006264294497668743
8800,-0.016534000635147095,0.0006271960446611047
8801,0.04853399842977524,0.0006279459921643138
8802,-0.011466999538242817,0.0006288626464083791
8803,0.028534000739455223,0.0006297688232734799
8804,-0.011466999538242817,0.0006307557923719287
8805,0.06373400241136551,0.0006320072570815682
8806,0.01866699941456318,0.0006331881741061807
8807,0.06373400241136551,0.0006344103603623807
8808,0.02346700057387352,0.0006351663032546639
8809,0.05360100045800209,0.0006360886036418378
8810,-0.0013330000219866633,0.0006371797062456608
8811,0.02346700057387352,0.0006384925218299031
8812,0.01360000018030405,0.0006398844998329878
8813,0.04853399842977524,0.000641212216578424
8814,-0.006399999838322401,0.0006425566971302032
8815,0.01360000018030405,0.0006441333098337054
8816,0.01360000018030405,0.0006455888506025076
8817,0.07360100001096725,0.0006469363579526544
8818,0.01360000018030405,0.0006480420124717057
8819,0.043733999133110046,0.0006493591354228556
8820,-0.0013330000219866633,0.0006505725905299187
8821,0.028534000739455223,0.000651828246191144
8822,0.003467000089585781,0.0006529914680868387
8823,0.03866700083017349,0.0006544163916260004
8824,-0.011466999538242817,0.0006557325832545757
8825,0.05360100045800209,0.0006570335244759917
8826,0.01360000018030405,0.0006583153735846281
8827,0.06373400241136551,0.000659805373288691
8828,-0.006399999838322401,0.0006608401890844107
8829,0.02346700057387352,0.0006618489278480411
8830,0.01866699941456318,0.000662781298160553
8831,0.028534000739455223,0.0006638398626819253
8832,0.02346700057387352,0.0006648331182077527
8833,0.07360100001096725,0.000665907165966928
8834,-0.011466999538242817,0.0006670330185443163
8835,0.04853399842977524,0.0006683190586045384
8836,0.02346700057387352,0.000669618952088058
8837,0.0685340017080307,0.0006710535963065922
8838,0.003467000089585781,0.0006722944090142846
8839,0.02346700057387352,0.0006737462244927883
8840,0.003467000089585781,0.000675142859108746
8841,0.03866700083017349,0.0006765035795979202
8842,0.01360000018030405,0.0006775654619559646
8843,0.03866700083017349,0.0006787906168028712
8844,0.028534000739455223,0.0006798518006689847
8845,0.043733999133110046,0.0006810928462073207
8846,0.028534000739455223,0.0006820684648118913
8847,0.06373400241136551,0.000683141581248492
8848,-0.03653400018811226,0.0006842768052592874
8849,0.05360100045800209,0.0006852683145552874
8850,0.01360000018030405,0.0006864494644105434
8851,0.02346700057387352,0.0006878424901515245
8852,-0.011466999538242817,0.0006892193341627717
8853,0.05360100045800209,0.0006906971684657037
8854,0.01866699941456318,0.0006921323365531862
8855,0.04853399842977524,0.0006936960271559656
8856,-0.02160000056028366,0.0006948797963559628
8857,0.008533000014722347,0.0006960871978662908
8858,0.008533000014722347,0.0006972019909881055
8859,0.03866700083017349,0.0006986541557125747
8860,0.01360000018030405,0.0006999589968472719
8861,0.07866799831390381,0.0007013644790276885
8862,-0.04160099849104881,0.0007027845131233335
8863,0.01866699941456318,0.0007040560012683272
8864,-0.03653400018811226,0.0007056030444800854
8865,0.03866700083017349,0.0007074763998389244
8866,0.003467000089585781,0.000709142186678946
8867,0.02346700057387352,0.0007108996505849063
8868,-0.011466999538242817,0.0007125675329007208
8869,0.043733999133110046,0.0007143171969801188
8870,0.01360000018030405,0.0007161398534663022
8871,0.03359999880194664,0.0007179604144766927
8872,-0.0013330000219866633,0.0007196534425020218
8873,0.04853399842977524,0.000721376680303365
8874,0.03866700083017349,0.0007230094633996487
8875,0.028534000739455223,0.0007247345638461411
8876,0.008533000014722347,0.000726342957932502
8877,0.008533000014722347,0.0007282521110028028
8878,-0.03653400018811226,0.0007301311125047505
8879,0.02346700057387352,0.00073161197360605
8880,-0.04666699841618538,0.0007330877706408501
8881,0.028534000739455223,0.0007341052405536175
8882,0.028534000739455223,0.0007350656087510288
8883,0.028534000739455223,0.0007361568277701735
8884,0.003467000089585781,0.0007373143453150988
8885,0.03359999880194664,0.000738577451556921
8886,-0.006399999838322401,0.0007398300804197788
8887,0.05360100045800209,0.0007412637933157384
8888,-0.016534000635147095,0.0007427007658407092
8889,0.02346700057387352,0.0007441254565492272
8890,-0.0013330000219866633,0.0007456569001078606
8891,0.05360100045800209,0.0007473763544112444
8892,-0.0013330000219866633,0.0007490141433663666
8893,0.003467000089585781,0.0007509867427870631
8894,-0.031466998159885406,0.0007527613779529929
8895,0.003467000089585781,0.0007544023683294654
8896,-0.016534000635147095,0.000755815242882818
8897,0.02346700057387352,0.0007569731096737087
8898,0.003467000089585781,0.0007579856319352984
8899,0.05360100045800209,0.0007591159082949162
8900,0.003467000089585781,0.0007604901329614222
8901,0.028534000739455223,0.0007618629606440663
8902,-0.02160000056028366,0.0007630781619809568
8903,0.05360100045800209,0.000764214841183275
8904,-0.02160000056028366,0.0007655498920939863
8905,0.01360000018030405,0.0007669238839298487
8906,0.028534000739455223,0.0007681577699258924
8907,-0.006399999838322401,0.0007764041656628251
8908,-0.0013330000219866633,0.0008883412228897214
8909,0.02346700057387352,0.0010157714132219553
8910,0.01360000018030405,0.001083635725080967
8911,0.02346700057387352,0.001124489470385015
8912,-0.006399999838322401,0.0011563296429812908
8913,0.02346700057387352,0.0011760618072003126
8914,-0.016534000635147095,0.001191090908832848
8915,-0.0013330000219866633,0.0012069693766534328
8916,-0.02160000056028366,0.001218755729496479
8917,0.01866699941456318,0.001230599358677864
8918,0.01360000018030405,0.0012403612490743399
8919,0.03359999880194664,0.0012491769157350063
8920,0.02346700057387352,0.0012575668515637517
8921,0.04853399842977524,0.0012639332562685013
8922,0.02346700057387352,0.0012700018705800176
8923,0.09866800159215927,0.0012740094680339098
8924,0.028534000739455223,0.00127720320597291
8925,0.0685340017080307,0.001279366435483098
8926,0.028534000739455223,0.001280930358916521
8927,0.03359999880194664,0.0012827957980334759
8928,0.01360000018030405,0.0012844451703131199
8929,0.04853399842977524,0.0012862531002610922
8930,-0.0013330000219866633,0.0012884680181741714
8931,0.05360100045800209,0.001291261287406087
8932,0.01866699941456318,0.0012942880857735872
8933,0.02346700057387352,0.0012985060457140207
8934,0.008533000014722347,0.0013021378545090556
8935,0.028534000739455223,0.0013066834071651101
8936,-0.0013330000219866633,0.0013097235932946205
8937,0.06373400241136551,0.0013124493416398764
8938,0.0685340017080307,0.0013152877800166607
8939,0.04853399842977524,0.0013167313300073147
8940,0.003467000089585781,0.0013179830275475979
8941,0.028534000739455223,0.001318225171416998
8942,0.008533000014722347,0.0013186574215069413
8943,0.03866700083017349,0.0013189456658437848
8944,-0.0013330000219866633,0.0013200532412156463
8945,0.043733999133110046,0.0013211772311478853
8946,-0.0013330000219866633,0.0013217333471402526
8947,0.05360100045800209,0.001322518801316619
8948,0.01360000018030405,0.001323995878919959
8949,0.043733999133110046,0.0013270184863358736
8950,0.01360000018030405,0.001330800587311387
8951,0.003467000089585781,0.0013365524355322123
8952,0.01360000018030405,0.0013456447049975395
8953,0.05360100045800209,0.0013589211739599705
8954,0.008533000014722347,0.0013789532240480185
8955,0.07360100001096725,0.0014094510115683079
8956,0.01360000018030405,0.0014530131593346596
8957,0.06373400241136551,0.0015102009056136012
8958,-0.0013330000219866633,0.001583109493367374
8959,0.06373400241136551,0.0016722119180485606
8960,-0.006399999838322401,0.001777173369191587
8961,0.03359999880194664,0.001899440074339509
8962,-0.016534000635147095,0.0020388788543641567
8963,0.03866700083017349,0.0021961673628538847
8964,-0.0013330000219866633,0.0023722071200609207
8965,0.06373400241136551,0.0025657452642917633
8966,-0.0013330000219866633,0.0027672057040035725
8967,0.07360100001096725,0.002977185184136033
8968,0.008533000014722347,0.0031962746288627386
8969,0.05360100045800209,0.0034177738707512617
8970,-0.006399999838322401,0.003630656749010086
8971,0.04853399842977524,0.003833987982943654
8972,0.01866699941456318,0.004029474221169949
8973,0.043733999133110046,0.004218448884785175
8974,-0.02160000056028366,0.00440230593085289
8975,0.04853399842977524,0.004582125693559647
8976,0.02346700057387352,0.0047587864100933075
8977,0.05360100045800209,0.004932807758450508
8978,-0.011466999538242817,0.005102989263832569
8979,0.03866700083017349,0.0052689313888549805
8980,-0.0013330000219866633,0.005433034151792526
8981,0.06373400241136551,0.005597896873950958
8982,0.01360000018030405,0.005765391979366541
8983,0.04853399842977524,0.005934925749897957
8984,-0.0013330000219866633,0.0061052655801177025
8985,0.0685340017080307,0.006274141371250153
8986,0.003467000089585781,0.006439934950321913
8987,0.03359999880194664,0.0066033340990543365
8988,-0.016534000635147095,0.0067651476711034775
8989,0.02346700057387352,0.006925037130713463
8990,-0.011466999538242817,0.007083615753799677
8991,0.05360100045800209,0.0072405217215418816
8992,0.01360000018030405,0.007396679371595383
8993,0.09360100328922272,0.0075521101243793964
8994,0.003467000089585781,0.007704352494329214
8995,0.05360100045800209,0.007852338254451752
8996,-0.026399999856948853,0.007996306754648685
8997,0.003467000089585781,0.008134410716593266
8998,-0.0013330000219866633,0.008266646414995193
8999,0.028534000739455223,0.00839327648282051
9000,-0.0013330000219866633,0.008513634093105793
9001,0.028534000739455223,0.008628541603684425
9002,0.003467000089585781,0.008737709373235703
9003,0.02346700057387352,0.008841709233820438
9004,-0.0013330000219866633,0.008940089493989944
9005,0.04853399842977524,0.00903354026377201
9006,0.01360000018030405,0.009122299030423164
9007,0.07866799831390381,0.009206665679812431
9008,0.01360000018030405,0.00928629469126463
9009,0.0685340017080307,0.009361917153000832
9010,-0.011466999538242817,0.009433485567569733
9011,0.05866700038313866,0.009501578286290169
9012,0.03866700083017349,0.00956658087670803
9013,0.028534000739455223,0.00962888728827238
9014,0.008533000014722347,0.009688906371593475
9015,0.043733999133110046,0.009747033938765526
9016,-0.0013330000219866633,0.009801779873669147
9017,0.0685340017080307,0.009853282943367958
9018,-0.0013330000219866633,0.009901626035571098
9019,0.028534000739455223,0.009947028011083603
9020,0.01360000018030405,0.009990088641643524
9021,0.028534000739455223,0.010030936449766159
9022,0.003467000089585781,0.010069789364933968
9023,0.06373400241136551,0.010107012465596199
9024,-0.011466999538242817,0.010142907500267029
9025,0.003467000089585781,0.010177691467106342
9026,-0.006399999838322401,0.01021159440279007
9027,0.04853399842977524,0.010244827717542648
9028,-0.0013330000219866633,0.010277774184942245
9029,0.08880099654197693,0.010310834273695946
9030,0.02346700057387352,0.010343760251998901
9031,0.02346700057387352,0.010377014055848122
9032,-0.011466999538242817,0.010411321185529232
9033,0.03866700083017349,0.010446500033140182
9034,-0.0013330000219866633,0.010482944548130035
9035,0.04853399842977524,0.01052103191614151
9036,0.01866699941456318,0.010560769587755203
9037,0.05360100045800209,0.010602463968098164
9038,-0.0013330000219866633,0.010646235197782516
9039,0.06373400241136551,0.010692103765904903
9040,0.04853399842977524,0.010740203782916069
9041,0.06373400241136551,0.010790854692459106
9042,-0.011466999538242817,0.010843991301953793
9043,0.05866700038313866,0.010899623855948448
9044,-0.016534000635147095,0.010956015437841415
9045,0.003467000089585781,0.011013077571988106
9046,0.003467000089585781,0.011070962995290756
9047,0.04853399842977524,0.01112995482981205
9048,-0.026399999856948853,0.011190174147486687
9049,0.05360100045800209,0.011251729913055897
9050,-0.0013330000219866633,0.01131470873951912
9051,0.028534000739455223,0.011379340663552284
9052,-0.006399999838322401,0.01144576258957386
9053,0.028534000739455223,0.011513704434037209
9054,-0.0013330000219866633,0.011583235114812851
9055,0.03359999880194664,0.011653938330709934
9056,0.028534000739455223,0.011725956574082375
9057,0.06373400241136551,0.011799313127994537
9058,0.01866699941456318,0.011871925555169582
9059,0.07866799831390381,0.011943493038415909
9060,-0.0013330000219866633,0.012014122679829597
9061,0.03866700083017349,0.012083652429282665
9062,-0.006399999838322401,0.012152453884482384
9063,0.043733999133110046,0.012220395728945732
9064,0.003467000089585781,0.012287718243896961
9065,0.05360100045800209,0.012354062870144844
9066,-0.026399999856948853,0.01241958886384964
9067,0.03866700083017349,0.012484230101108551
9068,-0.0013330000219866633,0.012548286467790604
9069,0.03866700083017349,0.012611422687768936
9070,-0.016534000635147095,0.012673999182879925
9071,0.03359999880194664,0.012735892087221146
9072,0.01866699941456318,0.012797749601304531
9073,0.05360100045800209,0.0128592848777771
9074,0.008533000014722347,0.012920891866087914
9075,0.06373400241136551,0.012982221320271492
9076,0.008533000014722347,0.013043566606938839
9077,0.0685340017080307,0.013103757053613663
9078,0.01360000018030405,0.013162912800908089
9079,0.05360100045800209,0.01322050392627716
9080,-0.006399999838322401,0.013277103193104267
9081,0.028534000739455223,0.013332391157746315
9082,-0.006399999838322401,0.013386620208621025
9083,0.02346700057387352,0.013439716771245003
9084,0.01866699941456318,0.013491939753293991
9085,0.01360000018030405,0.013543253764510155
9086,-0.03653400018811226,0.013593239709734917
9087,0.05360100045800209,0.013641785830259323
9088,0.03866700083017349,0.013688677921891212
9089,0.0685340017080307,0.013733827508985996
9090,0.003467000089585781,0.01377721969038248
9091,0.02346700057387352,0.013818720355629921
9092,-0.026399999856948853,0.013858074322342873
9093,0.02346700057387352,0.01389542780816555
9094,-0.02160000056028366,0.013930993154644966
9095,0.03866700083017349,0.0139647601172328
9096,-0.006399999838322401,0.01399686373770237
9097,0.043733999133110046,0.01402751449495554
9098,0.01360000018030405,0.014056935906410217
9099,0.003467000089585781,0.014085397124290466
9100,-0.011466999538242817,0.014112580567598343
9101,0.04853399842977524,0.014138443395495415
9102,-0.006399999838322401,0.014163103885948658
9103,0.028534000739455223,0.014186418615281582
9104,-0.006399999838322401,0.014208688400685787
9105,0.043733999133110046,0.014230959117412567
9106,-0.02160000056028366,0.014252902008593082
9107,0.03866700083017349,0.014274537563323975
9108,0.003467000089585781,0.01429617591202259
9109,0.028534000739455223,0.01431744173169136
9110,-0.0013330000219866633,0.014338918961584568
9111,0.05360100045800209,0.014360165223479271
9112,0.01360000018030405,0.01438157819211483
9113,0.05866700038313866,0.014403666369616985
9114,0.02346700057387352,0.014426370151340961
9115,0.03866700083017349,0.014448929578065872
9116,0.003467000089585781,0.014471153728663921
9117,0.06373400241136551,0.01449248380959034
9118,0.02346700057387352,0.01451277919113636
9119,0.07866799831390381,0.014532284811139107
9120,0.01866699941456318,0.01455056481063366
9121,0.01866699941456318,0.014567633159458637
9122,0.01866699941456318,0.014583821408450603
9123,0.03866700083017349,0.01459913607686758
9124,0.01360000018030405,0.014613544568419456
9125,0.03866700083017349,0.014627118594944477
9126,0.01360000018030405,0.014639807865023613
9127,0.01360000018030405,0.014651849865913391
9128,0.008533000014722347,0.014663243666291237
9129,0.04853399842977524,0.014673850499093533
9130,0.003467000089585781,0.014683766290545464
9131,0.03866700083017349,0.014692902565002441
9132,-0.026399999856948853,0.01470129657536745
9133,0.08880099654197693,0.014708831906318665
9134,-0.006399999838322401,0.014715747907757759
9135,0.03866700083017349,0.014722337014973164
9136,0.01866699941456318,0.014728035777807236
9137,0.06373400241136551,0.014733613468706608
9138,0.03866700083017349,0.014738848432898521
9139,0.05360100045800209,0.014743831008672714
9140,0.003467000089585781,0.014748668298125267
9141,0.04853399842977524,0.014753224328160286
9142,-0.0013330000219866633,0.01475764811038971
9143,0.05360100045800209,0.014761563390493393
9144,0.01866699941456318,0.014764856547117233
9145,0.05360100045800209,0.014767630025744438
9146,-0.006399999838322401,0.01476997323334217
9147,0.028534000739455223,0.014771909452974796
9148,-0.03653400018811226,0.014773333445191383
9149,0.03866700083017349,0.014774118550121784
9150,-0.02160000056028366,0.014774889685213566
9151,0.028534000739455223,0.014775491319596767
9152,-0.02160000056028366,0.014775710180401802
9153,0.04853399842977524,0.014775735326111317
9154,-0.0013330000219866633,0.014775515533983707
9155,0.03359999880194664,0.01477493904531002
9156,-0.026399999856948853,0.014774119481444359
9157,0.03866700083017349,0.014773246832191944
9158,-0.011466999538242817,0.01477244682610035
9159,0.04853399842977524,0.014771515503525734
9160,0.008533000014722347,0.014770295470952988
9161,0.07360100001096725,0.014768911525607109
9162,0.2589370012283325,0.014767596498131752
9163,0.6696079969406128,0.01475934125483036
9164,0.8298770189285278,0.01464751549065113
9165,1.1154810190200806,0.014520267024636269
9166,1.2056150436401367,0.01445247232913971
9167,1.320816993713379,0.014411484822630882
9168,1.3506840467453003,0.01437966339290142
9169,1.5210859775543213,0.014360085129737854
9170,1.6061530113220215,0.014345530420541763
9171,1.7914890050888062,0.014330554753541946
9172,1.8266890048980713,0.01431971788406372
9173,1.8866900205612183,0.014308804646134377
9174,1.8717570304870605,0.014299893751740456
9175,1.8765569925308228,0.014292042702436447
9176,1.8365559577941895,0.014285008423030376
9177,1.8765569925308228,0.014280322939157486
9178,1.8266890048980713,0.01427642535418272
9179,1.8365559577941895,0.01427503116428852
9180,1.8365559577941895,0.014274843037128448
9181,1.8717570304870605,0.014275699853897095
9182,1.8216229677200317,0.014277305454015732
9183,1.8314900398254395,0.014278322458267212
9184,1.8114889860153198,0.014278657734394073
9185,1.846690058708191,0.014278399758040905
9186,1.8416229486465454,0.014277460053563118
9187,1.8968240022659302,0.014275893568992615
9188,1.8765569925308228,0.014274338260293007
9189,1.911756992340088,0.014272117055952549
9190,1.851755976676941,0.014270905405282974
9191,1.9317569732666016,0.014268675819039345
9192,1.8917570114135742,0.014267794787883759
9193,1.9568239450454712,0.014267079532146454
9194,1.9266910552978516,0.014266584068536758
9195,1.9466910362243652,0.014267731457948685
9196,1.9168239831924438,0.014269066043198109
9197,1.9418909549713135,0.014270806685090065
9198,1.8968240022659302,0.014272058382630348
9199,1.9568239450454712,0.014273494482040405
9200,1.906690001487732,0.014274392277002335
9201,1.9568239450454712,0.014275070279836655
9202,1.025346040725708,0.01427601370960474
9203,0.22880299389362335,0.01427667960524559
9204,-0.1165350005030632,0.014276664704084396
9205,-0.5122730135917664,0.01427486166357994
9206,-0.7778760194778442,0.014272230677306652
9207,-0.8077430129051208,0.014267397113144398
9208,-0.9981459975242615,0.014259280636906624
9209,-1.183480978012085,0.014246828854084015
9210,-1.5992200374603271,0.014227630570530891
9211,-1.7845560312271118,0.014198007993400097
9212,-1.9546910524368286,0.014155220240354538
9213,-1.9648250341415405,0.014098755083978176
9214,-1.9597580432891846,0.014026500284671783
9215,-1.8394900560379028,0.013938010670244694
9216,-1.9197570085525513,0.013833820819854736
9217,-1.8546899557113647,0.013712082989513874
9218,-1.9045569896697998,0.013573297299444675
9219,-1.8296229839324951,0.013416588306427002
9220,-1.874690055847168,0.013241174630820751
9221,-1.8144229650497437,0.013048363849520683
9222,-1.8144229650497437,0.012847510166466236
9223,-1.7744220495224,0.01263830903917551
9224,-1.8546899557113647,0.012420006096363068
9225,-1.8645570278167725,0.012199342250823975
9226,-1.9245569705963135,0.011987242847681046
9227,-1.8997570276260376,0.011784572154283524
9228,-1.9848250150680542,0.011589756235480309
9229,-1.9546910524368286,0.011401616968214512
9230,-2.0048251152038574,0.011218513362109661
9231,-1.9597580432891846,0.011039482429623604
9232,-2.0149590969085693,0.010863336734473705
9233,-1.4437509775161743,0.010689337737858295
9234,-0.37707099318504333,0.010518597438931465
9235,-0.086667999625206,0.01035177893936634
9236,0.26906999945640564,0.010186754167079926
9237,0.6296079754829407,0.010020842775702477
9238,0.609607994556427,0.009852544404566288
9239,0.8248100280761719,0.009682021103799343
9240,1.0053459405899048,0.009510751813650131
9241,1.410951018333435,0.009340770542621613
9242,1.7064210176467896,0.009173929691314697
9243,1.8066890239715576,0.009009400382637978
9244,1.8666900396347046,0.008846515789628029
9245,1.856557011604309,0.008685598149895668
9246,1.7213549613952637,0.008525852113962173
9247,1.8114889860153198,0.008367685601115227
9248,1.7714890241622925,0.008210422471165657
9249,1.7765560150146484,0.008053911849856377
9250,1.7114880084991455,0.007900461554527283
9251,1.7314879894256592,0.007751051802188158
9252,1.7064210176467896,0.0076058404520154
9253,1.7114880084991455,0.007466323208063841
9254,1.646420955657959,0.007332673296332359
9255,1.7464220523834229,0.00720462528988719
9256,1.7365549802780151,0.007082752883434296
9257,1.8365559577941895,0.006966343615204096
9258,1.781622052192688,0.006855733692646027
9259,1.8717570304870605,0.006750343833118677
9260,1.8816239833831787,0.006650484167039394
9261,1.9016239643096924,0.006555495318025351
9262,1.8917570114135742,0.006465436890721321
9263,1.9466910362243652,0.006379934027791023
9264,1.906690001487732,0.006298995576798916
9265,1.9768249988555908,0.006221894174814224
9266,1.9618910551071167,0.006148781627416611
9267,1.9466910362243652,0.006079025566577911
9268,1.9517580270767212,0.006012449972331524
9269,1.9717580080032349,0.005948584992438555
9270,1.8917570114135742,0.005887191742658615
9271,1.9368239641189575,0.005827709566801786
9272,1.9168239831924438,0.0057713063433766365
9273,1.9568239450454712,0.005718299187719822
9274,1.906690001487732,0.005668533965945244
9275,1.9218909740447998,0.005621511489152908
9276,1.9016239643096924,0.005577092058956623
9277,1.906690001487732,0.005534806288778782
9278,1.8717570304870605,0.005494412966072559
9279,1.8866900205612183,0.005455622915178537
9280,1.8816239833831787,0.005418241955339909
9281,1.8968240022659302,0.0053819650784134865
9282,1.8968240022659302,0.005346578545868397
9283,1.9218909740447998,0.005311785265803337
9284,1.856557011604309,0.005277341231703758
9285,1.9266910552978516,0.005242885090410709
9286,1.8765569925308228,0.005208218470215797
9287,1.906690001487732,0.005172991659492254
9288,1.8616230487823486,0.005137020722031593
9289,1.906690001487732,0.00510005047544837
9290,1.911756992340088,0.005061893258243799
9291,1.9466910362243652,0.005022227764129639
9292,1.8666900396347046,0.004981004633009434
9293,1.9368239641189575,0.004938216879963875
9294,1.856557011604309,0.00489369872957468
9295,1.906690001487732,0.004847656935453415
9296,1.8765569925308228,0.004799792543053627
9297,1.9466910362243652,0.00474982475861907
9298,1.8765569925308228,0.004697201773524284
9299,1.911756992340088,0.00464197713881731
9300,1.8816239833831787,0.0045854561030864716
9301,1.911756992340088,0.004528333432972431
9302,1.8765569925308228,0.004470210522413254
9303,1.9517580270767212,0.004410840105265379
9304,1.8816239833831787,0.004350326023995876
9305,1.906690001487732,0.004288628697395325
9306,1.8917570114135742,0.004225783050060272
9307,1.9218909740447998,0.0041612423956394196
9308,1.9016239643096924,0.004094885662198067
9309,1.9317569732666016,0.004026760812848806
9310,1.8917570114135742,0.003956787288188934
9311,1.9418909549713135,0.003885683137923479
9312,1.911756992340088,0.0038132870104163885
9313,1.9218909740447998,0.003739542094990611
9314,1.8917570114135742,0.003666593926027417
9315,1.9368239641189575,0.003595053218305111
9316,1.8816239833831787,0.0035246899351477623
9317,1.9218909740447998,0.0034548528492450714
9318,1.856557011604309,0.003385476302355528
9319,1.9317569732666016,0.003316955640912056
9320,1.8866900205612183,0.003249598201364279
9321,1.9368239641189575,0.00318352528847754
9322,1.8765569925308228,0.0031177368946373463
9323,1.9218909740447998,0.0030527119524776936
9324,1.851755976676941,0.0029883626848459244
9325,1.9317569732666016,0.0029250667430460453
9326,1.8717570304870605,0.0028622120153158903
9327,1.9218909740447998,0.002799981040880084
9328,1.8765569925308228,0.002737828064709902
9329,1.911756992340088,0.0026759000029414892
9330,1.8816239833831787,0.002613930031657219
9331,1.9317569732666016,0.0025521235074847937
9332,1.8866900205612183,0.0024904098827391863
9333,1.9266910552978516,0.002429811516776681
9334,1.8968240022659302,0.0023704059422016144
9335,1.9317569732666016,0.002312425058335066
9336,1.9016239643096924,0.002255646511912346
9337,1.9466910362243652,0.002200125250965357
9338,1.8968240022659302,0.0021456184331327677
9339,1.9368239641189575,0.0020920841488987207
9340,1.8866900205612183,0.0020394057501107454
9341,1.8968240022659302,0.001987746451050043
9342,1.8866900205612183,0.001937350956723094
9343,1.9317569732666016,0.0018885221797972918
9344,1.8917570114135742,0.0018413375364616513
9345,1.9368239641189575,0.0017960467375814915
9346,1.8968240022659302,0.0017523033311590552
9347,1.9218909740447998,0.001710290089249611
9348,1.9266910552978516,0.0016703861765563488
9349,1.911756992340088,0.0016325737815350294
9350,1.8717570304870605,0.001596435671672225
9351,1.9016239643096924,0.0015621930360794067
9352,1.8666900396347046,0.0015295891789719462
9353,1.9218909740447998,0.0014984686858952045
9354,1.8717570304870605,0.0014687074581161141
9355,1.9368239641189575,0.0014400719664990902
9356,1.8717570304870605,0.0014122913125902414
9357,1.911756992340088,0.0013855970464646816
9358,1.3957509994506836,0.0013596777571365237
9359,0.36907100677490234,0.001334701431915164
9360,-0.011466999538242817,0.0013103183591738343
9361,-0.39200499653816223,0.00128584960475564
9362,-0.7528089880943298,0.001261543482542038
9363,-0.7778760194778442,0.0012374501675367355
9364,-0.9381449818611145,0.001213173964060843
9365,-1.1282809972763062,0.0011894144117832184
9366,-1.5490859746932983,0.001165589434094727
9367,-1.7794890403747559,0.0011419327929615974
9368,-1.944823980331421,0.0011180477449670434
9369,-2.024825096130371,0.0010935573372989893
9370,-1.9848250150680542,0.0010684472508728504
9371,-1.8645570278167725,0.001043465337716043
9372,-1.9296239614486694,0.0010188656160607934
9373,-1.889623999595642,0.0009949926752597094
9374,-1.949623942375183,0.0009719453519210219
9375,-1.874690055847168,0.0009499170701019466
9376,-1.8645570278167725,0.0009289601002819836
9377,-1.8344229459762573,0.0009090572129935026
9378,-1.8344229459762573,0.0008901922847144306
9379,-1.7642890214920044,0.0008722938364371657
9380,-1.8546899557113647,0.000855367339681834
9381,-1.8546899557113647,0.0008393276948481798
9382,-1.9397579431533813,0.0008240356110036373
9383,-1.9296239614486694,0.0008094371878542006
9384,-1.9746910333633423,0.0007955427863635123
9385,-1.9848250150680542,0.0007823634659871459
9386,-2.024825096130371,0.0007698929402977228
9387,-2.019758939743042,0.0007581744575873017
9388,-2.0549590587615967,0.0007473906734958291
9389,-1.7994890213012695,0.0007377350702881813
9390,-0.6125410199165344,0.0007286100881174207
9391,-0.20186899602413177,0.0007203662535175681
9392,0.2040030062198639,0.0007131767924875021
9393,0.6496080160140991,0.0007065279642120004
9394,0.6397410035133362,0.0007002713391557336
9395,0.7848100066184998,0.0006943582557141781
9396,0.9301450252532959,0.000688735453877598
9397,1.3258830308914185,0.0006835624808445573
9398,1.6712210178375244,0.0006783183198422194
9399,1.796555995941162,0.0006733778864145279
9400,1.906690001487732,0.0006690947338938713
9401,1.8917570114135742,0.0006655264878645539
9402,1.7413549423217773,0.0006619811756536365
9403,1.8066890239715576,0.0006586402887478471
9404,1.8266890048980713,0.000655889161862433
9405,1.8314900398254395,0.0006537035806104541
9406,1.7616219520568848,0.0006517276051454246
9407,1.7714890241622925,0.0006500334711745381
9408,1.7464220523834229,0.0006489533698186278
9409,1.7264219522476196,0.0006484888726845384
9410,1.6562869548797607,0.0006480050506070256
9411,1.7616219520568848,0.0006476182024925947
9412,1.7162879705429077,0.0006474679685197771
9413,1.8314900398254395,0.0006474414258264005
9414,1.8066890239715576,0.0006476116250269115
9415,1.906690001487732,0.0006476013804785907
9416,1.8616230487823486,0.0006476049311459064
9417,1.8866900205612183,0.000647759938146919
9418,1.8765569925308228,0.0006479844450950623
9419,1.911756992340088,0.0006483196630142629
9420,1.8765569925308228,0.0006484523764811456
9421,0.8048099875450134,0.0006485252524726093
9422,0.1488019973039627,0.0006483652978204191
9423,-0.14160199463367462,0.0006479210569523275
9424,-0.6525409817695618,0.000646916392724961
9425,-0.7277420163154602,0.0006454634713009
9426,-0.8026769757270813,0.0006435313262045383
9427,-0.958145022392273,0.0006410974892787635
9428,-1.3186830282211304,0.0006385559099726379
9429,-1.6541539430618286,0.0006360510597005486
9430,-1.8296229839324951,0.0006336906226351857
9431,-1.949623942375183,0.0006312039913609624
9432,-2.009891986846924,0.000628324574790895
9433,-1.8845570087432861,0.0006250086007639766
9434,-1.9096239805221558,0.0006211232393980026
9435,-1.9296239614486694,0.0006167389801703393
9436,-1.9346909523010254,0.0006119797471910715
9437,-1.8496229648590088,0.0006071719108149409
9438,-1.8946900367736816,0.0006021928275004029
9439,-1.8496229648590088,0.0005974955856800079
9440,-1.8445559740066528,0.0005936444504186511
9441,-1.7544219493865967,0.0005903600249439478
9442,-1.8394900560379028,0.0005874074413441122
9443,-1.8645570278167725,0.0005844772094860673
9444,-1.9296239614486694,0.0005812849849462509
9445,-1.9296239614486694,0.0005775035824626684
9446,-1.9848250150680542,0.000573278870433569
9447,-1.9597580432891846,0.0005690547404810786
9448,-2.024825096130371,0.0005648961523547769
9449,-1.9898920059204102,0.0005608476931229234
9450,-2.0549590587615967,0.0005565962055698037
9451,-2.0298919677734375,0.0005519277183339
9452,-2.0749590396881104,0.0005471950862556696
9453,-2.0749590396881104,0.0005429513403214514
9454,-2.0800259113311768,0.0005389569560065866
9455,-2.060025930404663,0.0005350634455680847
9456,-2.0949599742889404,0.0005309350090101361
9457,-2.0298919677734375,0.0005268596578389406
9458,-2.0549590587615967,0.000523026508744806
9459,-1.999758005142212,0.0005192470271140337
9460,-2.0698928833007812,0.0005154543905518949
9461,-2.0048251152038574,0.000511771475430578
9462,-2.049891948699951,0.0005082194693386555
9463,-1.9848250150680542,0.0005048029124736786
9464,-2.044826030731201,0.0005014740745536983
9465,-2.0048251152038574,0.0004981947131454945
9466,-2.044826030731201,0.0004948967834934592
9467,-1.9698909521102905,0.0004915946628898382
9468,-1.999758005142212,0.0004882903886027634
9469,-1.9746910333633423,0.00048501393757760525
9470,-2.0298919677734375,0.0004817431326955557
9471,-1.9648250341415405,0.00047850579721853137
9472,-1.999758005142212,0.0004752802196890116
9473,-1.9797580242156982,0.0004720907600130886
9474,-2.0397589206695557,0.00046893037506379187
9475,-1.999758005142212,0.00046582272625528276
9476,-2.044826030731201,0.00046276478678919375
9477,-1.9848250150680542,0.00045977733680047095
9478,-2.0298919677734375,0.0004568496660795063
9479,-1.9848250150680542,0.0004539645742624998
9480,-2.0048251152038574,0.00045125745236873627
9481,-1.9597580432891846,0.00044877277105115354
9482,-1.9946919679641724,0.00044664079905487597
9483,-1.408818006515503,0.0004446607199497521
9484,-0.37200498580932617,0.00044269184581935406
9485,-0.06666799634695053,0.0004405677318572998
9486,0.36427098512649536,0.00043859868310391903
9487,0.6997420191764832,0.0004366722423583269
9488,0.6946750283241272,0.0004350864328444004
9489,0.8450769782066345,0.00043412327067926526
9490,1.0602799654006958,0.0004336404090281576
9491,1.4309509992599487,0.00043317832751199603
9492,1.6914880275726318,0.00043262465624138713
9493,1.8765569925308228,0.00043226475827395916
9494,1.911756992340088,0.00043184682726860046
9495,1.8968240022659302,0.00043154918239451945
9496,1.7413549423217773,0.0004319148720242083
9497,1.8114889860153198,0.00043226778507232666
9498,1.856557011604309,0.00043280591489747167
9499,1.8266890048980713,0.00043303449638187885
9500,1.70135498046875,0.00043346561142243445
9501,1.7765560150146484,0.0004338052240200341
9502,1.696287989616394,0.0004340962041169405
9503,1.7213549613952637,0.0004348806105554104
9504,1.70135498046875,0.0004357104771770537
9505,1.7565549612045288,0.00043623551027849317
9506,1.7565549612045288,0.00043692035251297057
9507,1.8866900205612183,0.0004379649762995541
9508,1.8266890048980713,0.00043898672447539866
9509,1.9168239831924438,0.00044002197682857513
9510,1.9016239643096924,0.0004409900866448879
9511,1.9317569732666016,0.00044204131700098515
9512,1.8765569925308228,0.00044381554471328855
9513,1.9466910362243652,0.0004460444615688175
9514,1.9266910552978516,0.00044779456220567226
9515,1.9869580268859863,0.00044967583380639553
9516,1.9466910362243652,0.0004519499489106238
9517,1.9818910360336304,0.00045478358515538275
9518,1.9266910552978516,0.00045712949940934777
9519,1.9618910551071167,0.0004589884483721107
9520,1.9168239831924438,0.00046093863784335554
9521,1.9818910360336304,0.00046358443796634674
9522,1.9218909740447998,0.0004669441841542721
9523,1.9568239450454712,0.0004697428084909916
9524,1.906690001487732,0.0004719075805041939
9525,1.9618910551071167,0.00047401292249560356
9526,1.9016239643096924,0.00047664265730418265
9527,1.9168239831924438,0.00048041815171018243
9528,1.906690001487732,0.00048418279038742185
9529,1.9016239643096924,0.00048716069431975484
9530,1.8765569925308228,0.0004899365012533963
9531,1.9168239831924438,0.0004931048024445772
9532,1.8765569925308228,0.0004968150751665235
9533,1.9266910552978516,0.000500587048009038
9534,1.846690058708191,0.0005038426606915891
9535,1.9218909740447998,0.0005069463513791561
9536,1.851755976676941,0.0005104359588585794
9537,1.9669580459594727,0.0005143546732142568
9538,1.8666900396347046,0.0005180590669624507
9539,1.911756992340088,0.0005213854601606727
9540,1.856557011604309,0.0005249716341495514
9541,1.8968240022659302,0.000528432079590857
9542,1.8666900396347046,0.0005322853103280067
9543,1.9266910552978516,0.0005353798042051494
9544,1.8765569925308228,0.0005384499090723693
9545,1.8968240022659302,0.000541728688403964
9546,0.7546759843826294,0.0005439630476757884
9547,0.17893600463867188,0.0005449007730931044
9548,-0.20186899602413177,0.0005449726013466716
9549,-0.6125410199165344,0.0005446536815725267
9550,-0.7978770136833191,0.0005440079839900136
9551,-0.8480110168457031,0.0005426252027973533
9552,-1.0232130289077759,0.0005408343859016895
9553,-1.3037500381469727,0.0005388831486925483
9554,-1.714421033859253,0.0005371957668103278
9555,-1.8496229648590088,0.000535610131919384
9556,-2.0397589206695557,0.000534486141987145
9557,-1.9797580242156982,0.0005333885783329606
9558,-1.949623942375183,0.0005324430530890822
9559,-1.8845570087432861,0.0005317411269061267
9560,-1.9698909521102905,0.0005309502012096345
9561,-1.8997570276260376,0.0005300334887579083
9562,-1.8997570276260376,0.0005287813255563378
9563,-1.8496229648590088,0.0005276675801724195
9564,-1.8496229648590088,0.0005266426014713943
9565,-1.7794890403747559,0.0005257322336547077
9566,-1.8194890022277832,0.0005250972462818027
9567,-1.789355993270874,0.0005244894418865442
9568,-1.8845570087432861,0.0005238935118541121
9569,-1.889623999595642,0.0005233692936599255
9570,-1.9546910524368286,0.0005226566572673619
9571,-1.9648250341415405,0.0005216391291469336
9572,-1.9898920059204102,0.0005199325387366116
9573,-1.9848250150680542,0.0005188986542634666
9574,-2.034959077835083,0.0005181257729418576
9575,-2.0149590969085693,0.0005178992869332433
9576,-2.049891948699951,0.0005178584833629429
9577,-1.0581469535827637,0.0005174913676455617
9578,-0.2720029950141907,0.0005169304204173386
9579,0.01360000018030405,0.0005160255823284388
9580,0.44933900237083435,0.0005148479249328375
9581,0.6546750068664551,0.0005136372055858374
9582,0.6546750068664551,0.0005124130984768271
9583,0.8498769998550415,0.0005108058685436845
9584,1.1002800464630127,0.0005089757032692432
9585,1.5210859775543213,0.0005069825565442443
9586,1.68135404586792,0.0005049629835411906
9587,1.856557011604309,0.0005029212334193289
9588,1.8816239833831787,0.0005008378648199141
9589,1.8314900398254395,0.0004986944841220975
9590,1.7464220523834229,0.0004965330590493977
9591,1.8314900398254395,0.0004943059757351875
9592,1.781622052192688,0.0004920222563669086
9593,1.781622052192688,0.0004897034377790987
9594,1.7114880084991455,0.0004874067089986056
9595,1.7664220333099365,0.00048514740774407983
9596,1.696287989616394,0.00048294258886016905
9597,1.7213549613952637,0.0004806973156519234
9598,1.6512210369110107,0.0004784298944287002
9599,1.7413549423217773,0.00047608400927856565
9600,1.7664220333099365,0.0004736867267638445
9601,1.8416229486465454,0.0004712883965112269
9602,1.8314900398254395,0.00046900060260668397
9603,1.9218909740447998,0.00046682689571753144
9604,1.8666900396347046,0.0004648403264582157
9605,1.9317569732666016,0.00046311388723552227
9606,1.8866900205612183,0.0004617576487362385
9607,1.9317569732666016,0.0004608115996234119
9608,1.3408169746398926,0.00046010719961486757
9609,0.3490709960460663,0.00045970361679792404
9610,0.03359999880194664,0.00045905131264589727
9611,-0.35707101225852966,0.0004580317181535065
9612,-0.7277420163154602,0.0004572838661260903
9613,-0.7376090288162231,0.0004567845317069441
9614,-0.9429450035095215,0.0004566715215332806
9615,-1.113347053527832,0.0004571898316498846
9616,-1.509086012840271,0.0004573930928017944
9617,-1.7794890403747559,0.0004581366665661335
9618,-1.9296239614486694,0.000458376482129097
9619,-2.019758939743042,0.0004588407464325428
9620,-1.9746910333633423,0.000458970433101058
9621,-1.8645570278167725,0.000458886002888903
9622,-1.8946900367736816,0.0004588140291161835
9623,-1.8696229457855225,0.00045859962119720876
9624,-1.889623999595642,0.00045873248018324375
9625,-1.8445559740066528,0.0004589811433106661
9626,-1.8696229457855225,0.0004595528298523277
9627,-1.7994890213012695,0.00046002506860531867
9628,-1.8045560121536255,0.0004605199210345745
9629,-1.7794890403747559,0.00046103791100904346
9630,-1.8594900369644165,0.00046125342487357557
9631,-1.8394900560379028,0.00046179647324606776
9632,-1.9197570085525513,0.0004620748513843864
9633,-1.9296239614486694,0.0004624465072993189
9634,-1.999758005142212,0.00046286190627142787
9635,-1.9797580242156982,0.00046310751349665225
9636,-1.9946919679641724,0.0004635656368918717
9637,-1.999758005142212,0.00046368493349291384
9638,-2.049891948699951,0.00046367841423489153
9639,-2.019758939743042,0.0004633448552340269
9640,-2.0698928833007812,0.0004627916496247053
9641,-2.0698928833007812,0.00046225450932979584
9642,-2.0800259113311768,0.0004617095983121544
9643,-2.034959077835083,0.0004609444295056164
9644,-2.0549590587615967,0.0004598288796842098
9645,-2.0048251152038574,0.0004581479006446898
9646,-2.0800259113311768,0.0004565754788927734
9647,-1.999758005142212,0.00045492517529055476
9648,-2.0397589206695557,0.000453130662208423
9649,-1.9746910333633423,0.00045128524652682245
9650,-2.034959077835083,0.00044950091978535056
9651,-2.019758939743042,0.0004476087633520365
9652,-2.0149590969085693,0.00044550918391905725
9653,-1.9797580242156982,0.0004431403649505228
9654,-2.024825096130371,0.0004409546381793916
9655,-1.9546910524368286,0.00043876812560483813
9656,-2.034959077835083,0.0004364962805993855
9657,-1.9546910524368286,0.00043403488234616816
9658,-1.9898920059204102,0.0004318862338550389
9659,-1.9746910333633423,0.0004298047279007733
9660,-2.0149590969085693,0.0004275858518667519
9661,-1.9746910333633423,0.0004251910431776196
9662,-2.009891986846924,0.0004228311008773744
9663,-1.9648250341415405,0.00042056641541421413
9664,-2.0298919677734375,0.00041823642095550895
9665,-1.9346909523010254,0.0004157259245403111
9666,-2.044826030731201,0.0004136872594244778
9667,-1.9797580242156982,0.00041228620102629066
9668,-2.0048251152038574,0.0004115079063922167
9669,-1.999758005142212,0.0004113553441129625
9670,-2.044826030731201,0.0004109646542929113
9671,-1.9597580432891846,0.0004107361601199955
9672,-2.0298919677734375,0.00041080592200160027
9673,-1.9698909521102905,0.00041115889325737953
9674,-2.019758939743042,0.00041158247040584683
9675,-1.9946919679641724,0.00041173677891492844
9676,-2.0549590587615967,0.0004113811010029167
9677,-1.9698909521102905,0.0004106157866772264
9678,-2.024825096130371,0.0004101572558283806
9679,-1.999758005142212,0.0004096821357961744
9680,-2.0298919677734375,0.0004100713995285332
9681,-1.9797580242156982,0.0004110430891159922
9682,-2.0298919677734375,0.0004127560241613537
9683,-2.0149590969085693,0.00041434081504121423
9684,-2.0298919677734375,0.0004162194090895355
9685,-1.9848250150680542,0.000418568350141868
9686,-2.0298919677734375,0.0004206624289508909
9687,-2.019758939743042,0.00042305910028517246
9688,-2.0298919677734375,0.00042519671842455864
9689,-2.0149590969085693,0.0004272391088306904
9690,-2.0149590969085693,0.0004287864430807531
9691,-1.9698909521102905,0.00043008849024772644
9692,-2.034959077835083,0.00043155899038538337
9693,-2.009891986846924,0.000432851433288306
9694,-2.034959077835083,0.0004337519349064678
9695,-1.9797580242156982,0.0004344963817857206
9696,-2.060025930404663,0.0004349579685367644
9697,-1.9746910333633423,0.0004352851246949285
9698,-2.0048251152038574,0.00043568178080022335
9699,-1.9746910333633423,0.000436288770288229
9700,-2.0149590969085693,0.0004370780661702156
9701,-1.9648250341415405,0.000438033661339432
9702,-2.024825096130371,0.0004389947862364352
9703,-1.9648250341415405,0.00043978309258818626
9704,-2.0397589206695557,0.0004404658393468708
9705,-1.9648250341415405,0.0004409939865581691
9706,-2.0048251152038574,0.0004413565620779991
9707,-1.9648250341415405,0.0004415850271470845
9708,-2.019758939743042,0.0004417513555381447
9709,-1.9797580242156982,0.00044188572792336345
9710,-2.0298919677734375,0.0004420122131705284
9711,-1.9848250150680542,0.00044208564213477075
9712,-2.0397589206695557,0.0004421370103955269
9713,-2.0048251152038574,0.0004421499907039106
9714,-2.049891948699951,0.0004421450139489025
9715,-1.9797580242156982,0.0004421404446475208
9716,-2.044826030731201,0.0004421415214892477
9717,-1.9898920059204102,0.00044213832006789744
9718,-2.019758939743042,0.00044214166700839996
9719,-1.9898920059204102,0.00044215074740350246
9720,-2.0298919677734375,0.00044216279638931155
9721,-1.9648250341415405,0.0004421672783792019
9722,-2.0149590969085693,0.00044218063703738153
9723,-1.9746910333633423,0.0004422049387358129
9724,-1.9898920059204102,0.0004422343336045742
9725,-1.9546910524368286,0.00044226707541383803
9726,-2.0149590969085693,0.00044230622006580234
9727,-2.009891986846924,0.0004423491773195565
9728,-2.034959077835083,0.00044240750139579177
9729,-2.019758939743042,0.00044275930849835277
9730,-2.0298919677734375,0.0004437228199094534
9731,-1.9946919679641724,0.00044534209882840514
9732,-2.0149590969085693,0.00044751184759661555
9733,-1.9797580242156982,0.00044965167762711644
9734,-2.044826030731201,0.0004514616448432207
9735,-1.9698909521102905,0.0004528862773440778
9736,-2.0397589206695557,0.00045396541827358305
9737,-1.9648250341415405,0.0004546268901322037
9738,-2.049891948699951,0.00045481292181648314
9739,-1.999758005142212,0.0004549725563265383
9740,-2.024825096130371,0.00045517832040786743
9741,-2.0048251152038574,0.00045519694685935974
9742,-2.0149590969085693,0.000455149682238698
9743,-1.9946919679641724,0.00045545189641416073
9744,-2.034959077835083,0.0004558252985589206
9745,-1.9746910333633423,0.0004558298969641328
9746,-2.049891948699951,0.0004559506487566978
9747,-2.034959077835083,0.00045630245585925877
9748,-2.0298919677734375,0.0004569505690596998
9749,-1.9746910333633423,0.00045747397234663367
9750,-2.019758939743042,0.0004580173408612609
9751,-1.9898920059204102,0.00045852753100916743
9752,-2.0298919677734375,0.0004584771522786468
9753,-1.999758005142212,0.00045850008609704673
9754,-2.0298919677734375,0.00045831812894903123
9755,-1.999758005142212,0.00045847988803870976
9756,-2.0298919677734375,0.00045843797852285206
9757,-1.9898920059204102,0.0004585045389831066
9758,-2.0149590969085693,0.00045861752005293965
9759,-2.0048251152038574,0.00045822191168554127
9760,-2.019758939743042,0.0004577759245876223
9761,-1.9898920059204102,0.0004576648643705994
9762,-2.024825096130371,0.0004573823534883559
9763,-1.9698909521102905,0.00045672294800169766
9764,-2.064826011657715,0.00045607489300891757
9765,-1.9946919679641724,0.00045539834536612034
9766,-2.034959077835083,0.00045476449304260314
9767,-1.9946919679641724,0.0004540245863609016
9768,-2.0298919677734375,0.00045245877117849886
9769,-1.999758005142212,0.0004503559321165085
9770,-2.024825096130371,0.00044874512241221964
9771,-1.9946919679641724,0.00044696690747514367
9772,-2.0298919677734375,0.00044471080764196813
9773,-1.9698909521102905,0.000441794196376577
9774,-2.049891948699951,0.00043939409079030156
9775,-2.0048251152038574,0.00043751299381256104
9776,-2.0298919677734375,0.00043550474219955504
9777,-1.9648250341415405,0.00043268437730148435
9778,-2.049891948699951,0.0004290142678655684
9779,-1.9797580242156982,0.00042597006540745497
9780,-2.0298919677734375,0.0004236470558680594
9781,-1.999758005142212,0.0004213801003061235
9782,-2.024825096130371,0.0004184748395346105
9783,-1.999758005142212,0.00041419462650083005
9784,-2.0397589206695557,0.00040989700937643647
9785,-2.0048251152038574,0.0004065065586473793
9786,-2.0298919677734375,0.0004033308068756014
9787,-1.9898920059204102,0.00039966480107977986
9788,-2.049891948699951,0.0003953178529627621
9789,-2.009891986846924,0.00039085993194021285
9790,-2.0298919677734375,0.00038698854041285813
9791,-1.9898920059204102,0.0003832705842796713
9792,-2.0298919677734375,0.00037903356133028865
9793,-1.9898920059204102,0.00037423567846417427
9794,-2.024825096130371,0.0003696516214404255
9795,-1.9898920059204102,0.000365494895959273
9796,-2.009891986846924,0.00036096846451982856
9797,-2.009891986846924,0.00035656485124491155
9798,-2.034959077835083,0.00035161589039489627
9799,-1.9946919679641724,0.000347586115822196
9800,-2.0549590587615967,0.0003435310209169984
9801,-1.9946919679641724,0.0003391754871699959
9802,-2.024825096130371,0.00033612732659094036
9803,-1.9898920059204102,0.00033467289176769555
9804,-2.0848259925842285,0.00033409721800126135
9805,-2.0149590969085693,0.0003336794616188854
9806,-2.0549590587615967,0.00033320512739010155
9807,-1.999758005142212,0.0003329096653033048
9808,-2.034959077835083,0.00033250657725147903
9809,-1.999758005142212,0.0003318124217912555
9810,-2.024825096130371,0.000330855546053499
9811,-1.9698909521102905,0.0003298002702649683
9812,-2.0298919677734375,0.00032870282302610576
9813,-1.9546910524368286,0.0003276907082181424
9814,-2.0397589206695557,0.0003267430583946407
9815,-1.9746910333633423,0.0003258445067331195
9816,-2.0397589206695557,0.0003249648434575647
9817,-1.9946919679641724,0.0003241265658289194
9818,-2.019758939743042,0.0003232988528907299
9819,-1.9797580242156982,0.0003224665124434978
9820,-2.009891986846924,0.0003216008481103927
9821,-1.9797580242156982,0.00032071361783891916
9822,-2.024825096130371,0.00031977746402844787
9823,-1.9797580242156982,0.0003187553083989769
9824,-2.0149590969085693,0.00031768629560247064
9825,-1.9848250150680542,0.0003165961243212223
9826,-2.019758939743042,0.00031548223341815174
9827,-1.0482800006866455,0.0003143108042422682
9828,-0.2568030059337616,0.0003136063751298934
9829,0.05360100045800209,0.00031253654742613435
9830,0.46427199244499207,0.00031144643435254693
9831,0.6997420191764832,0.00030948282801546156
9832,0.6896089911460876,0.0003067848738282919
9833,0.8949450254440308,0.00030405152938328683
9834,1.0704129934310913,0.0003021437441930175
9835,1.5762859582901,0.0003007290360983461
9836,1.7413549423217773,0.00029958286904729903
9837,1.8765569925308228,0.000298241910059005
9838,1.911756992340088,0.0002969201887026429
9839,1.8314900398254395,0.00029609331977553666
9840,1.7514890432357788,0.000295647099846974
9841,1.8365559577941895,0.0002957577526103705
9842,1.7864220142364502,0.0002960733836516738
9843,1.8066890239715576,0.00029641378205269575
9844,1.7413549423217773,0.00029675266705453396
9845,1.781622052192688,0.00029711451497860253
9846,1.70135498046875,0.00029741323669441044
9847,1.7365549802780151,0.00029773585265502334
9848,1.6712210178375244,0.00029799758340232074
9849,1.7765560150146484,0.0002982701698783785
9850,1.796555995941162,0.00029850559076294303
9851,1.8365559577941895,0.00029874194297008216
9852,1.851755976676941,0.00029886895208619535
9853,1.8968240022659302,0.0002990348730236292
9854,1.8816239833831787,0.0002992076915688813
9855,1.9266910552978516,0.00029953703051432967
9856,1.906690001487732,0.0002999320859089494
9857,1.9717580080032349,0.0003003057208843529
9858,1.906690001487732,0.0003004559548571706
9859,2.00189208984375,0.00030041433637961745
9860,1.9669580459594727,0.0003000033611897379
9861,1.9717580080032349,0.00029909281875006855
9862,1.906690001487732,0.0002974278759211302
9863,1.9466910362243652,0.00029503036057576537
9864,1.9168239831924438,0.00029219058342278004
9865,1.9466910362243652,0.0002889247552957386
9866,1.906690001487732,0.0002858662628568709
9867,1.9218909740447998,0.0002833240432664752
9868,1.8917570114135742,0.00028083421057090163
9869,1.9568239450454712,0.00027829635655507445
9870,1.9016239643096924,0.00027592043625190854
9871,1.9317569732666016,0.00027315563056617975
9872,1.8717570304870605,0.00027159956516698003
9873,1.9618910551071167,0.00026964719290845096
9874,1.8765569925308228,0.0002690263499971479
9875,1.9317569732666016,0.00026810725103132427
9876,1.856557011604309,0.0002678730816114694
9877,1.9218909740447998,0.00026796601014211774
9878,1.846690058708191,0.0002678066084627062
9879,1.8968240022659302,0.00026776723098009825
9880,1.8717570304870605,0.0002669953682925552
9881,1.8968240022659302,0.00026606678147800267
9882,1.8765569925308228,0.0002645368513185531
9883,1.911756992340088,0.000263247056864202
9884,1.8717570304870605,0.00026190144126303494
9885,1.8968240022659302,0.00026050806627608836
9886,1.8616230487823486,0.0002598102146293968
9887,1.8917570114135742,0.00025840988382697105
9888,1.851755976676941,0.0002576348779257387
9889,1.7664220333099365,0.0002566314651630819
9890,0.554407000541687,0.0002554837556090206
9891,0.12880200147628784,0.000254661834333092
9892,-0.2970699965953827,0.00025322314468212426
9893,-0.6877419948577881,0.00025238297530449927
9894,-0.7978770136833191,0.00025168847059831023
9895,-0.8728110194206238,0.0002516538370400667
9896,-1.0933469533920288,0.0002520682173781097
9897,-1.3837510347366333,0.0002526442112866789
9898,-1.789355993270874,0.00025337154511362314
9899,-1.8296229839324951,0.00025462140911258757
9900,-2.034959077835083,0.00025619944790378213
9901,-1.9648250341415405,0.0002580788859631866
9902,-1.9146909713745117,0.0002602026506792754
9903,-1.889623999595642,0.0002624517655931413
9904,-1.9397579431533813,0.0002648195077199489
9905,-1.889623999595642,0.00026726388023234904
9906,-1.9045569896697998,0.00026982766576111317
9907,-1.8144229650497437,0.00027246263925917447
9908,-1.8594900369644165,0.0002751659194473177
9909,-1.7994890213012695,0.0002779229253064841
9910,-1.8194890022277832,0.00028073767316527665
9911,-1.7994890213012695,0.00028361051226966083
9912,-1.874690055847168,0.0002865502319764346
9913,-1.8946900367736816,0.00028955459129065275
9914,-1.949623942375183,0.00029264428303577006
9915,-1.949623942375183,0.00029581363196484745
9916,-1.9797580242156982,0.0002990766952279955
9917,-1.9296239614486694,0.0003024129255209118
9918,-1.999758005142212,0.0003058203146792948
9919,-2.019758939743042,0.0003093115519732237
9920,-1.9898920059204102,0.0003128851531073451
9921,-0.7728099822998047,0.0003165449306834489
9922,-0.2269359976053238,0.0003199758066330105
9923,0.12373500317335129,0.000321843137498945
9924,0.5144060254096985,0.0003212447336409241
9925,0.6696079969406128,0.0003180053608957678
9926,0.6896089911460876,0.00031492733978666365
9927,0.8949450254440308,0.0003127150994259864
9928,1.2005480527877808,0.0003099292516708374
9929,1.6213539838790894,0.0003059730224777013
9930,1.7413549423217773,0.0003015623369719833
9931,1.9317569732666016,0.00029737272416241467
9932,1.851755976676941,0.00029529634048230946
9933,1.7864220142364502,0.0002945708984043449
9934,1.781622052192688,0.00029372956487350166
9935,1.8314900398254395,0.0002943200815934688
9936,1.781622052192688,0.00029350072145462036
9937,1.8066890239715576,0.0002915373770520091
9938,1.696287989616394,0.00028722931165248156
9939,1.7464220523834229,0.000283834378933534
9940,1.68135404586792,0.00027930407668463886
9941,1.7264219522476196,0.0002726717502810061
9942,1.6762880086898804,0.0002669318637344986
9943,1.7464220523834229,0.0002595701953396201
9944,1.7914890050888062,0.0002531150239519775
9945,1.856557011604309,0.00024693916202522814
9946,1.8365559577941895,0.0002428892912575975
9947,1.8968240022659302,0.00023989482724573463
9948,1.851755976676941,0.00023597822291776538
9949,1.9418909549713135,0.00023284419148694724
9950,1.8968240022659302,0.00023158153635449708
9951,1.9466910362243652,0.00023109086032491177
9952,0.9850789904594421,0.00023212656378746033
9953,0.22880299389362335,0.00023399092606268823
9954,-0.09173399955034256,0.00023558000975754112
9955,-0.5173400044441223,0.0002360692888032645
9956,-0.7528089880943298,0.00023553452047053725
9957,-0.7226759791374207,0.00023398242774419487
9958,-0.9530789852142334,0.00023233560204971582
9959,-1.2085479497909546,0.0002316769678145647
9960,-1.6040199995040894,0.00023164600133895874
9961,-1.8045560121536255,0.00023259669251274318
9962,-1.9746910333633423,0.00023467917344532907
9963,-1.999758005142212,0.00023777045134920627
9964,-1.9746910333633423,0.00024144959752447903
9965,-1.8296229839324951,0.0002455592039041221
9966,-1.949623942375183,0.00024999238667078316
9967,-1.9045569896697998,0.0002550856152083725
9968,-1.9245569705963135,0.00026066164718940854
9969,-1.8245559930801392,0.00026692752726376057
9970,-1.8594900369644165,0.0002737595059443265
9971,-1.8045560121536255,0.00028102973010390997
9972,-1.8144229650497437,0.00028873980045318604
9973,-1.8045560121536255,0.00029705261113122106
9974,-1.874690055847168,0.0003059460432268679
9975,-1.8594900369644165,0.0003155430022161454
9976,-1.9546910524368286,0.0003259057702962309
9977,-1.949623942375183,0.00033726985566318035
9978,-1.999758005142212,0.0003495686105452478
9979,-1.9397579431533813,0.00036301498766988516
9980,-2.024825096130371,0.00037775535020045936
9981,-1.9898920059204102,0.0003939992457162589
9982,-2.044826030731201,0.0004119310178793967
9983,-1.4189510345458984,0.0004319630388636142
9984,-0.37707099318504333,0.0004541960952337831
9985,-0.09653499722480774,0.0004742993332911283
9986,0.3141370117664337,0.0004857111780438572
9987,0.659741997718811,0.00048547828919254243
9988,0.6896089911460876,0.0004724926548078656
9989,0.8549439907073975,0.0004563891561701894
9990,1.025346040725708,0.00044345459900796413
9991,1.476017951965332,0.00043726630974560976
9992,1.6864210367202759,0.0004344185290392488
9993,1.846690058708191,0.0004366096982266754
9994,1.906690001487732,0.0004417267336975783
9995,1.8717570304870605,0.00044436060125008225
9996,1.7514890432357788,0.0004452665743883699
9997,1.801622986793518,0.0004654394288081676
9998,1.7565549612045288,0.0004973908653482795
9999,1.8114889860153198,0.0005082289571873844
