index,value,anomaly_score
0,0.03866700083017349,0.0007007320527918637
1,0.01360000018030405,0.0007075071334838867
2,0.03866700083017349,0.0007065600366331637
3,0.0685340017080307,0.0007058084011077881
4,0.06373400241136551,0.0007055521127767861
5,0.02346700057387352,0.0007003214559517801
6,0.04853399842977524,0.0006978738820180297
7,-0.0013330000219866633,0.0006970365648157895
8,0.04853399842977524,0.0007092665764503181
9,0.003467000089585781,0.000715317321009934
10,0.05360100045800209,0.0007254770025610924
11,0.003467000089585781,0.0007314831018447876
12,0.06373400241136551,0.000740624382160604
13,-0.006399999838322401,0.0007468973053619266
14,0.06373400241136551,0.0007544053951278329
15,-0.0013330000219866633,0.0007575005292892456
16,0.04853399842977524,0.0007634618668816984
17,-0.0013330000219866633,0.0007689076010137796
18,0.08373399823904037,0.000774843676481396
19,0.02346700057387352,0.0007786681526340544
20,0.06373400241136551,0.00078247842611745
21,0.01360000018030405,0.0007839627214707434
22,0.06373400241136551,0.0007857282762415707
23,0.02346700057387352,0.0007861198391765356
24,0.04853399842977524,0.0007916903705336154
25,-0.016534000635147095,0.0007956586196087301
26,0.043733999133110046,0.0007987692370079458
27,0.01360000018030405,0.0008010580204427242
28,0.03359999880194664,0.0008050265023484826
29,0.008533000014722347,0.000810470839496702
30,0.028534000739455223,0.0008170828805305064
31,-0.0013330000219866633,0.0008258788147941232
32,0.08880099654197693,0.0008352681761607528
33,-0.02160000056028366,0.0008410945883952081
34,0.05360100045800209,0.0008458506199531257
35,-0.006399999838322401,0.000851208926178515
36,0.0685340017080307,0.0008547697798348963
37,0.02346700057387352,0.0008560632704757154
38,0.05360100045800209,0.0008567413315176964
39,-0.016534000635147095,0.0008583148010075092
40,0.04853399842977524,0.0008604482864029706
41,0.008533000014722347,0.0008610657532699406
42,-0.0013330000219866633,0.000863242952618748
43,0.01360000018030405,0.0008639453444629908
44,0.05360100045800209,0.0008653106051497161
45,0.02346700057387352,0.000865412293933332
46,0.0685340017080307,0.0008658606093376875
47,0.003467000089585781,0.0008651444222778082
48,0.05360100045800209,0.0008651402895338833
49,-0.016534000635147095,0.0008648200309835374
50,0.02346700057387352,0.0008642034372314811
51,0.01360000018030405,0.0008641488384455442
52,0.028534000739455223,0.0008651643875055015
53,-0.016534000635147095,0.0008669965900480747
54,-0.0013330000219866633,0.0008690768736414611
55,-0.04666699841618538,0.0008709767134860158
56,0.05360100045800209,0.000872128177434206
57,-0.0013330000219866633,0.000873176846653223
58,0.06373400241136551,0.000875529192853719
59,0.02346700057387352,0.0008761571370996535
60,0.06373400241136551,0.0008765283273532987
61,0.03866700083017349,0.0008768483530730009
62,0.07360100001096725,0.0008776257163845003
63,-0.011466999538242817,0.0008775281021371484
64,0.04853399842977524,0.0008777183829806745
65,-0.011466999538242817,0.0008780829375609756
66,0.05360100045800209,0.0008777074399404228
67,-0.011466999538242817,0.0008774171583354473
68,0.03866700083017349,0.0008770860731601715
69,-0.0013330000219866633,0.0008764590020291507
70,0.03866700083017349,0.0008762844954617321
71,0.003467000089585781,0.000875205616466701
72,0.043733999133110046,0.000874712539371103
73,0.028534000739455223,0.0008737772004678845
74,0.05866700038313866,0.000873924873303622
75,0.01360000018030405,0.0008731915731914341
76,0.06373400241136551,0.0008729241671971977
77,0.003467000089585781,0.0008720645564608276
78,0.03866700083017349,0.0008712360286153853
79,-0.0013330000219866633,0.0008705374784767628
80,0.03866700083017349,0.0008699136087670922
81,-0.011466999538242817,0.0008693077834323049
82,0.02346700057387352,0.0008683936903253198
83,-0.011466999538242817,0.0008674192940816283
84,0.03359999880194664,0.0008662512991577387
85,-0.02160000056028366,0.0008655497222207487
86,0.01866699941456318,0.0008639674633741379
87,0.01360000018030405,0.000862547371070832
88,0.05360100045800209,0.0008615221595391631
89,0.003467000089585781,0.0008604818140156567
90,0.03359999880194664,0.0008611757657490671
91,-0.031466998159885406,0.0008623701287433505
92,0.07866799831390381,0.0008636486018076539
93,0.003467000089585781,0.0008638832368887961
94,0.03866700083017349,0.0008640550659038126
95,0.02346700057387352,0.0008640926680527627
96,0.028534000739455223,0.0008642507600598037
97,-0.02160000056028366,0.0008642534958198667
98,0.03866700083017349,0.0008637491264380515
99,-0.016534000635147095,0.00086354766972363
100,0.028534000739455223,0.0008636305574327707
101,-0.0013330000219866633,0.0008640968590043485
102,0.06373400241136551,0.0008645908092148602
103,0.01866699941456318,0.0008653220138512552
104,0.04853399842977524,0.0008662142208777368
105,0.028534000739455223,0.0008669583476148546
106,0.05360100045800209,0.0008678025333210826
107,0.028534000739455223,0.0008682584739290178
108,0.06373400241136551,0.0008690105751156807
109,0.008533000014722347,0.0008695578435435891
110,0.01360000018030405,0.0008705597720108926
111,0.003467000089585781,0.0008718371391296387
112,0.043733999133110046,0.0008733486756682396
113,0.008533000014722347,0.0008747534011490643
114,0.04853399842977524,0.0008763219811953604
115,0.01866699941456318,0.0008777804323472083
116,0.0685340017080307,0.0008797472110018134
117,0.043733999133110046,0.0008805735851638019
118,0.08373399823904037,0.0008820146322250366
119,0.01360000018030405,0.0008821601513773203
120,0.08373399823904037,0.0008827931596897542
121,-0.011466999538242817,0.0008822365198284388
122,0.05360100045800209,0.0008816467016004026
123,-0.0013330000219866633,0.0008810590370558202
124,0.03359999880194664,0.0008805342949926853
125,-0.04666699841618538,0.0008798757335171103
126,0.02346700057387352,0.000878392078448087
127,-0.026399999856948853,0.0008770691347308457
128,0.03359999880194664,0.0008755549206398427
129,-0.0013330000219866633,0.0008741489727981389
130,0.04853399842977524,0.0008728361572138965
131,0.003467000089585781,0.0008712132112123072
132,0.06373400241136551,0.0008702281047590077
133,0.01360000018030405,0.0008683209307491779
134,0.06373400241136551,0.0008664229535497725
135,-0.016534000635147095,0.0008645729394629598
136,0.04853399842977524,0.0008624501642771065
137,-0.026399999856948853,0.0008604208123870194
138,0.003467000089585781,0.0008583056041970849
139,-0.02160000056028366,0.0008561933063901961
140,0.02346700057387352,0.0008544169249944389
141,0.003467000089585781,0.0008523498545400798
142,0.06373400241136551,0.0008503076387569308
143,0.028534000739455223,0.0008483054116368294
144,0.028534000739455223,0.0008466135477647185
145,0.008533000014722347,0.0008448222070001066
146,0.07360100001096725,0.0008431159076280892
147,0.02346700057387352,0.000841225846670568
148,0.028534000739455223,0.0008397684432566166
149,-0.011466999538242817,0.0008382774540223181
150,0.03866700083017349,0.0008366694091819227
151,-0.02160000056028366,0.0008349392446689308
152,0.03359999880194664,0.0008330376585945487
153,-0.006399999838322401,0.0008312320569530129
154,0.03866700083017349,0.0008298859465867281
155,-0.0013330000219866633,0.0008283403585664928
156,0.08880099654197693,0.0008267388911917806
157,0.003467000089585781,0.0008252340485341847
158,0.03866700083017349,0.0008236848516389728
159,-0.011466999538242817,0.0008220417657867074
160,0.02346700057387352,0.0008204651530832052
161,0.01360000018030405,0.0008190098451450467
162,0.05360100045800209,0.0008177218842320144
163,-0.006399999838322401,0.0008162867743521929
164,0.03359999880194664,0.0008149389759637415
165,0.01360000018030405,0.0008134111994877458
166,0.043733999133110046,0.0008122247527353466
167,-0.0013330000219866633,0.0008110381895676255
168,0.028534000739455223,0.0008100587874650955
169,-0.026399999856948853,0.0008089323528110981
170,0.02346700057387352,0.0008078435203060508
171,-0.006399999838322401,0.0008064990979619324
172,0.03866700083017349,0.0008051097975112498
173,0.03359999880194664,0.0008036363287828863
174,0.07360100001096725,0.0008022108813747764
175,-0.0013330000219866633,0.0008009751909412444
176,0.03866700083017349,0.00079979287693277
177,0.028534000739455223,0.0007985000847838819
178,0.05866700038313866,0.0007972676539793611
179,0.01866699941456318,0.0007962605450302362
180,0.04853399842977524,0.0007952614687383175
181,0.028534000739455223,0.0007942606462165713
182,0.03359999880194664,0.0007933262386359274
183,-0.011466999538242817,0.0007922446820884943
184,0.07866799831390381,0.0007914275047369301
185,0.003467000089585781,0.0007904927479103208
186,0.06373400241136551,0.0007894161972217262
187,0.03866700083017349,0.000788322533480823
188,0.04853399842977524,0.0007872959249652922
189,0.003467000089585781,0.0007862064521759748
190,0.04853399842977524,0.0007851979462429881
191,0.003467000089585781,0.000784251606091857
192,0.04853399842977524,0.0007834202842786908
193,0.028534000739455223,0.0007825243519619107
194,0.03866700083017349,0.0007820460014045238
195,-0.011466999538242817,0.0007812040275894105
196,0.07360100001096725,0.0007805041968822479
197,-0.011466999538242817,0.0007797119324095547
198,0.02346700057387352,0.0007792765973135829
199,-0.011466999538242817,0.0007789100054651499
200,0.08880099654197693,0.0007788552320562303
201,0.03866700083017349,0.0007783423643559217
202,0.09360100328922272,0.000778057670686394
203,0.003467000089585781,0.0007774371770210564
204,0.0685340017080307,0.0007768177893012762
205,0.028534000739455223,0.0007761132437735796
206,0.0685340017080307,0.0007755115511827171
207,0.01866699941456318,0.0007748882053419948
208,0.043733999133110046,0.000774454849306494
209,0.028534000739455223,0.0007739070570096374
210,0.07360100001096725,0.0007734311511740088
211,0.01360000018030405,0.0007728412165306509
212,0.043733999133110046,0.0007725811447016895
213,0.028534000739455223,0.0007724445313215256
214,0.04853399842977524,0.0007724809111095965
215,0.003467000089585781,0.0007726051844656467
216,0.04853399842977524,0.0007728569908067584
217,0.02346700057387352,0.000772891566157341
218,0.07866799831390381,0.0007730608340352774
219,0.043733999133110046,0.0007727245101705194
220,0.07866799831390381,0.0007725507020950317
221,0.003467000089585781,0.000772275379858911
222,0.04853399842977524,0.0007722209556959569
223,-0.0013330000219866633,0.0007721973233856261
224,0.03866700083017349,0.0007721739239059389
225,0.01360000018030405,0.0007720986031927168
226,0.05360100045800209,0.0007720867870375514
227,-0.011466999538242817,0.000771889288444072
228,0.07360100001096725,0.0007717293919995427
229,0.02346700057387352,0.000771650520619005
230,0.028534000739455223,0.000771593302488327
231,-0.011466999538242817,0.0007713364320807159
232,0.05360100045800209,0.00077093142317608
233,0.008533000014722347,0.0007706127362325788
234,0.04853399842977524,0.0007705566240474582
235,-0.0013330000219866633,0.0007703297305852175
236,0.07866799831390381,0.0007701506256125867
237,0.003467000089585781,0.0007695635431446135
238,0.02346700057387352,0.0007691344362683594
239,0.02346700057387352,0.0007686823373660445
240,0.07360100001096725,0.0007684524753130972
241,-0.03653400018811226,0.0007680661510676146
242,0.043733999133110046,0.0007674762746319175
243,0.02346700057387352,0.0007668806938454509
244,0.04853399842977524,0.0007665337761864066
245,0.003467000089585781,0.0007661519921384752
246,0.06373400241136551,0.0007658315589651465
247,0.003467000089585781,0.00076544244075194
248,0.05360100045800209,0.0007650298648513854
249,0.01866699941456318,0.0007645678124390543
250,0.05360100045800209,0.000764126074500382
251,-0.0013330000219866633,0.0007636682712472975
252,0.028534000739455223,0.0007631554617546499
253,0.01866699941456318,0.0007625982398167253
254,0.043733999133110046,0.0007621236145496368
255,0.04853399842977524,0.0007616658112965524
256,0.0685340017080307,0.0007616605143994093
257,0.008533000014722347,0.0007613605121150613
258,0.0685340017080307,0.0007611695909872651
259,0.02346700057387352,0.0007606067811138928
260,0.06373400241136551,0.0007600915268994868
261,0.003467000089585781,0.0007598628872074187
262,0.04853399842977524,0.0007597029325552285
263,-0.026399999856948853,0.0007595506613142788
264,0.03866700083017349,0.0007586257997900248
265,0.003467000089585781,0.0007578377844765782
266,0.03866700083017349,0.0007568132714368403
267,-0.0013330000219866633,0.0007559416117146611
268,0.03359999880194664,0.0007548090070486069
269,-0.016534000635147095,0.0007537701167166233
270,0.0685340017080307,0.000752683263272047
271,0.043733999133110046,0.0007518293568864465
272,0.06373400241136551,0.0007507324335165322
273,0.01360000018030405,0.0007495580357499421
274,0.07360100001096725,0.0007484102388843894
275,0.028534000739455223,0.0007472166325896978
276,0.05360100045800209,0.0007461748318746686
277,-0.02160000056028366,0.0007451981073245406
278,0.028534000739455223,0.0007441733032464981
279,-0.026399999856948853,0.0007431617705151439
280,0.028534000739455223,0.0007416103035211563
281,-0.02160000056028366,0.0007401620969176292
282,0.03866700083017349,0.0007387006189674139
283,0.01866699941456318,0.0007374015403911471
284,0.028534000739455223,0.0007359070586971939
285,-0.02160000056028366,0.0007341493619605899
286,0.02346700057387352,0.0007321593002416193
287,0.01866699941456318,0.0007299127173610032
288,0.028534000739455223,0.0007276300457306206
289,0.03359999880194664,0.0007256699609570205
290,0.0685340017080307,0.0007241263519972563
291,-0.0013330000219866633,0.000722130760550499
292,0.06373400241136551,0.0007203713175840676
293,0.008533000014722347,0.0007188778836280107
294,0.02346700057387352,0.0007177405641414225
295,0.003467000089585781,0.0007164396229200065
296,0.04853399842977524,0.0007149901939556003
297,-0.016534000635147095,0.0007137751672416925
298,0.05360100045800209,0.0007121959934011102
299,-0.0013330000219866633,0.0007109364378266037
300,0.0685340017080307,0.0007093999884091318
301,0.008533000014722347,0.0007080828654579818
302,0.043733999133110046,0.0007067077676765621
303,0.008533000014722347,0.0007054877933114767
304,0.05866700038313866,0.0007041417993605137
305,0.003467000089585781,0.0007028560503385961
306,0.03866700083017349,0.0007016933523118496
307,0.02346700057387352,0.0007004612125456333
308,0.05866700038313866,0.0006991252885200083
309,-0.016534000635147095,0.0006976326112635434
310,0.043733999133110046,0.000696017756126821
311,-0.011466999538242817,0.0006943180342204869
312,0.02346700057387352,0.0006927418289706111
313,-0.02160000056028366,0.0006911282544024289
314,0.04853399842977524,0.0006892369710840285
315,0.03866700083017349,0.0006876100087538362
316,0.06373400241136551,0.0006861499277874827
317,0.02346700057387352,0.000684677972458303
318,0.043733999133110046,0.000683192047290504
319,-0.0013330000219866633,0.0006818038527853787
320,0.043733999133110046,0.000680638593621552
321,-0.0013330000219866633,0.0006792143103666604
322,0.03359999880194664,0.0006779918912798166
323,-0.011466999538242817,0.000676823197863996
324,0.04853399842977524,0.0006757261580787599
325,-0.02160000056028366,0.0006748425657860935
326,0.04853399842977524,0.0006737515795975924
327,-0.016534000635147095,0.0006728864973410964
328,0.02346700057387352,0.0006719469092786312
329,-0.011466999538242817,0.0006709923036396503
330,0.03866700083017349,0.0006696445634588599
331,-0.0013330000219866633,0.0006684051477350295
332,0.04853399842977524,0.0006672109011560678
333,0.01360000018030405,0.0006661516381427646
334,0.06373400241136551,0.0006650843424722552
335,0.003467000089585781,0.0006640160572715104
336,0.028534000739455223,0.0006630218704231083
337,0.02346700057387352,0.0006620124913752079
338,0.05360100045800209,0.0006611754070036113
339,0.02346700057387352,0.0006602219073101878
340,0.07360100001096725,0.0006595103768631816
341,-0.0013330000219866633,0.0006586508825421333
342,0.05360100045800209,0.0006581865018233657
343,-0.02160000056028366,0.0006577788153663278
344,0.01866699941456318,0.0006572007550857961
345,-0.02160000056028366,0.0006564910290762782
346,0.003467000089585781,0.0006552024278789759
347,0.003467000089585781,0.0006535897264257073
348,0.04853399842977524,0.0006519799353554845
349,-0.031466998159885406,0.0006506837089546025
350,0.07360100001096725,0.0006491903914138675
351,0.003467000089585781,0.0006476474227383733
352,0.05866700038313866,0.0006465228507295251
353,-0.0013330000219866633,0.0006452592788264155
354,0.07866799831390381,0.0006440530996769667
355,0.02346700057387352,0.0006426121108233929
356,0.07360100001096725,0.00064118328737095
357,0.01360000018030405,0.0006397661054506898
358,0.06373400241136551,0.0006383571308106184
359,0.003467000089585781,0.0006369096226990223
360,0.028534000739455223,0.0006354086799547076
361,-0.0013330000219866633,0.0006339768879115582
362,0.03359999880194664,0.0006326129660010338
363,0.003467000089585781,0.0006313687190413475
364,0.02346700057387352,0.0006300625391304493
365,-0.0013330000219866633,0.0006287611904554069
366,0.01360000018030405,0.0006273320759646595
367,0.01360000018030405,0.000625718617811799
368,0.01360000018030405,0.0006240720394998789
369,-0.011466999538242817,0.0006224805256351829
370,0.028534000739455223,0.0006207608967088163
371,0.008533000014722347,0.0006189621053636074
372,0.05360100045800209,0.0006170000415295362
373,0.008533000014722347,0.0006155791925266385
374,0.01866699941456318,0.0006138309836387634
375,0.003467000089585781,0.0006127706146799028
376,0.03866700083017349,0.0006114901625551283
377,-0.011466999538242817,0.0006107167573645711
378,0.06373400241136551,0.0006100793834775686
379,-0.006399999838322401,0.0006095073185861111
380,0.06373400241136551,0.0006088854279369116
381,0.003467000089585781,0.0006080737803131342
382,0.02346700057387352,0.0006076363497413695
383,0.01360000018030405,0.0006070858798921108
384,0.02346700057387352,0.0006066433270461857
385,0.003467000089585781,0.0006061556050553918
386,0.01866699941456318,0.0006057271384634078
387,-0.03653400018811226,0.0006055364501662552
388,0.06373400241136551,0.0006046674679964781
389,0.008533000014722347,0.0006042900495231152
390,0.04853399842977524,0.0006039455765858293
391,0.01360000018030405,0.0006036266568116844
392,0.03866700083017349,0.0006034973775967956
393,-0.006399999838322401,0.0006033831741660833
394,0.03866700083017349,0.0006035178084857762
395,-0.04666699841618538,0.0006035850965417922
396,0.043733999133110046,0.0006031359080225229
397,0.01360000018030405,0.0006028130883350968
398,0.04853399842977524,0.0006026618648320436
399,-0.011466999538242817,0.0006023977766744792
400,0.05866700038313866,0.0006020284490659833
401,0.003467000089585781,0.0006017984123900533
402,0.0685340017080307,0.0006014371756464243
403,-0.02160000056028366,0.0006011161603964865
404,0.03866700083017349,0.0006004927563481033
405,-0.0013330000219866633,0.0005998723208904266
406,0.05866700038313866,0.0005993131780996919
407,0.01360000018030405,0.0005988940829411149
408,0.028534000739455223,0.0005985902389511466
409,-0.006399999838322401,0.0005982728907838464
410,0.04853399842977524,0.0005976922693662345
411,0.003467000089585781,0.0005972106009721756
412,0.043733999133110046,0.0005967650795355439
413,-0.0013330000219866633,0.0005961847491562366
414,0.06373400241136551,0.0005958706606179476
415,0.02346700057387352,0.0005954543594270945
416,0.06373400241136551,0.0005951144848950207
417,-0.016534000635147095,0.0005947580211795866
418,0.06373400241136551,0.0005943666910752654
419,-0.0013330000219866633,0.0005940190167166293
420,0.04853399842977524,0.0005937868263572454
421,-0.006399999838322401,0.0005937040550634265
422,0.043733999133110046,0.0005933736683800817
423,-0.02160000056028366,0.0005929165054112673
424,0.028534000739455223,0.0005923627759329975
425,-0.011466999538242817,0.0005919696995988488
426,0.06373400241136551,0.0005916876252740622
427,-0.006399999838322401,0.0005915008368901908
428,0.02346700057387352,0.0005913286586292088
429,0.01866699941456318,0.000591096468269825
430,0.02346700057387352,0.0005907098529860377
431,0.02346700057387352,0.0005903351120650768
432,0.04853399842977524,0.0005898902309127152
433,0.03359999880194664,0.0005895160138607025
434,0.06373400241136551,0.0005890835309401155
435,0.003467000089585781,0.0005884386482648551
436,0.06373400241136551,0.0005877256626263261
437,-0.02160000056028366,0.0005870427703484893
438,0.0685340017080307,0.0005863517872057855
439,-0.011466999538242817,0.0005859157536178827
440,0.07360100001096725,0.000585358589887619
441,0.02346700057387352,0.0005848667351529002
442,0.05360100045800209,0.0005845754640176892
443,0.01360000018030405,0.000584230525419116
444,0.04853399842977524,0.0005838052020408213
445,0.01360000018030405,0.000583385000936687
446,0.03359999880194664,0.0005829150322824717
447,0.02346700057387352,0.0005824783584102988
448,0.0685340017080307,0.000582202454097569
449,-0.026399999856948853,0.0005817920318804681
450,0.08880099654197693,0.0005810273578390479
451,0.01866699941456318,0.0005803760141134262
452,0.04853399842977524,0.0005796148325316608
453,-0.0013330000219866633,0.0005789489368908107
454,0.06373400241136551,0.0005780315259471536
455,0.008533000014722347,0.0005769875133410096
456,0.05360100045800209,0.0005758388433605433
457,-0.0013330000219866633,0.0005749854608438909
458,0.06373400241136551,0.0005741114728152752
459,0.03359999880194664,0.0005734794540330768
460,0.02346700057387352,0.0005727324751205742
461,0.04853399842977524,0.0005719386972486973
462,0.06373400241136551,0.0005710300756618381
463,-0.0013330000219866633,0.0005701084155589342
464,0.06373400241136551,0.0005691496189683676
465,0.01360000018030405,0.0005682252231054008
466,0.05866700038313866,0.0005673863925039768
467,-0.0013330000219866633,0.0005668040248565376
468,0.028534000739455223,0.0005659955786541104
469,-0.016534000635147095,0.0005649173981510103
470,0.028534000739455223,0.0005636946298182011
471,-0.02160000056028366,0.0005623046308755875
472,0.04853399842977524,0.0005609797080978751
473,0.003467000089585781,0.0005597278359346092
474,0.05360100045800209,0.0005584891187027097
475,0.01360000018030405,0.0005576597759500146
476,0.04853399842977524,0.0005567773478105664
477,-0.03653400018811226,0.0005560003919526935
478,0.028534000739455223,0.0005551408976316452
479,-0.02160000056028366,0.0005541139980778098
480,0.028534000739455223,0.000553255551494658
481,-0.011466999538242817,0.0005522876745089889
482,0.04853399842977524,0.0005512540228664875
483,-0.011466999538242817,0.0005502945277839899
484,0.03359999880194664,0.000549495336599648
485,-0.0013330000219866633,0.0005485349684022367
486,0.06373400241136551,0.0005475530633702874
487,0.028534000739455223,0.000546727329492569
488,0.06373400241136551,0.0005460756947286427
489,0.01360000018030405,0.0005453323246911168
490,0.03866700083017349,0.000544398557394743
491,0.003467000089585781,0.0005434665363281965
492,0.07360100001096725,0.0005426628049463034
493,0.028534000739455223,0.0005421615205705166
494,0.04853399842977524,0.0005414409097284079
495,0.003467000089585781,0.0005408601136878133
496,0.07866799831390381,0.0005401168018579483
497,0.028534000739455223,0.0005395793123170733
498,0.028534000739455223,0.0005392372841015458
499,-0.006399999838322401,0.0005389214493334293
500,0.028534000739455223,0.0005384089890867472
501,-0.011466999538242817,0.0005378636997193098
502,0.02346700057387352,0.0005372200394049287
503,0.003467000089585781,0.0005366768455132842
504,0.04853399842977524,0.0005362418596632779
505,0.008533000014722347,0.0005358922062441707
506,0.07360100001096725,0.0005355664761736989
507,0.03866700083017349,0.0005350693827494979
508,0.08880099654197693,0.0005348317208699882
509,0.02346700057387352,0.0005346464458853006
510,0.07360100001096725,0.0005343229277059436
511,-0.02160000056028366,0.0005338940536603332
512,0.08880099654197693,0.00053332035895437
513,-0.011466999538242817,0.0005329438135959208
514,0.04853399842977524,0.0005324779194779694
515,0.01866699941456318,0.0005322681390680373
516,0.07360100001096725,0.000532141886651516
517,-0.0013330000219866633,0.0005318180774338543
518,0.05360100045800209,0.0005314525915309787
519,0.01866699941456318,0.0005311175482347608
520,0.06373400241136551,0.0005310411797836423
521,0.043733999133110046,0.0005311077693477273
522,0.043733999133110046,0.0005311104469001293
523,0.02346700057387352,0.0005310654523782432
524,0.05360100045800209,0.0005309928092174232
525,0.01866699941456318,0.0005308875697664917
526,0.043733999133110046,0.0005308226682245731
527,0.01360000018030405,0.0005307320971041918
528,0.02346700057387352,0.0005306508974172175
529,0.01866699941456318,0.0005305787781253457
530,0.05360100045800209,0.0005303698708303273
531,-0.011466999538242817,0.0005303756333887577
532,0.04853399842977524,0.000530294724740088
533,-0.0013330000219866633,0.0005302265053614974
534,0.05360100045800209,0.0005302387289702892
535,0.01360000018030405,0.0005303038051351905
536,0.043733999133110046,0.0005305636441335082
537,0.01360000018030405,0.0005308411782607436
538,0.043733999133110046,0.0005312244175001979
539,0.01866699941456318,0.0005315821035765111
540,0.04853399842977524,0.0005319479387253523
541,0.01360000018030405,0.0005323166260495782
542,0.01866699941456318,0.0005327592371031642
543,0.003467000089585781,0.0005328574916347861
544,0.043733999133110046,0.0005329468986019492
545,-0.05146700143814087,0.0005330114508979023
546,0.05360100045800209,0.0005330145359039307
547,-0.011466999538242817,0.0005333599401637912
548,0.04853399842977524,0.000533733400516212
549,-0.031466998159885406,0.0005342122749425471
550,0.04853399842977524,0.0005346440011635423
551,0.008533000014722347,0.0005350952269509435
552,0.06373400241136551,0.0005356398178264499
553,0.02346700057387352,0.0005360741051845253
554,0.028534000739455223,0.0005366281839087605
555,-0.0013330000219866633,0.000537034182343632
556,0.03359999880194664,0.0005376818589866161
557,-0.0013330000219866633,0.0005383137613534927
558,0.03359999880194664,0.0005388925783336163
559,0.02346700057387352,0.0005394788458943367
560,0.03866700083017349,0.0005399518413469195
561,0.028534000739455223,0.0005402184324339032
562,0.06373400241136551,0.0005404425319284201
563,-0.011466999538242817,0.0005406160489656031
564,0.03866700083017349,0.0005407958524301648
565,0.003467000089585781,0.000540946377441287
566,0.08880099654197693,0.0005411973688751459
567,0.003467000089585781,0.0005414583720266819
568,0.06373400241136551,0.0005417568609118462
569,0.008533000014722347,0.0005420180386863649
570,0.03866700083017349,0.0005423777038231492
571,-0.016534000635147095,0.0005426972056739032
572,0.028534000739455223,0.0005430831806734204
573,-0.011466999538242817,0.0005433456390164793
574,0.06373400241136551,0.0005436764913611114
575,-0.05146700143814087,0.0005439672968350351
576,0.05360100045800209,0.0005440497188828886
577,0.01360000018030405,0.0005443571135401726
578,0.04853399842977524,0.0005446244031190872
579,0.003467000089585781,0.0005447552539408207
580,0.0685340017080307,0.0005448400625027716
581,0.01360000018030405,0.0005450064782053232
582,0.03866700083017349,0.0005451857578009367
583,0.01360000018030405,0.0005452397745102644
584,0.07360100001096725,0.0005451733595691621
585,0.003467000089585781,0.0005451407050713897
586,0.03866700083017349,0.0005453043850138783
587,-0.0013330000219866633,0.0005456644576042891
588,0.03866700083017349,0.000545877090189606
589,0.03359999880194664,0.0005460011307150126
590,0.03866700083017349,0.0005461700493469834
591,0.01360000018030405,0.0005462351837195456
592,0.04853399842977524,0.0005462889675982296
593,-0.011466999538242817,0.0005463770357891917
594,0.02346700057387352,0.0005465779104270041
595,0.003467000089585781,0.0005469057941809297
596,0.03866700083017349,0.0005470117903314531
597,-0.0013330000219866633,0.000547129544429481
598,0.03866700083017349,0.0005472248303703964
599,0.028534000739455223,0.0005471333279274404
600,0.08373399823904037,0.0005470812902785838
601,0.003467000089585781,0.0005472003831528127
602,0.07866799831390381,0.0005475232028402388
603,-0.0013330000219866633,0.00054784188978374
604,0.05866700038313866,0.0005481683183461428
605,0.003467000089585781,0.0005484218709170818
606,0.06373400241136551,0.0005489328177645802
607,-0.03653400018811226,0.000549658783711493
608,0.0685340017080307,0.0005500655388459563
609,0.03359999880194664,0.0005506454035639763
610,0.05360100045800209,0.0005513558862730861
611,0.003467000089585781,0.0005522827850654721
612,0.04853399842977524,0.0005530702183023095
613,0.003467000089585781,0.0005536993267014623
614,0.05360100045800209,0.0005542995641008019
615,0.003467000089585781,0.0005548079498112202
616,0.043733999133110046,0.0005553920054808259
617,-0.0013330000219866633,0.0005558159900829196
618,0.05360100045800209,0.000556144630536437
619,-0.031466998159885406,0.0005565942265093327
620,0.03866700083017349,0.0005569143104366958
621,0.02346700057387352,0.0005573439411818981
622,0.03359999880194664,0.000557691790163517
623,-0.0013330000219866633,0.00055814313236624
624,0.05866700038313866,0.0005583738093264401
625,-0.0013330000219866633,0.0005585965700447559
626,0.04853399842977524,0.0005587968626059592
627,-0.0013330000219866633,0.0005592760280705988
628,0.028534000739455223,0.0005597072886303067
629,-0.0013330000219866633,0.0005601617740467191
630,0.05360100045800209,0.0005605960031971335
631,0.028534000739455223,0.0005607608472928405
632,0.01360000018030405,0.0005608765641227365
633,0.01360000018030405,0.0005610516527667642
634,0.028534000739455223,0.0005611263331957161
635,0.02346700057387352,0.0005610701628029346
636,0.0685340017080307,0.0005609623622149229
637,-0.011466999538242817,0.0005611046217381954
638,0.04853399842977524,0.0005612567765638232
639,0.02346700057387352,0.0005614569527097046
640,0.03866700083017349,0.0005616422276943922
641,0.008533000014722347,0.0005618521827273071
642,0.04853399842977524,0.0005619698204100132
643,0.03866700083017349,0.0005620207521133125
644,0.05360100045800209,0.0005623807664960623
645,0.01360000018030405,0.0005628889775834978
646,0.03359999880194664,0.0005633515538647771
647,0.003467000089585781,0.000563764595426619
648,0.06373400241136551,0.0005641891621053219
649,-0.016534000635147095,0.0005645154742524028
650,0.04853399842977524,0.0005646200152114034
651,0.02346700057387352,0.0005648043006658554
652,0.028534000739455223,0.0005653513362631202
653,-0.011466999538242817,0.000565894995816052
654,0.01360000018030405,0.0005662785260938108
655,0.01360000018030405,0.0005666306242346764
656,0.03866700083017349,0.0005669763195328414
657,0.008533000014722347,0.0005672462284564972
658,0.04853399842977524,0.0005678072338923812
659,0.01866699941456318,0.0005683189374394715
660,0.03866700083017349,0.0005688111996278167
661,-0.011466999538242817,0.0005691992118954659
662,0.028534000739455223,0.000569578493013978
663,0.028534000739455223,0.000569949159398675
664,0.03866700083017349,0.0005703605129383504
665,-0.006399999838322401,0.0005706691881641746
666,0.07360100001096725,0.0005710715777240694
667,0.003467000089585781,0.0005714066792279482
668,0.03866700083017349,0.0005717889289371669
669,-0.011466999538242817,0.000572308199480176
670,0.06373400241136551,0.0005726001691073179
671,0.028534000739455223,0.0005730647244490683
672,0.008533000014722347,0.0005733690341003239
673,-0.0013330000219866633,0.000573519675526768
674,0.03359999880194664,0.0005735706654377282
675,0.003467000089585781,0.0005737314349971712
676,0.04853399842977524,0.0005737164756283164
677,0.003467000089585781,0.0005737009341828525
678,0.05866700038313866,0.0005737128667533398
679,-0.011466999538242817,0.0005737560568377376
680,0.003467000089585781,0.0005739707266911864
681,0.008533000014722347,0.0005740955239161849
682,0.04853399842977524,0.0005741894128732383
683,0.01360000018030405,0.0005744458758272231
684,0.07360100001096725,0.0005747202667407691
685,0.028534000739455223,0.0005753264995291829
686,0.01360000018030405,0.0005759808700531721
687,0.04853399842977524,0.0005765227251686156
688,0.08880099654197693,0.0005769850686192513
689,0.008533000014722347,0.0005773624288849533
690,0.06373400241136551,0.0005777946207672358
691,0.02346700057387352,0.0005783248925581574
692,0.03866700083017349,0.0005788493435829878
693,0.01360000018030405,0.0005794967291876674
694,0.03866700083017349,0.000580131309106946
695,-0.016534000635147095,0.0005805094842799008
696,0.008533000014722347,0.0005809350404888391
697,-0.0013330000219866633,0.0005814284668304026
698,0.04853399842977524,0.0005817025084979832
699,-0.0013330000219866633,0.0005819237558171153
700,0.02346700057387352,0.0005821873201057315
701,0.02346700057387352,0.0005823853425681591
702,0.02346700057387352,0.0005826395936310291
703,0.008533000014722347,0.000582815904635936
704,0.03866700083017349,0.0005829405272379518
705,0.01866699941456318,0.0005830538575537503
706,0.09866800159215927,0.0005834294715896249
707,-0.0013330000219866633,0.0005842317477799952
708,0.028534000739455223,0.0005848599830642343
709,-0.0013330000219866633,0.0005854363553225994
710,0.04853399842977524,0.0005861851968802512
711,-0.02160000056028366,0.0005868636071681976
712,0.06373400241136551,0.0005875778151676059
713,-0.0013330000219866633,0.0005883469711989164
714,0.06373400241136551,0.0005890147876925766
715,-0.011466999538242817,0.0005896376678720117
716,0.08880099654197693,0.0005902793491259217
717,0.02346700057387352,0.0005908889579586685
718,0.05360100045800209,0.0005915481015108526
719,-0.0013330000219866633,0.000592129013966769
720,0.028534000739455223,0.0005927301244810224
721,0.01866699941456318,0.0005931792547926307
722,-0.011466999538242817,0.0005934826331213117
723,-0.02160000056028366,0.0005935424705967307
724,0.05360100045800209,0.000593504577409476
725,-0.0013330000219866633,0.0005936780944466591
726,0.043733999133110046,0.0005939218099229038
727,-0.016534000635147095,0.000594103301409632
728,0.028534000739455223,0.0005941985873505473
729,-0.0013330000219866633,0.0005944296717643738
730,0.03866700083017349,0.0005945834564045072
731,0.02346700057387352,0.0005947095341980457
732,0.03359999880194664,0.0005947224562987685
733,0.01360000018030405,0.0005947484751231968
734,0.043733999133110046,0.0005947725148871541
735,0.008533000014722347,0.000594995217397809
736,0.06373400241136551,0.000595099525526166
737,-0.02160000056028366,0.0005953270592726767
738,0.01866699941456318,0.0005955338710919023
739,0.003467000089585781,0.0005957541288807988
740,0.028534000739455223,0.0005956282839179039
741,0.02346700057387352,0.0005955794476903975
742,0.043733999133110046,0.0005955100641585886
743,0.02346700057387352,0.0005955662345513701
744,0.043733999133110046,0.0005955772940069437
745,-0.02160000056028366,0.0005956661188974977
746,0.03866700083017349,0.0005957754328846931
747,-0.026399999856948853,0.0005959419067949057
748,0.04853399842977524,0.0005961447604931891
749,0.008533000014722347,0.0005963037256151438
750,0.03866700083017349,0.0005965284071862698
751,-0.0013330000219866633,0.0005966889439150691
752,0.08373399823904037,0.0005971365026198328
753,0.008533000014722347,0.0005971408681944013
754,0.09360100328922272,0.0005972503568045795
755,-0.026399999856948853,0.0005971869104541838
756,0.043733999133110046,0.0005971373757347465
757,0.028534000739455223,0.00059705157764256
758,0.03359999880194664,0.0005971859209239483
759,-0.0013330000219866633,0.0005973053630441427
760,0.05360100045800209,0.0005973734660074115
761,-0.016534000635147095,0.0005971809150651097
762,0.008533000014722347,0.0005970108322799206
763,-0.006399999838322401,0.000596859841607511
764,0.03866700083017349,0.0005965200252830982
765,-0.011466999538242817,0.0005960868438705802
766,0.03866700083017349,0.0005958128022029996
767,-0.0013330000219866633,0.0005955793312750757
768,0.07866799831390381,0.0005953354993835092
769,0.02346700057387352,0.0005949960905127227
770,0.03866700083017349,0.0005946896271780133
771,-0.0013330000219866633,0.0005944976001046598
772,0.04853399842977524,0.0005942486459389329
773,-0.011466999538242817,0.0005941280396655202
774,0.04853399842977524,0.0005941573763266206
775,-0.02160000056028366,0.000594035373069346
776,0.028534000739455223,0.0005940897390246391
777,0.01360000018030405,0.0005940120900049806
778,0.07360100001096725,0.000594229088164866
779,0.01360000018030405,0.0005942772841081023
780,0.0685340017080307,0.0005945059820078313
781,-0.026399999856948853,0.0005946895107626915
782,0.028534000739455223,0.0005946586607024074
783,0.008533000014722347,0.0005946608725935221
784,0.02346700057387352,0.0005946506280452013
785,-0.0013330000219866633,0.0005947491736151278
786,0.03866700083017349,0.0005949139595031738
787,0.01866699941456318,0.0005949647165834904
788,0.07360100001096725,0.0005951056955382228
789,0.003467000089585781,0.0005952114006504416
790,0.07360100001096725,0.0005952802603133023
791,0.008533000014722347,0.0005954847438260913
792,0.028534000739455223,0.0005955372471362352
793,0.01360000018030405,0.0005955343949608505
794,0.02346700057387352,0.0005955130327492952
795,0.008533000014722347,0.0005954602966085076
796,0.05866700038313866,0.0005954433581791818
797,0.01360000018030405,0.0005954853259027004
798,0.03359999880194664,0.0005954905645921826
799,-0.0013330000219866633,0.0005957706016488373
800,0.028534000739455223,0.000595758727286011
801,-0.0013330000219866633,0.0005959189147688448
802,0.028534000739455223,0.0005957041867077351
803,0.008533000014722347,0.0005955313099548221
804,0.028534000739455223,0.0005951696075499058
805,0.003467000089585781,0.00059487484395504
806,0.03359999880194664,0.0005942746647633612
807,0.008533000014722347,0.0005937207606621087
808,0.04853399842977524,0.0005933410720899701
809,0.003467000089585781,0.000593188451603055
810,0.04853399842977524,0.0005929865874350071
811,-0.016534000635147095,0.0005929215694777668
812,0.05360100045800209,0.0005929609760642052
813,-0.0013330000219866633,0.0005930023035034537
814,0.05866700038313866,0.0005930098704993725
815,0.01866699941456318,0.0005932312924414873
816,0.04853399842977524,0.0005933463107794523
817,0.003467000089585781,0.0005938786780461669
818,0.05866700038313866,0.0005940692499279976
819,0.008533000014722347,0.0005945354932919145
820,0.028534000739455223,0.0005946331657469273
821,0.01866699941456318,0.0005949584301561117
822,0.04853399842977524,0.0005950543563812971
823,-0.026399999856948853,0.000595362507738173
824,0.01360000018030405,0.0005956263048574328
825,-0.0013330000219866633,0.0005960436537861824
826,0.028534000739455223,0.0005961619899608195
827,-0.02160000056028366,0.0005962627474218607
828,0.04853399842977524,0.0005961727001704276
829,-0.006399999838322401,0.0005964041338302195
830,0.03359999880194664,0.0005964547162875533
831,0.02346700057387352,0.000596848432905972
832,0.043733999133110046,0.0005969256162643433
833,0.04853399842977524,0.0005969831254333258
834,0.04853399842977524,0.0005967883625999093
835,-0.011466999538242817,0.0005967022152617574
836,0.043733999133110046,0.0005966552416794002
837,-0.026399999856948853,0.0005964377196505666
838,0.07360100001096725,0.0005964920856058598
839,-0.006399999838322401,0.0005966632161289454
840,0.03359999880194664,0.0005969330668449402
841,0.02346700057387352,0.0005972874350845814
842,0.03866700083017349,0.000597416830714792
843,-0.006399999838322401,0.0005975483218207955
844,0.05360100045800209,0.0005976473912596703
845,0.02346700057387352,0.0005978882545605302
846,0.05360100045800209,0.0005976716638542712
847,-0.011466999538242817,0.0005975365056656301
848,0.04853399842977524,0.0005974962841719389
849,0.028534000739455223,0.0005974839441478252
850,0.03866700083017349,0.0005972007056698203
851,0.01360000018030405,0.0005969700287096202
852,0.043733999133110046,0.0005965777672827244
853,-0.0013330000219866633,0.000596192548982799
854,0.03866700083017349,0.0005957275861874223
855,-0.02160000056028366,0.0005954911466687918
856,0.01360000018030405,0.0005953371291980147
857,-0.0013330000219866633,0.0005952821811661124
858,0.03359999880194664,0.000594966986682266
859,0.01360000018030405,0.0005947868339717388
860,0.02346700057387352,0.000594470591749996
861,0.01360000018030405,0.0005943720461800694
862,0.028534000739455223,0.0005941772251389921
863,-0.0013330000219866633,0.000594034674577415
864,0.02346700057387352,0.0005938515532761812
865,-0.011466999538242817,0.0005937644746154547
866,0.01360000018030405,0.0005935719236731529
867,-0.016534000635147095,0.0005932829808443785
868,0.01360000018030405,0.0005929446197114885
869,-0.011466999538242817,0.0005925629520788789
870,0.05360100045800209,0.0005922222044318914
871,-0.0013330000219866633,0.0005921066040173173
872,0.028534000739455223,0.0005918879760429263
873,-0.016534000635147095,0.0005918393144384027
874,0.03359999880194664,0.0005918581737205386
875,0.003467000089585781,0.000591754331253469
876,0.05360100045800209,0.0005918386159464717
877,-0.026399999856948853,0.0005916879745200276
878,0.01360000018030405,0.0005916942609474063
879,-0.016534000635147095,0.0005914742359891534
880,0.008533000014722347,0.0005913404747843742
881,-0.011466999538242817,0.0005912614287808537
882,-0.006399999838322401,0.0005911932676099241
883,-0.02160000056028366,0.0005910772597417235
884,0.04853399842977524,0.0005910330801270902
885,-0.016534000635147095,0.0005908700404688716
886,0.04853399842977524,0.0005909588071517646
887,-0.0013330000219866633,0.0005911174230277538
888,0.03866700083017349,0.0005913075874559581
889,0.01360000018030405,0.0005914682988077402
890,0.028534000739455223,0.0005914815701544285
891,0.01360000018030405,0.0005915557267144322
892,0.05360100045800209,0.0005917080561630428
893,0.01360000018030405,0.000591886811889708
894,0.043733999133110046,0.0005921648698858917
895,0.003467000089585781,0.0005923979915678501
896,0.06373400241136551,0.0005926634185016155
897,0.02346700057387352,0.0005929307662881911
898,0.0685340017080307,0.0005931011401116848
899,0.003467000089585781,0.0005931466585025191
900,0.03866700083017349,0.0005930598126724362
901,-0.0013330000219866633,0.0005927970632910728
902,0.01866699941456318,0.0005925587611272931
903,-0.016534000635147095,0.0005923759890720248
904,0.04853399842977524,0.0005921793635934591
905,-0.02160000056028366,0.0005921958945691586
906,0.03359999880194664,0.0005922333220951259
907,-0.006399999838322401,0.0005922773270867765
908,0.05866700038313866,0.0005925378063693643
909,0.02346700057387352,0.0005927669699303806
910,0.09360100328922272,0.0005928807659074664
911,0.003467000089585781,0.000592864234931767
912,0.03866700083017349,0.0005928088794462383
913,0.01360000018030405,0.0005927140591666102
914,0.03866700083017349,0.0005924103315919638
915,-0.016534000635147095,0.0005922226700931787
916,0.05360100045800209,0.0005921248812228441
917,-0.006399999838322401,0.0005921905394643545
918,0.043733999133110046,0.0005922868731431663
919,-0.011466999538242817,0.0005923507851548493
920,0.028534000739455223,0.0005921358824707568
921,-0.011466999538242817,0.0005920092226006091
922,0.03359999880194664,0.0005917046801187098
923,-0.0013330000219866633,0.0005915439105592668
924,0.028534000739455223,0.0005912919878028333
925,-0.026399999856948853,0.0005910631152801216
926,0.03359999880194664,0.0005908531020395458
927,-0.016534000635147095,0.0005906075821258128
928,0.043733999133110046,0.0005905550206080079
929,-0.0013330000219866633,0.0005904485005885363
930,0.01866699941456318,0.0005904308636672795
931,0.01360000018030405,0.0005902169505134225
932,0.028534000739455223,0.0005899069365113974
933,-0.011466999538242817,0.0005896012880839407
934,0.05866700038313866,0.0005893349880352616
935,-0.02160000056028366,0.0005892185145057738
936,0.06373400241136551,0.0005889108288101852
937,0.008533000014722347,0.0005887307925149798
938,0.043733999133110046,0.0005884193815290928
939,0.008533000014722347,0.0005879459204152226
940,0.0685340017080307,0.0005875066854059696
941,0.01360000018030405,0.0005867639556527138
942,0.03359999880194664,0.0005861692479811609
943,0.008533000014722347,0.0005854242481291294
944,0.05360100045800209,0.0005848676664754748
945,-0.0013330000219866633,0.0005844751722179353
946,0.05866700038313866,0.0005842930404469371
947,-0.0013330000219866633,0.0005840925732627511
948,0.07866799831390381,0.0005840518279001117
949,0.01866699941456318,0.0005835584597662091
950,0.04853399842977524,0.0005830476875416934
951,0.01866699941456318,0.0005827128188684583
952,0.03866700083017349,0.0005822025123052299
953,-0.026399999856948853,0.0005816653138026595
954,0.043733999133110046,0.0005811081500723958
955,-0.0013330000219866633,0.0005806089611724019
956,0.043733999133110046,0.0005801599472761154
957,-0.05146700143814087,0.0005799060454592109
958,0.043733999133110046,0.0005797919584438205
959,-0.011466999538242817,0.000579634855967015
960,0.02346700057387352,0.0005791849689558148
961,0.01360000018030405,0.0005789907881990075
962,0.003467000089585781,0.0005786792607977986
963,-0.04160099849104881,0.0005782947409898043
964,0.03359999880194664,0.0005778883351013064
965,-0.011466999538242817,0.000577581929974258
966,0.03866700083017349,0.0005770320422016084
967,-0.0013330000219866633,0.0005765091045759618
968,0.04853399842977524,0.0005759075284004211
969,0.01360000018030405,0.0005751674761995673
970,0.03866700083017349,0.0005744477966800332
971,-0.016534000635147095,0.0005738075124099851
972,0.003467000089585781,0.0005732694990001619
973,-0.011466999538242817,0.0005729144322685897
974,0.05360100045800209,0.0005725212395191193
975,-0.0013330000219866633,0.0005722342757508159
976,0.03866700083017349,0.0005718385800719261
977,0.028534000739455223,0.0005716047016903758
978,0.043733999133110046,0.0005712719867005944
979,-0.02160000056028366,0.0005710055702365935
980,0.03866700083017349,0.0005709739634767175
981,0.01360000018030405,0.0005708718672394753
982,0.05866700038313866,0.0005706840893253684
983,-0.006399999838322401,0.0005705127259716392
984,0.05866700038313866,0.0005703739007003605
985,0.02346700057387352,0.0005699305911548436
986,0.03866700083017349,0.0005693958373740315
987,0.02346700057387352,0.0005690171965397894
988,0.03866700083017349,0.0005687471712008119
989,0.03359999880194664,0.0005683417548425496
990,0.0685340017080307,0.0005678543820977211
991,-0.0013330000219866633,0.0005672686966136098
992,0.03866700083017349,0.0005666902288794518
993,0.003467000089585781,0.0005660875467583537
994,0.04853399842977524,0.0005656190332956612
995,-0.03653400018811226,0.0005653699627146125
996,0.06373400241136551,0.00056507159024477
997,0.003467000089585781,0.0005647165235131979
998,0.028534000739455223,0.0005644845659844577
999,-0.011466999538242817,0.0005642412579618394
1000,0.06373400241136551,0.0005639136652462184
1001,-0.02160000056028366,0.0005633862456306815
1002,0.03866700083017349,0.0005628203507512808
1003,0.008533000014722347,0.000562356726732105
1004,0.03359999880194664,0.000561648397706449
1005,-0.006399999838322401,0.0005610747030004859
1006,0.028534000739455223,0.0005604843609035015
1007,0.01866699941456318,0.0005598876159638166
1008,0.01360000018030405,0.0005589511711150408
1009,-0.0013330000219866633,0.0005585485487245023
1010,0.07360100001096725,0.0005580892902798951
1011,0.01866699941456318,0.0005577536066994071
1012,0.06373400241136551,0.0005573833477683365
1013,0.01360000018030405,0.0005570936482399702
1014,0.0685340017080307,0.0005567293264903128
1015,0.003467000089585781,0.0005561637808568776
1016,0.06373400241136551,0.0005556105170398951
1017,0.003467000089585781,0.0005552947404794395
1018,0.07360100001096725,0.0005550585919991136
1019,-0.011466999538242817,0.0005550342611968517
1020,0.05360100045800209,0.0005548633635044098
1021,-0.02160000056028366,0.0005547640612348914
1022,0.043733999133110046,0.0005546020111069083
1023,-0.0013330000219866633,0.000554408528842032
1024,0.05360100045800209,0.000554280006326735
1025,-0.011466999538242817,0.0005543917650356889
1026,-0.0013330000219866633,0.0005543032311834395
1027,0.01360000018030405,0.0005542212165892124
1028,-0.0013330000219866633,0.0005541267455555499
1029,-0.03653400018811226,0.0005540703423321247
1030,0.05866700038313866,0.0005537513643503189
1031,0.008533000014722347,0.0005533599178306758
1032,0.003467000089585781,0.0005528712645173073
1033,0.01360000018030405,0.0005524605512619019
1034,0.03866700083017349,0.0005518004763871431
1035,-0.0013330000219866633,0.0005513062933459878
1036,0.04853399842977524,0.0005507815512828529
1037,-0.006399999838322401,0.0005504339933395386
1038,0.04853399842977524,0.0005501045961864293
1039,0.01360000018030405,0.0005497274687513709
1040,0.03359999880194664,0.0005493963253684342
1041,-0.03653400018811226,0.0005491597112268209
1042,0.043733999133110046,0.0005488366587087512
1043,-0.011466999538242817,0.000548516632989049
1044,0.06373400241136551,0.0005481521366164088
1045,0.003467000089585781,0.0005477374652400613
1046,0.05360100045800209,0.0005473364144563675
1047,0.003467000089585781,0.000546914292499423
1048,0.02346700057387352,0.0005464365240186453
1049,0.01866699941456318,0.0005461048567667603
1050,0.06373400241136551,0.0005458578234538436
1051,-0.011466999538242817,0.0005456043872982264
1052,0.05360100045800209,0.0005452628247439861
1053,0.003467000089585781,0.000544862006790936
1054,0.03866700083017349,0.000544597627595067
1055,-0.04160099849104881,0.0005443313275463879
1056,0.03866700083017349,0.0005442063556984067
1057,-0.006399999838322401,0.0005441077519208193
1058,0.05360100045800209,0.0005441583343781531
1059,-0.02160000056028366,0.0005441199755296111
1060,0.008533000014722347,0.000544210197404027
1061,-0.016534000635147095,0.0005441989633254707
1062,0.003467000089585781,0.0005442319670692086
1063,-0.05146700143814087,0.0005442845867946744
1064,0.028534000739455223,0.0005440030945464969
1065,-0.0013330000219866633,0.0005437210202217102
1066,0.06373400241136551,0.0005436836509034038
1067,-0.04666699841618538,0.0005435497732833028
1068,0.028534000739455223,0.0005432011093944311
1069,-0.016534000635147095,0.0005429373704828322
1070,0.03866700083017349,0.000542718917131424
1071,-0.031466998159885406,0.0005424505798146129
1072,0.028534000739455223,0.0005423678085207939
1073,-0.016534000635147095,0.0005421357927843928
1074,0.04853399842977524,0.0005422689719125628
1075,-0.016534000635147095,0.0005420364323072135
1076,0.03359999880194664,0.00054215919226408
1077,0.003467000089585781,0.0005419009830802679
1078,0.07360100001096725,0.000541890156455338
1079,0.028534000739455223,0.0005416751955635846
1080,0.05360100045800209,0.0005414579645730555
1081,-0.02160000056028366,0.0005412214086391032
1082,0.028534000739455223,0.0005411855527199805
1083,0.003467000089585781,0.0005412771133705974
1084,0.03359999880194664,0.0005413921317085624
1085,-0.0013330000219866633,0.0005413252511061728
1086,0.043733999133110046,0.0005413150647655129
1087,-0.02160000056028366,0.0005410258891060948
1088,0.05360100045800209,0.0005410314770415425
1089,-0.011466999538242817,0.0005411108722910285
1090,0.043733999133110046,0.0005414998158812523
1091,-0.011466999538242817,0.0005417617503553629
1092,0.06373400241136551,0.0005420403322204947
1093,-0.011466999538242817,0.0005422196118161082
1094,0.043733999133110046,0.0005422437097877264
1095,0.008533000014722347,0.0005421817768365145
1096,0.02346700057387352,0.0005422081449069083
1097,0.008533000014722347,0.000542151799891144
1098,0.05866700038313866,0.0005421293899416924
1099,-0.011466999538242817,0.0005420706002041698
1100,0.028534000739455223,0.0005420353263616562
1101,-0.04666699841618538,0.0005420984234660864
1102,0.02346700057387352,0.0005425803828984499
1103,-0.011466999538242817,0.0005429633893072605
1104,0.028534000739455223,0.0005434429040178657
1105,-0.0013330000219866633,0.0005438239313662052
1106,0.02346700057387352,0.0005444289417937398
1107,-0.031466998159885406,0.0005447837756946683
1108,0.03866700083017349,0.0005454347119666636
1109,-0.02160000056028366,0.0005458042724058032
1110,0.05866700038313866,0.0005461425171233714
1111,-0.0013330000219866633,0.0005465487483888865
1112,0.02346700057387352,0.0005468882736749947
1113,-0.006399999838322401,0.0005470374599099159
1114,0.01360000018030405,0.0005470647593028843
1115,-0.011466999538242817,0.0005470529431477189
1116,0.05866700038313866,0.0005471534677781165
1117,-0.026399999856948853,0.0005470673786476254
1118,0.05360100045800209,0.0005470090545713902
1119,-0.0013330000219866633,0.0005469195311889052
1120,0.03359999880194664,0.0005468723247759044
1121,-0.006399999838322401,0.000546573952306062
1122,0.01360000018030405,0.0005466942675411701
1123,-0.026399999856948853,0.0005468948511406779
1124,0.01866699941456318,0.0005469619645737112
1125,-0.016534000635147095,0.0005470719188451767
1126,0.043733999133110046,0.0005473506171256304
1127,-0.026399999856948853,0.0005472475895658135
1128,0.05866700038313866,0.0005471265176311135
1129,0.01360000018030405,0.0005467681330628693
1130,0.03359999880194664,0.0005463348934426904
1131,0.01360000018030405,0.0005458903033286333
1132,0.03866700083017349,0.0005454268539324403
1133,-0.02160000056028366,0.0005452486220747232
1134,-0.011466999538242817,0.0005447514704428613
1135,-0.006399999838322401,0.0005444324342533946
1136,0.03359999880194664,0.0005441399989649653
1137,-0.031466998159885406,0.0005437412764877081
1138,0.03866700083017349,0.0005433425540104508
1139,-0.0013330000219866633,0.0005427538999356329
1140,0.043733999133110046,0.0005420439993031323
1141,0.01360000018030405,0.0005413603503257036
1142,0.03866700083017349,0.0005405041156336665
1143,0.003467000089585781,0.0005397177301347256
1144,0.01866699941456318,0.0005389108555391431
1145,-0.016534000635147095,0.0005382999661378562
1146,0.028534000739455223,0.0005378001369535923
1147,-0.0013330000219866633,0.0005374140455387533
1148,0.05360100045800209,0.0005369728896766901
1149,0.008533000014722347,0.0005363500094972551
1150,0.01866699941456318,0.0005356983747333288
1151,-0.0013330000219866633,0.0005350466235540807
1152,0.028534000739455223,0.0005342897493392229
1153,-0.016534000635147095,0.0005336095346137881
1154,0.01866699941456318,0.0005330389831215143
1155,-0.026399999856948853,0.0005325960228219628
1156,0.01360000018030405,0.0005323262303136289
1157,-0.011466999538242817,0.0005320592317730188
1158,0.028534000739455223,0.0005318070179782808
1159,-0.02160000056028366,0.0005314831505529583
1160,0.01360000018030405,0.0005310733104124665
1161,-0.0013330000219866633,0.0005304475198499858
1162,0.02346700057387352,0.0005299138720147312
1163,-0.0013330000219866633,0.000529402052052319
1164,0.03866700083017349,0.0005286714294925332
1165,-0.011466999538242817,0.0005279483739286661
1166,0.03359999880194664,0.0005274621653370559
1167,-0.011466999538242817,0.0005271797417663038
1168,0.01360000018030405,0.0005269652465358377
1169,0.003467000089585781,0.0005267353262752295
1170,0.03359999880194664,0.0005265673389658332
1171,-0.011466999538242817,0.0005263783968985081
1172,0.03866700083017349,0.000526352901943028
1173,-0.011466999538242817,0.0005261226324364543
1174,0.01360000018030405,0.0005258510354906321
1175,-0.011466999538242817,0.0005255892174318433
1176,0.02346700057387352,0.0005256722797639668
1177,-0.016534000635147095,0.0005256459699012339
1178,0.003467000089585781,0.0005256810691207647
1179,-0.026399999856948853,0.000525603536516428
1180,0.028534000739455223,0.0005255591822788119
1181,0.003467000089585781,0.0005254290881566703
1182,0.04853399842977524,0.0005253369454294443
1183,0.008533000014722347,0.0005254490533843637
1184,0.06373400241136551,0.0005254771676845849
1185,-0.0013330000219866633,0.0005257177399471402
1186,0.028534000739455223,0.0005259842146188021
1187,-0.026399999856948853,0.0005265086656436324
1188,0.03866700083017349,0.0005271673435345292
1189,0.01360000018030405,0.0005278402240946889
1190,0.028534000739455223,0.0005285051884129643
1191,0.008533000014722347,0.0005290285334922373
1192,0.07866799831390381,0.0005294978618621826
1193,0.01360000018030405,0.0005299791810102761
1194,0.003467000089585781,0.0005304724909365177
1195,0.003467000089585781,0.0005308448453433812
1196,0.04853399842977524,0.0005312177818268538
1197,0.01360000018030405,0.0005314904847182333
1198,0.07360100001096725,0.0005317282630130649
1199,0.01360000018030405,0.0005322201759554446
1200,0.0685340017080307,0.0005327343242242932
1201,0.01360000018030405,0.0005329385749064386
1202,0.028534000739455223,0.000532948412001133
1203,0.003467000089585781,0.0005329020204953849
1204,0.03359999880194664,0.0005329170962795615
1205,0.01360000018030405,0.0005333353765308857
1206,0.01360000018030405,0.0005337299080565572
1207,-0.02160000056028366,0.0005339078488759696
1208,0.02346700057387352,0.000534112099558115
1209,-0.016534000635147095,0.0005342637887224555
1210,0.05360100045800209,0.0005344063974916935
1211,0.008533000014722347,0.0005346965626813471
1212,0.07360100001096725,0.0005349870771169662
1213,-0.0013330000219866633,0.0005352308508008718
1214,0.028534000739455223,0.0005354454624466598
1215,0.01360000018030405,0.0005357713089324534
1216,0.003467000089585781,0.0005361279472708702
1217,-0.0013330000219866633,0.0005365735269151628
1218,0.028534000739455223,0.0005368434358388186
1219,-0.026399999856948853,0.0005369874997995794
1220,0.02346700057387352,0.0005373477470129728
1221,-0.0013330000219866633,0.0005375193431973457
1222,0.028534000739455223,0.0005377095658332109
1223,0.04853399842977524,0.0005379855865612626
1224,0.05866700038313866,0.0005382167873904109
1225,-0.006399999838322401,0.000538694323040545
1226,0.03866700083017349,0.0005390312289819121
1227,-0.026399999856948853,0.0005393720930442214
1228,0.04853399842977524,0.000539624597877264
1229,0.01360000018030405,0.0005399839719757438
1230,0.028534000739455223,0.0005403498653322458
1231,-0.0013330000219866633,0.0005407595308497548
1232,0.03359999880194664,0.0005411091260612011
1233,0.01866699941456318,0.000541549816261977
1234,0.028534000739455223,0.0005420147790573537
1235,0.003467000089585781,0.000542519788723439
1236,0.05360100045800209,0.0005427800351753831
1237,-0.0013330000219866633,0.0005431760801002383
1238,0.04853399842977524,0.0005435838829725981
1239,-0.031466998159885406,0.0005442358669824898
1240,0.04853399842977524,0.0005447692237794399
1241,0.02346700057387352,0.0005458079976961017
1242,0.01360000018030405,0.0005469018360599875
1243,0.01360000018030405,0.0005477314116433263
1244,0.028534000739455223,0.0005485713481903076
1245,-0.02160000056028366,0.0005495288060046732
1246,0.03359999880194664,0.0005502545973286033
1247,0.01866699941456318,0.0005512083880603313
1248,0.03866700083017349,0.0005520511767826974
1249,-0.03653400018811226,0.0005530468188226223
1250,0.008533000014722347,0.0005537457182072103
1251,-0.0013330000219866633,0.0005544050363823771
1252,0.03359999880194664,0.0005551351932808757
1253,-0.026399999856948853,0.0005559814162552357
1254,0.02346700057387352,0.0005566831678152084
1255,-0.0013330000219866633,0.0005572111112996936
1256,0.0685340017080307,0.0005578065756708384
1257,-0.006399999838322401,0.0005585947073996067
1258,0.028534000739455223,0.0005593047244474292
1259,0.003467000089585781,0.0005599978612735868
1260,0.06373400241136551,0.0005606419872492552
1261,-0.0013330000219866633,0.0005614460678771138
1262,0.028534000739455223,0.00056202441919595
1263,0.02346700057387352,0.0005626344354823232
1264,0.05360100045800209,0.0005631755338981748
1265,0.01360000018030405,0.0005636570858769119
1266,0.02346700057387352,0.000564161513466388
1267,-0.011466999538242817,0.0005647558718919754
1268,0.01360000018030405,0.0005652467953041196
1269,-0.011466999538242817,0.0005657902220264077
1270,0.04853399842977524,0.0005661299801431596
1271,-0.011466999538242817,0.0005667638033628464
1272,0.03359999880194664,0.00056741654407233
1273,0.01360000018030405,0.0005681586335413158
1274,0.02346700057387352,0.0005688040982931852
1275,-0.03653400018811226,0.0005693283164873719
1276,0.05360100045800209,0.0005698100430890918
1277,0.028534000739455223,0.0005703048664145172
1278,0.03866700083017349,0.0005707957316190004
1279,0.003467000089585781,0.0005713827558793128
1280,0.04853399842977524,0.0005718733882531524
1281,-0.0013330000219866633,0.0005725236842408776
1282,-0.0013330000219866633,0.0005731532583013177
1283,-0.0013330000219866633,0.0005737692699767649
1284,0.01866699941456318,0.0005744993104599416
1285,0.003467000089585781,0.0005749905249103904
1286,-0.011466999538242817,0.00057555316016078
1287,0.003467000089585781,0.0005759772611781955
1288,0.05360100045800209,0.0005764794768765569
1289,0.003467000089585781,0.0005769362905994058
1290,0.028534000739455223,0.0005773787852376699
1291,-0.02160000056028366,0.000577833503484726
1292,0.02346700057387352,0.0005781293730251491
1293,0.008533000014722347,0.0005783629603683949
1294,0.06373400241136551,0.0005786191904917359
1295,0.02346700057387352,0.0005792444571852684
1296,0.03866700083017349,0.0005799178034067154
1297,-0.026399999856948853,0.0005803816602565348
1298,0.01360000018030405,0.0005808499408885837
1299,-0.026399999856948853,0.0005814265459775925
1300,0.06373400241136551,0.0005816681077703834
1301,-0.0013330000219866633,0.0005823241081088781
1302,0.01866699941456318,0.0005827451823279262
1303,-0.016534000635147095,0.0005830915761180222
1304,0.06373400241136551,0.0005833624163642526
1305,-0.0013330000219866633,0.0005836047930642962
1306,0.04853399842977524,0.0005836299387738109
1307,-0.0013330000219866633,0.0005836044438183308
1308,0.03866700083017349,0.0005836114287376404
1309,0.028534000739455223,0.0005838862271048129
1310,0.03359999880194664,0.000584121560677886
1311,-0.02160000056028366,0.0005845011328347027
1312,0.03359999880194664,0.0005848623113706708
1313,-0.04160099849104881,0.0005851165624335408
1314,0.028534000739455223,0.0005851088790223002
1315,0.003467000089585781,0.0005851819878444076
1316,0.05360100045800209,0.0005854140617884696
1317,-0.0013330000219866633,0.0005855443887412548
1318,0.028534000739455223,0.0005858201766386628
1319,-0.02160000056028366,0.00058608443941921
1320,0.03866700083017349,0.0005864935810677707
1321,0.01866699941456318,0.0005869033047929406
1322,0.01866699941456318,0.0005869673332199454
1323,0.01360000018030405,0.0005870223394595087
1324,0.0685340017080307,0.0005872884066775441
1325,0.01360000018030405,0.0005875102942809463
1326,0.028534000739455223,0.0005879236850887537
1327,0.01866699941456318,0.0005881112301722169
1328,0.01360000018030405,0.0005883580888621509
1329,0.01360000018030405,0.0005883333506062627
1330,0.028534000739455223,0.0005883758421987295
1331,-0.0013330000219866633,0.000588475726544857
1332,0.03866700083017349,0.0005883648991584778
1333,-0.011466999538242817,0.0005885321879759431
1334,0.028534000739455223,0.0005885943537577987
1335,-0.0013330000219866633,0.0005887843435630202
1336,0.028534000739455223,0.0005889222957193851
1337,-0.011466999538242817,0.0005891166510991752
1338,0.03866700083017349,0.0005892286426387727
1339,0.01360000018030405,0.0005894823116250336
1340,0.01360000018030405,0.0005896618240512908
1341,-0.006399999838322401,0.0005897840019315481
1342,-0.0013330000219866633,0.000589947565458715
1343,0.003467000089585781,0.0005900865653529763
1344,0.028534000739455223,0.0005900959949940443
1345,0.01360000018030405,0.0005900271935388446
1346,0.028534000739455223,0.0005899415700696409
1347,0.02346700057387352,0.0005901408148929477
1348,0.04853399842977524,0.0005902285920456052
1349,-0.02160000056028366,0.0005904269055463374
1350,0.03359999880194664,0.0005907037411816418
1351,0.003467000089585781,0.0005911784828640521
1352,0.028534000739455223,0.0005914170760661364
1353,0.01360000018030405,0.0005918320966884494
1354,0.05866700038313866,0.0005921475822106004
1355,0.028534000739455223,0.0005927033489570022
1356,0.03359999880194664,0.0005931469495408237
1357,-0.011466999538242817,0.0005936756497249007
1358,0.03866700083017349,0.0005942198913544416
1359,-0.011466999538242817,0.0005950535414740443
1360,0.003467000089585781,0.0005951302591711283
1361,-0.006399999838322401,0.0005956063396297395
1362,0.05866700038313866,0.0005956991808488965
1363,-0.04666699841618538,0.0005962236900813878
1364,0.02346700057387352,0.0005962809664197266
1365,-0.02160000056028366,0.0005966712487861514
1366,0.043733999133110046,0.0005969118792563677
1367,-0.0013330000219866633,0.0005970550701022148
1368,0.05866700038313866,0.0005970530910417438
1369,-0.02160000056028366,0.0005972294020466506
1370,0.05360100045800209,0.0005972741637378931
1371,0.003467000089585781,0.0005975540261715651
1372,0.028534000739455223,0.0005977260880172253
1373,0.003467000089585781,0.0005981689319014549
1374,0.028534000739455223,0.0005986249889247119
1375,-0.02160000056028366,0.0005988935008645058
1376,0.04853399842977524,0.0005989107303321362
1377,0.03866700083017349,0.0005991713260300457
1378,0.06373400241136551,0.0005991460056975484
1379,0.01360000018030405,0.0005991093930788338
1380,0.05360100045800209,0.0005991196376271546
1381,0.02346700057387352,0.0005993720842525363
1382,0.06373400241136551,0.0005992682999931276
1383,0.003467000089585781,0.0005993886152282357
1384,0.04853399842977524,0.0005993407685309649
1385,-0.0013330000219866633,0.0005996697000227869
1386,0.03866700083017349,0.0006000432185828686
1387,0.01360000018030405,0.0006004932802170515
1388,0.05360100045800209,0.0006006744224578142
1389,0.003467000089585781,0.000601043226197362
1390,0.02346700057387352,0.0006016077240929008
1391,0.01360000018030405,0.0006022184388712049
1392,0.04853399842977524,0.0006028346251696348
1393,-0.011466999538242817,0.0006036920822225511
1394,0.043733999133110046,0.0006045374320819974
1395,-0.006399999838322401,0.0006055987905710936
1396,0.04853399842977524,0.0006065889028832316
1397,0.01360000018030405,0.0006077195284888148
1398,0.03359999880194664,0.0006088505033403635
1399,0.01360000018030405,0.0006100613973103464
1400,0.06373400241136551,0.000611373339779675
1401,-0.006399999838322401,0.0006127403466962278
1402,0.02346700057387352,0.0006138890748843551
1403,-0.011466999538242817,0.0006150535773485899
1404,0.05866700038313866,0.0006161819910630584
1405,-0.02160000056028366,0.0006173296133056283
1406,0.03866700083017349,0.0006182651268318295
1407,0.003467000089585781,0.0006192355649545789
1408,0.04853399842977524,0.0006203632801771164
1409,-0.006399999838322401,0.0006213834858499467
1410,0.02346700057387352,0.0006224188255146146
1411,-0.02160000056028366,0.0006235630717128515
1412,0.043733999133110046,0.0006244723917916417
1413,0.01360000018030405,0.0006252826424315572
1414,0.01866699941456318,0.0006261487724259496
1415,0.01360000018030405,0.0006269338773563504
1416,-0.006399999838322401,0.0006278193322941661
1417,0.01360000018030405,0.0006285880808718503
1418,0.043733999133110046,0.0006292537436820567
1419,-0.02160000056028366,0.0006298793596215546
1420,0.05360100045800209,0.0006304618436843157
1421,0.01360000018030405,0.0006311072502285242
1422,0.05360100045800209,0.0006317399092949927
1423,0.01360000018030405,0.0006322824046947062
1424,0.04853399842977524,0.0006327659939415753
1425,0.003467000089585781,0.000633226940408349
1426,0.05360100045800209,0.0006338343373499811
1427,0.028534000739455223,0.0006343966815620661
1428,0.06373400241136551,0.0006347954622469842
1429,-0.016534000635147095,0.000635374803096056
1430,0.028534000739455223,0.0006361439591273665
1431,-0.0013330000219866633,0.0006370029877871275
1432,0.06373400241136551,0.0006378338439390063
1433,-0.0013330000219866633,0.0006386904278770089
1434,0.028534000739455223,0.0006394993397407234
1435,-0.006399999838322401,0.0006402208819054067
1436,0.003467000089585781,0.0006409130874089897
1437,0.01360000018030405,0.0006416138494387269
1438,0.03866700083017349,0.0006422437145374715
1439,0.02346700057387352,0.0006428260821849108
1440,0.04853399842977524,0.0006433059461414814
1441,0.02346700057387352,0.0006438241107389331
1442,0.003467000089585781,0.0006443297024816275
1443,0.01360000018030405,0.0006444358732551336
1444,0.028534000739455223,0.0006444907048717141
1445,-0.016534000635147095,0.0006445244653150439
1446,0.06373400241136551,0.000644595013000071
1447,0.003467000089585781,0.0006448685890063643
1448,0.05866700038313866,0.0006452503148466349
1449,-0.011466999538242817,0.0006456061382777989
1450,0.05360100045800209,0.0006459034630097449
1451,-0.011466999538242817,0.0006465600454248488
1452,0.04853399842977524,0.0006470706430263817
1453,-0.006399999838322401,0.0006480240845121443
1454,0.043733999133110046,0.0006488885846920311
1455,-0.011466999538242817,0.0006498319562524557
1456,0.08373399823904037,0.0006503473268821836
1457,-0.03653400018811226,0.0006511055980809033
1458,0.04853399842977524,0.0006514948327094316
1459,0.028534000739455223,0.0006519510643556714
1460,0.05360100045800209,0.0006523027550429106
1461,0.03359999880194664,0.0006527614314109087
1462,0.06373400241136551,0.0006532343104481697
1463,0.003467000089585781,0.0006536333821713924
1464,0.01360000018030405,0.0006542306509800255
1465,-0.016534000635147095,0.000654750328976661
1466,0.028534000739455223,0.0006555620348080993
1467,0.008533000014722347,0.0006561111658811569
1468,0.06373400241136551,0.0006566151278093457
1469,-0.02160000056028366,0.000657007098197937
1470,0.05360100045800209,0.0006573224090971053
1471,0.003467000089585781,0.0006575302686542273
1472,0.05866700038313866,0.0006578228203579783
1473,-0.0013330000219866633,0.0006579274777323008
1474,0.028534000739455223,0.0006581610650755465
1475,0.003467000089585781,0.0006582385394722223
1476,0.0685340017080307,0.000658406934235245
1477,0.003467000089585781,0.0006583689828403294
1478,0.03866700083017349,0.00065854680724442
1479,0.01866699941456318,0.0006585931405425072
1480,0.06373400241136551,0.0006586837116628885
1481,-0.011466999538242817,0.00065863091731444
1482,0.01360000018030405,0.0006585107767023146
1483,0.01360000018030405,0.000658287899568677
1484,0.08880099654197693,0.000658168108202517
1485,0.03866700083017349,0.0006577738095074892
1486,0.05360100045800209,0.0006574918515980244
1487,0.003467000089585781,0.0006571362027898431
1488,0.04853399842977524,0.0006568422541022301
1489,0.01360000018030405,0.0006566020892933011
1490,0.043733999133110046,0.0006564930663444102
1491,0.003467000089585781,0.0006563413189724088
1492,0.043733999133110046,0.00065618846565485
1493,-0.016534000635147095,0.0006558625027537346
1494,0.003467000089585781,0.0006555466679856181
1495,0.03866700083017349,0.0006550309481099248
1496,0.043733999133110046,0.0006546744843944907
1497,-0.006399999838322401,0.0006540225585922599
1498,0.07866799831390381,0.0006535672582685947
1499,0.03866700083017349,0.000653195078484714
1500,0.07866799831390381,0.0006526585202664137
1501,0.01360000018030405,0.0006517839501611888
1502,0.04853399842977524,0.0006513200933113694
1503,-0.02160000056028366,0.0006506216595880687
1504,0.028534000739455223,0.000649786670692265
1505,-0.0013330000219866633,0.0006489066872745752
1506,0.02346700057387352,0.0006483112229034305
1507,-0.02160000056028366,0.0006476520793512464
1508,0.028534000739455223,0.00064703484531492
1509,-0.026399999856948853,0.0006464588223025203
1510,0.03866700083017349,0.0006459609139710665
1511,-0.026399999856948853,0.0006455595139414072
1512,0.01866699941456318,0.0006452371017076075
1513,0.003467000089585781,0.0006448812782764435
1514,0.043733999133110046,0.0006445442559197545
1515,0.028534000739455223,0.0006441433215513825
1516,0.06373400241136551,0.0006438000127673149
1517,-0.0013330000219866633,0.0006433279486373067
1518,0.04853399842977524,0.0006430567009374499
1519,-0.0013330000219866633,0.0006427562329918146
1520,0.028534000739455223,0.0006424590246751904
1521,0.003467000089585781,0.0006420753197744489
1522,0.03359999880194664,0.0006416356191039085
1523,-0.02160000056028366,0.000641245860606432
1524,0.02346700057387352,0.0006409927736967802
1525,-0.0013330000219866633,0.0006408155313692987
1526,0.03866700083017349,0.000640619546175003
1527,0.028534000739455223,0.0006405477179214358
1528,0.03866700083017349,0.0006403502775356174
1529,-0.02160000056028366,0.0006401125574484468
1530,0.04853399842977524,0.0006397998076863587
1531,0.008533000014722347,0.000639498932287097
1532,0.05360100045800209,0.0006393672083504498
1533,0.01360000018030405,0.0006392084760591388
1534,0.07866799831390381,0.0006390722119249403
1535,-0.0013330000219866633,0.0006388339097611606
1536,0.04853399842977524,0.0006385870510712266
1537,-0.011466999538242817,0.000638200668618083
1538,0.03866700083017349,0.0006380777340382338
1539,-0.02160000056028366,0.0006381786079145968
1540,0.03359999880194664,0.0006380866980180144
1541,-0.02160000056028366,0.000638303579762578
1542,0.04853399842977524,0.0006382666761055589
1543,-0.026399999856948853,0.0006385379238054156
1544,0.028534000739455223,0.0006385189481079578
1545,-0.026399999856948853,0.0006386005552485585
1546,0.02346700057387352,0.0006386729655787349
1547,0.01360000018030405,0.0006387482862919569
1548,0.03866700083017349,0.0006389765767380595
1549,-0.04666699841618538,0.0006394030060619116
1550,0.01360000018030405,0.0006396214012056589
1551,-0.03653400018811226,0.0006397061515599489
1552,0.028534000739455223,0.0006397408433258533
1553,-0.0013330000219866633,0.0006398294353857636
1554,0.01360000018030405,0.0006400479469448328
1555,-0.016534000635147095,0.0006402075523510575
1556,0.02346700057387352,0.000640481011942029
1557,-0.0013330000219866633,0.0006405859021469951
1558,0.008533000014722347,0.0006408581393770874
1559,-0.011466999538242817,0.0006411747308447957
1560,0.03866700083017349,0.0006415331736207008
1561,-0.011466999538242817,0.0006419348064810038
1562,0.03866700083017349,0.0006423444719985127
1563,0.003467000089585781,0.0006428150227293372
1564,0.04853399842977524,0.0006434081587940454
1565,-0.011466999538242817,0.0006438427371904254
1566,0.02346700057387352,0.0006443604361265898
1567,-0.016534000635147095,0.0006447549676522613
1568,0.03866700083017349,0.0006450044456869364
1569,0.01866699941456318,0.0006453430978581309
1570,0.07360100001096725,0.0006461357115767896
1571,-0.0013330000219866633,0.000646972912363708
1572,0.008533000014722347,0.0006474638357758522
1573,0.028534000739455223,0.0006482114549726248
1574,0.07866799831390381,0.0006488979561254382
1575,0.003467000089585781,0.0006497770082205534
1576,0.03866700083017349,0.0006506193312816322
1577,-0.0013330000219866633,0.0006515028653666377
1578,0.003467000089585781,0.0006523944903165102
1579,0.008533000014722347,0.0006536194123327732
1580,0.05866700038313866,0.0006546888034790754
1581,-0.03653400018811226,0.0006560180336236954
1582,0.04853399842977524,0.0006568318931385875
1583,-0.03653400018811226,0.000658078002743423
1584,0.028534000739455223,0.000658933655358851
1585,-0.03653400018811226,0.0006601216155104339
1586,0.028534000739455223,0.0006608115509152412
1587,-0.011466999538242817,0.0006615613820031285
1588,0.028534000739455223,0.0006622625514864922
1589,-0.006399999838322401,0.0006630300777032971
1590,0.028534000739455223,0.0006638604681938887
1591,-0.0013330000219866633,0.0006645804969593883
1592,0.028534000739455223,0.0006656899349763989
1593,0.003467000089585781,0.0006667171837761998
1594,0.02346700057387352,0.0006675735348835588
1595,0.01360000018030405,0.0006682752282358706
1596,0.0685340017080307,0.0006690147565677762
1597,0.01866699941456318,0.0006697527132928371
1598,0.05360100045800209,0.0006704271072521806
1599,-0.02160000056028366,0.0006712404428981245
1600,0.03866700083017349,0.0006717864889651537
1601,0.01866699941456318,0.0006723406258970499
1602,0.04853399842977524,0.000673208327498287
1603,-0.0013330000219866633,0.000673899834509939
1604,0.02346700057387352,0.0006744630518369377
1605,-0.006399999838322401,0.0006750092143192887
1606,0.03866700083017349,0.0006755186477676034
1607,-0.0013330000219866633,0.000675846473313868
1608,0.02346700057387352,0.000676145136822015
1609,0.01866699941456318,0.0006763265701010823
1610,0.03866700083017349,0.0006769127212464809
1611,-0.016534000635147095,0.000677335774526
1612,0.028534000739455223,0.0006776407826691866
1613,-0.006399999838322401,0.0006777837406843901
1614,0.043733999133110046,0.000677912961691618
1615,-0.011466999538242817,0.0006777666276320815
1616,0.04853399842977524,0.0006780292023904622
1617,0.008533000014722347,0.0006780832773074508
1618,0.05360100045800209,0.0006782325217500329
1619,-0.011466999538242817,0.0006781531265005469
1620,0.06373400241136551,0.0006784413708373904
1621,0.01360000018030405,0.0006787705351598561
1622,0.01360000018030405,0.0006793510401621461
1623,-0.0013330000219866633,0.0006799314869567752
1624,0.01360000018030405,0.0006808543694205582
1625,0.008533000014722347,0.0006817965186201036
1626,0.05360100045800209,0.000682801241055131
1627,0.003467000089585781,0.0006837677792645991
1628,0.06373400241136551,0.0006847080076113343
1629,-0.02160000056028366,0.0006854590028524399
1630,0.028534000739455223,0.0006860751891508698
1631,-0.011466999538242817,0.0006869481294415891
1632,0.01360000018030405,0.0006878748536109924
1633,0.003467000089585781,0.0006885839393362403
1634,0.01360000018030405,0.0006896567647345364
1635,-0.02160000056028366,0.0006908475188538432
1636,0.003467000089585781,0.0006923811160959303
1637,0.003467000089585781,0.0006935263518244028
1638,0.03359999880194664,0.0006946908542886376
1639,-0.006399999838322401,0.0006957272998988628
1640,0.05866700038313866,0.0006967565277591348
1641,0.04853399842977524,0.0006977114826440811
1642,0.01360000018030405,0.0006987668457441032
1643,-0.011466999538242817,0.0006997197633609176
1644,0.02346700057387352,0.0007007807143963873
1645,0.003467000089585781,0.0007014933507889509
1646,0.003467000089585781,0.0007022300851531327
1647,0.008533000014722347,0.0007026552921161056
1648,0.01360000018030405,0.000703302095644176
1649,0.02346700057387352,0.0007038831827230752
1650,-0.0013330000219866633,0.0007050751009956002
1651,0.003467000089585781,0.0007063266821205616
1652,0.02346700057387352,0.0007075796602293849
1653,-0.026399999856948853,0.0007086781552061439
1654,0.028534000739455223,0.0007094302563928068
1655,0.02346700057387352,0.0007099935319274664
1656,0.02346700057387352,0.0007106497068889439
1657,-0.016534000635147095,0.0007115118205547333
1658,0.028534000739455223,0.0007123544928617775
1659,0.003467000089585781,0.0007129794685170054
1660,0.01360000018030405,0.000713581102900207
1661,0.01360000018030405,0.0007143401307985187
1662,0.04853399842977524,0.0007152078323997557
1663,0.02346700057387352,0.0007160449167713523
1664,0.03866700083017349,0.0007172459736466408
1665,-0.0013330000219866633,0.0007187959272414446
1666,0.01360000018030405,0.000720046111382544
1667,0.003467000089585781,0.0007211635238490999
1668,0.06373400241136551,0.000722524942830205
1669,-0.0013330000219866633,0.0007240183185786009
1670,0.03866700083017349,0.000725365593098104
1671,-0.016534000635147095,0.0007268196204677224
1672,0.05866700038313866,0.0007279611891135573
1673,0.01360000018030405,0.0007294503739103675
1674,0.028534000739455223,0.0007309572538360953
1675,-0.026399999856948853,0.0007326207705773413
1676,0.028534000739455223,0.0007338594296015799
1677,-0.0013330000219866633,0.0007351494859904051
1678,0.04853399842977524,0.0007362754549831152
1679,-0.016534000635147095,0.0007376959547400475
1680,0.02346700057387352,0.0007388127269223332
1681,-0.0013330000219866633,0.0007401297334581614
1682,0.07866799831390381,0.0007414283463731408
1683,-0.031466998159885406,0.0007428544340655208
1684,0.03866700083017349,0.0007437565946020186
1685,0.01360000018030405,0.0007448322721756995
1686,0.03866700083017349,0.0007456930470652878
1687,0.003467000089585781,0.0007464052177965641
1688,0.02346700057387352,0.0007471496355719864
1689,-0.02160000056028366,0.0007479182677343488
1690,0.05360100045800209,0.000748642545659095
1691,-0.0013330000219866633,0.0007496218895539641
1692,0.028534000739455223,0.0007506327237933874
1693,0.008533000014722347,0.000751703919377178
1694,0.01360000018030405,0.0007528475252911448
1695,-0.0013330000219866633,0.0007539305370301008
1696,0.03359999880194664,0.0007549605797976255
1697,0.003467000089585781,0.000756001565605402
1698,0.04853399842977524,0.0007569013396278024
1699,-0.02160000056028366,0.0007581259706057608
1700,0.028534000739455223,0.0007591695757582784
1701,0.01866699941456318,0.0007602524128742516
1702,0.05360100045800209,0.0007612271001562476
1703,0.02346700057387352,0.0007621418917551637
1704,0.03866700083017349,0.0007630689069628716
1705,-0.0013330000219866633,0.0007638558745384216
1706,0.003467000089585781,0.000764791329856962
1707,-0.031466998159885406,0.000765441101975739
1708,0.01866699941456318,0.0007662050775252283
1709,0.003467000089585781,0.0007667087484151125
1710,0.03866700083017349,0.0007671851199120283
1711,0.01866699941456318,0.0007674784865230322
1712,0.05866700038313866,0.000768079305998981
1713,-0.011466999538242817,0.000768774189054966
1714,0.04853399842977524,0.0007695495150983334
1715,0.01360000018030405,0.0007703258888795972
1716,0.05866700038313866,0.0007711026119068265
1717,-0.006399999838322401,0.0007718486012890935
1718,0.05866700038313866,0.0007726227049715817
1719,-0.016534000635147095,0.0007738294079899788
1720,0.028534000739455223,0.000774629064835608
1721,0.003467000089585781,0.000775575521402061
1722,0.06373400241136551,0.0007764034671708941
1723,0.003467000089585781,0.0007776176789775491
1724,0.028534000739455223,0.0007787831127643585
1725,-0.0013330000219866633,0.0007800952298566699
1726,0.05360100045800209,0.0007813050178810954
1727,-0.016534000635147095,0.0007828021189197898
1728,0.04853399842977524,0.0007842336199246347
1729,-0.011466999538242817,0.0007859353790991008
1730,0.043733999133110046,0.0007874932489357889
1731,-0.011466999538242817,0.0007892213761806488
1732,0.06373400241136551,0.000790940597653389
1733,-0.03653400018811226,0.0007930148858577013
1734,0.03866700083017349,0.0007948869606480002
1735,-0.016534000635147095,0.0007968157297000289
1736,0.05360100045800209,0.0007985247648321092
1737,0.028534000739455223,0.0008002875256352127
1738,0.03866700083017349,0.0008023971458896995
1739,-0.011466999538242817,0.000804644136223942
1740,0.04853399842977524,0.0008070323383435607
1741,-0.026399999856948853,0.0008098195539787412
1742,0.02346700057387352,0.0008123015286400914
1743,-0.026399999856948853,0.0008148393826559186
1744,0.01866699941456318,0.0008174750255420804
1745,-0.006399999838322401,0.0008200556039810181
1746,0.028534000739455223,0.0008226485806517303
1747,-0.006399999838322401,0.0008252275874838233
1748,0.043733999133110046,0.0008277333108708262
1749,-0.011466999538242817,0.0008302854839712381
1750,0.05360100045800209,0.0008328764233738184
1751,-0.011466999538242817,0.0008354459423571825
1752,0.06373400241136551,0.00083795131649822
1753,-0.0013330000219866633,0.0008407441200688481
1754,0.01866699941456318,0.0008432306349277496
1755,-0.011466999538242817,0.0008458673255518079
1756,0.03359999880194664,0.0008486018050462008
1757,-0.031466998159885406,0.0008516658563166857
1758,0.028534000739455223,0.0008543806616216898
1759,0.01866699941456318,0.0008571406942792237
1760,0.03866700083017349,0.0008602808229625225
1761,-0.02160000056028366,0.0008632554090581834
1762,0.06373400241136551,0.0008660809835419059
1763,-0.006399999838322401,0.0008691355469636619
1764,0.07360100001096725,0.0008724313229322433
1765,-0.016534000635147095,0.0008755632443353534
1766,0.05360100045800209,0.0008784816600382328
1767,-0.011466999538242817,0.0008813649183139205
1768,0.03359999880194664,0.0008841360686346889
1769,0.01866699941456318,0.0008867421420291066
1770,0.04853399842977524,0.0008893840713426471
1771,0.043733999133110046,0.0008919956162571907
1772,0.05360100045800209,0.0008945539593696594
1773,0.003467000089585781,0.0008971163770183921
1774,0.05360100045800209,0.0008999403798952699
1775,0.01360000018030405,0.0009023946477100253
1776,0.028534000739455223,0.0009050957742147148
1777,-0.016534000635147095,0.0009078541770577431
1778,0.01866699941456318,0.0009105546632781625
1779,-0.0013330000219866633,0.0009130871621891856
1780,0.028534000739455223,0.000915605342015624
1781,-0.006399999838322401,0.0009181842324323952
1782,-0.016534000635147095,0.0009204355301335454
1783,-0.0013330000219866633,0.000922290375456214
1784,0.043733999133110046,0.0009242373635061085
1785,-0.011466999538242817,0.0009261527447961271
1786,0.05866700038313866,0.0009279869846068323
1787,0.01360000018030405,0.0009298563818447292
1788,0.06373400241136551,0.0009314880589954555
1789,0.028534000739455223,0.0009330944158136845
1790,0.05360100045800209,0.0009348655003122985
1791,-0.011466999538242817,0.0009369214531034231
1792,0.028534000739455223,0.0009389425977133214
1793,-0.03653400018811226,0.000940783997066319
1794,-0.0013330000219866633,0.0009423809824511409
1795,0.003467000089585781,0.0009435000829398632
1796,0.03866700083017349,0.0009446445619687438
1797,-0.006399999838322401,0.0009455560357309878
1798,0.03866700083017349,0.0009465409675613046
1799,0.008533000014722347,0.0009474059334024787
1800,0.08373399823904037,0.0009485429618507624
1801,-0.0013330000219866633,0.0009495366248302162
1802,0.07360100001096725,0.0009505498455837369
1803,0.02346700057387352,0.0009517380967736244
1804,0.028534000739455223,0.0009529729722999036
1805,-0.006399999838322401,0.0009539423044770956
1806,0.01866699941456318,0.0009553182171657681
1807,-0.031466998159885406,0.0009565530344843864
1808,0.02346700057387352,0.0009575535077601671
1809,-0.02160000056028366,0.0009585391962900758
1810,0.01360000018030405,0.0009592039859853685
1811,0.003467000089585781,0.0009597525931894779
1812,0.06373400241136551,0.0009603174985386431
1813,0.028534000739455223,0.0009607583051547408
1814,0.06373400241136551,0.0009612430585548282
1815,-0.006399999838322401,0.0009618409676477313
1816,0.04853399842977524,0.0009624144295230508
1817,-0.02160000056028366,0.0009630905697122216
1818,0.03359999880194664,0.0009639391209930182
1819,-0.016534000635147095,0.0009646911057643592
1820,0.01360000018030405,0.0009655148023739457
1821,-0.0013330000219866633,0.0009661581134423614
1822,-0.0013330000219866633,0.000966593564953655
1823,0.003467000089585781,0.0009670685394667089
1824,0.01360000018030405,0.0009680217481218278
1825,-0.011466999538242817,0.0009688196005299687
1826,-0.016534000635147095,0.0009691800223663449
1827,0.02346700057387352,0.0009692809544503689
1828,0.06373400241136551,0.0009695286280475557
1829,0.05360100045800209,0.0009697134373709559
1830,0.04853399842977524,0.0009698758367449045
1831,-0.006399999838322401,0.0009698601206764579
1832,0.05866700038313866,0.000969654240179807
1833,-0.011466999538242817,0.0009695104090496898
1834,0.05866700038313866,0.0009696254273876548
1835,-0.006399999838322401,0.0009695061016827822
1836,0.028534000739455223,0.0009691821178421378
1837,-0.0013330000219866633,0.000968657317571342
1838,0.03359999880194664,0.0009685084223747253
1839,0.008533000014722347,0.0009679713984951377
1840,0.043733999133110046,0.000967714237049222
1841,0.01360000018030405,0.0009674280881881714
1842,0.03866700083017349,0.00096765102352947
1843,0.01866699941456318,0.0009679542854428291
1844,0.07360100001096725,0.0009684270480647683
1845,-0.006399999838322401,0.0009688176796771586
1846,0.01866699941456318,0.0009692468447610736
1847,-0.026399999856948853,0.0009694888722151518
1848,0.043733999133110046,0.0009692473104223609
1849,-0.011466999538242817,0.0009691390441730618
1850,0.028534000739455223,0.0009693263564258814
1851,0.008533000014722347,0.0009695141343399882
1852,0.05866700038313866,0.0009697935311123729
1853,0.003467000089585781,0.0009702668176032603
1854,0.028534000739455223,0.0009709224104881287
1855,0.01360000018030405,0.0009713696781545877
1856,0.01360000018030405,0.0009721299284137785
1857,-0.026399999856948853,0.0009726424468681216
1858,0.043733999133110046,0.0009727847063913941
1859,0.02346700057387352,0.0009729080484248698
1860,0.028534000739455223,0.0009733862243592739
1861,-0.02160000056028366,0.0009736629435792565
1862,0.043733999133110046,0.000973840244114399
1863,0.008533000014722347,0.000974245194811374
1864,0.04853399842977524,0.0009747084695845842
1865,-0.011466999538242817,0.0009753222693689167
1866,0.03359999880194664,0.0009756737854331732
1867,0.01866699941456318,0.0009758363594301045
1868,0.028534000739455223,0.0009763370035216212
1869,-0.011466999538242817,0.0009767006849870086
1870,0.06373400241136551,0.00097708310931921
1871,-0.02160000056028366,0.0009772962657734752
1872,0.07360100001096725,0.00097760243806988
1873,0.003467000089585781,0.0009777065133675933
1874,0.05360100045800209,0.000978037714958191
1875,0.02346700057387352,0.000978609430603683
1876,0.03359999880194664,0.0009794977959245443
1877,0.003467000089585781,0.0009801529813557863
1878,0.01360000018030405,0.0009809526382014155
1879,-0.03653400018811226,0.000981717137619853
1880,0.03359999880194664,0.0009821136482059956
1881,-0.026399999856948853,0.0009822307620197535
1882,0.08880099654197693,0.0009828816400840878
1883,0.03359999880194664,0.000982905738055706
1884,0.0685340017080307,0.000983151257969439
1885,0.008533000014722347,0.000983355799689889
1886,0.07866799831390381,0.0009837328689172864
1887,0.01866699941456318,0.0009839576669037342
1888,0.05360100045800209,0.0009844180895015597
1889,-0.04160099849104881,0.0009851036593317986
1890,-0.016534000635147095,0.0009851896902546287
1891,-0.05146700143814087,0.0009849811904132366
1892,-0.0013330000219866633,0.000984480488114059
1893,-0.026399999856948853,0.000983900623396039
1894,0.02346700057387352,0.0009834903758019209
1895,0.008533000014722347,0.0009832186624407768
1896,0.03866700083017349,0.000983225298114121
1897,0.028534000739455223,0.000983229372650385
1898,0.06373400241136551,0.0009834789671003819
1899,-0.026399999856948853,0.00098336988594383
1900,0.05866700038313866,0.0009834846714511514
1901,-0.0013330000219866633,0.0009841282153502107
1902,0.04853399842977524,0.0009846073808148503
1903,-0.031466998159885406,0.000985443126410246
1904,0.003467000089585781,0.0009858626872301102
1905,-0.05146700143814087,0.0009862028528004885
1906,0.003467000089585781,0.0009857614059001207
1907,-0.05653399974107742,0.000984950689598918
1908,0.01360000018030405,0.0009840235579758883
1909,-0.02160000056028366,0.0009830340277403593
1910,0.03359999880194664,0.0009821758139878511
1911,0.03359999880194664,0.0009814363438636065
1912,0.08880099654197693,0.0009803420398384333
1913,0.028534000739455223,0.0009786351583898067
1914,0.043733999133110046,0.0009771266486495733
1915,-0.0013330000219866633,0.0009756064973771572
1916,0.07866799831390381,0.0009742656839080155
1917,0.02346700057387352,0.0009730203310027719
1918,0.02346700057387352,0.0009717349312268198
1919,-0.031466998159885406,0.0009705467964522541
1920,0.028534000739455223,0.0009688546415418386
1921,-0.02160000056028366,0.0009668233687989414
1922,0.003467000089585781,0.0009648589766584337
1923,-0.02160000056028366,0.0009628379484638572
1924,0.04853399842977524,0.00096083153039217
1925,0.008533000014722347,0.0009590843110345304
1926,0.003467000089585781,0.000957274460233748
1927,0.03866700083017349,0.0009553456911817193
1928,0.06373400241136551,0.0009537977748550475
1929,-0.026399999856948853,0.0009524993947707117
1930,0.02346700057387352,0.0009512599208392203
1931,-0.02160000056028366,0.0009498937870375812
1932,0.003467000089585781,0.0009489538497291505
1933,-0.031466998159885406,0.000948075670748949
1934,0.003467000089585781,0.000947198539506644
1935,-0.031466998159885406,0.0009461739682592452
1936,0.02346700057387352,0.0009454521350562572
1937,-0.0013330000219866633,0.0009446297772228718
1938,0.03866700083017349,0.0009436584077775478
1939,-0.03653400018811226,0.0009425025200471282
1940,0.05866700038313866,0.0009416785323992372
1941,-0.04160099849104881,0.000940788013394922
1942,0.043733999133110046,0.0009398824768140912
1943,0.01360000018030405,0.0009391886414960027
1944,0.01866699941456318,0.0009382920688949525
1945,0.028534000739455223,0.0009373919456265867
1946,0.01360000018030405,0.0009366575395688415
1947,0.02346700057387352,0.0009358478710055351
1948,0.01360000018030405,0.000934995012357831
1949,-0.0013330000219866633,0.000934151466935873
1950,0.003467000089585781,0.0009332163026556373
1951,-0.006399999838322401,0.0009321580873802304
1952,0.02346700057387352,0.0009312571492046118
1953,0.003467000089585781,0.0009303019614890218
1954,0.01866699941456318,0.0009294013725593686
1955,0.008533000014722347,0.0009285393171012402
1956,0.06373400241136551,0.0009278509533032775
1957,0.003467000089585781,0.0009270287700928748
1958,0.05360100045800209,0.0009261872619390488
1959,0.008533000014722347,0.0009254927863366902
1960,0.04853399842977524,0.0009246995905414224
1961,-0.011466999538242817,0.0009239853825420141
1962,0.01360000018030405,0.0009230375289916992
1963,-0.026399999856948853,0.0009221226209774613
1964,0.0685340017080307,0.0009212251170538366
1965,0.01360000018030405,0.0009204564848914742
1966,0.05360100045800209,0.0009197865147143602
1967,-0.011466999538242817,0.0009191704448312521
1968,0.02346700057387352,0.0009183513466268778
1969,-0.011466999538242817,0.0009176727617159486
1970,0.03866700083017349,0.0009170678094960749
1971,-0.0013330000219866633,0.0009166626259684563
1972,0.01360000018030405,0.0009162422502413392
1973,-0.0013330000219866633,0.0009156414307653904
1974,0.028534000739455223,0.0009150116820819676
1975,-0.026399999856948853,0.0009142061462625861
1976,0.01360000018030405,0.0009134807623922825
1977,-0.026399999856948853,0.0009127043304033577
1978,0.01360000018030405,0.0009120337199419737
1979,-0.006399999838322401,0.0009110405808314681
1980,0.008533000014722347,0.0009100305032916367
1981,0.003467000089585781,0.0009090088424272835
1982,0.028534000739455223,0.0009079593000933528
1983,-0.016534000635147095,0.0009065315825864673
1984,0.05360100045800209,0.0009052872192114592
1985,-0.0013330000219866633,0.0009036706178449094
1986,0.03866700083017349,0.0009021175792440772
1987,-0.006399999838322401,0.0009005758911371231
1988,0.04853399842977524,0.0008991778013296425
1989,0.01866699941456318,0.0008976836688816547
1990,0.02346700057387352,0.0008961326675489545
1991,-0.02160000056028366,0.0008946598973125219
1992,0.05360100045800209,0.0008933284552767873
1993,-0.011466999538242817,0.0008919412503018975
1994,0.01360000018030405,0.0008902925765141845
1995,0.003467000089585781,0.0008886451832950115
1996,0.03866700083017349,0.0008867998840287328
1997,-0.006399999838322401,0.0008846117416396737
1998,0.003467000089585781,0.00088259216863662
1999,-0.006399999838322401,0.0008804505341686308
2000,0.03866700083017349,0.0008782923687249422
2001,0.01360000018030405,0.0008761720964685082
2002,0.03866700083017349,0.0008739085169509053
2003,-0.011466999538242817,0.0008716336451470852
2004,0.028534000739455223,0.0008694430580362678
2005,-0.026399999856948853,0.0008671574760228395
2006,0.05866700038313866,0.0008649964001961052
2007,-0.011466999538242817,0.0008629861404187977
2008,0.028534000739455223,0.0008609757060185075
2009,-0.006399999838322401,0.0008587857009842992
2010,0.028534000739455223,0.0008566135074943304
2011,0.003467000089585781,0.000854301149956882
2012,0.04853399842977524,0.0008519854163751006
2013,-0.04160099849104881,0.0008495429065078497
2014,0.04853399842977524,0.0008475190261378884
2015,0.003467000089585781,0.0008452839101664722
2016,0.028534000739455223,0.0008429911686107516
2017,-0.04160099849104881,0.0008410019800066948
2018,-0.006399999838322401,0.0008388755959458649
2019,-0.03653400018811226,0.000836483552120626
2020,0.05360100045800209,0.000833872938528657
2021,-0.02160000056028366,0.0008312843274325132
2022,0.03866700083017349,0.0008288855315186083
2023,-0.02160000056028366,0.0008265688084065914
2024,0.03359999880194664,0.0008246953366324306
2025,-0.0013330000219866633,0.0008227551006712019
2026,0.04853399842977524,0.0008207075297832489
2027,-0.011466999538242817,0.0008185174083337188
2028,0.09360100328922272,0.0008165201870724559
2029,0.008533000014722347,0.0008144258754327893
2030,0.02346700057387352,0.0008122066501528025
2031,0.003467000089585781,0.0008102594292722642
2032,0.03866700083017349,0.0008081265259534121
2033,-0.011466999538242817,0.0008059386163949966
2034,0.01866699941456318,0.0008037491352297366
2035,-0.0013330000219866633,0.000801659538410604
2036,-0.016534000635147095,0.0007998087676241994
2037,-0.03653400018811226,0.0007976574124768376
2038,0.01866699941456318,0.0007963739335536957
2039,0.008533000014722347,0.0007953024469316006
2040,0.01360000018030405,0.0007940749637782574
2041,-0.011466999538242817,0.0007927739643491805
2042,0.028534000739455223,0.0007915955502539873
2043,-0.011466999538242817,0.0007904305239208043
2044,0.04853399842977524,0.0007895398885011673
2045,0.003467000089585781,0.0007886862149462104
2046,0.04853399842977524,0.0007877142634242773
2047,-0.02160000056028366,0.0007864010985940695
2048,0.043733999133110046,0.0007851507980376482
2049,-0.0013330000219866633,0.0007839978788979352
2050,0.04853399842977524,0.0007829994428902864
2051,-0.0013330000219866633,0.0007822033949196339
2052,0.02346700057387352,0.0007813273114152253
2053,0.01360000018030405,0.0007806899957358837
2054,0.03359999880194664,0.0007802784093655646
2055,0.01360000018030405,0.0007800081511959434
2056,0.03359999880194664,0.0007794754346832633
2057,-0.0013330000219866633,0.0007790238596498966
2058,0.02346700057387352,0.0007785937050357461
2059,-0.02160000056028366,0.0007779444567859173
2060,0.05360100045800209,0.0007772413664497435
2061,0.01866699941456318,0.0007764775073155761
2062,0.028534000739455223,0.0007757233688607812
2063,0.01866699941456318,0.0007748674834147096
2064,0.04853399842977524,0.0007743156747892499
2065,-0.026399999856948853,0.0007737632840871811
2066,0.07360100001096725,0.0007732654921710491
2067,-0.011466999538242817,0.0007728246273472905
2068,0.028534000739455223,0.0007723775925114751
2069,0.01360000018030405,0.0007720125140622258
2070,0.02346700057387352,0.0007716019754298031
2071,0.003467000089585781,0.0007711087819188833
2072,0.028534000739455223,0.0007706352043896914
2073,-0.0013330000219866633,0.0007699104608036578
2074,0.06373400241136551,0.0007691858918406069
2075,-0.011466999538242817,0.0007684786687605083
2076,0.01360000018030405,0.0007674801745451987
2077,-0.031466998159885406,0.0007665845332667232
2078,0.05866700038313866,0.0007659661350771785
2079,0.02346700057387352,0.0007652536150999367
2080,0.07360100001096725,0.0007644103025086224
2081,0.01360000018030405,0.0007633595378138125
2082,0.02346700057387352,0.0007626083679497242
2083,-0.026399999856948853,0.0007620373507961631
2084,0.05360100045800209,0.0007618339732289314
2085,-0.011466999538242817,0.0007612112676724792
2086,0.02346700057387352,0.0007604339625686407
2087,-0.011466999538242817,0.0007596837822347879
2088,0.05866700038313866,0.0007590836612507701
2089,-0.0013330000219866633,0.0007582223042845726
2090,0.003467000089585781,0.0007570945890620351
2091,0.01360000018030405,0.0007558896904811263
2092,0.02346700057387352,0.0007548635476268828
2093,-0.011466999538242817,0.0007539876387454569
2094,0.028534000739455223,0.0007530091097578406
2095,-0.031466998159885406,0.0007522024679929018
2096,0.05866700038313866,0.0007513934979215264
2097,-0.016534000635147095,0.0007503796368837357
2098,0.01360000018030405,0.0007492431905120611
2099,-0.0013330000219866633,0.0007479765918105841
2100,0.06373400241136551,0.0007467764662578702
2101,-0.0013330000219866633,0.0007453684811480343
2102,0.03359999880194664,0.0007438719039782882
2103,-0.016534000635147095,0.0007425104267895222
2104,0.07360100001096725,0.0007414102437905967
2105,-0.011466999538242817,0.0007401464390568435
2106,0.028534000739455223,0.0007388155208900571
2107,-0.026399999856948853,0.0007376932771876454
2108,0.043733999133110046,0.0007365662604570389
2109,0.03359999880194664,0.0007354011759161949
2110,0.06373400241136551,0.0007339733419939876
2111,0.003467000089585781,0.0007324882317334414
2112,0.03359999880194664,0.0007309908396564424
2113,-0.016534000635147095,0.0007296532858163118
2114,0.04853399842977524,0.0007285609608516097
2115,-0.04160099849104881,0.000727393024135381
2116,0.02346700057387352,0.0007260352140292525
2117,-0.011466999538242817,0.0007247517351061106
2118,0.043733999133110046,0.0007235294906422496
2119,-0.006399999838322401,0.0007219517137855291
2120,0.03359999880194664,0.0007206934969872236
2121,-0.011466999538242817,0.0007193214260041714
2122,0.01866699941456318,0.0007179313106462359
2123,0.01360000018030405,0.0007165992283262312
2124,0.01360000018030405,0.000715202942956239
2125,-0.0013330000219866633,0.0007139337249100208
2126,0.01360000018030405,0.0007127049611881375
2127,-0.011466999538242817,0.0007117063505575061
2128,0.003467000089585781,0.0007105808472260833
2129,-0.016534000635147095,0.0007094979519024491
2130,0.028534000739455223,0.0007083885138854384
2131,-0.04666699841618538,0.0007070074207149446
2132,0.03866700083017349,0.0007051660213619471
2133,-0.006399999838322401,0.0007034339942038059
2134,0.01360000018030405,0.0007016154122538865
2135,0.02346700057387352,0.0006996940355747938
2136,0.008533000014722347,0.0006978448946028948
2137,-0.04666699841618538,0.0006963355699554086
2138,0.03866700083017349,0.0006945857312530279
2139,-0.006399999838322401,0.0006931015523150563
2140,0.03866700083017349,0.0006915679550729692
2141,-0.03653400018811226,0.0006901569431647658
2142,0.01360000018030405,0.0006886461051180959
2143,0.02346700057387352,0.0006870394572615623
2144,0.028534000739455223,0.0006853720406070352
2145,0.028534000739455223,0.0006835807580500841
2146,0.02346700057387352,0.0006820921553298831
2147,-0.0013330000219866633,0.0006806940655224025
2148,0.03359999880194664,0.0006795204244554043
2149,-0.0013330000219866633,0.0006785760633647442
2150,-0.0013330000219866633,0.0006777200615033507
2151,-0.0013330000219866633,0.0006767881568521261
2152,0.05360100045800209,0.0006758905947208405
2153,-0.03653400018811226,0.0006751301698386669
2154,0.04853399842977524,0.0006738774245604873
2155,-0.0013330000219866633,0.0006729605374857783
2156,0.05360100045800209,0.000671854242682457
2157,-0.006399999838322401,0.0006700893864035606
2158,0.03866700083017349,0.0006684463005512953
2159,-0.011466999538242817,0.0006667402340099216
2160,0.01866699941456318,0.0006653068703599274
2161,-0.026399999856948853,0.0006639173370786011
2162,0.03359999880194664,0.0006627363618463278
2163,0.003467000089585781,0.0006617620238102973
2164,0.03866700083017349,0.0006610329728573561
2165,-0.0013330000219866633,0.0006604414083994925
2166,0.043733999133110046,0.0006600241758860648
2167,0.01360000018030405,0.0006595747545361519
2168,0.05360100045800209,0.0006593722500838339
2169,-0.02160000056028366,0.0006594565347768366
2170,0.028534000739455223,0.0006594802252948284
2171,-0.0013330000219866633,0.0006595940794795752
2172,0.05360100045800209,0.0006599209737032652
2173,-0.011466999538242817,0.0006597944302484393
2174,0.06373400241136551,0.0006598618347197771
2175,0.01866699941456318,0.0006597558385692537
2176,0.02346700057387352,0.0006597059546038508
2177,-0.026399999856948853,0.0006594659644179046
2178,0.04853399842977524,0.0006595040904358029
2179,0.02346700057387352,0.0006595442537218332
2180,-0.011466999538242817,0.0006596239982172847
2181,-0.011466999538242817,0.0006595508893951774
2182,0.04853399842977524,0.0006596924504265189
2183,0.008533000014722347,0.0006598341860808432
2184,0.05360100045800209,0.0006598118343390524
2185,0.01360000018030405,0.0006593781290575862
2186,0.01866699941456318,0.000658869044855237
2187,0.01866699941456318,0.0006583082722499967
2188,-0.0013330000219866633,0.0006578407483175397
2189,-0.011466999538242817,0.0006574853323400021
2190,0.03866700083017349,0.0006573848077096045
2191,-0.016534000635147095,0.0006571889971382916
2192,0.05866700038313866,0.0006570682162418962
2193,-0.02160000056028366,0.0006567119853571057
2194,0.028534000739455223,0.000656191841699183
2195,-0.0013330000219866633,0.0006558028981089592
2196,0.03866700083017349,0.000655518495477736
2197,0.01360000018030405,0.0006551400292664766
2198,0.043733999133110046,0.0006549162790179253
2199,0.003467000089585781,0.0006544286152347922
2200,0.028534000739455223,0.0006541010807268322
2201,-0.016534000635147095,0.0006537138251587749
2202,0.04853399842977524,0.0006535483989864588
2203,0.028534000739455223,0.0006532059051096439
2204,0.028534000739455223,0.0006529015954583883
2205,-0.016534000635147095,0.0006525711505673826
2206,0.043733999133110046,0.0006523019401356578
2207,-0.006399999838322401,0.0006521451286971569
2208,0.06373400241136551,0.0006520050810649991
2209,0.02346700057387352,0.0006517302826978266
2210,0.043733999133110046,0.0006514166598208249
2211,0.003467000089585781,0.0006510820239782333
2212,0.04853399842977524,0.0006507905200123787
2213,0.01360000018030405,0.0006507664220407605
2214,0.04853399842977524,0.0006507328944280744
2215,-0.0013330000219866633,0.0006503455224446952
2216,0.03866700083017349,0.0006502555916085839
2217,0.003467000089585781,0.0006500657182186842
2218,0.05360100045800209,0.0006500363815575838
2219,-0.02160000056028366,0.0006501016905531287
2220,0.05360100045800209,0.0006500929594039917
2221,-0.02160000056028366,0.0006499886512756348
2222,0.05360100045800209,0.0006500881863757968
2223,-0.0013330000219866633,0.000649847905151546
2224,0.03866700083017349,0.0006501040188595653
2225,0.01360000018030405,0.000649948779027909
2226,0.04853399842977524,0.000649926601909101
2227,-0.011466999538242817,0.0006497156573459506
2228,0.04853399842977524,0.0006494213594123721
2229,-0.03653400018811226,0.0006492702523246408
2230,0.01360000018030405,0.0006491319509223104
2231,-0.026399999856948853,0.0006488132057711482
2232,0.01360000018030405,0.0006483935285359621
2233,-0.026399999856948853,0.0006480736192315817
2234,0.02346700057387352,0.0006477356655523181
2235,-0.026399999856948853,0.0006474176771007478
2236,0.008533000014722347,0.0006473609246313572
2237,0.003467000089585781,0.0006471499800682068
2238,0.028534000739455223,0.0006471187807619572
2239,-0.006399999838322401,0.0006473209941759706
2240,0.028534000739455223,0.0006473654066212475
2241,-0.02160000056028366,0.000647607259452343
2242,0.04853399842977524,0.0006476925918832421
2243,-0.03653400018811226,0.0006478999275714159
2244,0.028534000739455223,0.0006476695416495204
2245,-0.016534000635147095,0.0006476130802184343
2246,0.003467000089585781,0.000647451844997704
2247,-0.011466999538242817,0.0006474802503362298
2248,0.0685340017080307,0.0006474281544797122
2249,0.003467000089585781,0.0006474961992353201
2250,0.01866699941456318,0.0006477308925241232
2251,-0.02160000056028366,0.0006478933501057327
2252,0.008533000014722347,0.0006479249568656087
2253,-0.011466999538242817,0.0006480647716671228
2254,0.028534000739455223,0.0006481398595497012
2255,-0.011466999538242817,0.0006483948673121631
2256,0.03866700083017349,0.0006486058118753135
2257,0.02346700057387352,0.0006487943464890122
2258,0.01866699941456318,0.0006490188534371555
2259,-0.011466999538242817,0.0006492803804576397
2260,0.01360000018030405,0.000649519672151655
2261,-0.026399999856948853,0.0006499534356407821
2262,0.04853399842977524,0.000650325499009341
2263,-0.0013330000219866633,0.0006506048957817256
2264,0.01360000018030405,0.0006507811485789716
2265,0.003467000089585781,0.0006509993108920753
2266,0.03359999880194664,0.0006512556574307382
2267,0.03866700083017349,0.0006515836575999856
2268,0.04853399842977524,0.0006522270850837231
2269,-0.05146700143814087,0.0006529510719701648
2270,0.02346700057387352,0.0006531312828883529
2271,0.003467000089585781,0.0006536382134072483
2272,0.05360100045800209,0.000654055445920676
2273,0.02346700057387352,0.0006541658658534288
2274,0.04853399842977524,0.0006544996285811067
2275,-0.0013330000219866633,0.000654803414363414
2276,0.01866699941456318,0.0006551102851517498
2277,-0.011466999538242817,0.0006556148291565478
2278,0.03866700083017349,0.000656106392852962
2279,-0.026399999856948853,0.0006567028467543423
2280,0.02346700057387352,0.0006569356191903353
2281,-0.026399999856948853,0.0006574639119207859
2282,0.003467000089585781,0.0006579511100426316
2283,-0.02160000056028366,0.0006586778908967972
2284,0.01360000018030405,0.0006593265570700169
2285,-0.011466999538242817,0.0006600047345273197
2286,0.02346700057387352,0.0006603437359444797
2287,-0.0013330000219866633,0.0006607652176171541
2288,0.03866700083017349,0.0006611546850763261
2289,0.003467000089585781,0.0006615564925596118
2290,0.02346700057387352,0.000662236416246742
2291,-0.03653400018811226,0.0006630026618950069
2292,0.05360100045800209,0.0006633652374148369
2293,-0.03653400018811226,0.000664055289234966
2294,-0.011466999538242817,0.0006640469655394554
2295,-0.026399999856948853,0.0006641701329499483
2296,0.06373400241136551,0.0006642938824370503
2297,-0.006399999838322401,0.0006644396344199777
2298,0.02346700057387352,0.0006645579123869538
2299,-0.026399999856948853,0.0006647512782365084
2300,0.02346700057387352,0.0006647502304986119
2301,-0.031466998159885406,0.0006648098351433873
2302,0.01866699941456318,0.0006646115216426551
2303,-0.006399999838322401,0.0006646492402069271
2304,0.04853399842977524,0.0006646021502092481
2305,0.003467000089585781,0.0006643563974648714
2306,0.008533000014722347,0.0006641425425186753
2307,0.01360000018030405,0.0006640104111284018
2308,0.0685340017080307,0.000664031074848026
2309,-0.0013330000219866633,0.0006639859639108181
2310,0.02346700057387352,0.0006637886399403214
2311,-0.016534000635147095,0.0006635899189859629
2312,0.028534000739455223,0.0006637307815253735
2313,-0.016534000635147095,0.0006639750208705664
2314,0.003467000089585781,0.0006638953927904367
2315,-0.026399999856948853,0.000663808430545032
2316,0.01360000018030405,0.0006635468453168869
2317,-0.026399999856948853,0.0006633036537095904
2318,0.05360100045800209,0.0006627168040722609
2319,0.02346700057387352,0.0006622769869863987
2320,0.028534000739455223,0.0006618918851017952
2321,-0.011466999538242817,0.0006615500897169113
2322,0.03359999880194664,0.000661395606584847
2323,0.008533000014722347,0.0006611865828745067
2324,0.028534000739455223,0.0006610892014577985
2325,0.02346700057387352,0.0006609982810914516
2326,0.02346700057387352,0.0006609477568417788
2327,0.01360000018030405,0.0006609725533053279
2328,0.008533000014722347,0.0006610822165384889
2329,-0.011466999538242817,0.0006614084704779088
2330,0.05866700038313866,0.0006617015460506082
2331,0.01360000018030405,0.0006618198822252452
2332,0.04853399842977524,0.0006619082996621728
2333,-0.0013330000219866633,0.0006623229710385203
2334,0.04853399842977524,0.0006624998059123755
2335,-0.026399999856948853,0.0006630275165662169
2336,0.003467000089585781,0.00066314113792032
2337,-0.02160000056028366,0.000663415645249188
2338,0.04853399842977524,0.0006638027261942625
2339,-0.04160099849104881,0.0006642326479777694
2340,0.028534000739455223,0.0006640313658863306
2341,0.02346700057387352,0.0006642501102760434
2342,0.03359999880194664,0.0006646270048804581
2343,-0.011466999538242817,0.0006649355054832995
2344,0.07360100001096725,0.0006653363816440105
2345,-0.0013330000219866633,0.0006657514022663236
2346,0.028534000739455223,0.0006661418592557311
2347,-0.011466999538242817,0.0006667574634775519
2348,0.05360100045800209,0.0006670604343526065
2349,0.008533000014722347,0.0006672815652564168
2350,0.04853399842977524,0.0006675031036138535
2351,-0.0013330000219866633,0.0006675717886537313
2352,0.028534000739455223,0.000667526270262897
2353,-0.006399999838322401,0.0006675969925709069
2354,0.03866700083017349,0.000667480519041419
2355,-0.011466999538242817,0.0006674753967672586
2356,0.04853399842977524,0.0006674163741990924
2357,-0.011466999538242817,0.0006675028707832098
2358,0.03359999880194664,0.0006677707424387336
2359,-0.011466999538242817,0.0006682612001895905
2360,0.08373399823904037,0.0006685013649985194
2361,0.01360000018030405,0.0006686742999590933
2362,0.03359999880194664,0.0006688018911518157
2363,0.008533000014722347,0.0006688793655484915
2364,0.06373400241136551,0.0006689631845802069
2365,-0.006399999838322401,0.000668843393214047
2366,0.05360100045800209,0.0006687593995593488
2367,-0.02160000056028366,0.0006690952577628195
2368,0.04853399842977524,0.0006693591130897403
2369,-0.02160000056028366,0.0006698273355141282
2370,0.028534000739455223,0.0006700551602989435
2371,-0.02160000056028366,0.0006703784456476569
2372,0.06373400241136551,0.0006705753621645272
2373,-0.0013330000219866633,0.0006709318840876222
2374,0.04853399842977524,0.0006713218754157424
2375,0.03866700083017349,0.0006717435317113996
2376,0.043733999133110046,0.0006719102384522557
2377,-0.016534000635147095,0.0006720645469613373
2378,0.04853399842977524,0.0006722937105223536
2379,0.02346700057387352,0.000672526890411973
2380,0.07866799831390381,0.0006727381842210889
2381,0.01360000018030405,0.0006728100124746561
2382,0.06373400241136551,0.0006729630986228585
2383,-0.0013330000219866633,0.0006729293381795287
2384,0.0685340017080307,0.0006729705492034554
2385,-0.006399999838322401,0.0006728512817062438
2386,0.06373400241136551,0.0006726875435560942
2387,-0.031466998159885406,0.0006728643784299493
2388,0.028534000739455223,0.0006732477340847254
2389,0.01866699941456318,0.000673566129989922
2390,0.04853399842977524,0.0006736473878845572
2391,0.003467000089585781,0.0006737126968801022
2392,0.04853399842977524,0.0006739516975358129
2393,-0.011466999538242817,0.0006740838871337473
2394,0.03359999880194664,0.0006741364486515522
2395,-0.0013330000219866633,0.0006743932608515024
2396,0.01360000018030405,0.0006748430896550417
2397,-0.0013330000219866633,0.0006750271422788501
2398,0.028534000739455223,0.0006754528149031103
2399,-0.016534000635147095,0.0006758492672815919
2400,0.05360100045800209,0.0006758440285921097
2401,0.003467000089585781,0.0006760800024494529
2402,0.01866699941456318,0.0006762050907127559
2403,-0.016534000635147095,0.0006763961864635348
2404,0.01360000018030405,0.0006765140569768846
2405,-0.016534000635147095,0.0006764992140233517
2406,0.043733999133110046,0.0006762840785086155
2407,-0.0013330000219866633,0.0006761769764125347
2408,0.07866799831390381,0.0006758127710781991
2409,0.008533000014722347,0.0006752427434548736
2410,0.028534000739455223,0.0006748095620423555
2411,0.01360000018030405,0.0006743508274666965
2412,0.04853399842977524,0.0006738650845363736
2413,-0.011466999538242817,0.0006737939547747374
2414,0.06373400241136551,0.0006736828363500535
2415,0.03359999880194664,0.0006733254413120449
2416,0.05866700038313866,0.0006730437744408846
2417,0.01360000018030405,0.0006726679275743663
2418,0.07360100001096725,0.0006723641999997199
2419,0.03359999880194664,0.0006721371319144964
2420,0.03866700083017349,0.0006718821241520345
2421,-0.0013330000219866633,0.0006714797927998006
2422,0.04853399842977524,0.0006711388705298305
2423,-0.0013330000219866633,0.0006708800792694092
2424,0.07360100001096725,0.0006704014958813787
2425,-0.026399999856948853,0.0006698901997879148
2426,0.03866700083017349,0.0006693365285173059
2427,-0.011466999538242817,0.0006689016008749604
2428,0.06373400241136551,0.0006682773819193244
2429,-0.006399999838322401,0.0006680667283944786
2430,0.04853399842977524,0.0006678416393697262
2431,0.01360000018030405,0.0006676766788586974
2432,0.05360100045800209,0.0006675018230453134
2433,0.01866699941456318,0.0006675285403616726
2434,0.04853399842977524,0.0006674517644569278
2435,-0.011466999538242817,0.0006674722535535693
2436,0.03866700083017349,0.0006675341865047812
2437,-0.006399999838322401,0.0006673309253528714
2438,0.043733999133110046,0.0006672035669907928
2439,-0.0013330000219866633,0.0006671398878097534
2440,0.03359999880194664,0.000667202053591609
2441,-0.0013330000219866633,0.0006672764429822564
2442,0.028534000739455223,0.0006674621836282313
2443,-0.011466999538242817,0.0006677572382614017
2444,0.03359999880194664,0.0006679737125523388
2445,-0.03653400018811226,0.0006679588695988059
2446,0.04853399842977524,0.0006676489720121026
2447,-0.006399999838322401,0.0006674268515780568
2448,0.06373400241136551,0.0006671471055597067
2449,0.003467000089585781,0.000667052692733705
2450,0.05866700038313866,0.0006670596194453537
2451,0.003467000089585781,0.0006670840666629374
2452,0.02346700057387352,0.0006672866875305772
2453,-0.011466999538242817,0.0006675334880128503
2454,0.03866700083017349,0.000667663523927331
2455,-0.026399999856948853,0.0006678194040432572
2456,0.028534000739455223,0.0006678162608295679
2457,-0.016534000635147095,0.0006679092766717076
2458,0.05360100045800209,0.0006676193443126976
2459,0.003467000089585781,0.0006675499025732279
2460,0.05360100045800209,0.0006675549084320664
2461,0.003467000089585781,0.0006675496697425842
2462,0.028534000739455223,0.000667569343931973
2463,0.01360000018030405,0.0006675480981357396
2464,0.06373400241136551,0.0006675125332549214
2465,0.02346700057387352,0.0006676018238067627
2466,0.028534000739455223,0.0006677189958281815
2467,-0.006399999838322401,0.0006677574710920453
2468,0.07360100001096725,0.000667755666654557
2469,0.008533000014722347,0.0006674716132692993
2470,0.01866699941456318,0.0006671692244708538
2471,-0.026399999856948853,0.0006670485017821193
2472,0.028534000739455223,0.0006666186964139342
2473,0.028534000739455223,0.0006663529202342033
2474,0.003467000089585781,0.0006662055384367704
2475,0.003467000089585781,0.0006660064682364464
2476,0.01866699941456318,0.000665929401293397
2477,-0.026399999856948853,0.0006658958736807108
2478,0.01866699941456318,0.0006655529141426086
2479,-0.02160000056028366,0.0006655699689872563
2480,0.03359999880194664,0.0006652725860476494
2481,-0.006399999838322401,0.0006651664152741432
2482,0.01360000018030405,0.000665091210976243
2483,0.003467000089585781,0.000665020605083555
2484,0.06373400241136551,0.0006649490096606314
2485,0.003467000089585781,0.000664694351144135
2486,0.04853399842977524,0.0006644822424277663
2487,0.028534000739455223,0.0006643807282671332
2488,0.03359999880194664,0.0006646308465860784
2489,-0.031466998159885406,0.000664813385810703
2490,0.01866699941456318,0.0006650192080996931
2491,-0.026399999856948853,0.0006652226438745856
2492,0.01866699941456318,0.0006650179857388139
2493,-0.04666699841618538,0.0006647853879258037
2494,0.07866799831390381,0.0006644427194260061
2495,0.01360000018030405,0.000663727696519345
2496,0.05866700038313866,0.0006629859562963247
2497,0.003467000089585781,0.0006622993969358504
2498,0.03866700083017349,0.0006620902568101883
2499,0.028534000739455223,0.0006615767488256097
2500,0.06373400241136551,0.0006612904835492373
2501,-0.0013330000219866633,0.0006606747047044337
2502,0.07360100001096725,0.0006603408837690949
2503,-0.0013330000219866633,0.0006596449529752135
2504,0.043733999133110046,0.0006590249249711633
2505,-0.03653400018811226,0.000658354489132762
2506,0.01866699941456318,0.0006575261359103024
2507,-0.0013330000219866633,0.0006567104137502611
2508,0.028534000739455223,0.000656025018543005
2509,-0.016534000635147095,0.0006552980048581958
2510,0.07360100001096725,0.0006547184893861413
2511,0.01360000018030405,0.0006540535250678658
2512,0.043733999133110046,0.0006533031119033694
2513,-0.0013330000219866633,0.0006524912314489484
2514,0.05360100045800209,0.0006517705041915178
2515,0.008533000014722347,0.0006511324318125844
2516,0.028534000739455223,0.0006504988996312022
2517,-0.016534000635147095,0.0006497991271317005
2518,0.03866700083017349,0.0006490097148343921
2519,0.01360000018030405,0.0006481957389041781
2520,0.04853399842977524,0.0006473051034845412
2521,-0.0013330000219866633,0.0006464208709076047
2522,0.03866700083017349,0.0006455077091231942
2523,0.003467000089585781,0.0006446556653827429
2524,0.03866700083017349,0.0006435781833715737
2525,0.03866700083017349,0.0006425934261642396
2526,0.043733999133110046,0.0006417952245101333
2527,-0.0013330000219866633,0.0006409470806829631
2528,0.03866700083017349,0.0006400769925676286
2529,0.008533000014722347,0.0006393210496753454
2530,0.05360100045800209,0.0006385943852365017
2531,0.02346700057387352,0.0006378911784850061
2532,0.05360100045800209,0.0006372409407049417
2533,-0.016534000635147095,0.0006364642176777124
2534,0.01866699941456318,0.0006357061211019754
2535,-0.006399999838322401,0.0006347481976263225
2536,0.003467000089585781,0.0006337652448564768
2537,-0.016534000635147095,0.0006325485883280635
2538,0.03359999880194664,0.000631472677923739
2539,-0.0013330000219866633,0.0006303819827735424
2540,0.04853399842977524,0.0006293154438026249
2541,-0.011466999538242817,0.0006282576359808445
2542,0.07866799831390381,0.0006275409832596779
2543,0.02346700057387352,0.0006268990691751242
2544,0.05866700038313866,0.0006262336974032223
2545,-0.011466999538242817,0.000625606975518167
2546,0.028534000739455223,0.0006246828706935048
2547,0.01360000018030405,0.000623697298578918
2548,0.028534000739455223,0.0006228171987459064
2549,0.01360000018030405,0.0006218330236151814
2550,0.04853399842977524,0.0006211239378899336
2551,0.01360000018030405,0.0006202232907526195
2552,0.0685340017080307,0.0006194712477736175
2553,0.028534000739455223,0.0006185222300700843
2554,0.05360100045800209,0.0006177056347951293
2555,0.008533000014722347,0.0006168280960991979
2556,0.02346700057387352,0.0006162689533084631
2557,0.02346700057387352,0.0006157950265333056
2558,0.08880099654197693,0.000615479948464781
2559,0.008533000014722347,0.0006149949040263891
2560,0.03866700083017349,0.0006146219093352556
2561,0.02346700057387352,0.0006143779028207064
2562,0.05360100045800209,0.0006141704507172108
2563,0.03359999880194664,0.0006140548503026366
2564,0.08880099654197693,0.0006138683529570699
2565,0.01360000018030405,0.0006132900016382337
2566,0.05360100045800209,0.0006129107205197215
2567,-0.0013330000219866633,0.0006124566425569355
2568,0.09360100328922272,0.0006119231693446636
2569,0.043733999133110046,0.000610973744187504
2570,0.06373400241136551,0.00061032734811306
2571,0.02346700057387352,0.0006096691940911114
2572,0.04853399842977524,0.000609281356446445
2573,0.028534000739455223,0.0006088273366913199
2574,0.05360100045800209,0.0006086338544264436
2575,0.003467000089585781,0.0006081205792725086
2576,0.03866700083017349,0.0006076020072214305
2577,-0.0013330000219866633,0.000607018475420773
2578,0.03359999880194664,0.0006064509507268667
2579,-0.011466999538242817,0.0006060084560886025
2580,0.03866700083017349,0.0006055575795471668
2581,-0.0013330000219866633,0.0006050741067156196
2582,0.04853399842977524,0.0006045678746886551
2583,-0.0013330000219866633,0.0006038610590621829
2584,0.05866700038313866,0.0006032567471265793
2585,-0.0013330000219866633,0.0006024934118613601
2586,0.05360100045800209,0.0006017962004989386
2587,0.01360000018030405,0.000601257081143558
2588,0.06373400241136551,0.0006008014315739274
2589,-0.0013330000219866633,0.0006000775611028075
2590,0.03866700083017349,0.0005993956583552063
2591,-0.016534000635147095,0.0005984645104035735
2592,0.05360100045800209,0.000597615959122777
2593,-0.011466999538242817,0.0005969171179458499
2594,0.043733999133110046,0.0005961301503702998
2595,0.003467000089585781,0.0005952976644039154
2596,0.05866700038313866,0.0005947195459157228
2597,0.028534000739455223,0.0005939300172030926
2598,0.06373400241136551,0.0005932137137278914
2599,-0.011466999538242817,0.0005923682474531233
2600,0.02346700057387352,0.0005914599169045687
2601,-0.031466998159885406,0.0005906660808250308
2602,0.008533000014722347,0.0005899554234929383
2603,0.02346700057387352,0.0005892341141588986
2604,0.06373400241136551,0.0005889422027394176
2605,0.01866699941456318,0.0005883204285055399
2606,0.08880099654197693,0.0005877558141946793
2607,0.01360000018030405,0.0005871561588719487
2608,0.043733999133110046,0.0005867777508683503
2609,0.02346700057387352,0.000586396548897028
2610,0.05360100045800209,0.0005861625541001558
2611,-0.016534000635147095,0.0005858273361809552
2612,0.028534000739455223,0.0005856507923454046
2613,-0.031466998159885406,0.0005854109185747802
2614,0.01866699941456318,0.0005849030567333102
2615,-0.011466999538242817,0.0005843419348821044
2616,0.01866699941456318,0.0005838568322360516
2617,0.003467000089585781,0.0005835425108671188
2618,-0.006399999838322401,0.0005833266768604517
2619,-0.0013330000219866633,0.0005831770249642432
2620,0.04853399842977524,0.0005828618886880577
2621,0.028534000739455223,0.0005826675333082676
2622,0.02346700057387352,0.0005823327228426933
2623,-0.011466999538242817,0.000581996631808579
2624,0.01866699941456318,0.0005817412165924907
2625,-0.011466999538242817,0.0005813795141875744
2626,0.05866700038313866,0.0005811123410239816
2627,0.003467000089585781,0.0005807214765809476
2628,0.05866700038313866,0.0005803003441542387
2629,-0.026399999856948853,0.0005798941710963845
2630,0.03866700083017349,0.0005794898024760187
2631,0.003467000089585781,0.0005792335141450167
2632,0.04853399842977524,0.0005790626164525747
2633,-0.02160000056028366,0.0005787867703475058
2634,0.07866799831390381,0.0005785523098893464
2635,0.02346700057387352,0.0005785049870610237
2636,0.04853399842977524,0.00057839450892061
2637,-0.006399999838322401,0.0005783770466223359
2638,0.03866700083017349,0.0005782009102404118
2639,0.02346700057387352,0.0005782007938250899
2640,0.043733999133110046,0.0005782334483228624
2641,0.008533000014722347,0.0005784560926258564
2642,0.0685340017080307,0.0005786994006484747
2643,-0.0013330000219866633,0.0005787026602774858
2644,0.03866700083017349,0.0005786423571407795
2645,0.028534000739455223,0.0005785331595689058
2646,0.03866700083017349,0.0005783169181086123
2647,-0.0013330000219866633,0.0005780384526588023
2648,0.028534000739455223,0.0005777378682978451
2649,-0.011466999538242817,0.0005772614968009293
2650,0.04853399842977524,0.0005769027629867196
2651,-0.04666699841618538,0.000576683902181685
2652,0.04853399842977524,0.0005761998472735286
2653,-0.026399999856948853,0.0005760985659435391
2654,0.02346700057387352,0.0005758389597758651
2655,0.003467000089585781,0.0005755234742537141
2656,0.04853399842977524,0.0005754696321673691
2657,0.008533000014722347,0.0005753315635956824
2658,0.028534000739455223,0.0005751553107984364
2659,-0.026399999856948853,0.0005751157295890152
2660,0.0685340017080307,0.0005750959389843047
2661,0.02346700057387352,0.0005752091528847814
2662,0.01866699941456318,0.0005753291770815849
2663,0.01360000018030405,0.0005754302255809307
2664,0.04853399842977524,0.0005754568846896291
2665,-0.011466999538242817,0.0005756057798862457
2666,0.028534000739455223,0.0005754260928370059
2667,0.01360000018030405,0.0005753418663516641
2668,0.03866700083017349,0.0005753711448051035
2669,-0.016534000635147095,0.0005754284793511033
2670,0.04853399842977524,0.0005754111334681511
2671,-0.02160000056028366,0.0005756776663474739
2672,0.06373400241136551,0.0005757724866271019
2673,-0.011466999538242817,0.000575966143514961
2674,0.04853399842977524,0.0005760578205808997
2675,-0.026399999856948853,0.000576149090193212
2676,0.043733999133110046,0.0005761864595115185
2677,0.008533000014722347,0.0005764485104009509
2678,0.043733999133110046,0.00057666574139148
2679,0.003467000089585781,0.0005769283161498606
2680,0.06373400241136551,0.0005773395532742143
2681,0.02346700057387352,0.000577703642193228
2682,0.028534000739455223,0.0005781764630228281
2683,0.008533000014722347,0.0005786277470178902
2684,0.02346700057387352,0.0005791042931377888
2685,-0.026399999856948853,0.0005796812474727631
2686,0.07360100001096725,0.0005801866063848138
2687,0.03866700083017349,0.0005807004636153579
2688,0.043733999133110046,0.0005811909213662148
2689,0.01360000018030405,0.0005815300974063575
2690,0.05360100045800209,0.0005819471552968025
2691,0.008533000014722347,0.0005822859238833189
2692,0.08880099654197693,0.0005826408159919083
2693,-0.02160000056028366,0.0005833088653162122
2694,0.05866700038313866,0.0005839901859872043
2695,-0.026399999856948853,0.0005846318090334535
2696,0.02346700057387352,0.0005848909495398402
2697,0.03359999880194664,0.000584963767323643
2698,0.02346700057387352,0.0005849576555192471
2699,0.01866699941456318,0.0005847442080266774
2700,0.05360100045800209,0.0005844772094860673
2701,-0.006399999838322401,0.0005842434475198388
2702,0.02346700057387352,0.0005840521771460772
2703,-0.026399999856948853,0.0005840061930939555
2704,0.03359999880194664,0.0005839584628120065
2705,-0.0013330000219866633,0.0005838687065988779
2706,0.04853399842977524,0.0005837406497448683
2707,0.02346700057387352,0.0005835113697685301
2708,0.06373400241136551,0.0005832634051330388
2709,0.003467000089585781,0.0005829267320223153
2710,0.07360100001096725,0.0005825238768011332
2711,0.01360000018030405,0.0005820913938805461
2712,0.03359999880194664,0.0005819383659400046
2713,0.003467000089585781,0.0005820009973831475
2714,0.05360100045800209,0.0005822533858008683
2715,-0.011466999538242817,0.000582536740694195
2716,0.028534000739455223,0.0005824994877912104
2717,-0.016534000635147095,0.0005825891275890172
2718,0.01866699941456318,0.0005823845276609063
2719,-0.026399999856948853,0.0005823365063406527
2720,0.01866699941456318,0.0005820637452416122
2721,-0.0013330000219866633,0.0005818837089464068
2722,0.028534000739455223,0.0005818430217914283
2723,-0.0013330000219866633,0.000581726897507906
2724,0.043733999133110046,0.0005816258490085602
2725,-0.011466999538242817,0.0005815556505694985
2726,0.02346700057387352,0.0005814959295094013
2727,0.01360000018030405,0.0005813901079818606
2728,0.003467000089585781,0.0005813189782202244
2729,-0.02160000056028366,0.0005813025054521859
2730,0.01360000018030405,0.0005809111171402037
2731,0.003467000089585781,0.0005807315465062857
2732,0.01866699941456318,0.0005806012777611613
2733,0.028534000739455223,0.0005802984815090895
2734,0.05360100045800209,0.0005800161743536592
2735,-0.0013330000219866633,0.0005797768826596439
2736,0.028534000739455223,0.0005795474862679839
2737,-0.011466999538242817,0.0005793931777589023
2738,0.04853399842977524,0.0005791150033473969
2739,0.01360000018030405,0.0005787760601378977
2740,0.05360100045800209,0.0005784261738881469
2741,0.003467000089585781,0.0005782368825748563
2742,0.028534000739455223,0.0005779124330729246
2743,0.008533000014722347,0.0005777762271463871
2744,0.04853399842977524,0.000577466213144362
2745,-0.016534000635147095,0.00057724624639377
2746,0.03866700083017349,0.0005767139373347163
2747,0.003467000089585781,0.0005763286026194692
2748,0.05360100045800209,0.0005762050859630108
2749,-0.03653400018811226,0.000576383201405406
2750,0.07866799831390381,0.0005765412352047861
2751,0.003467000089585781,0.0005771919386461377
2752,0.02346700057387352,0.0005777828628197312
2753,-0.011466999538242817,0.0005782955558970571
2754,0.04853399842977524,0.0005783592350780964
2755,0.003467000089585781,0.0005786761175841093
2756,0.03866700083017349,0.0005789226270280778
2757,-0.0013330000219866633,0.0005794853204861283
2758,0.05360100045800209,0.0005797784542664886
2759,0.01866699941456318,0.0005804030224680901
2760,0.05360100045800209,0.0005809105932712555
2761,-0.0013330000219866633,0.0005815639742650092
2762,0.03866700083017349,0.0005820122314617038
2763,0.02346700057387352,0.0005824813852086663
2764,0.05360100045800209,0.0005830191075801849
2765,0.01360000018030405,0.0005835762131027877
2766,0.06373400241136551,0.0005840464727953076
2767,0.028534000739455223,0.0005844536935910583
2768,0.06373400241136551,0.0005847761640325189
2769,0.003467000089585781,0.0005851767491549253
2770,0.028534000739455223,0.0005855046911165118
2771,0.01866699941456318,0.0005858409567736089
2772,0.04853399842977524,0.0005861602257937193
2773,-0.02160000056028366,0.0005864686681888998
2774,0.04853399842977524,0.0005867748404853046
2775,0.003467000089585781,0.0005871984176337719
2776,0.07866799831390381,0.0005876199575141072
2777,0.01360000018030405,0.0005880317185074091
2778,0.05360100045800209,0.0005884376587346196
2779,0.043733999133110046,0.0005887651350349188
2780,0.06373400241136551,0.0005889894673600793
2781,0.03359999880194664,0.0005892944172956049
2782,0.03866700083017349,0.0005895539652556181
2783,0.01866699941456318,0.0005897841183468699
2784,0.043733999133110046,0.0005899803945794702
2785,0.003467000089585781,0.0005902537959627807
2786,0.03866700083017349,0.0005904642748646438
2787,0.003467000089585781,0.0005908021703362465
2788,0.01360000018030405,0.0005910620093345642
2789,-0.0013330000219866633,0.0005913600325584412
2790,0.02346700057387352,0.0005915340734645724
2791,-0.0013330000219866633,0.0005919254617765546
2792,0.06373400241136551,0.00059226289158687
2793,0.01866699941456318,0.0005928384489379823
2794,0.07360100001096725,0.0005932812346145511
2795,0.01866699941456318,0.0005938829272054136
2796,0.028534000739455223,0.0005943711730651557
2797,0.03359999880194664,0.0005949332844465971
2798,0.043733999133110046,0.0005953219952061772
2799,0.03866700083017349,0.0005956083768978715
2800,0.05866700038313866,0.0005959575064480305
2801,0.05360100045800209,0.0005962135619483888
2802,0.06373400241136551,0.0005965730524621904
2803,0.02346700057387352,0.0005968619952909648
2804,0.06373400241136551,0.00059712422080338
2805,0.008533000014722347,0.0005974301602691412
2806,0.05866700038313866,0.0005976182874292135
2807,0.02346700057387352,0.0005978530971333385
2808,0.03359999880194664,0.0005979504203423858
2809,-0.0013330000219866633,0.0005983412265777588
2810,0.03866700083017349,0.0005986979231238365
2811,-0.02160000056028366,0.0005992674850858748
2812,0.07360100001096725,0.0005994648672640324
2813,0.03866700083017349,0.0005994427483528852
2814,0.04853399842977524,0.0005993301747366786
2815,0.008533000014722347,0.0005993263912387192
2816,0.03359999880194664,0.0005991843645460904
2817,-0.0013330000219866633,0.0005992067162878811
2818,0.028534000739455223,0.0005991474608890712
2819,-0.011466999538242817,0.0005990727804601192
2820,0.05866700038313866,0.000598788377828896
2821,0.01360000018030405,0.0005988441989757121
2822,0.028534000739455223,0.0005987953627482057
2823,0.02346700057387352,0.0005988889606669545
2824,0.06373400241136551,0.0005987599142827094
2825,0.008533000014722347,0.0005988775519654155
2826,0.01360000018030405,0.0005991058424115181
2827,0.028534000739455223,0.0005995563697069883
2828,0.04853399842977524,0.0005997463595122099
2829,-0.04666699841618538,0.0006001951405778527
2830,0.03866700083017349,0.0006002616137266159
2831,-0.011466999538242817,0.0006006150506436825
2832,0.02346700057387352,0.000600632221903652
2833,0.003467000089585781,0.0006008209893479943
2834,0.03866700083017349,0.0006011524819768965
2835,0.028534000739455223,0.0006014867103658617
2836,0.07866799831390381,0.0006014524260535836
2837,-0.0013330000219866633,0.0006014806567691267
2838,0.04853399842977524,0.0006012911908328533
2839,0.04853399842977524,0.0006013433448970318
2840,0.04853399842977524,0.0006010554498061538
2841,0.008533000014722347,0.0006010171491652727
2842,0.03359999880194664,0.000600862258579582
2843,-0.0013330000219866633,0.0006009032367728651
2844,0.04853399842977524,0.000601207313593477
2845,0.008533000014722347,0.0006017630221322179
2846,0.08880099654197693,0.0006023261230438948
2847,-0.0013330000219866633,0.0006028110510669649
2848,0.06373400241136551,0.0006034887628629804
2849,0.003467000089585781,0.0006042192690074444
2850,0.06373400241136551,0.0006047483766451478
2851,0.003467000089585781,0.0006051348173059523
2852,0.04853399842977524,0.0006054912228137255
2853,0.04853399842977524,0.0006060712621547282
2854,0.07360100001096725,0.0006066501955501735
2855,-0.011466999538242817,0.0006073204567655921
2856,0.04853399842977524,0.0006079203449189663
2857,0.003467000089585781,0.0006085568456910551
2858,0.04853399842977524,0.0006093461997807026
2859,-0.03653400018811226,0.0006100937025621533
2860,0.05360100045800209,0.0006102690240368247
2861,-0.0013330000219866633,0.0006106869550421834
2862,0.03866700083017349,0.0006109948153607547
2863,0.01360000018030405,0.0006115589640103281
2864,0.03359999880194664,0.0006120101897977293
2865,0.028534000739455223,0.000612725387327373
2866,0.05360100045800209,0.0006134069990366697
2867,-0.026399999856948853,0.0006141380872577429
2868,0.05360100045800209,0.0006144513608887792
2869,0.03359999880194664,0.0006148245302028954
2870,0.03359999880194664,0.0006154546281322837
2871,-0.0013330000219866633,0.0006163077196106315
2872,0.06373400241136551,0.0006171056302264333
2873,-0.016534000635147095,0.0006178352632559836
2874,0.05360100045800209,0.0006183917867019773
2875,0.003467000089585781,0.0006190683925524354
2876,0.08880099654197693,0.0006197282345965505
2877,0.003467000089585781,0.0006202689837664366
2878,0.05866700038313866,0.000620809500105679
2879,0.02346700057387352,0.0006210841238498688
2880,0.05360100045800209,0.0006214583991095424
2881,-0.0013330000219866633,0.0006219214992597699
2882,0.05866700038313866,0.0006221500225365162
2883,-0.006399999838322401,0.0006225573597475886
2884,0.05360100045800209,0.0006229347782209516
2885,0.028534000739455223,0.0006232850719243288
2886,0.05866700038313866,0.0006235507316887379
2887,0.01866699941456318,0.0006239389767870307
2888,0.06373400241136551,0.0006242756498977542
2889,0.02346700057387352,0.0006245941622182727
2890,0.03359999880194664,0.0006249147700145841
2891,0.01360000018030405,0.0006251120939850807
2892,0.028534000739455223,0.0006253791507333517
2893,0.01360000018030405,0.0006258216453716159
2894,0.04853399842977524,0.0006262339884415269
2895,0.003467000089585781,0.0006269073346629739
2896,0.05360100045800209,0.0006273883627727628
2897,0.003467000089585781,0.0006279272492974997
2898,0.028534000739455223,0.0006282574031502008
2899,0.003467000089585781,0.0006285069393925369
2900,0.0685340017080307,0.0006284973351284862
2901,0.01360000018030405,0.0006286831921897829
2902,0.0685340017080307,0.0006290186429396272
2903,0.028534000739455223,0.0006294844206422567
2904,0.06373400241136551,0.000629920803476125
2905,-0.02160000056028366,0.0006307177827693522
2906,0.07360100001096725,0.0006310000899247825
2907,0.02346700057387352,0.0006312442710623145
2908,0.04853399842977524,0.0006313759367913008
2909,0.03866700083017349,0.0006314548081718385
2910,0.07360100001096725,0.0006316190119832754
2911,0.01866699941456318,0.000631829141639173
2912,0.05866700038313866,0.0006320925313048065
2913,0.02346700057387352,0.0006322958506643772
2914,0.07360100001096725,0.0006324972491711378
2915,0.03359999880194664,0.0006325083086267114
2916,0.05866700038313866,0.0006325672729872167
2917,-0.006399999838322401,0.0006324796704575419
2918,0.03359999880194664,0.0006322094122879207
2919,0.008533000014722347,0.0006318329251371324
2920,0.05866700038313866,0.000631645554676652
2921,0.028534000739455223,0.0006313304184004664
2922,0.07360100001096725,0.0006313517806120217
2923,-0.006399999838322401,0.0006316143553704023
2924,0.05360100045800209,0.000631799572147429
2925,0.003467000089585781,0.000631771341431886
2926,0.028534000739455223,0.0006317817023955286
2927,0.003467000089585781,0.0006318349624052644
2928,0.03866700083017349,0.000631907838396728
2929,0.01360000018030405,0.0006318375235423446
2930,0.03866700083017349,0.0006318570813164115
2931,-0.016534000635147095,0.0006318183150142431
2932,0.03866700083017349,0.0006317998049780726
2933,0.028534000739455223,0.0006316888029687107
2934,0.03359999880194664,0.0006315488135442138
2935,0.01866699941456318,0.000631477334536612
2936,0.028534000739455223,0.0006314766360446811
2937,0.003467000089585781,0.0006317113293334842
2938,0.03866700083017349,0.0006318428786471486
2939,-0.02160000056028366,0.0006318064406514168
2940,0.05360100045800209,0.0006312621990218759
2941,0.01866699941456318,0.000630707829259336
2942,0.06373400241136551,0.0006301067769527435
2943,0.003467000089585781,0.0006295786006376147
2944,0.06373400241136551,0.0006291051395237446
2945,0.01360000018030405,0.0006287634605541825
2946,0.06373400241136551,0.0006283001275733113
2947,0.04853399842977524,0.0006278867367655039
2948,0.05360100045800209,0.0006275877240113914
2949,0.01866699941456318,0.0006272929022088647
2950,0.07360100001096725,0.000626972527243197
2951,-0.006399999838322401,0.000626738416031003
2952,0.05866700038313866,0.0006268094875849783
2953,-0.016534000635147095,0.0006273859762586653
2954,0.07360100001096725,0.0006278132786974311
2955,0.003467000089585781,0.000628471898380667
2956,0.04853399842977524,0.0006291032768785954
2957,-0.006399999838322401,0.0006297673098742962
2958,0.028534000739455223,0.0006300972308963537
2959,0.01360000018030405,0.0006304954877123237
2960,0.07360100001096725,0.0006310294847935438
2961,-0.0013330000219866633,0.0006315289065241814
2962,0.043733999133110046,0.0006317988154478371
2963,0.003467000089585781,0.000632076058536768
2964,0.04853399842977524,0.0006322002154774964
2965,0.02346700057387352,0.0006323740817606449
2966,0.08880099654197693,0.0006327963201329112
2967,0.06373400241136551,0.0006332385819405317
2968,0.06373400241136551,0.0006341747939586639
2969,-0.031466998159885406,0.0006348472670651972
2970,0.04853399842977524,0.0006351271294988692
2971,-0.011466999538242817,0.0006353475619107485
2972,0.04853399842977524,0.0006357336533255875
2973,0.01360000018030405,0.0006361791165545583
2974,0.04853399842977524,0.0006369490874931216
2975,0.003467000089585781,0.0006378442049026489
2976,-0.011466999538242817,0.000638633209746331
2977,-0.0013330000219866633,0.0006392537616193295
2978,0.04853399842977524,0.0006397328688763082
2979,0.003467000089585781,0.0006404662854038179
2980,0.03866700083017349,0.0006409624475054443
2981,0.003467000089585781,0.0006415246753022075
2982,0.05866700038313866,0.0006418750854209065
2983,0.003467000089585781,0.0006422225851565599
2984,0.07866799831390381,0.000642509083263576
2985,0.043733999133110046,0.0006426945910789073
2986,0.07866799831390381,0.0006432787049561739
2987,0.01360000018030405,0.0006437465199269354
2988,0.0685340017080307,0.0006441175355575979
2989,0.01866699941456318,0.0006446985062211752
2990,0.06373400241136551,0.0006454463582485914
2991,0.01360000018030405,0.0006459769792854786
2992,0.04853399842977524,0.0006466639460995793
2993,0.028534000739455223,0.0006472590030170977
2994,0.07866799831390381,0.0006482781609520316
2995,0.01360000018030405,0.0006492068059742451
2996,0.10373499989509583,0.0006504569319076836
2997,0.028534000739455223,0.0006516440189443529
2998,0.07866799831390381,0.0006529481615871191
2999,0.003467000089585781,0.0006540685426443815
3000,0.03866700083017349,0.0006551537662744522
3001,0.01360000018030405,0.0006562117487192154
3002,0.06373400241136551,0.0006576306186616421
3003,0.01360000018030405,0.0006590746343135834
3004,0.07360100001096725,0.0006605166126973927
3005,0.003467000089585781,0.0006618120241910219
3006,0.04853399842977524,0.0006629578419961035
3007,0.01360000018030405,0.0006638061022385955
3008,0.05866700038313866,0.0006648209528066218
3009,0.043733999133110046,0.0006657678168267012
3010,0.07360100001096725,0.0006670030415989459
3011,-0.0013330000219866633,0.0006682028761133552
3012,0.05866700038313866,0.0006693818140774965
3013,0.008533000014722347,0.0006704996339976788
3014,0.028534000739455223,0.0006718473159708083
3015,0.01360000018030405,0.0006729821907356381
3016,0.07866799831390381,0.000674234761390835
3017,0.04853399842977524,0.0006750166648998857
3018,0.04853399842977524,0.0006759647512808442
3019,0.028534000739455223,0.0006768024759367108
3020,0.08880099654197693,0.0006777847884222865
3021,0.003467000089585781,0.0006787810707464814
3022,0.06373400241136551,0.0006799113471060991
3023,0.043733999133110046,0.0006811036146245897
3024,0.05360100045800209,0.0006824475130997598
3025,0.008533000014722347,0.0006838173139840364
3026,0.028534000739455223,0.0006851090001873672
3027,0.01360000018030405,0.0006861945148557425
3028,0.06373400241136551,0.0006873359670862556
3029,0.003467000089585781,0.0006886301562190056
3030,0.03866700083017349,0.0006899729487486184
3031,0.003467000089585781,0.0006913145771250129
3032,0.04853399842977524,0.000692689442075789
3033,0.028534000739455223,0.0006939544109627604
3034,0.06373400241136551,0.0006953539559617639
3035,0.02346700057387352,0.0006969053065404296
3036,0.03866700083017349,0.0006985028740018606
3037,-0.006399999838322401,0.0007000165642239153
3038,0.03866700083017349,0.0007014409638941288
3039,0.01360000018030405,0.0007027933024801314
3040,0.0685340017080307,0.0007041360950097442
3041,0.01360000018030405,0.0007054839516058564
3042,0.05360100045800209,0.0007068435079418123
3043,0.01866699941456318,0.0007081346120685339
3044,0.04853399842977524,0.0007092900923453271
3045,-0.02160000056028366,0.0007104382384568453
3046,0.03866700083017349,0.0007112871971912682
3047,0.008533000014722347,0.0007118916837498546
3048,0.04853399842977524,0.0007125049596652389
3049,0.008533000014722347,0.0007130751619115472
3050,0.04853399842977524,0.0007138927467167377
3051,0.008533000014722347,0.000714594847522676
3052,0.03359999880194664,0.0007152868784032762
3053,0.043733999133110046,0.0007159168599173427
3054,0.07360100001096725,0.0007167955045588315
3055,0.02346700057387352,0.0007177147199399769
3056,0.07360100001096725,0.0007186707225628197
3057,0.01360000018030405,0.0007195918005891144
3058,0.03866700083017349,0.0007204347639344633
3059,0.02346700057387352,0.0007213217904791236
3060,0.04853399842977524,0.0007223798311315477
3061,-0.011466999538242817,0.0007233422948047519
3062,0.06373400241136551,0.0007243711734190583
3063,0.003467000089585781,0.000725356163457036
3064,0.07866799831390381,0.0007265715976245701
3065,0.04853399842977524,0.0007275848183780909
3066,0.04853399842977524,0.0007286130567081273
3067,0.008533000014722347,0.0007293053204193711
3068,0.07866799831390381,0.0007300908328033984
3069,-0.011466999538242817,0.0007311581284739077
3070,0.03866700083017349,0.0007321308366954327
3071,0.02346700057387352,0.0007331205997616053
3072,0.05360100045800209,0.0007341493619605899
3073,-0.011466999538242817,0.0007353287073783576
3074,0.04853399842977524,0.0007362395990639925
3075,-0.0013330000219866633,0.0007370248786173761
3076,0.03866700083017349,0.0007379738381132483
3077,-0.0013330000219866633,0.0007389455568045378
3078,0.04853399842977524,0.0007399020832963288
3079,0.01360000018030405,0.0007406823569908738
3080,0.08880099654197693,0.0007416198495775461
3081,0.043733999133110046,0.0007425547810271382
3082,0.04853399842977524,0.0007435482693836093
3083,-0.016534000635147095,0.0007447079406119883
3084,0.06373400241136551,0.0007458897307515144
3085,0.01866699941456318,0.0007467846153303981
3086,0.08880099654197693,0.0007479929481633008
3087,0.008533000014722347,0.0007489983690902591
3088,0.05360100045800209,0.0007500954088754952
3089,0.028534000739455223,0.0007513685268349946
3090,0.06373400241136551,0.0007526499102823436
3091,-0.02160000056028366,0.0007541115628555417
3092,0.04853399842977524,0.0007556366035714746
3093,-0.02160000056028366,0.0007574186893180013
3094,0.05360100045800209,0.0007595612551085651
3095,-0.02160000056028366,0.000761571922339499
3096,0.0685340017080307,0.0007635593065060675
3097,0.03359999880194664,0.0007651821942999959
3098,0.08880099654197693,0.0007671570056118071
3099,0.04853399842977524,0.0007686610333621502
3100,0.07360100001096725,0.0007700406131334603
3101,0.028534000739455223,0.0007709302008152008
3102,0.0685340017080307,0.0007717614062130451
3103,0.01360000018030405,0.000772545172367245
3104,0.0685340017080307,0.0007730361539870501
3105,0.02346700057387352,0.0007732362137176096
3106,0.04853399842977524,0.0007738001877442002
3107,-0.006399999838322401,0.0007746715564280748
3108,0.04853399842977524,0.0007754790713079274
3109,-0.006399999838322401,0.0007760644657537341
3110,0.03866700083017349,0.0007764457841403782
3111,-0.0013330000219866633,0.0007769486983306706
3112,0.03866700083017349,0.0007773240795359015
3113,-0.0013330000219866633,0.0007777597056701779
3114,0.05866700038313866,0.0007781320018693805
3115,0.008533000014722347,0.0007783671608194709
3116,0.028534000739455223,0.0007788490038365126
3117,0.008533000014722347,0.0007793182739987969
3118,0.06373400241136551,0.0007799521554261446
3119,0.02346700057387352,0.0007805583300068974
3120,0.05360100045800209,0.0007814316195435822
3121,-0.026399999856948853,0.0007820265600457788
3122,0.07360100001096725,0.0007824440253898501
3123,0.01360000018030405,0.0007828254019841552
3124,0.07866799831390381,0.0007835051510483027
3125,-0.0013330000219866633,0.0007842577761039138
3126,0.05360100045800209,0.0007847000379115343
3127,0.01360000018030405,0.0007847906090319157
3128,0.03359999880194664,0.0007851834525354207
3129,0.008533000014722347,0.000785715295933187
3130,0.07866799831390381,0.0007864578510634601
3131,0.003467000089585781,0.000786900520324707
3132,0.07866799831390381,0.0007872911519370973
3133,0.008533000014722347,0.0007876103627495468
3134,0.05360100045800209,0.0007880885968916118
3135,0.04853399842977524,0.0007888203836046159
3136,0.07360100001096725,0.0007896148017607629
3137,-0.006399999838322401,0.0007905696402303874
3138,0.028534000739455223,0.00079172826372087
3139,0.01866699941456318,0.0007929945131763816
3140,0.03359999880194664,0.0007944473181851208
3141,0.03866700083017349,0.000795672764070332
3142,0.028534000739455223,0.0007967754499986768
3143,0.02346700057387352,0.0007978942012414336
3144,0.01360000018030405,0.0007986864075064659
3145,0.003467000089585781,0.0007995479390956461
3146,0.02346700057387352,0.0008004490518942475
3147,0.02346700057387352,0.0008014949271455407
3148,0.03359999880194664,0.0008029220625758171
3149,0.003467000089585781,0.0008044991409406066
3150,0.01866699941456318,0.0008059308165684342
3151,0.02346700057387352,0.0008077583042904735
3152,0.07866799831390381,0.0008095953380689025
3153,-0.02160000056028366,0.0008111168863251805
3154,0.06373400241136551,0.0008122606086544693
3155,-0.0013330000219866633,0.0008131763897836208
3156,0.05866700038313866,0.0008143638260662556
3157,-0.0013330000219866633,0.0008154640672728419
3158,0.05866700038313866,0.0008165601757355034
3159,0.003467000089585781,0.00081759097520262
3160,0.06373400241136551,0.0008185096667148173
3161,0.01360000018030405,0.0008189398795366287
3162,0.03866700083017349,0.0008197558345273137
3163,-0.011466999538242817,0.0008205738267861307
3164,0.0685340017080307,0.0008214536937884986
3165,0.01360000018030405,0.0008220138261094689
3166,0.04853399842977524,0.0008222725009545684
3167,0.02346700057387352,0.0008226328063756227
3168,0.03866700083017349,0.000823153939563781
3169,0.003467000089585781,0.000823698122985661
3170,0.03359999880194664,0.0008242758922278881
3171,-0.0013330000219866633,0.0008251736289821565
3172,0.08373399823904037,0.000825728930067271
3173,-0.006399999838322401,0.0008263320196419954
3174,0.05360100045800209,0.0008270037942565978
3175,0.02346700057387352,0.0008275775471702218
3176,0.05866700038313866,0.0008284052019007504
3177,0.008533000014722347,0.0008291311096400023
3178,0.05360100045800209,0.0008298018365167081
3179,0.01360000018030405,0.0008300717454403639
3180,0.05360100045800209,0.0008305581286549568
3181,0.003467000089585781,0.0008310349658131599
3182,0.04853399842977524,0.0008313794387504458
3183,0.003467000089585781,0.0008315410814248025
3184,0.04853399842977524,0.0008314053411595523
3185,0.01360000018030405,0.0008314685546793044
3186,0.03866700083017349,0.0008316574967466295
3187,-0.04666699841618538,0.000832039921078831
3188,0.05360100045800209,0.0008320880006067455
3189,-0.0013330000219866633,0.000832343241199851
3190,0.07360100001096725,0.0008329518605023623
3191,0.01866699941456318,0.0008332721190527081
3192,0.09866800159215927,0.0008335080347023904
3193,0.03359999880194664,0.0008331985445693135
3194,0.05866700038313866,0.0008333522127941251
3195,0.03866700083017349,0.0008336259052157402
3196,0.09360100328922272,0.0008343358640559018
3197,-0.0013330000219866633,0.0008345557143911719
3198,0.04853399842977524,0.0008349561248905957
3199,0.003467000089585781,0.0008354331366717815
3200,0.06373400241136551,0.0008357882616110146
3201,-0.011466999538242817,0.00083618686767295
3202,0.04853399842977524,0.000836697407066822
3203,-0.0013330000219866633,0.0008373848395422101
3204,0.04853399842977524,0.0008376229088753462
3205,0.003467000089585781,0.0008376828627660871
3206,0.04853399842977524,0.0008380495710298419
3207,0.03866700083017349,0.0008382915402762592
3208,0.07360100001096725,0.0008387762936763465
3209,0.01866699941456318,0.0008387297857552767
3210,0.05360100045800209,0.0008388678543269634
3211,0.03866700083017349,0.0008389216964133084
3212,0.0685340017080307,0.0008390066213905811
3213,0.01360000018030405,0.0008390145376324654
3214,0.05360100045800209,0.0008394413744099438
3215,-0.02160000056028366,0.0008400173392146826
3216,0.07360100001096725,0.0008401115774177015
3217,-0.011466999538242817,0.0008401972590945661
3218,0.05360100045800209,0.0008404811378568411
3219,0.02346700057387352,0.0008406389970332384
3220,0.03866700083017349,0.0008411817252635956
3221,-0.02160000056028366,0.000841901870444417
3222,0.03359999880194664,0.0008421035017818213
3223,-0.011466999538242817,0.0008426233544014394
3224,0.043733999133110046,0.0008424572879448533
3225,-0.0013330000219866633,0.0008425497217103839
3226,0.06373400241136551,0.0008430116577073932
3227,0.003467000089585781,0.0008433511247858405
3228,0.028534000739455223,0.0008436598582193255
3229,0.043733999133110046,0.0008438219665549695
3230,0.07360100001096725,0.0008441306417807937
3231,0.02346700057387352,0.0008438764489255846
3232,0.04853399842977524,0.0008439695229753852
3233,0.003467000089585781,0.0008440847741439939
3234,0.08880099654197693,0.0008442207472398877
3235,-0.026399999856948853,0.0008443143451586366
3236,0.0685340017080307,0.0008442954858765006
3237,-0.0013330000219866633,0.0008444872219115496
3238,0.06373400241136551,0.0008448287844657898
3239,0.01360000018030405,0.0008452479960396886
3240,0.05360100045800209,0.0008455222705379128
3241,0.01360000018030405,0.0008458255906589329
3242,0.05360100045800209,0.0008458880474790931
3243,0.02346700057387352,0.0008460260578431189
3244,0.05866700038313866,0.0008462178520858288
3245,0.01360000018030405,0.0008463076082989573
3246,0.06373400241136551,0.0008462852565571666
3247,0.01360000018030405,0.0008465098217129707
3248,0.043733999133110046,0.0008462119149044156
3249,0.003467000089585781,0.0008460996323265135
3250,0.05866700038313866,0.0008453087648376822
3251,-0.016534000635147095,0.0008449277374893427
3252,0.05360100045800209,0.0008442632388323545
3253,0.01866699941456318,0.0008435620693489909
3254,0.043733999133110046,0.0008426908170804381
3255,0.01360000018030405,0.0008419814985245466
3256,0.05866700038313866,0.0008412189199589193
3257,0.003467000089585781,0.000840456341393292
3258,0.04853399842977524,0.0008394182077609003
3259,0.01360000018030405,0.000838428910356015
3260,0.05360100045800209,0.0008371959556825459
3261,-0.026399999856948853,0.0008361080545000732
3262,0.05866700038313866,0.000834816659335047
3263,-0.0013330000219866633,0.0008337907493114471
3264,0.028534000739455223,0.0008328332332894206
3265,-0.031466998159885406,0.0008321745553985238
3266,0.01866699941456318,0.0008312753634527326
3267,-0.0013330000219866633,0.0008304457296617329
3268,0.05360100045800209,0.0008297279709950089
3269,0.03359999880194664,0.0008288952521979809
3270,0.07360100001096725,0.000828022020868957
3271,-0.02160000056028366,0.0008270834805443883
3272,0.07360100001096725,0.0008261025068350136
3273,0.01360000018030405,0.0008251670515164733
3274,0.0685340017080307,0.0008242710609920323
3275,0.008533000014722347,0.0008234581910073757
3276,0.05360100045800209,0.0008225429919548333
3277,-0.0013330000219866633,0.000821700319647789
3278,0.03866700083017349,0.0008205953636206686
3279,-0.0013330000219866633,0.0008196360431611538
3280,0.0685340017080307,0.000818602682556957
3281,-0.011466999538242817,0.0008175780531018972
3282,0.05360100045800209,0.0008167499909177423
3283,0.02346700057387352,0.0008159858989529312
3284,0.0685340017080307,0.0008154049282893538
3285,0.01866699941456318,0.000814661500044167
3286,0.05866700038313866,0.000813817314337939
3287,0.01360000018030405,0.0008130328496918082
3288,0.03866700083017349,0.0008122573490254581
3289,0.02346700057387352,0.0008115787641145289
3290,0.05866700038313866,0.0008109327172860503
3291,-0.0013330000219866633,0.0008101536077447236
3292,0.05360100045800209,0.0008094945224002004
3293,0.043733999133110046,0.0008087042951956391
3294,0.04853399842977524,0.0008081261767074466
3295,0.028534000739455223,0.0008077154052443802
3296,0.07360100001096725,0.0008071613265201449
3297,0.01866699941456318,0.000806412601377815
3298,0.07866799831390381,0.0008057793020270765
3299,0.008533000014722347,0.0008050339529290795
3300,0.07866799831390381,0.0008046021685004234
3301,0.01866699941456318,0.0008039127569645643
3302,0.06373400241136551,0.0008035898208618164
3303,0.003467000089585781,0.000803454895503819
3304,0.043733999133110046,0.0008032236946746707
3305,0.01360000018030405,0.00080298469401896
3306,0.07866799831390381,0.0008029629243537784
3307,0.03359999880194664,0.0008025570423342288
3308,0.05360100045800209,0.0008021696703508496
3309,0.008533000014722347,0.000801753019914031
3310,0.06373400241136551,0.0008011286845430732
3311,-0.0013330000219866633,0.000800458190497011
3312,0.028534000739455223,0.0007998114451766014
3313,0.003467000089585781,0.0007992106257006526
3314,0.05866700038313866,0.0007986434502527118
3315,-0.0013330000219866633,0.0007979770889505744
3316,0.05360100045800209,0.0007972824387252331
3317,0.02346700057387352,0.0007964540855027735
3318,0.07866799831390381,0.000795822823420167
3319,-0.011466999538242817,0.0007951261359266937
3320,0.07866799831390381,0.0007942966767586768
3321,0.01360000018030405,0.0007936853216961026
3322,0.03359999880194664,0.0007929739658720791
3323,0.02346700057387352,0.0007924084784463048
3324,0.08373399823904037,0.0007918275659903884
3325,0.01360000018030405,0.0007910424028523266
3326,0.043733999133110046,0.0007904935046099126
3327,0.003467000089585781,0.0007898459443822503
3328,0.06373400241136551,0.0007892839494161308
3329,0.003467000089585781,0.0007884342921897769
3330,0.043733999133110046,0.0007880462799221277
3331,0.003467000089585781,0.0007877204334363341
3332,0.06373400241136551,0.0007875764276832342
3333,0.01360000018030405,0.000787330383900553
3334,0.07866799831390381,0.0007869196706451476
3335,0.02346700057387352,0.0007866165251471102
3336,0.05360100045800209,0.0007863257196731865
3337,0.003467000089585781,0.0007860768819227815
3338,0.07360100001096725,0.0007858315948396921
3339,0.028534000739455223,0.0007851861882954836
3340,0.07360100001096725,0.0007846553344279528
3341,0.03866700083017349,0.0007840629550628364
3342,0.05866700038313866,0.0007834043353796005
3343,0.003467000089585781,0.0007829522946849465
3344,0.04853399842977524,0.000782584014814347
3345,0.01360000018030405,0.0007819206803105772
3346,0.04853399842977524,0.0007811139803379774
3347,0.01360000018030405,0.000779919617343694
3348,0.06373400241136551,0.0007790139643475413
3349,0.003467000089585781,0.0007778805447742343
3350,0.028534000739455223,0.0007764691254124045
3351,0.008533000014722347,0.0007750110817141831
3352,0.043733999133110046,0.0007739628199487925
3353,0.008533000014722347,0.0007729995413683355
3354,0.06373400241136551,0.0007718184497207403
3355,0.003467000089585781,0.0007708624470978975
3356,0.07360100001096725,0.0007699019042775035
3357,0.003467000089585781,0.000769221514929086
3358,0.04853399842977524,0.0007684475276619196
3359,0.01360000018030405,0.000767689838539809
3360,0.02346700057387352,0.0007672570645809174
3361,-0.016534000635147095,0.0007670684135518968
3362,0.06373400241136551,0.0007669452461414039
3363,0.008533000014722347,0.0007665549637749791
3364,0.04853399842977524,0.0007662821444682777
3365,-0.006399999838322401,0.0007661181734874845
3366,0.06373400241136551,0.0007661515264771879
3367,0.01866699941456318,0.0007661114213988185
3368,0.05866700038313866,0.0007661663694307208
3369,-0.006399999838322401,0.0007658394752070308
3370,0.05866700038313866,0.0007657975074835122
3371,0.028534000739455223,0.0007655580993741751
3372,0.05360100045800209,0.0007654280052520335
3373,0.01866699941456318,0.000765322707593441
3374,0.05360100045800209,0.0007653195061720908
3375,0.003467000089585781,0.0007650587940588593
3376,0.04853399842977524,0.000764869328122586
3377,0.003467000089585781,0.000764428754337132
3378,0.06373400241136551,0.0007642093696631491
3379,0.008533000014722347,0.0007639831164851785
3380,0.03866700083017349,0.0007637544185854495
3381,0.03866700083017349,0.0007635056390427053
3382,0.05360100045800209,0.000763415708206594
3383,-0.0013330000219866633,0.0007632073829881847
3384,0.05360100045800209,0.0007628690800629556
3385,-0.006399999838322401,0.0007624103454872966
3386,0.05360100045800209,0.0007619897369295359
3387,0.003467000089585781,0.0007615546928718686
3388,0.03866700083017349,0.0007612534682266414
3389,0.01360000018030405,0.0007612523622810841
3390,0.05866700038313866,0.0007613389752805233
3391,0.03866700083017349,0.0007610595203004777
3392,0.03866700083017349,0.0007609260501340032
3393,0.01360000018030405,0.0007607860025018454
3394,0.07866799831390381,0.0007609616732224822
3395,0.03359999880194664,0.0007604029960930347
3396,0.09360100328922272,0.0007596908835694194
3397,0.008533000014722347,0.0007589356973767281
3398,0.05866700038313866,0.000758472946472466
3399,0.02346700057387352,0.0007577111246064305
3400,0.05360100045800209,0.0007573803886771202
3401,0.01866699941456318,0.0007571949972771108
3402,0.043733999133110046,0.0007568925502710044
3403,0.003467000089585781,0.0007563698454760015
3404,0.07360100001096725,0.0007555445190519094
3405,-0.0013330000219866633,0.0007544744294136763
3406,0.04853399842977524,0.000753890722990036
3407,0.01360000018030405,0.0007526162080466747
3408,0.01360000018030405,0.000751520274206996
3409,0.028534000739455223,0.0007507876725867391
3410,0.03866700083017349,0.0007506969850510359
3411,0.003467000089585781,0.0007508646231144667
3412,0.01866699941456318,0.0007510184077546
3413,-0.006399999838322401,0.0007512881420552731
3414,0.043733999133110046,0.0007517014164477587
3415,0.008533000014722347,0.0007521339575760067
3416,0.05360100045800209,0.0007526576519012451
3417,0.003467000089585781,0.0007533090538345277
3418,0.0685340017080307,0.0007540736114606261
3419,-0.02160000056028366,0.0007546462002210319
3420,0.03866700083017349,0.0007550882874056697
3421,0.003467000089585781,0.0007558785728178918
3422,0.03866700083017349,0.0007569147273898125
3423,0.02346700057387352,0.0007580391829833388
3424,0.04853399842977524,0.0007591056637465954
3425,0.02346700057387352,0.0007601093384437263
3426,0.07866799831390381,0.0007611779728904366
3427,0.01866699941456318,0.0007615797221660614
3428,0.04853399842977524,0.0007621037075296044
3429,0.008533000014722347,0.000762644805945456
3430,0.03866700083017349,0.0007634802022948861
3431,-0.006399999838322401,0.0007645834120921791
3432,0.05866700038313866,0.0007653417997062206
3433,0.003467000089585781,0.0007662697462365031
3434,0.03866700083017349,0.0007669439655728638
3435,-0.02160000056028366,0.0007681201677769423
3436,0.08373399823904037,0.0007691213395446539
3437,0.01360000018030405,0.0007704637246206403
3438,0.02346700057387352,0.0007720931898802519
3439,0.01360000018030405,0.0007738148560747504
3440,0.05360100045800209,0.0007757691200822592
3441,0.028534000739455223,0.0007774234982207417
3442,0.043733999133110046,0.0007790147210471332
3443,0.003467000089585781,0.0007804051274433732
3444,0.07866799831390381,0.0007821830222383142
3445,0.01360000018030405,0.000783486757427454
3446,0.05360100045800209,0.0007847545202821493
3447,0.008533000014722347,0.0007861340418457985
3448,0.06373400241136551,0.0007876459858380258
3449,0.01360000018030405,0.0007891923887655139
3450,0.04853399842977524,0.0007904648664407432
3451,0.01866699941456318,0.0007915011374279857
3452,0.03866700083017349,0.0007923765806481242
3453,0.003467000089585781,0.0007936871843412519
3454,0.05866700038313866,0.0007946653058752418
3455,0.008533000014722347,0.0007955135661177337
3456,0.07360100001096725,0.0007964294636622071
3457,-0.016534000635147095,0.000797240762040019
3458,0.03866700083017349,0.0007976702763698995
3459,0.003467000089585781,0.0007979043293744326
3460,0.043733999133110046,0.0007983186515048146
3461,-0.011466999538242817,0.0007987616118043661
3462,0.06373400241136551,0.0007988286670297384
3463,-0.0013330000219866633,0.0007991987513378263
3464,0.07360100001096725,0.0007993741892278194
3465,0.028534000739455223,0.0007998014916665852
3466,0.05866700038313866,0.0008000148227438331
3467,0.03866700083017349,0.0008003982366062701
3468,0.07866799831390381,0.0008006618591025472
3469,0.008533000014722347,0.000800859765149653
3470,0.03866700083017349,0.0008008971344679594
3471,-0.02160000056028366,0.0008006427087821066
3472,0.03359999880194664,0.0008006569696590304
3473,-0.011466999538242817,0.0008008888689801097
3474,0.0685340017080307,0.0008010895689949393
3475,-0.0013330000219866633,0.0008015143685042858
3476,0.05360100045800209,0.0008016345673240721
3477,0.008533000014722347,0.00080156943295151
3478,0.043733999133110046,0.0008020432433113456
3479,-0.016534000635147095,0.0008022504043765366
3480,0.05360100045800209,0.0008024675771594048
3481,0.01360000018030405,0.0008023582631722093
3482,0.03359999880194664,0.0008020533714443445
3483,0.028534000739455223,0.0008019317174330354
3484,0.008533000014722347,0.0008019374799914658
3485,0.003467000089585781,0.0008019078522920609
3486,0.03866700083017349,0.0008016749052330852
3487,0.01866699941456318,0.0008016937645152211
3488,0.04853399842977524,0.0008017629152163863
3489,0.003467000089585781,0.0008019106462597847
3490,0.05360100045800209,0.000802282418590039
3491,0.01866699941456318,0.0008027777075767517
3492,0.08880099654197693,0.0008036360959522426
3493,0.03866700083017349,0.0008039733511395752
3494,0.05866700038313866,0.000804464565590024
3495,0.01360000018030405,0.0008048127056099474
3496,0.05360100045800209,0.0008055128273554146
3497,0.008533000014722347,0.0008063777349889278
3498,0.07866799831390381,0.0008074568468146026
3499,-0.011466999538242817,0.0008084643632173538
3500,0.0685340017080307,0.0008094561635516584
3501,-0.016534000635147095,0.0008110463386401534
3502,0.07360100001096725,0.0008125059539452195
3503,0.02346700057387352,0.0008137155091390014
3504,0.03359999880194664,0.0008153989911079407
3505,0.01866699941456318,0.0008172483649104834
3506,0.08373399823904037,0.0008191580418497324
3507,0.02346700057387352,0.0008209345396608114
3508,0.06373400241136551,0.0008226888021454215
3509,0.003467000089585781,0.0008246671641245484
3510,0.04853399842977524,0.000826756120659411
3511,0.03866700083017349,0.0008287407690659165
3512,0.06373400241136551,0.0008307832176797092
3513,0.003467000089585781,0.0008330493001267314
3514,0.05866700038313866,0.0008354807505384088
3515,0.008533000014722347,0.0008376977639272809
3516,0.02346700057387352,0.0008399995276704431
3517,-0.0013330000219866633,0.000841926725115627
3518,0.03359999880194664,0.0008444673148915172
3519,-0.0013330000219866633,0.0008469303138554096
3520,0.05866700038313866,0.0008490384789183736
3521,0.01360000018030405,0.0008507072343491018
3522,0.003467000089585781,0.0008523688884451985
3523,-0.02160000056028366,0.000853614998050034
3524,0.01360000018030405,0.0008546831086277962
3525,-0.0013330000219866633,0.0008558959816582501
3526,0.05866700038313866,0.0008569227065891027
3527,0.03359999880194664,0.0008580271387472749
3528,0.03359999880194664,0.00085913494694978
3529,0.01866699941456318,0.0008605631301179528
3530,0.05360100045800209,0.0008619314176030457
3531,0.01360000018030405,0.000863479683175683
3532,0.05866700038313866,0.0008648318471387029
3533,0.02346700057387352,0.0008660574094392359
3534,0.05360100045800209,0.0008674038108438253
3535,0.01866699941456318,0.0008686221553944051
3536,0.02346700057387352,0.0008699530735611916
3537,0.003467000089585781,0.0008711816626600921
3538,0.03359999880194664,0.0008722995989955962
3539,0.003467000089585781,0.0008734788279980421
3540,0.05866700038313866,0.0008745815721340477
3541,0.003467000089585781,0.0008755831513553858
3542,0.05360100045800209,0.0008766661630943418
3543,0.01360000018030405,0.0008775614551268518
3544,0.028534000739455223,0.0008787800325080752
3545,-0.02160000056028366,0.000879785162396729
3546,0.06373400241136551,0.0008806304540485144
3547,-0.0013330000219866633,0.0008816589252091944
3548,0.07360100001096725,0.0008824665565043688
3549,-0.0013330000219866633,0.0008833995088934898
3550,0.028534000739455223,0.0008842701790854335
3551,-0.0013330000219866633,0.0008849071455188096
3552,0.028534000739455223,0.0008858908549882472
3553,-0.0013330000219866633,0.0008870065212249756
3554,0.05866700038313866,0.0008881194517016411
3555,0.03359999880194664,0.0008890630560927093
3556,0.07360100001096725,0.000889767543412745
3557,0.008533000014722347,0.0008911336190067232
3558,0.01866699941456318,0.000892447424121201
3559,-0.016534000635147095,0.0008937157108448446
3560,0.01866699941456318,0.0008950516348704696
3561,-0.026399999856948853,0.0008964954758994281
3562,0.03359999880194664,0.0008971183560788631
3563,0.003467000089585781,0.0008982495637610555
3564,0.03866700083017349,0.0008996180258691311
3565,-0.031466998159885406,0.0009009228087961674
3566,0.05360100045800209,0.0009022996528074145
3567,0.028534000739455223,0.0009033652604557574
3568,0.05866700038313866,0.0009043311583809555
3569,0.028534000739455223,0.0009051252854987979
3570,0.04853399842977524,0.0009059946751222014
3571,0.028534000739455223,0.0009069429943338037
3572,0.05866700038313866,0.0009079764131456614
3573,0.02346700057387352,0.0009092155378311872
3574,0.04853399842977524,0.000910298025701195
3575,-0.02160000056028366,0.0009115352877415717
3576,0.03359999880194664,0.0009126861114054918
3577,0.03359999880194664,0.00091389543376863
3578,0.03866700083017349,0.0009151949780061841
3579,0.003467000089585781,0.0009162861970253289
3580,0.043733999133110046,0.0009177018655464053
3581,0.03866700083017349,0.0009193493751809001
3582,0.07866799831390381,0.0009209043346345425
3583,0.06373400241136551,0.0009221176151186228
3584,0.05360100045800209,0.0009231254225596786
3585,0.01360000018030405,0.0009239836363121867
3586,0.04853399842977524,0.0009246314875781536
3587,0.02346700057387352,0.000925480155274272
3588,0.03359999880194664,0.0009263110114261508
3589,-0.011466999538242817,0.000927159795537591
3590,0.028534000739455223,0.0009284656262025237
3591,-0.016534000635147095,0.000929600209929049
3592,0.02346700057387352,0.0009305658750236034
3593,0.03359999880194664,0.0009315583156421781
3594,0.028534000739455223,0.0009324474958702922
3595,0.02346700057387352,0.0009335274808108807
3596,0.05360100045800209,0.0009345044963993132
3597,0.003467000089585781,0.0009355773217976093
3598,0.05866700038313866,0.0009367880411446095
3599,-0.006399999838322401,0.0009378197719343007
3600,0.03359999880194664,0.0009388762409798801
3601,0.003467000089585781,0.0009401533752679825
3602,0.04853399842977524,0.0009414725936949253
3603,0.01360000018030405,0.0009430637001059949
3604,0.02346700057387352,0.0009443413582630455
3605,0.003467000089585781,0.0009454737300984561
3606,0.01360000018030405,0.0009467225754633546
3607,-0.0013330000219866633,0.0009478632709942758
3608,0.028534000739455223,0.0009489636868238449
3609,0.01866699941456318,0.0009501629392616451
3610,0.06373400241136551,0.0009514782577753067
3611,0.02346700057387352,0.0009527180809527636
3612,0.05360100045800209,0.0009537144796922803
3613,-0.006399999838322401,0.0009545832872390747
3614,0.02346700057387352,0.0009556122240610421
3615,-0.0013330000219866633,0.0009566872613504529
3616,0.03359999880194664,0.0009576817974448204
3617,0.02346700057387352,0.0009584337240085006
3618,0.03359999880194664,0.0009590280242264271
3619,0.01360000018030405,0.0009599528275430202
3620,0.06373400241136551,0.000961027923040092
3621,-0.011466999538242817,0.0009618044132366776
3622,0.04853399842977524,0.0009627754334360361
3623,0.003467000089585781,0.000963483820669353
3624,0.07866799831390381,0.0009644029778428376
3625,0.01360000018030405,0.0009653937304392457
3626,0.0685340017080307,0.0009661726653575897
3627,-0.016534000635147095,0.0009674684843048453
3628,0.028534000739455223,0.0009686553967185318
3629,-0.026399999856948853,0.0009693886386230588
3630,0.01360000018030405,0.0009697937639430165
3631,-0.026399999856948853,0.0009702032548375428
3632,0.03359999880194664,0.0009702725801616907
3633,-0.0013330000219866633,0.0009707346325740218
3634,0.05360100045800209,0.0009712203172966838
3635,0.02346700057387352,0.000971380970440805
3636,0.04853399842977524,0.0009715021587908268
3637,0.03359999880194664,0.0009713798062875867
3638,0.08373399823904037,0.0009712965693324804
3639,0.03359999880194664,0.0009712083265185356
3640,0.043733999133110046,0.0009713072795420885
3641,0.02346700057387352,0.0009714716579765081
3642,0.04853399842977524,0.0009715768392197788
3643,-0.04160099849104881,0.0009717167704366148
3644,0.02346700057387352,0.0009715987253002822
3645,-0.0013330000219866633,0.0009713586769066751
3646,-0.0013330000219866633,0.0009711505845189095
3647,-0.05146700143814087,0.0009712798055261374
3648,0.003467000089585781,0.0009707855060696602
3649,0.003467000089585781,0.0009699274087324739
3650,0.05360100045800209,0.0009690173901617527
3651,-0.011466999538242817,0.0009684495744295418
3652,0.04853399842977524,0.0009680013172328472
3653,0.008533000014722347,0.0009676858899183571
3654,0.03866700083017349,0.0009675991022959352
3655,-0.016534000635147095,0.0009677624329924583
3656,0.07360100001096725,0.0009677888592705131
3657,0.01360000018030405,0.0009676542831584811
3658,0.04853399842977524,0.000967463362030685
3659,-0.03653400018811226,0.0009672476444393396
3660,0.003467000089585781,0.0009669973514974117
3661,-0.026399999856948853,0.0009666404221206903
3662,0.03359999880194664,0.0009661627700552344
3663,0.01360000018030405,0.0009655790636315942
3664,0.05360100045800209,0.0009650092106312513
3665,0.02346700057387352,0.0009643234079703689
3666,0.043733999133110046,0.0009636320173740387
3667,0.003467000089585781,0.0009629587875679135
3668,0.028534000739455223,0.0009623654186725616
3669,-0.006399999838322401,0.000961601035669446
3670,0.01866699941456318,0.0009609046392142773
3671,-0.02160000056028366,0.0009601578349247575
3672,0.03359999880194664,0.0009594932780601084
3673,-0.026399999856948853,0.0009587157983332872
3674,0.01360000018030405,0.0009578870376572013
3675,-0.011466999538242817,0.0009571111295372248
3676,0.04853399842977524,0.0009566550725139678
3677,-0.011466999538242817,0.0009558834135532379
3678,0.06373400241136551,0.0009553256677463651
3679,0.01360000018030405,0.0009545504581183195
3680,0.08880099654197693,0.0009537230362184346
3681,0.01360000018030405,0.0009526876965537667
3682,0.03866700083017349,0.0009517256985418499
3683,0.01360000018030405,0.000951058347709477
3684,0.06373400241136551,0.00095073611009866
3685,0.02346700057387352,0.0009503992623649538
3686,0.06373400241136551,0.0009498953586444259
3687,-0.02160000056028366,0.0009491084492765367
3688,0.03359999880194664,0.000948701985180378
3689,0.02346700057387352,0.0009479941218160093
3690,0.04853399842977524,0.0009476761915720999
3691,0.008533000014722347,0.0009469157084822655
3692,0.05360100045800209,0.0009462130255997181
3693,-0.016534000635147095,0.0009449265198782086
3694,0.03866700083017349,0.0009438734850846231
3695,-0.006399999838322401,0.0009426078759133816
3696,0.06373400241136551,0.000941573060117662
3697,-0.011466999538242817,0.0009406611789017916
3698,0.01360000018030405,0.0009396176319569349
3699,-0.006399999838322401,0.0009385260054841638
3700,0.028534000739455223,0.0009375745430588722
3701,-0.03653400018811226,0.0009366680169478059
3702,0.01360000018030405,0.0009354017092846334
3703,-0.03653400018811226,0.0009342018747702241
3704,0.05360100045800209,0.0009327632724307477
3705,-0.011466999538242817,0.0009315331117250025
3706,0.028534000739455223,0.0009302915423177183
3707,-0.0013330000219866633,0.0009292900213040411
3708,0.028534000739455223,0.0009284367552027106
3709,0.04853399842977524,0.0009274145704694092
3710,0.03359999880194664,0.0009266869747079909
3711,0.008533000014722347,0.0009259104845114052
3712,0.028534000739455223,0.0009253494208678603
3713,-0.006399999838322401,0.0009246444096788764
3714,0.01360000018030405,0.0009244279353879392
3715,0.003467000089585781,0.0009240556973963976
3716,0.02346700057387352,0.0009238931233994663
3717,-0.02160000056028366,0.0009234572062268853
3718,0.03866700083017349,0.0009231257135979831
3719,-0.016534000635147095,0.0009226963156834245
3720,0.03866700083017349,0.0009225320536643267
3721,-0.026399999856948853,0.0009222577791661024
3722,0.08880099654197693,0.0009222807129845023
3723,0.01866699941456318,0.0009218072518706322
3724,0.03866700083017349,0.0009217519545927644
3725,0.02346700057387352,0.0009215851314365864
3726,0.03866700083017349,0.0009215924073942006
3727,0.03359999880194664,0.0009217719198204577
3728,0.03866700083017349,0.0009220772190019488
3729,-0.011466999538242817,0.0009220878127962351
3730,0.02346700057387352,0.0009225608664564788
3731,-0.011466999538242817,0.000922787468880415
3732,0.01866699941456318,0.0009231258882209659
3733,-0.026399999856948853,0.0009234229801222682
3734,0.03866700083017349,0.0009237161721102893
3735,-0.011466999538242817,0.00092393031809479
3736,0.02346700057387352,0.0009241080260835588
3737,0.003467000089585781,0.0009244521497748792
3738,0.03359999880194664,0.0009249834693036973
3739,0.02346700057387352,0.0009252952877432108
3740,0.05360100045800209,0.0009256090852431953
3741,0.03866700083017349,0.0009259124635718763
3742,0.07360100001096725,0.000926195178180933
3743,0.03866700083017349,0.000926446111407131
3744,0.07360100001096725,0.0009263979736715555
3745,0.02346700057387352,0.0009262653766199946
3746,0.07866799831390381,0.0009258992504328489
3747,0.01360000018030405,0.0009252040181308985
3748,0.03866700083017349,0.0009243617532774806
3749,0.003467000089585781,0.0009238559287041426
3750,0.05866700038313866,0.0009235282195731997
3751,0.01360000018030405,0.0009230066789314151
3752,0.04853399842977524,0.0009224179084412754
3753,0.04853399842977524,0.0009216751786880195
3754,0.003467000089585781,0.0009209692943841219
3755,-0.011466999538242817,0.000920346355997026
3756,0.01360000018030405,0.0009198394836857915
3757,0.01360000018030405,0.0009186650859192014
3758,0.028534000739455223,0.0009174887090921402
3759,-0.006399999838322401,0.0009163579670712352
3760,0.01360000018030405,0.0009151081321761012
3761,0.003467000089585781,0.0009133560815826058
3762,0.03359999880194664,0.0009120327886193991
3763,-0.011466999538242817,0.000910505885258317
3764,0.03866700083017349,0.0009089545346796513
3765,0.01360000018030405,0.0009072006214410067
3766,0.03866700083017349,0.0009055816335603595
3767,-0.0013330000219866633,0.0009041429730132222
3768,0.0685340017080307,0.0009025927865877748
3769,0.01360000018030405,0.0009007793851196766
3770,0.03866700083017349,0.000898966973181814
3771,-0.016534000635147095,0.0008971287170425057
3772,0.02346700057387352,0.0008955821394920349
3773,-0.0013330000219866633,0.0008941773558035493
3774,0.03866700083017349,0.0008926476002670825
3775,-0.02160000056028366,0.0008910357719287276
3776,0.05360100045800209,0.0008894747588783503
3777,-0.011466999538242817,0.000888132955878973
3778,0.028534000739455223,0.000886986032128334
3779,0.003467000089585781,0.0008857956854626536
3780,0.03866700083017349,0.0008849183795973659
3781,-0.0013330000219866633,0.0008838496287353337
3782,0.03866700083017349,0.0008831776212900877
3783,-0.011466999538242817,0.0008825468830764294
3784,0.028534000739455223,0.0008819455979391932
3785,-0.0013330000219866633,0.0008811955340206623
3786,0.028534000739455223,0.0008803685195744038
3787,-0.011466999538242817,0.000879446160979569
3788,0.01360000018030405,0.0008787279948592186
3789,0.01360000018030405,0.0008780019707046449
3790,0.06373400241136551,0.0008773412555456161
3791,0.028534000739455223,0.0008768021361902356
3792,0.043733999133110046,0.0008760968339629471
3793,0.008533000014722347,0.0008751813438721001
3794,0.04853399842977524,0.0008744813967496157
3795,0.01360000018030405,0.0008738518226891756
3796,0.03866700083017349,0.0008729823166504502
3797,-0.026399999856948853,0.0008722725906409323
3798,0.03866700083017349,0.0008717796299606562
3799,-0.011466999538242817,0.0008712871931493282
3800,0.03866700083017349,0.0008703531930223107
3801,0.01866699941456318,0.0008695712313055992
3802,0.03866700083017349,0.0008688339730724692
3803,-0.026399999856948853,0.0008677145233377814
3804,0.028534000739455223,0.0008668729569762945
3805,0.008533000014722347,0.0008659689337946475
3806,0.043733999133110046,0.0008649376686662436
3807,-0.04160099849104881,0.0008636726997792721
3808,0.043733999133110046,0.0008623565663583577
3809,-0.03653400018811226,0.0008609553333371878
3810,0.02346700057387352,0.000859648163896054
3811,-0.0013330000219866633,0.0008583917515352368
3812,0.05360100045800209,0.0008574874955229461
3813,-0.0013330000219866633,0.0008562196744605899
3814,0.01360000018030405,0.0008551356149837375
3815,0.01866699941456318,0.0008539996924810112
3816,0.04853399842977524,0.0008530787890776992
3817,0.028534000739455223,0.0008520644041709602
3818,0.04853399842977524,0.0008513399516232312
3819,0.003467000089585781,0.0008504787692800164
3820,0.04853399842977524,0.0008494467474520206
3821,-0.016534000635147095,0.0008483553538098931
3822,0.03866700083017349,0.0008474617497995496
3823,0.008533000014722347,0.000846893060952425
3824,0.03866700083017349,0.0008464495185762644
3825,-0.011466999538242817,0.0008461930556222796
3826,0.03866700083017349,0.0008458152879029512
3827,-0.0013330000219866633,0.0008454279159195721
3828,0.05360100045800209,0.0008449473534710705
3829,0.01866699941456318,0.0008443933911621571
3830,0.04853399842977524,0.0008440169622190297
3831,-0.0013330000219866633,0.0008437571814283729
3832,0.07360100001096725,0.0008435671916231513
3833,0.03866700083017349,0.0008432632312178612
3834,0.04853399842977524,0.000842756184283644
3835,0.03359999880194664,0.0008423778344877064
3836,0.0685340017080307,0.0008417188655585051
3837,-0.0013330000219866633,0.0008407644927501678
3838,0.05360100045800209,0.0008401595987379551
3839,0.01360000018030405,0.0008398452773690224
3840,0.03359999880194664,0.0008396236225962639
3841,0.02346700057387352,0.0008393939351662993
3842,0.05360100045800209,0.000839304004330188
3843,-0.011466999538242817,0.0008390905568376184
3844,0.008533000014722347,0.0008386562112718821
3845,-0.02160000056028366,0.0008379477658309042
3846,0.03866700083017349,0.0008368941489607096
3847,0.05360100045800209,0.0008361584041267633
3848,0.07360100001096725,0.0008353614248335361
3849,0.01360000018030405,0.0008344746893271804
3850,0.05360100045800209,0.0008335887105204165
3851,-0.0013330000219866633,0.0008325440576300025
3852,0.028534000739455223,0.0008315567392855883
3853,0.008533000014722347,0.0008304854854941368
3854,0.03866700083017349,0.0008292968268506229
3855,0.02346700057387352,0.0008281755144707859
3856,0.0685340017080307,0.0008270210237242281
3857,0.028534000739455223,0.000825912575237453
3858,0.08880099654197693,0.0008245315402746201
3859,0.003467000089585781,0.000823157955892384
3860,0.06373400241136551,0.0008220380404964089
3861,-0.0013330000219866633,0.0008209130610339344
3862,0.01360000018030405,0.000819804088678211
3863,-0.011466999538242817,0.0008188898209482431
3864,0.028534000739455223,0.0008179088472388685
3865,-0.02160000056028366,0.0008167421910911798
3866,0.07360100001096725,0.0008153875824064016
3867,-0.0013330000219866633,0.0008143655140884221
3868,0.03866700083017349,0.0008134712697938085
3869,0.008533000014722347,0.0008128152694553137
3870,0.06373400241136551,0.0008120191050693393
3871,-0.011466999538242817,0.0008110274793580174
3872,0.03866700083017349,0.0008099296246655285
3873,-0.0013330000219866633,0.0008090594783425331
3874,0.003467000089585781,0.0008080464322119951
3875,-0.026399999856948853,0.0008067502058111131
3876,0.05866700038313866,0.0008052247576415539
3877,-0.016534000635147095,0.0008040196844376624
3878,0.03359999880194664,0.0008025384158827364
3879,0.008533000014722347,0.0008011239697225392
3880,0.03866700083017349,0.0007996595231816173
3881,-0.0013330000219866633,0.0007983584655448794
3882,0.05360100045800209,0.0007970635779201984
3883,-0.04666699841618538,0.0007953087333589792
3884,0.03359999880194664,0.0007939611095935106
3885,-0.011466999538242817,0.0007928583072498441
3886,0.028534000739455223,0.0007919558556750417
3887,0.01360000018030405,0.0007911232532933354
3888,0.06373400241136551,0.0007904868107289076
3889,-0.0013330000219866633,0.0007897675968706608
3890,0.04853399842977524,0.0007892161956988275
3891,-0.02160000056028366,0.0007888887776061893
3892,0.028534000739455223,0.0007884632213972509
3893,-0.02160000056028366,0.0007881378987804055
3894,0.01360000018030405,0.000787864439189434
3895,-0.011466999538242817,0.000787730619776994
3896,0.05360100045800209,0.0007873878348618746
3897,-0.026399999856948853,0.0007869716500863433
3898,0.028534000739455223,0.0007865183870308101
3899,-0.0013330000219866633,0.0007859875913709402
3900,0.028534000739455223,0.0007862041238695383
3901,-0.011466999538242817,0.0007863158243708313
3902,0.07360100001096725,0.000786383228842169
3903,-0.02160000056028366,0.0007863115752115846
3904,0.003467000089585781,0.0007862377096898854
3905,-0.02160000056028366,0.0007862374186515808
3906,-0.0013330000219866633,0.0007864080835133791
3907,-0.011466999538242817,0.0007865466759540141
3908,0.09866800159215927,0.0007868569809943438
3909,0.01866699941456318,0.0007871045963838696
3910,0.028534000739455223,0.0007869345718063414
3911,-0.026399999856948853,0.0007867795065976679
3912,0.01360000018030405,0.0007864806102588773
3913,0.01360000018030405,0.0007867008680477738
3914,0.028534000739455223,0.0007868213579058647
3915,-0.02160000056028366,0.000787180382758379
3916,0.02346700057387352,0.0007879011100158095
3917,-0.011466999538242817,0.0007885570521466434
3918,0.028534000739455223,0.0007885745144449174
3919,0.03866700083017349,0.0007887717220000923
3920,0.06373400241136551,0.0007889250409789383
3921,0.02346700057387352,0.0007889758562669158
3922,0.06373400241136551,0.0007887878455221653
3923,0.028534000739455223,0.0007887420943006873
3924,0.028534000739455223,0.0007884968654252589
3925,-0.0013330000219866633,0.0007882523932494223
3926,0.03359999880194664,0.000787888653576374
3927,0.003467000089585781,0.0007875566952861845
3928,0.028534000739455223,0.0007870739791542292
3929,-0.0013330000219866633,0.0007868723478168249
3930,0.003467000089585781,0.0007867009262554348
3931,0.008533000014722347,0.0007864674553275108
3932,0.05866700038313866,0.0007861608173698187
3933,-0.0013330000219866633,0.0007860794430598617
3934,0.028534000739455223,0.0007854878203943372
3935,0.003467000089585781,0.0007850368856452405
3936,0.028534000739455223,0.0007843500352464616
3937,-0.0013330000219866633,0.0007839316385798156
3938,0.02346700057387352,0.0007834541611373425
3939,-0.0013330000219866633,0.0007829362293705344
3940,0.05866700038313866,0.0007821307517588139
3941,-0.0013330000219866633,0.0007814748678356409
3942,0.028534000739455223,0.0007810003589838743
3943,-0.02160000056028366,0.0007806450594216585
3944,0.05360100045800209,0.0007801585597917438
3945,0.01360000018030405,0.0007798485457897186
3946,0.05866700038313866,0.0007793534896336496
3947,-0.011466999538242817,0.0007789675146341324
3948,0.043733999133110046,0.0007786663481965661
3949,-0.0013330000219866633,0.0007784189656376839
3950,0.05360100045800209,0.0007777708815410733
3951,0.01360000018030405,0.000777278677560389
3952,0.0685340017080307,0.0007766690687276423
3953,-0.026399999856948853,0.0007761357119306922
3954,0.03866700083017349,0.000775693217292428
3955,-0.0013330000219866633,0.0007751747034490108
3956,0.04853399842977524,0.0007745858747512102
3957,-0.0013330000219866633,0.0007741191075183451
3958,0.02346700057387352,0.0007739218417555094
3959,0.028534000739455223,0.0007736011175438762
3960,0.043733999133110046,0.0007733066449873149
3961,0.02346700057387352,0.0007729704957455397
3962,0.04853399842977524,0.000772661529481411
3963,0.003467000089585781,0.0007722339360043406
3964,0.04853399842977524,0.0007718876586295664
3965,-0.016534000635147095,0.0007716300897300243
3966,0.028534000739455223,0.0007714135572314262
3967,-0.006399999838322401,0.0007712721126154065
3968,0.03866700083017349,0.000770956976339221
3969,-0.006399999838322401,0.0007706948672421277
3970,0.0685340017080307,0.0007704108720645308
3971,-0.011466999538242817,0.0007702613365836442
3972,0.028534000739455223,0.0007699027773924172
3973,-0.011466999538242817,0.0007699336856603622
3974,-0.0013330000219866633,0.0007694541709497571
3975,-0.011466999538242817,0.0007689833291806281
3976,0.05866700038313866,0.000768285826779902
3977,-0.02160000056028366,0.0007675908273085952
3978,0.03359999880194664,0.0007668524049222469
3979,-0.011466999538242817,0.0007664610748179257
3980,0.028534000739455223,0.000766001467127353
3981,0.02346700057387352,0.0007657060632482171
3982,0.08373399823904037,0.0007655494846403599
3983,-0.0013330000219866633,0.0007650275947526097
3984,0.03866700083017349,0.0007643591961823404
3985,0.03359999880194664,0.0007637799717485905
3986,0.05360100045800209,0.0007629981264472008
3987,-0.011466999538242817,0.0007623884011991322
3988,0.03359999880194664,0.0007616354268975556
3989,0.028534000739455223,0.0007609346066601574
3990,0.03866700083017349,0.000760089373216033
3991,-0.0013330000219866633,0.0007593061309307814
3992,0.043733999133110046,0.0007586811552755535
3993,0.008533000014722347,0.0007579847006127238
3994,0.04853399842977524,0.0007573317852802575
3995,0.01360000018030405,0.0007567397551611066
3996,0.01360000018030405,0.0007560228114016354
3997,-0.0013330000219866633,0.0007551599992439151
3998,0.04853399842977524,0.0007543998654000461
3999,-0.006399999838322401,0.0007535197073593736
4000,0.03866700083017349,0.0007528013084083796
4001,-0.011466999538242817,0.000752205669414252
4002,0.05360100045800209,0.0007517148042097688
4003,-0.03653400018811226,0.0007512859301641583
4004,0.03359999880194664,0.0007513074087910354
4005,0.028534000739455223,0.0007511629955843091
4006,0.043733999133110046,0.0007506512920372188
4007,0.01360000018030405,0.0007503805682063103
4008,0.06373400241136551,0.0007500693900510669
4009,0.01866699941456318,0.000749576254747808
4010,0.05360100045800209,0.0007490272400900722
4011,-0.0013330000219866633,0.0007483926601707935
4012,0.043733999133110046,0.0007476383470930159
4013,0.003467000089585781,0.0007467339164577425
4014,0.07360100001096725,0.0007460959604941308
4015,-0.0013330000219866633,0.0007454800652340055
4016,0.03359999880194664,0.0007450261618942022
4017,-0.011466999538242817,0.0007447162643074989
4018,0.06373400241136551,0.0007445377996191382
4019,0.01866699941456318,0.0007441794732585549
4020,0.0685340017080307,0.0007441965863108635
4021,0.01360000018030405,0.0007440949557349086
4022,0.08880099654197693,0.0007438124157488346
4023,-0.0013330000219866633,0.0007432159036397934
4024,0.003467000089585781,0.0007427997188642621
4025,0.028534000739455223,0.0007425072253681719
4026,0.05360100045800209,0.0007421660702675581
4027,0.003467000089585781,0.0007416075095534325
4028,0.05360100045800209,0.0007408581441268325
4029,0.01360000018030405,0.000740303541533649
4030,0.03866700083017349,0.0007396823493763804
4031,-0.026399999856948853,0.0007388945668935776
4032,0.043733999133110046,0.0007385871140286326
4033,0.01866699941456318,0.0007382145849987864
4034,0.05866700038313866,0.0007378406589850783
4035,0.028534000739455223,0.0007375995628535748
4036,0.03866700083017349,0.0007371073588728905
4037,-0.0013330000219866633,0.00073667720425874
4038,0.028534000739455223,0.0007361065363511443
4039,0.003467000089585781,0.0007355462876148522
4040,0.06373400241136551,0.0007353395922109485
4041,-0.016534000635147095,0.0007349746883846819
4042,0.05360100045800209,0.0007346399361267686
4043,-0.006399999838322401,0.0007343294564634562
4044,0.03866700083017349,0.0007341729942709208
4045,-0.03653400018811226,0.0007339255535043776
4046,0.06373400241136551,0.0007336408598348498
4047,0.01360000018030405,0.0007329480722546577
4048,0.028534000739455223,0.0007324001053348184
4049,0.01360000018030405,0.0007320712320506573
4050,0.06373400241136551,0.0007315890397876501
4051,-0.011466999538242817,0.0007309080101549625
4052,0.05360100045800209,0.0007304911850951612
4053,-0.0013330000219866633,0.0007302368758246303
4054,0.07360100001096725,0.0007299259305000305
4055,-0.011466999538242817,0.000729528721421957
4056,0.07360100001096725,0.0007292317459359765
4057,0.008533000014722347,0.0007291102083399892
4058,0.04853399842977524,0.0007289880886673927
4059,-0.016534000635147095,0.0007289794739335775
4060,0.05360100045800209,0.0007286196341738105
4061,0.003467000089585781,0.0007283156155608594
4062,0.028534000739455223,0.0007283035083673894
4063,-0.016534000635147095,0.0007285830797627568
4064,0.05360100045800209,0.0007289770292118192
4065,0.02346700057387352,0.0007291316287592053
4066,0.028534000739455223,0.000729167484678328
4067,0.03866700083017349,0.0007293046219274402
4068,0.06373400241136551,0.0007291206857189536
4069,0.003467000089585781,0.0007287601474672556
4070,0.043733999133110046,0.0007283299928531051
4071,0.003467000089585781,0.0007278125849552453
4072,0.03866700083017349,0.0007271702634170651
4073,-0.006399999838322401,0.0007264068117365241
4074,0.07360100001096725,0.0007259709527716041
4075,-0.0013330000219866633,0.0007255662931129336
4076,0.028534000739455223,0.0007251122733578086
4077,0.003467000089585781,0.0007247492903843522
4078,0.003467000089585781,0.0007242860738188028
4079,0.01866699941456318,0.0007237805984914303
4080,0.01866699941456318,0.0007232282659970224
4081,-0.02160000056028366,0.0007228231988847256
4082,0.04853399842977524,0.0007223516004160047
4083,0.003467000089585781,0.0007219146355055273
4084,0.028534000739455223,0.0007213248172774911
4085,-0.011466999538242817,0.0007206897134892642
4086,0.028534000739455223,0.0007200080435723066
4087,-0.016534000635147095,0.0007190618198364973
4088,0.028534000739455223,0.0007181686232797801
4089,0.003467000089585781,0.0007172470213845372
4090,0.07360100001096725,0.0007165843853726983
4091,-0.0013330000219866633,0.0007159244269132614
4092,0.01360000018030405,0.0007153911865316331
4093,0.02346700057387352,0.0007147564901970327
4094,0.06373400241136551,0.0007137299980968237
4095,0.01360000018030405,0.0007129403529688716
4096,0.06373400241136551,0.0007122924434952438
4097,0.03866700083017349,0.0007116576307453215
4098,0.0685340017080307,0.0007111175218597054
4099,-0.016534000635147095,0.0007102752570062876
4100,0.06373400241136551,0.0007098071509972215
4101,0.008533000014722347,0.0007093837484717369
4102,0.08880099654197693,0.000709124724380672
4103,0.01360000018030405,0.0007085578399710357
4104,0.08373399823904037,0.000708205159753561
4105,0.028534000739455223,0.0007079082424752414
4106,0.07360100001096725,0.0007075915927998722
4107,0.01360000018030405,0.0007074079476296902
4108,0.05360100045800209,0.0007072096923366189
4109,0.028534000739455223,0.0007074293680489063
4110,0.02346700057387352,0.0007073985761962831
4111,0.02346700057387352,0.0007074406603351235
4112,0.028534000739455223,0.0007075000321492553
4113,-0.0013330000219866633,0.0007073397864587605
4114,0.043733999133110046,0.0007073626038618386
4115,0.003467000089585781,0.0007073903689160943
4116,0.03359999880194664,0.0007075414760038257
4117,-0.0013330000219866633,0.0007077569025568664
4118,0.03866700083017349,0.0007079317001625896
4119,-0.026399999856948853,0.0007080580107867718
4120,0.043733999133110046,0.0007080588839016855
4121,0.028534000739455223,0.0007079876959323883
4122,0.03866700083017349,0.0007078438065946102
4123,-0.006399999838322401,0.0007075838511809707
4124,0.05360100045800209,0.0007074091117829084
4125,-0.006399999838322401,0.0007069807033985853
4126,0.05360100045800209,0.0007064738310873508
4127,0.01360000018030405,0.0007062763324938715
4128,0.03359999880194664,0.0007063494995236397
4129,0.008533000014722347,0.0007064258097670972
4130,0.043733999133110046,0.00070632912684232
4131,-0.02160000056028366,0.0007062392542138696
4132,0.028534000739455223,0.0007061801152303815
4133,0.003467000089585781,0.0007061980431899428
4134,0.04853399842977524,0.0007061592768877745
4135,0.003467000089585781,0.0007062545046210289
4136,0.05360100045800209,0.000706273247487843
4137,0.01866699941456318,0.0007064009550958872
4138,0.03866700083017349,0.0007063806988298893
4139,-0.006399999838322401,0.0007063739467412233
4140,0.043733999133110046,0.0007063515949994326
4141,0.01866699941456318,0.0007062948425300419
4142,0.06373400241136551,0.0007062905351631343
4143,0.01360000018030405,0.0007063605007715523
4144,0.0685340017080307,0.0007063210941851139
4145,-0.006399999838322401,0.0007061691139824688
4146,0.028534000739455223,0.0007058954215608537
4147,0.01360000018030405,0.000705540762282908
4148,0.01360000018030405,0.0007052377332001925
4149,-0.0013330000219866633,0.0007050053682178259
4150,0.028534000739455223,0.0007048231200315058
4151,-0.006399999838322401,0.0007046990212984383
4152,0.07866799831390381,0.0007044858066365123
4153,-0.006399999838322401,0.0007042739307507873
4154,0.07866799831390381,0.0007039654301479459
4155,-0.011466999538242817,0.0007037027389742434
4156,0.01360000018030405,0.0007030970882624388
4157,-0.02160000056028366,0.0007026428356766701
4158,0.05360100045800209,0.0007019902113825083
4159,0.008533000014722347,0.0007013124413788319
4160,0.003467000089585781,0.0007010395638644695
4161,-0.02160000056028366,0.0007007949752733111
4162,0.028534000739455223,0.0007001242483966053
4163,-0.03653400018811226,0.0006995697040110826
4164,0.02346700057387352,0.0006993642309680581
4165,0.02346700057387352,0.0006992664420977235
4166,0.043733999133110046,0.0006991304690018296
4167,0.003467000089585781,0.0006988117238506675
4168,0.09360100328922272,0.0006986627704463899
4169,0.03359999880194664,0.00069797458127141
4170,0.06373400241136551,0.0006975954165682197
4171,-0.03653400018811226,0.0006973460549488664
4172,0.05360100045800209,0.0006967492518015206
4173,-0.0013330000219866633,0.0006964880740270019
4174,0.03866700083017349,0.0006965935463085771
4175,-0.0013330000219866633,0.0006967096123844385
4176,-0.0013330000219866633,0.0006970895337872207
4177,-0.03653400018811226,0.000697528594173491
4178,0.04853399842977524,0.0006981526385061443
4179,0.008533000014722347,0.0006987386150285602
4180,0.04853399842977524,0.0006994347204454243
4181,-0.016534000635147095,0.0007000718032941222
4182,0.04853399842977524,0.0007006545783951879
4183,-0.0013330000219866633,0.0007014138391241431
4184,0.07360100001096725,0.0007020913762971759
4185,0.003467000089585781,0.0007030146662145853
4186,0.03359999880194664,0.0007037718314677477
4187,0.01360000018030405,0.0007043455843813717
4188,0.01866699941456318,0.0007050527492538095
4189,-0.02160000056028366,0.0007055920432321727
4190,0.04853399842977524,0.0007062366930767894
4191,0.003467000089585781,0.0007067095721140504
4192,-0.011466999538242817,0.0007074155146256089
4193,-0.016534000635147095,0.0007080730283632874
4194,0.03866700083017349,0.0007085755933076143
4195,-0.0013330000219866633,0.0007093963795341551
4196,0.01866699941456318,0.000710168038494885
4197,-0.03653400018811226,0.0007108800346031785
4198,0.01360000018030405,0.000711676781065762
4199,-0.031466998159885406,0.0007125408155843616
4200,0.07360100001096725,0.0007131283637136221
4201,-0.011466999538242817,0.0007138001965358853
4202,0.01866699941456318,0.0007144138216972351
4203,-0.006399999838322401,0.0007151337922550738
4204,0.03866700083017349,0.0007157925283536315
4205,-0.0013330000219866633,0.0007166709401644766
4206,0.003467000089585781,0.0007176742656156421
4207,0.003467000089585781,0.000718751281965524
4208,0.003467000089585781,0.0007196852238848805
4209,0.01360000018030405,0.0007205415749922395
4210,0.01866699941456318,0.0007213562494143844
4211,0.028534000739455223,0.00072229013312608
4212,0.06373400241136551,0.0007230966002680361
4213,-0.011466999538242817,0.0007240073755383492
4214,0.008533000014722347,0.0007247492903843522
4215,0.02346700057387352,0.0007256133249029517
4216,0.05360100045800209,0.000726428406778723
4217,0.008533000014722347,0.00072748918319121
4218,0.04853399842977524,0.0007283164886757731
4219,0.008533000014722347,0.0007290889625437558
4220,0.028534000739455223,0.0007299035205505788
4221,-0.02160000056028366,0.0007309536449611187
4222,0.06373400241136551,0.0007318431744351983
4223,-0.02160000056028366,0.000732725253328681
4224,0.02346700057387352,0.0007335842819884419
4225,0.003467000089585781,0.000734685396309942
4226,0.03359999880194664,0.0007356654386967421
4227,-0.006399999838322401,0.0007366242352873087
4228,0.04853399842977524,0.0007374229026027024
4229,0.003467000089585781,0.0007380167953670025
4230,0.03866700083017349,0.0007390101673081517
4231,0.003467000089585781,0.000739926123060286
4232,0.0685340017080307,0.0007408339879475534
4233,0.003467000089585781,0.0007416307926177979
4234,0.01866699941456318,0.0007423373172059655
4235,-0.0013330000219866633,0.0007429682882502675
4236,0.05866700038313866,0.0007434901199303567
4237,-0.026399999856948853,0.0007439861074090004
4238,0.028534000739455223,0.0007444153307005763
4239,0.02346700057387352,0.000744939548894763
4240,0.028534000739455223,0.0007455683080479503
4241,-0.016534000635147095,0.000746348756365478
4242,0.05360100045800209,0.0007468358962796628
4243,-0.011466999538242817,0.0007472801371477544
4244,0.05360100045800209,0.0007477313047274947
4245,-0.011466999538242817,0.0007480258936993778
4246,0.05360100045800209,0.0007485221140086651
4247,-0.0013330000219866633,0.0007490682182833552
4248,0.04853399842977524,0.0007495461031794548
4249,-0.031466998159885406,0.0007502078078687191
4250,0.06373400241136551,0.0007506645051762462
4251,-0.011466999538242817,0.000751173123717308
4252,0.04853399842977524,0.0007516967598348856
4253,-0.0013330000219866633,0.0007523077074438334
4254,0.06373400241136551,0.000752851483412087
4255,0.003467000089585781,0.0007536298362538218
4256,0.07866799831390381,0.000754412030801177
4257,0.003467000089585781,0.0007553067989647388
4258,0.043733999133110046,0.0007560686208307743
4259,0.003467000089585781,0.0007568252040073276
4260,0.043733999133110046,0.0007572026224806905
4261,0.003467000089585781,0.0007576711941510439
4262,0.03359999880194664,0.0007583154365420341
4263,0.01866699941456318,0.000758990878239274
4264,0.04853399842977524,0.0007594358758069575
4265,-0.0013330000219866633,0.0007598685333505273
4266,0.0685340017080307,0.0007601911202073097
4267,0.03866700083017349,0.0007605290738865733
4268,0.04853399842977524,0.0007606827421113849
4269,0.003467000089585781,0.0007610998582094908
4270,0.0685340017080307,0.0007612620829604566
4271,0.01866699941456318,0.0007613843772560358
4272,0.03359999880194664,0.0007614574278704822
4273,0.01360000018030405,0.0007614151109009981
4274,0.06373400241136551,0.000761137343943119
4275,0.003467000089585781,0.0007611823966726661
4276,0.02346700057387352,0.000760920811444521
4277,0.01866699941456318,0.0007607381558045745
4278,0.0685340017080307,0.0007604187703691423
4279,-0.011466999538242817,0.0007603485137224197
4280,0.01866699941456318,0.000760285125579685
4281,-0.0013330000219866633,0.0007599001983180642
4282,0.05866700038313866,0.0007595568895339966
4283,0.003467000089585781,0.0007597694639116526
4284,0.043733999133110046,0.0007599053787998855
4285,-0.02160000056028366,0.0007602350087836385
4286,0.043733999133110046,0.0007602637633681297
4287,-0.02160000056028366,0.0007604543352499604
4288,0.02346700057387352,0.0007603510748594999
4289,-0.0013330000219866633,0.0007602849509567022
4290,0.04853399842977524,0.0007600556127727032
4291,-0.011466999538242817,0.0007601350080221891
4292,0.03866700083017349,0.0007602210389450192
4293,0.008533000014722347,0.0007603676058351994
4294,0.02346700057387352,0.0007603260455653071
4295,-0.02160000056028366,0.000760231981985271
4296,0.07866799831390381,0.0007596241193823516
4297,0.01360000018030405,0.000759586226195097
4298,0.04853399842977524,0.000759555958211422
4299,-0.011466999538242817,0.0007594972848892212
4300,0.04853399842977524,0.0007592187030240893
4301,-0.0013330000219866633,0.0007590786553919315
4302,0.03866700083017349,0.0007588692242279649
4303,-0.011466999538242817,0.0007591061294078827
4304,0.028534000739455223,0.0007590893073938787
4305,0.003467000089585781,0.0007592080510221422
4306,0.06373400241136551,0.0007590397726744413
4307,-0.011466999538242817,0.0007589614251628518
4308,0.008533000014722347,0.0007587698055431247
4309,0.028534000739455223,0.0007584295235574245
4310,0.043733999133110046,0.0007578350487165153
4311,0.02346700057387352,0.0007572676404379308
4312,0.06373400241136551,0.0007566959830000997
4313,-0.011466999538242817,0.0007560257217846811
4314,0.0685340017080307,0.0007553664036095142
4315,0.028534000739455223,0.000754682463593781
4316,0.043733999133110046,0.0007542468956671655
4317,-0.011466999538242817,0.0007539656944572926
4318,0.05360100045800209,0.0007536617340520024
4319,-0.026399999856948853,0.0007532329182140529
4320,0.028534000739455223,0.0007526212139055133
4321,-0.02160000056028366,0.0007523769745603204
4322,0.05360100045800209,0.000751841755118221
4323,0.04853399842977524,0.0007515019970014691
4324,0.03866700083017349,0.0007511691655963659
4325,0.003467000089585781,0.0007510079885832965
4326,0.04853399842977524,0.0007507057162001729
4327,0.003467000089585781,0.000750627601519227
4328,0.04853399842977524,0.0007504512905143201
4329,-0.011466999538242817,0.0007504156092181802
4330,0.03866700083017349,0.0007501784129999578
4331,0.008533000014722347,0.000750059203710407
4332,0.03866700083017349,0.000749870843719691
4333,0.003467000089585781,0.0007498632185161114
4334,0.028534000739455223,0.0007494860328733921
4335,-0.0013330000219866633,0.0007492422009818256
4336,0.008533000014722347,0.0007488810224458575
4337,-0.011466999538242817,0.0007485574460588396
4338,0.05360100045800209,0.0007483063964173198
4339,-0.0013330000219866633,0.0007481965003535151
4340,0.028534000739455223,0.0007479424821212888
4341,-0.011466999538242817,0.0007477466715499759
4342,0.01866699941456318,0.0007472641300410032
4343,0.003467000089585781,0.0007469720439985394
4344,0.05866700038313866,0.0007466067909263074
4345,-0.016534000635147095,0.0007464109221473336
4346,0.04853399842977524,0.0007458212203346193
4347,-0.0013330000219866633,0.0007453495054505765
4348,0.03359999880194664,0.0007446688832715154
4349,0.01360000018030405,0.0007441986235789955
4350,0.05360100045800209,0.0007436886662617326
4351,0.008533000014722347,0.0007430477999150753
4352,0.07866799831390381,0.000742355128750205
4353,0.01866699941456318,0.0007419601315632463
4354,0.06373400241136551,0.0007413040730170906
4355,0.02346700057387352,0.00074104341911152
4356,0.04853399842977524,0.0007403800264000893
4357,0.01360000018030405,0.0007400083704851568
4358,0.05360100045800209,0.000739429728128016
4359,-0.011466999538242817,0.0007392183179035783
4360,0.06373400241136551,0.0007389272795990109
4361,-0.0013330000219866633,0.0007388499798253179
4362,0.03866700083017349,0.0007387191290035844
4363,-0.02160000056028366,0.0007386463694274426
4364,0.04853399842977524,0.0007385397329926491
4365,-0.026399999856948853,0.0007384285563603044
4366,0.03866700083017349,0.0007383674383163452
4367,-0.011466999538242817,0.0007383183692581952
4368,0.01866699941456318,0.0007380136521533132
4369,0.01360000018030405,0.0007377226720564067
4370,0.028534000739455223,0.0007373801781795919
4371,0.01866699941456318,0.0007369127124547958
4372,0.07360100001096725,0.0007361875614151359
4373,-0.011466999538242817,0.0007354013505391777
4374,0.03359999880194664,0.0007345640915445983
4375,0.02346700057387352,0.0007336798007600009
4376,0.07866799831390381,0.0007327839266508818
4377,0.03866700083017349,0.0007322196615859866
4378,0.03866700083017349,0.0007317911367863417
4379,0.008533000014722347,0.0007313229143619537
4380,0.04853399842977524,0.0007307539926841855
4381,0.02346700057387352,0.000730304978787899
4382,0.05360100045800209,0.0007299178978428245
4383,0.003467000089585781,0.0007295866962522268
4384,0.07360100001096725,0.0007291117799468338
4385,-0.016534000635147095,0.0007287153857760131
4386,0.03866700083017349,0.0007283329614438117
4387,-0.006399999838322401,0.000727963401004672
4388,0.06373400241136551,0.0007275547832250595
4389,0.02346700057387352,0.0007272948860190809
4390,0.028534000739455223,0.0007268427289091051
4391,0.01866699941456318,0.0007264402229338884
4392,0.03866700083017349,0.0007259544800035655
4393,0.01360000018030405,0.0007253651856444776
4394,0.03359999880194664,0.0007247208850458264
4395,0.02346700057387352,0.0007242292049340904
4396,0.03866700083017349,0.0007234514923766255
4397,-0.026399999856948853,0.0007229139446280897
4398,0.03359999880194664,0.0007222641725093126
4399,-0.011466999538242817,0.0007215876830741763
4400,0.05360100045800209,0.0007208113092929125
4401,0.028534000739455223,0.0007201529224403203
4402,0.028534000739455223,0.0007194869685918093
4403,0.02346700057387352,0.0007190194446593523
4404,0.03866700083017349,0.0007185260183177888
4405,0.01360000018030405,0.0007180529646575451
4406,0.03866700083017349,0.000717444927431643
4407,-0.016534000635147095,0.0007168268202804029
4408,0.043733999133110046,0.0007161469548009336
4409,0.003467000089585781,0.0007155283819884062
4410,0.06373400241136551,0.0007150833262130618
4411,-0.006399999838322401,0.0007147828582674265
4412,0.02346700057387352,0.000714310968760401
4413,-0.02160000056028366,0.0007138379151001573
4414,0.043733999133110046,0.0007134036859497428
4415,-0.011466999538242817,0.0007129961741156876
4416,0.04853399842977524,0.00071242282865569
4417,0.008533000014722347,0.0007118522771634161
4418,0.05866700038313866,0.0007111357408575714
4419,0.003467000089585781,0.0007106374250724912
4420,0.028534000739455223,0.0007095820037648082
4421,0.028534000739455223,0.0007085962570272386
4422,0.03866700083017349,0.0007076669717207551
4423,-0.02160000056028366,0.0007070186547935009
4424,0.08373399823904037,0.0007064252276904881
4425,0.003467000089585781,0.0007060165517032146
4426,0.01866699941456318,0.0007054561865516007
4427,-0.011466999538242817,0.0007046659593470395
4428,0.05360100045800209,0.0007037118775770068
4429,0.003467000089585781,0.0007026628591120243
4430,0.04853399842977524,0.0007016523741185665
4431,-0.0013330000219866633,0.0007007457897998393
4432,0.05360100045800209,0.0006996141746640205
4433,0.003467000089585781,0.0006984826759435236
4434,0.06373400241136551,0.0006973115960136056
4435,-0.006399999838322401,0.0006960885948501527
4436,0.01360000018030405,0.0006946948706172407
4437,0.02346700057387352,0.0006935001583769917
4438,0.01360000018030405,0.0006922455504536629
4439,0.01866699941456318,0.0006909434450790286
4440,0.08373399823904037,0.0006897176499478519
4441,0.04853399842977524,0.0006881802110001445
4442,0.05360100045800209,0.0006867253105156124
4443,-0.006399999838322401,0.0006855987012386322
4444,0.04853399842977524,0.000684128375723958
4445,-0.006399999838322401,0.0006827837787568569
4446,0.03866700083017349,0.0006816052482463419
4447,-0.03653400018811226,0.0006807403406128287
4448,0.043733999133110046,0.0006794182118028402
4449,0.01360000018030405,0.0006782704731449485
4450,0.04853399842977524,0.000677224830724299
4451,0.003467000089585781,0.0006761245895177126
4452,0.04853399842977524,0.0006750078173354268
4453,-0.006399999838322401,0.0006738499505445361
4454,0.05866700038313866,0.0006724473205395043
4455,0.003467000089585781,0.0006708952714689076
4456,0.03866700083017349,0.0006694993935525417
4457,0.01360000018030405,0.0006682163220830262
4458,0.08373399823904037,0.0006669451831839979
4459,0.028534000739455223,0.0006656579207628965
4460,0.05360100045800209,0.0006642395746894181
4461,0.028534000739455223,0.000662829726934433
4462,0.06373400241136551,0.0006612824508920312
4463,-0.0013330000219866633,0.0006598517065867782
4464,0.05360100045800209,0.0006586714298464358
4465,0.02346700057387352,0.000657488708384335
4466,0.03866700083017349,0.0006561536574736238
4467,0.01866699941456318,0.0006547583034262061
4468,0.05360100045800209,0.000653314811643213
4469,0.01360000018030405,0.0006519596208818257
4470,0.04853399842977524,0.0006506387144327164
4471,-0.02160000056028366,0.0006493098917417228
4472,0.028534000739455223,0.0006479955045506358
4473,-0.011466999538242817,0.0006465980550274253
4474,0.07866799831390381,0.0006454531685449183
4475,-0.0013330000219866633,0.0006444276077672839
4476,0.05360100045800209,0.0006434189854189754
4477,0.028534000739455223,0.0006419690325856209
4478,0.05360100045800209,0.0006406324682757258
4479,0.01866699941456318,0.0006392603390850127
4480,0.03866700083017349,0.00063791882712394
4481,0.01360000018030405,0.0006364642758853734
4482,0.02346700057387352,0.000635002797935158
4483,-0.0013330000219866633,0.000633600982837379
4484,0.028534000739455223,0.0006325142458081245
4485,-0.0013330000219866633,0.0006313297199085355
4486,0.03866700083017349,0.0006299981032498181
4487,0.008533000014722347,0.0006286706775426865
4488,0.028534000739455223,0.0006272414466366172
4489,0.01360000018030405,0.0006260451045818627
4490,0.04853399842977524,0.0006248761783353984
4491,-0.0013330000219866633,0.0006236573681235313
4492,0.043733999133110046,0.0006224897806532681
4493,-0.02160000056028366,0.0006212912849150598
4494,0.06373400241136551,0.0006200338830240071
4495,0.01866699941456318,0.000618804304394871
4496,0.03359999880194664,0.0006175917806103826
4497,-0.0013330000219866633,0.0006165722152218223
4498,0.01866699941456318,0.0006157639436423779
4499,-0.031466998159885406,0.0006151087582111359
4500,0.05360100045800209,0.0006142922211438417
4501,-0.02160000056028366,0.0006137342425063252
4502,0.03359999880194664,0.000612828298471868
4503,-0.011466999538242817,0.0006120032630860806
4504,0.043733999133110046,0.0006111233960837126
4505,-0.026399999856948853,0.0006101015023887157
4506,0.03359999880194664,0.0006090681999921799
4507,-0.02160000056028366,0.0006080796010792255
4508,0.03866700083017349,0.0006069937953725457
4509,0.008533000014722347,0.0006060763844288886
4510,0.04853399842977524,0.0006050289375707507
4511,0.01360000018030405,0.0006040538428351283
4512,0.05866700038313866,0.0006030009826645255
4513,0.01360000018030405,0.0006017115665599704
4514,0.04853399842977524,0.0006004885071888566
4515,-0.0013330000219866633,0.0005994642269797623
4516,0.03866700083017349,0.0005985196912661195
4517,-0.02160000056028366,0.0005975615349598229
4518,0.028534000739455223,0.000596475787460804
4519,0.008533000014722347,0.0005953643121756613
4520,0.06373400241136551,0.0005944751901552081
4521,0.01360000018030405,0.0005937626701779664
4522,0.043733999133110046,0.0005931324558332562
4523,0.003467000089585781,0.0005925525911152363
4524,0.028534000739455223,0.0005920517141930759
4525,-0.011466999538242817,0.0005913495551794767
4526,0.043733999133110046,0.0005907934391871095
4527,-0.006399999838322401,0.0005902830162085593
4528,0.05360100045800209,0.0005897911614738405
4529,0.01866699941456318,0.0005893795751035213
4530,0.04853399842977524,0.0005889110034331679
4531,0.03866700083017349,0.0005881733959540725
4532,0.05866700038313866,0.0005876159993931651
4533,-0.026399999856948853,0.0005871698958799243
4534,0.03866700083017349,0.0005867830477654934
4535,0.008533000014722347,0.0005862144753336906
4536,0.04853399842977524,0.0005857808282598853
4537,-0.026399999856948853,0.0005855369381606579
4538,0.07360100001096725,0.0005850801826454699
4539,0.008533000014722347,0.0005845031701028347
4540,0.02346700057387352,0.0005841290112584829
4541,-0.02160000056028366,0.0005834487965330482
4542,0.01866699941456318,0.0005828581633977592
4543,0.003467000089585781,0.0005822682287544012
4544,0.04853399842977524,0.0005817505880258977
4545,-0.006399999838322401,0.0005812018644064665
4546,0.028534000739455223,0.0005805788096040487
4547,0.02346700057387352,0.0005797457415610552
4548,0.04853399842977524,0.0005789416027255356
4549,0.01866699941456318,0.0005782081861980259
4550,0.043733999133110046,0.0005776263424195349
4551,-0.011466999538242817,0.0005771360592916608
4552,0.008533000014722347,0.0005769673152826726
4553,0.01360000018030405,0.0005764245288446546
4554,0.04853399842977524,0.000576019985601306
4555,-0.0013330000219866633,0.0005754813901148736
4556,0.04853399842977524,0.0005750386044383049
4557,-0.011466999538242817,0.0005747260292991996
4558,0.05360100045800209,0.0005744819063693285
4559,-0.03653400018811226,0.0005739153129979968
4560,0.028534000739455223,0.0005733506986871362
4561,0.003467000089585781,0.0005725896335206926
4562,0.06373400241136551,0.0005721127963624895
4563,0.02346700057387352,0.0005716347950510681
4564,0.043733999133110046,0.0005714205326512456
4565,-0.0013330000219866633,0.0005710849072784185
4566,0.028534000739455223,0.0005708952085115016
4567,0.003467000089585781,0.0005707161617465317
4568,0.03866700083017349,0.000570739503018558
4569,0.02346700057387352,0.0005709033575840294
4570,0.06373400241136551,0.0005714123835787177
4571,-0.07146800309419632,0.0005722808418795466
4572,0.02346700057387352,0.0005722508067265153
4573,0.003467000089585781,0.0005720346816815436
4574,0.07360100001096725,0.000571977230720222
4575,-0.006399999838322401,0.0005720157641917467
4576,0.04853399842977524,0.0005720488843508065
4577,-0.0013330000219866633,0.0005719116888940334
4578,0.0685340017080307,0.0005721431225538254
4579,-0.0013330000219866633,0.0005720410845242441
4580,0.07360100001096725,0.0005720311892218888
4581,0.01360000018030405,0.000571862212382257
4582,0.05360100045800209,0.0005717015010304749
4583,0.003467000089585781,0.0005714282160624862
4584,0.03866700083017349,0.0005712349666282535
4585,0.02346700057387352,0.0005710391560569406
4586,0.05360100045800209,0.0005709739634767175
4587,-0.02160000056028366,0.0005708205280825496
4588,0.02346700057387352,0.0005707114469259977
4589,0.008533000014722347,0.000570448930375278
4590,0.04853399842977524,0.000570603646337986
4591,-0.0013330000219866633,0.000570603646337986
4592,0.028534000739455223,0.0005707032978534698
4593,-0.02160000056028366,0.0005705865332856774
4594,0.03866700083017349,0.0005707218660973012
4595,0.02346700057387352,0.0005706197116523981
4596,0.04853399842977524,0.0005710040568374097
4597,-0.011466999538242817,0.0005711967824026942
4598,0.07866799831390381,0.0005717116873711348
4599,0.01360000018030405,0.000571783515624702
4600,0.05866700038313866,0.0005718421889469028
4601,0.028534000739455223,0.0005715849110856652
4602,0.03866700083017349,0.000571644282899797
4603,0.003467000089585781,0.0005715786246582866
4604,0.03866700083017349,0.00057195033878088
4605,-0.0013330000219866633,0.0005722444620914757
4606,0.043733999133110046,0.00057266338262707
4607,-0.011466999538242817,0.0005731242708861828
4608,0.03866700083017349,0.000573494122363627
4609,-0.0013330000219866633,0.0005736990133300424
4610,0.043733999133110046,0.0005741235800087452
4611,-0.02160000056028366,0.0005743594956584275
4612,0.028534000739455223,0.000574576435610652
4613,-0.0013330000219866633,0.000574591860640794
4614,0.05360100045800209,0.0005749103147536516
4615,0.028534000739455223,0.0005749203846789896
4616,0.04853399842977524,0.0005752325523644686
4617,0.003467000089585781,0.0005752718425355852
4618,0.05360100045800209,0.0005753321456722915
4619,0.01360000018030405,0.0005752713768742979
4620,0.043733999133110046,0.0005752448923885822
4621,0.003467000089585781,0.0005750409327447414
4622,0.04853399842977524,0.000575216137804091
4623,-0.0013330000219866633,0.0005753068253397942
4624,0.08880099654197693,0.0005757909966632724
4625,-0.016534000635147095,0.000575879355892539
4626,0.07360100001096725,0.0005762016517110169
4627,-0.0013330000219866633,0.0005763747030869126
4628,0.008533000014722347,0.0005766088142991066
4629,-0.0013330000219866633,0.000577102298848331
4630,0.04853399842977524,0.0005777152255177498
4631,-0.011466999538242817,0.0005783814704045653
4632,0.06373400241136551,0.0005792446900159121
4633,0.05360100045800209,0.0005796917248517275
4634,0.05360100045800209,0.0005800724029541016
4635,0.028534000739455223,0.0005804086104035378
4636,0.043733999133110046,0.0005808600690215826
4637,0.008533000014722347,0.0005812266608700156
4638,0.05360100045800209,0.0005817770725116134
4639,-0.011466999538242817,0.0005820200312882662
4640,0.043733999133110046,0.0005824497202411294
4641,-0.011466999538242817,0.0005826854612678289
4642,0.028534000739455223,0.0005830905865877867
4643,0.003467000089585781,0.0005836969939991832
4644,0.02346700057387352,0.0005844534025527537
4645,-0.02160000056028366,0.0005850855377502739
4646,0.03359999880194664,0.00058585504302755
4647,-0.026399999856948853,0.0005866892170161009
4648,0.01360000018030405,0.0005873518530279398
4649,0.003467000089585781,0.0005881268298253417
4650,0.03359999880194664,0.0005892804474569857
4651,-0.02160000056028366,0.0005903454730287194
4652,0.04853399842977524,0.0005913462373428047
4653,0.003467000089585781,0.0005925175501033664
4654,0.01360000018030405,0.0005937784444540739
4655,-0.011466999538242817,0.0005947676254436374
4656,0.03866700083017349,0.0005956110544502735
4657,0.01360000018030405,0.0005964693264104426
4658,0.01360000018030405,0.0005974053638055921
4659,0.01866699941456318,0.0005982801085337996
4660,0.0685340017080307,0.0005993732484057546
4661,0.01866699941456318,0.0006003429880365729
4662,0.028534000739455223,0.000601379491854459
4663,-0.016534000635147095,0.0006025222246535122
4664,0.05360100045800209,0.0006039048312231898
4665,-0.011466999538242817,0.0006052026292309165
4666,0.01866699941456318,0.0006064115441404283
4667,-0.011466999538242817,0.0006076282588765025
4668,0.043733999133110046,0.0006088682566769421
4669,-0.006399999838322401,0.0006101420149207115
4670,0.04853399842977524,0.0006114491261541843
4671,-0.026399999856948853,0.0006128677632659674
4672,0.028534000739455223,0.0006141868652775884
4673,0.003467000089585781,0.0006154473521746695
4674,0.01866699941456318,0.000617026467807591
4675,-0.026399999856948853,0.0006187287508510053
4676,0.008533000014722347,0.0006203413940966129
4677,0.01360000018030405,0.0006219280185177922
4678,0.008533000014722347,0.0006238818168640137
4679,-0.04666699841618538,0.0006257445784285665
4680,0.003467000089585781,0.0006267613498494029
4681,-0.011466999538242817,0.0006276592030189931
4682,0.03359999880194664,0.0006284348201006651
4683,-0.006399999838322401,0.0006291000754572451
4684,0.02346700057387352,0.0006298437365330756
4685,0.01866699941456318,0.0006305616116151214
4686,0.02346700057387352,0.000631213653832674
4687,-0.0013330000219866633,0.0006316188955679536
4688,0.043733999133110046,0.0006321183172985911
4689,-0.0013330000219866633,0.0006327906157821417
4690,0.01360000018030405,0.0006334115169011056
4691,-0.006399999838322401,0.0006337218801490963
4692,0.01360000018030405,0.0006344360299408436
4693,-0.02160000056028366,0.0006352431373670697
4694,0.028534000739455223,0.0006359118851833045
4695,-0.0013330000219866633,0.0006366688758134842
4696,0.02346700057387352,0.0006374774966388941
4697,-0.006399999838322401,0.000638254510704428
4698,0.03866700083017349,0.0006388268084265292
4699,-0.0013330000219866633,0.0006395613308995962
4700,0.05360100045800209,0.0006402308936230838
4701,0.003467000089585781,0.000640873156953603
4702,0.07866799831390381,0.0006419542478397489
4703,0.028534000739455223,0.0006424711318686604
4704,0.07866799831390381,0.0006435944233089685
4705,0.028534000739455223,0.0006442366866394877
4706,0.05360100045800209,0.000644744373857975
4707,-0.016534000635147095,0.0006450023502111435
4708,0.05360100045800209,0.0006453312817029655
4709,-0.02160000056028366,0.0006457483978010714
4710,0.03866700083017349,0.0006460092263296247
4711,-0.0013330000219866633,0.0006465465994551778
4712,0.043733999133110046,0.0006470564985647798
4713,0.008533000014722347,0.0006475072586908937
4714,0.003467000089585781,0.000648243585601449
4715,-0.02160000056028366,0.0006487869541160762
4716,0.028534000739455223,0.0006491430103778839
4717,0.003467000089585781,0.0006495531415566802
4718,0.05360100045800209,0.0006501043681055307
4719,-0.026399999856948853,0.0006504555931314826
4720,0.028534000739455223,0.0006505631608888507
4721,-0.02160000056028366,0.0006506270146928728
4722,0.03359999880194664,0.0006509203230962157
4723,-0.016534000635147095,0.0006512985564768314
4724,0.01360000018030405,0.000651537615340203
4725,0.02346700057387352,0.0006517974543385208
4726,0.028534000739455223,0.0006520293536596
4727,0.003467000089585781,0.0006521574687212706
4728,0.01360000018030405,0.0006527304649353027
4729,-0.0013330000219866633,0.0006535988068208098
4730,0.043733999133110046,0.0006543889758177102
4731,-0.03653400018811226,0.0006553868297487497
4732,0.03866700083017349,0.0006561408517882228
4733,-0.02160000056028366,0.0006569804390892386
4734,0.05360100045800209,0.0006578152533620596
4735,-0.016534000635147095,0.0006588782998733222
4736,0.05360100045800209,0.0006599256303161383
4737,-0.011466999538242817,0.0006611376302316785
4738,0.003467000089585781,0.000662255915813148
4739,-0.04666699841618538,0.0006634800229221582
4740,0.0685340017080307,0.0006638660561293364
4741,-0.006399999838322401,0.0006644302047789097
4742,0.05360100045800209,0.0006651432486250997
4743,0.01866699941456318,0.0007009638356976211
4744,0.06373400241136551,0.0008221421157941222
4745,-0.0013330000219866633,0.0009402718278579414
4746,0.04853399842977524,0.0010145960841327906
4747,0.008533000014722347,0.0010570220183581114
4748,0.05360100045800209,0.0010909386910498142
4749,-0.02160000056028366,0.0011128170881420374
4750,0.01866699941456318,0.0011306230444461107
4751,0.028534000739455223,0.0011473891790956259
4752,0.03866700083017349,0.0011607552878558636
4753,-0.011466999538242817,0.0011742167407646775
4754,0.05360100045800209,0.0011838823556900024
4755,0.003467000089585781,0.0011933038476854563
4756,0.03359999880194664,0.0012013819068670273
4757,-0.0013330000219866633,0.001207873341627419
4758,0.04853399842977524,0.0012134622083976865
4759,-0.02160000056028366,0.0012173939030617476
4760,0.03866700083017349,0.0012198335025459528
4761,-0.031466998159885406,0.0012216258328408003
4762,0.05360100045800209,0.001222599996253848
4763,0.01360000018030405,0.0012240647338330746
4764,0.04853399842977524,0.0012256255140528083
4765,0.003467000089585781,0.0012268612626940012
4766,0.03866700083017349,0.0012289159931242466
4767,0.003467000089585781,0.0012310518650338054
4768,0.03866700083017349,0.0012339004315435886
4769,0.01360000018030405,0.0012375670485198498
4770,0.04853399842977524,0.0012410141061991453
4771,0.01360000018030405,0.0012452942319214344
4772,0.03359999880194664,0.0012480674777179956
4773,-0.026399999856948853,0.0012508152285590768
4774,0.01360000018030405,0.001253386726602912
4775,-0.02160000056028366,0.0012549839448183775
4776,0.01360000018030405,0.001256339019164443
4777,-0.016534000635147095,0.0012570677790790796
4778,0.02346700057387352,0.0012577732559293509
4779,0.003467000089585781,0.0012583191273733974
4780,0.05866700038313866,0.0012593958526849747
4781,0.01360000018030405,0.0012609355617314577
4782,0.06373400241136551,0.0012618652544915676
4783,-0.011466999538242817,0.001262906240299344
4784,0.028534000739455223,0.0012629164848476648
4785,-0.02160000056028366,0.001263166544958949
4786,0.003467000089585781,0.0012637856416404247
4787,-0.02160000056028366,0.0012642897199839354
4788,0.02346700057387352,0.0012641389621421695
4789,-0.006399999838322401,0.0012638717889785767
4790,0.028534000739455223,0.0012633528094738722
4791,0.003467000089585781,0.001262823585420847
4792,0.04853399842977524,0.0012620463967323303
4793,0.02346700057387352,0.001261110883206129
4794,0.028534000739455223,0.001260416698642075
4795,-0.011466999538242817,0.0012596070300787687
4796,0.01360000018030405,0.0012589831603690982
4797,-0.02160000056028366,0.0012584235519170761
4798,0.03866700083017349,0.001258289790712297
4799,-0.0013330000219866633,0.0012579194735735655
4800,0.01360000018030405,0.0012575795408338308
4801,0.03359999880194664,0.001257029827684164
4802,0.05866700038313866,0.0012564918724820018
4803,0.01360000018030405,0.0012562302872538567
4804,0.03866700083017349,0.001255673123523593
4805,-0.0013330000219866633,0.001255440409295261
4806,0.06373400241136551,0.001254908973351121
4807,-0.026399999856948853,0.0012546615907922387
4808,0.05360100045800209,0.001254527596756816
4809,0.003467000089585781,0.0012549660168588161
4810,0.01360000018030405,0.0012562188785523176
4811,0.01866699941456318,0.0012577775632962584
4812,0.028534000739455223,0.001259978162124753
4813,0.01360000018030405,0.0012630752753466368
4814,0.03866700083017349,0.001265808241441846
4815,-0.011466999538242817,0.0012685505207628012
4816,0.04853399842977524,0.00127109931781888
4817,-0.011466999538242817,0.001273865345865488
4818,0.05360100045800209,0.0012777226511389017
4819,-0.026399999856948853,0.0012836416717618704
4820,0.04853399842977524,0.001290992833673954
4821,0.003467000089585781,0.0012995607685297728
4822,0.04853399842977524,0.0013107357081025839
4823,0.03866700083017349,0.0013285612221807241
4824,0.04853399842977524,0.00135833490639925
4825,-0.011466999538242817,0.001402627443894744
4826,0.0685340017080307,0.0014606278855353594
4827,-0.02160000056028366,0.0015286790439859033
4828,0.04853399842977524,0.0016087021213024855
4829,-0.006399999838322401,0.0017013978213071823
4830,0.03866700083017349,0.001799245597794652
4831,0.01360000018030405,0.0018978791777044535
4832,0.043733999133110046,0.0019996685441583395
4833,0.03866700083017349,0.0021037482656538486
4834,0.07360100001096725,0.0021959482692182064
4835,0.02346700057387352,0.002278814557939768
4836,0.04853399842977524,0.0023546437732875347
4837,-0.006399999838322401,0.0024258496705442667
4838,0.05360100045800209,0.002494740765541792
4839,-0.0013330000219866633,0.0025630658492445946
4840,0.06373400241136551,0.0026310544926673174
4841,-0.011466999538242817,0.0026940740644931793
4842,0.07360100001096725,0.0027532544918358326
4843,0.02346700057387352,0.0028100989293307066
4844,0.05866700038313866,0.0028655221685767174
4845,-0.02160000056028366,0.002919413847848773
4846,0.04853399842977524,0.0029699034057557583
4847,-0.006399999838322401,0.0030189966782927513
4848,0.04853399842977524,0.003067451762035489
4849,-0.011466999538242817,0.003116058651357889
4850,0.02346700057387352,0.003164732363075018
4851,-0.031466998159885406,0.0032137390226125717
4852,0.03866700083017349,0.003262314945459366
4853,0.02346700057387352,0.00330940680578351
4854,0.05866700038313866,0.003354191780090332
4855,-0.006399999838322401,0.003397272899746895
4856,0.03866700083017349,0.003438408486545086
4857,-0.026399999856948853,0.0034776099491864443
4858,0.01866699941456318,0.0035153054632246494
4859,0.008533000014722347,0.0035518035292625427
4860,0.03866700083017349,0.0035872962325811386
4861,0.028534000739455223,0.0036219903267920017
4862,0.05360100045800209,0.0036557072307914495
4863,0.008533000014722347,0.003688658121973276
4864,0.01866699941456318,0.00372124370187521
4865,0.02346700057387352,0.003753662109375
4866,0.043733999133110046,0.003786046989262104
4867,-0.02160000056028366,0.003818758763372898
4868,0.02346700057387352,0.0038522256072610617
4869,-0.011466999538242817,0.0038867369294166565
4870,0.008533000014722347,0.003922218922525644
4871,-0.016534000635147095,0.0039592222310602665
4872,0.028534000739455223,0.003997620660811663
4873,0.003467000089585781,0.0040379418060183525
4874,0.04853399842977524,0.004080293700098991
4875,-0.006399999838322401,0.004124805796891451
4876,0.03866700083017349,0.0041716452687978745
4877,0.003467000089585781,0.0042196884751319885
4878,0.05360100045800209,0.004267031326889992
4879,-0.006399999838322401,0.004313167184591293
4880,0.003467000089585781,0.004358024336397648
4881,-0.0013330000219866633,0.004402490332722664
4882,0.02346700057387352,0.004445522092282772
4883,0.01360000018030405,0.00448741065338254
4884,0.04853399842977524,0.004527894780039787
4885,0.02346700057387352,0.004566132090985775
4886,0.04853399842977524,0.004601920489221811
4887,-0.016534000635147095,0.004635976627469063
4888,0.028534000739455223,0.004668658133596182
4889,-0.0013330000219866633,0.004700704477727413
4890,0.02346700057387352,0.0047322409227490425
4891,0.02346700057387352,0.004763541743159294
4892,0.05360100045800209,0.004794958978891373
4893,-0.006399999838322401,0.004826863296329975
4894,0.01360000018030405,0.004859477281570435
4895,-0.016534000635147095,0.004893220961093903
4896,0.03866700083017349,0.004926562309265137
4897,0.01360000018030405,0.00495892995968461
4898,0.03866700083017349,0.00499036256223917
4899,0.008533000014722347,0.0050208913162350655
4900,0.04853399842977524,0.005050892475992441
4901,-0.026399999856948853,0.005080359987914562
4902,0.03866700083017349,0.005109779071062803
4903,-0.02160000056028366,0.005139046814292669
4904,0.02346700057387352,0.005168637726455927
4905,-0.016534000635147095,0.005198211409151554
4906,0.05360100045800209,0.005227738060057163
4907,-0.011466999538242817,0.005257636308670044
4908,0.08880099654197693,0.005288124084472656
4909,0.01360000018030405,0.005318884737789631
4910,0.03866700083017349,0.005349424201995134
4911,0.02346700057387352,0.005379682872444391
4912,0.043733999133110046,0.005409823264926672
4913,-0.02160000056028366,0.005438949912786484
4914,0.01866699941456318,0.005466286092996597
4915,0.02346700057387352,0.005492133088409901
4916,0.03359999880194664,0.005516336299479008
4917,0.003467000089585781,0.005539322271943092
4918,0.02346700057387352,0.0055610667914152145
4919,0.003467000089585781,0.005581703037023544
4920,0.003467000089585781,0.0056013730354607105
4921,-0.011466999538242817,0.005620331969112158
4922,0.043733999133110046,0.005638704635202885
4923,-0.0013330000219866633,0.005656513385474682
4924,0.03866700083017349,0.005674062296748161
4925,0.02346700057387352,0.005691412836313248
4926,0.03866700083017349,0.005708080716431141
4927,-0.006399999838322401,0.005723863374441862
4928,0.02346700057387352,0.005739147774875164
4929,-0.0013330000219866633,0.005753945559263229
4930,0.06373400241136551,0.005768136121332645
4931,-0.016534000635147095,0.005781816318631172
4932,0.028534000739455223,0.0057955170050263405
4933,-0.016534000635147095,0.005809204652905464
4934,0.04853399842977524,0.0058226510882377625
4935,-0.0013330000219866633,0.005836299154907465
4936,0.028534000739455223,0.005851091351360083
4937,-0.016534000635147095,0.0058663999661803246
4938,0.04853399842977524,0.005882451310753822
4939,0.003467000089585781,0.0058992523699998856
4940,0.05866700038313866,0.005916820839047432
4941,-0.011466999538242817,0.005935170687735081
4942,0.04853399842977524,0.005953830201178789
4943,0.02346700057387352,0.005972919054329395
4944,0.07866799831390381,0.005992261692881584
4945,-0.016534000635147095,0.006011797580868006
4946,0.03359999880194664,0.006031504832208157
4947,0.01360000018030405,0.006050437688827515
4948,0.05360100045800209,0.006067729089409113
4949,0.02346700057387352,0.006083470303565264
4950,0.03866700083017349,0.006098176818341017
4951,-0.0013330000219866633,0.006111424881964922
4952,0.03866700083017349,0.006123693659901619
4953,-0.006399999838322401,0.006135101430118084
4954,0.06373400241136551,0.006145956926047802
4955,-0.02160000056028366,0.006155791692435741
4956,0.03866700083017349,0.006165063939988613
4957,-0.04160099849104881,0.0061736805364489555
4958,0.028534000739455223,0.006181337870657444
4959,-0.016534000635147095,0.006188973784446716
4960,0.02346700057387352,0.006196082569658756
4961,-0.016534000635147095,0.006203279830515385
4962,0.02346700057387352,0.006210287567228079
4963,0.008533000014722347,0.006216693203896284
4964,0.02346700057387352,0.006222580559551716
4965,-0.011466999538242817,0.006227942183613777
4966,0.05360100045800209,0.0062331343069672585
4967,-0.026399999856948853,0.006237911991775036
4968,0.0685340017080307,0.006242555566132069
4969,0.01360000018030405,0.006247031502425671
4970,0.043733999133110046,0.006251002661883831
4971,-0.011466999538242817,0.006254860199987888
4972,0.03866700083017349,0.0062590534798800945
4973,-0.0013330000219866633,0.006263382732868195
4974,0.01360000018030405,0.006267884746193886
4975,-0.02160000056028366,0.006272596772760153
4976,0.01360000018030405,0.0062774550169706345
4977,-0.011466999538242817,0.006282206624746323
4978,0.04853399842977524,0.006286666728556156
4979,0.02346700057387352,0.006290937773883343
4980,0.06373400241136551,0.006295225583016872
4981,-0.026399999856948853,0.00629916787147522
4982,-0.006399999838322401,0.0063029141165316105
4983,-0.011466999538242817,0.006306628696620464
4984,0.03866700083017349,0.006309881806373596
4985,-0.0013330000219866633,0.006312508136034012
4986,0.03866700083017349,0.006314950063824654
4987,-0.04666699841618538,0.006316710263490677
4988,0.008533000014722347,0.0063180020079016685
4989,0.02346700057387352,0.006318987347185612
4990,0.02346700057387352,0.006319564767181873
4991,-0.011466999538242817,0.00631979014724493
4992,0.05360100045800209,0.006319560110569
4993,0.003467000089585781,0.0063189053907990456
4994,0.0685340017080307,0.00631819199770689
4995,-0.0013330000219866633,0.006317203398793936
4996,0.05360100045800209,0.006316646002233028
4997,0.06373400241136551,0.006315919570624828
4998,0.3890720009803772,0.0063150860369205475
4999,0.6397410035133362,0.006279250606894493
5000,0.865077018737793,0.0061584156937897205
5001,1.0053459405899048,0.006040595006197691
5002,1.1805479526519775,0.005966341122984886
5003,1.2005480527877808,0.005924120545387268
5004,1.2808159589767456,0.005890371277928352
5005,1.3557499647140503,0.005869084503501654
5006,1.5661530494689941,0.005851927679032087
5007,1.6312199831008911,0.005836042109876871
5008,1.7464220523834229,0.0058233607560396194
5009,1.7664220333099365,0.005810137372463942
5010,1.8216229677200317,0.0058005573228001595
5011,1.801622986793518,0.005791251547634602
5012,1.8066890239715576,0.005783574189990759
5013,1.8066890239715576,0.005777406506240368
5014,1.8314900398254395,0.005772286094725132
5015,1.8066890239715576,0.005768800154328346
5016,1.8216229677200317,0.005766852758824825
5017,1.781622052192688,0.005765572190284729
5018,1.8266890048980713,0.005765235051512718
5019,1.7914890050888062,0.005764357279986143
5020,1.8266890048980713,0.005763581488281488
5021,1.801622986793518,0.0057630110532045364
5022,1.8266890048980713,0.005761707201600075
5023,1.8266890048980713,0.0057601965963840485
5024,1.846690058708191,0.005758053157478571
5025,1.8066890239715576,0.005755130667239428
5026,1.8616230487823486,0.005752416793256998
5027,1.8066890239715576,0.005748725961893797
5028,1.8968240022659302,0.00574654433876276
5029,1.8314900398254395,0.0057444809935987
5030,1.8968240022659302,0.0057427361607551575
5031,1.856557011604309,0.005742006003856659
5032,1.906690001487732,0.005741483997553587
5033,1.8717570304870605,0.00574154406785965
5034,1.8765569925308228,0.0057417526841163635
5035,1.8266890048980713,0.005742196924984455
5036,1.911756992340088,0.005742141976952553
5037,1.8216229677200317,0.005741949658840895
5038,1.8717570304870605,0.005742620676755905
5039,1.8114889860153198,0.0057435790076851845
5040,1.8666900396347046,0.005745675880461931
5041,1.8314900398254395,0.005747624672949314
5042,1.8816239833831787,0.005749647971242666
5043,1.7864220142364502,0.0057519786059856415
5044,1.8216229677200317,0.005754916463047266
5045,1.801622986793518,0.00575823150575161
5046,1.846690058708191,0.0057624708861112595
5047,1.7914890050888062,0.00576747115701437
5048,1.851755976676941,0.005773525219410658
5049,1.8314900398254395,0.0057808589190244675
5050,1.8216229677200317,0.005789459683001041
5051,1.8165559768676758,0.0057995738461613655
5052,1.851755976676941,0.0058096833527088165
5053,1.7914890050888062,0.00581952603533864
5054,1.8314900398254395,0.005828985013067722
5055,1.8066890239715576,0.005838816985487938
5056,1.8365559577941895,0.005848971661180258
5057,1.801622986793518,0.005860049743205309
5058,1.8314900398254395,0.00587130943313241
5059,1.7914890050888062,0.005882027558982372
5060,1.8216229677200317,0.005892336834222078
5061,1.801622986793518,0.005901503376662731
5062,1.8216229677200317,0.005909796338528395
5063,1.781622052192688,0.005916879046708345
5064,1.8066890239715576,0.0059229470789432526
5065,1.7914890050888062,0.0059280735440552235
5066,1.8314900398254395,0.0059319050051271915
5067,1.7714890241622925,0.005935024470090866
5068,1.796555995941162,0.005937148351222277
5069,1.5962870121002197,0.005938476882874966
5070,0.6445410251617432,0.005940972827374935
5071,-0.02160000056028366,0.005943693220615387
5072,-0.14160199463367462,0.005946584511548281
5073,-0.5122730135917664,0.005949198268353939
5074,-0.6626750230789185,0.005950627848505974
5075,-0.7978770136833191,0.005950123071670532
5076,-0.8829439878463745,0.005948053672909737
5077,-1.183480978012085,0.005944844335317612
5078,-1.569085955619812,0.005938969552516937
5079,-1.7845560312271118,0.005926711950451136
5080,-1.8296229839324951,0.005902388598769903
5081,-1.9197570085525513,0.005863323342055082
5082,-1.8546899557113647,0.005810192320495844
5083,-1.9045569896697998,0.005746769718825817
5084,-1.8445559740066528,0.00567210977897048
5085,-1.9296239614486694,0.0055847796611487865
5086,-1.8794900178909302,0.005492019932717085
5087,-1.8845570087432861,0.005398541688919067
5088,-1.8445559740066528,0.00530181173235178
5089,-1.8496229648590088,0.00520290806889534
5090,-1.8546899557113647,0.005115724168717861
5091,-1.8546899557113647,0.005038074217736721
5092,-1.8546899557113647,0.004967546556144953
5093,-1.9146909713745117,0.004901775158941746
5094,-1.8794900178909302,0.004838325083255768
5095,-1.8997570276260376,0.004775097593665123
5096,-1.889623999595642,0.004712013527750969
5097,-1.9546910524368286,0.004653861280530691
5098,-1.9045569896697998,0.004599214997142553
5099,-1.944823980331421,0.004547124728560448
5100,-1.874690055847168,0.0044961110688745975
5101,-0.9629449844360352,0.004446002654731274
5102,-0.09173399955034256,0.004398747347295284
5103,-0.031466998159885406,0.004352840129286051
5104,0.33920401334762573,0.004307557363063097
5105,0.549340009689331,0.004262350033968687
5106,0.6696079969406128,0.0042168693616986275
5107,0.7298759818077087,0.004171136766672134
5108,1.0752129554748535,0.00412575900554657
5109,1.4410849809646606,0.004082225263118744
5110,1.696287989616394,0.004041008651256561
5111,1.7565549612045288,0.00400183442980051
5112,1.8666900396347046,0.0039647771045565605
5113,1.801622986793518,0.003929777070879936
5114,1.7914890050888062,0.003896227804943919
5115,1.7616219520568848,0.0038639167323708534
5116,1.8114889860153198,0.0038323390763252974
5117,1.7565549612045288,0.0038015644531697035
5118,1.7864220142364502,0.0037717465311288834
5119,1.7213549613952637,0.0037425996270030737
5120,1.7464220523834229,0.003713918849825859
5121,1.7162879705429077,0.003685444127768278
5122,1.7864220142364502,0.003656904213130474
5123,1.7514890432357788,0.003628038801252842
5124,1.8365559577941895,0.0035985668655484915
5125,1.781622052192688,0.003568064421415329
5126,1.8266890048980713,0.0035362476482987404
5127,1.7914890050888062,0.0035028972197324038
5128,1.8365559577941895,0.003467621747404337
5129,1.801622986793518,0.003429473377764225
5130,1.8666900396347046,0.003388541517779231
5131,1.8165559768676758,0.0033447290770709515
5132,1.2205489873886108,0.0032981140539050102
5133,0.1938689947128296,0.003249955829232931
5134,0.043733999133110046,0.0032019696664065123
5135,-0.2920039892196655,0.0031548389233648777
5136,-0.5624070167541504,0.0031085966620594263
5137,-0.7125419974327087,0.0030629397369921207
5138,-0.7576090097427368,0.0030186001677066088
5139,-1.0232130289077759,0.002975414041429758
5140,-1.3688169717788696,0.0029336311854422092
5141,-1.7642890214920044,0.0028939717449247837
5142,-1.7794890403747559,0.0028570315334945917
5143,-1.9045569896697998,0.0028216554783284664
5144,-1.8997570276260376,0.0027875048108398914
5145,-1.9146909713745117,0.002753891283646226
5146,-1.874690055847168,0.0027206907980144024
5147,-1.8997570276260376,0.0026879049837589264
5148,-1.8546899557113647,0.0026546823792159557
5149,-1.8696229457855225,0.0026210781652480364
5150,-1.8496229648590088,0.0025867922231554985
5151,-1.8144229650497437,0.002551498357206583
5152,-1.7944220304489136,0.002516498789191246
5153,-1.8344229459762573,0.002482425421476364
5154,-1.8546899557113647,0.0024493676610291004
5155,-1.9397579431533813,0.0024170083925127983
5156,-1.8997570276260376,0.0023851566947996616
5157,-1.9397579431533813,0.0023537129163742065
5158,-1.8997570276260376,0.0023223119787871838
5159,-1.9546910524368286,0.0022910991683602333
5160,-1.9346909523010254,0.002259735716506839
5161,-1.9797580242156982,0.0022282523568719625
5162,-1.949623942375183,0.0021967715583741665
5163,-1.9797580242156982,0.0021649738773703575
5164,-1.9746910333633423,0.0021325284615159035
5165,-2.009891986846924,0.002099429490044713
5166,-1.9546910524368286,0.002066423650830984
5167,-1.9946919679641724,0.002033886266872287
5168,-1.9648250341415405,0.0020016804337501526
5169,-2.009891986846924,0.001970401033759117
5170,-1.9296239614486694,0.0019408270018175244
5171,-1.9898920059204102,0.001912838313728571
5172,-1.9397579431533813,0.0018863312434405088
5173,-1.9898920059204102,0.0018611365230754018
5174,-1.9397579431533813,0.0018371110782027245
5175,-1.9698909521102905,0.0018140950705856085
5176,-1.8997570276260376,0.0017919620731845498
5177,-1.9546910524368286,0.001770516624674201
5178,-1.9346909523010254,0.001749628921970725
5179,-1.9546910524368286,0.0017291719559580088
5180,-1.9045569896697998,0.001709013245999813
5181,-1.9045569896697998,0.0016889721155166626
5182,-1.8946900367736816,0.001669678371399641
5183,-1.9397579431533813,0.0016511584399268031
5184,-1.8645570278167725,0.0016333457315340638
5185,-1.9245569705963135,0.0016160868108272552
5186,-1.9096239805221558,0.0015992620028555393
5187,-1.9346909523010254,0.001582740223966539
5188,-1.874690055847168,0.0015663838712498546
5189,-1.9146909713745117,0.001550039742141962
5190,-1.8344229459762573,0.0015335597563534975
5191,-1.9045569896697998,0.0015169847756624222
5192,-1.8696229457855225,0.001500226790085435
5193,-1.9197570085525513,0.0014834206085652113
5194,-1.6792210340499878,0.0014662907924503088
5195,-0.637607991695404,0.001448685536161065
5196,-0.05653399974107742,0.0014303524512797594
5197,0.0685340017080307,0.0014111651107668877
5198,0.46427199244499207,0.0013919334160163999
5199,0.6146739721298218,0.0013726067263633013
5200,0.7248089909553528,0.0013531263684853911
5201,0.8149440288543701,0.0013333074748516083
5202,1.1954820156097412,0.0013134028995409608
5203,1.541085958480835,0.0012946018250659108
5204,1.7365549802780151,0.001277292612940073
5205,1.781622052192688,0.001261399476788938
5206,1.856557011604309,0.0012467687483876944
5207,1.7914890050888062,0.0012334103230386972
5208,1.796555995941162,0.001221032114699483
5209,1.7714890241622925,0.0012095400597900152
5210,1.8216229677200317,0.0011988012120127678
5211,1.781622052192688,0.0011888856533914804
5212,1.7664220333099365,0.0011797331972047687
5213,1.7314879894256592,0.0011712536215782166
5214,1.796555995941162,0.0011632769601419568
5215,1.7314879894256592,0.0011557217221707106
5216,1.8066890239715576,0.0011484475107863545
5217,1.7664220333099365,0.0011413933243602514
5218,1.8314900398254395,0.001134645426645875
5219,1.781622052192688,0.0011285404907539487
5220,1.846690058708191,0.0011229118099436164
5221,1.8114889860153198,0.0011177507694810629
5222,1.8365559577941895,0.0011130430502817035
5223,1.8066890239715576,0.0011082809651270509
5224,1.8717570304870605,0.0011034061899408698
5225,1.781622052192688,0.0010983748361468315
5226,0.9301450252532959,0.0010934424353763461
5227,0.1338679939508438,0.0010885115480050445
5228,-0.04160099849104881,0.0010833076667040586
5229,-0.37707099318504333,0.0010776042472571135
5230,-0.6024079918861389,0.0010714199161157012
5231,-0.7477430105209351,0.0010649303440004587
5232,-0.8178769946098328,0.0010583432158455253
5233,-1.1533479690551758,0.0010519284987822175
5234,-1.5189520120620728,0.0010457659373059869
5235,-1.7944220304489136,0.0010397572768852115
5236,-1.8445559740066528,0.0010339658474549651
5237,-1.9546910524368286,0.00102838478051126
5238,-1.9045569896697998,0.0010229583131149411
5239,-1.949623942375183,0.00101764767896384
5240,-1.889623999595642,0.0010124921100214124
5241,-1.9397579431533813,0.0010075714671984315
5242,-1.874690055847168,0.0010028451215475798
5243,-1.889623999595642,0.0009986014338210225
5244,-1.8144229650497437,0.0009949086233973503
5245,-1.8296229839324951,0.0009916177950799465
5246,-1.8144229650497437,0.0009886652696877718
5247,-1.9045569896697998,0.0009858730481937528
5248,-1.8546899557113647,0.000983571051619947
5249,-1.9197570085525513,0.000981575925834477
5250,-1.889623999595642,0.0009797606617212296
5251,-1.9397579431533813,0.0009781487751752138
5252,-1.8997570276260376,0.000976835610345006
5253,-1.9546910524368286,0.0009756773943081498
5254,-1.9197570085525513,0.0009746749419718981
5255,-1.9546910524368286,0.0009738181252032518
5256,-1.8845570087432861,0.0009729618905112147
5257,-1.3336169719696045,0.0009720464586280286
5258,-0.2418700009584427,0.0009713403414934874
5259,-0.086667999625206,0.0009705749107524753
5260,0.2040030062198639,0.0009697768255136907
5261,0.4842729866504669,0.0009685660479590297
5262,0.6445410251617432,0.0009672614396549761
5263,0.6546750068664551,0.0009658696362748742
5264,0.9250779747962952,0.0009649486746639013
5265,1.3258830308914185,0.0009643539087846875
5266,1.646420955657959,0.0009637059411033988
5267,1.7314879894256592,0.000962975318543613
5268,1.8717570304870605,0.000962227990385145
5269,1.7914890050888062,0.0009614625014364719
5270,1.8314900398254395,0.0009605896775610745
5271,1.7464220523834229,0.0009595622541382909
5272,1.796555995941162,0.0009586468804627657
5273,1.7162879705429077,0.0009577878518030047
5274,1.7365549802780151,0.0009570460533723235
5275,1.6914880275726318,0.0009562571067363024
5276,1.7213549613952637,0.0009556136792525649
5277,1.70135498046875,0.0009550674585625529
5278,1.7314879894256592,0.0009542076149955392
5279,1.7514890432357788,0.000953208189457655
5280,1.8266890048980713,0.0009523351909592748
5281,1.7914890050888062,0.0009514458943158388
5282,1.8114889860153198,0.000950678891967982
5283,1.781622052192688,0.0009495274862274528
5284,1.8165559768676758,0.0009481717133894563
5285,1.8066890239715576,0.0009469224605709314
5286,1.8314900398254395,0.0009457705309614539
5287,1.8066890239715576,0.0009448874043300748
5288,1.4560179710388184,0.0009440394933335483
5289,0.35413798689842224,0.0009428513003513217
5290,0.04853399842977524,0.0009412914514541626
5291,-0.20693600177764893,0.0009392743231728673
5292,-0.5522739887237549,0.0009368015453219414
5293,-0.7226759791374207,0.0009338210802525282
5294,-0.7928100228309631,0.0009303594706580043
5295,-0.9530789852142334,0.0009263704996556044
5296,-1.2885489463806152,0.0009221215732395649
5297,-1.729354977607727,0.0009178071049973369
5298,-1.7744220495224,0.0009130986290983856
5299,-1.9096239805221558,0.0009083605837076902
5300,-1.8794900178909302,0.0009035018738359213
5301,-1.9245569705963135,0.0008982802974060178
5302,-1.8546899557113647,0.0008925378206185997
5303,-1.9096239805221558,0.0008860905072651803
5304,-1.889623999595642,0.0008787491242401302
5305,-1.8794900178909302,0.0008702630875632167
5306,-1.8546899557113647,0.0008604232571087778
5307,-1.8794900178909302,0.000849085976369679
5308,-1.8245559930801392,0.0008374371100217104
5309,-1.8997570276260376,0.0008259700844064355
5310,-1.889623999595642,0.0008145911851897836
5311,-1.9346909523010254,0.0008030540193431079
5312,-1.889623999595642,0.0007910869899205863
5313,-1.9096239805221558,0.0007784257177263498
5314,-1.889623999595642,0.0007657312089577317
5315,-1.9397579431533813,0.0007533358875662088
5316,-1.9245569705963135,0.0007416775915771723
5317,-1.9848250150680542,0.0007307796040549874
5318,-1.9597580432891846,0.0007210028124973178
5319,-1.9946919679641724,0.0007121303351595998
5320,-1.9648250341415405,0.0007039974443614483
5321,-1.9946919679641724,0.0006962838815525174
5322,-1.9546910524368286,0.0006890500662848353
5323,-2.009891986846924,0.0006822956493124366
5324,-1.9797580242156982,0.0006757915252819657
5325,-2.024825096130371,0.0006690531736239791
5326,-1.9546910524368286,0.0006615397287532687
5327,-2.019758939743042,0.0006539470050483942
5328,-1.9546910524368286,0.0006465670885518193
5329,-2.024825096130371,0.0006392985815182328
5330,-1.9946919679641724,0.0006320789689198136
5331,-1.999758005142212,0.0006247706478461623
5332,-1.949623942375183,0.0006173449219204485
5333,-1.949623942375183,0.0006098943995311856
5334,-1.8997570276260376,0.0006024035974405706
5335,-1.9546910524368286,0.0005947916652075946
5336,-1.9045569896697998,0.0005871548200957477
5337,-1.9197570085525513,0.0005795190809294581
5338,-1.874690055847168,0.0005719076725654304
5339,-1.9346909523010254,0.0005642864271067083
5340,-1.9045569896697998,0.0005567026091739535
5341,-1.9546910524368286,0.000549117277842015
5342,-1.9296239614486694,0.0005415922496467829
5343,-1.9597580432891846,0.0005341076757758856
5344,-1.9045569896697998,0.0005267065716907382
5345,-1.9397579431533813,0.000519396853633225
5346,-1.889623999595642,0.0005121610593050718
5347,-1.889623999595642,0.0005050972104072571
5348,-1.8496229648590088,0.0004982410464435816
5349,-1.8794900178909302,0.0004915578756481409
5350,-1.789355993270874,0.00048510971828363836
5351,-0.8778780102729797,0.0004791140090674162
5352,-0.08160100132226944,0.0004733565147034824
5353,0.003467000089585781,0.00046748429303988814
5354,0.36427098512649536,0.00046205351827666163
5355,0.5994740128517151,0.0004562495741993189
5356,0.6848090291023254,0.00045092651271261275
5357,0.7298759818077087,0.0004464038647711277
5358,1.0402799844741821,0.0004421807825565338
5359,1.4509509801864624,0.00043770461343228817
5360,1.70135498046875,0.0004330296942498535
5361,1.7565549612045288,0.00042839435627683997
5362,1.8866900205612183,0.0004236491513438523
5363,1.8114889860153198,0.00041897082701325417
5364,1.856557011604309,0.0004145109560340643
5365,1.7714890241622925,0.0004097459022887051
5366,1.796555995941162,0.0004049899580422789
5367,1.7664220333099365,0.0003998901229351759
5368,1.7616219520568848,0.0003949300735257566
5369,1.6914880275726318,0.0003897970891557634
5370,1.7314879894256592,0.0003846978652291
5371,1.7114880084991455,0.000380221928935498
5372,1.7514890432357788,0.00037565050297416747
5373,1.7514890432357788,0.00037129726842977107
5374,1.8314900398254395,0.0003670286387205124
5375,1.801622986793518,0.000362988852430135
5376,1.846690058708191,0.0003589514526538551
5377,1.846690058708191,0.000355144205968827
5378,1.8765569925308228,0.0003510545939207077
5379,1.856557011604309,0.00034723259159363806
5380,1.9266910552978516,0.0003439391148276627
5381,1.8917570114135742,0.00034091551788151264
5382,1.9517580270767212,0.00033778464421629906
5383,1.9016239643096924,0.0003349343314766884
5384,1.9368239641189575,0.0003328995662741363
5385,1.8765569925308228,0.00033229278051294386
5386,1.9168239831924438,0.00033194004208780825
5387,1.8616230487823486,0.00033182697370648384
5388,1.911756992340088,0.00033239746699109674
5389,1.8266890048980713,0.00033401354448869824
5390,1.8765569925308228,0.00033671531127765775
5391,1.8416229486465454,0.00033897656248882413
5392,1.8968240022659302,0.00034096272429451346
5393,1.8066890239715576,0.0003431233635637909
5394,1.8816239833831787,0.0003459177096374333
5395,1.801622986793518,0.0003500372695270926
5396,1.8365559577941895,0.00035371421836316586
5397,1.7864220142364502,0.0003565944207366556
5398,1.846690058708191,0.0003590417909435928
5399,1.801622986793518,0.00036203357740305364
5400,1.8416229486465454,0.0003659785143099725
5401,1.8165559768676758,0.00037040584720671177
5402,1.856557011604309,0.0003741617256309837
5403,1.7914890050888062,0.0003775965014938265
5404,1.856557011604309,0.00038179181865416467
5405,1.7765560150146484,0.00038636173121631145
5406,1.851755976676941,0.00039038434624671936
5407,1.7765560150146484,0.00039395270869135857
5408,1.8216229677200317,0.00039762305095791817
5409,1.7914890050888062,0.00040137115865945816
5410,1.8365559577941895,0.0004046924877911806
5411,1.7714890241622925,0.00040760915726423264
5412,1.796555995941162,0.0004105872940272093
5413,1.3909510374069214,0.0004127950523979962
5414,0.36427098512649536,0.00041405437514185905
5415,-0.006399999838322401,0.00041455175960436463
5416,-0.21680299937725067,0.0004149249289184809
5417,-0.58747398853302,0.0004153733607381582
5418,-0.6776080131530762,0.00041560124373063445
5419,-0.8128100037574768,0.0004157712101005018
5420,-0.9429450035095215,0.0004163107369095087
5421,-1.3586839437484741,0.0004173126653768122
5422,-1.6842880249023438,0.0004186053411103785
5423,-1.8245559930801392,0.0004200679832138121
5424,-1.9045569896697998,0.00042160795419476926
5425,-1.9597580432891846,0.00042317784391343594
5426,-1.9346909523010254,0.00042468542233109474
5427,-1.9397579431533813,0.0004261388967279345
5428,-1.9245569705963135,0.00042752810986712575
5429,-1.9546910524368286,0.0004288839118089527
5430,-1.8645570278167725,0.000430234766099602
5431,-1.8997570276260376,0.00043160756467841566
5432,-1.8144229650497437,0.0004329691582825035
5433,-1.8394900560379028,0.0004343680921010673
5434,-1.8144229650497437,0.0004357830621302128
5435,-1.9346909523010254,0.0004372447729110718
5436,-1.8794900178909302,0.0004386523796711117
5437,-1.9096239805221558,0.00044004624942317605
5438,-1.8997570276260376,0.0004414199502207339
5439,-1.9546910524368286,0.0004427128587849438
5440,-1.9346909523010254,0.00044363000779412687
5441,-1.9648250341415405,0.00044483126839622855
5442,-1.9397579431533813,0.00044624213478527963
5443,-1.9746910333633423,0.00044825271470472217
5444,-1.7744220495224,0.0004500757495407015
5445,-0.697609007358551,0.00045152875827625394
5446,-0.086667999625206,0.00045245426008477807
5447,0.02346700057387352,0.0004529936704784632
5448,0.44933900237083435,0.0004532008897513151
5449,0.5994740128517151,0.00045310630230233073
5450,0.6997420191764832,0.0004526452103164047
5451,0.7597429752349854,0.0004517429042607546
5452,1.1405479907989502,0.0004504476091824472
5453,1.5312190055847168,0.0004489455313887447
5454,1.68135404586792,0.00044722622260451317
5455,1.7714890241622925,0.00044527341378852725
5456,1.8416229486465454,0.0004431140550877899
5457,1.781622052192688,0.000440996780525893
5458,1.8216229677200317,0.0004388804954942316
5459,1.7864220142364502,0.0004366769571788609
5460,1.801622986793518,0.0004344191402196884
5461,1.7664220333099365,0.00043214199831709266
5462,1.7664220333099365,0.00042987489723600447
5463,1.7162879705429077,0.00042762336670421064
5464,1.7664220333099365,0.00042536662658676505
5465,1.7314879894256592,0.00042309582931920886
5466,1.7714890241622925,0.0004208108875900507
5467,1.7565549612045288,0.00041849398985505104
5468,1.8266890048980713,0.0004161724355071783
5469,1.7413549423217773,0.0004139326047152281
5470,1.781622052192688,0.0004117559583391994
5471,1.7664220333099365,0.0004097208729945123
5472,1.8114889860153198,0.00040794769302010536
5473,1.8114889860153198,0.0004065794055350125
5474,1.8917570114135742,0.0004057565238326788
5475,1.7664220333099365,0.00040508602978661656
5476,0.9301450252532959,0.0004049382696393877
5477,0.10373499989509583,0.0004047106485813856
5478,0.01360000018030405,0.0004041283973492682
5479,-0.38720500469207764,0.0004036528989672661
5480,-0.6125410199165344,0.0004035768215544522
5481,-0.7226759791374207,0.00040365863242186606
5482,-0.7928100228309631,0.00040397344855591655
5483,-1.1384140253067017,0.00040453532710671425
5484,-1.4938850402832031,0.00040473323315382004
5485,-1.729354977607727,0.00040540401823818684
5486,-1.8194890022277832,0.0004056919424328953
5487,-1.9397579431533813,0.00040621752850711346
5488,-1.8594900369644165,0.0004065319080837071
5489,-1.9296239614486694,0.0004066571709699929
5490,-1.8496229648590088,0.0004069269052706659
5491,-1.8794900178909302,0.00040705729043111205
5492,-1.8645570278167725,0.0004076063050888479
5493,-1.889623999595642,0.00040816894033923745
5494,-1.8194890022277832,0.0004090897855348885
5495,-1.874690055847168,0.0004098195640835911
5496,-1.8296229839324951,0.0004106384585611522
5497,-1.874690055847168,0.0004113953036721796
5498,-1.8645570278167725,0.0004119228105992079
5499,-1.9346909523010254,0.000412873225286603
5500,-1.8997570276260376,0.0004133788461331278
5501,-1.949623942375183,0.000414144538808614
5502,-1.8845570087432861,0.00041467914707027376
5503,-1.9245569705963135,0.0004152548499405384
5504,-1.9146909713745117,0.000415925111155957
5505,-1.9546910524368286,0.0004163483972661197
5506,-1.9146909713745117,0.0004166816361248493
5507,-1.9698909521102905,0.0004166776780039072
5508,-1.9797580242156982,0.0004165148420725018
5509,-2.024825096130371,0.00041632974171079695
5510,-1.9546910524368286,0.00041589426109567285
5511,-2.019758939743042,0.0004150484746787697
5512,-1.9546910524368286,0.00041375780710950494
5513,-1.9898920059204102,0.00041239234269596636
5514,-1.944823980331421,0.0004109980072826147
5515,-1.999758005142212,0.0004096126649528742
5516,-1.9397579431533813,0.0004081690567545593
5517,-2.0149590969085693,0.00040680053643882275
5518,-1.9397579431533813,0.0004053869633935392
5519,-1.9898920059204102,0.0004038318002130836
5520,-1.9096239805221558,0.00040193399763666093
5521,-1.9397579431533813,0.0003999173059128225
5522,-1.8845570087432861,0.000398062402382493
5523,-1.9797580242156982,0.0003962080809287727
5524,-1.9296239614486694,0.0003942660114262253
5525,-1.9245569705963135,0.0003922900650650263
5526,-1.8997570276260376,0.0003904140612576157
5527,-1.9648250341415405,0.0003886232734657824
5528,-1.8997570276260376,0.00038666772888973355
5529,-1.949623942375183,0.0003846323234029114
5530,-1.9245569705963135,0.0003824767773039639
5531,-1.9296239614486694,0.00038038185448385775
5532,-1.889623999595642,0.00037815855466760695
5533,-1.9346909523010254,0.00037582209915854037
5534,-1.8845570087432861,0.0003739964740816504
5535,-1.9245569705963135,0.0003730297612491995
5536,-1.9045569896697998,0.00037266104482114315
5537,-1.8997570276260376,0.0003725143615156412
5538,-1.874690055847168,0.00037219905061647296
5539,-1.9045569896697998,0.0003720480890478939
5540,-1.8845570087432861,0.00037226732820272446
5541,-1.9296239614486694,0.0003725633432622999
5542,-1.9096239805221558,0.0003728630836121738
5543,-1.949623942375183,0.0003730126190930605
5544,-1.889623999595642,0.00037249154411256313
5545,-1.9296239614486694,0.00037174695171415806
5546,-1.8845570087432861,0.0003712019824888557
5547,-1.949623942375183,0.00037058349698781967
5548,-1.9296239614486694,0.0003708003496285528
5549,-1.9245569705963135,0.0003716391511261463
5550,-1.8997570276260376,0.0003733305784408003
5551,-1.9296239614486694,0.0003748548333533108
5552,-1.9045569896697998,0.00037680170498788357
5553,-1.9346909523010254,0.00037897570291534066
5554,-1.8845570087432861,0.00038100662641227245
5555,-1.9146909713745117,0.00038330419920384884
5556,-1.9096239805221558,0.00038554627099074423
5557,-1.9746910333633423,0.00038758068694733083
5558,-1.8845570087432861,0.00038920933729968965
5559,-1.8997570276260376,0.00039071537321433425
5560,-1.9045569896697998,0.00039219995960593224
5561,-1.9245569705963135,0.00039355154149234295
5562,-1.9146909713745117,0.00039442064007744193
5563,-1.9296239614486694,0.000395103357732296
5564,-1.889623999595642,0.0003955372085329145
5565,-1.9648250341415405,0.0003958709421567619
5566,-1.8997570276260376,0.0003962975461035967
5567,-1.9245569705963135,0.00039692054269835353
5568,-1.8946900367736816,0.00039772363379597664
5569,-1.9648250341415405,0.00039861639379523695
5570,-1.8997570276260376,0.0003994993749074638
5571,-1.9245569705963135,0.00040025534690357745
5572,-1.8946900367736816,0.0004009283729828894
5573,-1.949623942375183,0.0004015144950244576
5574,-1.8946900367736816,0.0004019305051770061
5575,-1.949623942375183,0.0004022313223686069
5576,-1.8997570276260376,0.00040246383287012577
5577,-1.9698909521102905,0.0004026675596833229
5578,-1.9045569896697998,0.000402800680603832
5579,-1.9397579431533813,0.0004028815892525017
5580,-1.9146909713745117,0.00040292361518368125
5581,-1.9197570085525513,0.00040294378413818777
5582,-1.874690055847168,0.0004029497504234314
5583,-1.9648250341415405,0.00040295784128829837
5584,-1.889623999595642,0.0004029592964798212
5585,-1.949623942375183,0.0004029631963931024
5586,-1.9197570085525513,0.00040296799852512777
5587,-1.9245569705963135,0.00040297670057043433
5588,-1.8946900367736816,0.00040298193925991654
5589,-1.9245569705963135,0.0004029954725410789
5590,-1.9045569896697998,0.00040300708496943116
5591,-1.944823980331421,0.00040302000707015395
5592,-1.889623999595642,0.00040303374407812953
5593,-1.949623942375183,0.0004030556883662939
5594,-1.889623999595642,0.000403072452172637
5595,-1.944823980331421,0.00040308976895175874
5596,-1.8946900367736816,0.0004031115095131099
5597,-1.9698909521102905,0.0004031404387205839
5598,-1.8997570276260376,0.00040315050864592195
5599,-1.9597580432891846,0.00040314154466614127
5600,-1.949623942375183,0.000403089914470911
5601,-1.9296239614486694,0.00040293735219165683
5602,-1.8794900178909302,0.00040269410237669945
5603,-1.944823980331421,0.0004022936336696148
5604,-1.8794900178909302,0.0004016092570964247
5605,-1.9346909523010254,0.00040069539682008326
5606,-1.9096239805221558,0.00039964611642062664
5607,-1.9296239614486694,0.00039843562990427017
5608,-1.889623999595642,0.0003971789847128093
5609,-1.9546910524368286,0.00039600799209438264
5610,-1.9245569705963135,0.00039466749876737595
5611,-1.9648250341415405,0.00039341411320492625
5612,-1.8946900367736816,0.00039207679219543934
5613,-1.949623942375183,0.00039060143171809614
5614,-1.9245569705963135,0.0003891985979862511
5615,-1.949623942375183,0.0003881506563629955
5616,-1.9096239805221558,0.0003872978559229523
5617,-1.949623942375183,0.0003862262237817049
5618,-1.9245569705963135,0.0003852607333101332
5619,-1.9346909523010254,0.00038420461351051927
5620,-1.9045569896697998,0.0003827299806289375
5621,-1.949623942375183,0.0003813490620814264
5622,-1.949623942375183,0.00037979305488988757
5623,-1.9346909523010254,0.0003785640874411911
5624,-1.8997570276260376,0.0003770876210182905
5625,-1.9296239614486694,0.00037580745993182063
5626,-1.9197570085525513,0.00037447866634465754
5627,-1.9546910524368286,0.00037259655073285103
5628,-1.9096239805221558,0.00037111909477971494
5629,-1.9546910524368286,0.0003701199311763048
5630,-1.9245569705963135,0.0003696179483085871
5631,-1.9397579431533813,0.00036938380799256265
5632,-1.889623999595642,0.00036902306601405144
5633,-1.9397579431533813,0.00036822204128839076
5634,-1.9146909713745117,0.00036744907265529037
5635,-1.9698909521102905,0.0003662417293526232
5636,-1.8946900367736816,0.00036440673284232616
5637,-1.9397579431533813,0.0003622882068157196
5638,-1.889623999595642,0.00036054555675946176
5639,-1.9146909713745117,0.0003586101229302585
5640,-1.889623999595642,0.0003559744800440967
5641,-1.9546910524368286,0.0003529791720211506
5642,-1.8997570276260376,0.00035083823604509234
5643,-1.9397579431533813,0.0003490382805466652
5644,-1.8946900367736816,0.0003470701049081981
5645,-1.9346909523010254,0.0003439702559262514
5646,-1.9245569705963135,0.0003400920832064003
5647,-1.949623942375183,0.0003372269566170871
5648,-1.9197570085525513,0.00033464329317212105
5649,-1.9296239614486694,0.0003320436808280647
5650,-1.9146909713745117,0.00032897526398301125
5651,-1.949623942375183,0.0003247090498916805
5652,-1.8946900367736816,0.0003211259318049997
5653,-1.9546910524368286,0.0003180629573762417
5654,-1.9197570085525513,0.000315232144203037
5655,-1.9797580242156982,0.00031197344651445746
5656,-1.8946900367736816,0.00030776881612837315
5657,-1.949623942375183,0.0003034980909433216
5658,-1.9045569896697998,0.0002998223644681275
5659,-1.9746910333633423,0.000296486250590533
5660,-1.9245569705963135,0.0002925105800386518
5661,-1.949623942375183,0.0002880995161831379
5662,-1.9197570085525513,0.0002843467518687248
5663,-1.9898920059204102,0.0002809814759530127
5664,-1.9096239805221558,0.0002772354637272656
5665,-1.9597580432891846,0.00027341736131347716
5666,-1.9245569705963135,0.0002697896270547062
5667,-1.9546910524368286,0.0002665240899659693
5668,-1.9346909523010254,0.00026316576986573637
5669,-1.9648250341415405,0.000260553031694144
5670,-1.9397579431533813,0.0002590274380054325
5671,-1.9397579431533813,0.00025816384004428983
5672,-1.8946900367736816,0.0002575598191469908
5673,-1.949623942375183,0.0002568678464740515
5674,-1.874690055847168,0.0002561644068919122
5675,-1.9597580432891846,0.00025549213751219213
5676,-1.8794900178909302,0.00025467807427048683
5677,-1.9648250341415405,0.0002535263483878225
5678,-1.9245569705963135,0.0002521805581636727
5679,-1.9797580242156982,0.00025073206052184105
5680,-1.9146909713745117,0.0002492448838893324
5681,-1.9397579431533813,0.0002477492671459913
5682,-1.8946900367736816,0.00024631075211800635
5683,-1.9346909523010254,0.0002449007297400385
5684,-1.9296239614486694,0.00024355149071197957
5685,-1.9848250150680542,0.00024222559295594692
5686,-1.9296239614486694,0.0002409354055998847
5687,-1.944823980331421,0.00023965226137079298
5688,-1.8997570276260376,0.0002384052349952981
5689,-1.9296239614486694,0.0002371646260144189
5690,-1.9045569896697998,0.00023587452596984804
5691,-1.9197570085525513,0.0002345772518310696
5692,-1.9197570085525513,0.0002335445024073124
5693,-1.9546910524368286,0.00023281582980416715
5694,-1.6992210149765015,0.00023228775535244495
5695,-0.6224079728126526,0.00023180129937827587
5696,-0.07146800309419632,0.00023170940403360873
5697,0.08880099654197693,0.0002313586010131985
5698,0.4544059932231903,0.0002307289541931823
5699,0.5994740128517151,0.00022944583906792104
5700,0.7346760034561157,0.00022835834533907473
5701,0.7797430157661438,0.00022787608031649143
5702,1.1656149625778198,0.00022830432862974703
5703,1.5661530494689941,0.00022881136101204902
5704,1.7565549612045288,0.00022935401648283005
5705,1.801622986793518,0.00022983583039604127
5706,1.856557011604309,0.00023057940416038036
5707,1.8165559768676758,0.00023150304332375526
5708,1.8616230487823486,0.00023255808628164232
5709,1.7914890050888062,0.0002338503545615822
5710,1.8266890048980713,0.00023538494133390486
5711,1.7565549612045288,0.00023704425257164985
5712,1.7864220142364502,0.00023871450684964657
5713,1.7314879894256592,0.0002403133548796177
5714,1.7765560150146484,0.00024215489975176752
5715,1.7413549423217773,0.00024376453075092286
5716,1.781622052192688,0.00024507613852620125
5717,1.7714890241622925,0.00024637108435854316
5718,1.8216229677200317,0.00024781073443591595
5719,1.7914890050888062,0.0002492644707672298
5720,1.8616230487823486,0.0002504864241927862
5721,1.8416229486465454,0.00025154458126053214
5722,1.8365559577941895,0.00025273184292018414
5723,1.8416229486465454,0.0002544281887821853
5724,1.8666900396347046,0.00025687291054055095
5725,1.8717570304870605,0.00026004412211477757
5726,1.9466910362243652,0.00026394682936370373
5727,1.9016239643096924,0.0002679104800336063
5728,1.9317569732666016,0.00027183955535292625
5729,1.8866900205612183,0.00027560326270759106
5730,1.8816239833831787,0.0002792163286358118
5731,1.8765569925308228,0.00028293690411373973
5732,1.911756992340088,0.00028652814216911793
5733,1.856557011604309,0.0002903448767028749
5734,1.8717570304870605,0.0002945836167782545
5735,1.856557011604309,0.0002990146167576313
5736,1.8866900205612183,0.00030334945768117905
5737,1.8365559577941895,0.0003077979199588299
5738,1.8616230487823486,0.0003122831112705171
5739,1.8266890048980713,0.00031674932688474655
5740,1.856557011604309,0.00032174837542697787
5741,1.856557011604309,0.0003264978004153818
5742,1.8616230487823486,0.00033188931411132216
5743,1.8165559768676758,0.00033715367317199707
5744,1.8314900398254395,0.00034270514152012765
5745,1.801622986793518,0.00034843222238123417
5746,1.846690058708191,0.00035404134541749954
5747,1.8216229677200317,0.00035971455508843064
5748,1.8114889860153198,0.0003649904392659664
5749,1.801622986793518,0.00037018960574641824
5750,1.856557011604309,0.0003750016912817955
5751,1.796555995941162,0.0003797953831963241
5752,1.8365559577941895,0.00038449428393505514
5753,1.801622986793518,0.0003888376522809267
5754,1.8616230487823486,0.00039250776171684265
5755,1.796555995941162,0.0003949346428271383
5756,1.8266890048980713,0.0003971938567701727
5757,1.1053470373153687,0.000398682284867391
5758,0.17893600463867188,0.0004001101478934288
5759,-0.05146700143814087,0.000401065219193697
5760,-0.3269369900226593,0.0004015637969132513
5761,-0.6626750230789185,0.00040200212970376015
5762,-0.7125419974327087,0.00040241252281703055
5763,-0.8629440069198608,0.00040318164974451065
5764,-0.9981459975242615,0.0004038780461996794
5765,-1.4890849590301514,0.0004044886736664921
5766,-1.734421968460083,0.0004053399316035211
5767,-1.889623999595642,0.0004066351684741676
5768,-1.9397579431533813,0.00040793916559778154
5769,-1.9597580432891846,0.00040922616608440876
5770,-1.9045569896697998,0.00041020644130185246
5771,-1.9296239614486694,0.00041116069769486785
5772,-1.9045569896697998,0.0004122337850276381
5773,-1.9245569705963135,0.00041310308733955026
5774,-1.8546899557113647,0.00041406351374462247
5775,-1.8645570278167725,0.0004151626490056515
5776,-1.8394900560379028,0.00041626254096627235
5777,-1.874690055847168,0.00041741994209587574
5778,-1.8696229457855225,0.0004184279532637447
5779,-1.9045569896697998,0.0004195666406303644
5780,-1.8997570276260376,0.0004206718294881284
5781,-1.9546910524368286,0.0004218369722366333
5782,-1.8794900178909302,0.00042313174344599247
5783,-1.8997570276260376,0.00042442241101525724
5784,-1.8997570276260376,0.000425889331381768
5785,-1.949623942375183,0.0004277140833437443
5786,-1.9245569705963135,0.0004299639258533716
5787,-1.9597580432891846,0.0004331034724600613
5788,-1.504019021987915,0.0004367993678897619
5789,-0.4221389889717102,0.0004395614960230887
5790,-0.05653399974107742,0.00044151427573524415
5791,0.08880099654197693,0.00044234911911189556
5792,0.5194730162620544,0.00044214556692168117
5793,0.604541003704071,0.00044153002090752125
5794,0.7197420001029968,0.00044081610394641757
5795,0.8149440288543701,0.00044017640175297856
5796,1.2757489681243896,0.000439333263784647
5797,1.5912200212478638,0.0004382908227853477
5798,1.7464220523834229,0.0004371583054307848
5799,1.8165559768676758,0.00043590847053565085
5800,1.851755976676941,0.00043529929826036096
5801,1.7864220142364502,0.00043523218482732773
5802,1.8314900398254395,0.0004351459501776844
5803,1.7914890050888062,0.00043539743637666106
5804,1.8066890239715576,0.00043528765672817826
5805,1.7213549613952637,0.0004348945221863687
5806,1.7314879894256592,0.0004338697181083262
5807,1.70135498046875,0.0004331518430262804
5808,1.7064210176467896,0.00043208873830735683
5809,1.696287989616394,0.00043082833872176707
5810,1.7714890241622925,0.00042973062954843044
5811,1.781622052192688,0.0004283749149180949
5812,1.8216229677200317,0.0004270605859346688
5813,1.781622052192688,0.0004259455599822104
5814,1.8365559577941895,0.0004252130165696144
5815,1.8066890239715576,0.00042459811083972454
5816,1.846690058708191,0.0004239901027176529
5817,1.8165559768676758,0.0004234010411892086
5818,1.8866900205612183,0.0004231810162309557
5819,1.646420955657959,0.00042310822755098343
5820,0.604541003704071,0.0004233973450027406
5821,0.06373400241136551,0.000423922436311841
5822,-0.07146800309419632,0.000424504978582263
5823,-0.48720601201057434,0.0004250043130014092
5824,-0.637607991695404,0.00042547547491267323
5825,-0.7576090097427368,0.00042590778321027756
5826,-0.8578770160675049,0.0004265674506314099
5827,-1.2285490036010742,0.0004275606479495764
5828,-1.5941530466079712,0.00042886013397946954
5829,-1.7994890213012695,0.00043079053284600377
5830,-1.8645570278167725,0.0004327078349888325
5831,-1.9397579431533813,0.00043475162237882614
5832,-1.8997570276260376,0.0004366189241409302
5833,-1.8794900178909302,0.0004385917563922703
5834,-1.8794900178909302,0.00044105853885412216
5835,-1.9245569705963135,0.00044381601037457585
5836,-1.874690055847168,0.00044634300866164267
5837,-1.8845570087432861,0.0004487776313908398
5838,-1.8344229459762573,0.0004509490099735558
5839,-1.8445559740066528,0.00045320834033191204
5840,-1.8245559930801392,0.000455925619462505
5841,-1.8997570276260376,0.0004581745306495577
5842,-1.8496229648590088,0.0004602525441441685
5843,-1.9296239614486694,0.0004620602121576667
5844,-1.9146909713745117,0.00046376758837141097
5845,-1.9346909523010254,0.00046571699203923345
5846,-1.9045569896697998,0.00046764392754994333
5847,-1.9546910524368286,0.0004695419629570097
5848,-1.9045569896697998,0.00047156953951343894
5849,-1.9546910524368286,0.00047358390293084085
5850,-1.9296239614486694,0.00047560688108205795
5851,-2.0397589206695557,0.0004776997957378626
5852,-2.0048251152038574,0.00047991174506023526
5853,-2.0048251152038574,0.00048214252456091344
5854,-1.9898920059204102,0.000484471267554909
5855,-2.024825096130371,0.0004869052499998361
5856,-1.944823980331421,0.0004895407473668456
5857,-2.024825096130371,0.0004923573578707874
5858,-1.949623942375183,0.0004953157040290534
5859,-1.9648250341415405,0.000498363166116178
5860,-1.9546910524368286,0.0005014654016122222
5861,-1.9546910524368286,0.000504610245116055
5862,-1.9146909713745117,0.0005077585810795426
5863,-1.9898920059204102,0.000510919839143753
5864,-1.9296239614486694,0.0005140688735991716
5865,-1.9546910524368286,0.0005172006785869598
5866,-1.889623999595642,0.0005203292239457369
5867,-1.9397579431533813,0.000523446942679584
5868,-1.9045569896697998,0.0005265646614134312
5869,-1.9096239805221558,0.0005296778399497271
5870,-1.8845570087432861,0.0005327931721694767
5871,-1.9245569705963135,0.0005359146744012833
5872,-1.889623999595642,0.0005390314036048949
5873,-1.9245569705963135,0.0005421391688287258
5874,-1.874690055847168,0.0005452968762256205
5875,-1.9146909713745117,0.0005484892753884196
5876,-1.8794900178909302,0.0005516608362086117
5877,-1.9045569896697998,0.0005547861219383776
5878,-1.8794900178909302,0.000557843828573823
5879,-1.889623999595642,0.0005606911727227271
5880,-1.8845570087432861,0.000563186826184392
5881,-1.8845570087432861,0.0005653551197610795
5882,-1.188547968864441,0.0005673044943250716
5883,-0.23173600435256958,0.0005689662648364902
5884,0.04853399842977524,0.0005700287874788046
5885,0.25387001037597656,0.0005702452035620809
5886,0.5994740128517151,0.0005698740715160966
5887,0.6546750068664551,0.0005692343693226576
5888,0.7749429941177368,0.0005690730176866055
5889,0.9802790284156799,0.0005694349529221654
5890,1.4410849809646606,0.0005700819310732186
5891,1.6562869548797607,0.0005706999218091369
5892,1.8365559577941895,0.000571480137296021
5893,1.8666900396347046,0.0005727632087655365
5894,1.8816239833831787,0.0005740990163758397
5895,1.8066890239715576,0.000575172365643084
5896,1.856557011604309,0.0005764088127762079
5897,1.8066890239715576,0.0005773120210506022
5898,1.8365559577941895,0.0005780131323263049
5899,1.7565549612045288,0.0005793282762169838
5900,1.7714890241622925,0.0005801729275844991
5901,1.7264219522476196,0.0005812275339849293
5902,1.7365549802780151,0.0005823297542519867
5903,1.7413549423217773,0.0005830648588016629
5904,1.8114889860153198,0.0005842354148626328
5905,1.801622986793518,0.0005851707537658513
5906,1.8216229677200317,0.0005856034113094211
5907,1.801622986793518,0.0005861885729245842
5908,1.8616230487823486,0.0005866970168426633
5909,1.8314900398254395,0.0005874833441339433
5910,1.8717570304870605,0.0005879048840142787
5911,1.8266890048980713,0.000588429975323379
5912,1.906690001487732,0.0005893835332244635
5913,1.4410849809646606,0.0005905245197936893
5914,0.39413800835609436,0.0005915120709687471
5915,0.028534000739455223,0.0005920678377151489
5916,-0.14160199463367462,0.000592436408624053
5917,-0.53227299451828,0.0005926258163526654
5918,-0.6626750230789185,0.0005925549776293337
5919,-0.7778760194778442,0.0005925046280026436
5920,-0.9130780100822449,0.0005926103913225234
5921,-1.3637499809265137,0.0005928447935730219
5922,-1.6392199993133545,0.0005932122003287077
5923,-1.7944220304489136,0.0005936823436059058
5924,-1.8794900178909302,0.0005941968993283808
5925,-1.9146909713745117,0.0005947191384620965
5926,-1.889623999595642,0.0005952061619609594
5927,-1.9146909713745117,0.000595666584558785
5928,-1.889623999595642,0.0005961018614470959
5929,-1.9245569705963135,0.0005965177551843226
5930,-1.8394900560379028,0.0005969218909740448
5931,-1.874690055847168,0.0005973322549834847
5932,-1.7994890213012695,0.0005977312102913857
5933,-1.8344229459762573,0.000598142622038722
5934,-1.8144229650497437,0.0005985618918202817
5935,-1.889623999595642,0.0005990038625895977
5936,-1.8645570278167725,0.0005994458915665746
5937,-1.9296239614486694,0.0005998905980959535
5938,-1.8794900178909302,0.0006003163289278746
5939,-1.9245569705963135,0.0006007407791912556
5940,-1.8997570276260376,0.0006011560326442122
5941,-1.944823980331421,0.000601578620262444
5942,-1.9045569896697998,0.0006019851425662637
5943,-1.9546910524368286,0.0006023879395797849
5944,-1.9546910524368286,0.0006027662311680615
5945,-1.9898920059204102,0.0006031195516698062
5946,-1.9648250341415405,0.0006035077385604382
5947,-2.024825096130371,0.0006038696737959981
5948,-1.949623942375183,0.0006040157750248909
5949,-1.9946919679641724,0.0006038752617314458
5950,-1.9746910333633423,0.0006035373662598431
5951,-1.9797580242156982,0.0006032328237779438
5952,-1.949623942375183,0.0006028973148204386
5953,-1.944823980331421,0.0006025345646776259
5954,-1.9296239614486694,0.0006022093002684414
5955,-1.949623942375183,0.0006019135471433401
5956,-1.8997570276260376,0.0006015909602865577
5957,-1.9296239614486694,0.0006010235520079732
5958,-1.8794900178909302,0.000600088038481772
5959,-1.944823980331421,0.0005993038648739457
5960,-1.889623999595642,0.0005986083997413516
5961,-1.949623942375183,0.0005978581611998379
5962,-1.889623999595642,0.0005969267804175615
5963,-1.949623942375183,0.000596030440647155
5964,-1.8845570087432861,0.0005953246727585793
5965,-1.9146909713745117,0.0005945568555034697
5966,-1.8845570087432861,0.0005936190718784928
5967,-1.889623999595642,0.0005925694131292403
5968,-1.8496229648590088,0.000591544434428215
5969,-1.9045569896697998,0.000590596639085561
5970,-1.8645570278167725,0.0005894096102565527
5971,-1.8946900367736816,0.0005884181009605527
5972,-1.8645570278167725,0.0005876371287740767
5973,-1.9096239805221558,0.0005868729203939438
5974,-1.8546899557113647,0.0005860626697540283
5975,-1.8045560121536255,0.000585476984269917
5976,-0.8429440259933472,0.0005856266943737864
5977,-0.10666800290346146,0.0005862182006239891
5978,0.04853399842977524,0.0005870477762073278
5979,0.36427098512649536,0.0005875838687643409
5980,0.6445410251617432,0.0005874788039363921
5981,0.7096089720726013,0.0005869009182788432
5982,0.8149440288543701,0.000586183276027441
5983,1.0552129745483398,0.00058618129696697
5984,1.536018967628479,0.0005870226304978132
5985,1.70135498046875,0.0005874863127246499
5986,1.8416229486465454,0.000587792950682342
5987,1.8416229486465454,0.0005884007550776005
5988,1.8717570304870605,0.0005889202002435923
5989,1.8114889860153198,0.0005894076311960816
5990,1.8616230487823486,0.0005902281263843179
5991,1.7864220142364502,0.0005907865706831217
5992,1.8266890048980713,0.0005912476917728782
5993,1.7765560150146484,0.0005919439718127251
5994,1.7864220142364502,0.0005927541060373187
5995,1.7565549612045288,0.0005935421213507652
5996,1.7616219520568848,0.0005942176794633269
5997,1.7413549423217773,0.0005948885809630156
5998,1.8365559577941895,0.0005952958017587662
5999,1.801622986793518,0.0005957045359537005
6000,1.8365559577941895,0.0005959015106782317
6001,1.796555995941162,0.0005951134953647852
6002,1.8917570114135742,0.0005935998633503914
6003,1.8165559768676758,0.000591530348174274
6004,1.8616230487823486,0.0005890112370252609
6005,1.911756992340088,0.0005862900870852172
6006,1.8917570114135742,0.0005836396012455225
6007,1.8816239833831787,0.0005813817260786891
6008,1.9266910552978516,0.0005789955030195415
6009,1.856557011604309,0.0005768194678239524
6010,1.9317569732666016,0.000575504673179239
6011,1.8816239833831787,0.0005751123535446823
6012,1.906690001487732,0.0005752859869971871
6013,1.8666900396347046,0.0005760263884440064
6014,1.911756992340088,0.0005769957788288593
6015,1.851755976676941,0.0005784430541098118
6016,1.8717570304870605,0.0005801481893286109
6017,1.846690058708191,0.0005821144441142678
6018,1.8866900205612183,0.0005841235397383571
6019,1.8314900398254395,0.0005860651144757867
6020,1.8816239833831787,0.0005881924880668521
6021,1.8416229486465454,0.0005904299905523658
6022,1.8616230487823486,0.0005925304722040892
6023,1.8314900398254395,0.0005943556316196918
6024,1.856557011604309,0.0005962703144177794
6025,1.8066890239715576,0.0005983113078400493
6026,1.856557011604309,0.0006007137708365917
6027,1.8314900398254395,0.0006031719385646284
6028,1.8717570304870605,0.0006055253907106817
6029,1.8314900398254395,0.0006081282044760883
6030,1.8314900398254395,0.0006106586079113185
6031,1.856557011604309,0.0006131008267402649
6032,1.8666900396347046,0.0006155426381155849
6033,1.7914890050888062,0.0006178086623549461
6034,1.8765569925308228,0.0006198409246280789
6035,1.796555995941162,0.0006214207969605923
6036,1.856557011604309,0.0006227644043974578
6037,1.8066890239715576,0.0006239407230168581
6038,1.8365559577941895,0.0006250826409086585
6039,1.8066890239715576,0.0006265903939493
6040,1.8717570304870605,0.0006280752131715417
6041,1.8114889860153198,0.0006292921025305986
6042,1.856557011604309,0.0006300247623585165
6043,1.8066890239715576,0.0006295404746197164
6044,1.8314900398254395,0.0006282511167228222
6045,1.8066890239715576,0.0006274650804698467
6046,1.8365559577941895,0.0006272078026086092
6047,1.781622052192688,0.0006267426069825888
6048,1.8416229486465454,0.0006263999966904521
6049,1.7714890241622925,0.0006265040719881654
6050,1.846690058708191,0.0006264817202463746
6051,1.8216229677200317,0.0006267715361900628
6052,1.851755976676941,0.0006273706094361842
6053,1.796555995941162,0.000627957284450531
6054,1.846690058708191,0.0006285443087108433
6055,1.7765560150146484,0.0006289266748353839
6056,1.8365559577941895,0.0006296744686551392
6057,1.801622986793518,0.000630025751888752
6058,1.8416229486465454,0.0006306222639977932
6059,1.796555995941162,0.000631636125035584
6060,1.846690058708191,0.0006327037117443979
6061,1.8314900398254395,0.0006339364335872233
6062,1.8314900398254395,0.0006351678166538477
6063,1.8165559768676758,0.0006364791188389063
6064,1.8416229486465454,0.0006379956612363458
6065,1.8216229677200317,0.000639568897895515
6066,1.8314900398254395,0.0006410443456843495
6067,1.8066890239715576,0.0006430268986150622
6068,1.8666900396347046,0.0006452900124713778
6069,1.8266890048980713,0.0006474675610661507
6070,1.8816239833831787,0.0006496818386949599
6071,1.8266890048980713,0.0006521939067170024
6072,1.8666900396347046,0.0006554296123795211
6073,1.8266890048980713,0.0006588101387023926
6074,1.8365559577941895,0.0006615677266381681
6075,1.8066890239715576,0.0006641946965828538
6076,1.8365559577941895,0.0006671485025435686
6077,1.8266890048980713,0.0006709444569423795
6078,1.856557011604309,0.0006745919235982001
6079,1.8114889860153198,0.0006772278575226665
6080,1.8816239833831787,0.0006794545333832502
6081,1.851755976676941,0.0006819433765485883
6082,1.8866900205612183,0.0006851280923001468
6083,1.8165559768676758,0.0006887599010951817
6084,1.8365559577941895,0.0006912149838171899
6085,1.8114889860153198,0.0006926318164914846
6086,1.8266890048980713,0.0006943343905732036
6087,1.8066890239715576,0.0006966887740418315
6088,1.8717570304870605,0.0006998323369771242
6089,1.8165559768676758,0.0007026721723377705
6090,1.8365559577941895,0.000704617821611464
6091,1.8266890048980713,0.0007064115488901734
6092,1.8866900205612183,0.0007090689614415169
6093,1.7765560150146484,0.0007120207883417606
6094,1.846690058708191,0.0007145022973418236
6095,1.8165559768676758,0.0007167818257585168
6096,1.8365559577941895,0.0007185614667832851
6097,1.8314900398254395,0.0007209928007796407
6098,1.846690058708191,0.0007229164475575089
6099,1.8114889860153198,0.0007249063928611577
6100,1.7864220142364502,0.0007269364432431757
6101,0.8349440097808838,0.0007274833624251187
6102,0.11866799741983414,0.0007275862735696137
6103,-0.13173499703407288,0.0007270869100466371
6104,-0.3821380138397217,0.0007263463921844959
6105,-0.6776080131530762,0.0007258132100105286
6106,-0.7376090288162231,0.0007251653005369008
6107,-0.9029449820518494,0.0007244104635901749
6108,-1.0882799625396729,0.0007237088866531849
6109,-1.5541529655456543,0.0007232297211885452
6110,-1.714421033859253,0.0007227866444736719
6111,-1.9146909713745117,0.0007222775020636618
6112,-1.9146909713745117,0.0007215711520984769
6113,-1.9746910333633423,0.0007206600857898593
6114,-1.9146909713745117,0.0007195718353614211
6115,-1.9045569896697998,0.0007183757843449712
6116,-1.874690055847168,0.0007171124452725053
6117,-1.9045569896697998,0.0007158168591558933
6118,-1.8394900560379028,0.0007145005511119962
6119,-1.8845570087432861,0.0007131814491003752
6120,-1.8096230030059814,0.0007118867943063378
6121,-1.8546899557113647,0.0007106221746653318
6122,-1.8296229839324951,0.0007093934109434485
6123,-1.8997570276260376,0.0007082020165398717
6124,-1.8245559930801392,0.000707017257809639
6125,-1.9146909713745117,0.0007058678893372416
6126,-1.8997570276260376,0.0007047379040159285
6127,-1.9397579431533813,0.0007033602450974286
6128,-1.9146909713745117,0.0007019919576123357
6129,-1.9597580432891846,0.0007009737309999764
6130,-1.9245569705963135,0.000700727105140686
6131,-1.9797580242156982,0.0007007456733845174
6132,-1.9397579431533813,0.0007011104607954621
6133,-1.999758005142212,0.000701510813087225
6134,-1.949623942375183,0.0007031855639070272
6135,-1.9898920059204102,0.0007046590326353908
6136,-1.9146909713745117,0.0007070885039865971
6137,-2.0149590969085693,0.000710856169462204
6138,-1.9245569705963135,0.0007143723778426647
6139,-1.9898920059204102,0.0007172414334490895
6140,-1.949623942375183,0.0007202941342256963
6141,-1.9898920059204102,0.0007240910781547427
6142,-1.9296239614486694,0.0007280119461938739
6143,-1.9397579431533813,0.0007318811840377748
6144,-1.9045569896697998,0.0007351280655711889
6145,-1.9648250341415405,0.0007379349553957582
6146,-1.8997570276260376,0.000741166528314352
6147,-1.949623942375183,0.0007454766309820116
6148,-1.8997570276260376,0.0007494023302569985
6149,-1.9197570085525513,0.0007519269711337984
6150,-1.889623999595642,0.000753812724724412
6151,-1.9397579431533813,0.0007560222875326872
6152,-1.889623999595642,0.0007589160813950002
6153,-1.9346909523010254,0.0007628259481862187
6154,-1.8997570276260376,0.0007659266702830791
6155,-1.9346909523010254,0.0007676320383325219
6156,-1.8594900369644165,0.0007694987580180168
6157,-1.9296239614486694,0.0007718527340330184
6158,-1.8645570278167725,0.000774969405028969
6159,-1.9296239614486694,0.0007779698353260756
6160,-1.8546899557113647,0.0007801754982210696
6161,-1.9397579431533813,0.0007819433812983334
6162,-1.8496229648590088,0.0007837401935830712
6163,-1.949623942375183,0.0007853659917600453
6164,-1.8645570278167725,0.0007869175169616938
6165,-1.9146909713745117,0.0007881135097704828
6166,-1.874690055847168,0.0007891606073826551
6167,-1.9296239614486694,0.0007903992081992328
6168,-1.8394900560379028,0.000790995720308274
6169,-1.9146909713745117,0.0007904316298663616
6170,-1.874690055847168,0.0007896772585809231
6171,-1.8997570276260376,0.0007889592670835555
6172,-1.8594900369644165,0.0007883738726377487
6173,-1.9146909713745117,0.0007884667720645666
6174,-1.8794900178909302,0.0007887175888754427
6175,-1.8997570276260376,0.0007893106667324901
6176,-1.8645570278167725,0.0007898980984464288
6177,-1.9245569705963135,0.0007910628337413073
6178,-1.8546899557113647,0.0007920256466604769
6179,-1.9397579431533813,0.0007930345018394291
6180,-1.889623999595642,0.0007942751981317997
6181,-1.9146909713745117,0.000795262458268553
6182,-1.8645570278167725,0.0007961161318235099
6183,-1.9045569896697998,0.0007965811528265476
6184,-1.874690055847168,0.0007970297592692077
6185,-1.9397579431533813,0.0007974616601131856
6186,-1.874690055847168,0.0007974965847097337
6187,-1.9296239614486694,0.0007972563616931438
6188,-1.8794900178909302,0.0007967245182953775
6189,-1.9296239614486694,0.0007961177616380155
6190,-1.8645570278167725,0.0007953506428748369
6191,-1.9397579431533813,0.0007947690319269896
6192,-1.8794900178909302,0.0007943585515022278
6193,-1.9397579431533813,0.000794169376604259
6194,-1.889623999595642,0.0007939721690490842
6195,-1.9346909523010254,0.0007937366608530283
6196,-1.8946900367736816,0.0007933693123050034
6197,-1.9296239614486694,0.0007929369457997382
6198,-1.9146909713745117,0.0007923669763840735
6199,-1.9245569705963135,0.000791636120993644
6200,-1.9146909713745117,0.0007907904218882322
6201,-1.9245569705963135,0.0007898773765191436
6202,-1.8645570278167725,0.0007889237022027373
6203,-1.9197570085525513,0.0007879206677898765
6204,-1.874690055847168,0.0007868661778047681
6205,-1.9346909523010254,0.0007858003955334425
6206,-1.9146909713745117,0.0007847157539799809
6207,-1.9197570085525513,0.0007836316945031285
6208,-1.889623999595642,0.0007825485663488507
6209,-1.9546910524368286,0.0007814696291461587
6210,-1.8696229457855225,0.0007803910993970931
6211,-1.9245569705963135,0.0007793259574100375
6212,-1.9146909713745117,0.0007782572647556663
6213,-1.9045569896697998,0.0007771915406920016
6214,-1.9045569896697998,0.000776123721152544
6215,-1.944823980331421,0.0007750520599074662
6216,-1.944823980331421,0.0007739798747934401
6217,-1.9346909523010254,0.0007729082135483623
6218,-1.9146909713745117,0.0007718371343798935
6219,-1.9597580432891846,0.0007707682088948786
6220,-1.8845570087432861,0.0007697011460550129
6221,-1.9197570085525513,0.0007686478784307837
6222,-1.8845570087432861,0.0007676000241190195
6223,-1.9397579431533813,0.0007665603188797832
6224,-1.889623999595642,0.0007654928485862911
6225,-1.9245569705963135,0.000764401163905859
6226,-1.8997570276260376,0.0007632902706973255
6227,-1.9245569705963135,0.0007622019620612264
6228,-1.889623999595642,0.0007611997425556183
6229,-1.944823980331421,0.000760194263420999
6230,-1.8946900367736816,0.0007590874447487295
6231,-1.9197570085525513,0.0007577341748401523
6232,-1.874690055847168,0.0007558848010376096
6233,-1.9397579431533813,0.0007537693600170314
6234,-1.889623999595642,0.00075130834011361
6235,-1.9648250341415405,0.0007486628601327538
6236,-1.8997570276260376,0.000745926343370229
6237,-1.8997570276260376,0.0007428419194184244
6238,-1.8794900178909302,0.0007391097024083138
6239,-1.9146909713745117,0.0007344501209445298
6240,-1.9045569896697998,0.0007287312764674425
6241,-1.9245569705963135,0.0007231325143948197
6242,-1.8845570087432861,0.0007173188496381044
6243,-1.9296239614486694,0.0007109884754754603
6244,-1.8794900178909302,0.0007044330122880638
6245,-1.9197570085525513,0.0006977750454097986
6246,-1.8997570276260376,0.0006906235939823091
6247,-1.9597580432891846,0.0006837526452727616
6248,-1.8997570276260376,0.000676941592246294
6249,-1.9346909523010254,0.0006698898505419493
6250,-1.9096239805221558,0.000662701262626797
6251,-1.944823980331421,0.0006556208245456219
6252,-1.8344229459762573,0.0006487132050096989
6253,-1.9245569705963135,0.0006420704303309321
6254,-1.8645570278167725,0.0006361447158269584
6255,-1.9146909713745117,0.0006308823358267546
6256,-1.8394900560379028,0.0006261927774176002
6257,-1.1482809782028198,0.0006223141099326313
6258,-0.16666899621486664,0.0006187453400343657
6259,-0.02160000056028366,0.0006155776791274548
6260,0.3192040026187897,0.0006125414511188865
6261,0.604541003704071,0.0006096852011978626
6262,0.7248089909553528,0.0006067188223823905
6263,0.7448089718818665,0.000603511231020093
6264,1.020279049873352,0.000600394094362855
6265,1.3909510374069214,0.0005974826635792851
6266,1.7365549802780151,0.0005945836892351508
6267,1.7664220333099365,0.0005915333749726415
6268,1.906690001487732,0.0005884699057787657
6269,1.8765569925308228,0.0005853410693816841
6270,1.8816239833831787,0.0005822420353069901
6271,1.801622986793518,0.0005790910217911005
6272,1.8365559577941895,0.0005760164931416512
6273,1.8216229677200317,0.0005729595432057977
6274,1.8216229677200317,0.0005699505563825369
6275,1.7314879894256592,0.000566962524317205
6276,1.7864220142364502,0.0005640244344249368
6277,1.7314879894256592,0.0005610999651253223
6278,1.801622986793518,0.0005582168232649565
6279,1.7664220333099365,0.0005553389783017337
6280,1.8216229677200317,0.0005524938460439444
6281,1.801622986793518,0.0005496483063325286
6282,1.8266890048980713,0.0005468532908707857
6283,1.801622986793518,0.0005441396497189999
6284,1.8968240022659302,0.0005416111089289188
6285,1.8314900398254395,0.0005392060847952962
6286,1.9016239643096924,0.000536928593646735
6287,1.8816239833831787,0.0005349075654521585
6288,1.4960190057754517,0.0005330168060027063
6289,0.3592039942741394,0.0005312389694154263
6290,0.11360099911689758,0.0005296951276250184
6291,-0.20186899602413177,0.0005283106002025306
6292,-0.527472972869873,0.0005270049441605806
6293,-0.647475004196167,0.0005254467250779271
6294,-0.7176089882850647,0.0005234681302681565
6295,-0.9530789852142334,0.0005209622904658318
6296,-1.3037500381469727,0.0005182035965844989
6297,-1.724287986755371,0.0005152947851456702
6298,-1.769355058670044,0.0005124087911099195
6299,-1.9296239614486694,0.0005098415422253311
6300,-1.8997570276260376,0.0005074995569884777
6301,-1.8997570276260376,0.0005055877845734358
6302,-1.889623999595642,0.0005037576192989945
6303,-1.9045569896697998,0.0005025328136980534
6304,-1.8546899557113647,0.0005015079514123499
6305,-1.8794900178909302,0.0005002344259992242
6306,-1.8194890022277832,0.0004992290632799268
6307,-1.8546899557113647,0.0004980400553904474
6308,-1.7794890403747559,0.0004965695552527905
6309,-1.8445559740066528,0.0004950925940647721
6310,-1.8645570278167725,0.000493593281134963
6311,-1.8997570276260376,0.0004922965890727937
6312,-1.8594900369644165,0.0004906308022327721
6313,-1.9245569705963135,0.000489370955619961
6314,-1.8794900178909302,0.000487866869661957
6315,-1.9146909713745117,0.00048608065117150545
6316,-1.9197570085525513,0.000484697287902236
6317,-1.9397579431533813,0.00048372335731983185
6318,-1.9296239614486694,0.00048349337885156274
6319,-1.9946919679641724,0.0004834218416363001
6320,-1.9648250341415405,0.00048287096433341503
6321,-2.0298919677734375,0.00048205675557255745
6322,-1.9546910524368286,0.00048116588732227683
6323,-2.009891986846924,0.000479589361930266
6324,-1.949623942375183,0.0004776747082360089
6325,-1.9546910524368286,0.0004757777787744999
6326,-1.9296239614486694,0.0004740969743579626
6327,-1.9797580242156982,0.000471923325676471
6328,-1.9296239614486694,0.00046894760453142226
6329,-1.9397579431533813,0.00046609799028374255
6330,-1.9045569896697998,0.0004642046114895493
6331,-1.8997570276260376,0.0004624177236109972
6332,-1.874690055847168,0.00046000705333426595
6333,-1.9245569705963135,0.0004563338588923216
6334,-1.874690055847168,0.0004526922130025923
6335,-1.9245569705963135,0.0004499613423831761
6336,-1.8645570278167725,0.0004473352455534041
6337,-1.949623942375183,0.00044455425813794136
6338,-1.8645570278167725,0.00044090376468375325
6339,-1.9146909713745117,0.00043665856355801225
6340,-1.8946900367736816,0.00043331930646672845
6341,-1.9397579431533813,0.0004303835448808968
6342,-1.8845570087432861,0.00042754592141136527
6343,-1.9096239805221558,0.0004238769761286676
6344,-1.8845570087432861,0.0004197474045213312
6345,-1.9296239614486694,0.0004157505463808775
6346,-1.874690055847168,0.00041222572326660156
6347,-1.9296239614486694,0.00040865602204576135
6348,-1.8394900560379028,0.0004043742665089667
6349,-1.9146909713745117,0.0004000107874162495
6350,-1.8845570087432861,0.0003965711803175509
6351,-1.9146909713745117,0.0003930486855097115
6352,-1.8997570276260376,0.00038938061334192753
6353,-1.9296239614486694,0.00038540377863682806
6354,-1.8794900178909302,0.00038200561539269984
6355,-1.889623999595642,0.0003787670284509659
6356,-1.8997570276260376,0.000375573115888983
6357,-1.8997570276260376,0.0003736258950084448
6358,-1.874690055847168,0.0003721897955983877
6359,-1.9296239614486694,0.0003714071644935757
6360,-1.8645570278167725,0.00037075503496453166
6361,-1.9045569896697998,0.00036989274667575955
6362,-1.8496229648590088,0.00036913310759700835
6363,-1.8845570087432861,0.0003683920076582581
6364,-1.8445559740066528,0.0003674820181913674
6365,-1.9045569896697998,0.0003663164679892361
6366,-1.8594900369644165,0.00036502201692201197
6367,-1.9296239614486694,0.0003636767214629799
6368,-1.8546899557113647,0.0003623321244958788
6369,-1.9296239614486694,0.00036101165460422635
6370,-1.8645570278167725,0.000359739555278793
6371,-1.9296239614486694,0.0003584856167435646
6372,-1.9096239805221558,0.0003572486457414925
6373,-1.889623999595642,0.00035600256524048746
6374,-1.874690055847168,0.00035480689257383347
6375,-1.9146909713745117,0.0003536168369464576
6376,-1.8696229457855225,0.00035246129846200347
6377,-1.889623999595642,0.00035125884460285306
6378,-1.889623999595642,0.0003501598257571459
6379,-1.889623999595642,0.0003491754177957773
6380,-1.8594900369644165,0.00034850952215492725
6381,-1.8696229457855225,0.00034822034649550915
6382,-1.1482809782028198,0.00034817634150385857
6383,-0.20186899602413177,0.00034848583163693547
6384,0.02346700057387352,0.00034880777820944786
6385,0.23893600702285767,0.0003488758229650557
6386,0.6346750259399414,0.0003483291657175869
6387,0.6797419786453247,0.00034770244383253157
6388,0.8048099875450134,0.0003468833747319877
6389,0.9650790095329285,0.0003460577572695911
6390,1.4008179903030396,0.0003441045409999788
6391,1.696287989616394,0.0003426459734328091
6392,1.796555995941162,0.0003406174073461443
6393,1.851755976676941,0.0003375819942448288
6394,1.8717570304870605,0.0003349983599036932
6395,1.8314900398254395,0.0003332970663905144
6396,1.8266890048980713,0.0003317040391266346
6397,1.8165559768676758,0.0003295745700597763
6398,1.846690058708191,0.0003273327019996941
6399,1.7765560150146484,0.0003249560541007668
6400,1.796555995941162,0.0003227902634534985
6401,1.781622052192688,0.0003207339032087475
6402,1.7565549612045288,0.00031819017021916807
6403,1.7565549612045288,0.00031477733864448965
6404,1.8066890239715576,0.0003116678853984922
6405,1.7864220142364502,0.00030957674607634544
6406,1.856557011604309,0.00030794739723205566
6407,1.8266890048980713,0.000306254398310557
6408,1.8765569925308228,0.0003039100265596062
6409,1.851755976676941,0.00030099935247562826
6410,1.8816239833831787,0.0002988163032568991
6411,1.8365559577941895,0.0002975442330352962
6412,1.9168239831924438,0.0002967321197502315
6413,1.8866900205612183,0.00029589462792500854
6414,1.911756992340088,0.00029465212719514966
6415,1.8816239833831787,0.0002939669939223677
6416,1.9568239450454712,0.00029390183044597507
6417,1.8917570114135742,0.0002949803019873798
6418,1.9266910552978516,0.00029637556872330606
6419,1.8365559577941895,0.0002979860582854599
6420,1.9317569732666016,0.0003000412543769926
6421,1.8765569925308228,0.00030286292894743383
6422,1.8968240022659302,0.0003068099613301456
6423,1.8666900396347046,0.00031138048507273197
6424,1.906690001487732,0.0003172933647874743
6425,1.846690058708191,0.00032552960328757763
6426,1.8917570114135742,0.0003356419038027525
6427,1.856557011604309,0.00034630284062586725
6428,1.856557011604309,0.00035695964470505714
6429,1.8314900398254395,0.0003670094010885805
6430,1.8365559577941895,0.0003770978655666113
6431,1.8266890048980713,0.00038732116809114814
6432,1.8717570304870605,0.00039830844616517425
6433,1.8066890239715576,0.00040875375270843506
6434,1.8616230487823486,0.00041901174699887633
6435,1.8114889860153198,0.0004284682800062001
6436,1.8314900398254395,0.00043684226693585515
6437,1.8165559768676758,0.000444386329036206
6438,1.8314900398254395,0.0004511024453677237
6439,1.7914890050888062,0.000457561865914613
6440,1.8365559577941895,0.00046356418170034885
6441,1.8365559577941895,0.000469115620944649
6442,1.8365559577941895,0.00047462753718718886
6443,1.801622986793518,0.0004802620969712734
6444,1.6312199831008911,0.0004865011142101139
6445,0.549340009689331,0.0004936428158544004
6446,0.05866700038313866,0.000500862835906446
6447,-0.20186899602413177,0.0005077347159385681
6448,-0.4922730028629303,0.0005142763257026672
6449,-0.697609007358551,0.0005206016940064728
6450,-0.7728099822998047,0.0005270165856927633
6451,-0.9130780100822449,0.0005335878231562674
6452,-1.2336150407791138,0.0005402580136433244
6453,-1.66935396194458,0.0005471162148751318
6454,-1.7642890214920044,0.000554200611077249
6455,-1.9096239805221558,0.000561513239517808
6456,-1.9397579431533813,0.0005689610261470079
6457,-1.9397579431533813,0.000576455204281956
6458,-1.8794900178909302,0.0005839573568664491
6459,-1.949623942375183,0.0005915071815252304
6460,-1.874690055847168,0.0005990322097204626
6461,-1.8997570276260376,0.0006065431516617537
6462,-1.8496229648590088,0.0006140340119600296
6463,-1.8645570278167725,0.0006215228931978345
6464,-1.8296229839324951,0.0006290032179094851
6465,-1.8496229648590088,0.0006365012959577143
6466,-1.8394900560379028,0.0006440619472414255
6467,-1.9197570085525513,0.0006516340654343367
6468,-1.8794900178909302,0.0006592025165446103
6469,-1.9397579431533813,0.0006667791167274117
6470,-1.8794900178909302,0.0006743659032508731
6471,-1.9346909523010254,0.0006820145063102245
6472,-1.8946900367736816,0.0006895582191646099
6473,-1.9698909521102905,0.0006973936106078327
6474,-1.9146909713745117,0.0007060135249048471
6475,-1.9546910524368286,0.000715521746315062
6476,-1.9546910524368286,0.000725195393897593
6477,-2.024825096130371,0.0007345684571191669
6478,-1.9648250341415405,0.0007437787717208266
6479,-1.999758005142212,0.0007530787261202931
6480,-1.9698909521102905,0.0007628689054399729
6481,-2.0048251152038574,0.0007730824290774763
6482,-1.9146909713745117,0.0007839856552891433
6483,-1.9797580242156982,0.0007956793415360153
6484,-1.9245569705963135,0.0008084116270765662
6485,-1.9797580242156982,0.000822326575871557
6486,-1.9245569705963135,0.0008371627191081643
6487,-1.944823980331421,0.0008527272148057818
6488,-1.9096239805221558,0.0008678236044943333
6489,-1.944823980331421,0.0008819308131933212
6490,-1.9045569896697998,0.0008953484939411283
6491,-1.949623942375183,0.0009082480100914836
6492,-1.889623999595642,0.0009208990377373993
6493,-1.9546910524368286,0.0009335292270407081
6494,-1.874690055847168,0.0009464577306061983
6495,-1.9397579431533813,0.0009594483417458832
6496,-1.8645570278167725,0.0009713742765597999
6497,-1.9546910524368286,0.0009817065438255668
6498,-1.8794900178909302,0.0009906650520861149
6499,-1.889623999595642,0.0009984767530113459
6500,-1.8394900560379028,0.0010056508472189307
6501,-1.889623999595642,0.0010123294778168201
6502,-1.8394900560379028,0.0010185963474214077
6503,-1.9146909713745117,0.0010243882425129414
6504,-1.874690055847168,0.0010297272820025682
6505,-1.9146909713745117,0.0010349240619689226
6506,-1.8496229648590088,0.0010399124585092068
6507,-1.1482809782028198,0.0010437930468469858
6508,-0.1568019986152649,0.001046924153342843
6509,-0.031466998159885406,0.0010497374460101128
6510,0.32400399446487427,0.0010520657524466515
6511,0.5896070003509521,0.0010537394555285573
6512,0.7048090100288391,0.0010550005827099085
6513,0.7797430157661438,0.0010563258547335863
6514,1.0301460027694702,0.0010577852372080088
6515,1.3909510374069214,0.001059416914358735
6516,1.7565549612045288,0.0010613102931529284
6517,1.7765560150146484,0.001063318457454443
6518,1.9168239831924438,0.0010653904173523188
6519,1.8765569925308228,0.001067523960955441
6520,1.8717570304870605,0.0010696834651753306
6521,1.8066890239715576,0.0010718643898144364
6522,1.8666900396347046,0.0010740705765783787
6523,1.8266890048980713,0.0010763290338218212
6524,1.8365559577941895,0.001078624976798892
6525,1.7664220333099365,0.0010809390805661678
6526,1.8114889860153198,0.0010832424741238356
6527,1.70135498046875,0.0010855593718588352
6528,1.7914890050888062,0.001087878830730915
6529,1.7664220333099365,0.0010902181966230273
6530,1.8216229677200317,0.0010925614042207599
6531,1.8216229677200317,0.0010948614217340946
6532,1.8616230487823486,0.0010971140582114458
6533,1.8314900398254395,0.0010992835741490126
6534,1.846690058708191,0.0011015343479812145
6535,1.8416229486465454,0.0011036302894353867
6536,1.8968240022659302,0.0011053868802264333
6537,1.8266890048980713,0.0011068652383983135
6538,1.4360179901123047,0.0011081031989306211
6539,0.32400399446487427,0.0011089140316471457
6540,0.0685340017080307,0.0011093826033174992
6541,-0.24693599343299866,0.001109486329369247
6542,-0.5224069952964783,0.0011091233463957906
6543,-0.7077419757843018,0.0011083027347922325
6544,-0.7576090097427368,0.001107288058847189
6545,-0.9480119943618774,0.0011062531266361475
6546,-1.3288170099258423,0.001105417963117361
6547,-1.7042880058288574,0.0011047881562262774
6548,-1.769355058670044,0.001104394206777215
6549,-1.9546910524368286,0.0011043534614145756
6550,-1.8794900178909302,0.0011046301806345582
6551,-1.9296239614486694,0.0011050666216760874
6552,-1.8645570278167725,0.001105604344047606
6553,-1.8997570276260376,0.0011061859549954534
6554,-1.8845570087432861,0.001106804353184998
6555,-1.8794900178909302,0.0011074081994593143
6556,-1.8296229839324951,0.0011080370750278234
6557,-1.8344229459762573,0.0011086612939834595
6558,-1.7544219493865967,0.0011093046050518751
6559,-1.789355993270874,0.0011099388357251883
6560,-1.8296229839324951,0.001110589480958879
6561,-1.8997570276260376,0.001111249323002994
6562,-1.8394900560379028,0.0011119527043774724
6563,-1.9146909713745117,0.0011126752942800522
6564,-1.8645570278167725,0.001113407895900309
6565,-1.9245569705963135,0.0011141410795971751
6566,-1.8546899557113647,0.0011150231584906578
6567,-1.8997570276260376,0.0011161116417497396
6568,-1.889623999595642,0.00111755495890975
6569,-1.7192209959030151,0.001119306543841958
6570,-0.5573400259017944,0.0011212965473532677
6571,-0.1165350005030632,0.0011232381220906973
6572,0.10880099982023239,0.0011247561778873205
6573,0.4293389916419983,0.0011258753947913647
6574,0.6546750068664551,0.0011264835484325886
6575,0.664542019367218,0.0011270391987636685
6576,0.8498769998550415,0.0011278076563030481
6577,1.1704150438308716,0.0011288182577118278
6578,1.6112200021743774,0.0011300569167360663
6579,1.70135498046875,0.0011315303854644299
6580,1.851755976676941,0.0011330865090712905
6581,1.8165559768676758,0.001134715974330902
6582,1.8365559577941895,0.0011360873468220234
6583,1.8114889860153198,0.0011376659385859966
6584,1.8416229486465454,0.0011393323075026274
6585,1.8266890048980713,0.0011408349964767694
6586,1.8266890048980713,0.0011420997325330973
6587,1.7714890241622925,0.0011434366460889578
6588,1.8066890239715576,0.001144947949796915
6589,1.7413549423217773,0.0011467461008578539
6590,1.781622052192688,0.0011485093273222446
6591,1.7565549612045288,0.0011502732522785664
6592,1.8616230487823486,0.001152193290181458
6593,1.8216229677200317,0.0011539418483152986
6594,1.8616230487823486,0.0011556135723367333
6595,1.7864220142364502,0.0011571600334718823
6596,1.8666900396347046,0.0011586914770305157
6597,1.8314900398254395,0.0011602448066696525
6598,1.8866900205612183,0.0011615261901170015
6599,1.8666900396347046,0.001162865897640586
6600,1.8066890239715576,0.0011640514712780714
6601,0.8498769998550415,0.0011654212139546871
6602,0.17386899888515472,0.001166981877759099
6603,-0.02160000056028366,0.0011685246136039495
6604,-0.34213799238204956,0.0011702183401212096
6605,-0.6274750232696533,0.0011716578155755997
6606,-0.697609007358551,0.0011728276731446385
6607,-0.8528109788894653,0.0011742389760911465
6608,-1.0933469533920288,0.0011760556371882558
6609,-1.5490859746932983,0.0011782884830608964
6610,-1.7192209959030151,0.0011809119023382664
6611,-1.8344229459762573,0.0011832639575004578
6612,-1.8997570276260376,0.0011854041367769241
6613,-1.9296239614486694,0.0011875731870532036
6614,-1.8696229457855225,0.001189906382933259
6615,-1.8696229457855225,0.001191990333609283
6616,-1.8946900367736816,0.0011937269009649754
6617,-1.8946900367736816,0.0011954010697081685
6618,-1.8546899557113647,0.0011971213389188051
6619,-1.8445559740066528,0.001198786310851574
6620,-1.8245559930801392,0.0012005632743239403
6621,-1.8546899557113647,0.001202140934765339
6622,-1.8445559740066528,0.0012033856473863125
6623,-1.8594900369644165,0.0012045938055962324
6624,-1.8696229457855225,0.001205880893394351
6625,-1.8997570276260376,0.0012073670513927937
6626,-1.8645570278167725,0.00120911980047822
6627,-1.8997570276260376,0.0012112115509808064
6628,-1.8794900178909302,0.001213503535836935
6629,-1.9296239614486694,0.0012157987803220749
6630,-1.9197570085525513,0.0012183500220999122
6631,-1.9648250341415405,0.001221578335389495
6632,-1.1584140062332153,0.0012242530938237906
6633,-0.2269359976053238,0.0012259420473128557
6634,-0.02160000056028366,0.0012271502055227757
6635,0.2338699996471405,0.0012280452065169811
6636,0.5696070194244385,0.0012285036500543356
6637,0.6146739721298218,0.001228473847731948
6638,0.7498760223388672,0.001228046603500843
6639,0.9352120161056519,0.0012273897882550955
6640,1.405884027481079,0.0012266379781067371
6641,1.646420955657959,0.0012257879134267569
6642,1.7914890050888062,0.001224718987941742
6643,1.8365559577941895,0.0012234293390065432
6644,1.8666900396347046,0.0012220002245157957
6645,1.8165559768676758,0.0012205946259200573
6646,1.8314900398254395,0.001219103578478098
6647,1.801622986793518,0.001217529410496354
6648,1.8616230487823486,0.0012159121688455343
6649,1.7565549612045288,0.00121429527644068
6650,1.781622052192688,0.001212691655382514
6651,1.7162879705429077,0.0012111143441870809
6652,1.781622052192688,0.001209539594128728
6653,1.7765560150146484,0.0012079545995220542
6654,1.851755976676941,0.0012063698377460241
6655,1.7914890050888062,0.0012047970667481422
6656,1.8616230487823486,0.0012032358208671212
6657,1.7914890050888062,0.0012016977416351438
6658,1.8616230487823486,0.0012001361465081573
6659,1.856557011604309,0.0011986810714006424
6660,1.8717570304870605,0.0011973475338891149
6661,1.851755976676941,0.0011960568372160196
6662,1.906690001487732,0.0011951460037380457
6663,1.4258840084075928,0.0011946001322939992
6664,0.39413800835609436,0.0011942165438085794
6665,0.043733999133110046,0.0011937698582187295
6666,-0.14160199463367462,0.0011933099012821913
6667,-0.5173400044441223,0.001192841911688447
6668,-0.6125410199165344,0.0011922626290470362
6669,-0.7877429723739624,0.001191519433632493
6670,-0.9080110192298889,0.001190464710816741
6671,-1.3237500190734863,0.001189215574413538
6672,-1.6392199993133545,0.0011880537495017052
6673,-1.7794890403747559,0.0011864544358104467
6674,-1.8845570087432861,0.0011848034337162971
6675,-1.949623942375183,0.0011830154107883573
6676,-1.874690055847168,0.0011807943228632212
6677,-1.8946900367736816,0.00117807078640908
6678,-1.8496229648590088,0.0011746261734515429
6679,-1.874690055847168,0.0011702599003911018
6680,-1.8245559930801392,0.001164784305728972
6681,-1.8344229459762573,0.0011578984558582306
6682,-1.789355993270874,0.0011496073566377163
6683,-1.8296229839324951,0.0011410252191126347
6684,-1.8045560121536255,0.0011326272506266832
6685,-1.8794900178909302,0.001124342205002904
6686,-1.8296229839324951,0.0011158938286826015
6687,-1.9096239805221558,0.001107043819501996
6688,-1.8496229648590088,0.0010975174373015761
6689,-1.8997570276260376,0.0010879826731979847
6690,-1.8845570087432861,0.001078820670954883
6691,-1.949623942375183,0.0010704093147069216
6692,-1.9146909713745117,0.0010628420859575272
6693,-1.9698909521102905,0.0010563727701082826
6694,-1.9546910524368286,0.0010508750565350056
6695,-1.999758005142212,0.0010460327612236142
6696,-1.9546910524368286,0.0010416649747639894
6697,-1.9848250150680542,0.0010377789149060845
6698,-1.9797580242156982,0.0010343375615775585
6699,-2.0149590969085693,0.0010310389334335923
6700,-1.9346909523010254,0.0010274171363562346
6701,-1.9648250341415405,0.0010229601757600904
6702,-1.9397579431533813,0.001018560491502285
6703,-1.9546910524368286,0.0010143087711185217
6704,-1.8997570276260376,0.0010102011729031801
6705,-1.9597580432891846,0.0010060870554298162
6706,-1.874690055847168,0.0010018863249570131
6707,-1.9296239614486694,0.000997571973130107
6708,-1.8845570087432861,0.0009932704269886017
6709,-1.944823980331421,0.0009888417553156614
6710,-1.8794900178909302,0.000984302256256342
6711,-1.9648250341415405,0.0009796819649636745
6712,-1.8696229457855225,0.0009750312310643494
6713,-1.9146909713745117,0.0009703984251245856
6714,-1.874690055847168,0.0009658023482188582
6715,-1.9096239805221558,0.0009612188441678882
6716,-1.8645570278167725,0.0009567002416588366
6717,-1.874690055847168,0.0009522214531898499
6718,-1.8794900178909302,0.0009478326537646353
6719,-1.9146909713745117,0.0009434341918677092
6720,-1.8645570278167725,0.0009390143095515668
6721,-1.8946900367736816,0.0009344761492684484
6722,-1.8645570278167725,0.0009298189543187618
6723,-1.9045569896697998,0.0009248439455404878
6724,-1.8645570278167725,0.0009195249294862151
6725,-1.8144229650497437,0.0009139691246673465
6726,-0.8229439854621887,0.0009081390453502536
6727,-0.086667999625206,0.0009019488352350891
6728,0.10880099982023239,0.0008956440724432468
6729,0.37920498847961426,0.0008889706223271787
6730,0.659741997718811,0.0008816292975097895
6731,0.6896089911460876,0.0008737330208532512
6732,0.8298770189285278,0.0008661334286443889
6733,1.1154810190200806,0.0008588827913627028
6734,1.5109519958496094,0.0008516376256011426
6735,1.6864210367202759,0.0008443024707958102
6736,1.8416229486465454,0.0008367883274331689
6737,1.851755976676941,0.0008293417049571872
6738,1.8717570304870605,0.0008208430372178555
6739,1.7914890050888062,0.0008115663658827543
6740,1.851755976676941,0.0008009865414351225
6741,1.8216229677200317,0.0007892325520515442
6742,1.8314900398254395,0.0007769429357722402
6743,1.7314879894256592,0.0007638162351213396
6744,1.8114889860153198,0.0007508647395297885
6745,1.7365549802780151,0.0007389352540485561
6746,1.781622052192688,0.0007274314993992448
6747,1.7765560150146484,0.0007164584822021425
6748,1.8314900398254395,0.0007058338960632682
6749,1.7914890050888062,0.000694816408213228
6750,1.846690058708191,0.000683413993101567
6751,1.8165559768676758,0.0006720423116348684
6752,1.8717570304870605,0.0006616661557927728
6753,1.8314900398254395,0.000652945542242378
6754,1.8816239833831787,0.0006453121895901859
6755,1.8666900396347046,0.0006386390305124223
6756,1.911756992340088,0.0006326434086076915
6757,1.9266910552978516,0.0006273620529100299
6758,1.9266910552978516,0.0006224799435585737
6759,1.911756992340088,0.0006179471965879202
6760,1.9466910362243652,0.0006137999007478356
6761,1.9016239643096924,0.0006097418954595923
6762,1.9368239641189575,0.0006057946593500674
6763,1.9016239643096924,0.0006028080824762583
6764,1.9218909740447998,0.0006004347233101726
6765,1.8666900396347046,0.0005981366848573089
6766,1.906690001487732,0.0005958675174042583
6767,1.851755976676941,0.0005936118541285396
6768,1.8968240022659302,0.0005913798231631517
6769,1.8616230487823486,0.0005892508197575808
6770,1.8666900396347046,0.0005873157060705125
6771,1.8266890048980713,0.0005854035262018442
6772,1.8616230487823486,0.0005834996118210256
6773,1.8066890239715576,0.0005815817858092487
6774,1.846690058708191,0.0005796712357550859
6775,1.856557011604309,0.000577762839384377
6776,1.8616230487823486,0.0005758689367212355
6777,1.8165559768676758,0.0005739697371609509
6778,1.8616230487823486,0.0005720760673284531
6779,1.8266890048980713,0.0005701970076188445
6780,1.8616230487823486,0.0005683344788849354
6781,1.8266890048980713,0.0005664518103003502
6782,1.8266890048980713,0.0005645927740260959
6783,1.8066890239715576,0.0005627084756270051
6784,1.8314900398254395,0.0005608242936432362
6785,1.8165559768676758,0.0005589292850345373
6786,1.8816239833831787,0.0005568702472373843
6787,1.8066890239715576,0.0005547870532609522
6788,1.416018009185791,0.0005527682369574904
6789,0.3040040135383606,0.0005509647307917476
6790,0.028534000739455223,0.0005491672782227397
6791,-0.252003014087677,0.0005476160440593958
6792,-0.5424069762229919,0.0005464579444378614
6793,-0.7026749849319458,0.0005457557272166014
6794,-0.7877429723739624,0.0005452184705063701
6795,-0.9880120158195496,0.0005451821489259601
6796,-1.3037500381469727,0.000545549439266324
6797,-1.714421033859253,0.0005463265115395188
6798,-1.7594890594482422,0.0005479441024363041
6799,-1.9146909713745117,0.0005496374214999378
6800,-1.889623999595642,0.0005513801006600261
6801,-1.8794900178909302,0.0005529383779503405
6802,-1.8696229457855225,0.0005544773302972317
6803,-1.8845570087432861,0.000556355167645961
6804,-1.8645570278167725,0.0005585582694038749
6805,-1.9346909523010254,0.0005604478064924479
6806,-1.8144229650497437,0.0005622889148071408
6807,-1.8496229648590088,0.0005637882859446108
6808,-1.8296229839324951,0.0005653055850416422
6809,-1.8645570278167725,0.0005672251572832465
6810,-1.8245559930801392,0.0005688606179319322
6811,-1.9045569896697998,0.0005702648777514696
6812,-1.8696229457855225,0.0005715189035981894
6813,-1.9245569705963135,0.000572646502405405
6814,-1.8794900178909302,0.0005739428452216089
6815,-1.9146909713745117,0.0005752999568358064
6816,-1.8997570276260376,0.0005763762164860964
6817,-1.9848250150680542,0.0005775506142526865
6818,-1.9346909523010254,0.0005791712901555002
6819,-1.724287986755371,0.0005811969749629498
6820,-0.537339985370636,0.0005843701073899865
6821,-0.1165350005030632,0.0005878966185264289
6822,0.08880099654197693,0.0005914842477068305
6823,0.39413800835609436,0.0005949249025434256
6824,0.664542019367218,0.0005978852277621627
6825,0.6797419786453247,0.0006005013128742576
6826,0.8248100280761719,0.0006028832867741585
6827,1.1754809617996216,0.0006050934316590428
6828,1.5861530303955078,0.000607240479439497
6829,1.6914880275726318,0.0006091974792070687
6830,1.8765569925308228,0.0006108987145125866
6831,1.851755976676941,0.0006124281790107489
6832,1.8616230487823486,0.0006140173645690084
6833,1.801622986793518,0.000615570112131536
6834,1.8816239833831787,0.0006170495180413127
6835,1.8114889860153198,0.0006184756057336926
6836,1.8266890048980713,0.0006198862683959305
6837,1.7565549612045288,0.0006213097367435694
6838,1.796555995941162,0.0006227605626918375
6839,1.7314879894256592,0.0006242099334485829
6840,1.781622052192688,0.000625653425231576
6841,1.7514890432357788,0.0006271033198572695
6842,1.8216229677200317,0.0006285544950515032
6843,1.8216229677200317,0.0006299993256106973
6844,1.8717570304870605,0.0006314466008916497
6845,1.8416229486465454,0.0006329051684588194
6846,1.8717570304870605,0.0006343493005260825
6847,1.851755976676941,0.0006357993697747588
6848,1.8816239833831787,0.0006372351781465113
6849,1.8717570304870605,0.0006386992172338068
6850,1.9466910362243652,0.0006401875289157033
6851,1.911756992340088,0.0006417513359338045
6852,1.9669580459594727,0.0006433727685362101
6853,1.8666900396347046,0.0006450766231864691
6854,1.911756992340088,0.000646831002086401
6855,1.911756992340088,0.0006487020291388035
6856,1.906690001487732,0.0006506417412310839
6857,1.8616230487823486,0.0006525019416585565
6858,1.8917570114135742,0.000654159695841372
6859,1.8666900396347046,0.0006558099994435906
6860,1.8866900205612183,0.0006574205472134054
6861,1.856557011604309,0.0006591930869035423
6862,1.9218909740447998,0.0006610604468733072
6863,1.8666900396347046,0.0006628906121477485
6864,1.8866900205612183,0.0006645102985203266
6865,1.851755976676941,0.0006658437196165323
6866,1.8717570304870605,0.0006668766145594418
6867,1.8666900396347046,0.0006682267412543297
6868,1.8616230487823486,0.0006697921780869365
6869,1.8165559768676758,0.0006713226903229952
6870,1.8717570304870605,0.0006726292194798589
6871,1.8365559577941895,0.0006741626420989633
6872,1.8717570304870605,0.000676022726111114
6873,1.8266890048980713,0.0006779571995139122
6874,1.8765569925308228,0.000679845514241606
6875,1.8066890239715576,0.0006818164838477969
6876,1.851755976676941,0.0006836523534730077
6877,1.8314900398254395,0.0006856735562905669
6878,1.851755976676941,0.0006880309665575624
6879,1.8114889860153198,0.0006902589229866862
6880,1.8666900396347046,0.0006923552718944848
6881,1.7914890050888062,0.0006940219318494201
6882,1.8717570304870605,0.0006952318362891674
6883,1.8314900398254395,0.0006956029101274908
6884,1.8114889860153198,0.0006952009280212224
6885,1.8165559768676758,0.0006944427732378244
6886,1.8666900396347046,0.0006928355433046818
6887,1.7914890050888062,0.0006903624162077904
6888,1.9016239643096924,0.0006886986084282398
6889,1.8365559577941895,0.0006885971524752676
6890,1.8616230487823486,0.0006888001225888729
6891,1.856557011604309,0.0006889600772410631
6892,1.8416229486465454,0.0006893944810144603
6893,1.8066890239715576,0.0006904107285663486
6894,1.8717570304870605,0.0006914660334587097
6895,1.8066890239715576,0.0006924625486135483
6896,1.8616230487823486,0.0006934492266736925
6897,1.8114889860153198,0.0006942645413801074
6898,1.856557011604309,0.0006952824769541621
6899,1.8314900398254395,0.0006967596709728241
6900,1.8666900396347046,0.0006977638695389032
6901,1.801622986793518,0.000698599498718977
6902,1.851755976676941,0.0006993516581133008
6903,1.8266890048980713,0.00069996970705688
6904,1.8314900398254395,0.000700840842910111
6905,1.8066890239715576,0.0007013164577074349
6906,1.846690058708191,0.0007015889277681708
6907,1.8216229677200317,0.0007020185003057122
6908,1.851755976676941,0.000702406803611666
6909,1.8066890239715576,0.0007028869586065412
6910,1.8616230487823486,0.0007032561115920544
6911,1.8066890239715576,0.0007035486632958055
6912,1.8717570304870605,0.000703801226336509
6913,1.3608169555664062,0.0007041107164695859
6914,0.36907100677490234,0.0007046168902888894
6915,0.02346700057387352,0.0007048657862469554
6916,-0.20186899602413177,0.000704799429513514
6917,-0.597341001033783,0.0007045228849165142
6918,-0.6826750040054321,0.0007039299234747887
6919,-0.8429440259933472,0.0007032005814835429
6920,-0.9730790257453918,0.0007023557554930449
6921,-1.3688169717788696,0.0007013693684712052
6922,-1.6992210149765015,0.0007004991639405489
6923,-1.8496229648590088,0.0007001346675679088
6924,-1.9146909713745117,0.0006997041055001318
6925,-1.9296239614486694,0.0006990986876189709
6926,-1.8997570276260376,0.0006982971681281924
6927,-1.9245569705963135,0.0006974272546358407
6928,-1.8794900178909302,0.0006968254456296563
6929,-1.9146909713745117,0.0006965865031816065
6930,-1.8645570278167725,0.0006960122846066952
6931,-1.8546899557113647,0.0006953981355763972
6932,-1.8296229839324951,0.0006944525521248579
6933,-1.8394900560379028,0.0006935566198080778
6934,-1.7944220304489136,0.0006930819363333285
6935,-1.9045569896697998,0.0006923207547515631
6936,-1.8794900178909302,0.0006913540419191122
6937,-1.9045569896697998,0.0006901805754750967
6938,-1.874690055847168,0.0006888521602377295
6939,-1.9245569705963135,0.0006876951083540916
6940,-1.8794900178909302,0.0006866777548566461
6941,-1.9296239614486694,0.0006855748360976577
6942,-1.9346909523010254,0.0006844876334071159
6943,-1.9546910524368286,0.0006834907690063119
6944,-1.9346909523010254,0.0006824888987466693
6945,-2.024825096130371,0.0006815113592892885
6946,-1.9648250341415405,0.0006806079763919115
6947,-1.9848250150680542,0.0006797036621719599
6948,-1.9546910524368286,0.0006788996979594231
6949,-2.0149590969085693,0.0006782168056815863
6950,-1.949623942375183,0.000677741423714906
6951,-1.949623942375183,0.0006774194189347327
6952,-1.9346909523010254,0.0006771699991077185
6953,-1.944823980331421,0.0006769915344193578
6954,-1.9245569705963135,0.0006768544553779066
6955,-1.949623942375183,0.0006767589366063476
6956,-1.8794900178909302,0.0006766793085262179
6957,-1.9346909523010254,0.0006766053847968578
6958,-1.9146909713745117,0.0006765330908820033
6959,-1.9296239614486694,0.0006764632416889071
6960,-1.8794900178909302,0.0006763939745724201
6961,-1.9096239805221558,0.0006763209239579737
6962,-1.8645570278167725,0.000676244730129838
6963,-1.8997570276260376,0.0006761549739167094
6964,-1.8645570278167725,0.000676079944241792
6965,-1.9146909713745117,0.0006760138785466552
6966,-1.9045569896697998,0.0006759577081538737
6967,-1.9648250341415405,0.0006759139942005277
6968,-1.8645570278167725,0.0006758727831766009
6969,-1.9045569896697998,0.0006758448434993625
6970,-1.8394900560379028,0.0006758208037354052
6971,-1.9296239614486694,0.0006757991504855454
6972,-1.8845570087432861,0.0006757937953807414
6973,-1.9045569896697998,0.000675781280733645
6974,-1.889623999595642,0.0006757362862117589
6975,-1.9045569896697998,0.0006757136434316635
6976,-1.8946900367736816,0.0006757236551493406
6977,-1.889623999595642,0.0006758348317816854
6978,-1.8946900367736816,0.0006759982788935304
6979,-1.8794900178909302,0.0006764676072634757
6980,-1.8546899557113647,0.0006772795459255576
6981,-1.9245569705963135,0.0006783284479752183
6982,-1.8645570278167725,0.0006796281086280942
6983,-1.9146909713745117,0.0006812266074120998
6984,-1.8546899557113647,0.0006830462953075767
6985,-1.9245569705963135,0.0006849459023214877
6986,-1.8645570278167725,0.0006867147167213261
6987,-1.9146909713745117,0.0006881465087644756
6988,-1.8794900178909302,0.0006891088560223579
6989,-1.9045569896697998,0.0006900200969539583
6990,-1.8845570087432861,0.000691079068928957
6991,-1.9245569705963135,0.0006921334424987435
6992,-1.8794900178909302,0.0006928681395947933
6993,-1.8997570276260376,0.0006931134266778827
6994,-1.8696229457855225,0.0006937099969945848
6995,-1.9197570085525513,0.0006942999898456037
6996,-1.8845570087432861,0.000695154070854187
6997,-1.9346909523010254,0.0006959987222217023
6998,-1.8696229457855225,0.0006964592030271888
6999,-1.9096239805221558,0.0006970611284486949
7000,-1.874690055847168,0.0006979743484407663
7001,-1.8794900178909302,0.0006988203385844827
7002,-1.8394900560379028,0.0006998901371844113
7003,-1.9245569705963135,0.000700865057297051
7004,-1.8394900560379028,0.0007015817682258785
7005,-1.8946900367736816,0.000702352961525321
7006,-1.8344229459762573,0.0007029335247352719
7007,-1.2034820318222046,0.0007032040739431977
7008,-0.20186899602413177,0.0007032155408523977
7009,-0.02160000056028366,0.0007029037806205451
7010,0.3290709853172302,0.0007027413230389357
7011,0.5896070003509521,0.0007027975516393781
7012,0.7048090100288391,0.0007030706619843841
7013,0.7498760223388672,0.0007035970920696855
7014,1.0504130125045776,0.0007042739889584482
7015,1.4258840084075928,0.0007050391286611557
7016,1.7264219522476196,0.0007057826733216643
7017,1.801622986793518,0.0007067087572067976
7018,1.906690001487732,0.0007082276279106736
7019,1.8666900396347046,0.0007096874760463834
7020,1.8917570114135742,0.0007110642036423087
7021,1.8114889860153198,0.0007123096147552133
7022,1.856557011604309,0.0007134414045140147
7023,1.781622052192688,0.0007148256408981979
7024,1.7714890241622925,0.0007165084825828671
7025,1.7413549423217773,0.0007177816005423665
7026,1.8066890239715576,0.000718981318641454
7027,1.7514890432357788,0.0007200448890216649
7028,1.8114889860153198,0.0007210264448076487
7029,1.7514890432357788,0.0007222481654025614
7030,1.8416229486465454,0.0007230739574879408
7031,1.8165559768676758,0.000723675824701786
7032,1.8765569925308228,0.0007243965519592166
7033,1.8266890048980713,0.0007250838098116219
7034,1.8866900205612183,0.0007258147234097123
7035,1.8616230487823486,0.0007261984283104539
7036,1.8816239833831787,0.0007265933672897518
7037,1.8765569925308228,0.0007268895860761404
7038,1.9568239450454712,0.0007271619979292154
7039,1.911756992340088,0.0007274812087416649
7040,1.9418909549713135,0.0007277312688529491
7041,1.9218909740447998,0.0007279294077306986
7042,1.9168239831924438,0.0007282941369339824
7043,1.8866900205612183,0.0007288502529263496
7044,1.9218909740447998,0.0007296928088180721
7045,1.8616230487823486,0.0007304707542061806
7046,1.9266910552978516,0.000731018022634089
7047,1.8816239833831787,0.0007315235561691225
7048,1.9266910552978516,0.00073237408651039
7049,1.8666900396347046,0.000732836255338043
7050,1.911756992340088,0.0007331009255722165
7051,1.8765569925308228,0.0007332751411013305
7052,1.8616230487823486,0.0007336429553106427
7053,1.856557011604309,0.0007335139671340585
7054,1.9016239643096924,0.0007326549384742975
7055,1.8216229677200317,0.0007319820579141378
7056,1.8717570304870605,0.0007315154653042555
7057,1.8416229486465454,0.0007312020752578974
7058,1.8666900396347046,0.0007306154584512115
7059,1.8416229486465454,0.0007296886178664863
7060,1.8866900205612183,0.000728437677025795
7061,1.8165559768676758,0.0007274954114109278
7062,1.8616230487823486,0.00072638870915398
7063,1.8266890048980713,0.000725652789697051
7064,1.8416229486465454,0.00072499830275774
7065,1.8266890048980713,0.00072424893733114
7066,1.8365559577941895,0.0007238282705657184
7067,1.8114889860153198,0.0007237059762701392
7068,1.8416229486465454,0.00072365568485111
7069,1.781622052192688,0.0007240190170705318
7070,1.8616230487823486,0.000724050507415086
7071,1.8165559768676758,0.0007239519618451595
7072,1.8717570304870605,0.0007244425360113382
7073,1.8165559768676758,0.0007249315967783332
7074,1.8866900205612183,0.0007248714682646096
7075,1.8266890048980713,0.000724131939932704
7076,1.8866900205612183,0.0007218802347779274
7077,1.8266890048980713,0.000719185103662312
7078,1.8917570114135742,0.0007157187210395932
7079,1.8266890048980713,0.000712063629180193
7080,1.8717570304870605,0.0007088356069289148
7081,1.8666900396347046,0.0007053998997434974
7082,1.8616230487823486,0.0007021875353530049
7083,1.796555995941162,0.00069931719917804
7084,1.8717570304870605,0.0006965294014662504
7085,1.851755976676941,0.0006937239086255431
7086,1.856557011604309,0.0006907738279551268
7087,1.8114889860153198,0.0006881795125082135
7088,1.8816239833831787,0.0006851983489468694
7089,1.8365559577941895,0.0006824549636803567
7090,1.8365559577941895,0.0006801275885663927
7091,1.8416229486465454,0.0006778453243896365
7092,1.8616230487823486,0.0006757340161129832
7093,1.8165559768676758,0.0006735747447237372
7094,1.856557011604309,0.0006715409690514207
7095,1.8314900398254395,0.000669594737701118
7096,1.8416229486465454,0.0006678099744021893
7097,1.8165559768676758,0.0006658644415438175
7098,1.846690058708191,0.0006644501117989421
7099,1.7914890050888062,0.000663381302729249
7100,1.8666900396347046,0.0006623059744015336
7101,1.8066890239715576,0.0006611376302316785
7102,1.8717570304870605,0.0006602555513381958
7103,1.851755976676941,0.000660061719827354
7104,1.851755976676941,0.0006601347122341394
7105,1.8216229677200317,0.0006593667203560472
7106,1.8616230487823486,0.00065840088063851
7107,1.801622986793518,0.000657810305710882
7108,1.856557011604309,0.0006582501227967441
7109,1.8216229677200317,0.0006587248062714934
7110,1.8365559577941895,0.0006582830101251602
7111,1.8066890239715576,0.0006575204897671938
7112,1.8765569925308228,0.0006570873083546758
7113,1.8365559577941895,0.0006575451698154211
7114,1.8765569925308228,0.000658673990983516
7115,1.851755976676941,0.0006588983815163374
7116,1.9016239643096924,0.0006586451199837029
7117,1.851755976676941,0.0006584781222045422
7118,1.8866900205612183,0.0006590086850337684
7119,1.8616230487823486,0.0006600059568881989
7120,1.8616230487823486,0.0006608952535316348
7121,1.8216229677200317,0.0006612329743802547
7122,1.856557011604309,0.00066167744807899
7123,1.7914890050888062,0.0006626906106248498
7124,1.8314900398254395,0.0006638318300247192
7125,1.8314900398254395,0.0006643204251304269
7126,1.8314900398254395,0.0006646695546805859
7127,1.801622986793518,0.0006649872520938516
7128,1.8616230487823486,0.0006655319593846798
7129,1.8165559768676758,0.0006652869051322341
7130,1.846690058708191,0.0006649098359048367
7131,1.7664220333099365,0.0006644582026638091
7132,1.1453479528427124,0.0006628429982811213
7133,0.17893600463867188,0.0006606373935937881
7134,-0.006399999838322401,0.0006577637977898121
7135,-0.33200401067733765,0.0006550195976160467
7136,-0.6125410199165344,0.0006525287171825767
7137,-0.7677429914474487,0.0006501201423816383
7138,-0.8328099846839905,0.0006479285657405853
7139,-1.0682799816131592,0.0006464702310040593
7140,-1.4538849592208862,0.0006459058495238423
7141,-1.7594890594482422,0.0006458612624555826
7142,-1.8344229459762573,0.000646437518298626
7143,-1.9146909713745117,0.0006472005043178797
7144,-1.9045569896697998,0.000647638225927949
7145,-1.9146909713745117,0.0006475143018178642
7146,-1.8997570276260376,0.0006474069668911397
7147,-1.9146909713745117,0.000647476059384644
7148,-1.8794900178909302,0.0006473493995144963
7149,-1.8594900369644165,0.0006467144703492522
7150,-1.8394900560379028,0.0006461612647399306
7151,-1.8645570278167725,0.0006457829149439931
7152,-1.7744220495224,0.0006454988033510745
7153,-1.8546899557113647,0.0006454125978052616
7154,-1.8496229648590088,0.0006451469380408525
7155,-1.8645570278167725,0.0006444028113037348
7156,-1.8394900560379028,0.0006440975703299046
7157,-1.8845570087432861,0.0006439671851694584
7158,-1.874690055847168,0.0006437370320782065
7159,-1.9197570085525513,0.0006434781826101243
7160,-1.874690055847168,0.0006432058871723711
7161,-1.9245569705963135,0.0006435133400373161
7162,-1.889623999595642,0.0006443600868806243
7163,-1.4890849590301514,0.0006451411172747612
7164,-0.3269369900226593,0.0006454834947362542
7165,-0.1016009971499443,0.0006452904781326652
7166,0.18373599648475647,0.0006450156215578318
7167,0.4794729948043823,0.0006447555497288704
7168,0.609607994556427,0.0006445660255849361
7169,0.6696079969406128,0.0006441380828619003
7170,0.9552119970321655,0.0006432157242670655
7171,1.2456159591674805,0.0006421954603865743
7172,1.6613539457321167,0.000641167163848877
7173,1.7213549613952637,0.0006402737926691771
7174,1.856557011604309,0.0006393060903064907
7175,1.8266890048980713,0.0006381252896972001
7176,1.8416229486465454,0.0006368980975821614
7177,1.7914890050888062,0.0006356872618198395
7178,1.8314900398254395,0.0006343113491311669
7179,1.781622052192688,0.000632432522252202
7180,1.8066890239715576,0.0006305855931714177
7181,1.7314879894256592,0.0006288230651989579
7182,1.7314879894256592,0.0006272402824833989
7183,1.7064210176467896,0.0006256517372094095
7184,1.8066890239715576,0.0006236738990992308
7185,1.7664220333099365,0.0006212627049535513
7186,1.856557011604309,0.0006191367283463478
7187,1.8266890048980713,0.0006170583073981106
7188,1.8616230487823486,0.000615407363511622
7189,1.8165559768676758,0.0006137769669294357
7190,1.8616230487823486,0.0006119201425462961
7191,1.8314900398254395,0.0006106047658249736
7192,1.8717570304870605,0.000609980896115303
7193,1.851755976676941,0.0006101240869611502
7194,1.6712210178375244,0.0006104655913077295
7195,0.5696070194244385,0.0006109875976108015
7196,0.08880099654197693,0.000611319555900991
7197,-0.09653499722480774,0.0006113747949711978
7198,-0.41227200627326965,0.0006112761329859495
7199,-0.637607991695404,0.0006113264244049788
7200,-0.6776080131530762,0.0006111799739301205
7201,-0.8629440069198608,0.0006111026741564274
7202,-1.1733479499816895,0.0006107097724452615
7203,-1.6141539812088013,0.0006099499296396971
7204,-1.7493549585342407,0.0006090780952945352
7205,-1.8794900178909302,0.0006076669087633491
7206,-1.8794900178909302,0.0006059712031856179
7207,-1.9296239614486694,0.0006040794542059302
7208,-1.8794900178909302,0.0006018291460350156
7209,-1.9096239805221558,0.00059980753576383
7210,-1.8696229457855225,0.0005976165411993861
7211,-1.8696229457855225,0.0005959552945569158
7212,-1.8194890022277832,0.0005941699491813779
7213,-1.8496229648590088,0.0005928059108555317
7214,-1.7794890403747559,0.0005911107291467488
7215,-1.8296229839324951,0.0005896977381780744
7216,-1.7994890213012695,0.0005879169330000877
7217,-1.8794900178909302,0.0005861168028786778
7218,-1.8546899557113647,0.0005844715633429587
7219,-1.8845570087432861,0.0005826056003570557
7220,-1.8696229457855225,0.0005811595474369824
7221,-1.9296239614486694,0.0005793001037091017
7222,-1.9146909713745117,0.0005775684840045869
7223,-1.9648250341415405,0.0005758150946348906
7224,-1.9146909713745117,0.0005738772451877594
7225,-1.999758005142212,0.0005718088941648602
7226,-1.9546910524368286,0.0005694481660611928
7227,-2.0048251152038574,0.0005669601960107684
7228,-1.9698909521102905,0.0005644459160976112
7229,-1.9746910333633423,0.0005617402493953705
7230,-1.9546910524368286,0.0005588863277807832
7231,-1.9797580242156982,0.0005559407873079181
7232,-1.9546910524368286,0.0005529161426238716
7233,-1.9848250150680542,0.0005498553509823978
7234,-1.9045569896697998,0.0005467805895023048
7235,-1.9746910333633423,0.0005436842329800129
7236,-1.949623942375183,0.0005405796109698713
7237,-1.9546910524368286,0.00053745461627841
7238,-1.9045569896697998,0.0005343342199921608
7239,-1.9245569705963135,0.0005312060238793492
7240,-1.8794900178909302,0.0005280729383230209
7241,-1.9146909713745117,0.0005249361274763942
7242,-1.874690055847168,0.0005218098522163928
7243,-1.9146909713745117,0.0005186870694160461
7244,-1.8496229648590088,0.0005155748222023249
7245,-1.8997570276260376,0.0005124651361256838
7246,-1.8546899557113647,0.0005093626095913351
7247,-1.8794900178909302,0.0005062645068392158
7248,-1.8296229839324951,0.0005031775217503309
7249,-1.9245569705963135,0.0005000900127924979
7250,-1.8794900178909302,0.0004970156587660313
7251,-1.8997570276260376,0.000493943109177053
7252,-1.8496229648590088,0.000490874401293695
7253,-1.8645570278167725,0.0004878078179899603
7254,-1.8546899557113647,0.0004847513628192246
7255,-1.889623999595642,0.0004816683940589428
7256,-1.8645570278167725,0.0004785659839399159
7257,-1.874690055847168,0.00047549683949910104
7258,-1.8245559930801392,0.0004724652389995754
7259,-1.889623999595642,0.0004695155075751245
7260,-1.8394900560379028,0.00046672261669300497
7261,-1.8794900178909302,0.0004642938729375601
7262,-1.8445559740066528,0.0004621365515049547
7263,-1.8997570276260376,0.000460196693893522
7264,-1.8696229457855225,0.000458581285784021
7265,-1.9296239614486694,0.0004572249890770763
7266,-1.9045569896697998,0.00045600003795698285
7267,-1.889623999595642,0.00045473803766071796
7268,-1.874690055847168,0.00045321841025725007
7269,-1.9045569896697998,0.00045122229494154453
7270,-1.889623999595642,0.0004490859864745289
7271,-1.8997570276260376,0.00044698207057081163
7272,-1.8546899557113647,0.0004449649713933468
7273,-1.9245569705963135,0.00044278576388023794
7274,-1.874690055847168,0.00044007698306813836
7275,-1.9397579431533813,0.0004374990239739418
7276,-1.8546899557113647,0.000435051741078496
7277,-1.9146909713745117,0.00043275393545627594
7278,-1.8645570278167725,0.00043057295260950923
7279,-1.9146909713745117,0.00042815227061510086
7280,-1.889623999595642,0.00042544183088466525
7281,-1.9096239805221558,0.00042316303006373346
7282,-1.9045569896697998,0.00042096665129065514
7283,-1.9245569705963135,0.0004189112223684788
7284,-1.8794900178909302,0.00041693783714435995
7285,-1.9245569705963135,0.0004147245199419558
7286,-1.8496229648590088,0.00041290753870271146
7287,-1.9245569705963135,0.00041131628677248955
7288,-1.8496229648590088,0.00040960725164040923
7289,-1.8997570276260376,0.0004079373902641237
7290,-1.874690055847168,0.00040621962398290634
7291,-1.9045569896697998,0.0004048444679938257
7292,-1.8794900178909302,0.00040345173329114914
7293,-1.949623942375183,0.00040217419154942036
7294,-1.874690055847168,0.0004009176918771118
7295,-1.8997570276260376,0.0003996376763097942
7296,-1.874690055847168,0.000398428353946656
7297,-1.8997570276260376,0.0003972745034843683
7298,-1.9096239805221558,0.00039611366810277104
7299,-1.9346909523010254,0.0003948282392229885
7300,-1.889623999595642,0.0003932291583623737
7301,-1.949623942375183,0.00039155324338935316
7302,-1.889623999595642,0.0003900059964507818
7303,-1.8997570276260376,0.00038839178159832954
7304,-1.8496229648590088,0.000386359344702214
7305,-1.9397579431533813,0.00038451803266070783
7306,-1.8496229648590088,0.0003828792832791805
7307,-1.9146909713745117,0.00038115502684377134
7308,-1.8546899557113647,0.00037899622111581266
7309,-1.874690055847168,0.0003771369229070842
7310,-1.8645570278167725,0.0003754983772523701
7311,-1.9197570085525513,0.0003737637889571488
7312,-1.8594900369644165,0.0003718456719070673
7313,-1.9245569705963135,0.0003699875087477267
7314,-1.8546899557113647,0.0003683706745505333
7315,-1.9296239614486694,0.0003667152486741543
7316,-1.8946900367736816,0.0003650137805379927
7317,-1.8997570276260376,0.0003633229061961174
7318,-1.8845570087432861,0.00036184885539114475
7319,-1.9197570085525513,0.0003603522200137377
7320,-1.9197570085525513,0.0003587528190109879
7321,-1.9296239614486694,0.0003568592946976423
7322,-1.889623999595642,0.0003549206885509193
7323,-1.9397579431533813,0.0003529393579810858
7324,-1.8794900178909302,0.0003510298556648195
7325,-1.8997570276260376,0.0003488438669592142
7326,-1.8696229457855225,0.0003468042705208063
7327,-1.9096239805221558,0.0003448383358772844
7328,-1.8546899557113647,0.0003425423929002136
7329,-1.9397579431533813,0.00034013818367384374
7330,-1.8645570278167725,0.0003377893881406635
7331,-1.9045569896697998,0.00033569824881851673
7332,-1.8696229457855225,0.0003339679096825421
7333,-1.944823980331421,0.0003323274140711874
7334,-1.8845570087432861,0.00033125217305496335
7335,-1.9397579431533813,0.0003303062985651195
7336,-1.9045569896697998,0.000329058151692152
7337,-1.889623999595642,0.00032805101363919675
7338,-1.8997570276260376,0.00032682035816833377
7339,-1.9146909713745117,0.0003253431641496718
7340,-1.8794900178909302,0.0003238204517401755
7341,-1.8696229457855225,0.0003223374078515917
7342,-1.8645570278167725,0.0003210216818843037
7343,-1.9146909713745117,0.0003193373850081116
7344,-1.8645570278167725,0.00031803856836631894
7345,-1.9245569705963135,0.00031649591983295977
7346,-1.8997570276260376,0.0003145405207760632
7347,-1.889623999595642,0.00031252880580723286
7348,-1.9245569705963135,0.0003103484050370753
7349,-1.9245569705963135,0.0003082021721638739
7350,-1.8594900369644165,0.000305932539049536
7351,-1.9296239614486694,0.00030357501236721873
7352,-1.8997570276260376,0.0003010649816133082
7353,-1.8997570276260376,0.00029871342121623456
7354,-1.8645570278167725,0.0002958470140583813
7355,-1.9346909523010254,0.000292641983833164
7356,-1.889623999595642,0.0002894524368457496
7357,-1.8946900367736816,0.00028633984038606286
7358,-1.889623999595642,0.0002829603909049183
7359,-1.9397579431533813,0.0002788748242892325
7360,-1.889623999595642,0.0002745326200965792
7361,-1.9045569896697998,0.00027102301828563213
7362,-1.8946900367736816,0.000267715280642733
7363,-1.9346909523010254,0.00026402901858091354
7364,-1.874690055847168,0.0002593129756860435
7365,-1.944823980331421,0.0002545490860939026
7366,-1.8794900178909302,0.0002507136669009924
7367,-1.9597580432891846,0.0002472007763572037
7368,-1.874690055847168,0.0002433530316920951
7369,-1.9045569896697998,0.0002386053092777729
7370,-1.8696229457855225,0.00023319479078054428
7371,-1.8845570087432861,0.00022867470397613943
7372,-1.8997570276260376,0.00022463213826995343
7373,-1.9146909713745117,0.00022049449034966528
7374,-1.8696229457855225,0.00021565574570558965
7375,-1.9197570085525513,0.00021034276869613677
7376,-1.874690055847168,0.00020513412891887128
7377,-1.9146909713745117,0.00020047005091328174
7378,-1.8645570278167725,0.00019570821314118803
7379,-1.8997570276260376,0.0001903745869640261
7380,-1.8696229457855225,0.00018492543313186616
7381,-1.9296239614486694,0.00018012788495980203
7382,-1.874690055847168,0.00017548640607856214
7383,-1.9096239805221558,0.00017087138257920742
7384,-1.8794900178909302,0.00016603410767856985
7385,-1.9397579431533813,0.0001619878166820854
7386,-1.8997570276260376,0.00015807789168320596
7387,-1.9296239614486694,0.00015423097647726536
7388,-1.889623999595642,0.0001515586336608976
7389,-1.9146909713745117,0.0001494964526500553
7390,-1.889623999595642,0.00014809766435064375
7391,-1.9648250341415405,0.0001467366237193346
7392,-1.874690055847168,0.00014516392548102885
7393,-1.9296239614486694,0.00014374754391610622
7394,-1.889623999595642,0.00014229437510948628
7395,-1.9146909713745117,0.0001406082883477211
7396,-1.874690055847168,0.00013860742910765111
7397,-1.9397579431533813,0.00013644108548760414
7398,-1.9146909713745117,0.00013421825133264065
7399,-1.9296239614486694,0.00013198463420849293
7400,-1.9096239805221558,0.00012977662845514715
7401,-1.9146909713745117,0.00012758318916894495
7402,-1.8946900367736816,0.000125418184325099
7403,-1.9197570085525513,0.00012329468154348433
7404,-1.889623999595642,0.00012120650353608653
7405,-1.9146909713745117,0.00011913229536730796
7406,-1.889623999595642,0.00011710403487086296
7407,-1.9245569705963135,0.00011512257333379239
7408,-1.8496229648590088,0.00011321164492983371
7409,-1.8997570276260376,0.00011138191621284932
7410,-1.874690055847168,0.00010967479465762153
7411,-1.9045569896697998,0.00010816061694640666
7412,-1.889623999595642,0.00010707019828259945
7413,-1.4338849782943726,0.00010636898514349014
7414,-0.2818700075149536,0.00010614368511596695
7415,-0.03653400018811226,0.00010614190250635147
7416,0.22880299389362335,0.00010588966688374057
7417,0.5394729971885681,0.00010541756637394428
7418,0.6696079969406128,0.0001048109625116922
7419,0.7096089720726013,0.00010459970508236438
7420,0.9552119970321655,0.00010465403465786949
7421,1.315750002861023,0.0001053973101079464
7422,1.696287989616394,0.00010642758570611477
7423,1.7365549802780151,0.0001076655462384224
7424,1.8917570114135742,0.00010896955791395158
7425,1.8765569925308228,0.00011044112034142017
7426,1.8866900205612183,0.00011242499022046104
7427,1.8266890048980713,0.00011439047375461087
7428,1.856557011604309,0.00011695160355884582
7429,1.8066890239715576,0.00011982497380813584
7430,1.8216229677200317,0.00012248879647813737
7431,1.7565549612045288,0.00012502532626967877
7432,1.7765560150146484,0.00012804350990336388
7433,1.7213549613952637,0.00013106651022098958
7434,1.7616219520568848,0.00013360287994146347
7435,1.7514890432357788,0.00013659661635756493
7436,1.8314900398254395,0.0001395614817738533
7437,1.8165559768676758,0.00014240613381844014
7438,1.856557011604309,0.00014502447447739542
7439,1.8365559577941895,0.00014756745076738298
7440,1.8917570114135742,0.00015007292677182704
7441,1.8416229486465454,0.00015205750241875648
7442,1.9218909740447998,0.00015379060641862452
7443,1.8917570114135742,0.0001549490261822939
7444,1.9317569732666016,0.0001565590500831604
7445,1.9016239643096924,0.0001579444797243923
7446,1.9466910362243652,0.00015912414528429508
7447,1.9168239831924438,0.00016004289500415325
7448,1.9317569732666016,0.00016094758757390082
7449,1.906690001487732,0.00016122576198540628
7450,1.9466910362243652,0.00016273869550786912
7451,1.8917570114135742,0.00016395081183873117
7452,1.9016239643096924,0.00016565225087106228
7453,1.8765569925308228,0.0001667235919740051
7454,1.8866900205612183,0.00016845902428030968
7455,1.856557011604309,0.00016985151160042733
7456,1.911756992340088,0.00017127441242337227
7457,1.8917570114135742,0.00017409012070856988
7458,1.8917570114135742,0.00017635330732446164
7459,1.8666900396347046,0.0001795700954971835
7460,1.906690001487732,0.0001840284967329353
7461,1.8314900398254395,0.00018820524564944208
7462,1.856557011604309,0.00019372007227502763
7463,1.8114889860153198,0.0001982618123292923
7464,1.846690058708191,0.00020294349815230817
7465,1.7616219520568848,0.00020870573644060642
7466,1.856557011604309,0.00021306765847839415
7467,1.8266890048980713,0.00021782229305244982
7468,1.8616230487823486,0.0002224204654339701
7469,1.8266890048980713,0.0002265919465571642
7470,1.8314900398254395,0.0002344536333112046
7471,1.856557011604309,0.00024103745818138123
7472,1.8917570114135742,0.0002504072617739439
7473,1.8066890239715576,0.0002596369886305183
7474,1.856557011604309,0.0002693695423658937
7475,1.7314879894256592,0.00028060958720743656
7476,0.8498769998550415,0.00029177701799198985
7477,0.05866700038313866,0.00030676228925585747
7478,-0.05653399974107742,0.00032207422191277146
7479,-0.44213899970054626,0.00034602987580001354
7480,-0.637607991695404,0.0003830207569990307
7481,-0.7928100228309631,0.0004276725521776825
7482,-0.8229439854621887,0.0004830740508623421
7483,-1.1533479690551758,0.0005745448870584369
7484,-1.5389529466629028,0.0006055652629584074
7485,-1.7493549585342407,0.0006230094586499035
7486,-1.8045560121536255,0.0006373008945956826
7487,-1.9648250341415405,0.0006507112411782146
7488,-1.8997570276260376,0.0006647572154179215
7489,-1.8946900367736816,0.0006778722163289785
7490,-1.8496229648590088,0.000690894783474505
7491,-1.9146909713745117,0.0007034743903204799
7492,-1.8794900178909302,0.0007172122714109719
7493,-1.8594900369644165,0.0007313779788091779
7494,-1.7994890213012695,0.000746309757232666
7495,-1.8245559930801392,0.0007599866949021816
7496,-1.7794890403747559,0.0007734660757705569
7497,-1.8594900369644165,0.0007860674522817135
7498,-1.8394900560379028,0.0007985547417774796
7499,-1.889623999595642,0.0008103456348180771
7500,-1.9045569896697998,0.0008223527111113071
7501,-1.9096239805221558,0.0008339968626387417
7502,-1.8645570278167725,0.0009244664688594639
7503,-1.9546910524368286,0.000971666187979281
7504,-1.9346909523010254,0.0010030957637354732
7505,-1.9797580242156982,0.0010242178104817867
7506,-1.9296239614486694,0.001041783718392253
7507,-1.9898920059204102,0.0010541360825300217
7508,-1.9597580432891846,0.0010660822736099362
7509,-2.0298919677734375,0.0010783469770103693
7510,-1.949623942375183,0.001088191056624055
7511,-1.9898920059204102,0.0010995033662766218
7512,-1.949623942375183,0.0011086433660238981
7513,-1.999758005142212,0.0011167889460921288
7514,-1.9546910524368286,0.0011260597966611385
7515,-1.9746910333633423,0.0011324846418574452
7516,-1.9546910524368286,0.0011389539577066898
7517,-1.9648250341415405,0.0011435505002737045
7518,-1.9346909523010254,0.001147568691521883
7519,-1.9597580432891846,0.0011498068924993277
7520,-1.8997570276260376,0.0011520573170855641
7521,-1.9397579431533813,0.0011533868964761496
7522,-1.9045569896697998,0.001155192730948329
7523,-1.9296239614486694,0.0011573730735108256
7524,-1.8997570276260376,0.0011593252420425415
7525,-1.8946900367736816,0.0011624251492321491
7526,-1.8696229457855225,0.0011656114365905523
7527,-1.8997570276260376,0.0011698325397446752
7528,-1.8997570276260376,0.0011745495721697807
7529,-1.9096239805221558,0.0011794707970693707
7530,-1.889623999595642,0.0011846788693219423
7531,-1.9146909713745117,0.001188867725431919
7532,-1.8594900369644165,0.0011935713700950146
7533,-1.9146909713745117,0.00119705346878618
7534,-1.8845570087432861,0.0012000781716778874
7535,-1.9296239614486694,0.001202653395012021
7536,-1.8645570278167725,0.0012051432859152555
7537,-1.8794900178909302,0.0012074423721060157
7538,-1.8696229457855225,0.0012101598549634218
7539,-1.9197570085525513,0.0012129778042435646
7540,-1.8696229457855225,0.0012161519844084978
7541,-1.9096239805221558,0.0012187386164441705
7542,-1.8645570278167725,0.0012210584245622158
7543,-1.9096239805221558,0.0012227323604747653
7544,-1.8594900369644165,0.001224846811965108
7545,-1.8946900367736816,0.0012270133011043072
7546,-1.874690055847168,0.0012287846766412258
7547,-1.8997570276260376,0.0012303751427680254
7548,-1.8696229457855225,0.0012316762004047632
7549,-1.9045569896697998,0.0012329353485256433
7550,-1.8546899557113647,0.0012339018285274506
7551,-1.9045569896697998,0.001234893687069416
7552,-1.8645570278167725,0.0012356746010482311
7553,-1.889623999595642,0.0012365938164293766
7554,-1.8794900178909302,0.0012376114027574658
7555,-1.8794900178909302,0.0012389910407364368
7556,-1.8496229648590088,0.0012403966393321753
7557,-1.9296239614486694,0.0012420518323779106
7558,-1.8445559740066528,0.0012434807140380144
7559,-1.8946900367736816,0.0012452809605747461
7560,-1.8645570278167725,0.0012465406907722354
7561,-1.9245569705963135,0.0012479262659326196
7562,-1.8496229648590088,0.0012492422247305512
7563,-1.9245569705963135,0.0012505152262747288
7564,-1.889623999595642,0.0012519515585154295
7565,-1.9346909523010254,0.0012531570391729474
7566,-1.8546899557113647,0.0012546561192721128
7567,-1.9045569896697998,0.0012558436719700694
7568,-1.8394900560379028,0.0012569621903821826
7569,-1.9197570085525513,0.0012578192399814725
7570,-1.8645570278167725,0.001258498290553689
7571,-1.9197570085525513,0.001259131939150393
7572,-1.8344229459762573,0.0012597054010257125
7573,-1.9197570085525513,0.0012600983027368784
7574,-1.8645570278167725,0.0012603612849488854
7575,-1.9245569705963135,0.0012605444062501192
7576,-1.889623999595642,0.0012606550008058548
7577,-1.8997570276260376,0.001260730903595686
7578,-1.8946900367736816,0.0012607837561517954
7579,-1.9045569896697998,0.0012608245015144348
7580,-1.8845570087432861,0.0012608570978045464
7581,-1.9397579431533813,0.0012608764227479696
7582,-1.874690055847168,0.0012608878314495087
7583,-1.9146909713745117,0.0012608892284333706
7584,-1.8645570278167725,0.0012608901597559452
7585,-1.9096239805221558,0.001260884921066463
7586,-1.8794900178909302,0.0012608827091753483
7587,-1.9045569896697998,0.001260878168977797
7588,-1.9045569896697998,0.0012608757242560387
7589,-1.9245569705963135,0.0012608751421794295
7590,-1.8794900178909302,0.0012608764227479696
7591,-1.9245569705963135,0.0012608824763447046
7592,-1.889623999595642,0.0012608898105099797
7593,-1.9597580432891846,0.001260903081856668
7594,-1.8645570278167725,0.0012609136756509542
7595,-1.949623942375183,0.0012609325349330902
7596,-1.889623999595642,0.0012609504628926516
7597,-1.8997570276260376,0.0012609725818037987
7598,-1.8546899557113647,0.0012610000558197498
7599,-1.9245569705963135,0.001261032884940505
7600,-1.874690055847168,0.001261065248399973
7601,-1.889623999595642,0.0012610992416739464
7602,-1.8794900178909302,0.0012611375423148274
7603,-1.8997570276260376,0.0012611723504960537
7604,-1.8645570278167725,0.001261203782632947
7605,-1.9245569705963135,0.0012612373102456331
7606,-1.8794900178909302,0.0012612647842615843
7607,-1.9346909523010254,0.0012612870195880532
7608,-1.8845570087432861,0.0012613097205758095
7609,-1.9146909713745117,0.001261328812688589
7610,-1.9045569896697998,0.0012613451108336449
7611,-1.8997570276260376,0.0012613581493496895
7612,-1.8997570276260376,0.0012613700237125158
7613,-1.9546910524368286,0.0012613808503374457
7614,-1.874690055847168,0.0012613838771358132
7615,-1.9346909523010254,0.0012613863218575716
7616,-1.9197570085525513,0.001261388068087399
7617,-1.944823980331421,0.0012613852741196752
7618,-1.8845570087432861,0.0012613814324140549
7619,-1.9397579431533813,0.0012613761937245727
7620,-1.8946900367736816,0.001261374563910067
7621,-1.9397579431533813,0.0012613730505108833
7622,-1.949623942375183,0.0012613767758011818
7623,-1.9245569705963135,0.001261374563910067
7624,-1.9197570085525513,0.0012613756116479635
7625,-1.9346909523010254,0.0012613768922165036
7626,-1.9146909713745117,0.001261378638446331
7627,-1.949623942375183,0.001261380035430193
7628,-1.8794900178909302,0.001261380035430193
7629,-1.9397579431533813,0.0012613822473213077
7630,-1.9245569705963135,0.0012613858561962843
7631,-1.9296239614486694,0.0012613852741196752
7632,-1.8845570087432861,0.0012613851577043533
7633,-1.9146909713745117,0.0012613856233656406
7634,-1.8997570276260376,0.0012613874860107899
7635,-1.9045569896697998,0.0012613886501640081
7636,-1.889623999595642,0.0012613933067768812
7637,-1.9296239614486694,0.001261395518667996
7638,-1.8496229648590088,0.0012613963335752487
7639,-1.9397579431533813,0.0012613997096195817
7640,-1.8696229457855225,0.0012614000588655472
7641,-1.9146909713745117,0.0012613984290510416
7642,-1.874690055847168,0.0012613986618816853
7643,-1.9146909713745117,0.001261397497728467
7644,-1.8546899557113647,0.0012613963335752487
7645,-1.9197570085525513,0.001261398196220398
7646,-1.8645570278167725,0.0012613998260349035
7647,-1.9045569896697998,0.0012614000588655472
7648,-1.8645570278167725,0.0012614043662324548
7649,-1.9245569705963135,0.0012614078586921096
7650,-1.889623999595642,0.0012614107690751553
7651,-1.9197570085525513,0.0012614147271960974
7652,-1.8645570278167725,0.0012614186853170395
7653,-1.9296239614486694,0.0012614221777766943
7654,-1.9045569896697998,0.001261427067220211
7655,-1.9146909713745117,0.0012614320730790496
7656,-1.8394900560379028,0.0012614396400749683
7657,-1.8997570276260376,0.0012614489533007145
7658,-1.889623999595642,0.0012614561710506678
7659,-1.9045569896697998,0.0012614597799256444
7660,-1.889623999595642,0.0012614631559699774
7661,-1.949623942375183,0.0012614601291716099
7662,-1.8794900178909302,0.0012614214792847633
7663,-1.9146909713745117,0.0012613368453457952
7664,-1.874690055847168,0.0012611777056008577
7665,-1.9746910333633423,0.0012609215918928385
7666,-1.9096239805221558,0.00126053171698004
7667,-1.944823980331421,0.0012599669862538576
7668,-1.8794900178909302,0.0012590190162882209
7669,-1.9296239614486694,0.0012576691806316376
7670,-1.9146909713745117,0.0012560326140373945
7671,-1.949623942375183,0.001254336442798376
7672,-1.8794900178909302,0.0012526605278253555
7673,-1.9296239614486694,0.001251012901775539
7674,-1.8645570278167725,0.0012491680681705475
7675,-1.9197570085525513,0.0012468229979276657
7676,-1.889623999595642,0.001244699233211577
7677,-1.9146909713745117,0.0012423263397067785
7678,-1.889623999595642,0.0012398692779242992
7679,-1.9296239614486694,0.001237264834344387
7680,-1.8946900367736816,0.001234562834724784
7681,-1.9245569705963135,0.0012318495428189635
7682,-1.8997570276260376,0.0012289430014789104
7683,-1.9045569896697998,0.0012262777891010046
7684,-1.8794900178909302,0.0012232230510562658
7685,-1.9397579431533813,0.0012198756448924541
7686,-1.8997570276260376,0.001216743839904666
7687,-1.9397579431533813,0.0012137225130572915
7688,-1.8645570278167725,0.001210206770338118
7689,-1.9346909523010254,0.0012066656490787864
7690,-1.9045569896697998,0.001203617313876748
7691,-1.9648250341415405,0.001200100639835
7692,-1.8946900367736816,0.0011965966550633311
7693,-1.9648250341415405,0.001193197094835341
7694,-1.9146909713745117,0.001190032809972763
7695,-1.9296239614486694,0.0011869447771459818
7696,-1.874690055847168,0.0011839328799396753
7697,-1.9546910524368286,0.0011814616154879332
7698,-1.9197570085525513,0.0011792853474617004
7699,-1.9597580432891846,0.001177675323560834
7700,-1.9045569896697998,0.0011755306040868163
7701,-1.9296239614486694,0.0011735506122931838
7702,-1.8997570276260376,0.0011716005392372608
7703,-1.9296239614486694,0.0011696652509272099
7704,-1.8946900367736816,0.0011672759428620338
7705,-1.9245569705963135,0.0011649536900222301
7706,-1.8645570278167725,0.0011613594833761454
7707,-1.9245569705963135,0.0011577039258554578
7708,-1.8946900367736816,0.001153604476712644
7709,-1.949623942375183,0.001150484080426395
7710,-1.889623999595642,0.0011468350421637297
7711,-1.9397579431533813,0.0011432773899286985
7712,-1.9045569896697998,0.0011398836504667997
7713,-1.9746910333633423,0.001134988502599299
7714,-1.8794900178909302,0.001130877179093659
7715,-1.9245569705963135,0.001126159098930657
7716,-1.9045569896697998,0.001120203174650669
7717,-1.9397579431533813,0.0011149338679388165
7718,-1.8946900367736816,0.001108392607420683
7719,-1.9045569896697998,0.0011028569424524903
7720,-1.9245569705963135,0.0010974738979712129
7721,-1.949623942375183,0.0010907093528658152
7722,-1.9397579431533813,0.0010854755528271198
7723,-1.9746910333633423,0.0010792932007461786
7724,-1.9045569896697998,0.001073384890332818
7725,-1.9096239805221558,0.0010674766963347793
7726,-1.889623999595642,0.0010582241229712963
7727,-1.9296239614486694,0.0010499705094844103
7728,-1.889623999595642,0.0010393087286502123
7729,-1.9597580432891846,0.0010288129560649395
7730,-1.9197570085525513,0.0010176666546612978
7731,-1.9296239614486694,0.0010052365250885487
7732,-1.8845570087432861,0.000992460991255939
7733,-1.9746910333633423,0.0009762747795321047
7734,-1.9197570085525513,0.0009596363524906337
7735,-1.949623942375183,0.0009343652636744082
7736,-1.9045569896697998,0.0008962452411651611
7737,-1.949623942375183,0.0008505777223035693
7738,-1.8946900367736816,0.0007944447570480406
7739,-1.9245569705963135,0.0007023549405857921
7740,-1.9245569705963135,0.0006707378197461367
7741,-1.944823980331421,0.0006528830272145569
7742,-1.8997570276260376,0.0006383147556334734
7743,-1.9648250341415405,0.000624719075858593
7744,-1.874690055847168,0.0006105610518716276
7745,-1.9296239614486694,0.0005973723600618541
7746,-1.9096239805221558,0.0005842942628078163
7747,-1.9296239614486694,0.0005716762389056385
7748,-1.8946900367736816,0.0005579177523031831
7749,-1.9146909713745117,0.0005437544314190745
7750,-1.9045569896697998,0.0005288658430799842
7751,-1.9146909713745117,0.0005152719095349312
7752,-1.8645570278167725,0.0005019727977924049
7753,-1.9397579431533813,0.0004896659520454705
7754,-1.8594900369644165,0.000477610738016665
7755,-1.949623942375183,0.0004664614680223167
7756,-1.889623999595642,0.00045553449308499694
7757,-1.188547968864441,0.0004453781875781715
7758,-0.13680200278759003,0.0003566011437214911
7759,0.04853399842977524,0.0003111917176283896
7760,0.3141370117664337,0.000281400338280946
7761,0.5744069814682007,0.00026201107539236546
7762,0.714676022529602,0.00024640452465973794
7763,0.7749429941177368,0.00023635276011191308
7764,0.9952120184898376,0.0002264866343466565
7765,1.4008179903030396,0.0002168025093851611
7766,1.70135498046875,0.00020947268058080226
7767,1.781622052192688,0.0002007585426326841
7768,1.9418909549713135,0.00019434335990808904
7769,1.8416229486465454,0.0001888886617962271
7770,1.8314900398254395,0.0001824041100917384
7771,1.8266890048980713,0.00017865057452581823
7772,1.846690058708191,0.00017532729543745518
7773,1.796555995941162,0.00017411200678907335
7774,1.796555995941162,0.00017309546819888055
7775,1.7264219522476196,0.00017395251779817045
7776,1.7864220142364502,0.00017541593115311116
7777,1.7114880084991455,0.00017742937779985368
7778,1.7864220142364502,0.00017875083722174168
7779,1.801622986793518,0.0001801437174435705
7780,1.846690058708191,0.0001818249875213951
7781,1.8365559577941895,0.0001820668112486601
7782,1.8616230487823486,0.00018194317817687988
7783,1.8266890048980713,0.00018098493455909193
7784,1.8968240022659302,0.00017911414033733308
7785,1.8666900396347046,0.00017678039148449898
7786,1.9317569732666016,0.00017358059994876385
7787,1.8816239833831787,0.0001711096556391567
7788,1.9218909740447998,0.0001687238400336355
7789,1.906690001487732,0.00016736341058276594
7790,1.9768249988555908,0.00016623052943032235
7791,1.9218909740447998,0.00016582982789259404
7792,1.9168239831924438,0.00016564992256462574
7793,1.8816239833831787,0.0001659216359257698
7794,1.9368239641189575,0.00016692886129021645
7795,1.8866900205612183,0.00016801967285573483
7796,1.9218909740447998,0.00016851304098963737
7797,1.8666900396347046,0.00016906182281672955
7798,1.9218909740447998,0.00017088923777919263
7799,1.8866900205612183,0.0001725754700601101
7800,1.9368239641189575,0.00017413924797438085
7801,1.8765569925308228,0.00017679529264569283
7802,1.8866900205612183,0.0001791516988305375
7803,1.8416229486465454,0.00018281149095855653
7804,1.8314900398254395,0.00018708128482103348
7805,1.8266890048980713,0.000191311672097072
7806,1.8717570304870605,0.00019719134434126318
7807,1.8165559768676758,0.00020147689792793244
7808,1.8616230487823486,0.0002065594308078289
7809,1.8114889860153198,0.00021172261040192097
7810,1.856557011604309,0.00021606520749628544
7811,1.8066890239715576,0.00022171360615175217
7812,1.8365559577941895,0.0002260263281641528
7813,1.8066890239715576,0.00023102489649318159
7814,1.8717570304870605,0.0002384747058385983
7815,1.796555995941162,0.00024566068896092474
7816,1.8416229486465454,0.00025647273287177086
7817,1.796555995941162,0.0002662041806615889
7818,1.8717570304870605,0.0002774255408439785
7819,1.5610860586166382,0.000289524148683995
7820,0.5194730162620544,0.00030144015909172595
7821,0.008533000014722347,0.00031620319350622594
7822,-0.15173499286174774,0.0003321983967907727
7823,-0.5474740266799927,0.0003580127377063036
7824,-0.6525409817695618,0.0003952770493924618
7825,-0.8128100037574768,0.00044118426740169525
7826,-0.8978779911994934,0.0005066916928626597
7827,-1.2736159563064575,0.0005810133880004287
7828,-1.6242870092391968,0.0006006935727782547
7829,-1.8045560121536255,0.0006087851943448186
7830,-1.8997570276260376,0.0006177642499096692
7831,-1.9546910524368286,0.000626946915872395
7832,-1.9146909713745117,0.0006366312736645341
7833,-1.9848250150680542,0.0006464021280407906
7834,-1.889623999595642,0.000656772986985743
7835,-1.889623999595642,0.0006662862142547965
7836,-1.8546899557113647,0.0006759677198715508
7837,-1.8696229457855225,0.000685009581502527
7838,-1.8496229648590088,0.0006944447522982955
7839,-1.8496229648590088,0.0007035063463263214
7840,-1.7994890213012695,0.0007131401216611266
7841,-1.8496229648590088,0.0007212575292214751
7842,-1.8496229648590088,0.0007301549194380641
7843,-1.9245569705963135,0.0007384185446426272
7844,-1.874690055847168,0.0007468672702088952
7845,-1.9245569705963135,0.0007549902657046914
7846,-1.8794900178909302,0.0008446318679489195
7847,-1.9245569705963135,0.0008811812149360776
7848,-1.9296239614486694,0.0009127038647420704
7849,-1.9597580432891846,0.0009336306829936802
7850,-1.949623942375183,0.0009506176575087011
7851,-1.9746910333633423,0.0009631008142605424
7852,-1.9546910524368286,0.0009754819329828024
7853,-2.009891986846924,0.0009873141534626484
7854,-1.9648250341415405,0.0009971924591809511
7855,-1.9746910333633423,0.0010089727584272623
7856,-1.9698909521102905,0.0010179909877479076
7857,-2.0048251152038574,0.001026236917823553
7858,-1.9245569705963135,0.0010350014781579375
7859,-1.999758005142212,0.0010412988485768437
7860,-1.9045569896697998,0.001048028701916337
7861,-1.9746910333633423,0.0010524289682507515
7862,-1.949623942375183,0.0010566269047558308
7863,-1.9698909521102905,0.0010587474098429084
7864,-1.9045569896697998,0.0010608595330268145
7865,-1.9546910524368286,0.0010622823610901833
7866,-1.9096239805221558,0.001064049662090838
7867,-1.9197570085525513,0.0010665261652320623
7868,-1.8794900178909302,0.001068592886440456
7869,-1.9245569705963135,0.0010721326107159257
7870,-1.8645570278167725,0.001075430423952639
7871,-1.9146909713745117,0.001080074580386281
7872,-1.8496229648590088,0.0010847365483641624
7873,-1.9197570085525513,0.0010898904874920845
7874,-1.874690055847168,0.0010948155540972948
7875,-1.9397579431533813,0.0010990092996507883
7876,-1.8645570278167725,0.0011039236560463905
7877,-1.9146909713745117,0.0011072329943999648
7878,-1.8794900178909302,0.0011103623546659946
7879,-1.9245569705963135,0.0011127701727673411
7880,-1.889623999595642,0.0011152580846101046
7881,-1.9346909523010254,0.001117529347538948
7882,-1.8845570087432861,0.0011204557958990335
7883,-1.9146909713745117,0.001123373513109982
7884,-1.8845570087432861,0.0011264372151345015
7885,-1.9096239805221558,0.0011290968395769596
7886,-1.874690055847168,0.0011312714777886868
7887,-1.9146909713745117,0.0011329847620800138
7888,-1.8794900178909302,0.0011353353038430214
7889,-1.9296239614486694,0.0011375698959454894
7890,-1.8794900178909302,0.0011392505839467049
7891,-1.9296239614486694,0.0011409674771130085
7892,-1.8496229648590088,0.0011422175448387861
7893,-1.9296239614486694,0.001143625588156283
7894,-1.874690055847168,0.0011446260614320636
7895,-1.9197570085525513,0.0011455196654424071
7896,-1.8645570278167725,0.0011463960399851203
7897,-1.9146909713745117,0.0011472932528704405
7898,-1.8794900178909302,0.0011484450660645962
7899,-1.9197570085525513,0.0011497840750962496
7900,-1.9096239805221558,0.001151304692029953
7901,-1.889623999595642,0.001152862561866641
7902,-1.889623999595642,0.0011543489526957273
7903,-1.9245569705963135,0.0011559994891285896
7904,-1.8997570276260376,0.0011572507210075855
7905,-1.9346909523010254,0.001158767961896956
7906,-1.8997570276260376,0.0011600407306104898
7907,-1.949623942375183,0.0011614037211984396
7908,-1.9197570085525513,0.0011627483181655407
7909,-1.9797580242156982,0.0011640186421573162
7910,-1.9146909713745117,0.0011654766276478767
7911,-1.9296239614486694,0.0011666573118418455
7912,-1.874690055847168,0.001167770242318511
7913,-1.9546910524368286,0.0011685765348374844
7914,-1.8845570087432861,0.0011692442931234837
7915,-1.9296239614486694,0.0011699015740305185
7916,-1.8845570087432861,0.001170437317341566
7917,-1.9045569896697998,0.0011708028614521027
7918,-1.8997570276260376,0.0011710559483617544
7919,-1.9296239614486694,0.0011712106643244624
7920,-1.889623999595642,0.001171314506791532
7921,-1.9096239805221558,0.0011714032152667642
7922,-1.8645570278167725,0.0011714708525687456
7923,-1.9648250341415405,0.0011715275468304753
7924,-1.8946900367736816,0.0011715777218341827
7925,-1.9245569705963135,0.0011716121807694435
7926,-1.8946900367736816,0.0011716410517692566
7927,-1.9346909523010254,0.001171658979728818
7928,-1.8946900367736816,0.0011716760927811265
7929,-1.9045569896697998,0.001171686453744769
7930,-1.889623999595642,0.001171698677353561
7931,-1.9197570085525513,0.001171706710010767
7932,-1.8845570087432861,0.0011717198649421334
7933,-1.9346909523010254,0.001171739655546844
7934,-1.8845570087432861,0.001171769923530519
7935,-1.949623942375183,0.0011718058958649635
7936,-1.889623999595642,0.0011718414025381207
7937,-1.9197570085525513,0.0011718752793967724
7938,-1.8794900178909302,0.0011719110189005733
7939,-1.9146909713745117,0.0011719479225575924
7940,-1.8645570278167725,0.0011719935573637486
7941,-1.9397579431533813,0.0011720452457666397
7942,-1.9146909713745117,0.001172106945887208
7943,-1.9146909713745117,0.0011721736518666148
7944,-1.9045569896697998,0.0011722517665475607
7945,-1.9245569705963135,0.0011723270872607827
7946,-1.8946900367736816,0.0011724017094820738
7947,-1.9146909713745117,0.0011724720243364573
7948,-1.9045569896697998,0.0011725351214408875
7949,-1.9296239614486694,0.0011725854128599167
7950,-1.8794900178909302,0.0011726301163434982
7951,-1.949623942375183,0.0011726666707545519
7952,-1.9045569896697998,0.0011726979864761233
7953,-1.9146909713745117,0.0011727232486009598
7954,-1.874690055847168,0.0011727517703548074
7955,-1.9346909523010254,0.001172784948721528
7956,-1.889623999595642,0.0011728226672858
7957,-1.9648250341415405,0.0011728635290637612
7958,-1.889623999595642,0.0011728996178135276
7959,-1.9397579431533813,0.001172930933535099
7960,-1.8946900367736816,0.0011729564284905791
7961,-1.944823980331421,0.001172975404188037
7962,-1.8794900178909302,0.001172991469502449
7963,-1.9197570085525513,0.0011730026453733444
7964,-1.874690055847168,0.0011730140540748835
7965,-1.9397579431533813,0.0011730242986232042
7966,-1.8594900369644165,0.00117303931619972
7967,-1.9546910524368286,0.0011730536352843046
7968,-1.8946900367736816,0.0011730697005987167
7969,-1.9397579431533813,0.001173084951005876
7970,-1.8845570087432861,0.0011731035774573684
7971,-1.949623942375183,0.001173121389001608
7972,-1.874690055847168,0.0011731341946870089
7973,-1.9397579431533813,0.0011731463018804789
7974,-1.8845570087432861,0.0011731588747352362
7975,-1.9648250341415405,0.001173167023807764
7976,-1.8794900178909302,0.0011731728445738554
7977,-1.9346909523010254,0.0011731800623238087
7978,-1.9045569896697998,0.0011731882113963366
7979,-1.944823980331421,0.0011731977574527264
7980,-1.8645570278167725,0.0011732123093679547
7981,-1.949623942375183,0.001173228258267045
7982,-1.874690055847168,0.001173244439996779
7983,-1.9245569705963135,0.001173259923234582
7984,-1.889623999595642,0.0011732798302546144
7985,-1.9397579431533813,0.001173298223875463
7986,-1.9045569896697998,0.001173318480141461
7987,-1.9096239805221558,0.0011733376886695623
7988,-1.8946900367736816,0.0011733586434274912
7989,-1.9397579431533813,0.0011733787832781672
7990,-1.9096239805221558,0.0011733996216207743
7991,-1.949623942375183,0.0011734184809029102
7992,-1.8594900369644165,0.0011734371073544025
7993,-1.949623942375183,0.0011734538711607456
7994,-1.8794900178909302,0.0011734685394912958
7995,-1.949623942375183,0.0011734800646081567
7996,-1.8794900178909302,0.0011734915897250175
7997,-1.9397579431533813,0.001173502067103982
7998,-1.9045569896697998,0.001173514174297452
7999,-1.9146909713745117,0.001173527562059462
8000,-1.9146909713745117,0.0011735465377569199
8001,-1.9346909523010254,0.0011735623702406883
8002,-1.8946900367736816,0.0011735812295228243
8003,-1.9546910524368286,0.0011735988082364202
8004,-1.9245569705963135,0.001173615688458085
8005,-1.949623942375183,0.0011736223241314292
8006,-1.9045569896697998,0.0011735986918210983
8007,-1.944823980331421,0.0011735460720956326
8008,-1.9296239614486694,0.0011734012514352798
8009,-1.9597580432891846,0.0011731479316949844
8010,-1.9197570085525513,0.0011727579403668642
8011,-1.949623942375183,0.001172157353721559
8012,-1.9045569896697998,0.0011711199767887592
8013,-1.9648250341415405,0.0011696710716933012
8014,-1.9096239805221558,0.0011680158786475658
8015,-1.9397579431533813,0.0011662626639008522
8016,-1.9146909713745117,0.0011646563652902842
8017,-1.9546910524368286,0.0011629469227045774
8018,-1.8997570276260376,0.0011610095389187336
8019,-1.9597580432891846,0.0011587260523810983
8020,-1.9197570085525513,0.0011566588655114174
8021,-1.9397579431533813,0.0011540865525603294
8022,-1.9096239805221558,0.0011515738442540169
8023,-1.9346909523010254,0.0011489721946418285
8024,-1.889623999595642,0.0011462508700788021
8025,-1.9746910333633423,0.0011435634223744273
8026,-1.889623999595642,0.0011407854035496712
8027,-1.944823980331421,0.0011381241492927074
8028,-1.9045569896697998,0.0011349929263815284
8029,-1.9346909523010254,0.0011316242162138224
8030,-1.889623999595642,0.0011286380467936397
8031,-1.944823980331421,0.0011255559511482716
8032,-1.8997570276260376,0.0011218558065593243
8033,-1.9746910333633423,0.0011185274925082922
8034,-1.8645570278167725,0.0011154159437865019
8035,-1.944823980331421,0.0011118643451482058
8036,-1.8845570087432861,0.0011082547716796398
8037,-1.9346909523010254,0.0011049396125599742
8038,-1.9045569896697998,0.0011019052471965551
8039,-1.9346909523010254,0.0010986713459715247
8040,-1.889623999595642,0.001095860730856657
8041,-1.949623942375183,0.0010933082085102797
8042,-1.9146909713745117,0.0010913389269262552
8043,-1.949623942375183,0.0010896591702476144
8044,-1.9096239805221558,0.001087380456738174
8045,-1.9245569705963135,0.0010852967388927937
8046,-1.8946900367736816,0.0010834467830136418
8047,-1.9245569705963135,0.0010813158005475998
8048,-1.9197570085525513,0.0010790529195219278
8049,-1.9296239614486694,0.0010765268234536052
8050,-1.8997570276260376,0.0010728484485298395
8051,-1.944823980331421,0.0010689864866435528
8052,-1.9146909713745117,0.001065367367118597
8053,-1.9597580432891846,0.0010622816625982523
8054,-1.8997570276260376,0.0010581843089312315
8055,-1.949623942375183,0.0010548727586865425
8056,-1.9045569896697998,0.001051244791597128
8057,-1.9346909523010254,0.0010464703664183617
8058,-1.9045569896697998,0.0010423935018479824
8059,-1.949623942375183,0.0010371929965913296
8060,-1.9045569896697998,0.0010316695552319288
8061,-1.949623942375183,0.001026227604597807
8062,-1.9146909713745117,0.0010194283677265048
8063,-1.9346909523010254,0.0010141957318410277
8064,-1.9045569896697998,0.001008378341794014
8065,-1.9546910524368286,0.0010023412760347128
8066,-1.9146909713745117,0.0009970241226255894
8067,-1.9546910524368286,0.0009900396689772606
8068,-1.8997570276260376,0.0009843677980825305
8069,-1.9698909521102905,0.000977757852524519
8070,-1.9197570085525513,0.0009689248981885612
8071,-1.9648250341415405,0.0009599843178875744
8072,-1.9146909713745117,0.0009479596046730876
8073,-1.9296239614486694,0.0009368886239826679
8074,-1.9096239805221558,0.0009243997046723962
8075,-1.9397579431533813,0.0009110765531659126
8076,-1.8794900178909302,0.0008977730758488178
8077,-1.9797580242156982,0.0008818525820970535
8078,-1.8997570276260376,0.0008644036133773625
8079,-1.9746910333633423,0.00083744345465675
8080,-1.874690055847168,0.0007991017773747444
8081,-1.9296239614486694,0.0007523836102336645
8082,-1.8997570276260376,0.0006862488808110356
8083,-1.9197570085525513,0.0006113427225500345
8084,-1.8794900178909302,0.0005911411135457456
8085,-1.9546910524368286,0.0005827140994369984
8086,-1.944823980331421,0.0005735263112001121
8087,-1.9746910333633423,0.0005642116302624345
8088,-1.9296239614486694,0.0005544673185795546
8089,-1.9797580242156982,0.000544670270755887
8090,-1.8794900178909302,0.000534297781996429
8091,-1.949623942375183,0.0005248005618341267
8092,-1.8845570087432861,0.000515142222866416
8093,-1.9397579431533813,0.0005061394185759127
8094,-1.8794900178909302,0.0004967768909409642
8095,-1.9648250341415405,0.00048783328384160995
8096,-1.9296239614486694,0.0004783784970641136
8097,-1.999758005142212,0.000470559811219573
8098,-1.9546910524368286,0.0004621096304617822
8099,-1.9698909521102905,0.0004545489209704101
8100,-1.7994890213012695,0.0004472423461265862
8101,-0.8277440071105957,0.0004406691004987806
8102,-0.04666699841618538,0.0003526900545693934
8103,0.043733999133110046,0.00031793155358172953
8104,0.4192050099372864,0.00028800833388231695
8105,0.6397410035133362,0.0002687982632778585
8106,0.714676022529602,0.00025389259099029005
8107,0.7546759843826294,0.00024361792020499706
8108,1.0653469562530518,0.00023336420417763293
8109,1.5010850429534912,0.00022402133618015796
8110,1.7314879894256592,0.00021673388255294412
8111,1.7914890050888062,0.00020759203471243382
8112,1.911756992340088,0.00020139571279287338
8113,1.8616230487823486,0.00019585728296078742
8114,1.8765569925308228,0.00018979251035489142
8115,1.8314900398254395,0.00018624177027959377
8116,1.846690058708191,0.00018277810886502266
8117,1.781622052192688,0.00018164017819799483
8118,1.796555995941162,0.0001804002095013857
8119,1.7162879705429077,0.00018149784591514617
8120,1.7616219520568848,0.00018310252926312387
8121,1.7064210176467896,0.00018486115732230246
8122,1.7714890241622925,0.0001862917561084032
8123,1.7565549612045288,0.0001873027067631483
8124,1.8416229486465454,0.00018881564028561115
8125,1.8165559768676758,0.0001886256504803896
8126,1.8616230487823486,0.00018832567729987204
8127,1.8165559768676758,0.00018708230345509946
8128,1.846690058708191,0.0001851060223998502
8129,1.8066890239715576,0.00018264609389007092
8130,1.8765569925308228,0.0001795826683519408
8131,1.8314900398254395,0.0001772178802639246
8132,1.8968240022659302,0.00017449026927351952
8133,1.9016239643096924,0.0001734345278237015
8134,1.9218909740447998,0.00017219656729139388
8135,1.8968240022659302,0.0001722580345813185
8136,1.9317569732666016,0.00017206245684064925
8137,1.846690058708191,0.00017265626229345798
8138,1.9317569732666016,0.00017341366037726402
8139,1.8917570114135742,0.0001747117639752105
8140,1.9266910552978516,0.00017505341384094208
8141,1.856557011604309,0.0001755972916726023
8142,1.8816239833831787,0.00017764831136446446
8143,1.851755976676941,0.00017921417020261288
8144,1.8666900396347046,0.00018081776215694845
8145,1.8216229677200317,0.00018311571329832077
8146,1.8365559577941895,0.00018564960919320583
8147,1.8114889860153198,0.0001896284520626068
8148,1.851755976676941,0.00019377353601157665
8149,1.8114889860153198,0.0001980399974854663
8150,1.8365559577941895,0.00020347573445178568
8151,1.781622052192688,0.00020780452177859843
8152,1.8114889860153198,0.00021315691992640495
8153,1.801622986793518,0.00021801042021252215
8154,1.8416229486465454,0.00022232331684790552
8155,1.796555995941162,0.00022809067741036415
8156,1.8114889860153198,0.00023215007968246937
8157,1.801622986793518,0.0002377612836426124
8158,1.8216229677200317,0.00024488777853548527
8159,1.781622052192688,0.0002524848096072674
8160,1.8165559768676758,0.0002626230998430401
8161,1.7714890241622925,0.00027179019525647163
8162,1.8114889860153198,0.00028283678693696856
8163,1.3506840467453003,0.00029468070715665817
8164,0.32400399446487427,0.0003077437577303499
8165,-0.04666699841618538,0.0003223475068807602
8166,-0.22186900675296783,0.0003411184879951179
8167,-0.637607991695404,0.0003741281689144671
8168,-0.697609007358551,0.0004108513821847737
8169,-0.8229439854621887,0.0004542209208011627
8170,-0.958145022392273,0.0005171133670955896
8171,-1.3888169527053833,0.00057922990527004
8172,-1.724287986755371,0.0005918955430388451
8173,-1.8445559740066528,0.0006011943332850933
8174,-1.9245569705963135,0.0006096011493355036
8175,-1.9597580432891846,0.0006181494100019336
8176,-1.889623999595642,0.0006267366698011756
8177,-1.9648250341415405,0.0006351491319946945
8178,-1.8946900367736816,0.0006431938381865621
8179,-1.949623942375183,0.0006517959991469979
8180,-1.8394900560379028,0.000661172904074192
8181,-1.8794900178909302,0.0006701848469674587
8182,-1.7944220304489136,0.0006790133193135262
8183,-1.8794900178909302,0.0006862198933959007
8184,-1.7994890213012695,0.000693792593665421
8185,-1.8645570278167725,0.0007002492784522474
8186,-1.8546899557113647,0.0007063751108944416
8187,-1.9746910333633423,0.0007122563547454774
8188,-1.944823980331421,0.0007181585533544421
8189,-1.9597580432891846,0.0007348358631134033
8190,-1.8845570087432861,0.0007954007014632225
8191,-1.9146909713745117,0.0008277342421934009
8192,-1.9045569896697998,0.0008524196455255151
8193,-1.9746910333633423,0.000870163959916681
8194,-1.949623942375183,0.0008838818175718188
8195,-2.0048251152038574,0.0008956585079431534
8196,-1.9648250341415405,0.0009095374261960387
8197,-2.024825096130371,0.000919701938983053
8198,-2.0048251152038574,0.0009302485850639641
8199,-2.0298919677734375,0.00094048265600577
8200,-1.9746910333633423,0.0009487073984928429
8201,-2.0149590969085693,0.0009576808661222458
8202,-1.9146909713745117,0.0009648398845456541
8203,-1.9848250150680542,0.0009709536097943783
8204,-1.9045569896697998,0.0009765566792339087
8205,-1.944823980331421,0.0009804393630474806
8206,-1.8997570276260376,0.000983291189186275
8207,-1.9546910524368286,0.0009851749055087566
8208,-1.949623942375183,0.0009865672327578068
8209,-1.9746910333633423,0.0009882388403639197
8210,-1.9296239614486694,0.0009899188298732042
8211,-1.9648250341415405,0.0009918243158608675
8212,-1.9296239614486694,0.0009941589087247849
8213,-1.944823980331421,0.0009972943225875497
8214,-1.8794900178909302,0.001000851159915328
8215,-1.9045569896697998,0.0010058148764073849
8216,-1.8845570087432861,0.0010103867389261723
8217,-1.9397579431533813,0.0010161548852920532
8218,-1.8496229648590088,0.0010204566642642021
8219,-1.9296239614486694,0.0010246953461319208
8220,-1.874690055847168,0.0010286547476425767
8221,-1.9397579431533813,0.0010316275293007493
8222,-1.8845570087432861,0.0010345192858949304
8223,-1.9346909523010254,0.0010368830990046263
8224,-1.889623999595642,0.001039327122271061
8225,-1.944823980331421,0.0010417582234367728
8226,-1.8546899557113647,0.0010445686057209969
8227,-1.9096239805221558,0.0010476383613422513
8228,-1.8794900178909302,0.0010503712110221386
8229,-1.9045569896697998,0.0010531169828027487
8230,-1.8645570278167725,0.0010549435392022133
8231,-1.9296239614486694,0.001056707464158535
8232,-1.8997570276260376,0.0010589130688458681
8233,-1.9245569705963135,0.0010610874742269516
8234,-1.8794900178909302,0.0010625715367496014
8235,-1.9397579431533813,0.001064205076545477
8236,-1.889623999595642,0.001065310905687511
8237,-1.9597580432891846,0.001066414755769074
8238,-1.8997570276260376,0.0010674081277102232
8239,-1.9296239614486694,0.0010681081330403686
8240,-1.9045569896697998,0.0010691171046346426
8241,-1.9546910524368286,0.001069944817572832
8242,-1.9045569896697998,0.0010712852235883474
8243,-1.9397579431533813,0.0010725418105721474
8244,-1.9245569705963135,0.0010742070153355598
8245,-1.9245569705963135,0.0010755927069112659
8246,-1.9146909713745117,0.0010771413799375296
8247,-1.9346909523010254,0.0010784914484247565
8248,-1.874690055847168,0.0010797108989208937
8249,-1.8946900367736816,0.0010811983374878764
8250,-1.8845570087432861,0.0010823648190125823
8251,-1.9346909523010254,0.0010838957969099283
8252,-1.8845570087432861,0.0010850762482732534
8253,-1.9245569705963135,0.0010863806819543242
8254,-1.8997570276260376,0.0010876209707930684
8255,-1.9146909713745117,0.0010887151584029198
8256,-1.889623999595642,0.001089658821001649
8257,-1.9045569896697998,0.001090355683118105
8258,-1.8997570276260376,0.001090950216166675
8259,-1.9296239614486694,0.0010915384627878666
8260,-1.874690055847168,0.0010919647756963968
8261,-1.9648250341415405,0.0010922432411462069
8262,-1.889623999595642,0.0010924185626208782
8263,-1.9597580432891846,0.0010925221722573042
8264,-1.9096239805221558,0.0010925718815997243
8265,-1.9245569705963135,0.0010925914393737912
8266,-1.8997570276260376,0.0010925853857770562
8267,-1.944823980331421,0.0010925654787570238
8268,-1.9045569896697998,0.0010925325332209468
8269,-1.9546910524368286,0.0010924905072897673
8270,-1.874690055847168,0.001092445687390864
8271,-1.9296239614486694,0.0010923977242782712
8272,-1.9045569896697998,0.0010923517402261496
8273,-1.9245569705963135,0.001092307735234499
8274,-1.8997570276260376,0.0010922627989202738
8275,-1.8997570276260376,0.0010922180954366922
8276,-1.9045569896697998,0.0010921750217676163
8277,-1.9245569705963135,0.0010921343928202987
8278,-1.9197570085525513,0.001092095859348774
8279,-1.9296239614486694,0.001092057442292571
8280,-1.8997570276260376,0.0010920176282525063
8281,-1.9648250341415405,0.00109198153950274
8282,-1.9245569705963135,0.0010919456835836172
8283,-1.9296239614486694,0.0010919093620032072
8284,-1.8997570276260376,0.0010918756015598774
8285,-1.9146909713745117,0.0010918430052697659
8286,-1.874690055847168,0.0010918120387941599
8287,-1.9397579431533813,0.001091785728931427
8288,-1.8845570087432861,0.0010917579056695104
8289,-1.9346909523010254,0.001091729965992272
8290,-1.8696229457855225,0.0010917055187746882
8291,-1.9245569705963135,0.0010916830506175756
8292,-1.9045569896697998,0.00109165720641613
8293,-1.8946900367736816,0.0010916271712630987
8294,-1.8946900367736816,0.0010915958555415273
8295,-1.944823980331421,0.0010915645398199558
8296,-1.9245569705963135,0.0010915279854089022
8297,-1.9397579431533813,0.0010914872400462627
8298,-1.8946900367736816,0.0010914434678852558
8299,-1.9397579431533813,0.0010913972510024905
8300,-1.9146909713745117,0.0010913495207205415
8301,-1.949623942375183,0.0010913042351603508
8302,-1.944823980331421,0.0010912572033703327
8303,-1.9296239614486694,0.0010912037687376142
8304,-1.8845570087432861,0.0010911468416452408
8305,-1.9397579431533813,0.0010910927085205913
8306,-1.9146909713745117,0.0010910399723798037
8307,-1.9746910333633423,0.0010909882839769125
8308,-1.9146909713745117,0.0010909338016062975
8309,-1.9397579431533813,0.001090879668481648
8310,-1.9045569896697998,0.0010908276308327913
8311,-1.9698909521102905,0.0010907743126153946
8312,-1.8946900367736816,0.0010907193645834923
8313,-1.9648250341415405,0.0010906648822128773
8314,-1.889623999595642,0.0010906087700277567
8315,-1.949623942375183,0.0010905517265200615
8316,-1.9146909713745117,0.0010904967784881592
8317,-1.9245569705963135,0.0010904400842264295
8318,-1.8794900178909302,0.0010903836227953434
8319,-1.949623942375183,0.0010903317015618086
8320,-1.889623999595642,0.0010902774520218372
8321,-1.9245569705963135,0.0010902221547439694
8322,-1.874690055847168,0.0010901710484176874
8323,-1.9546910524368286,0.0010901212226599455
8324,-1.889623999595642,0.0010900689521804452
8325,-1.9397579431533813,0.0010900169145315886
8326,-1.8997570276260376,0.0010899652261286974
8327,-1.9245569705963135,0.0010899151675403118
8328,-1.8997570276260376,0.0010898655746132135
8329,-1.949623942375183,0.0010898183099925518
8330,-1.889623999595642,0.0010897694155573845
8331,-1.9546910524368286,0.0010897214524447918
8332,-1.874690055847168,0.001089670928195119
8333,-1.9648250341415405,0.0010896231979131699
8334,-1.9096239805221558,0.0010895776795223355
8335,-1.9648250341415405,0.001089534955099225
8336,-1.8997570276260376,0.0010894916485995054
8337,-1.949623942375183,0.001089443452656269
8338,-1.8997570276260376,0.001089391065761447
8339,-1.9546910524368286,0.0010893379803746939
8340,-1.889623999595642,0.001089280704036355
8341,-1.9648250341415405,0.0010892234276980162
8342,-1.9245569705963135,0.0010891678975895047
8343,-1.9648250341415405,0.0010891135316342115
8344,-1.9245569705963135,0.0010890609119087458
8345,-1.9746910333633423,0.0010890080593526363
8346,-1.9296239614486694,0.001088954508304596
8347,-1.9597580432891846,0.0010888957185670733
8348,-1.9197570085525513,0.0010888369288295507
8349,-1.9146909713745117,0.0010887735988944769
8350,-1.8997570276260376,0.0010886865202337503
8351,-1.9546910524368286,0.0010885639348998666
8352,-1.9096239805221558,0.0010883805807679892
8353,-1.949623942375183,0.0010880798799917102
8354,-1.9197570085525513,0.001087633310817182
8355,-1.9746910333633423,0.0010869334219023585
8356,-1.9197570085525513,0.0010857925517484546
8357,-1.9797580242156982,0.001084242365323007
8358,-1.9296239614486694,0.0010825770441442728
8359,-1.9698909521102905,0.0010807770304381847
8360,-1.9045569896697998,0.0010791660752147436
8361,-1.9346909523010254,0.0010774338152259588
8362,-1.9245569705963135,0.0010753362439572811
8363,-1.949623942375183,0.001073105027899146
8364,-1.9296239614486694,0.0010709537891671062
8365,-1.9397579431533813,0.0010684356093406677
8366,-1.874690055847168,0.0010658111423254013
8367,-1.9346909523010254,0.0010631345212459564
8368,-1.8997570276260376,0.0010602767579257488
8369,-1.944823980331421,0.0010575331980362535
8370,-1.9245569705963135,0.0010547949932515621
8371,-1.9296239614486694,0.0010520120849832892
8372,-1.8997570276260376,0.0010487104300409555
8373,-1.9597580432891846,0.0010454157600179315
8374,-1.9197570085525513,0.0010424311039969325
8375,-1.9346909523010254,0.0010391860269010067
8376,-1.9096239805221558,0.0010354432743042707
8377,-1.9296239614486694,0.0010322388261556625
8378,-1.8997570276260376,0.0010290197096765041
8379,-1.944823980331421,0.001025511883199215
8380,-1.9296239614486694,0.0010219162795692682
8381,-1.9346909523010254,0.001018551061861217
8382,-1.9096239805221558,0.0010155430063605309
8383,-1.9546910524368286,0.0010121329687535763
8384,-1.9296239614486694,0.001009437721222639
8385,-1.9096239805221558,0.0010067342082038522
8386,-1.9146909713745117,0.0010048681870102882
8387,-1.9746910333633423,0.0010030349949374795
8388,-1.889623999595642,0.00100084044970572
8389,-1.8997570276260376,0.0009985771030187607
8390,-1.9197570085525513,0.0009966776706278324
8391,-1.9597580432891846,0.0009942016331478953
8392,-1.9045569896697998,0.0009919016156345606
8393,-1.9597580432891846,0.0009890281362459064
8394,-1.9197570085525513,0.0009853357914835215
8395,-1.9146909713745117,0.00098110840190202
8396,-1.9296239614486694,0.000977696618065238
8397,-1.949623942375183,0.0009744855342432857
8398,-1.9296239614486694,0.0009702509851194918
8399,-1.9346909523010254,0.0009669665014371276
8400,-1.9146909713745117,0.0009630070999264717
8401,-1.9397579431533813,0.0009584695799276233
8402,-1.889623999595642,0.0009542506304569542
8403,-1.9346909523010254,0.000948552624322474
8404,-1.8997570276260376,0.0009431529324501753
8405,-1.9296239614486694,0.0009374729124829173
8406,-1.9045569896697998,0.0009310334571637213
8407,-1.9597580432891846,0.0009258096106350422
8408,-1.9245569705963135,0.0009195817401632667
8409,-1.949623942375183,0.0009138296009041369
8410,-1.8997570276260376,0.0009083657059818506
8411,-1.9648250341415405,0.0009012622176669538
8412,-1.9397579431533813,0.0008956856909208
8413,-1.9648250341415405,0.0008885180577635765
8414,-1.9096239805221558,0.0008799053612165153
8415,-1.9346909523010254,0.0008706590160727501
8416,-1.9146909713745117,0.0008592710946686566
8417,-1.9648250341415405,0.0008485853904858232
8418,-1.8845570087432861,0.0008362620137631893
8419,-1.9397579431533813,0.0008230536477640271
8420,-1.9296239614486694,0.000808645156212151
8421,-1.949623942375183,0.0007927680853754282
8422,-1.8997570276260376,0.0007725348696112633
8423,-1.9597580432891846,0.0007383391493931413
8424,-1.9245569705963135,0.0007004959043115377
8425,-1.949623942375183,0.0006563118658959866
8426,-1.9146909713745117,0.0005927420570515096
8427,-1.9245569705963135,0.0005299615440890193
8428,-1.8594900369644165,0.0005167510826140642
8429,-1.9296239614486694,0.0005070760380476713
8430,-1.874690055847168,0.0004984122351743281
8431,-1.9546910524368286,0.0004897073959000409
8432,-1.9045569896697998,0.0004810123355127871
8433,-1.949623942375183,0.0004725062462966889
8434,-1.9296239614486694,0.00046439358266070485
8435,-1.9597580432891846,0.00045573615352623165
8436,-1.9146909713745117,0.00044631451601162553
8437,-1.9346909523010254,0.0004372979165054858
8438,-1.8997570276260376,0.0004284963069949299
8439,-1.9146909713745117,0.00042138039134442806
8440,-1.874690055847168,0.00041399995097890496
8441,-1.8997570276260376,0.00040788235492073
8442,-1.889623999595642,0.00040225390694104135
8443,-1.9197570085525513,0.00039720023050904274
8444,-1.6141539812088013,0.0003925663768313825
8445,-0.527472972869873,0.0003774699871428311
8446,-0.04160099849104881,0.00031855780980549753
8447,0.12373500317335129,0.00028790952637791634
8448,0.5245400071144104,0.000264802947640419
8449,0.6245409846305847,0.00024879854754544795
8450,0.7346760034561157,0.0002373660245211795
8451,0.8349440097808838,0.0002276831364724785
8452,1.2405489683151245,0.00021601507614832371
8453,1.5912200212478638,0.0002082830760627985
8454,1.7616219520568848,0.00020029908046126366
8455,1.8114889860153198,0.00019267613242845982
8456,1.9016239643096924,0.00018716005433816463
8457,1.8416229486465454,0.00018096063286066055
8458,1.856557011604309,0.0001764153130352497
8459,1.8266890048980713,0.0001731485390337184
8460,1.8616230487823486,0.0001708766503725201
8461,1.781622052192688,0.00017015417688526213
8462,1.7765560150146484,0.00017025918350555003
8463,1.70135498046875,0.0001717139093670994
8464,1.7365549802780151,0.0001740068255458027
8465,1.7464220523834229,0.0001754491386236623
8466,1.7864220142364502,0.00017718644812703133
8467,1.781622052192688,0.0001787280198186636
8468,1.856557011604309,0.00017994448717217892
8469,1.8216229677200317,0.0001801629550755024
8470,1.8314900398254395,0.00017959647811949253
8471,1.7914890050888062,0.0001778243313310668
8472,1.8616230487823486,0.00017577363178133965
8473,1.8365559577941895,0.00017254039994440973
8474,1.911756992340088,0.00016996171325445175
8475,1.8917570114135742,0.00016774027608335018
8476,1.9368239641189575,0.00016586118726991117
8477,1.8968240022659302,0.00016507110558450222
8478,1.9818910360336304,0.0001640818954911083
8479,1.8816239833831787,0.00016436679288744926
8480,1.9618910551071167,0.0001642070710659027
8481,1.8666900396347046,0.00016499559569638222
8482,1.8866900205612183,0.0001658306864555925
8483,1.8765569925308228,0.00016723123553674668
8484,1.911756992340088,0.0001676811370998621
8485,1.8266890048980713,0.00016835021961014718
8486,1.8866900205612183,0.00017029458831530064
8487,1.8314900398254395,0.0001718350686132908
8488,1.8816239833831787,0.00017409949214197695
8489,1.8165559768676758,0.0001761680468916893
8490,1.8765569925308228,0.00017914392810780555
8491,1.796555995941162,0.00018388568423688412
8492,1.856557011604309,0.00018804513092618436
8493,1.846690058708191,0.00019308638002257794
8494,1.846690058708191,0.0001979087683139369
8495,1.8266890048980713,0.0002024797722697258
8496,1.8365559577941895,0.00020851893350481987
8497,1.8266890048980713,0.00021306278358679265
8498,1.8816239833831787,0.00021764318807981908
8499,1.8416229486465454,0.0002227630466222763
8500,1.851755976676941,0.00022687554883304983
8501,1.7765560150146484,0.00023403570230584592
8502,1.856557011604309,0.00024110467347782105
8503,1.801622986793518,0.00025014145649038255
8504,1.8114889860153198,0.000260453816736117
8505,1.8066890239715576,0.00027057024999521673
8506,1.8216229677200317,0.00028276722878217697
8507,1.085347056388855,0.0002948303590528667
8508,0.17386899888515472,0.00030923294252716005
8509,-0.05653399974107742,0.0003245531115680933
8510,-0.3370710015296936,0.00034585114917717874
8511,-0.697609007358551,0.00038160863914527
8512,-0.7376090288162231,0.0004200789553578943
8513,-0.8680109977722168,0.00047356588765978813
8514,-1.053346037864685,0.0005673319683410227
8515,-1.498952031135559,0.0005954764783382416
8516,-1.7594890594482422,0.0006017786217853427
8517,-1.8794900178909302,0.0006071076495572925
8518,-1.9045569896697998,0.0006130074616521597
8519,-1.9648250341415405,0.0006188234547153115
8520,-1.8946900367736816,0.0006250498117879033
8521,-1.9296239614486694,0.0006310222670435905
8522,-1.874690055847168,0.0006375418743118644
8523,-1.9096239805221558,0.0006443393067456782
8524,-1.8546899557113647,0.0006523499032482505
8525,-1.8645570278167725,0.0006598721374757588
8526,-1.789355993270874,0.0006677185883745551
8527,-1.8645570278167725,0.0006739194504916668
8528,-1.8296229839324951,0.0006802129209972918
8529,-1.8794900178909302,0.0006856715772300959
8530,-1.8696229457855225,0.0006914558471180499
8531,-1.9096239805221558,0.000696746923495084
8532,-1.8546899557113647,0.0007023419020697474
8533,-1.9397579431533813,0.0007561141392216086
8534,-1.9045569896697998,0.0008035099017433822
8535,-1.9698909521102905,0.000835894956253469
8536,-1.9397579431533813,0.0008593256352469325
8537,-1.9848250150680542,0.0008780299685895443
8538,-1.9698909521102905,0.0008916278602555394
8539,-2.009891986846924,0.0009039256256073713
8540,-1.9346909523010254,0.0009173841681331396
8541,-1.9797580242156982,0.0009275854099541903
8542,-1.944823980331421,0.0009386055171489716
8543,-2.0048251152038574,0.0009486079216003418
8544,-1.9397579431533813,0.0009569472749717534
8545,-2.0048251152038574,0.0009662928059697151
8546,-1.9546910524368286,0.0009731963509693742
8547,-1.9597580432891846,0.0009794721845537424
8548,-1.9245569705963135,0.0009846952743828297
8549,-1.949623942375183,0.0009886136977002025
8550,-1.9146909713745117,0.0009912109235301614
8551,-1.9346909523010254,0.000993197550997138
8552,-1.874690055847168,0.0009945471538230777
8553,-1.9397579431533813,0.0009964789496734738
8554,-1.8997570276260376,0.0009983142372220755
8555,-1.9245569705963135,0.0010002272902056575
8556,-1.8845570087432861,0.001002848264761269
8557,-1.9197570085525513,0.0010060095228254795
8558,-1.8946900367736816,0.00100983795709908
8559,-1.9346909523010254,0.0010147192515432835
8560,-1.8645570278167725,0.0010194445494562387
8561,-1.9296239614486694,0.0010251208441331983
8562,-1.9146909713745117,0.0010293977102264762
8563,-1.9296239614486694,0.0010338072897866368
8564,-1.8946900367736816,0.001037583569996059
8565,-1.9296239614486694,0.0010405745124444366
8566,-1.8645570278167725,0.0010433156276121736
8567,-1.9197570085525513,0.0010457143653184175
8568,-1.8997570276260376,0.00104809133335948
8569,-1.9245569705963135,0.0010506229009479284
8570,-1.8794900178909302,0.0010534462053328753
8571,-1.9045569896697998,0.0010566995479166508
8572,-1.8594900369644165,0.0010594233172014356
8573,-1.9197570085525513,0.0010622285772114992
8574,-1.9045569896697998,0.0010640451218932867
8575,-1.9546910524368286,0.0010659481631591916
8576,-1.8845570087432861,0.0010681579587981105
8577,-1.9146909713745117,0.001070193713530898
8578,-1.8845570087432861,0.001071716658771038
8579,-1.9245569705963135,0.0010732280788943172
8580,-1.874690055847168,0.0010743921156972647
8581,-1.9648250341415405,0.0010754545219242573
8582,-1.9045569896697998,0.0010765730403363705
8583,-1.9546910524368286,0.0010773043613880873
8584,-1.8946900367736816,0.001078323577530682
8585,-1.949623942375183,0.0010792240500450134
8586,-1.8997570276260376,0.0010806885547935963
8587,-1.944823980331421,0.001082011847756803
8588,-1.9397579431533813,0.0010838122107088566
8589,-1.949623942375183,0.00108522514346987
8590,-1.9245569705963135,0.0010869165416806936
8591,-1.9045569896697998,0.0010882325004786253
8592,-1.8946900367736816,0.0010895298328250647
8593,-1.9346909523010254,0.0010909584816545248
8594,-1.8997570276260376,0.0010921716457232833
8595,-1.9296239614486694,0.0010937819024547935
8596,-1.9146909713745117,0.0010949838906526566
8597,-1.9296239614486694,0.0010963577078655362
8598,-1.9096239805221558,0.0010976050980389118
8599,-1.9597580432891846,0.0010987180285155773
8600,-1.8997570276260376,0.0010996266501024365
8601,-1.9797580242156982,0.0011003247927874327
8602,-1.9045569896697998,0.0011009592562913895
8603,-1.9648250341415405,0.001101569621823728
8604,-1.8645570278167725,0.0011020149104297161
8605,-1.9346909523010254,0.0011023269034922123
8606,-1.8645570278167725,0.0011025324929505587
8607,-1.9296239614486694,0.001102675567381084
8608,-1.889623999595642,0.0011027719592675567
8609,-1.949623942375183,0.0011028323788195848
8610,-1.9296239614486694,0.0011028698645532131
8611,-1.9245569705963135,0.0011028900044038892
8612,-1.9045569896697998,0.0011029039742425084
8613,-1.9296239614486694,0.0011029040906578302
8614,-1.8997570276260376,0.0011029011802747846
8615,-1.9346909523010254,0.0011028952430933714
8616,-1.8997570276260376,0.001102890120819211
8617,-1.949623942375183,0.0011028812732547522
8618,-1.889623999595642,0.0011028724256902933
8619,-1.9096239805221558,0.0011028617154806852
8620,-1.9096239805221558,0.0011028534499928355
8621,-1.9296239614486694,0.001102849142625928
8622,-1.9045569896697998,0.001102847047150135
8623,-1.944823980331421,0.0011028493754565716
8624,-1.8845570087432861,0.00110285310074687
8625,-1.9546910524368286,0.001102858455851674
8626,-1.8997570276260376,0.0011028682347387075
8627,-1.9146909713745117,0.0011028815060853958
8628,-1.8997570276260376,0.001102896174415946
8629,-1.949623942375183,0.001102908281609416
8630,-1.874690055847168,0.001102919108234346
8631,-1.9146909713745117,0.0011029313318431377
8632,-1.874690055847168,0.001102943206205964
8633,-1.9597580432891846,0.0011029569432139397
8634,-1.8794900178909302,0.0011029685847461224
8635,-1.9245569705963135,0.0011029811576008797
8636,-1.8794900178909302,0.0011029943125322461
8637,-1.9546910524368286,0.0011030123569071293
8638,-1.8946900367736816,0.0011030283058062196
8639,-1.9296239614486694,0.001103044836781919
8640,-1.9045569896697998,0.0011030609020963311
8641,-1.9346909523010254,0.0011030741734430194
8642,-1.9197570085525513,0.001103077782317996
8643,-1.9546910524368286,0.0011030745226889849
8644,-1.8794900178909302,0.0011030705645680428
8645,-1.9397579431533813,0.001103061018511653
8646,-1.9045569896697998,0.0011030491441488266
8647,-1.9146909713745117,0.0011030343594029546
8648,-1.9045569896697998,0.0011030229507014155
8649,-1.9245569705963135,0.001103011192753911
8650,-1.9045569896697998,0.0011030002497136593
8651,-1.949623942375183,0.0011029915185645223
8652,-1.874690055847168,0.0011029792949557304
8653,-1.9397579431533813,0.0011029677698388696
8654,-1.889623999595642,0.0011029582237824798
8655,-1.9746910333633423,0.001102946698665619
8656,-1.9045569896697998,0.0011029343586415052
8657,-1.9397579431533813,0.0011029208544641733
8658,-1.874690055847168,0.0011029071174561977
8659,-1.9146909713745117,0.0011028891894966364
8660,-1.8794900178909302,0.0011028737062588334
8661,-1.9146909713745117,0.0011028593871742487
8662,-1.9245569705963135,0.0011028462322428823
8663,-1.9245569705963135,0.0011028293520212173
8664,-1.874690055847168,0.0011028142180293798
8665,-1.9397579431533813,0.0011028002481907606
8666,-1.8946900367736816,0.0011027851141989231
8667,-1.9597580432891846,0.001102767651900649
8668,-1.9146909713745117,0.0011027510045096278
8669,-1.949623942375183,0.0011027319123968482
8670,-1.8794900178909302,0.0011027150321751833
8671,-1.9397579431533813,0.0011026965221390128
8672,-1.874690055847168,0.001102677546441555
8673,-1.949623942375183,0.001102660782635212
8674,-1.9045569896697998,0.0011026470456272364
8675,-1.9546910524368286,0.0011026293504983187
8676,-1.9146909713745117,0.001102612353861332
8677,-1.9245569705963135,0.0011025967542082071
8678,-1.8997570276260376,0.0011025832500308752
8679,-1.9648250341415405,0.0011025690473616123
8680,-1.8946900367736816,0.0011025556595996022
8681,-1.9245569705963135,0.0011025418061763048
8682,-1.9197570085525513,0.0011025306303054094
8683,-1.9146909713745117,0.0011025173589587212
8684,-1.889623999595642,0.0011025081621482968
8685,-1.949623942375183,0.0011024997802451253
8686,-1.9146909713745117,0.0011024880222976208
8687,-1.9296239614486694,0.0011024733539670706
8688,-1.889623999595642,0.0011024614796042442
8689,-1.9848250150680542,0.0011024469276890159
8690,-1.9045569896697998,0.0011024288833141327
8691,-1.9698909521102905,0.001102409791201353
8692,-1.9045569896697998,0.0011023890692740679
8693,-1.9597580432891846,0.0011023428523913026
8694,-1.8946900367736816,0.0011022718390449882
8695,-1.9296239614486694,0.0011021479731425643
8696,-1.8997570276260376,0.001101925503462553
8697,-1.9397579431533813,0.0011015633353963494
8698,-1.8946900367736816,0.0011010420275852084
8699,-1.9546910524368286,0.0011001923121511936
8700,-1.9045569896697998,0.0010988968424499035
8701,-1.949623942375183,0.001097281463444233
8702,-1.9045569896697998,0.0010955855250358582
8703,-1.9648250341415405,0.0010938507039099932
8704,-1.9146909713745117,0.001092222286388278
8705,-1.9397579431533813,0.0010904333321377635
8706,-1.8997570276260376,0.0010880975751206279
8707,-1.9346909523010254,0.0010859521571546793
8708,-1.8997570276260376,0.0010836832225322723
8709,-1.9296239614486694,0.0010811848333105445
8710,-1.8946900367736816,0.00107854837551713
8711,-1.9245569705963135,0.0010758568532764912
8712,-1.9045569896697998,0.001073057297617197
8713,-1.9197570085525513,0.0010701898718252778
8714,-1.9096239805221558,0.0010674848454073071
8715,-1.9397579431533813,0.00106454873457551
8716,-1.8997570276260376,0.0010611374164000154
8717,-1.9546910524368286,0.0010579084046185017
8718,-1.9146909713745117,0.0010548906866461039
8719,-1.9797580242156982,0.0010514999739825726
8720,-1.9045569896697998,0.0010477656032890081
8721,-1.9397579431533813,0.0010446057422086596
8722,-1.8946900367736816,0.0010411425027996302
8723,-1.9397579431533813,0.0010376493446528912
8724,-1.889623999595642,0.0010340517619624734
8725,-1.949623942375183,0.001030653016641736
8726,-1.8997570276260376,0.0010276209795847535
8727,-1.9397579431533813,0.001024389872327447
8728,-1.9146909713745117,0.0010218331590294838
8729,-1.9546910524368286,0.0010192659683525562
8730,-1.9197570085525513,0.0010175117058679461
8731,-1.944823980331421,0.0010154636111110449
8732,-1.9045569896697998,0.0010133523028343916
8733,-1.9296239614486694,0.0010111393639817834
8734,-1.9146909713745117,0.001009206986054778
8735,-1.949623942375183,0.0010065290844067931
8736,-1.8997570276260376,0.0010042146313935518
8737,-1.9546910524368286,0.0010009664110839367
8738,-1.9045569896697998,0.0009972925763577223
8739,-1.9698909521102905,0.0009927984792739153
8740,-1.9296239614486694,0.0009895930998027325
8741,-1.9546910524368286,0.0009861572179943323
8742,-1.9146909713745117,0.0009823637083172798
8743,-1.949623942375183,0.0009790404001250863
8744,-1.889623999595642,0.0009745477582328022
8745,-1.949623942375183,0.0009702793904580176
8746,-1.8645570278167725,0.0009657918708398938
8747,-1.9346909523010254,0.0009593907161615789
8748,-1.9045569896697998,0.00095409742789343
8749,-1.9296239614486694,0.000947925669606775
8750,-1.9197570085525513,0.0009420877322554588
8751,-1.9746910333633423,0.0009367936290800571
8752,-1.9045569896697998,0.0009297171491198242
8753,-1.949623942375183,0.0009243186214007437
8754,-1.9245569705963135,0.0009183693327941
8755,-1.9698909521102905,0.000911965558771044
8756,-1.9146909713745117,0.0009061574819497764
8757,-1.9546910524368286,0.0008975783130154014
8758,-1.9245569705963135,0.0008889277814887464
8759,-1.949623942375183,0.0008785082027316093
8760,-1.9045569896697998,0.0008669429807923734
8761,-1.9546910524368286,0.0008553090738132596
8762,-1.9245569705963135,0.0008419170044362545
8763,-1.9296239614486694,0.0008282981580123305
8764,-1.9045569896697998,0.0008126962929964066
8765,-1.9746910333633423,0.0007960597286000848
8766,-1.9245569705963135,0.0007735072285868227
8767,-1.9597580432891846,0.0007366410573013127
8768,-1.9146909713745117,0.0006972082774154842
8769,-1.9848250150680542,0.0006430067587643862
8770,-1.8997570276260376,0.0005486194859258831
8771,-1.9546910524368286,0.0005198611179366708
8772,-1.9096239805221558,0.000513102684635669
8773,-1.9797580242156982,0.0005074692890048027
8774,-1.9146909713745117,0.0005013650516048074
8775,-1.9597580432891846,0.0004954138421453536
8776,-1.9045569896697998,0.000489105936139822
8777,-1.949623942375183,0.0004830817924812436
8778,-1.9146909713745117,0.0004765375633724034
8779,-1.9397579431533813,0.00046973448479548097
8780,-1.9245569705963135,0.00046173279406502843
8781,-1.9546910524368286,0.00045425689313560724
8782,-1.9346909523010254,0.00044649411574937403
8783,-1.949623942375183,0.0004404483479447663
8784,-1.9296239614486694,0.0004344054905232042
8785,-1.949623942375183,0.00042932573705911636
8786,-1.9146909713745117,0.00042410375317558646
8787,-1.9346909523010254,0.0004197403904981911
8788,-1.3938839435577393,0.0004155462665949017
8789,-0.30693700909614563,0.00036342573002912104
8790,-0.02160000056028366,0.00031775119714438915
8791,0.15893499553203583,0.0002870395837817341
8792,0.559473991394043,0.00026526727015152574
8793,0.6245409846305847,0.0002483960706740618
8794,0.7448089718818665,0.00023713652626611292
8795,0.8901439905166626,0.00022693522623740137
8796,1.3306829929351807,0.00021586069487966597
8797,1.6213539838790894,0.00020811201829928905
8798,1.7616219520568848,0.000199679663637653
8799,1.8416229486465454,0.00019233734929002821
8800,1.8765569925308228,0.0001867001410573721
8801,1.7914890050888062,0.00018027953046839684
8802,1.846690058708191,0.0001760498562362045
8803,1.8314900398254395,0.00017284415662288666
8804,1.856557011604309,0.0001709683274384588
8805,1.7914890050888062,0.00017017839127220213
8806,1.8165559768676758,0.00017065291467588395
8807,1.7565549612045288,0.00017220526933670044
8808,1.7664220333099365,0.00017441087402403355
8809,1.7064210176467896,0.00017557844694238156
8810,1.8114889860153198,0.00017733406275510788
8811,1.7864220142364502,0.0001789354719221592
8812,1.8314900398254395,0.00017976660456042737
8813,1.7914890050888062,0.00017984319129027426
8814,1.8314900398254395,0.0001791037357179448
8815,1.8066890239715576,0.0001773732656147331
8816,1.8866900205612183,0.0001751938834786415
8817,1.8666900396347046,0.00017184182070195675
8818,1.8968240022659302,0.00016924187366385013
8819,1.8917570114135742,0.00016698637045919895
8820,1.9968249797821045,0.00016525427054148167
8821,1.906690001487732,0.0001643234136281535
8822,1.9317569732666016,0.0001635792141314596
8823,1.9016239643096924,0.00016368522483389825
8824,1.9368239641189575,0.00016370827506761998
8825,1.8765569925308228,0.00016484069055877626
8826,1.8917570114135742,0.0001657865068409592
8827,1.8314900398254395,0.00016662254347465932
8828,1.8816239833831787,0.00016702726134099066
8829,1.8416229486465454,0.0001679214183241129
8830,1.8816239833831787,0.0001696820108918473
8831,1.801622986793518,0.00017120494158007205
8832,1.8666900396347046,0.00017396066687069833
8833,1.8314900398254395,0.0001760722661856562
8834,1.846690058708191,0.00017931342881638557
8835,1.8266890048980713,0.00018378105596639216
8836,1.8416229486465454,0.0001879285555332899
8837,1.8165559768676758,0.0001934944448294118
8838,1.851755976676941,0.00019790255464613438
8839,1.8314900398254395,0.00020260736346244812
8840,1.856557011604309,0.00020831266010645777
8841,1.8165559768676758,0.00021268645650707185
8842,1.8765569925308228,0.0002174888941226527
8843,1.8114889860153198,0.00022209263988770545
8844,1.8365559577941895,0.00022619131777901202
8845,1.781622052192688,0.00023418283672071993
8846,1.856557011604309,0.00024090558872558177
8847,1.781622052192688,0.00025064568035304546
8848,1.8314900398254395,0.00025974359596148133
8849,1.7514890432357788,0.0002691361587494612
8850,1.7514890432357788,0.0002804407267831266
8851,0.7448089718818665,0.0002922120038419962
8852,0.1338679939508438,0.00030683819204568863
8853,-0.14160199463367462,0.0003244921681471169
8854,-0.44213899970054626,0.00035478529753163457
8855,-0.7077419757843018,0.00039399677189067006
8856,-0.6877419948577881,0.0004397473530843854
8857,-0.8829439878463745,0.000505025323946029
8858,-1.1333470344543457,0.0005968713667243719
8859,-1.564020037651062,0.0006173267029225826
8860,-1.724287986755371,0.0006259068613871932
8861,-1.9146909713745117,0.0006324632558971643
8862,-1.9096239805221558,0.000638973549939692
8863,-1.944823980331421,0.0006455039838328958
8864,-1.9146909713745117,0.0006517881993204355
8865,-1.949623942375183,0.0006579554174095392
8866,-1.8997570276260376,0.0006642133230343461
8867,-1.9296239614486694,0.0006709659355692565
8868,-1.8245559930801392,0.000679262273479253
8869,-1.874690055847168,0.0006874565733596683
8870,-1.7944220304489136,0.0006957042496651411
8871,-1.8245559930801392,0.0007018620963208377
8872,-1.8296229839324951,0.0007077088812366128
8873,-1.8997570276260376,0.000713566318154335
8874,-1.874690055847168,0.0007194179343059659
8875,-1.949623942375183,0.0007253753719851375
8876,-1.9045569896697998,0.0007312242523767054
8877,-1.949623942375183,0.0008394975448027253
8878,-1.9346909523010254,0.0008875920902937651
8879,-1.9946919679641724,0.0009171601850539446
8880,-1.9597580432891846,0.0009385868906974792
8881,-1.9946919679641724,0.0009549314854666591
8882,-1.9346909523010254,0.0009668056154623628
8883,-1.9848250150680542,0.0009784449357539415
8884,-1.9346909523010254,0.0009904592297971249
8885,-1.999758005142212,0.0010002272902056575
8886,-1.9296239614486694,0.0010114870965480804
8887,-1.999758005142212,0.0010206799488514662
8888,-1.9648250341415405,0.00102883146610111
8889,-1.999758005142212,0.0010382796172052622
8890,-1.949623942375183,0.0010447478853166103
8891,-2.0298919677734375,0.0010511854197829962
8892,-1.9648250341415405,0.0010557875502854586
8893,-2.0149590969085693,0.0010597616201266646
8894,-1.9648250341415405,0.0010619573295116425
8895,-1.9698909521102905,0.0010641587432473898
8896,-1.9045569896697998,0.0010654469951987267
8897,-1.9397579431533813,0.0010672034695744514
8898,-1.874690055847168,0.0010693715885281563
8899,-1.9648250341415405,0.0010712817311286926
8900,-1.8845570087432861,0.0010743713937699795
8901,-1.9346909523010254,0.0010775161208584905
8902,-1.8794900178909302,0.00108173000626266
8903,-1.949623942375183,0.001086413743905723
8904,-1.9245569705963135,0.0010913105215877295
8905,-1.949623942375183,0.0010964981047436595
8906,-1.8696229457855225,0.001100646099075675
8907,-1.9346909523010254,0.0011052910704165697
8908,-1.8845570087432861,0.0011087213642895222
8909,-1.9296239614486694,0.0011117169633507729
8910,-1.8794900178909302,0.001114232582040131
8911,-1.9096239805221558,0.0011167083866894245
8912,-1.8496229648590088,0.0011189780198037624
8913,-1.9146909713745117,0.001121659530326724
8914,-1.8546899557113647,0.0011244745692238212
8915,-1.9346909523010254,0.0011277029989287257
8916,-1.8997570276260376,0.001130320830270648
8917,-1.9197570085525513,0.001132673118263483
8918,-1.8794900178909302,0.001134370919317007
8919,-1.9296239614486694,0.0011365064419806004
8920,-1.874690055847168,0.0011386959813535213
8921,-1.9045569896697998,0.0011404494289308786
8922,-1.889623999595642,0.0011420485097914934
8923,-1.9096239805221558,0.0011433321051299572
8924,-1.8845570087432861,0.0011446052230894566
8925,-1.9397579431533813,0.0011455647181719542
8926,-1.8496229648590088,0.0011465386487543583
8927,-1.9146909713745117,0.0011473033810034394
8928,-1.8696229457855225,0.0011482230620458722
8929,-1.9546910524368286,0.0011492240009829402
8930,-1.8946900367736816,0.0011505925795063376
8931,-1.9397579431533813,0.0011519873514771461
8932,-1.9296239614486694,0.0011536168167367578
8933,-1.9245569705963135,0.0011550325434654951
8934,-1.889623999595642,0.0011567951878532767
8935,-1.9045569896697998,0.001158040715381503
8936,-1.889623999595642,0.0011594475945457816
8937,-1.9648250341415405,0.0011607625056058168
8938,-1.874690055847168,0.001162051921710372
8939,-1.944823980331421,0.0011634951224550605
8940,-1.874690055847168,0.0011647269129753113
8941,-1.9296239614486694,0.001166241243481636
8942,-1.8696229457855225,0.0011674535926431417
8943,-1.9096239805221558,0.0011685786303132772
8944,-1.8546899557113647,0.001169455237686634
8945,-1.944823980331421,0.0011701444163918495
8946,-1.9045569896697998,0.0011707816738635302
8947,-1.9397579431533813,0.001171362353488803
8948,-1.8997570276260376,0.001171753043308854
8949,-1.9648250341415405,0.0011720216134563088
8950,-1.874690055847168,0.001172210555523634
8951,-1.9546910524368286,0.001172324875369668
8952,-1.8696229457855225,0.0011723991483449936
8953,-1.9096239805221558,0.001172452000901103
8954,-1.8645570278167725,0.0011724885553121567
8955,-1.9146909713745117,0.0011725135846063495
8956,-1.8997570276260376,0.0011725274380296469
8957,-1.9397579431533813,0.0011725383810698986
8958,-1.889623999595642,0.001172544900327921
8959,-1.9346909523010254,0.001172550255432725
8960,-1.8997570276260376,0.0011725544463843107
8961,-1.9197570085525513,0.0011725566582754254
8962,-1.9245569705963135,0.0011725604999810457
8963,-1.9648250341415405,0.0011725655058398843
8964,-1.8696229457855225,0.00117256841622293
8965,-1.9397579431533813,0.0011725733056664467
8966,-1.9146909713745117,0.0011725788936018944
8967,-1.9245569705963135,0.0011725847143679857
8968,-1.8997570276260376,0.0011725927470251918
8969,-1.9096239805221558,0.0011726034572347999
8970,-1.874690055847168,0.0011726164957508445
8971,-1.944823980331421,0.0011726382654160261
8972,-1.8946900367736816,0.001172663876786828
8973,-1.9197570085525513,0.0011726981028914452
8974,-1.874690055847168,0.0011727423407137394
8975,-1.9597580432891846,0.0011727941455319524
8976,-1.9197570085525513,0.0011728433892130852
8977,-1.9698909521102905,0.0011728913523256779
8978,-1.9197570085525513,0.0011729304678738117
8979,-1.9648250341415405,0.0011729577090591192
8980,-1.9146909713745117,0.0011729764519259334
8981,-1.9197570085525513,0.0011729884427040815
8982,-1.889623999595642,0.0011729971738532186
8983,-1.9296239614486694,0.0011730031110346317
8984,-1.8645570278167725,0.001173008349724114
8985,-1.8946900367736816,0.0011730145197361708
8986,-1.8594900369644165,0.0011730199912562966
8987,-1.9245569705963135,0.0011730262776836753
8988,-1.8645570278167725,0.0011730323312804103
8989,-1.9146909713745117,0.0011730382684618235
8990,-1.8794900178909302,0.0011730429250746965
8991,-1.944823980331421,0.001173047348856926
8992,-1.8794900178909302,0.0011730496771633625
8993,-1.949623942375183,0.0011730506084859371
8994,-1.9397579431533813,0.0011730482801795006
8995,-1.9597580432891846,0.0011730387341231108
8996,-1.8997570276260376,0.001173029886558652
8997,-1.9245569705963135,0.0011730191763490438
8998,-1.8997570276260376,0.0011730112601071596
8999,-1.9397579431533813,0.0011730047408491373
9000,-1.8645570278167725,0.0011730020632967353
9001,-1.9245569705963135,0.0011730024125427008
9002,-1.9045569896697998,0.00117300555575639
9003,-1.944823980331421,0.0011730064870789647
9004,-1.9146909713745117,0.0011730077676475048
9005,-1.9296239614486694,0.001173005672171712
9006,-1.8946900367736816,0.001172999618574977
9007,-1.944823980331421,0.001172991469502449
9008,-1.9045569896697998,0.001172984717413783
9009,-1.9296239614486694,0.001172975404188037
9010,-1.9096239805221558,0.0011729656253010035
9011,-1.9146909713745117,0.0011729532852768898
9012,-1.8946900367736816,0.0011729433899745345
9013,-1.9296239614486694,0.0011729341931641102
9014,-1.8794900178909302,0.0011729265097528696
9015,-1.9096239805221558,0.0011729213874787092
9016,-1.8997570276260376,0.0011729201069101691
9017,-1.9296239614486694,0.0011729187099263072
9018,-1.9197570085525513,0.00117291824426502
9019,-1.9797580242156982,0.0011729167308658361
9020,-1.8997570276260376,0.001172906719148159
9021,-1.9648250341415405,0.0011728924000635743
9022,-1.8794900178909302,0.001172876451164484
9023,-1.944823980331421,0.001172860385850072
9024,-1.874690055847168,0.0011728466488420963
9025,-1.9245569705963135,0.0011728343088179827
9026,-1.8696229457855225,0.0011728289537131786
9027,-1.949623942375183,0.0011728248791769147
9028,-1.8997570276260376,0.0011728209210559726
9029,-1.9597580432891846,0.0011728161480277777
9030,-1.8946900367736816,0.0011728096287697554
9031,-1.9648250341415405,0.0011728012468665838
9032,-1.889623999595642,0.0011727933306246996
9033,-1.9746910333633423,0.0011727861128747463
9034,-1.889623999595642,0.0011727770324796438
9035,-1.9346909523010254,0.0011727656237781048
9036,-1.9397579431533813,0.0011727542150765657
9037,-1.9746910333633423,0.00117271370254457
9038,-1.9296239614486694,0.001172637683339417
9039,-1.9546910524368286,0.0011724901851266623
9040,-1.9096239805221558,0.001172244781628251
9041,-1.9245569705963135,0.0011718700407072902
9042,-1.8845570087432861,0.00117131182923913
9043,-1.9245569705963135,0.00117039168253541
9044,-1.9245569705963135,0.0011689981911331415
9045,-1.9546910524368286,0.0011673520784825087
9046,-1.8997570276260376,0.001165635185316205
9047,-1.949623942375183,0.0011639680014923215
9048,-1.8946900367736816,0.001162313623353839
9049,-1.9546910524368286,0.0011604822939261794
9050,-1.9197570085525513,0.0011581466533243656
9051,-1.9296239614486694,0.0011560493148863316
9052,-1.9096239805221558,0.0011536632664501667
9053,-1.944823980331421,0.0011512083001434803
9054,-1.9146909713745117,0.001148618757724762
9055,-1.9797580242156982,0.001145955640822649
9056,-1.9197570085525513,0.0011432506144046783
9057,-1.949623942375183,0.001140326727181673
9058,-1.8794900178909302,0.001137652201578021
9059,-1.9546910524368286,0.0011345810489729047
9060,-1.874690055847168,0.0011312353890389204
9061,-1.9698909521102905,0.0011281137121841311
9062,-1.9045569896697998,0.001125046517699957
9063,-1.9746910333633423,0.0011215137783437967
9064,-1.9197570085525513,0.0011179645080119371
9065,-1.949623942375183,0.0011148734483867884
9066,-1.8794900178909302,0.0011112908832728863
9067,-1.9296239614486694,0.001107785850763321
9068,-1.8997570276260376,0.0011043425183743238
9069,-1.9146909713745117,0.0011011107126250863
9070,-1.8794900178909302,0.0010980276856571436
9071,-1.944823980331421,0.0010948863346129656
9072,-1.8997570276260376,0.001092350110411644
9073,-1.9146909713745117,0.001090032747015357
9074,-1.889623999595642,0.0010883641662076116
9075,-1.9346909523010254,0.0010862168855965137
9076,-1.8946900367736816,0.0010841815965250134
9077,-1.9146909713745117,0.0010821321047842503
9078,-1.8997570276260376,0.001080147922039032
9079,-1.9848250150680542,0.0010776566341519356
9080,-1.9296239614486694,0.0010752684902399778
9081,-1.9346909523010254,0.0010716143297031522
9082,-1.9146909713745117,0.0010678565595299006
9083,-1.9648250341415405,0.0010637794621288776
9084,-1.9296239614486694,0.0010606630239635706
9085,-1.9146909713745117,0.001056975219398737
9086,-1.9296239614486694,0.0010534152388572693
9087,-1.9597580432891846,0.0010500047355890274
9088,-1.9045569896697998,0.0010450545232743025
9089,-1.9546910524368286,0.0010409223614260554
9090,-1.9146909713745117,0.0010361724998801947
9091,-1.9397579431533813,0.001030204351991415
9092,-1.9296239614486694,0.0010249065235257149
9093,-1.9397579431533813,0.001018290757201612
9094,-1.889623999595642,0.0010127774439752102
9095,-1.949623942375183,0.0010073557496070862
9096,-1.944823980331421,0.0010006478987634182
9097,-1.9397579431533813,0.0009953826665878296
9098,-1.8997570276260376,0.0009891251102089882
9099,-1.9296239614486694,0.0009832072537392378
9100,-1.9197570085525513,0.0009773187339305878
9101,-1.9648250341415405,0.0009679191862232983
9102,-1.8794900178909302,0.0009595084120519459
9103,-1.9397579431533813,0.0009484539041295648
9104,-1.8645570278167725,0.0009380612755194306
9105,-1.9648250341415405,0.0009272466995753348
9106,-1.8997570276260376,0.0009147349046543241
9107,-1.9397579431533813,0.0009013587259687483
9108,-1.8946900367736816,0.0008855387568473816
9109,-1.949623942375183,0.0008665145142003894
9110,-1.9146909713745117,0.0008349787094630301
9111,-1.9546910524368286,0.0007946598343551159
9112,-1.9296239614486694,0.0007480064523406327
9113,-1.9346909523010254,0.0006820367416366935
9114,-1.9045569896697998,0.0005895643844269216
9115,-1.9397579431533813,0.0005685070063918829
9116,-1.9197570085525513,0.0005594943650066853
9117,-1.9648250341415405,0.0005526415770873427
9118,-1.8946900367736816,0.0005459408857859671
9119,-1.949623942375183,0.0005392846651375294
9120,-1.9245569705963135,0.0005329261184670031
9121,-1.9546910524368286,0.0005267191445454955
9122,-1.9296239614486694,0.0005204470362514257
9123,-1.9648250341415405,0.0005136961699463427
9124,-1.9698909521102905,0.0005054142675362527
9125,-1.9397579431533813,0.0004972657188773155
9126,-1.9197570085525513,0.0004890976124443114
9127,-1.9546910524368286,0.0004831054247915745
9128,-1.9096239805221558,0.0004775640554726124
9129,-1.949623942375183,0.00047214567894116044
9130,-1.8794900178909302,0.000466959027107805
9131,-1.889623999595642,0.0004620906547643244
9132,-1.0984139442443848,0.0004577538347803056
9133,-0.23173600435256958,0.00035112164914608
9134,0.05360100045800209,0.00030481195426546037
9135,0.25387001037597656,0.00027687993133440614
9136,0.609607994556427,0.0002571956720203161
9137,0.6496080160140991,0.00024280713114421815
9138,0.8098769783973694,0.0002332637959625572
9139,0.9901459813117981,0.00022372511739376932
9140,1.4560179710388184,0.0002143142482964322
9141,1.6864210367202759,0.00020708718511741608
9142,1.8114889860153198,0.0001984491536859423
9143,1.8866900205612183,0.00019198647351004183
9144,1.851755976676941,0.00018656470638234168
9145,1.801622986793518,0.00017994183872360736
9146,1.851755976676941,0.0001762028259690851
9147,1.8066890239715576,0.000172929692780599
9148,1.8365559577941895,0.00017174752429127693
9149,1.7514890432357788,0.00017077941447496414
9150,1.7464220523834229,0.0001716946717351675
9151,1.7162879705429077,0.00017320815823040903
9152,1.7464220523834229,0.00017527700401842594
9153,1.7765560150146484,0.00017664713959675282
9154,1.8365559577941895,0.00017805049719754606
9155,1.8266890048980713,0.0001797616423573345
9156,1.8666900396347046,0.00018004562298301607
9157,1.8216229677200317,0.00017996731912717223
9158,1.8816239833831787,0.00017905817367136478
9159,1.8365559577941895,0.00017722781922202557
9160,1.8616230487823486,0.00017494864005129784
9161,1.851755976676941,0.00017182125884573907
9162,1.9266910552978516,0.00016940936620812863
9163,1.8866900205612183,0.0001670994533924386
9164,1.911756992340088,0.0001658105757087469
9165,1.906690001487732,0.00016471999697387218
9166,1.9218909740447998,0.00016440529725514352
9167,1.8968240022659302,0.00016425750800408423
9168,1.9218909740447998,0.00016458117170259356
9169,1.8666900396347046,0.00016563665121793747
9170,1.8816239833831787,0.0001667600590735674
9171,1.856557011604309,0.00016722147120162845
9172,1.8866900205612183,0.00016775277617853135
9173,1.8365559577941895,0.00016952329315245152
9174,1.8866900205612183,0.0001712058874545619
9175,1.8314900398254395,0.00017276289872825146
9176,1.8616230487823486,0.00017539341934025288
9177,1.8066890239715576,0.00017780221241991967
9178,1.851755976676941,0.0001815175637602806
9179,1.8416229486465454,0.0001858488394645974
9180,1.8666900396347046,0.00019010133109986782
9181,1.8314900398254395,0.00019609485752880573
9182,1.8416229486465454,0.00020044459961354733
9183,1.8066890239715576,0.0002055944933090359
9184,1.8816239833831787,0.00021074889809824526
9185,1.8114889860153198,0.00021514995023608208
9186,1.846690058708191,0.0002209239173680544
9187,1.8066890239715576,0.000225302908802405
9188,1.8765569925308228,0.00023035107005853206
9189,1.8314900398254395,0.00023794127628207207
9190,1.8365559577941895,0.00024515940458513796
9191,1.8216229677200317,0.00025617051869630814
9192,1.851755976676941,0.0002660737372934818
9193,1.8066890239715576,0.00027718301862478256
9194,1.5810860395431519,0.00028930604457855225
9195,0.5093399882316589,0.0003010627697221935
9196,0.03866700083017349,0.00031579876667819917
9197,-0.19173599779605865,0.00033175203134305775
9198,-0.5173400044441223,0.000357319600880146
9199,-0.7328090071678162,0.0003950205573346466
9200,-0.7978770136833191,0.0004377816803753376
9201,-0.9330779910087585,0.000499185873195529
9202,-1.2336150407791138,0.0005818884819746017
9203,-1.6741540431976318,0.0005979263223707676
9204,-1.789355993270874,0.0006052964017726481
9205,-1.9296239614486694,0.0006127397064119577
9206,-1.9146909713745117,0.0006207393598742783
9207,-1.9546910524368286,0.0006287350552156568
9208,-1.8645570278167725,0.0006373021751642227
9209,-1.9296239614486694,0.0006452632369473577
9210,-1.8394900560379028,0.0006542551564052701
9211,-1.9146909713745117,0.0006635199533775449
9212,-1.8696229457855225,0.0006740845274180174
9213,-1.8296229839324951,0.0006833114894106984
9214,-1.8144229650497437,0.0006922837346792221
9215,-1.889623999595642,0.0007001047488301992
9216,-1.8546899557113647,0.0007080715731717646
9217,-1.9245569705963135,0.0007152983453124762
9218,-1.874690055847168,0.0007228234317153692
9219,-1.9296239614486694,0.0007301655132323503
9220,-1.874690055847168,0.0007379719172604382
9221,-1.9146909713745117,0.0008089281618595123
9222,-1.9245569705963135,0.0008439226658083498
9223,-1.9746910333633423,0.0008728986722417176
9224,-1.9296239614486694,0.0008920526597648859
9225,-1.9797580242156982,0.0009073466062545776
9226,-1.9698909521102905,0.0009191319113597274
9227,-2.0149590969085693,0.0009320403914898634
9228,-2.0048251152038574,0.0009427173645235598
9229,-2.019758939743042,0.000952896720264107
9230,-1.9746910333633423,0.0009642783552408218
9231,-1.9746910333633423,0.0009729451849125326
9232,-1.9698909521102905,0.0009815237717702985
9233,-1.9797580242156982,0.0009895823895931244
9234,-1.9146909713745117,0.0009957576403394341
9235,-1.9746910333633423,0.0010024219518527389
9236,-1.9546910524368286,0.0010065496899187565
9237,-1.9648250341415405,0.001010149484500289
9238,-1.9045569896697998,0.0010121027007699013
9239,-1.949623942375183,0.001013846369460225
9240,-1.9245569705963135,0.0010152703616768122
9241,-1.9146909713745117,0.0010168945882469416
9242,-1.8997570276260376,0.0010191024048253894
9243,-1.9296239614486694,0.001021125353872776
9244,-1.9096239805221558,0.0010245265439152718
9245,-1.9245569705963135,0.0010277971159666777
9246,-1.8594900369644165,0.0010327462805435061
9247,-1.9197570085525513,0.0010372847318649292
9248,-1.8546899557113647,0.0010425830259919167
9249,-1.9296239614486694,0.0010472319554537535
9250,-1.874690055847168,0.001051352359354496
9251,-1.9346909523010254,0.0010559303918853402
9252,-1.8946900367736816,0.001059043686836958
9253,-1.949623942375183,0.0010621617548167706
9254,-1.889623999595642,0.0010645578149706125
9255,-1.9397579431533813,0.001066951546818018
9256,-1.889623999595642,0.0010692740324884653
9257,-1.9245569705963135,0.0010722395963966846
9258,-1.9045569896697998,0.0010751452064141631
9259,-1.9146909713745117,0.001078090281225741
9260,-1.9045569896697998,0.0010807884391397238
9261,-1.9296239614486694,0.001082880888134241
9262,-1.874690055847168,0.0010845933575183153
9263,-1.9045569896697998,0.0010869703255593777
9264,-1.8794900178909302,0.0010892414720728993
9265,-1.944823980331421,0.0010908165713772178
9266,-1.8394900560379028,0.0010925737442448735
9267,-1.9296239614486694,0.0010937359184026718
9268,-1.874690055847168,0.0010950569994747639
9269,-1.9245569705963135,0.0010960072977468371
9270,-1.8845570087432861,0.0010967995040118694
9271,-1.9096239805221558,0.001097681699320674
9272,-1.8845570087432861,0.0010985281551256776
9273,-1.9245569705963135,0.0010997061617672443
9274,-1.8696229457855225,0.0011009988375008106
9275,-1.9346909523010254,0.0011025259736925364
9276,-1.8794900178909302,0.0011040202807635069
9277,-1.9397579431533813,0.0011054923525080085
9278,-1.889623999595642,0.0011070246109738946
9279,-1.9397579431533813,0.001108244527131319
9280,-1.889623999595642,0.0011098383693024516
9281,-1.949623942375183,0.001111056306399405
9282,-1.8594900369644165,0.0011124734301120043
9283,-1.8794900178909302,0.0011137465480715036
9284,-1.8794900178909302,0.0011150045320391655
9285,-1.9296239614486694,0.0011163902236148715
9286,-1.8946900367736816,0.0011175406398251653
9287,-1.9197570085525513,0.0011186483316123486
9288,-1.8997570276260376,0.001119432970881462
9289,-1.9146909713745117,0.0011200770968571305
9290,-1.9146909713745117,0.001120701665058732
9291,-1.9296239614486694,0.001121218898333609
9292,-1.9045569896697998,0.001121558714658022
9293,-1.9146909713745117,0.0011217851424589753
9294,-1.8845570087432861,0.0011219398584216833
9295,-1.9245569705963135,0.0011220381129533052
9296,-1.874690055847168,0.001122110988944769
9297,-1.9045569896697998,0.0011221618624404073
9298,-1.889623999595642,0.001122199697420001
9299,-1.944823980331421,0.0011222242610529065
9300,-1.8645570278167725,0.001122237415984273
9301,-1.9245569705963135,0.0011222459143027663
9302,-1.8946900367736816,0.0011222509201616049
9303,-1.9245569705963135,0.0011222496395930648
9304,-1.9045569896697998,0.0011222490575164557
9305,-1.9296239614486694,0.0011222467292100191
9306,-1.889623999595642,0.0011222419561818242
9307,-1.9346909523010254,0.0011222385801374912
9308,-1.8946900367736816,0.0011222371831536293
9309,-1.9597580432891846,0.0011222399771213531
9310,-1.8794900178909302,0.0011222463799640536
9311,-1.9346909523010254,0.0011222570901736617
9312,-1.9045569896697998,0.001122274436056614
9313,-1.9397579431533813,0.0011222950415685773
9314,-1.889623999595642,0.0011223196052014828
9315,-1.9346909523010254,0.0011223505716770887
9316,-1.889623999595642,0.001122386776842177
9317,-1.9397579431533813,0.001122425775974989
9318,-1.9045569896697998,0.0011224679183214903
9319,-1.9597580432891846,0.0011225114576518536
9320,-1.9045569896697998,0.0011225512716919184
9321,-1.9296239614486694,0.0011225874768570065
9322,-1.8794900178909302,0.0011226166971027851
9323,-1.9346909523010254,0.0011226433562114835
9324,-1.8845570087432861,0.0011226667556911707
9325,-1.9397579431533813,0.0011226910864934325
9326,-1.9146909713745117,0.001122710877098143
9327,-1.9397579431533813,0.001122725778259337
9328,-1.889623999595642,0.0011227395152673125
9329,-1.9146909713745117,0.0011227501090615988
9330,-1.8997570276260376,0.0011227556969970465
9331,-1.9346909523010254,0.0011227610521018505
9332,-1.9245569705963135,0.0011227643117308617
9333,-1.9245569705963135,0.0011227625655010343
9334,-1.8794900178909302,0.001122758025303483
9335,-1.9245569705963135,0.0011227518552914262
9336,-1.874690055847168,0.0011227483628317714
9337,-1.9296239614486694,0.0011227482464164495
9338,-1.8845570087432861,0.0011227461509406567
9339,-1.949623942375183,0.001122743939049542
9340,-1.889623999595642,0.0011227403301745653
9341,-1.9546910524368286,0.0011227380018681288
9342,-1.889623999595642,0.0011227312497794628
9343,-1.9296239614486694,0.0011227251961827278
9344,-1.8997570276260376,0.001122721005231142
9345,-1.9146909713745117,0.0011227135546505451
9346,-1.889623999595642,0.0011227075010538101
9347,-1.9346909523010254,0.0011227031936869025
9348,-1.8997570276260376,0.0011226978385820985
9349,-1.944823980331421,0.0011226969072595239
9350,-1.9045569896697998,0.0011226930655539036
9351,-1.9397579431533813,0.001122686779126525
9352,-1.8845570087432861,0.0011226775823161006
9353,-1.944823980331421,0.001122672576457262
9354,-1.8946900367736816,0.0011226660571992397
9355,-1.9245569705963135,0.0011226602364331484
9356,-1.874690055847168,0.001122653717175126
9357,-1.9397579431533813,0.001122647663578391
9358,-1.8645570278167725,0.001122643006965518
9359,-1.9397579431533813,0.0011226395145058632
9360,-1.889623999595642,0.001122635556384921
9361,-1.9245569705963135,0.0011226299684494734
9362,-1.8645570278167725,0.0011226263595744967
9363,-1.9296239614486694,0.0011226233327761292
9364,-1.8794900178909302,0.0011226190254092216
9365,-1.9346909523010254,0.001122616813518107
9366,-1.8946900367736816,0.0011226139031350613
9367,-1.9045569896697998,0.0011226099450141191
9368,-1.9146909713745117,0.0011226090136915445
9369,-1.944823980331421,0.0011226104106754065
9370,-1.8997570276260376,0.001122606685385108
9371,-1.9296239614486694,0.0011226027272641659
9372,-1.889623999595642,0.0011225964408367872
9373,-1.9698909521102905,0.0011225875932723284
9374,-1.8946900367736816,0.001122577115893364
9375,-1.9245569705963135,0.0011225626803934574
9376,-1.9197570085525513,0.0011225498747080564
9377,-1.944823980331421,0.001122540794312954
9378,-1.8946900367736816,0.0011225285707041621
9379,-1.9245569705963135,0.0011225189082324505
9380,-1.889623999595642,0.0011225021444261074
9381,-1.9597580432891846,0.001122468733228743
9382,-1.9397579431533813,0.0011224027257412672
9383,-1.9698909521102905,0.0011222566245123744
9384,-1.9146909713745117,0.0011219702428206801
9385,-1.9397579431533813,0.0011215527774766088
9386,-1.8946900367736816,0.0011209107469767332
9387,-1.944823980331421,0.0011198470601812005
9388,-1.9296239614486694,0.0011183584574609995
9389,-1.949623942375183,0.0011167372576892376
9390,-1.9045569896697998,0.0011149679776281118
9391,-1.9397579431533813,0.0011133425869047642
9392,-1.8997570276260376,0.001111606485210359
9393,-1.9397579431533813,0.0011096528032794595
9394,-1.8997570276260376,0.0011073191417381167
9395,-1.9245569705963135,0.0011052123736590147
9396,-1.8794900178909302,0.001102602225728333
9397,-1.9096239805221558,0.0011000563390552998
9398,-1.8696229457855225,0.0010974343167617917
9399,-1.9296239614486694,0.001094709150493145
9400,-1.9296239614486694,0.0010919866617769003
9401,-1.9245569705963135,0.0010891660349443555
9402,-1.9045569896697998,0.0010864438954740763
9403,-1.9546910524368286,0.0010832854313775897
9404,-1.9096239805221558,0.001079868758097291
9405,-1.944823980331421,0.0010768633801490068
9406,-1.8997570276260376,0.0010737532284110785
9407,-1.9397579431533813,0.0010700376005843282
9408,-1.9045569896697998,0.0010666833259165287
9409,-1.9397579431533813,0.0010635645594447851
9410,-1.9146909713745117,0.0010600036475807428
9411,-1.9346909523010254,0.0010563998948782682
9412,-1.8845570087432861,0.0010530452709645033
9413,-1.949623942375183,0.0010500028729438782
9414,-1.8645570278167725,0.001046720426529646
9415,-1.9296239614486694,0.0010438963072374463
9416,-1.9045569896697998,0.0010413050185889006
9417,-1.949623942375183,0.0010392700787633657
9418,-1.889623999595642,0.0010375580750405788
9419,-1.9597580432891846,0.0010352475801482797
9420,-1.8946900367736816,0.0010331285884603858
9421,-1.9397579431533813,0.0010312455706298351
9422,-1.8997570276260376,0.0010290658101439476
9423,-1.944823980331421,0.001026759622618556
9424,-1.9146909713745117,0.001024189405143261
9425,-1.9197570085525513,0.0010204778518527746
9426,-1.8997570276260376,0.0010165652493014932
9427,-1.949623942375183,0.0010129075963050127
9428,-1.9146909713745117,0.0010097869671881199
9429,-1.9397579431533813,0.001005691708996892
9430,-1.8946900367736816,0.0010023380164057016
9431,-1.9546910524368286,0.0009986739605665207
9432,-1.8946900367736816,0.0009938805596902966
9433,-1.9146909713745117,0.0009897483978420496
9434,-1.9045569896697998,0.0009844638407230377
9435,-1.9197570085525513,0.0009788806783035398
9436,-1.9397579431533813,0.0009733861079439521
9437,-1.9648250341415405,0.0009664631215855479
9438,-1.9146909713745117,0.0009611670393496752
9439,-1.9797580242156982,0.0009552798001095653
9440,-1.9045569896697998,0.0009492305107414722
9441,-1.9245569705963135,0.0009438544511795044
9442,-1.9045569896697998,0.0009367379825562239
9443,-1.9296239614486694,0.0009309911984018981
9444,-1.9146909713745117,0.0009243401000276208
9445,-1.9648250341415405,0.0009153589489869773
9446,-1.8997570276260376,0.0009063984034582973
9447,-1.9296239614486694,0.0008941650739870965
9448,-1.9096239805221558,0.00088288146071136
9449,-1.9296239614486694,0.0008704867796041071
9450,-1.889623999595642,0.0008571027428843081
9451,-1.9397579431533813,0.0008439366356469691
9452,-1.9146909713745117,0.0008280010079033673
9453,-1.9746910333633423,0.0008105634478852153
9454,-1.8946900367736816,0.0007838112069293857
9455,-1.9698909521102905,0.0007450146367773414
9456,-1.9045569896697998,0.0007014002185314894
9457,-1.949623942375183,0.0006393304211087525
9458,-1.8946900367736816,0.0005560163408517838
9459,-1.9245569705963135,0.0005394250620156527
9460,-1.889623999595642,0.0005316913593560457
9461,-1.9698909521102905,0.0005240114405751228
9462,-1.9045569896697998,0.00051584915490821
9463,-1.9296239614486694,0.0005077638197690248
9464,-1.8696229457855225,0.0004991465248167515
9465,-1.9746910333633423,0.0004911596770398319
9466,-1.889623999595642,0.00048215853166766465
9467,-1.9648250341415405,0.0004729001666419208
9468,-1.9146909713745117,0.00046237127389758825
9469,-1.9397579431533813,0.0004532074963208288
9470,-1.8845570087432861,0.0004443457582965493
9471,-1.9146909713745117,0.00043671036837622523
9472,-1.8997570276260376,0.0004290980286896229
9473,-1.949623942375183,0.00042236418812535703
9474,-1.874690055847168,0.00041562304249964654
9475,-1.7994890213012695,0.0004094687174074352
9476,-0.7477430105209351,0.00040327542228624225
9477,-0.11173500120639801,0.0003340326948091388
9478,0.07866799831390381,0.0003008506027981639
9479,0.4341390132904053,0.00027349041192792356
9480,0.6146739721298218,0.00025608623400330544
9481,0.6546750068664551,0.00024293300521094352
9482,0.8098769783973694,0.00023337252787314355
9483,1.1104140281677246,0.00022262521088123322
9484,1.5261520147323608,0.00021444246522150934
9485,1.7064210176467896,0.00020689067605417222
9486,1.8066890239715576,0.00019814982078969479
9487,1.8416229486465454,0.00019228598102927208
9488,1.8365559577941895,0.00018644635565578938
9489,1.8266890048980713,0.00018104213813785464
9490,1.8314900398254395,0.00017764823860488832
9491,1.7765560150146484,0.00017428863793611526
9492,1.8266890048980713,0.00017341630882583559
9493,1.7664220333099365,0.00017277291044592857
9494,1.7864220142364502,0.0001741127052810043
9495,1.7314879894256592,0.00017611286602914333
9496,1.781622052192688,0.0001778746081981808
9497,1.7464220523834229,0.0001795169955585152
9498,1.856557011604309,0.00018078484572470188
9499,1.796555995941162,0.00018232199363410473
9500,1.8816239833831787,0.00018230461864732206
9501,1.8165559768676758,0.00018202901992481202
9502,1.856557011604309,0.00018044933676719666
9503,1.856557011604309,0.00017855821351986378
9504,1.8866900205612183,0.00017602129082661122
9505,1.856557011604309,0.00017319558537565172
9506,1.9218909740447998,0.00017095256771426648
9507,1.8666900396347046,0.00016854392015375197
9508,1.9466910362243652,0.00016774788673501462
9509,1.911756992340088,0.00016651814803481102
9510,1.9317569732666016,0.00016665784642100334
9511,1.856557011604309,0.00016654345381539315
9512,1.906690001487732,0.00016718567349016666
9513,1.8816239833831787,0.00016787795175332576
9514,1.906690001487732,0.00016926795069593936
9515,1.8717570304870605,0.00016967664123512805
9516,1.8968240022659302,0.0001702219306025654
9517,1.851755976676941,0.00017226494674105197
9518,1.9016239643096924,0.00017382616351824254
9519,1.856557011604309,0.00017550913617014885
9520,1.8666900396347046,0.00017764691438060254
9521,1.851755976676941,0.00018034293316304684
9522,1.851755976676941,0.00018459053535480052
9523,1.8114889860153198,0.00018879561685025692
9524,1.8165559768676758,0.00019333302043378353
9525,1.8266890048980713,0.00019858544692397118
9526,1.8416229486465454,0.00020302031771279871
9527,1.8216229677200317,0.00020860345102846622
9528,1.8365559577941895,0.00021337058569770306
9529,1.8216229677200317,0.00021777914662379771
9530,1.8666900396347046,0.00022329103376250714
9531,1.7765560150146484,0.00022736765095032752
9532,1.8616230487823486,0.00023349451657850295
9533,1.801622986793518,0.00024051094078458846
9534,1.8816239833831787,0.00024834967916831374
9535,1.796555995941162,0.00025835190899670124
9536,1.8365559577941895,0.00026757403975352645
9537,1.8066890239715576,0.00027878483524546027
9538,1.320816993713379,0.00029088062001392245
9539,0.24400299787521362,0.00030478392727673054
9540,-0.0013330000219866633,0.0003192600270267576
9541,-0.2720029950141907,0.0003381351998541504
9542,-0.5725399851799011,0.0003695612249430269
9543,-0.7528089880943298,0.0004065721295773983
9544,-0.8178769946098328,0.0004504215903580189
9545,-1.0032130479812622,0.0005156529368832707
9546,-1.3688169717788696,0.0005765953101217747
9547,-1.7544219493865967,0.0005865957355126739
9548,-1.8296229839324951,0.000595059827901423
9549,-1.9546910524368286,0.000603552209213376
9550,-1.9245569705963135,0.0006122123450040817
9551,-1.949623942375183,0.0006206735270097852
9552,-1.9096239805221558,0.0006291077006608248
9553,-1.9648250341415405,0.0006375901866704226
9554,-1.8946900367736816,0.0006473482353612781
9555,-1.9045569896697998,0.0006569849792867899
9556,-1.8245559930801392,0.000667084997985512
9557,-1.8594900369644165,0.0006761960103176534
9558,-1.8296229839324951,0.0006857813568785787
9559,-1.8594900369644165,0.0006945817149244249
9560,-1.8144229650497437,0.0007029669359326363
9561,-1.9245569705963135,0.0007107865530997515
9562,-1.9045569896697998,0.0007186013972386718
9563,-1.949623942375183,0.0007263318402692676
9564,-1.9245569705963135,0.0007392003899440169
9565,-1.9648250341415405,0.0007986340206116438
9566,-1.944823980331421,0.0008308729156851768
9567,-1.9746910333633423,0.0008559691486880183
9568,-1.949623942375183,0.0008741619531065226
9569,-2.019758939743042,0.0008879423839971423
9570,-1.9797580242156982,0.0008996964897960424
9571,-2.0397589206695557,0.0009135258151218295
9572,-1.9848250150680542,0.0009236111654900014
9573,-2.019758939743042,0.0009341424447484314
9574,-1.9797580242156982,0.0009444094612263143
9575,-1.999758005142212,0.0009527387446723878
9576,-1.9296239614486694,0.000961707322858274
9577,-1.9746910333633423,0.0009689941653050482
9578,-1.9346909523010254,0.0009751167963258922
9579,-1.9898920059204102,0.00098079489544034
9580,-1.944823980331421,0.0009846932953223586
9581,-1.9397579431533813,0.000987577484920621
9582,-1.9146909713745117,0.0009894726099446416
9583,-1.9648250341415405,0.0009908797219395638
9584,-1.889623999595642,0.0009925545891746879
9585,-1.9546910524368286,0.0009942145552486181
9586,-1.8997570276260376,0.0009961479809135199
9587,-1.9197570085525513,0.0009984431089833379
9588,-1.9146909713745117,0.001001612632535398
9589,-1.9296239614486694,0.0010051424615085125
9590,-1.8845570087432861,0.0010101355146616697
9591,-1.9397579431533813,0.0010147009743377566
9592,-1.8794900178909302,0.0010204482823610306
9593,-1.9296239614486694,0.0010247989557683468
9594,-1.874690055847168,0.0010290131904184818
9595,-1.9245569705963135,0.0010330260265618563
9596,-1.9146909713745117,0.0010359849547967315
9597,-1.9146909713745117,0.0010389196686446667
9598,-1.9096239805221558,0.001041269046254456
9599,-1.874690055847168,0.0010436975862830877
9600,-1.8794900178909302,0.001046100165694952
9601,-1.9146909713745117,0.0010489241685718298
9602,-1.8794900178909302,0.0010519805364310741
9603,-1.9346909523010254,0.0010547270067036152
9604,-1.889623999595642,0.0010574713815003633
9605,-1.9146909713745117,0.0010593149345368147
9606,-1.8997570276260376,0.0010610910831019282
9607,-1.9197570085525513,0.001063306350260973
9608,-1.8696229457855225,0.0010654812213033438
9609,-1.9245569705963135,0.0010669706389307976
9610,-1.8997570276260376,0.00106861034873873
9611,-1.8997570276260376,0.0010697204852476716
9612,-1.8594900369644165,0.0010708312038332224
9613,-1.9045569896697998,0.001071824925020337
9614,-1.8845570087432861,0.0010725411120802164
9615,-1.9296239614486694,0.0010735548567026854
9616,-1.8845570087432861,0.0010744034079834819
9617,-1.9296239614486694,0.0010757551062852144
9618,-1.8645570278167725,0.0010770324151962996
9619,-1.9245569705963135,0.0010786999482661486
9620,-1.8997570276260376,0.001080110901966691
9621,-1.9045569896697998,0.0010816623689606786
9622,-1.8845570087432861,0.0010830393293872476
9623,-1.9546910524368286,0.0010842657648026943
9624,-1.8845570087432861,0.0010857823072001338
9625,-1.9296239614486694,0.0010869663674384356
9626,-1.874690055847168,0.0010885149240493774
9627,-1.8997570276260376,0.0010897108586505055
9628,-1.8794900178909302,0.0010910124983638525
9629,-1.9096239805221558,0.001092288875952363
9630,-1.8946900367736816,0.0010933963349089026
9631,-1.9746910333633423,0.0010943899396806955
9632,-1.874690055847168,0.001095106010325253
9633,-1.944823980331421,0.001095719519071281
9634,-1.8794900178909302,0.0010963287204504013
9635,-1.9546910524368286,0.0010967684211209416
9636,-1.8594900369644165,0.0010970622533932328
9637,-1.949623942375183,0.0010972495656460524
9638,-1.8845570087432861,0.001097379019483924
9639,-1.9296239614486694,0.0010974584147334099
9640,-1.889623999595642,0.0010975131299346685
9641,-1.9346909523010254,0.0010975415352731943
9642,-1.8794900178909302,0.0010975522454828024
9643,-1.9245569705963135,0.0010975506156682968
9644,-1.889623999595642,0.0010975445620715618
9645,-1.9296239614486694,0.0010975324548780918
9646,-1.8946900367736816,0.0010975217446684837
9647,-1.9397579431533813,0.0010975105687975883
9648,-1.889623999595642,0.0010975003242492676
9649,-1.9245569705963135,0.0010974907781928778
9650,-1.8794900178909302,0.0010974856559187174
9651,-1.9245569705963135,0.0010974796023219824
9652,-1.9146909713745117,0.0010974762262776494
9653,-1.9397579431533813,0.001097475877031684
9654,-1.9245569705963135,0.001097473199479282
9655,-1.9296239614486694,0.0010974672622978687
9656,-1.8946900367736816,0.0010974614415317774
9657,-1.9597580432891846,0.0010974619071930647
9658,-1.889623999595642,0.0010974663309752941
9659,-1.9546910524368286,0.0010974763426929712
9660,-1.8997570276260376,0.0010974890319630504
9661,-1.9296239614486694,0.0010975069599226117
9662,-1.9197570085525513,0.0010975238401442766
9663,-1.9648250341415405,0.0010975406039506197
9664,-1.9146909713745117,0.0010975515469908714
9665,-1.9346909523010254,0.00109755783341825
9666,-1.9045569896697998,0.0010975636541843414
9667,-1.949623942375183,0.001097569358535111
9668,-1.8997570276260376,0.0010975742479786277
9669,-1.9346909523010254,0.0010975782060995698
9670,-1.9245569705963135,0.0010975799523293972
9671,-1.9146909713745117,0.001097573433071375
9672,-1.889623999595642,0.0010975662153214216
9673,-1.9546910524368286,0.0010975601617246866
9674,-1.9045569896697998,0.0010975506156682968
9675,-1.9197570085525513,0.0010975393233820796
9676,-1.8645570278167725,0.0010975287295877934
9677,-1.9296239614486694,0.0010975179029628634
9678,-1.8645570278167725,0.0010975063778460026
9679,-1.944823980331421,0.0010974984616041183
9680,-1.8997570276260376,0.001097489963285625
9681,-1.9296239614486694,0.0010974800679832697
9682,-1.9096239805221558,0.0010974700562655926
9683,-1.9296239614486694,0.001097454340197146
9684,-1.8845570087432861,0.0010974397882819176
9685,-1.949623942375183,0.0010974272154271603
9686,-1.9045569896697998,0.0010974144097417593
9687,-1.9296239614486694,0.0010973985772579908
9688,-1.8997570276260376,0.0010973839089274406
9689,-1.9296239614486694,0.0010973666794598103
9690,-1.889623999595642,0.001097348053008318
9691,-1.9146909713745117,0.0010973289608955383
9692,-1.8845570087432861,0.0010973101016134024
9693,-1.9296239614486694,0.0010972947347909212
9694,-1.8845570087432861,0.001097280764952302
9695,-1.9245569705963135,0.0010972669115290046
9696,-1.8946900367736816,0.0010972553864121437
9697,-1.944823980331421,0.0010972428135573864
9698,-1.889623999595642,0.001097230240702629
9699,-1.9245569705963135,0.0010972153395414352
9700,-1.8997570276260376,0.0010972002055495977
9701,-1.9296239614486694,0.001097186584956944
9702,-1.9197570085525513,0.0010971763404086232
9703,-1.9397579431533813,0.0010971641167998314
9704,-1.889623999595642,0.0010971494484692812
9705,-1.9296239614486694,0.0010971340816468
9706,-1.9146909713745117,0.0010971197625622153
9707,-1.9698909521102905,0.0010970996227115393
9708,-1.8696229457855225,0.0010970772709697485
9709,-1.9346909523010254,0.0010970605071634054
9710,-1.9096239805221558,0.0010970475850626826
9711,-1.9146909713745117,0.001097033265978098
9712,-1.8794900178909302,0.0010970239527523518
9713,-1.9648250341415405,0.0010970155708491802
9714,-1.9146909713745117,0.0010970031144097447
9715,-1.949623942375183,0.0010969886789098382
9716,-1.8997570276260376,0.0010969738941639662
9717,-1.9245569705963135,0.0010969522409141064
9718,-1.889623999595642,0.0010969366412609816
9719,-1.9245569705963135,0.001096924301236868
9720,-1.9296239614486694,0.0010969119612127542
9721,-1.9546910524368286,0.0010968968272209167
9722,-1.8794900178909302,0.0010968807619065046
9723,-1.9597580432891846,0.001096862368285656
9724,-1.889623999595642,0.0010968234855681658
9725,-1.949623942375183,0.0010967638809233904
9726,-1.9096239805221558,0.001096655847504735
9727,-1.944823980331421,0.0010964733082801104
9728,-1.8794900178909302,0.0010961247608065605
9729,-1.944823980331421,0.0010956404730677605
9730,-1.8845570087432861,0.0010948632843792439
9731,-1.9296239614486694,0.0010936835315078497
9732,-1.8794900178909302,0.0010920772328972816
9733,-1.949623942375183,0.0010903743095695972
9734,-1.9146909713745117,0.0010885698720812798
9735,-1.949623942375183,0.0010869612451642752
9736,-1.889623999595642,0.0010852168779820204
9737,-1.9797580242156982,0.0010830805404111743
9738,-1.9045569896697998,0.0010808540973812342
9739,-1.949623942375183,0.0010786864440888166
9740,-1.9045569896697998,0.0010761830490082502
9741,-1.9146909713745117,0.0010735392570495605
9742,-1.9245569705963135,0.001070873811841011
9743,-1.9546910524368286,0.001068039215169847
9744,-1.8997570276260376,0.0010652686469256878
9745,-1.949623942375183,0.0010666928719729185
9746,-1.8794900178909302,0.0010680097620934248
9747,-1.9346909523010254,0.0010688145412132144
9748,-1.9045569896697998,0.0010696838144212961
9749,-1.9197570085525513,0.001070867059752345
9750,-1.8997570276260376,0.0010717215482145548
9751,-1.9296239614486694,0.0010721217840909958
9752,-1.9045569896697998,0.001073105144314468
9753,-1.944823980331421,0.0010740129509940743
9754,-1.889623999595642,0.001074715401045978
9755,-1.9648250341415405,0.0010753351962193847
9756,-1.9197570085525513,0.0010761473095044494
9757,-1.9698909521102905,0.0010773743269965053
9758,-1.9245569705963135,0.0010782165918499231
9759,-1.9146909713745117,0.0010798301082104445
9760,-1.889623999595642,0.0010813388507813215
9761,-1.9397579431533813,0.001083863084204495
9762,-1.9245569705963135,0.0010863536735996604
9763,-1.9648250341415405,0.0010885504307225347
9764,-1.9045569896697998,0.001090607256628573
9765,-1.9245569705963135,0.0010931476717814803
9766,-1.9146909713745117,0.001095001120120287
9767,-1.949623942375183,0.001097150263376534
9768,-1.9096239805221558,0.0010985620319843292
9769,-1.9296239614486694,0.0010992147726938128
9770,-1.9045569896697998,0.0010991640156134963
9771,-1.9296239614486694,0.0011001639068126678
9772,-1.9045569896697998,0.0011012976756319404
9773,-1.9797580242156982,0.0011014353949576616
9774,-1.889623999595642,0.0011025519343093038
9775,-1.9546910524368286,0.0011027833679690957
9776,-1.9146909713745117,0.0011026202701032162
9777,-1.9546910524368286,0.0011026131687685847
9778,-1.9397579431533813,0.0011006095446646214
9779,-1.9146909713745117,0.0010993273463100195
9780,-1.8997570276260376,0.001097461674362421
9781,-1.9698909521102905,0.0010951750446110964
9782,-1.8946900367736816,0.0010940145002678037
9783,-1.9546910524368286,0.0010913799051195383
9784,-1.9245569705963135,0.0010897283209487796
9785,-1.9648250341415405,0.0010880895424634218
9786,-1.8794900178909302,0.001084980322048068
9787,-1.9146909713745117,0.0010832834523171186
9788,-1.889623999595642,0.0010791404638439417
9789,-1.949623942375183,0.0010739030549302697
9790,-1.8794900178909302,0.0010675450321286917
9791,-1.9546910524368286,0.0010588545119389892
9792,-1.9245569705963135,0.0010505819227546453
9793,-1.9245569705963135,0.001040231087245047
9794,-1.9146909713745117,0.001028432510793209
9795,-1.9648250341415405,0.0010144375264644623
9796,-1.8997570276260376,0.0009996098233386874
9797,-1.9698909521102905,0.0009789237519726157
9798,-1.8946900367736816,0.0009424309246242046
9799,-1.9245569705963135,0.0008985134190879762
9800,-1.9296239614486694,0.0008458173251710832
9801,-1.9648250341415405,0.0007652595522813499
9802,-1.8997570276260376,0.0006894617690704763
9803,-1.9296239614486694,0.0006792282219976187
9804,-1.944823980331421,0.0006711267051286995
9805,-1.9648250341415405,0.0006630542920902371
9806,-1.8997570276260376,0.0006547758239321411
9807,-1.9546910524368286,0.0006467505590990186
9808,-1.9197570085525513,0.0006387157482095063
9809,-1.9698909521102905,0.0006305614951997995
9810,-1.9146909713745117,0.0006206227117218077
9811,-1.9597580432891846,0.0006107562803663313
9812,-1.9045569896697998,0.0006001705769449472
9813,-1.9146909713745117,0.0005908306920900941
9814,-1.874690055847168,0.0005807445850223303
9815,-1.9045569896697998,0.000571639568079263
9816,-1.8696229457855225,0.0005630154046230018
9817,-1.9245569705963135,0.0005550865898840129
9818,-1.8794900178909302,0.0005470792530104518
9819,-1.6392199993133545,0.0005390993901528418
9820,-0.4922730028629303,0.0005237208679318428
9821,-0.10666800290346146,0.00044156433432362974
9822,0.1488019973039627,0.0003975937142968178
9823,0.46427199244499207,0.0003634464228525758
9824,0.6496080160140991,0.00033895004889927804
9825,0.7248089909553528,0.0003206187393516302
9826,0.865077018737793,0.0003050564555451274
9827,1.2005480527877808,0.0002862286346498877
9828,1.641353964805603,0.00027274980675429106
9829,1.7162879705429077,0.0002584352914709598
9830,1.8616230487823486,0.0002443519188091159
9831,1.8314900398254395,0.000233032536925748
9832,1.8666900396347046,0.00022061512572690845
9833,1.8066890239715576,0.0002106313913827762
9834,1.846690058708191,0.00020233646500855684
9835,1.8165559768676758,0.00019463278295006603
9836,1.8165559768676758,0.00018962334434036165
9837,1.7914890050888062,0.00018614444707054645
9838,1.8114889860153198,0.0001841930643422529
9839,1.7264219522476196,0.00018299760995432734
9840,1.7864220142364502,0.00018136375001631677
9841,1.7565549612045288,0.00017973873764276505
9842,1.856557011604309,0.00017765528173185885
9843,1.8066890239715576,0.00017495291831437498
9844,1.8365559577941895,0.000170789091498591
9845,1.8616230487823486,0.0001659773988649249
9846,1.9218909740447998,0.00015867156616877764
9847,1.906690001487732,0.00015198509208858013
9848,1.9768249988555908,0.0001432235585525632
9849,1.8666900396347046,0.00013670885527972132
9850,1.8765569925308228,0.00013034595758654177
9851,1.8616230487823486,0.00012423994485288858
9852,1.9218909740447998,0.00011987877223873511
9853,1.8765569925308228,0.00011549852933967486
9854,1.9218909740447998,0.00011208667274331674
9855,1.911756992340088,0.000108484280644916
9856,1.9368239641189575,0.00010487919644219801
9857,1.8917570114135742,0.00010047134128399193
9858,1.9218909740447998,9.558276360621676e-05
9859,1.8616230487823486,9.118468005908653e-05
9860,1.8717570304870605,8.673000411363319e-05
9861,1.8165559768676758,8.386259287362918e-05
9862,1.8616230487823486,8.108506153803319e-05
9863,1.8266890048980713,7.744297181488946e-05
9864,1.8816239833831787,7.382809417322278e-05
9865,1.8266890048980713,7.145625568227842e-05
9866,1.8968240022659302,6.876775296404958e-05
9867,1.8216229677200317,6.70525332679972e-05
9868,1.8765569925308228,6.531449616886675e-05
9869,1.846690058708191,6.377803219947964e-05
9870,1.8717570304870605,6.276996282394975e-05
9871,1.8066890239715576,6.115174619480968e-05
9872,1.8616230487823486,5.984337258269079e-05
9873,1.7765560150146484,5.749314004788175e-05
9874,1.856557011604309,5.525792221305892e-05
9875,1.8165559768676758,5.218569276621565e-05
9876,1.8866900205612183,4.959539000992663e-05
9877,1.8416229486465454,4.666316817747429e-05
9878,1.856557011604309,4.4053205783711746e-05
9879,1.8066890239715576,4.171520413365215e-05
9880,1.846690058708191,3.8715701521141455e-05
9881,1.7765560150146484,3.637419649749063e-05
9882,1.0453460216522217,3.321106851217337e-05
9883,0.09360100328922272,3.075922722928226e-05
9884,-0.04666699841618538,2.8036791263730265e-05
9885,-0.37707099318504333,2.5321955035906285e-05
9886,-0.6274750232696533,2.2944825104787014e-05
9887,-0.7626760005950928,2.078145189443603e-05
9888,-0.8178769946098328,1.920759677886963e-05
9889,-1.0984139442443848,1.7831276636570692e-05
9890,-1.4938850402832031,1.6441850675619207e-05
9891,-1.7794890403747559,1.5415002053487115e-05
9892,-1.8594900369644165,1.472032363381004e-05
9893,-1.9797580242156982,1.425869413651526e-05
9894,-1.9096239805221558,1.3934554772276897e-05
9895,-1.9197570085525513,1.3720799870498013e-05
9896,-1.8496229648590088,1.3573429896496236e-05
9897,-1.9397579431533813,1.3484925148077309e-05
9898,-1.8594900369644165,1.3442405361274723e-05
9899,-1.889623999595642,1.3424422832031269e-05
9900,-1.8144229650497437,1.342276664217934e-05
9901,-1.8296229839324951,1.343432450084947e-05
9902,-1.7744220495224,1.3453010069497395e-05
9903,-1.8445559740066528,1.3472289538185578e-05
9904,-1.8296229839324951,1.3493830010702368e-05
9905,-1.9296239614486694,1.3512059013010003e-05
9906,-1.9096239805221558,1.3527295777748805e-05
9907,-1.949623942375183,1.3540722648031078e-05
9908,-1.8794900178909302,1.3550555195251945e-05
9909,-1.9397579431533813,1.3547065464081243e-05
9910,-1.9197570085525513,1.3545265574066434e-05
9911,-1.9848250150680542,1.3534495337808039e-05
9912,-1.9648250341415405,1.352325580228353e-05
9913,-2.024825096130371,1.3491203390003648e-05
9914,-1.949623942375183,1.34500887725153e-05
9915,-2.0149590969085693,1.338369747827528e-05
9916,-1.9746910333633423,1.3317617231223267e-05
9917,-1.9848250150680542,1.322576827078592e-05
9918,-1.9346909523010254,1.3141854651621543e-05
9919,-1.999758005142212,1.3052191206952557e-05
9920,-1.9296239614486694,1.2981642612430733e-05
9921,-2.0048251152038574,1.2914088983961847e-05
9922,-1.9397579431533813,1.2860848073614761e-05
9923,-2.0048251152038574,1.2802871424355544e-05
9924,-1.9197570085525513,1.2754609997500665e-05
9925,-1.9546910524368286,1.2701352716248948e-05
9926,-1.9045569896697998,1.266625531570753e-05
9927,-1.9648250341415405,1.2638905900530517e-05
9928,-1.9296239614486694,1.2624871487787459e-05
9929,-1.949623942375183,1.2604563380591571e-05
9930,-1.8946900367736816,1.260212593479082e-05
9931,-1.9397579431533813,1.2599040019267704e-05
9932,-1.874690055847168,1.2606967175088357e-05
9933,-1.944823980331421,1.261246234207647e-05
9934,-1.9146909713745117,1.2628659533220343e-05
9935,-1.9397579431533813,1.2628848708118312e-05
9936,-1.8845570087432861,1.263835838472005e-05
9937,-1.9296239614486694,1.2641546163649764e-05
9938,-1.8794900178909302,1.2649643394979648e-05
9939,-1.9045569896697998,1.2658007108257152e-05
9940,-1.8845570087432861,1.2679231986112427e-05
9941,-1.9296239614486694,1.2690064068010543e-05
9942,-1.8997570276260376,1.2707779205811676e-05
9943,-1.9397579431533813,1.2726114618999418e-05
9944,-1.8794900178909302,1.2746879292535596e-05
9945,-1.9546910524368286,1.2762619007844478e-05
9946,-1.8997570276260376,1.2786300430889241e-05
9947,-1.9245569705963135,1.2799254363926593e-05
9948,-1.874690055847168,1.2823786164517514e-05
9949,-1.9346909523010254,1.283681376662571e-05
9950,-1.874690055847168,1.2859900380135514e-05
9951,-1.9245569705963135,1.2880280337412842e-05
9952,-1.8845570087432861,1.2908544704259839e-05
9953,-1.9245569705963135,1.2923217582283542e-05
9954,-1.8546899557113647,1.2946734386787284e-05
9955,-1.9045569896697998,1.2971737305633724e-05
9956,-1.9096239805221558,1.3001489605812822e-05
9957,-1.9296239614486694,1.3017838682571892e-05
9958,-1.8946900367736816,1.3038753422733862e-05
9959,-1.9197570085525513,1.3051479072601069e-05
9960,-1.8696229457855225,1.3070802197034936e-05
9961,-1.9245569705963135,1.30788885144284e-05
9962,-1.8997570276260376,1.3095245776639786e-05
9963,-1.9546910524368286,1.3111411135469098e-05
9964,-1.9296239614486694,1.3154413863958325e-05
9965,-1.9296239614486694,1.3157298781152349e-05
9966,-1.8997570276260376,1.3162692084733862e-05
9967,-1.9296239614486694,1.3156973182049114e-05
9968,-1.8794900178909302,1.3165175914764404e-05
9969,-1.9045569896697998,1.3156603017705493e-05
9970,-1.889623999595642,1.318719660048373e-05
9971,-1.9296239614486694,1.3211677469371352e-05
9972,-1.889623999595642,1.3251389646029565e-05
9973,-1.9245569705963135,1.3289628441270906e-05
9974,-1.889623999595642,1.3334628420125227e-05
9975,-1.9346909523010254,1.334110856987536e-05
9976,-1.9146909713745117,1.3363857760850806e-05
9977,-1.9346909523010254,1.336698915110901e-05
9978,-1.8296229839324951,1.3402013792074285e-05
9979,-1.9045569896697998,1.3412936823442578e-05
9980,-1.874690055847168,1.3480584129865747e-05
9981,-1.8794900178909302,1.3509340533346403e-05
9982,-1.889623999595642,1.36141425173264e-05
9983,-1.9146909713745117,1.3714911801798735e-05
9984,-1.8546899557113647,1.3822069377056323e-05
9985,-1.9245569705963135,1.3907750144426245e-05
9986,-1.8496229648590088,1.4028379155206494e-05
9987,-1.9146909713745117,1.4098791325523052e-05
9988,-1.8696229457855225,1.4235575690690894e-05
9989,-1.9146909713745117,1.4256347640184686e-05
9990,-1.8546899557113647,1.4348825970955659e-05
9991,-1.8997570276260376,1.441549466107972e-05
9992,-1.8794900178909302,1.4528632164001465e-05
9993,-1.9397579431533813,1.458894712413894e-05
9994,-1.9146909713745117,1.4788575754209887e-05
9995,-1.9648250341415405,1.4865398043184541e-05
9996,-1.889623999595642,1.5035271644592285e-05
9997,-1.9296239614486694,1.4954143807699438e-05
9998,-1.889623999595642,1.4921030015102588e-05
9999,-1.949623942375183,1.4205773368303198e-05
