index,value,anomaly_score
0,0.03866700083017349,0.0007005135412327945
1,0.01360000018030405,0.0007090469589456916
2,0.03866700083017349,0.0007085800170898438
3,0.0685340017080307,0.0007067322731018066
4,0.06373400241136551,0.0007066329708322883
5,0.02346700057387352,0.0007013546419329941
6,0.04853399842977524,0.0006989269168116152
7,-0.0013330000219866633,0.0006978139281272888
8,0.04853399842977524,0.0007097478373907506
9,0.003467000089585781,0.0007158100488595665
10,0.05360100045800209,0.0007259412086568773
11,0.003467000089585781,0.0007319434080272913
12,0.06373400241136551,0.0007413060520775616
13,-0.006399999838322401,0.0007476721657440066
14,0.06373400241136551,0.0007550636655651033
15,-0.0013330000219866633,0.0007580779492855072
16,0.04853399842977524,0.000764154945500195
17,-0.0013330000219866633,0.0007696383399888873
18,0.08373399823904037,0.0007758182473480701
19,0.02346700057387352,0.0007795532001182437
20,0.06373400241136551,0.0007833488052710891
21,0.01360000018030405,0.0007848043460398912
22,0.06373400241136551,0.0007866775849834085
23,0.02346700057387352,0.0007871091365814209
24,0.04853399842977524,0.0007925542304292321
25,-0.016534000635147095,0.0007964884862303734
26,0.043733999133110046,0.0007995882187969983
27,0.01360000018030405,0.0008020116947591305
28,0.03359999880194664,0.0008061144035309553
29,0.008533000014722347,0.0008117661927826703
30,0.028534000739455223,0.0008184954058378935
31,-0.0013330000219866633,0.0008274130523204803
32,0.08880099654197693,0.0008367354166693985
33,-0.02160000056028366,0.0008425496052950621
34,0.05360100045800209,0.0008473157649859786
35,-0.006399999838322401,0.0008526858291588724
36,0.0685340017080307,0.0008564247982576489
37,0.02346700057387352,0.0008576747495681047
38,0.05360100045800209,0.000858390936627984
39,-0.016534000635147095,0.0008600736036896706
40,0.04853399842977524,0.0008621947490610182
41,0.008533000014722347,0.0008627521456219256
42,-0.0013330000219866633,0.0008648661896586418
43,0.01360000018030405,0.0008655019337311387
44,0.05360100045800209,0.0008669213275425136
45,0.02346700057387352,0.0008671163232065737
46,0.0685340017080307,0.0008675384451635182
47,0.003467000089585781,0.0008667774382047355
48,0.05360100045800209,0.0008668166119605303
49,-0.016534000635147095,0.0008666090434417129
50,0.02346700057387352,0.0008659873274154961
51,0.01360000018030405,0.0008659285958856344
52,0.028534000739455223,0.000866924412548542
53,-0.016534000635147095,0.0008687634253874421
54,-0.0013330000219866633,0.0008708621026016772
55,-0.04666699841618538,0.00087273761164397
56,0.05360100045800209,0.000873853568919003
57,-0.0013330000219866633,0.0008749886183068156
58,0.06373400241136551,0.0008773378795012832
59,0.02346700057387352,0.0008779721101745963
60,0.06373400241136551,0.0008783109369687736
61,0.03866700083017349,0.0008785449317656457
62,0.07360100001096725,0.0008793167653493583
63,-0.011466999538242817,0.0008792286971583962
64,0.04853399842977524,0.0008793536690063775
65,-0.011466999538242817,0.0008797166519798338
66,0.05360100045800209,0.000879347266163677
67,-0.011466999538242817,0.00087910977890715
68,0.03866700083017349,0.0008788275881670415
69,-0.0013330000219866633,0.0008782349759712815
70,0.03866700083017349,0.0008780368370935321
71,0.003467000089585781,0.0008769984124228358
72,0.043733999133110046,0.0008765823440626264
73,0.028534000739455223,0.000875608529895544
74,0.05866700038313866,0.000875730998814106
75,0.01360000018030405,0.0008749232511036098
76,0.06373400241136551,0.000874626450240612
77,0.003467000089585781,0.0008737982716411352
78,0.03866700083017349,0.0008729834808036685
79,-0.0013330000219866633,0.0008722919155843556
80,0.03866700083017349,0.0008716779993847013
81,-0.011466999538242817,0.0008710940601304173
82,0.02346700057387352,0.0008701596525497735
83,-0.011466999538242817,0.0008691710536368191
84,0.03359999880194664,0.0008679853635840118
85,-0.02160000056028366,0.0008672999101690948
86,0.01866699941456318,0.000865670561324805
87,0.01360000018030405,0.0008642405737191439
88,0.05360100045800209,0.0008631807286292315
89,0.003467000089585781,0.0008621311862953007
90,0.03359999880194664,0.000862842658534646
91,-0.031466998159885406,0.00086401985026896
92,0.07866799831390381,0.0008652981487102807
93,0.003467000089585781,0.000865519919898361
94,0.03866700083017349,0.0008656575228087604
95,0.02346700057387352,0.0008656983263790607
96,0.028534000739455223,0.0008658951846882701
97,-0.02160000056028366,0.0008658964652568102
98,0.03866700083017349,0.0008654299890622497
99,-0.016534000635147095,0.0008652117103338242
100,0.028534000739455223,0.0008652678807266057
101,-0.0013330000219866633,0.0008657528087496758
102,0.06373400241136551,0.0008662539767101407
103,0.01866699941456318,0.0008669650414958596
104,0.04853399842977524,0.000867872906383127
105,0.028534000739455223,0.0008686411310918629
106,0.05360100045800209,0.0008694308344274759
107,0.028534000739455223,0.0008699278114363551
108,0.06373400241136551,0.000870679912623018
109,0.008533000014722347,0.0008712357375770807
110,0.01360000018030405,0.0008722571074031293
111,0.003467000089585781,0.0008735471637919545
112,0.043733999133110046,0.0008750142296776175
113,0.008533000014722347,0.0008764087106101215
114,0.04853399842977524,0.0008779917843639851
115,0.01866699941456318,0.0008794742170721292
116,0.0685340017080307,0.0008814457105472684
117,0.043733999133110046,0.0008822960662655532
118,0.08373399823904037,0.0008837826317176223
119,0.01360000018030405,0.0008839849615469575
120,0.08373399823904037,0.0008846231503412127
121,-0.011466999538242817,0.0008840730879455805
122,0.05360100045800209,0.0008834883337840438
123,-0.0013330000219866633,0.0008829119615256786
124,0.03359999880194664,0.0008823506068438292
125,-0.04666699841618538,0.0008816449553705752
126,0.02346700057387352,0.0008801520452834666
127,-0.026399999856948853,0.0008788301493041217
128,0.03359999880194664,0.0008773121517151594
129,-0.0013330000219866633,0.000875909230671823
130,0.04853399842977524,0.0008745724917389452
131,0.003467000089585781,0.0008729672408662736
132,0.06373400241136551,0.0008719719480723143
133,0.01360000018030405,0.0008700602920725942
134,0.06373400241136551,0.0008681525941938162
135,-0.016534000635147095,0.0008663152111694217
136,0.04853399842977524,0.0008641923777759075
137,-0.026399999856948853,0.000862166634760797
138,0.003467000089585781,0.0008600230794399977
139,-0.02160000056028366,0.0008579049608670175
140,0.02346700057387352,0.0008561140275560319
141,0.003467000089585781,0.0008540553390048444
142,0.06373400241136551,0.000851999968290329
143,0.028534000739455223,0.0008499909308739007
144,0.028534000739455223,0.0008482785196974874
145,0.008533000014722347,0.0008464735583402216
146,0.07360100001096725,0.0008447725558653474
147,0.02346700057387352,0.0008428657311014831
148,0.028534000739455223,0.0008414033800363541
149,-0.011466999538242817,0.0008399044745601714
150,0.03866700083017349,0.0008382840896956623
151,-0.02160000056028366,0.0008365336689166725
152,0.03359999880194664,0.0008346135728061199
153,-0.006399999838322401,0.0008328097173944116
154,0.03866700083017349,0.0008314572041854262
155,-0.0013330000219866633,0.000829906202852726
156,0.08880099654197693,0.000828295829705894
157,0.003467000089585781,0.0008267707307823002
158,0.03866700083017349,0.0008252196712419391
159,-0.011466999538242817,0.0008235704153776169
160,0.02346700057387352,0.0008219844312407076
161,0.01360000018030405,0.0008205242338590324
162,0.05360100045800209,0.0008192118257284164
163,-0.006399999838322401,0.0008177587296813726
164,0.03359999880194664,0.000816397659946233
165,0.01360000018030405,0.0008148542256094515
166,0.043733999133110046,0.0008136593387462199
167,-0.0013330000219866633,0.0008124597370624542
168,0.028534000739455223,0.0008114615920931101
169,-0.026399999856948853,0.0008103185682557523
170,0.02346700057387352,0.0008091963245533407
171,-0.006399999838322401,0.0008078368264250457
172,0.03866700083017349,0.000806436117272824
173,0.03359999880194664,0.0008049507741816342
174,0.07360100001096725,0.0008035138598643243
175,-0.0013330000219866633,0.0008022678666748106
176,0.03866700083017349,0.0008010775782167912
177,0.028534000739455223,0.0007997744251042604
178,0.05866700038313866,0.0007985303527675569
179,0.01866699941456318,0.0007975106709636748
180,0.04853399842977524,0.0007965000695548952
181,0.028534000739455223,0.0007954875472933054
182,0.03359999880194664,0.0007945488905534148
183,-0.011466999538242817,0.0007934613386169076
184,0.07866799831390381,0.0007926441612653434
185,0.003467000089585781,0.0007917021284811199
186,0.06373400241136551,0.0007906204555183649
187,0.03866700083017349,0.0007895128219388425
188,0.04853399842977524,0.0007884785300120711
189,0.003467000089585781,0.000787380791734904
190,0.04853399842977524,0.0007863680366426706
191,0.003467000089585781,0.0007854165160097182
192,0.04853399842977524,0.0007845727959647775
193,0.028534000739455223,0.0007836599252186716
194,0.03866700083017349,0.0007831591065041721
195,-0.011466999538242817,0.0007823024643585086
196,0.07360100001096725,0.0007816103170625865
197,-0.011466999538242817,0.0007808106020092964
198,0.02346700057387352,0.0007803792832419276
199,-0.011466999538242817,0.000780011061578989
200,0.08880099654197693,0.0007799474406056106
201,0.03866700083017349,0.0007794269477017224
202,0.09360100328922272,0.0007791365496814251
203,0.003467000089585781,0.0007785132038407028
204,0.0685340017080307,0.000777891487814486
205,0.028534000739455223,0.000777183216996491
206,0.0685340017080307,0.0007765766349621117
207,0.01866699941456318,0.0007759435684420168
208,0.043733999133110046,0.0007755060796625912
209,0.028534000739455223,0.0007749577634967864
210,0.07360100001096725,0.0007744753384031355
211,0.01360000018030405,0.0007738874992355704
212,0.043733999133110046,0.0007736266124993563
213,0.028534000739455223,0.0007734789396636188
214,0.04853399842977524,0.0007735170074738562
215,0.003467000089585781,0.0007736447150819004
216,0.04853399842977524,0.000773888488765806
217,0.02346700057387352,0.0007739224820397794
218,0.07866799831390381,0.0007740870350971818
219,0.043733999133110046,0.0007737482083030045
220,0.07866799831390381,0.000773564912378788
221,0.003467000089585781,0.0007732858066447079
222,0.04853399842977524,0.0007732207886874676
223,-0.0013330000219866633,0.0007732008816674352
224,0.03866700083017349,0.0007731632213108242
225,0.01360000018030405,0.0007730907527729869
226,0.05360100045800209,0.0007730706711299717
227,-0.011466999538242817,0.0007728682830929756
228,0.07360100001096725,0.0007727097836323082
229,0.02346700057387352,0.0007726273615844548
230,0.028534000739455223,0.0007725635659880936
231,-0.011466999538242817,0.0007723021553829312
232,0.05360100045800209,0.0007718903361819685
233,0.008533000014722347,0.0007715654210187495
234,0.04853399842977524,0.0007715010433457792
235,-0.0013330000219866633,0.0007712666410952806
236,0.07866799831390381,0.0007710850914008915
237,0.003467000089585781,0.0007704827003180981
238,0.02346700057387352,0.0007700500427745283
239,0.02346700057387352,0.0007695967797189951
240,0.07360100001096725,0.0007693725056014955
241,-0.03653400018811226,0.0007689640624448657
242,0.043733999133110046,0.0007683639996685088
243,0.02346700057387352,0.000767769874073565
244,0.04853399842977524,0.0007674170192331076
245,0.003467000089585781,0.0007670265040360391
246,0.06373400241136551,0.000766696990467608
247,0.003467000089585781,0.0007662859279662371
248,0.05360100045800209,0.0007658610120415688
249,0.01866699941456318,0.0007653915090486407
250,0.05360100045800209,0.0007649353938177228
251,-0.0013330000219866633,0.0007644760771654546
252,0.028534000739455223,0.0007639545947313309
253,0.01866699941456318,0.0007633910281583667
254,0.043733999133110046,0.0007629013853147626
255,0.04853399842977524,0.0007624411955475807
256,0.0685340017080307,0.0007624279242008924
257,0.008533000014722347,0.0007620975375175476
258,0.0685340017080307,0.0007618878735229373
259,0.02346700057387352,0.000761334435082972
260,0.06373400241136551,0.000760808412451297
261,0.003467000089585781,0.00076055689714849
262,0.04853399842977524,0.00076040078420192
263,-0.026399999856948853,0.0007602337282150984
264,0.03866700083017349,0.0007593234768137336
265,0.003467000089585781,0.0007585353450849652
266,0.03866700083017349,0.0007575006457045674
267,-0.0013330000219866633,0.0007566371350549161
268,0.03359999880194664,0.000755483633838594
269,-0.016534000635147095,0.0007544350810348988
270,0.0685340017080307,0.0007533507305197418
271,0.043733999133110046,0.0007525118999183178
272,0.06373400241136551,0.0007514035096392035
273,0.01360000018030405,0.0007502224761992693
274,0.07360100001096725,0.0007490572752431035
275,0.028534000739455223,0.0007478659972548485
276,0.05360100045800209,0.0007468097610399127
277,-0.02160000056028366,0.000745834899134934
278,0.028534000739455223,0.0007447944371961057
279,-0.026399999856948853,0.0007437774329446256
280,0.028534000739455223,0.0007422391790896654
281,-0.02160000056028366,0.0007407859084196389
282,0.03866700083017349,0.0007393271662294865
283,0.01866699941456318,0.0007380087627097964
284,0.028534000739455223,0.0007364972261711955
285,-0.02160000056028366,0.000734708271920681
286,0.02346700057387352,0.0007327006896957755
287,0.01866699941456318,0.0007304337341338396
288,0.028534000739455223,0.0007281575817614794
289,0.03359999880194664,0.0007262075087055564
290,0.0685340017080307,0.0007246564491651952
291,-0.0013330000219866633,0.0007226563757285476
292,0.06373400241136551,0.0007208624156191945
293,0.008533000014722347,0.000719362054951489
294,0.02346700057387352,0.0007182128028944135
295,0.003467000089585781,0.0007168919546529651
296,0.04853399842977524,0.0007154371123760939
297,-0.016534000635147095,0.0007142293034121394
298,0.05360100045800209,0.000712654902599752
299,-0.0013330000219866633,0.000711407046765089
300,0.0685340017080307,0.0007098595960997045
301,0.008533000014722347,0.0007085136021487415
302,0.043733999133110046,0.0007071315194480121
303,0.008533000014722347,0.0007059143390506506
304,0.05866700038313866,0.0007045571692287922
305,0.003467000089585781,0.0007032443536445498
306,0.03866700083017349,0.000702083227224648
307,0.02346700057387352,0.0007008534157648683
308,0.05866700038313866,0.0006995118455961347
309,-0.016534000635147095,0.000698019634000957
310,0.043733999133110046,0.0006963919149711728
311,-0.011466999538242817,0.0006946927169337869
312,0.02346700057387352,0.000693115871399641
313,-0.02160000056028366,0.00069146987516433
314,0.04853399842977524,0.0006895735859870911
315,0.03866700083017349,0.0006879348657093942
316,0.06373400241136551,0.0006864796159788966
317,0.02346700057387352,0.0006850219797343016
318,0.043733999133110046,0.0006835277890786529
319,-0.0013330000219866633,0.0006821313872933388
320,0.043733999133110046,0.0006809686310589314
321,-0.0013330000219866633,0.0006795303197577596
322,0.03359999880194664,0.0006783035350963473
323,-0.011466999538242817,0.0006771120242774487
324,0.04853399842977524,0.0006759953103028238
325,-0.02160000056028366,0.0006750916363671422
326,0.04853399842977524,0.0006739908712916076
327,-0.016534000635147095,0.0006731065805070102
328,0.02346700057387352,0.0006721275276504457
329,-0.011466999538242817,0.0006711673340760171
330,0.03866700083017349,0.0006698110373690724
331,-0.0013330000219866633,0.000668580993078649
332,0.04853399842977524,0.0006673880852758884
333,0.01360000018030405,0.0006663106614723802
334,0.06373400241136551,0.0006652243318967521
335,0.003467000089585781,0.0006641411455348134
336,0.028534000739455223,0.0006631328724324703
337,0.02346700057387352,0.0006621145294047892
338,0.05360100045800209,0.000661280530039221
339,0.02346700057387352,0.0006603173678740859
340,0.07360100001096725,0.0006595986196771264
341,-0.0013330000219866633,0.0006587229436263442
342,0.05360100045800209,0.0006582640344277024
343,-0.02160000056028366,0.0006578504107892513
344,0.01866699941456318,0.0006572682177647948
345,-0.02160000056028366,0.0006565597141161561
346,0.003467000089585781,0.0006552552222274244
347,0.003467000089585781,0.0006536486325785518
348,0.04853399842977524,0.000652028014883399
349,-0.031466998159885406,0.0006507388898171484
350,0.07360100001096725,0.0006492538959719241
351,0.003467000089585781,0.0006477088900282979
352,0.05866700038313866,0.0006465658661909401
353,-0.0013330000219866633,0.0006453166715800762
354,0.07866799831390381,0.0006440950091928244
355,0.02346700057387352,0.0006426572799682617
356,0.07360100001096725,0.0006412370130419731
357,0.01360000018030405,0.0006398030091077089
358,0.06373400241136551,0.000638384954072535
359,0.003467000089585781,0.0006369389593601227
360,0.028534000739455223,0.0006354262586683035
361,-0.0013330000219866633,0.0006339808460325003
362,0.03359999880194664,0.0006326400325633585
363,0.003467000089585781,0.0006313720368780196
364,0.02346700057387352,0.0006300572422333062
365,-0.0013330000219866633,0.0006287473370321095
366,0.01360000018030405,0.000627300760243088
367,0.01360000018030405,0.0006256792112253606
368,0.01360000018030405,0.0006240445654839277
369,-0.011466999538242817,0.000622453517280519
370,0.028534000739455223,0.0006207196274772286
371,0.008533000014722347,0.0006189002306200564
372,0.05360100045800209,0.0006169301923364401
373,0.008533000014722347,0.000615494092926383
374,0.01866699941456318,0.0006137113086879253
375,0.003467000089585781,0.0006126145017333329
376,0.03866700083017349,0.0006113291601650417
377,-0.011466999538242817,0.0006105456268414855
378,0.06373400241136551,0.0006099001038819551
379,-0.006399999838322401,0.000609314301982522
380,0.06373400241136551,0.0006087078363634646
381,0.003467000089585781,0.000607904396019876
382,0.02346700057387352,0.0006074645789340138
383,0.01360000018030405,0.0006069084629416466
384,0.02346700057387352,0.0006064699264243245
385,0.003467000089585781,0.000605973182246089
386,0.01866699941456318,0.0006055526901036501
387,-0.03653400018811226,0.0006053500110283494
388,0.06373400241136551,0.00060447579016909
389,0.008533000014722347,0.0006040947046130896
390,0.04853399842977524,0.0006037423736415803
391,0.01360000018030405,0.0006034118123352528
392,0.03866700083017349,0.0006032784585841
393,-0.006399999838322401,0.0006031604134477675
394,0.03866700083017349,0.000603312801104039
395,-0.04666699841618538,0.0006033843383193016
396,0.043733999133110046,0.0006029454525560141
397,0.01360000018030405,0.0006026129703968763
398,0.04853399842977524,0.0006024655885994434
399,-0.011466999538242817,0.0006021947483532131
400,0.05866700038313866,0.0006018308340571821
401,0.003467000089585781,0.0006016105762682855
402,0.0685340017080307,0.0006012532394379377
403,-0.02160000056028366,0.0006009389762766659
404,0.03866700083017349,0.0006003171438351274
405,-0.0013330000219866633,0.0005997022381052375
406,0.05866700038313866,0.0005991575308144093
407,0.01360000018030405,0.0005987489130347967
408,0.028534000739455223,0.0005984544986858964
409,-0.006399999838322401,0.0005981310387142003
410,0.04853399842977524,0.0005975562962703407
411,0.003467000089585781,0.0005970764323137701
412,0.043733999133110046,0.0005966349854134023
413,-0.0013330000219866633,0.0005960673443041742
414,0.06373400241136551,0.000595747958868742
415,0.02346700057387352,0.0005953339277766645
416,0.06373400241136551,0.000594997953157872
417,-0.016534000635147095,0.0005946382298134267
418,0.06373400241136551,0.00059425865765661
419,-0.0013330000219866633,0.0005939215770922601
420,0.04853399842977524,0.0005936891539022326
421,-0.006399999838322401,0.000593613600358367
422,0.043733999133110046,0.000593279954046011
423,-0.02160000056028366,0.0005928229074925184
424,0.028534000739455223,0.0005922713316977024
425,-0.011466999538242817,0.0005918825045228004
426,0.06373400241136551,0.0005916152149438858
427,-0.006399999838322401,0.0005914324428886175
428,0.02346700057387352,0.0005912636406719685
429,0.01866699941456318,0.0005910330219194293
430,0.02346700057387352,0.0005906497244723141
431,0.02346700057387352,0.0005902741104364395
432,0.04853399842977524,0.0005898374947719276
433,0.03359999880194664,0.0005894604837521911
434,0.06373400241136551,0.000589031376875937
435,0.003467000089585781,0.0005883893463760614
436,0.06373400241136551,0.0005876781069673598
437,-0.02160000056028366,0.0005870051681995392
438,0.0685340017080307,0.0005863089463673532
439,-0.011466999538242817,0.000585875241085887
440,0.07360100001096725,0.0005853161565028131
441,0.02346700057387352,0.0005848290165886283
442,0.05360100045800209,0.000584535941015929
443,0.01360000018030405,0.0005841999081894755
444,0.04853399842977524,0.0005837777862325311
445,0.01360000018030405,0.0005833601462654769
446,0.03359999880194664,0.0005828883731737733
447,0.02346700057387352,0.0005824575200676918
448,0.0685340017080307,0.0005821907543577254
449,-0.026399999856948853,0.0005817912751808763
450,0.08880099654197693,0.0005810392322018743
451,0.01866699941456318,0.0005803990643471479
452,0.04853399842977524,0.0005796279874630272
453,-0.0013330000219866633,0.0005789681454189122
454,0.06373400241136551,0.0005780428182333708
455,0.008533000014722347,0.0005769988056272268
456,0.05360100045800209,0.0005758572369813919
457,-0.0013330000219866633,0.0005750064738094807
458,0.06373400241136551,0.0005741311470046639
459,0.03359999880194664,0.0005734926671721041
460,0.02346700057387352,0.0005727469106204808
461,0.04853399842977524,0.0005719444015994668
462,0.06373400241136551,0.0005710324039682746
463,-0.0013330000219866633,0.0005701185436919332
464,0.06373400241136551,0.000569154042750597
465,0.01360000018030405,0.0005682216724380851
466,0.05866700038313866,0.0005673860432580113
467,-0.0013330000219866633,0.0005668001249432564
468,0.028534000739455223,0.000565991154871881
469,-0.016534000635147095,0.0005649200174957514
470,0.028534000739455223,0.0005636913701891899
471,-0.02160000056028366,0.0005622967146337032
472,0.04853399842977524,0.0005609778454527259
473,0.003467000089585781,0.0005597210256382823
474,0.05360100045800209,0.0005584884202107787
475,0.01360000018030405,0.00055765884462744
476,0.04853399842977524,0.0005567836342379451
477,-0.03653400018811226,0.0005560062127187848
478,0.028534000739455223,0.0005551491631194949
479,-0.02160000056028366,0.0005541119026020169
480,0.028534000739455223,0.000553266319911927
481,-0.011466999538242817,0.0005522942519746721
482,0.04853399842977524,0.0005512628704309464
483,-0.011466999538242817,0.0005502999993041158
484,0.03359999880194664,0.0005494969664141536
485,-0.0013330000219866633,0.0005485302535817027
486,0.06373400241136551,0.0005475468351505697
487,0.028534000739455223,0.0005467205191962421
488,0.06373400241136551,0.0005460663232952356
489,0.01360000018030405,0.0005453213816508651
490,0.03866700083017349,0.0005443873815238476
491,0.003467000089585781,0.0005434555350802839
492,0.07360100001096725,0.000542653608135879
493,0.028534000739455223,0.0005421668756753206
494,0.04853399842977524,0.0005414488259702921
495,0.003467000089585781,0.0005408591823652387
496,0.07866799831390381,0.0005401097005233169
497,0.028534000739455223,0.0005395899061113596
498,0.028534000739455223,0.0005392474122345448
499,-0.006399999838322401,0.0005389285506680608
500,0.028534000739455223,0.0005384125979617238
501,-0.011466999538242817,0.0005378705100156367
502,0.02346700057387352,0.0005372311570681632
503,0.003467000089585781,0.0005367016419768333
504,0.04853399842977524,0.0005362640367820859
505,0.008533000014722347,0.0005359124625101686
506,0.07360100001096725,0.0005355896428227425
507,0.03866700083017349,0.0005350925493985415
508,0.08880099654197693,0.0005348586128093302
509,0.02346700057387352,0.0005346699617803097
510,0.07360100001096725,0.0005343570373952389
511,-0.02160000056028366,0.000533925136551261
512,0.08880099654197693,0.0005333571461960673
513,-0.011466999538242817,0.0005329926498234272
514,0.04853399842977524,0.0005325241945683956
515,0.01866699941456318,0.0005323094665072858
516,0.07360100001096725,0.0005321815842762589
517,-0.0013330000219866633,0.0005318762268871069
518,0.05360100045800209,0.0005314968293532729
519,0.01866699941456318,0.0005311750574037433
520,0.06373400241136551,0.0005310855922289193
521,0.043733999133110046,0.0005311364075168967
522,0.043733999133110046,0.000531139608938247
523,0.02346700057387352,0.000531077035702765
524,0.05360100045800209,0.0005310057895258069
525,0.01866699941456318,0.0005308965919539332
526,0.043733999133110046,0.0005308256950229406
527,0.01360000018030405,0.0005307107931002975
528,0.02346700057387352,0.000530622317455709
529,0.01866699941456318,0.0005305500817485154
530,0.05360100045800209,0.0005303300567902625
531,-0.011466999538242817,0.0005303341895341873
532,0.04853399842977524,0.0005302532808855176
533,-0.0013330000219866633,0.0005301863420754671
534,0.05360100045800209,0.0005301913479343057
535,0.01360000018030405,0.0005302507197484374
536,0.043733999133110046,0.0005305018275976181
537,0.01360000018030405,0.0005307685350999236
538,0.043733999133110046,0.0005311347777023911
539,0.01866699941456318,0.0005314793670549989
540,0.04853399842977524,0.0005318238399922848
541,0.01360000018030405,0.0005321792559698224
542,0.01866699941456318,0.0005326110403984785
543,0.003467000089585781,0.0005327007384039462
544,0.043733999133110046,0.0005327787948772311
545,-0.05146700143814087,0.000532819889485836
546,0.05360100045800209,0.0005328129045665264
547,-0.011466999538242817,0.0005331545253284276
548,0.04853399842977524,0.0005335212335921824
549,-0.031466998159885406,0.000533985672518611
550,0.04853399842977524,0.0005344132659956813
551,0.008533000014722347,0.0005348575068637729
552,0.06373400241136551,0.0005353988381102681
553,0.02346700057387352,0.0005358256166800857
554,0.028534000739455223,0.0005363773088902235
555,-0.0013330000219866633,0.0005367689882405102
556,0.03359999880194664,0.000537401472683996
557,-0.0013330000219866633,0.0005380350630730391
558,0.03359999880194664,0.0005386093398556113
559,0.02346700057387352,0.0005391802405938506
560,0.03866700083017349,0.0005396506749093533
561,0.028534000739455223,0.0005398989887908101
562,0.06373400241136551,0.0005401114467531443
563,-0.011466999538242817,0.0005402734968811274
564,0.03866700083017349,0.0005404399707913399
565,0.003467000089585781,0.0005405843257904053
566,0.08880099654197693,0.0005408298457041383
567,0.003467000089585781,0.0005410753074102104
568,0.06373400241136551,0.0005413737962953746
569,0.008533000014722347,0.0005416420171968639
570,0.03866700083017349,0.0005419919034466147
571,-0.016534000635147095,0.0005423089605756104
572,0.028534000739455223,0.00054269062820822
573,-0.011466999538242817,0.0005429490702226758
574,0.06373400241136551,0.0005432748002931476
575,-0.05146700143814087,0.0005435590865090489
576,0.05360100045800209,0.000543639122042805
577,0.01360000018030405,0.0005439544911496341
578,0.04853399842977524,0.0005442063556984067
579,0.003467000089585781,0.0005443351110443473
580,0.0685340017080307,0.0005444129928946495
581,0.01360000018030405,0.0005445776041597128
582,0.03866700083017349,0.0005447568837553263
583,0.01360000018030405,0.000544802809599787
584,0.07360100001096725,0.0005447453004308045
585,0.003467000089585781,0.0005447049625217915
586,0.03866700083017349,0.0005448689917102456
587,-0.0013330000219866633,0.0005452235927805305
588,0.03866700083017349,0.0005454363999888301
589,0.03359999880194664,0.0005455560749396682
590,0.03866700083017349,0.0005457268562167883
591,0.01360000018030405,0.0005457906518131495
592,0.04853399842977524,0.0005458442028611898
593,-0.011466999538242817,0.0005459215026348829
594,0.02346700057387352,0.0005461063119582832
595,0.003467000089585781,0.0005464402493089437
596,0.03866700083017349,0.0005465486319735646
597,-0.0013330000219866633,0.0005466643488034606
598,0.03866700083017349,0.0005467540468089283
599,0.028534000739455223,0.0005466596921905875
600,0.08373399823904037,0.0005466163856908679
601,0.003467000089585781,0.0005467300652526319
602,0.07866799831390381,0.0005470584146678448
603,-0.0013330000219866633,0.0005473687779158354
604,0.05866700038313866,0.0005476935184560716
605,0.003467000089585781,0.0005479378160089254
606,0.06373400241136551,0.0005484445719048381
607,-0.03653400018811226,0.0005491581978276372
608,0.0685340017080307,0.0005495581426657736
609,0.03359999880194664,0.000550113501958549
610,0.05360100045800209,0.0005508115282282233
611,0.003467000089585781,0.0005517237586900592
612,0.04853399842977524,0.0005525127053260803
613,0.003467000089585781,0.0005531447241082788
614,0.05360100045800209,0.000553743215277791
615,0.003467000089585781,0.0005542550934478641
616,0.043733999133110046,0.0005548323388211429
617,-0.0013330000219866633,0.0005552504444494843
618,0.05360100045800209,0.0005555591196753085
619,-0.031466998159885406,0.0005559966084547341
620,0.03866700083017349,0.0005563144222833216
621,0.02346700057387352,0.0005567393964156508
622,0.03359999880194664,0.0005570820067077875
623,-0.0013330000219866633,0.0005575227551162243
624,0.05866700038313866,0.0005577463889494538
625,-0.0013330000219866633,0.0005579680437222123
626,0.04853399842977524,0.0005581536679528654
627,-0.0013330000219866633,0.0005586361512541771
628,0.028534000739455223,0.0005590575747191906
629,-0.0013330000219866633,0.0005595042603090405
630,0.05360100045800209,0.000559941225219518
631,0.028534000739455223,0.000560105312615633
632,0.01360000018030405,0.0005602100864052773
633,0.01360000018030405,0.0005603744648396969
634,0.028534000739455223,0.0005604393081739545
635,0.02346700057387352,0.0005603742320090532
636,0.0685340017080307,0.0005602531018666923
637,-0.011466999538242817,0.0005603908794000745
638,0.04853399842977524,0.0005605326732620597
639,0.02346700057387352,0.0005607247585430741
640,0.03866700083017349,0.0005608945502899587
641,0.008533000014722347,0.0005610967637039721
642,0.04853399842977524,0.0005612019449472427
643,0.03866700083017349,0.0005612439708784223
644,0.05360100045800209,0.0005615981062874198
645,0.01360000018030405,0.0005620968295261264
646,0.03359999880194664,0.0005625677295029163
647,0.003467000089585781,0.0005629704683087766
648,0.06373400241136551,0.0005633916007354856
649,-0.016534000635147095,0.0005636987625621259
650,0.04853399842977524,0.0005637815920636058
651,0.02346700057387352,0.0005639481823891401
652,0.028534000739455223,0.0005644721677526832
653,-0.011466999538242817,0.0005650067469105124
654,0.01360000018030405,0.0005653806729242206
655,0.01360000018030405,0.0005657272413372993
656,0.03866700083017349,0.0005660592578351498
657,0.008533000014722347,0.000566306640394032
658,0.04853399842977524,0.0005668498342856765
659,0.01866699941456318,0.0005673490813933313
660,0.03866700083017349,0.0005678324378095567
661,-0.011466999538242817,0.0005681973416358232
662,0.028534000739455223,0.0005685595679096878
663,0.028534000739455223,0.0005689162062481046
664,0.03866700083017349,0.0005693171406164765
665,-0.006399999838322401,0.0005696212756447494
666,0.07360100001096725,0.0005700099864043295
667,0.003467000089585781,0.0005703328642994165
668,0.03866700083017349,0.000570704520214349
669,-0.011466999538242817,0.0005712124984711409
670,0.06373400241136551,0.0005714930593967438
671,0.028534000739455223,0.0005719500477425754
672,0.008533000014722347,0.0005722462083213031
673,-0.0013330000219866633,0.0005723906215280294
674,0.03359999880194664,0.0005724296206608415
675,0.003467000089585781,0.0005725801456719637
676,0.04853399842977524,0.0005725676892325282
677,0.003467000089585781,0.0005725399823859334
678,0.05866700038313866,0.0005725473165512085
679,-0.011466999538242817,0.0005725836381316185
680,0.003467000089585781,0.0005727953976020217
681,0.008533000014722347,0.0005729224649257958
682,0.04853399842977524,0.0005730094271712005
683,0.01360000018030405,0.0005732575664296746
684,0.07360100001096725,0.000573523051571101
685,0.028534000739455223,0.0005741323111578822
686,0.01360000018030405,0.0005747838877141476
687,0.04853399842977524,0.000575328478589654
688,0.08880099654197693,0.0005757759208790958
689,0.008533000014722347,0.0005761507200077176
690,0.06373400241136551,0.0005765798850916326
691,0.02346700057387352,0.000577107013668865
692,0.03866700083017349,0.0005776279140263796
693,0.01360000018030405,0.0005782620282843709
694,0.03866700083017349,0.0005788964917883277
695,-0.016534000635147095,0.0005792711162939668
696,0.008533000014722347,0.000579690735321492
697,-0.0013330000219866633,0.0005801719380542636
698,0.04853399842977524,0.0005804435350000858
699,-0.0013330000219866633,0.0005806590197607875
700,0.02346700057387352,0.0005809114081785083
701,0.02346700057387352,0.0005811020964756608
702,0.02346700057387352,0.000581349479034543
703,0.008533000014722347,0.0005815227050334215
704,0.03866700083017349,0.0005816351622343063
705,0.01866699941456318,0.0005817437777295709
706,0.09866800159215927,0.0005821065278723836
707,-0.0013330000219866633,0.000582896638661623
708,0.028534000739455223,0.0005835189949721098
709,-0.0013330000219866633,0.0005840933881700039
710,0.04853399842977524,0.0005848362925462425
711,-0.02160000056028366,0.0005855054478161037
712,0.06373400241136551,0.0005862197722308338
713,-0.0013330000219866633,0.0005869845626875758
714,0.06373400241136551,0.0005876481300219893
715,-0.011466999538242817,0.000588273978792131
716,0.08880099654197693,0.0005889045423828065
717,0.02346700057387352,0.0005895213107578456
718,0.05360100045800209,0.000590174924582243
719,-0.0013330000219866633,0.0005907493177801371
720,0.028534000739455223,0.0005913466447964311
721,0.01866699941456318,0.0005917929811403155
722,-0.011466999538242817,0.0005920915864408016
723,-0.02160000056028366,0.0005921359406784177
724,0.05360100045800209,0.0005920925177633762
725,-0.0013330000219866633,0.000592260854318738
726,0.043733999133110046,0.0005925025325268507
727,-0.016534000635147095,0.0005926740705035627
728,0.028534000739455223,0.0005927563179284334
729,-0.0013330000219866633,0.0005929756443947554
730,0.03866700083017349,0.0005931074847467244
731,0.02346700057387352,0.0005932191852480173
732,0.03359999880194664,0.0005932250060141087
733,0.01360000018030405,0.0005932406056672335
734,0.043733999133110046,0.0005932633066549897
735,0.008533000014722347,0.0005934849614277482
736,0.06373400241136551,0.0005935763474553823
737,-0.02160000056028366,0.0005937935784459114
738,0.01866699941456318,0.0005939942202530801
739,0.003467000089585781,0.0005942052230238914
740,0.028534000739455223,0.000594066281337291
741,0.02346700057387352,0.0005940033588558435
742,0.043733999133110046,0.0005939267575740814
743,0.02346700057387352,0.0005939662805758417
744,0.043733999133110046,0.0005939813563600183
745,-0.02160000056028366,0.0005940631963312626
746,0.03866700083017349,0.00059416244039312
747,-0.026399999856948853,0.0005943202413618565
748,0.04853399842977524,0.000594511569943279
749,0.008533000014722347,0.0005946547607891262
750,0.03866700083017349,0.0005948696052655578
751,-0.0013330000219866633,0.0005950289778411388
752,0.08373399823904037,0.0005954637308605015
753,0.008533000014722347,0.0005954671651124954
754,0.09360100328922272,0.0005955758970230818
755,-0.026399999856948853,0.0005954999942332506
756,0.043733999133110046,0.000595446617808193
757,0.028534000739455223,0.0005953520885668695
758,0.03359999880194664,0.0005954781081527472
759,-0.0013330000219866633,0.0005955868400633335
760,0.05360100045800209,0.0005956569802947342
761,-0.016534000635147095,0.0005954550579190254
762,0.008533000014722347,0.000595278455875814
763,-0.006399999838322401,0.000595116289332509
764,0.03866700083017349,0.0005947693134658039
765,-0.011466999538242817,0.0005943321157246828
766,0.03866700083017349,0.000594056211411953
767,-0.0013330000219866633,0.0005938102258369327
768,0.07866799831390381,0.0005935543449595571
769,0.02346700057387352,0.000593216042034328
770,0.03866700083017349,0.0005929256440140307
771,-0.0013330000219866633,0.0005927380407229066
772,0.04853399842977524,0.0005924839060753584
773,-0.011466999538242817,0.0005923656863160431
774,0.04853399842977524,0.0005924022407270968
775,-0.02160000056028366,0.0005922825657762587
776,0.028534000739455223,0.0005923323333263397
777,0.01360000018030405,0.0005922644049860537
778,0.07360100001096725,0.0005924827419221401
779,0.01360000018030405,0.0005925348377786577
780,0.0685340017080307,0.0005927631864324212
781,-0.026399999856948853,0.0005929474718868732
782,0.028534000739455223,0.0005929236067458987
783,0.008533000014722347,0.0005929317558184266
784,0.02346700057387352,0.0005929287290200591
785,-0.0013330000219866633,0.0005930267507210374
786,0.03866700083017349,0.0005931956111453474
787,0.01866699941456318,0.000593238917645067
788,0.07360100001096725,0.0005933886859565973
789,0.003467000089585781,0.0005934798973612487
790,0.07360100001096725,0.0005935566732659936
791,0.008533000014722347,0.0005937565583735704
792,0.028534000739455223,0.0005938055110163987
793,0.01360000018030405,0.0005938201793469489
794,0.02346700057387352,0.0005938132526353002
795,0.008533000014722347,0.0005937658715993166
796,0.05866700038313866,0.0005937524838373065
797,0.01360000018030405,0.0005938053363934159
798,0.03359999880194664,0.0005937996320426464
799,-0.0013330000219866633,0.0005940783303231001
800,0.028534000739455223,0.0005940670380368829
801,-0.0013330000219866633,0.0005942231509834528
802,0.028534000739455223,0.0005939957918599248
803,0.008533000014722347,0.0005938195390626788
804,0.028534000739455223,0.0005934669752605259
805,0.003467000089585781,0.0005931784398853779
806,0.03359999880194664,0.0005925759323872626
807,0.008533000014722347,0.0005920132389292121
808,0.04853399842977524,0.0005916375666856766
809,0.003467000089585781,0.0005914896028116345
810,0.04853399842977524,0.0005912860506214201
811,-0.016534000635147095,0.0005912142805755138
812,0.05360100045800209,0.0005912509514018893
813,-0.0013330000219866633,0.0005912838969379663
814,0.05866700038313866,0.0005912911728955805
815,0.01866699941456318,0.0005915113142691553
816,0.04853399842977524,0.0005916201043874025
817,0.003467000089585781,0.0005921547417528927
818,0.05866700038313866,0.0005923391436226666
819,0.008533000014722347,0.0005928064929321408
820,0.028534000739455223,0.0005929080070927739
821,0.01866699941456318,0.0005932190106250346
822,0.04853399842977524,0.0005933148204348981
823,-0.026399999856948853,0.0005936322268098593
824,0.01360000018030405,0.000593884673435241
825,-0.0013330000219866633,0.0005942900897935033
826,0.028534000739455223,0.0005944062722846866
827,-0.02160000056028366,0.0005945087759755552
828,0.04853399842977524,0.0005944175645709038
829,-0.006399999838322401,0.0005946449819020927
830,0.03359999880194664,0.0005946987657807767
831,0.02346700057387352,0.00059509213315323
832,0.043733999133110046,0.0005951682687737048
833,0.04853399842977524,0.0005952101200819016
834,0.04853399842977524,0.0005950125050731003
835,-0.011466999538242817,0.0005949356127530336
836,0.043733999133110046,0.0005948970792815089
837,-0.026399999856948853,0.0005946796154603362
838,0.07360100001096725,0.0005947392201051116
839,-0.006399999838322401,0.0005948964389972389
840,0.03359999880194664,0.0005951473722234368
841,0.02346700057387352,0.0005955204251222312
842,0.03866700083017349,0.0005956555251032114
843,-0.006399999838322401,0.000595783581957221
844,0.05360100045800209,0.0005958813126198947
845,0.02346700057387352,0.0005961229326203465
846,0.05360100045800209,0.000595908728428185
847,-0.011466999538242817,0.0005957693210802972
848,0.04853399842977524,0.0005957222892902792
849,0.028534000739455223,0.0005957020912319422
850,0.03866700083017349,0.0005954340449534357
851,0.01360000018030405,0.0005951953353360295
852,0.043733999133110046,0.0005948003381490707
853,-0.0013330000219866633,0.0005944070871919394
854,0.03866700083017349,0.0005939564434811473
855,-0.02160000056028366,0.0005937181413173676
856,0.01360000018030405,0.0005935620283707976
857,-0.0013330000219866633,0.0005935067310929298
858,0.03359999880194664,0.0005931858322583139
859,0.01360000018030405,0.000592998112551868
860,0.02346700057387352,0.000592678552493453
861,0.01360000018030405,0.0005925780278630555
862,0.028534000739455223,0.0005923708667978644
863,-0.0013330000219866633,0.0005922418786212802
864,0.02346700057387352,0.0005920712137594819
865,-0.011466999538242817,0.0005919786053709686
866,0.01360000018030405,0.0005917860544286668
867,-0.016534000635147095,0.0005915068904869258
868,0.01360000018030405,0.0005911459447816014
869,-0.011466999538242817,0.0005907531594857574
870,0.05360100045800209,0.0005904127610847354
871,-0.0013330000219866633,0.0005902870325371623
872,0.028534000739455223,0.0005900636315345764
873,-0.016534000635147095,0.000590011477470398
874,0.03359999880194664,0.0005900302203372121
875,0.003467000089585781,0.0005899419775232673
876,0.05360100045800209,0.0005900211399421096
877,-0.026399999856948853,0.0005898606032133102
878,0.01360000018030405,0.0005898801609873772
879,-0.016534000635147095,0.0005896485527046025
880,0.008533000014722347,0.000589509611018002
881,-0.011466999538242817,0.0005894112400710583
882,-0.006399999838322401,0.0005893507041037083
883,-0.02160000056028366,0.0005892310291528702
884,0.04853399842977524,0.0005891838809475303
885,-0.016534000635147095,0.0005890217144042253
886,0.04853399842977524,0.0005891074542887509
887,-0.0013330000219866633,0.0005892625777050853
888,0.03866700083017349,0.0005894532660022378
889,0.01360000018030405,0.0005896171205677092
890,0.028534000739455223,0.000589621311519295
891,0.01360000018030405,0.0005896817892789841
892,0.05360100045800209,0.0005898447125218809
893,0.01360000018030405,0.0005900377291254699
894,0.043733999133110046,0.0005903188139200211
895,0.003467000089585781,0.0005905614816583693
896,0.06373400241136551,0.0005908182356506586
897,0.02346700057387352,0.0005910966428928077
898,0.0685340017080307,0.0005912593915127218
899,0.003467000089585781,0.0005913135828450322
900,0.03866700083017349,0.0005912282504141331
901,-0.0013330000219866633,0.0005909644532948732
902,0.01866699941456318,0.0005907079903408885
903,-0.016534000635147095,0.0005905275465920568
904,0.04853399842977524,0.0005903225974179804
905,-0.02160000056028366,0.0005903349374420941
906,0.03359999880194664,0.0005903751589357853
907,-0.006399999838322401,0.0005904242862015963
908,0.05866700038313866,0.0005906926235184073
909,0.02346700057387352,0.0005909133469685912
910,0.09360100328922272,0.0005910255713388324
911,0.003467000089585781,0.0005910147447139025
912,0.03866700083017349,0.000590976735111326
913,0.01360000018030405,0.0005908886669203639
914,0.03866700083017349,0.0005905779544264078
915,-0.016534000635147095,0.0005903985002078116
916,0.05360100045800209,0.0005902844131924212
917,-0.006399999838322401,0.0005903587443754077
918,0.043733999133110046,0.000590456067584455
919,-0.011466999538242817,0.0005905189318582416
920,0.028534000739455223,0.0005903010605834424
921,-0.011466999538242817,0.0005901720141991973
922,0.03359999880194664,0.000589862116612494
923,-0.0013330000219866633,0.0005896940128877759
924,0.028534000739455223,0.0005894374335184693
925,-0.026399999856948853,0.0005891970940865576
926,0.03359999880194664,0.000588992377743125
927,-0.016534000635147095,0.0005887330044060946
928,0.043733999133110046,0.0005886800354346633
929,-0.0013330000219866633,0.0005885660648345947
930,0.01866699941456318,0.0005885446444153786
931,0.01360000018030405,0.0005883201956748962
932,0.028534000739455223,0.0005880041280761361
933,-0.011466999538242817,0.0005877045332454145
934,0.05866700038313866,0.0005874496418982744
935,-0.02160000056028366,0.0005873333429917693
936,0.06373400241136551,0.0005870342720299959
937,0.008533000014722347,0.0005868517328053713
938,0.043733999133110046,0.0005865402054041624
939,0.008533000014722347,0.0005860694218426943
940,0.0685340017080307,0.0005856291973032057
941,0.01360000018030405,0.0005848731962032616
942,0.03359999880194664,0.0005842711543664336
943,0.008533000014722347,0.0005835201009176672
944,0.05360100045800209,0.0005829713772982359
945,-0.0013330000219866633,0.000582583190407604
946,0.05866700038313866,0.0005823972169309855
947,-0.0013330000219866633,0.0005821927916258574
948,0.07866799831390381,0.0005821516970172524
949,0.01866699941456318,0.000581658910959959
950,0.04853399842977524,0.0005811601295135915
951,0.01866699941456318,0.0005808213609270751
952,0.03866700083017349,0.0005803158855997026
953,-0.026399999856948853,0.0005797846242785454
954,0.043733999133110046,0.0005792268784716725
955,-0.0013330000219866633,0.0005787296686321497
956,0.043733999133110046,0.0005782835651189089
957,-0.05146700143814087,0.0005780390929430723
958,0.043733999133110046,0.0005779227940365672
959,-0.011466999538242817,0.0005777609767392278
960,0.02346700057387352,0.0005773156881332397
961,0.01360000018030405,0.0005771138821728528
962,0.003467000089585781,0.0005768119008280337
963,-0.04160099849104881,0.0005764312809333205
964,0.03359999880194664,0.0005760251078754663
965,-0.011466999538242817,0.0005757106118835509
966,0.03866700083017349,0.0005751666030846536
967,-0.0013330000219866633,0.0005746493116021156
968,0.04853399842977524,0.0005740387714467943
969,0.01360000018030405,0.0005732938880100846
970,0.03866700083017349,0.0005725832306779921
971,-0.016534000635147095,0.0005719398614019156
972,0.003467000089585781,0.0005714060389436781
973,-0.011466999538242817,0.0005710391560569406
974,0.05360100045800209,0.0005706510855816305
975,-0.0013330000219866633,0.0005703638307750225
976,0.03866700083017349,0.0005699759349226952
977,0.028534000739455223,0.0005697404849343002
978,0.043733999133110046,0.0005694066639989614
979,-0.02160000056028366,0.0005691549740731716
980,0.03866700083017349,0.0005691228434443474
981,0.01360000018030405,0.0005690256366506219
982,0.05866700038313866,0.0005688401870429516
983,-0.006399999838322401,0.0005686763906851411
984,0.05866700038313866,0.0005685471696779132
985,0.02346700057387352,0.00056810601381585
986,0.03866700083017349,0.000567584706004709
987,0.02346700057387352,0.0005672225961461663
988,0.03866700083017349,0.000566955772228539
989,0.03359999880194664,0.0005665578646585345
990,0.0685340017080307,0.0005660747410729527
991,-0.0013330000219866633,0.0005654923152178526
992,0.03866700083017349,0.0005649258964695036
993,0.003467000089585781,0.0005643327604047954
994,0.04853399842977524,0.000563872279599309
995,-0.03653400018811226,0.0005636336281895638
996,0.06373400241136551,0.0005633415421471
997,0.003467000089585781,0.0005630111554637551
998,0.028534000739455223,0.0005627928767353296
999,-0.011466999538242817,0.00056256796233356
1000,0.06373400241136551,0.0005622445605695248
1001,-0.02160000056028366,0.0005617286078631878
1002,0.03866700083017349,0.0005611797096207738
1003,0.008533000014722347,0.0005607259226962924
1004,0.03359999880194664,0.0005600242293439806
1005,-0.006399999838322401,0.000559462234377861
1006,0.028534000739455223,0.0005588804488070309
1007,0.01866699941456318,0.0005582955782301724
1008,0.01360000018030405,0.0005573681555688381
1009,-0.0013330000219866633,0.0005569636123254895
1010,0.07360100001096725,0.000556509243324399
1011,0.01866699941456318,0.0005561803700402379
1012,0.06373400241136551,0.0005558155244216323
1013,0.01360000018030405,0.0005555391544476151
1014,0.0685340017080307,0.0005551828653551638
1015,0.003467000089585781,0.0005546328611671925
1016,0.06373400241136551,0.0005540908314287663
1017,0.003467000089585781,0.0005537890829145908
1018,0.07360100001096725,0.000553563644643873
1019,-0.011466999538242817,0.0005535510717891157
1020,0.05360100045800209,0.0005533911171369255
1021,-0.02160000056028366,0.0005533035146072507
1022,0.043733999133110046,0.0005531368078663945
1023,-0.0013330000219866633,0.0005529600894078612
1024,0.05360100045800209,0.0005528426263481379
1025,-0.011466999538242817,0.0005529559566639364
1026,-0.0013330000219866633,0.0005528581095859408
1027,0.01360000018030405,0.0005527719622477889
1028,-0.0013330000219866633,0.0005526846507564187
1029,-0.03653400018811226,0.0005526284221559763
1030,0.05866700038313866,0.0005523050203919411
1031,0.008533000014722347,0.000551905483007431
1032,0.003467000089585781,0.0005514260847121477
1033,0.01360000018030405,0.0005510138580575585
1034,0.03866700083017349,0.0005503583233803511
1035,-0.0013330000219866633,0.0005498656537383795
1036,0.04853399842977524,0.0005493514472618699
1037,-0.006399999838322401,0.0005490012699738145
1038,0.04853399842977524,0.0005486719310283661
1039,0.01360000018030405,0.000548298005014658
1040,0.03359999880194664,0.0005479638930410147
1041,-0.03653400018811226,0.0005477257072925568
1042,0.043733999133110046,0.0005474009085446596
1043,-0.011466999538242817,0.0005470875184983015
1044,0.06373400241136551,0.0005467206938192248
1045,0.003467000089585781,0.0005463132401928306
1046,0.05360100045800209,0.0005459108506329358
1047,0.003467000089585781,0.0005454970523715019
1048,0.02346700057387352,0.0005450230091810226
1049,0.01866699941456318,0.0005446865689009428
1050,0.06373400241136551,0.00054444425040856
1051,-0.011466999538242817,0.0005441996036097407
1052,0.05360100045800209,0.0005438706139102578
1053,0.003467000089585781,0.0005434682825580239
1054,0.03866700083017349,0.000543220667168498
1055,-0.04160099849104881,0.0005429586162790656
1056,0.03866700083017349,0.0005428391741588712
1057,-0.006399999838322401,0.0005427482537925243
1058,0.05360100045800209,0.000542820431292057
1059,-0.02160000056028366,0.00054278748575598
1060,0.008533000014722347,0.0005428802687674761
1061,-0.016534000635147095,0.0005428753793239594
1062,0.003467000089585781,0.0005429163575172424
1063,-0.05146700143814087,0.0005429726443253458
1064,0.028534000739455223,0.0005426923744380474
1065,-0.0013330000219866633,0.0005424085538834333
1066,0.06373400241136551,0.0005423758993856609
1067,-0.04666699841618538,0.0005422582617029548
1068,0.028534000739455223,0.0005419260123744607
1069,-0.016534000635147095,0.0005416774074546993
1070,0.03866700083017349,0.0005414730403572321
1071,-0.031466998159885406,0.0005412291502580047
1072,0.028534000739455223,0.0005411560414358974
1073,-0.016534000635147095,0.0005409355508163571
1074,0.04853399842977524,0.0005410818848758936
1075,-0.016534000635147095,0.0005408556899055839
1076,0.03359999880194664,0.0005409991717897356
1077,0.003467000089585781,0.0005407488206401467
1078,0.07360100001096725,0.0005407427670434117
1079,0.028534000739455223,0.0005405370611697435
1080,0.05360100045800209,0.0005403293762356043
1081,-0.02160000056028366,0.000540108245331794
1082,0.028534000739455223,0.0005400785012170672
1083,0.003467000089585781,0.0005401787348091602
1084,0.03359999880194664,0.0005403115646913648
1085,-0.0013330000219866633,0.0005402537644840777
1086,0.043733999133110046,0.0005402524257078767
1087,-0.02160000056028366,0.0005399739602580667
1088,0.05360100045800209,0.0005399914225563407
1089,-0.011466999538242817,0.0005400850204750896
1090,0.043733999133110046,0.0005404797848314047
1091,-0.011466999538242817,0.0005407406715676188
1092,0.06373400241136551,0.0005410126177594066
1093,-0.011466999538242817,0.0005412037135101855
1094,0.043733999133110046,0.0005412347964011133
1095,0.008533000014722347,0.0005412024329416454
1096,0.02346700057387352,0.0005412495229393244
1097,0.008533000014722347,0.0005411924794316292
1098,0.05866700038313866,0.0005411740858107805
1099,-0.011466999538242817,0.0005411333404481411
1100,0.028534000739455223,0.0005410865414887667
1101,-0.04666699841618538,0.0005411577876657248
1102,0.02346700057387352,0.0005416442872956395
1103,-0.011466999538242817,0.0005420402158051729
1104,0.028534000739455223,0.0005425260169431567
1105,-0.0013330000219866633,0.0005429156590253115
1106,0.02346700057387352,0.000543517991900444
1107,-0.031466998159885406,0.0005438855732791126
1108,0.03866700083017349,0.0005445485003292561
1109,-0.02160000056028366,0.0005449341842904687
1110,0.05866700038313866,0.0005452644545584917
1111,-0.0013330000219866633,0.0005456688813865185
1112,0.02346700057387352,0.0005460093379952013
1113,-0.006399999838322401,0.0005461569526232779
1114,0.01360000018030405,0.0005461912369355559
1115,-0.011466999538242817,0.0005461947293952107
1116,0.05866700038313866,0.000546304218005389
1117,-0.026399999856948853,0.0005462178960442543
1118,0.05360100045800209,0.0005461710970848799
1119,-0.0013330000219866633,0.0005460733082145452
1120,0.03359999880194664,0.0005460192915052176
1121,-0.006399999838322401,0.0005457301158457994
1122,0.01360000018030405,0.0005458592204377055
1123,-0.026399999856948853,0.0005460666143335402
1124,0.01866699941456318,0.0005461488617584109
1125,-0.016534000635147095,0.0005462702247314155
1126,0.043733999133110046,0.0005465484573505819
1127,-0.026399999856948853,0.000546444789506495
1128,0.05866700038313866,0.0005463326233439147
1129,0.01360000018030405,0.000545974588021636
1130,0.03359999880194664,0.0005455495556816459
1131,0.01360000018030405,0.0005451004253700376
1132,0.03866700083017349,0.0005446433206088841
1133,-0.02160000056028366,0.0005444754497148097
1134,-0.011466999538242817,0.0005439758533611894
1135,-0.006399999838322401,0.0005436653736978769
1136,0.03359999880194664,0.0005433929618448019
1137,-0.031466998159885406,0.0005430139135569334
1138,0.03866700083017349,0.0005426218267530203
1139,-0.0013330000219866633,0.0005420356756076217
1140,0.043733999133110046,0.0005413367180153728
1141,0.01360000018030405,0.0005406542331911623
1142,0.03866700083017349,0.0005398027715273201
1143,0.003467000089585781,0.0005390257574617863
1144,0.01866699941456318,0.0005382244708016515
1145,-0.016534000635147095,0.0005376172484830022
1146,0.028534000739455223,0.0005371352890506387
1147,-0.0013330000219866633,0.0005367773119360209
1148,0.05360100045800209,0.0005363355157896876
1149,0.008533000014722347,0.0005357091431505978
1150,0.01866699941456318,0.0005350671708583832
1151,-0.0013330000219866633,0.0005344145465642214
1152,0.028534000739455223,0.0005336710019037127
1153,-0.016534000635147095,0.0005329903797246516
1154,0.01866699941456318,0.0005324423545971513
1155,-0.026399999856948853,0.0005319855408743024
1156,0.01360000018030405,0.0005317243048921227
1157,-0.011466999538242817,0.0005314687732607126
1158,0.028534000739455223,0.0005312347202561796
1159,-0.02160000056028366,0.000530916964635253
1160,0.01360000018030405,0.0005305109662003815
1161,-0.0013330000219866633,0.0005298995529301465
1162,0.02346700057387352,0.0005293759750202298
1163,-0.0013330000219866633,0.000528876087628305
1164,0.03866700083017349,0.0005281526246108115
1165,-0.011466999538242817,0.0005274368450045586
1166,0.03359999880194664,0.0005269657704047859
1167,-0.011466999538242817,0.0005266831140033901
1168,0.01360000018030405,0.0005264604697003961
1169,0.003467000089585781,0.0005262313643470407
1170,0.03359999880194664,0.0005260677426122129
1171,-0.011466999538242817,0.0005258737946860492
1172,0.03866700083017349,0.0005258696619421244
1173,-0.011466999538242817,0.0005256403819657862
1174,0.01360000018030405,0.0005253691342659295
1175,-0.011466999538242817,0.0005251116235740483
1176,0.02346700057387352,0.0005252030678093433
1177,-0.016534000635147095,0.0005251840921118855
1178,0.003467000089585781,0.0005252322880551219
1179,-0.026399999856948853,0.0005251677939668298
1180,0.028534000739455223,0.0005251335678622127
1181,0.003467000089585781,0.0005250112153589725
1182,0.04853399842977524,0.0005249222158454359
1183,0.008533000014722347,0.0005250531248748302
1184,0.06373400241136551,0.0005250783869996667
1185,-0.0013330000219866633,0.0005253320559859276
1186,0.028534000739455223,0.0005256058066152036
1187,-0.026399999856948853,0.0005261352052912116
1188,0.03866700083017349,0.0005268091917969286
1189,0.01360000018030405,0.0005274694412946701
1190,0.028534000739455223,0.000528122007381171
1191,0.008533000014722347,0.0005286531522870064
1192,0.07866799831390381,0.0005291169509291649
1193,0.01360000018030405,0.000529587734490633
1194,0.003467000089585781,0.0005300846532918513
1195,0.003467000089585781,0.0005304531659930944
1196,0.04853399842977524,0.0005308269755914807
1197,0.01360000018030405,0.0005311014829203486
1198,0.07360100001096725,0.0005313347210176289
1199,0.01360000018030405,0.0005318211042322218
1200,0.0685340017080307,0.0005323310033418238
1201,0.01360000018030405,0.0005325424135662615
1202,0.028534000739455223,0.0005325554520823061
1203,0.003467000089585781,0.0005325078964233398
1204,0.03359999880194664,0.0005325218662619591
1205,0.01360000018030405,0.0005329328123480082
1206,0.01360000018030405,0.0005333145381882787
1207,-0.02160000056028366,0.0005334945162758231
1208,0.02346700057387352,0.000533690326847136
1209,-0.016534000635147095,0.0005338412011042237
1210,0.05360100045800209,0.0005339797353371978
1211,0.008533000014722347,0.0005342793883755803
1212,0.07360100001096725,0.0005345786921679974
1213,-0.0013330000219866633,0.0005348281702026725
1214,0.028534000739455223,0.000535065250005573
1215,0.01360000018030405,0.0005354024469852448
1216,0.003467000089585781,0.0005357669433578849
1217,-0.0013330000219866633,0.0005362300435081124
1218,0.028534000739455223,0.0005364996613934636
1219,-0.026399999856948853,0.0005366416880860925
1220,0.02346700057387352,0.0005370067083276808
1221,-0.0013330000219866633,0.0005371882580220699
1222,0.028534000739455223,0.0005373788299039006
1223,0.04853399842977524,0.0005376556655392051
1224,0.05866700038313866,0.0005378898931667209
1225,-0.006399999838322401,0.0005383682437241077
1226,0.03866700083017349,0.0005387094570323825
1227,-0.026399999856948853,0.0005390568403527141
1228,0.04853399842977524,0.0005393113824538887
1229,0.01360000018030405,0.0005396923515945673
1230,0.028534000739455223,0.0005400486406870186
1231,-0.0013330000219866633,0.0005404767580330372
1232,0.03359999880194664,0.0005408237338997424
1233,0.01866699941456318,0.0005412719328887761
1234,0.028534000739455223,0.0005417391657829285
1235,0.003467000089585781,0.0005422423128038645
1236,0.05360100045800209,0.0005425094859674573
1237,-0.0013330000219866633,0.0005429111188277602
1238,0.04853399842977524,0.0005433154292404652
1239,-0.031466998159885406,0.0005439699161797762
1240,0.04853399842977524,0.0005445050774142146
1241,0.02346700057387352,0.0005455611972138286
1242,0.01360000018030405,0.0005466528236865997
1243,0.01360000018030405,0.0005474829813465476
1244,0.028534000739455223,0.0005483165150508285
1245,-0.02160000056028366,0.0005492778145708144
1246,0.03359999880194664,0.000550013966858387
1247,0.01866699941456318,0.0005509782931767404
1248,0.03866700083017349,0.0005518167745321989
1249,-0.03653400018811226,0.0005528134643100202
1250,0.008533000014722347,0.0005535202799364924
1251,-0.0013330000219866633,0.000554177793674171
1252,0.03359999880194664,0.000554908299818635
1253,-0.026399999856948853,0.000555741018615663
1254,0.02346700057387352,0.000556439277715981
1255,-0.0013330000219866633,0.0005569641361944377
1256,0.0685340017080307,0.0005575560498982668
1257,-0.006399999838322401,0.0005583443562500179
1258,0.028534000739455223,0.0005590402288362384
1259,0.003467000089585781,0.0005597345880232751
1260,0.06373400241136551,0.0005603766185231507
1261,-0.0013330000219866633,0.0005611812230199575
1262,0.028534000739455223,0.0005617554998025298
1263,0.02346700057387352,0.0005623665638267994
1264,0.05360100045800209,0.0005629025981761515
1265,0.01360000018030405,0.0005633847322314978
1266,0.02346700057387352,0.0005638872971758246
1267,-0.011466999538242817,0.0005644796183332801
1268,0.01360000018030405,0.0005649749073199928
1269,-0.011466999538242817,0.0005655234563164413
1270,0.04853399842977524,0.000565860653296113
1271,-0.011466999538242817,0.0005664948839694262
1272,0.03359999880194664,0.0005671394756063819
1273,0.01360000018030405,0.0005678837187588215
1274,0.02346700057387352,0.0005685433861799538
1275,-0.03653400018811226,0.0005690804100595415
1276,0.05360100045800209,0.0005695666186511517
1277,0.028534000739455223,0.000570066215004772
1278,0.03866700083017349,0.0005705775693058968
1279,0.003467000089585781,0.0005711698904633522
1280,0.04853399842977524,0.0005716729210689664
1281,-0.0013330000219866633,0.0005723321810364723
1282,-0.0013330000219866633,0.0005729582044295967
1283,-0.0013330000219866633,0.0005735870217904449
1284,0.01866699941456318,0.0005743250949308276
1285,0.003467000089585781,0.0005748147959820926
1286,-0.011466999538242817,0.000575378886424005
1287,0.003467000089585781,0.0005758205661550164
1288,0.05360100045800209,0.0005763303488492966
1289,0.003467000089585781,0.0005767971742898226
1290,0.028534000739455223,0.0005772383883595467
1291,-0.02160000056028366,0.0005776928155682981
1292,0.02346700057387352,0.0005779890343546867
1293,0.008533000014722347,0.0005782301304861903
1294,0.06373400241136551,0.0005784925306215882
1295,0.02346700057387352,0.0005791184958070517
1296,0.03866700083017349,0.0005797980702482164
1297,-0.026399999856948853,0.0005802679806947708
1298,0.01360000018030405,0.0005807410925626755
1299,-0.026399999856948853,0.0005813189200125635
1300,0.06373400241136551,0.0005815678741782904
1301,-0.0013330000219866633,0.0005822342936880887
1302,0.01866699941456318,0.000582664564717561
1303,-0.016534000635147095,0.0005830198642797768
1304,0.06373400241136551,0.0005832904134877026
1305,-0.0013330000219866633,0.0005835401825606823
1306,0.04853399842977524,0.0005835610209032893
1307,-0.0013330000219866633,0.0005835413467139006
1308,0.03866700083017349,0.0005835485062561929
1309,0.028534000739455223,0.0005838252836838365
1310,0.03359999880194664,0.0005840614321641624
1311,-0.02160000056028366,0.0005844436818733811
1312,0.03359999880194664,0.0005848057917319238
1313,-0.04160099849104881,0.0005850631278008223
1314,0.028534000739455223,0.0005850643501617014
1315,0.003467000089585781,0.0005851390305906534
1316,0.05360100045800209,0.0005853724433109164
1317,-0.0013330000219866633,0.0005855077179148793
1318,0.028534000739455223,0.000585772970225662
1319,-0.02160000056028366,0.0005860350793227553
1320,0.03866700083017349,0.000586442300118506
1321,0.01866699941456318,0.0005868538864888251
1322,0.01866699941456318,0.0005869180313311517
1323,0.01360000018030405,0.0005869686137884855
1324,0.0685340017080307,0.0005872251931577921
1325,0.01360000018030405,0.0005874384078197181
1326,0.028534000739455223,0.0005878412630409002
1327,0.01866699941456318,0.0005880108801648021
1328,0.01360000018030405,0.0005882425466552377
1329,0.01360000018030405,0.0005882050609216094
1330,0.028534000739455223,0.0005882409168407321
1331,-0.0013330000219866633,0.0005883260164409876
1332,0.03866700083017349,0.000588211405556649
1333,-0.011466999538242817,0.0005883715348318219
1334,0.028534000739455223,0.0005884279380552471
1335,-0.0013330000219866633,0.0005886021535843611
1336,0.028534000739455223,0.000588729337323457
1337,-0.011466999538242817,0.000588912982493639
1338,0.03866700083017349,0.0005890239262953401
1339,0.01360000018030405,0.0005892679328098893
1340,0.01360000018030405,0.0005894229980185628
1341,-0.006399999838322401,0.0005895450012758374
1342,-0.0013330000219866633,0.0005896884249523282
1343,0.003467000089585781,0.0005898122908547521
1344,0.028534000739455223,0.0005898146191611886
1345,0.01360000018030405,0.0005897412775084376
1346,0.028534000739455223,0.0005896646762266755
1347,0.02346700057387352,0.0005898590898141265
1348,0.04853399842977524,0.0005899562384001911
1349,-0.02160000056028366,0.000590138544794172
1350,0.03359999880194664,0.0005904163117520511
1351,0.003467000089585781,0.000590883195400238
1352,0.028534000739455223,0.0005911083426326513
1353,0.01360000018030405,0.0005915192305110395
1354,0.05866700038313866,0.0005918267997913063
1355,0.028534000739455223,0.000592378550209105
1356,0.03359999880194664,0.0005928335594944656
1357,-0.011466999538242817,0.0005933532956987619
1358,0.03866700083017349,0.0005938815884292126
1359,-0.011466999538242817,0.0005947049940004945
1360,0.003467000089585781,0.0005947774043306708
1361,-0.006399999838322401,0.0005952469073235989
1362,0.05866700038313866,0.0005953387590125203
1363,-0.04666699841618538,0.00059585424605757
1364,0.02346700057387352,0.0005959005211479962
1365,-0.02160000056028366,0.0005962835275568068
1366,0.043733999133110046,0.0005965217133052647
1367,-0.0013330000219866633,0.000596661469899118
1368,0.05866700038313866,0.0005966551834717393
1369,-0.02160000056028366,0.0005968345794826746
1370,0.05360100045800209,0.0005968761979602277
1371,0.003467000089585781,0.0005971441860310733
1372,0.028534000739455223,0.0005973117658868432
1373,0.003467000089585781,0.0005977553082630038
1374,0.028534000739455223,0.0005982156726531684
1375,-0.02160000056028366,0.0005984791787341237
1376,0.04853399842977524,0.0005984925664961338
1377,0.03866700083017349,0.0005987448384985328
1378,0.06373400241136551,0.0005987194017507136
1379,0.01360000018030405,0.0005986682372167706
1380,0.05360100045800209,0.0005986831383779645
1381,0.02346700057387352,0.0005989258643239737
1382,0.06373400241136551,0.0005988238845020533
1383,0.003467000089585781,0.000598947808612138
1384,0.04853399842977524,0.0005988922202959657
1385,-0.0013330000219866633,0.0005992260412313044
1386,0.03866700083017349,0.000599604332819581
1387,0.01360000018030405,0.0006000472931191325
1388,0.05360100045800209,0.0006002305308356881
1389,0.003467000089585781,0.0006005920586176217
1390,0.02346700057387352,0.0006011425284668803
1391,0.01360000018030405,0.0006017651176080108
1392,0.04853399842977524,0.0006023634341545403
1393,-0.011466999538242817,0.0006032104720361531
1394,0.043733999133110046,0.0006040609441697598
1395,-0.006399999838322401,0.0006051269010640681
1396,0.04853399842977524,0.0006061148014850914
1397,0.01360000018030405,0.0006072461837902665
1398,0.03359999880194664,0.0006083748303353786
1399,0.01360000018030405,0.0006095713470131159
1400,0.06373400241136551,0.0006108844536356628
1401,-0.006399999838322401,0.0006122495979070663
1402,0.02346700057387352,0.0006134017021395266
1403,-0.011466999538242817,0.0006145507213659585
1404,0.05866700038313866,0.000615685828961432
1405,-0.02160000056028366,0.0006168357795104384
1406,0.03866700083017349,0.0006177716422826052
1407,0.003467000089585781,0.0006187454564496875
1408,0.04853399842977524,0.0006198624614626169
1409,-0.006399999838322401,0.0006208780687302351
1410,0.02346700057387352,0.0006219092756509781
1411,-0.02160000056028366,0.0006230539875105023
1412,0.043733999133110046,0.0006239635404199362
1413,0.01360000018030405,0.0006247790879569948
1414,0.01866699941456318,0.0006256462074816227
1415,0.01360000018030405,0.00062643300043419
1416,-0.006399999838322401,0.0006273142644204199
1417,0.01360000018030405,0.0006280879606492817
1418,0.043733999133110046,0.0006287529831752181
1419,-0.02160000056028366,0.0006293695187196136
1420,0.05360100045800209,0.0006299510714598
1421,0.01360000018030405,0.0006305959541350603
1422,0.05360100045800209,0.0006312225013971329
1423,0.01360000018030405,0.0006317569641396403
1424,0.04853399842977524,0.0006322384579107165
1425,0.003467000089585781,0.0006327079026959836
1426,0.05360100045800209,0.0006333188503049314
1427,0.028534000739455223,0.0006338894017972052
1428,0.06373400241136551,0.0006342772976495326
1429,-0.016534000635147095,0.0006348679889924824
1430,0.028534000739455223,0.0006356381927616894
1431,-0.0013330000219866633,0.0006365053122863173
1432,0.06373400241136551,0.000637332908809185
1433,-0.0013330000219866633,0.0006381949060596526
1434,0.028534000739455223,0.0006390035268850625
1435,-0.006399999838322401,0.0006397225079126656
1436,0.003467000089585781,0.0006404180312529206
1437,0.01360000018030405,0.0006411253707483411
1438,0.03866700083017349,0.0006417605909518898
1439,0.02346700057387352,0.0006423494196496904
1440,0.04853399842977524,0.0006428375490941107
1441,0.02346700057387352,0.0006433544913306832
1442,0.003467000089585781,0.0006438681157305837
1443,0.01360000018030405,0.0006439858116209507
1444,0.028534000739455223,0.0006440351717174053
1445,-0.016534000635147095,0.0006440897705033422
1446,0.06373400241136551,0.0006441673031076789
1447,0.003467000089585781,0.0006444441387429833
1448,0.05866700038313866,0.0006448269123211503
1449,-0.011466999538242817,0.0006451993249356747
1450,0.05360100045800209,0.0006454978138208389
1451,-0.011466999538242817,0.0006461552111431956
1452,0.04853399842977524,0.0006466743652708828
1453,-0.006399999838322401,0.0006476401467807591
1454,0.043733999133110046,0.000648520071990788
1455,-0.011466999538242817,0.0006494756089523435
1456,0.08373399823904037,0.0006500052404589951
1457,-0.03653400018811226,0.0006507562939077616
1458,0.04853399842977524,0.0006511504761874676
1459,0.028534000739455223,0.0006516117719002068
1460,0.05360100045800209,0.000651976908557117
1461,0.03359999880194664,0.0006524543277919292
1462,0.06373400241136551,0.0006529363454319537
1463,0.003467000089585781,0.0006533374544233084
1464,0.01360000018030405,0.0006539450259879231
1465,-0.016534000635147095,0.0006544634816236794
1466,0.028534000739455223,0.0006552846753038466
1467,0.008533000014722347,0.000655817857477814
1468,0.06373400241136551,0.0006563182105310261
1469,-0.02160000056028366,0.0006566925439983606
1470,0.05360100045800209,0.0006569995312020183
1471,0.003467000089585781,0.0006571967387571931
1472,0.05866700038313866,0.0006574783474206924
1473,-0.0013330000219866633,0.0006575750885531306
1474,0.028534000739455223,0.0006578119937330484
1475,0.003467000089585781,0.0006578924367204309
1476,0.0685340017080307,0.0006580617628060281
1477,0.003467000089585781,0.0006580205517821014
1478,0.03866700083017349,0.0006581981433555484
1479,0.01866699941456318,0.0006582437781617045
1480,0.06373400241136551,0.000658338307403028
1481,-0.011466999538242817,0.0006582827772945166
1482,0.01360000018030405,0.0006581585039384663
1483,0.01360000018030405,0.0006579365581274033
1484,0.08880099654197693,0.0006578157772310078
1485,0.03866700083017349,0.0006574069266207516
1486,0.05360100045800209,0.0006571343401446939
1487,0.003467000089585781,0.0006567566888406873
1488,0.04853399842977524,0.0006564583745785058
1489,0.01360000018030405,0.0006562084890902042
1490,0.043733999133110046,0.0006560982437804341
1491,0.003467000089585781,0.0006559465546160936
1492,0.043733999133110046,0.0006557899178005755
1493,-0.016534000635147095,0.0006554564461112022
1494,0.003467000089585781,0.0006551394471898675
1495,0.03866700083017349,0.0006546230288222432
1496,0.043733999133110046,0.0006542642950080335
1497,-0.006399999838322401,0.0006536064320243895
1498,0.07866799831390381,0.0006531481631100178
1499,0.03866700083017349,0.0006527735386043787
1500,0.07866799831390381,0.0006522455369122326
1501,0.01360000018030405,0.0006513698026537895
1502,0.04853399842977524,0.0006508915685117245
1503,-0.02160000056028366,0.0006501828320324421
1504,0.028534000739455223,0.0006493491237051785
1505,-0.0013330000219866633,0.0006484630284830928
1506,0.02346700057387352,0.0006478609284386039
1507,-0.02160000056028366,0.000647202949039638
1508,0.028534000739455223,0.0006465922342613339
1509,-0.026399999856948853,0.0006460213335230947
1510,0.03866700083017349,0.0006455242400988936
1511,-0.026399999856948853,0.000645129824988544
1512,0.01866699941456318,0.0006448058411478996
1513,0.003467000089585781,0.0006444496684707701
1514,0.043733999133110046,0.0006441258592531085
1515,0.028534000739455223,0.0006437237607315183
1516,0.06373400241136551,0.0006433805683627725
1517,-0.0013330000219866633,0.000642904604319483
1518,0.04853399842977524,0.0006426306208595634
1519,-0.0013330000219866633,0.0006423264276236296
1520,0.028534000739455223,0.0006420360878109932
1521,0.003467000089585781,0.0006416531396098435
1522,0.03359999880194664,0.0006412201910279691
1523,-0.02160000056028366,0.0006408292101696134
1524,0.02346700057387352,0.0006405701860785484
1525,-0.0013330000219866633,0.000640380079858005
1526,0.03866700083017349,0.0006401857826858759
1527,0.028534000739455223,0.0006401097634807229
1528,0.03866700083017349,0.0006399336270987988
1529,-0.02160000056028366,0.0006396878161467612
1530,0.04853399842977524,0.0006393704097718
1531,0.008533000014722347,0.0006390535272657871
1532,0.05360100045800209,0.0006389164482243359
1533,0.01360000018030405,0.0006387463072314858
1534,0.07866799831390381,0.0006385886808857322
1535,-0.0013330000219866633,0.0006383435684256256
1536,0.04853399842977524,0.000638078898191452
1537,-0.011466999538242817,0.0006376843666657805
1538,0.03866700083017349,0.0006375563098117709
1539,-0.02160000056028366,0.0006376413512043655
1540,0.03359999880194664,0.000637548160739243
1541,-0.02160000056028366,0.0006377655081450939
1542,0.04853399842977524,0.0006377339595928788
1543,-0.026399999856948853,0.0006380024133250117
1544,0.028534000739455223,0.0006379694677889347
1545,-0.026399999856948853,0.0006380492122843862
1546,0.02346700057387352,0.0006381254061125219
1547,0.01360000018030405,0.0006382082938216627
1548,0.03866700083017349,0.0006384259322658181
1549,-0.04666699841618538,0.0006388581823557615
1550,0.01360000018030405,0.0006390716880559921
1551,-0.03653400018811226,0.0006391509668901563
1552,0.028534000739455223,0.0006391890347003937
1553,-0.0013330000219866633,0.0006392704090103507
1554,0.01360000018030405,0.0006394998054020107
1555,-0.016534000635147095,0.0006396781536750495
1556,0.02346700057387352,0.000639944919385016
1557,-0.0013330000219866633,0.0006400445709004998
1558,0.008533000014722347,0.0006403179722838104
1559,-0.011466999538242817,0.0006406327011063695
1560,0.03866700083017349,0.00064100231975317
1561,-0.011466999538242817,0.0006414129165932536
1562,0.03866700083017349,0.000641825026832521
1563,0.003467000089585781,0.0006422800943255424
1564,0.04853399842977524,0.0006428931374102831
1565,-0.011466999538242817,0.0006433480884879827
1566,0.02346700057387352,0.0006438699783757329
1567,-0.016534000635147095,0.0006442727753892541
1568,0.03866700083017349,0.0006445209146477282
1569,0.01866699941456318,0.0006448823260143399
1570,0.07360100001096725,0.0006456860573962331
1571,-0.0013330000219866633,0.0006465287879109383
1572,0.008533000014722347,0.00064702273812145
1573,0.028534000739455223,0.0006477798451669514
1574,0.07866799831390381,0.000648476998321712
1575,0.003467000089585781,0.0006493573309853673
1576,0.03866700083017349,0.0006502062897197902
1577,-0.0013330000219866633,0.0006510964594781399
1578,0.003467000089585781,0.0006519806338474154
1579,0.008533000014722347,0.000653208582662046
1580,0.05866700038313866,0.0006542982300743461
1581,-0.03653400018811226,0.0006556538864970207
1582,0.04853399842977524,0.0006564873037859797
1583,-0.03653400018811226,0.0006577451131306589
1584,0.028534000739455223,0.000658616772852838
1585,-0.03653400018811226,0.0006598128820769489
1586,0.028534000739455223,0.0006605101516470313
1587,-0.011466999538242817,0.0006612829165533185
1588,0.028534000739455223,0.0006619753548875451
1589,-0.006399999838322401,0.000662748352624476
1590,0.028534000739455223,0.0006635823519900441
1591,-0.0013330000219866633,0.0006643105298280716
1592,0.028534000739455223,0.0006654344033449888
1593,0.003467000089585781,0.0006664727116003633
1594,0.02346700057387352,0.0006673430325463414
1595,0.01360000018030405,0.0006680481601506472
1596,0.0685340017080307,0.0006687951390631497
1597,0.01866699941456318,0.0006695297197438776
1598,0.05360100045800209,0.0006702303653582931
1599,-0.02160000056028366,0.0006710588932037354
1600,0.03866700083017349,0.0006716038333252072
1601,0.01866699941456318,0.0006721632089465857
1602,0.04853399842977524,0.0006730392342433333
1603,-0.0013330000219866633,0.0006737278308719397
1604,0.02346700057387352,0.0006742960540577769
1605,-0.006399999838322401,0.0006748564774170518
1606,0.03866700083017349,0.0006753519410267472
1607,-0.0013330000219866633,0.0006756794755347073
1608,0.02346700057387352,0.0006759911775588989
1609,0.01866699941456318,0.000676178780850023
1610,0.03866700083017349,0.0006767762242816389
1611,-0.016534000635147095,0.0006771974149160087
1612,0.028534000739455223,0.0006775024230591953
1613,-0.006399999838322401,0.000677652598824352
1614,0.043733999133110046,0.0006777967209927738
1615,-0.011466999538242817,0.0006776635418646038
1616,0.04853399842977524,0.0006779369432479143
1617,0.008533000014722347,0.0006780095864087343
1618,0.05360100045800209,0.0006781534175388515
1619,-0.011466999538242817,0.0006780808325856924
1620,0.06373400241136551,0.000678373733535409
1621,0.01360000018030405,0.0006787111633457243
1622,0.01360000018030405,0.0006792958010919392
1623,-0.0013330000219866633,0.000679882534313947
1624,0.01360000018030405,0.0006808163598179817
1625,0.008533000014722347,0.000681751174852252
1626,0.05360100045800209,0.000682769576087594
1627,0.003467000089585781,0.0006837439723312855
1628,0.06373400241136551,0.0006846821052022278
1629,-0.02160000056028366,0.0006854271050542593
1630,0.028534000739455223,0.0006860340945422649
1631,-0.011466999538242817,0.0006869200151413679
1632,0.01360000018030405,0.000687856343574822
1633,0.003467000089585781,0.0006885877810418606
1634,0.01360000018030405,0.0006896560080349445
1635,-0.02160000056028366,0.0006908521754667163
1636,0.003467000089585781,0.0006923846085555851
1637,0.003467000089585781,0.0006935449782758951
1638,0.03359999880194664,0.0006947083747945726
1639,-0.006399999838322401,0.0006957417353987694
1640,0.05866700038313866,0.0006967804511077702
1641,0.04853399842977524,0.0006977317971177399
1642,0.01360000018030405,0.0006987740052863955
1643,-0.011466999538242817,0.0006997421151027083
1644,0.02346700057387352,0.0007007939857430756
1645,0.003467000089585781,0.0007015011506155133
1646,0.003467000089585781,0.0007022548234090209
1647,0.008533000014722347,0.0007026833482086658
1648,0.01360000018030405,0.0007033353904262185
1649,0.02346700057387352,0.0007039215415716171
1650,-0.0013330000219866633,0.0007051072316244245
1651,0.003467000089585781,0.0007063733646646142
1652,0.02346700057387352,0.0007076255278661847
1653,-0.026399999856948853,0.000708715058863163
1654,0.028534000739455223,0.0007094484753906727
1655,0.02346700057387352,0.0007100112270563841
1656,0.02346700057387352,0.0007106818957254291
1657,-0.016534000635147095,0.0007115605985745788
1658,0.028534000739455223,0.0007123839459381998
1659,0.003467000089585781,0.0007130230660550296
1660,0.01360000018030405,0.0007136150961741805
1661,0.01360000018030405,0.0007143734255805612
1662,0.04853399842977524,0.0007152293110266328
1663,0.02346700057387352,0.0007160655222833157
1664,0.03866700083017349,0.000717293587513268
1665,-0.0013330000219866633,0.000718856870662421
1666,0.01360000018030405,0.0007201252155937254
1667,0.003467000089585781,0.000721252872608602
1668,0.06373400241136551,0.0007226227899082005
1669,-0.0013330000219866633,0.0007241222774609923
1670,0.03866700083017349,0.0007254661759361625
1671,-0.016534000635147095,0.0007269213674589992
1672,0.05866700038313866,0.000728071725461632
1673,0.01360000018030405,0.0007295664399862289
1674,0.028534000739455223,0.000731073203496635
1675,-0.026399999856948853,0.0007327347993850708
1676,0.028534000739455223,0.000733973691239953
1677,-0.0013330000219866633,0.000735266599804163
1678,0.04853399842977524,0.0007363896584138274
1679,-0.016534000635147095,0.0007378273294307292
1680,0.02346700057387352,0.00073895143577829
1681,-0.0013330000219866633,0.0007402737974189222
1682,0.07866799831390381,0.0007415771251544356
1683,-0.031466998159885406,0.0007430102559737861
1684,0.03866700083017349,0.0007439274340867996
1685,0.01360000018030405,0.0007449919357895851
1686,0.03866700083017349,0.0007458582404069602
1687,0.003467000089585781,0.0007465669186785817
1688,0.02346700057387352,0.0007473245495930314
1689,-0.02160000056028366,0.0007480860222131014
1690,0.05360100045800209,0.0007488074479624629
1691,-0.0013330000219866633,0.0007497899932786822
1692,0.028534000739455223,0.0007507982663810253
1693,0.008533000014722347,0.0007518703350797296
1694,0.01360000018030405,0.0007530116708949208
1695,-0.0013330000219866633,0.0007540846127085388
1696,0.03359999880194664,0.0007551208836957812
1697,0.003467000089585781,0.0007561640813946724
1698,0.04853399842977524,0.0007570612360723317
1699,-0.02160000056028366,0.0007582837715744972
1700,0.028534000739455223,0.00075932452455163
1701,0.01866699941456318,0.0007604112615808845
1702,0.05360100045800209,0.0007613827474415302
1703,0.02346700057387352,0.0007623081328347325
1704,0.03866700083017349,0.0007632375345565379
1705,-0.0013330000219866633,0.0007640152471140027
1706,0.003467000089585781,0.0007649615872651339
1707,-0.031466998159885406,0.0007656177040189505
1708,0.01866699941456318,0.0007663877913728356
1709,0.003467000089585781,0.0007668898906558752
1710,0.03866700083017349,0.0007673660875298083
1711,0.01866699941456318,0.0007676585810258985
1712,0.05866700038313866,0.0007682535797357559
1713,-0.011466999538242817,0.0007689553312957287
1714,0.04853399842977524,0.0007697411347180605
1715,0.01360000018030405,0.0007705204770900309
1716,0.05866700038313866,0.0007712958613410592
1717,-0.006399999838322401,0.0007720434223301709
1718,0.05866700038313866,0.0007728115888312459
1719,-0.016534000635147095,0.0007740164874121547
1720,0.028534000739455223,0.0007748099160380661
1721,0.003467000089585781,0.00077575643081218
1722,0.06373400241136551,0.0007765803602524102
1723,0.003467000089585781,0.0007778117433190346
1724,0.028534000739455223,0.0007789848605170846
1725,-0.0013330000219866633,0.0007803081534802914
1726,0.05360100045800209,0.0007815184071660042
1727,-0.016534000635147095,0.0007830264512449503
1728,0.04853399842977524,0.0007844752399250865
1729,-0.011466999538242817,0.0007861763588152826
1730,0.043733999133110046,0.0007877379539422691
1731,-0.011466999538242817,0.0007894720765762031
1732,0.06373400241136551,0.0007911972934380174
1733,-0.03653400018811226,0.0007932819426059723
1734,0.03866700083017349,0.0007951536681503057
1735,-0.016534000635147095,0.0007970888400450349
1736,0.05360100045800209,0.000798805383965373
1737,0.028534000739455223,0.0008005838026292622
1738,0.03866700083017349,0.0008027046569623053
1739,-0.011466999538242817,0.0008049491443671286
1740,0.04853399842977524,0.0008073372882790864
1741,-0.026399999856948853,0.0008101306157186627
1742,0.02346700057387352,0.0008126121247187257
1743,-0.026399999856948853,0.0008151504443958402
1744,0.01866699941456318,0.0008177953423000872
1745,-0.006399999838322401,0.0008203907636925578
1746,0.028534000739455223,0.0008229910163208842
1747,-0.006399999838322401,0.000825572176836431
1748,0.043733999133110046,0.000828071846626699
1749,-0.011466999538242817,0.0008306222734972835
1750,0.05360100045800209,0.0008332129218615592
1751,-0.011466999538242817,0.0008357823826372623
1752,0.06373400241136551,0.0008382819360122085
1753,-0.0013330000219866633,0.0008410707814618945
1754,0.01866699941456318,0.0008435639319941401
1755,-0.011466999538242817,0.00084619817789644
1756,0.03359999880194664,0.0008489249739795923
1757,-0.031466998159885406,0.0008519902476109564
1758,0.028534000739455223,0.0008547080215066671
1759,0.01866699941456318,0.0008574638050049543
1760,0.03866700083017349,0.0008606051560491323
1761,-0.02160000056028366,0.0008635909762233496
1762,0.06373400241136551,0.000866423943080008
1763,-0.006399999838322401,0.0008694861317053437
1764,0.07360100001096725,0.0008727677632123232
1765,-0.016534000635147095,0.0008758961921557784
1766,0.05360100045800209,0.0008788219420239329
1767,-0.011466999538242817,0.0008816951303742826
1768,0.03359999880194664,0.000884464883711189
1769,0.01866699941456318,0.0008870676974765956
1770,0.04853399842977524,0.0008897054358385503
1771,0.043733999133110046,0.000892320298589766
1772,0.05360100045800209,0.0008948813192546368
1773,0.003467000089585781,0.000897443387657404
1774,0.05360100045800209,0.0009002701845020056
1775,0.01360000018030405,0.0009027159539982677
1776,0.028534000739455223,0.0009054200490936637
1777,-0.016534000635147095,0.000908183166757226
1778,0.01866699941456318,0.0009108833037316799
1779,-0.0013330000219866633,0.0009134258143603802
1780,0.028534000739455223,0.0009159513283520937
1781,-0.006399999838322401,0.0009185300441458821
1782,-0.016534000635147095,0.0009207818657159805
1783,-0.0013330000219866633,0.0009226424153894186
1784,0.043733999133110046,0.0009245735127478838
1785,-0.011466999538242817,0.0009264828404411674
1786,0.05866700038313866,0.0009283103281632066
1787,0.01360000018030405,0.0009301744285039604
1788,0.06373400241136551,0.000931799178943038
1789,0.028534000739455223,0.0009334086207672954
1790,0.05360100045800209,0.0009351936751045287
1791,-0.011466999538242817,0.0009372386848554015
1792,0.028534000739455223,0.0009392633219249547
1793,-0.03653400018811226,0.0009410989005118608
1794,-0.0013330000219866633,0.0009426982724107802
1795,0.003467000089585781,0.0009438252891413867
1796,0.03866700083017349,0.0009449549834243953
1797,-0.006399999838322401,0.0009458618587814271
1798,0.03866700083017349,0.0009468410862609744
1799,0.008533000014722347,0.0009476959239691496
1800,0.08373399823904037,0.0009488387731835246
1801,-0.0013330000219866633,0.0009498291183263063
1802,0.07360100001096725,0.0009508361690677702
1803,0.02346700057387352,0.0009520119638182223
1804,0.028534000739455223,0.0009532519616186619
1805,-0.006399999838322401,0.0009542184416204691
1806,0.01866699941456318,0.0009556008735671639
1807,-0.031466998159885406,0.0009568476816639304
1808,0.02346700057387352,0.0009578345343470573
1809,-0.02160000056028366,0.0009588281391188502
1810,0.01360000018030405,0.0009594805305823684
1811,0.003467000089585781,0.0009600103367120028
1812,0.06373400241136551,0.0009605795494280756
1813,0.028534000739455223,0.0009610223933123052
1814,0.06373400241136551,0.0009614950977265835
1815,-0.006399999838322401,0.0009620828786864877
1816,0.04853399842977524,0.0009626579703763127
1817,-0.02160000056028366,0.00096332241082564
1818,0.03359999880194664,0.0009641582146286964
1819,-0.016534000635147095,0.0009649270214140415
1820,0.01360000018030405,0.0009657261543907225
1821,-0.0013330000219866633,0.0009663489763624966
1822,-0.0013330000219866633,0.000966777908615768
1823,0.003467000089585781,0.0009672553278505802
1824,0.01360000018030405,0.0009682084200903773
1825,-0.011466999538242817,0.0009689839789643884
1826,-0.016534000635147095,0.000969321234151721
1827,0.02346700057387352,0.00096941611263901
1828,0.06373400241136551,0.0009696605848148465
1829,0.05360100045800209,0.0009698427747935057
1830,0.04853399842977524,0.0009700068621896207
1831,-0.006399999838322401,0.0009700052905827761
1832,0.05866700038313866,0.000969796150457114
1833,-0.011466999538242817,0.0009696451015770435
1834,0.05866700038313866,0.0009697591885924339
1835,-0.006399999838322401,0.0009696437628008425
1836,0.028534000739455223,0.0009693025494925678
1837,-0.0013330000219866633,0.000968758191447705
1838,0.03359999880194664,0.0009685946861281991
1839,0.008533000014722347,0.0009680553921498358
1840,0.043733999133110046,0.0009677804191596806
1841,0.01360000018030405,0.0009675042238086462
1842,0.03866700083017349,0.0009677296038717031
1843,0.01866699941456318,0.0009680238435976207
1844,0.07360100001096725,0.0009685062104836106
1845,-0.006399999838322401,0.0009689044090919197
1846,0.01866699941456318,0.0009693399770185351
1847,-0.026399999856948853,0.0009695835178717971
1848,0.043733999133110046,0.0009693378815427423
1849,-0.011466999538242817,0.0009692198364064097
1850,0.028534000739455223,0.0009693940519355237
1851,0.008533000014722347,0.000969578861258924
1852,0.05866700038313866,0.0009698536014184356
1853,0.003467000089585781,0.000970322173088789
1854,0.028534000739455223,0.0009709601872600615
1855,0.01360000018030405,0.0009713980252854526
1856,0.01360000018030405,0.000972159206867218
1857,-0.026399999856948853,0.0009726702119223773
1858,0.043733999133110046,0.0009728005970828235
1859,0.02346700057387352,0.0009729220764711499
1860,0.028534000739455223,0.0009733857004903257
1861,-0.02160000056028366,0.0009736557258293033
1862,0.043733999133110046,0.0009738534572534263
1863,0.008533000014722347,0.000974268012214452
1864,0.04853399842977524,0.0009747344302013516
1865,-0.011466999538242817,0.0009753470658324659
1866,0.03359999880194664,0.0009756965446285903
1867,0.01866699941456318,0.0009758624946698546
1868,0.028534000739455223,0.0009763688431121409
1869,-0.011466999538242817,0.0009767352603375912
1870,0.06373400241136551,0.0009771129116415977
1871,-0.02160000056028366,0.0009773231577128172
1872,0.07360100001096725,0.000977634685114026
1873,0.003467000089585781,0.0009777310770004988
1874,0.05360100045800209,0.0009780756663531065
1875,0.02346700057387352,0.000978649128228426
1876,0.03359999880194664,0.0009795399382710457
1877,0.003467000089585781,0.0009801958221942186
1878,0.01360000018030405,0.0009809911716729403
1879,-0.03653400018811226,0.0009817592799663544
1880,0.03359999880194664,0.0009821471758186817
1881,-0.026399999856948853,0.0009822773281484842
1882,0.08880099654197693,0.0009829089976847172
1883,0.03359999880194664,0.0009829543996602297
1884,0.0685340017080307,0.0009832152863964438
1885,0.008533000014722347,0.0009834328666329384
1886,0.07866799831390381,0.0009838405530899763
1887,0.01866699941456318,0.00098405999597162
1888,0.05360100045800209,0.0009845166932791471
1889,-0.04160099849104881,0.0009851916693150997
1890,-0.016534000635147095,0.0009852771181613207
1891,-0.05146700143814087,0.0009850704809650779
1892,-0.0013330000219866633,0.000984566635452211
1893,-0.026399999856948853,0.0009839951526373625
1894,0.02346700057387352,0.0009835946839302778
1895,0.008533000014722347,0.0009833334479480982
1896,0.03866700083017349,0.0009833399672061205
1897,0.028534000739455223,0.000983347650617361
1898,0.06373400241136551,0.0009836028330028057
1899,-0.026399999856948853,0.0009834995726123452
1900,0.05866700038313866,0.0009836343815550208
1901,-0.0013330000219866633,0.0009843017905950546
1902,0.04853399842977524,0.0009847853798419237
1903,-0.031466998159885406,0.0009856296237558126
1904,0.003467000089585781,0.0009860562859103084
1905,-0.05146700143814087,0.0009864121675491333
1906,0.003467000089585781,0.0009859774727374315
1907,-0.05653399974107742,0.0009851533686742187
1908,0.01360000018030405,0.000984233571216464
1909,-0.02160000056028366,0.0009832661598920822
1910,0.03359999880194664,0.0009824272710829973
1911,0.03359999880194664,0.000981711084023118
1912,0.08880099654197693,0.0009806061862036586
1913,0.028534000739455223,0.0009788917377591133
1914,0.043733999133110046,0.0009774009231477976
1915,-0.0013330000219866633,0.0009758839150890708
1916,0.07866799831390381,0.0009745480492711067
1917,0.02346700057387352,0.0009733196347951889
1918,0.02346700057387352,0.0009720430243760347
1919,-0.031466998159885406,0.0009708550642244518
1920,0.028534000739455223,0.0009691411978565156
1921,-0.02160000056028366,0.0009671003790572286
1922,0.003467000089585781,0.0009651099098846316
1923,-0.02160000056028366,0.0009630884742364287
1924,0.04853399842977524,0.0009610710549168289
1925,0.008533000014722347,0.0009593158029019833
1926,0.003467000089585781,0.0009575120639055967
1927,0.03866700083017349,0.0009555877186357975
1928,0.06373400241136551,0.0009540371829643846
1929,-0.026399999856948853,0.000952735252212733
1930,0.02346700057387352,0.0009514902485534549
1931,-0.02160000056028366,0.0009501267923042178
1932,0.003467000089585781,0.0009491886012256145
1933,-0.031466998159885406,0.0009483175817877054
1934,0.003467000089585781,0.000947440741583705
1935,-0.031466998159885406,0.0009464118629693985
1936,0.02346700057387352,0.0009456865955144167
1937,-0.0013330000219866633,0.000944846193306148
1938,0.03866700083017349,0.0009438716224394739
1939,-0.03653400018811226,0.0009427019394934177
1940,0.05866700038313866,0.0009418788249604404
1941,-0.04160099849104881,0.0009409886552020907
1942,0.043733999133110046,0.0009400798007845879
1943,0.01360000018030405,0.0009393831714987755
1944,0.01866699941456318,0.0009384673903696239
1945,0.028534000739455223,0.0009375583031214774
1946,0.01360000018030405,0.0009368124883621931
1947,0.02346700057387352,0.0009359972318634391
1948,0.01360000018030405,0.0009351441403850913
1949,-0.0013330000219866633,0.0009342910489067435
1950,0.003467000089585781,0.0009333518100902438
1951,-0.006399999838322401,0.0009322956902906299
1952,0.02346700057387352,0.0009313860209658742
1953,0.003467000089585781,0.0009304264676757157
1954,0.01866699941456318,0.0009295295458287001
1955,0.008533000014722347,0.0009286674903705716
1956,0.06373400241136551,0.0009279785444959998
1957,0.003467000089585781,0.0009271357557736337
1958,0.05360100045800209,0.0009262955863960087
1959,0.008533000014722347,0.0009255839395336807
1960,0.04853399842977524,0.000924785970710218
1961,-0.011466999538242817,0.0009240717627108097
1962,0.01360000018030405,0.0009231098229065537
1963,-0.026399999856948853,0.0009221878135576844
1964,0.0685340017080307,0.0009212782606482506
1965,0.01360000018030405,0.0009205095120705664
1966,0.05360100045800209,0.0009198264451697469
1967,-0.011466999538242817,0.0009192051365971565
1968,0.02346700057387352,0.0009183681104332209
1969,-0.011466999538242817,0.0009176833555102348
1970,0.03866700083017349,0.0009170685661956668
1971,-0.0013330000219866633,0.0009166605887003243
1972,0.01360000018030405,0.0009162403293885291
1973,-0.0013330000219866633,0.0009156287997029722
1974,0.028534000739455223,0.0009150068508461118
1975,-0.026399999856948853,0.0009142059134319425
1976,0.01360000018030405,0.0009134842548519373
1977,-0.026399999856948853,0.0009127148659899831
1978,0.01360000018030405,0.0009120500180870295
1979,-0.006399999838322401,0.0009110478567890823
1980,0.008533000014722347,0.0009100416209548712
1981,0.003467000089585781,0.0009090201347135007
1982,0.028534000739455223,0.0009079736191779375
1983,-0.016534000635147095,0.0009065434569492936
1984,0.05360100045800209,0.0009052978130057454
1985,-0.0013330000219866633,0.0009036835981532931
1986,0.03866700083017349,0.0009021250298246741
1987,-0.006399999838322401,0.0009005747269839048
1988,0.04853399842977524,0.0008991700015030801
1989,0.01866699941456318,0.0008976662065833807
1990,0.02346700057387352,0.0008961143321357667
1991,-0.02160000056028366,0.0008946316665969789
1992,0.05360100045800209,0.0008932954515330493
1993,-0.011466999538242817,0.0008919065585359931
1994,0.01360000018030405,0.0008902371628209949
1995,0.003467000089585781,0.0008885920397005975
1996,0.03866700083017349,0.0008867489523254335
1997,-0.006399999838322401,0.0008845694246701896
1998,0.003467000089585781,0.0008825589320622385
1999,-0.006399999838322401,0.0008804278913885355
2000,0.03866700083017349,0.00087827438255772
2001,0.01360000018030405,0.0008761479984968901
2002,0.03866700083017349,0.000873883836902678
2003,-0.011466999538242817,0.0008716044249013066
2004,0.028534000739455223,0.0008694216376170516
2005,-0.026399999856948853,0.0008671343675814569
2006,0.05866700038313866,0.0008649749215692282
2007,-0.011466999538242817,0.0008629679796285927
2008,0.028534000739455223,0.0008609651704318821
2009,-0.006399999838322401,0.0008587760385125875
2010,0.028534000739455223,0.0008566059987060726
2011,0.003467000089585781,0.0008542945142835379
2012,0.04853399842977524,0.0008519864059053361
2013,-0.04160099849104881,0.0008495429065078497
2014,0.04853399842977524,0.0008475268259644508
2015,0.003467000089585781,0.0008453045738860965
2016,0.028534000739455223,0.0008430112502537668
2017,-0.04160099849104881,0.0008410178124904633
2018,-0.006399999838322401,0.0008388854330405593
2019,-0.03653400018811226,0.000836500315926969
2020,0.05360100045800209,0.0008339073974639177
2021,-0.02160000056028366,0.0008313365979120135
2022,0.03866700083017349,0.0008289243560284376
2023,-0.02160000056028366,0.0008266133954748511
2024,0.03359999880194664,0.0008247484220191836
2025,-0.0013330000219866633,0.0008228126680478454
2026,0.04853399842977524,0.0008207719074562192
2027,-0.011466999538242817,0.0008185819024220109
2028,0.09360100328922272,0.0008165991166606545
2029,0.008533000014722347,0.0008145119645632803
2030,0.02346700057387352,0.0008122955914586782
2031,0.003467000089585781,0.0008103601867333055
2032,0.03866700083017349,0.0008082285639829934
2033,-0.011466999538242817,0.0008060436230152845
2034,0.01866699941456318,0.000803860486485064
2035,-0.0013330000219866633,0.0008017714135348797
2036,-0.016534000635147095,0.0007999264635145664
2037,-0.03653400018811226,0.0007977848872542381
2038,0.01866699941456318,0.0007965101976878941
2039,0.008533000014722347,0.0007954412139952183
2040,0.01360000018030405,0.0007942118681967258
2041,-0.011466999538242817,0.0007929347921162844
2042,0.028534000739455223,0.0007917721522971988
2043,-0.011466999538242817,0.000790616380982101
2044,0.04853399842977524,0.0007897425093688071
2045,0.003467000089585781,0.0007888898253440857
2046,0.04853399842977524,0.0007879310287535191
2047,-0.02160000056028366,0.0007866349187679589
2048,0.043733999133110046,0.0007853978895582259
2049,-0.0013330000219866633,0.0007842570776119828
2050,0.04853399842977524,0.0007832716219127178
2051,-0.0013330000219866633,0.0007824797066859901
2052,0.02346700057387352,0.000781615381129086
2053,0.01360000018030405,0.0007809876697137952
2054,0.03359999880194664,0.0007805826026014984
2055,0.01360000018030405,0.000780317175667733
2056,0.03359999880194664,0.0007797959260642529
2057,-0.0013330000219866633,0.0007793543045409024
2058,0.02346700057387352,0.0007789352093823254
2059,-0.02160000056028366,0.0007783016189932823
2060,0.05360100045800209,0.0007776025449857116
2061,0.01866699941456318,0.0007768325740471482
2062,0.028534000739455223,0.0007760818116366863
2063,0.01866699941456318,0.0007752281380817294
2064,0.04853399842977524,0.0007746933260932565
2065,-0.026399999856948853,0.0007741411100141704
2066,0.07360100001096725,0.0007736458210274577
2067,-0.011466999538242817,0.0007732058875262737
2068,0.028534000739455223,0.0007727629854343832
2069,0.01360000018030405,0.0007723909220658243
2070,0.02346700057387352,0.000771982129663229
2071,0.003467000089585781,0.000771491730120033
2072,0.028534000739455223,0.0007710137870162725
2073,-0.0013330000219866633,0.0007702904986217618
2074,0.06373400241136551,0.0007695695385336876
2075,-0.011466999538242817,0.0007688498590141535
2076,0.01360000018030405,0.0007678639376536012
2077,-0.031466998159885406,0.0007669731858186424
2078,0.05866700038313866,0.0007663578726351261
2079,0.02346700057387352,0.0007656406378373504
2080,0.07360100001096725,0.0007648153696209192
2081,0.01360000018030405,0.0007637761300429702
2082,0.02346700057387352,0.0007630390464328229
2083,-0.026399999856948853,0.0007624644786119461
2084,0.05360100045800209,0.0007622413104400039
2085,-0.011466999538242817,0.0007616168586537242
2086,0.02346700057387352,0.0007608362939208746
2087,-0.011466999538242817,0.0007600845419801772
2088,0.05866700038313866,0.000759487971663475
2089,-0.0013330000219866633,0.0007586203864775598
2090,0.003467000089585781,0.0007574950577691197
2091,0.01360000018030405,0.000756294175516814
2092,0.02346700057387352,0.0007552658207714558
2093,-0.011466999538242817,0.000754385138861835
2094,0.028534000739455223,0.0007534070173278451
2095,-0.031466998159885406,0.0007526015979237854
2096,0.05866700038313866,0.0007518081110902131
2097,-0.016534000635147095,0.0007507889531552792
2098,0.01360000018030405,0.0007496454054489732
2099,-0.0013330000219866633,0.0007483784575015306
2100,0.06373400241136551,0.0007471796707250178
2101,-0.0013330000219866633,0.0007457766914740205
2102,0.03359999880194664,0.0007442812202498317
2103,-0.016534000635147095,0.0007429260294884443
2104,0.07360100001096725,0.0007418305613100529
2105,-0.011466999538242817,0.0007405704236589372
2106,0.028534000739455223,0.0007392407860606909
2107,-0.026399999856948853,0.0007381197647191584
2108,0.043733999133110046,0.0007369926897808909
2109,0.03359999880194664,0.0007358408765867352
2110,0.06373400241136551,0.0007344175828620791
2111,0.003467000089585781,0.0007329310174100101
2112,0.03359999880194664,0.0007314373506233096
2113,-0.016534000635147095,0.0007301025907509029
2114,0.04853399842977524,0.0007290142821148038
2115,-0.04160099849104881,0.0007278539706021547
2116,0.02346700057387352,0.0007265094900503755
2117,-0.011466999538242817,0.0007252271752804518
2118,0.043733999133110046,0.000723996723536402
2119,-0.006399999838322401,0.0007224067230708897
2120,0.03359999880194664,0.0007211451884359121
2121,-0.011466999538242817,0.0007197780068963766
2122,0.01866699941456318,0.0007183861453086138
2123,0.01360000018030405,0.0007170515600591898
2124,0.01360000018030405,0.0007156520150601864
2125,-0.0013330000219866633,0.0007143801776692271
2126,0.01360000018030405,0.0007131581078283489
2127,-0.011466999538242817,0.0007121522212401032
2128,0.003467000089585781,0.0007110147271305323
2129,-0.016534000635147095,0.0007099389913491905
2130,0.028534000739455223,0.0007088237325660884
2131,-0.04666699841618538,0.0007074400782585144
2132,0.03866700083017349,0.0007056003669276834
2133,-0.006399999838322401,0.0007038649055175483
2134,0.01360000018030405,0.0007020528428256512
2135,0.02346700057387352,0.000700132455676794
2136,0.008533000014722347,0.0006982905906625092
2137,-0.04666699841618538,0.0006967660156078637
2138,0.03866700083017349,0.0006950186798349023
2139,-0.006399999838322401,0.0006935204146429896
2140,0.03866700083017349,0.0006919871084392071
2141,-0.03653400018811226,0.0006905740592628717
2142,0.01360000018030405,0.0006890463409945369
2143,0.02346700057387352,0.0006874332902953029
2144,0.028534000739455223,0.0006857614498585463
2145,0.028534000739455223,0.0006839850684627891
2146,0.02346700057387352,0.0006825020536780357
2147,-0.0013330000219866633,0.0006811078637838364
2148,0.03359999880194664,0.000679941673297435
2149,-0.0013330000219866633,0.0006789853796362877
2150,-0.0013330000219866633,0.0006781240226700902
2151,-0.0013330000219866633,0.0006772008491680026
2152,0.05360100045800209,0.0006763095734640956
2153,-0.03653400018811226,0.0006755531067028642
2154,0.04853399842977524,0.0006743083358742297
2155,-0.0013330000219866633,0.0006733781192451715
2156,0.05360100045800209,0.0006722544203512371
2157,-0.006399999838322401,0.000670486711896956
2158,0.03866700083017349,0.0006688364082947373
2159,-0.011466999538242817,0.0006671177688986063
2160,0.01866699941456318,0.0006657044868916273
2161,-0.026399999856948853,0.000664314313326031
2162,0.03359999880194664,0.0006631408468820155
2163,0.003467000089585781,0.0006621549837291241
2164,0.03866700083017349,0.0006614323938265443
2165,-0.0013330000219866633,0.0006608378607779741
2166,0.043733999133110046,0.0006604342488572001
2167,0.01360000018030405,0.0006599720800295472
2168,0.05360100045800209,0.0006597711471840739
2169,-0.02160000056028366,0.0006598399486392736
2170,0.028534000739455223,0.000659857178106904
2171,-0.0013330000219866633,0.0006599772023037076
2172,0.05360100045800209,0.0006603070069104433
2173,-0.011466999538242817,0.0006601734203286469
2174,0.06373400241136551,0.0006602428038604558
2175,0.01866699941456318,0.0006601242930628359
2176,0.02346700057387352,0.0006600861670449376
2177,-0.026399999856948853,0.0006598463514819741
2178,0.04853399842977524,0.000659884070046246
2179,0.02346700057387352,0.0006599297048524022
2180,-0.011466999538242817,0.0006600104388780892
2181,-0.011466999538242817,0.0006599180051125586
2182,0.04853399842977524,0.0006600536871701479
2183,0.008533000014722347,0.0006601836648769677
2184,0.05360100045800209,0.0006601703935302794
2185,0.01360000018030405,0.0006597263854928315
2186,0.01866699941456318,0.0006592294666916132
2187,0.01866699941456318,0.0006586707895621657
2188,-0.0013330000219866633,0.0006581952329725027
2189,-0.011466999538242817,0.0006578403408639133
2190,0.03866700083017349,0.0006577344611287117
2191,-0.016534000635147095,0.0006575587322004139
2192,0.05866700038313866,0.0006574372528120875
2193,-0.02160000056028366,0.0006571028498001397
2194,0.028534000739455223,0.0006565848016180098
2195,-0.0013330000219866633,0.0006561912014149129
2196,0.03866700083017349,0.0006559053435921669
2197,0.01360000018030405,0.0006555342697538435
2198,0.043733999133110046,0.000655303942039609
2199,0.003467000089585781,0.0006548183155246079
2200,0.028534000739455223,0.0006545253563672304
2201,-0.016534000635147095,0.0006541609764099121
2202,0.04853399842977524,0.0006540222093462944
2203,0.028534000739455223,0.0006536848959513009
2204,0.028534000739455223,0.0006533724954351783
2205,-0.016534000635147095,0.0006530564278364182
2206,0.043733999133110046,0.0006527849473059177
2207,-0.006399999838322401,0.0006526286015287042
2208,0.06373400241136551,0.0006524847121909261
2209,0.02346700057387352,0.0006522033945657313
2210,0.043733999133110046,0.0006518810987472534
2211,0.003467000089585781,0.000651555834338069
2212,0.04853399842977524,0.0006512613035738468
2213,0.01360000018030405,0.0006512463442049921
2214,0.04853399842977524,0.0006512116524390876
2215,-0.0013330000219866633,0.0006508294027298689
2216,0.03866700083017349,0.0006507438374683261
2217,0.003467000089585781,0.0006505656056106091
2218,0.05360100045800209,0.0006505493074655533
2219,-0.02160000056028366,0.0006506323115900159
2220,0.05360100045800209,0.0006506343488581479
2221,-0.02160000056028366,0.0006505442433990538
2222,0.05360100045800209,0.0006506576319225132
2223,-0.0013330000219866633,0.0006504276534542441
2224,0.03866700083017349,0.0006507004727609456
2225,0.01360000018030405,0.0006505530909635127
2226,0.04853399842977524,0.0006505352212116122
2227,-0.011466999538242817,0.0006503312033601105
2228,0.04853399842977524,0.0006500273011624813
2229,-0.03653400018811226,0.0006498807924799621
2230,0.01360000018030405,0.0006497331778518856
2231,-0.026399999856948853,0.0006494038971140981
2232,0.01360000018030405,0.0006489829393103719
2233,-0.026399999856948853,0.0006486686179414392
2234,0.02346700057387352,0.0006483239121735096
2235,-0.026399999856948853,0.0006480113370344043
2236,0.008533000014722347,0.000647950277198106
2237,0.003467000089585781,0.0006477251881733537
2238,0.028534000739455223,0.0006477036513388157
2239,-0.006399999838322401,0.000647913315333426
2240,0.028534000739455223,0.0006479603471234441
2241,-0.02160000056028366,0.0006481989985331893
2242,0.04853399842977524,0.000648273155093193
2243,-0.03653400018811226,0.0006484946934506297
2244,0.028534000739455223,0.0006482555763795972
2245,-0.016534000635147095,0.0006481949822045863
2246,0.003467000089585781,0.0006480300216935575
2247,-0.011466999538242817,0.0006480676820501685
2248,0.0685340017080307,0.0006479990552179515
2249,0.003467000089585781,0.0006480628508143127
2250,0.01866699941456318,0.000648304121568799
2251,-0.02160000056028366,0.0006484680925495923
2252,0.008533000014722347,0.0006485026679001749
2253,-0.011466999538242817,0.0006486362544819713
2254,0.028534000739455223,0.0006486953934654593
2255,-0.011466999538242817,0.000648944522254169
2256,0.03866700083017349,0.000649157096631825
2257,0.02346700057387352,0.0006493546534329653
2258,0.01866699941456318,0.0006495795678347349
2259,-0.011466999538242817,0.0006498503498733044
2260,0.01360000018030405,0.0006500967429019511
2261,-0.026399999856948853,0.0006505425553768873
2262,0.04853399842977524,0.0006509297527372837
2263,-0.0013330000219866633,0.0006512203835882246
2264,0.01360000018030405,0.0006513931439258158
2265,0.003467000089585781,0.0006516029825434089
2266,0.03359999880194664,0.0006518750451505184
2267,0.03866700083017349,0.000652206246741116
2268,0.04853399842977524,0.0006528563681058586
2269,-0.05146700143814087,0.0006535782595165074
2270,0.02346700057387352,0.0006537642329931259
2271,0.003467000089585781,0.0006542683113366365
2272,0.05360100045800209,0.0006546865333802998
2273,0.02346700057387352,0.0006548023666255176
2274,0.04853399842977524,0.0006551372352987528
2275,-0.0013330000219866633,0.0006554564461112022
2276,0.01866699941456318,0.0006557595334015787
2277,-0.011466999538242817,0.0006562512717209756
2278,0.03866700083017349,0.0006567490054294467
2279,-0.026399999856948853,0.0006573480786755681
2280,0.02346700057387352,0.0006575653096660972
2281,-0.026399999856948853,0.000658102217130363
2282,0.003467000089585781,0.0006585954106412828
2283,-0.02160000056028366,0.0006593216094188392
2284,0.01360000018030405,0.0006599574699066579
2285,-0.011466999538242817,0.0006606349488720298
2286,0.02346700057387352,0.0006609645788557827
2287,-0.0013330000219866633,0.0006613918812945485
2288,0.03866700083017349,0.000661775004118681
2289,0.003467000089585781,0.0006621818174608052
2290,0.02346700057387352,0.0006628441624343395
2291,-0.03653400018811226,0.0006636080797761679
2292,0.05360100045800209,0.0006639699568040669
2293,-0.03653400018811226,0.0006646463880315423
2294,-0.011466999538242817,0.0006646184483543038
2295,-0.026399999856948853,0.0006647363188676536
2296,0.06373400241136551,0.000664872583001852
2297,-0.006399999838322401,0.000664998427964747
2298,0.02346700057387352,0.0006651005242019892
2299,-0.026399999856948853,0.0006653052405454218
2300,0.02346700057387352,0.0006652902811765671
2301,-0.031466998159885406,0.0006653501186519861
2302,0.01866699941456318,0.0006651233416050673
2303,-0.006399999838322401,0.0006651620496995747
2304,0.04853399842977524,0.000665103318169713
2305,0.003467000089585781,0.0006648588459938765
2306,0.008533000014722347,0.0006646402180194855
2307,0.01360000018030405,0.0006645047105848789
2308,0.0685340017080307,0.0006645213579759002
2309,-0.0013330000219866633,0.0006644648965448141
2310,0.02346700057387352,0.0006642598891630769
2311,-0.016534000635147095,0.0006640568608418107
2312,0.028534000739455223,0.0006641870131716132
2313,-0.016534000635147095,0.0006644316599704325
2314,0.003467000089585781,0.000664347957354039
2315,-0.026399999856948853,0.0006642713560722768
2316,0.01360000018030405,0.0006639972561970353
2317,-0.026399999856948853,0.0006637669866904616
2318,0.05360100045800209,0.000663160637486726
2319,0.02346700057387352,0.0006627131369896233
2320,0.028534000739455223,0.0006623194785788655
2321,-0.011466999538242817,0.0006619684863835573
2322,0.03359999880194664,0.0006618155166506767
2323,0.008533000014722347,0.0006616023601964116
2324,0.028534000739455223,0.0006615036400035024
2325,0.02346700057387352,0.0006614191806875169
2326,0.02346700057387352,0.0006613858276978135
2327,0.01360000018030405,0.0006614095182158053
2328,0.008533000014722347,0.0006615238380618393
2329,-0.011466999538242817,0.0006618454353883862
2330,0.05866700038313866,0.0006621344946324825
2331,0.01360000018030405,0.0006622544024139643
2332,0.04853399842977524,0.0006623395020142198
2333,-0.0013330000219866633,0.0006627640686929226
2334,0.04853399842977524,0.0006629445124417543
2335,-0.026399999856948853,0.0006634786841459572
2336,0.003467000089585781,0.0006635781610384583
2337,-0.02160000056028366,0.0006638372433371842
2338,0.04853399842977524,0.0006642066291533411
2339,-0.04160099849104881,0.0006646375404670835
2340,0.028534000739455223,0.0006644516834057868
2341,0.02346700057387352,0.0006646688561886549
2342,0.03359999880194664,0.0006650378927588463
2343,-0.011466999538242817,0.0006653397576883435
2344,0.07360100001096725,0.0006657245103269815
2345,-0.0013330000219866633,0.0006661411025561392
2346,0.028534000739455223,0.0006665297551080585
2347,-0.011466999538242817,0.0006671265000477433
2348,0.05360100045800209,0.0006674400647170842
2349,0.008533000014722347,0.0006676752818748355
2350,0.04853399842977524,0.0006678959471173584
2351,-0.0013330000219866633,0.0006679536309093237
2352,0.028534000739455223,0.0006679021753370762
2353,-0.006399999838322401,0.0006679773796349764
2354,0.03866700083017349,0.0006678554927930236
2355,-0.011466999538242817,0.0006678543286398053
2356,0.04853399842977524,0.0006677839555777609
2357,-0.011466999538242817,0.0006678555510006845
2358,0.03359999880194664,0.0006681251106783748
2359,-0.011466999538242817,0.0006685981061309576
2360,0.08373399823904037,0.0006688266294077039
2361,0.01360000018030405,0.0006690083537250757
2362,0.03359999880194664,0.0006691345479339361
2363,0.008533000014722347,0.000669218017719686
2364,0.06373400241136551,0.0006693109753541648
2365,-0.006399999838322401,0.0006691919406875968
2366,0.05360100045800209,0.0006691186572425067
2367,-0.02160000056028366,0.0006694726180285215
2368,0.04853399842977524,0.0006697325152345002
2369,-0.02160000056028366,0.0006702154641970992
2370,0.028534000739455223,0.0006704428233206272
2371,-0.02160000056028366,0.0006707712891511619
2372,0.06373400241136551,0.0006709624431096017
2373,-0.0013330000219866633,0.000671313377097249
2374,0.04853399842977524,0.0006716943462379277
2375,0.03866700083017349,0.0006721100653521717
2376,0.043733999133110046,0.0006722832331433892
2377,-0.016534000635147095,0.0006724222912453115
2378,0.04853399842977524,0.0006726434803567827
2379,0.02346700057387352,0.0006728860316798091
2380,0.07866799831390381,0.0006731076864525676
2381,0.01360000018030405,0.0006731683388352394
2382,0.06373400241136551,0.0006733251502737403
2383,-0.0013330000219866633,0.0006733012851327658
2384,0.0685340017080307,0.0006733440095558763
2385,-0.006399999838322401,0.0006732281181029975
2386,0.06373400241136551,0.0006730598979629576
2387,-0.031466998159885406,0.0006732303299941123
2388,0.028534000739455223,0.0006736089126206934
2389,0.01866699941456318,0.0006739234086126089
2390,0.04853399842977524,0.0006740067037753761
2391,0.003467000089585781,0.0006740770768374205
2392,0.04853399842977524,0.0006743113044649363
2393,-0.011466999538242817,0.0006744640995748341
2394,0.03359999880194664,0.0006745300488546491
2395,-0.0013330000219866633,0.0006747777224518359
2396,0.01360000018030405,0.0006752384942956269
2397,-0.0013330000219866633,0.0006754298810847104
2398,0.028534000739455223,0.0006758483941666782
2399,-0.016534000635147095,0.0006762525299564004
2400,0.05360100045800209,0.0006762492703273892
2401,0.003467000089585781,0.0006764588179066777
2402,0.01866699941456318,0.0006765805883333087
2403,-0.016534000635147095,0.0006767776794731617
2404,0.01360000018030405,0.000676890485920012
2405,-0.016534000635147095,0.000676872325129807
2406,0.043733999133110046,0.0006766616133973002
2407,-0.0013330000219866633,0.0006765483412891626
2408,0.07866799831390381,0.0006761817494407296
2409,0.008533000014722347,0.0006756104412488639
2410,0.028534000739455223,0.0006751767941750586
2411,0.01360000018030405,0.000674720446113497
2412,0.04853399842977524,0.0006742358673363924
2413,-0.011466999538242817,0.0006741606630384922
2414,0.06373400241136551,0.0006740534445270896
2415,0.03359999880194664,0.0006737036746926606
2416,0.05866700038313866,0.0006733951158821583
2417,0.01360000018030405,0.0006730037275701761
2418,0.07360100001096725,0.0006726976716890931
2419,0.03359999880194664,0.0006724850391037762
2420,0.03866700083017349,0.0006722182733938098
2421,-0.0013330000219866633,0.0006718134973198175
2422,0.04853399842977524,0.0006714650080539286
2423,-0.0013330000219866633,0.0006712041795253754
2424,0.07360100001096725,0.0006707217544317245
2425,-0.026399999856948853,0.0006702331593260169
2426,0.03866700083017349,0.0006696968921460211
2427,-0.011466999538242817,0.0006692588794976473
2428,0.06373400241136551,0.000668627442792058
2429,-0.006399999838322401,0.0006684144027531147
2430,0.04853399842977524,0.0006682023522444069
2431,0.01360000018030405,0.0006680535152554512
2432,0.05360100045800209,0.0006678742938674986
2433,0.01866699941456318,0.0006678999634459615
2434,0.04853399842977524,0.0006678341887891293
2435,-0.011466999538242817,0.0006678535719402134
2436,0.03866700083017349,0.0006679228390567005
2437,-0.006399999838322401,0.000667732791043818
2438,0.043733999133110046,0.0006676005432382226
2439,-0.0013330000219866633,0.0006675460608676076
2440,0.03359999880194664,0.0006675958866253495
2441,-0.0013330000219866633,0.0006676840130239725
2442,0.028534000739455223,0.0006678659119643271
2443,-0.011466999538242817,0.0006681571248918772
2444,0.03359999880194664,0.0006683754618279636
2445,-0.03653400018811226,0.0006683650426566601
2446,0.04853399842977524,0.0006680587539449334
2447,-0.006399999838322401,0.0006678135832771659
2448,0.06373400241136551,0.0006675446638837457
2449,0.003467000089585781,0.0006674434989690781
2450,0.05866700038313866,0.0006674479227513075
2451,0.003467000089585781,0.0006674873875454068
2452,0.02346700057387352,0.0006676777265965939
2453,-0.011466999538242817,0.0006679259240627289
2454,0.03866700083017349,0.0006680540973320603
2455,-0.026399999856948853,0.0006682040402665734
2456,0.028534000739455223,0.0006681748200207949
2457,-0.016534000635147095,0.000668250722810626
2458,0.05360100045800209,0.000667943328153342
2459,0.003467000089585781,0.0006678762147203088
2460,0.05360100045800209,0.0006678915815427899
2461,0.003467000089585781,0.0006678806385025382
2462,0.028534000739455223,0.0006679048528894782
2463,0.01360000018030405,0.0006678829086013138
2464,0.06373400241136551,0.000667847110889852
2465,0.02346700057387352,0.0006679506623186171
2466,0.028534000739455223,0.0006680774386040866
2467,-0.006399999838322401,0.0006681132363155484
2468,0.07360100001096725,0.0006681161466985941
2469,0.008533000014722347,0.0006678301142528653
2470,0.01866699941456318,0.0006675267941318452
2471,-0.026399999856948853,0.0006674075266346335
2472,0.028534000739455223,0.0006669797003269196
2473,0.028534000739455223,0.0006667039124295115
2474,0.003467000089585781,0.0006665601977147162
2475,0.003467000089585781,0.000666351115796715
2476,0.01866699941456318,0.0006662736414000392
2477,-0.026399999856948853,0.0006662261439487338
2478,0.01866699941456318,0.0006658848142251372
2479,-0.02160000056028366,0.00066589773632586
2480,0.03359999880194664,0.000665591680444777
2481,-0.006399999838322401,0.0006654754979535937
2482,0.01360000018030405,0.0006653987802565098
2483,0.003467000089585781,0.00066532933851704
2484,0.06373400241136551,0.0006652583251707256
2485,0.003467000089585781,0.0006650022114627063
2486,0.04853399842977524,0.0006647869013249874
2487,0.028534000739455223,0.000664701103232801
2488,0.03359999880194664,0.0006649457500316203
2489,-0.031466998159885406,0.0006651101284660399
2490,0.01866699941456318,0.0006653217133134604
2491,-0.026399999856948853,0.0006655189208686352
2492,0.01866699941456318,0.0006653085583820939
2493,-0.04666699841618538,0.0006650973227806389
2494,0.07866799831390381,0.0006647345144301653
2495,0.01360000018030405,0.0006640101782977581
2496,0.05866700038313866,0.0006632570293731987
2497,0.003467000089585781,0.000662574137095362
2498,0.03866700083017349,0.0006623753579333425
2499,0.028534000739455223,0.0006618539919145405
2500,0.06373400241136551,0.0006615832098759711
2501,-0.0013330000219866633,0.0006609720876440406
2502,0.07360100001096725,0.0006606474053114653
2503,-0.0013330000219866633,0.0006599538028240204
2504,0.043733999133110046,0.0006593519356101751
2505,-0.03653400018811226,0.0006586828385479748
2506,0.01866699941456318,0.0006578537286259234
2507,-0.0013330000219866633,0.0006570355617441237
2508,0.028534000739455223,0.0006563477800227702
2509,-0.016534000635147095,0.0006556116277351975
2510,0.07360100001096725,0.0006550431717187166
2511,0.01360000018030405,0.0006543827475979924
2512,0.043733999133110046,0.0006536203436553478
2513,-0.0013330000219866633,0.0006527988007292151
2514,0.05360100045800209,0.0006520678289234638
2515,0.008533000014722347,0.0006514240521937609
2516,0.028534000739455223,0.0006507834186777472
2517,-0.016534000635147095,0.0006500736344605684
2518,0.03866700083017349,0.0006492739776149392
2519,0.01360000018030405,0.0006484459154307842
2520,0.04853399842977524,0.0006475594127550721
2521,-0.0013330000219866633,0.000646687694825232
2522,0.03866700083017349,0.000645758118480444
2523,0.003467000089585781,0.0006448982749134302
2524,0.03866700083017349,0.0006438142154365778
2525,0.03866700083017349,0.0006428324268199503
2526,0.043733999133110046,0.0006420263089239597
2527,-0.0013330000219866633,0.0006411749636754394
2528,0.03866700083017349,0.0006402983563020825
2529,0.008533000014722347,0.0006395360105670989
2530,0.05360100045800209,0.000638804747723043
2531,0.02346700057387352,0.000638072844594717
2532,0.05360100045800209,0.0006374238291755319
2533,-0.016534000635147095,0.0006366514135152102
2534,0.01866699941456318,0.0006358959362842143
2535,-0.006399999838322401,0.0006349399336613715
2536,0.003467000089585781,0.0006339659448713064
2537,-0.016534000635147095,0.0006327416631393135
2538,0.03359999880194664,0.0006316587096080184
2539,-0.0013330000219866633,0.0006305638235062361
2540,0.04853399842977524,0.0006294975173659623
2541,-0.011466999538242817,0.0006284386035986245
2542,0.07866799831390381,0.0006277340580709279
2543,0.02346700057387352,0.0006270816666074097
2544,0.05866700038313866,0.0006264178082346916
2545,-0.011466999538242817,0.0006257792701944709
2546,0.028534000739455223,0.0006248642457649112
2547,0.01360000018030405,0.0006238808273337781
2548,0.028534000739455223,0.0006229927530512214
2549,0.01360000018030405,0.000622010906226933
2550,0.04853399842977524,0.0006213106098584831
2551,0.01360000018030405,0.0006204113597050309
2552,0.0685340017080307,0.0006196456379257143
2553,0.028534000739455223,0.0006187052349559963
2554,0.05360100045800209,0.0006178902694955468
2555,0.008533000014722347,0.0006169943371787667
2556,0.02346700057387352,0.0006164372898638248
2557,0.02346700057387352,0.0006159734912216663
2558,0.08880099654197693,0.0006156614981591702
2559,0.008533000014722347,0.0006151718553155661
2560,0.03866700083017349,0.0006148060201667249
2561,0.02346700057387352,0.0006145580555312335
2562,0.05360100045800209,0.0006143464706838131
2563,0.03359999880194664,0.0006142324418760836
2564,0.08880099654197693,0.0006140521727502346
2565,0.01360000018030405,0.0006134810391813517
2566,0.05360100045800209,0.0006131153786554933
2567,-0.0013330000219866633,0.0006126637454144657
2568,0.09360100328922272,0.0006121322512626648
2569,0.043733999133110046,0.000611170893535018
2570,0.06373400241136551,0.0006105194916017354
2571,0.02346700057387352,0.0006098412559367716
2572,0.04853399842977524,0.0006094630807638168
2573,0.028534000739455223,0.0006089917151257396
2574,0.05360100045800209,0.0006088113877922297
2575,0.003467000089585781,0.0006082995096221566
2576,0.03866700083017349,0.000607779249548912
2577,-0.0013330000219866633,0.0006071992102079093
2578,0.03359999880194664,0.0006066318601369858
2579,-0.011466999538242817,0.0006061961175873876
2580,0.03866700083017349,0.0006057457067072392
2581,-0.0013330000219866633,0.0006052593817003071
2582,0.04853399842977524,0.0006047360366210341
2583,-0.0013330000219866633,0.0006040299776941538
2584,0.05866700038313866,0.0006034199614077806
2585,-0.0013330000219866633,0.0006026549963280559
2586,0.05360100045800209,0.0006019601132720709
2587,0.01360000018030405,0.0006014087121002376
2588,0.06373400241136551,0.0006009579519741237
2589,-0.0013330000219866633,0.00060023128753528
2590,0.03866700083017349,0.0005995447281748056
2591,-0.016534000635147095,0.0005986024625599384
2592,0.05360100045800209,0.0005977438995614648
2593,-0.011466999538242817,0.000597055652178824
2594,0.043733999133110046,0.0005962725845165551
2595,0.003467000089585781,0.0005954476073384285
2596,0.05866700038313866,0.0005948764737695456
2597,0.028534000739455223,0.0005940932314842939
2598,0.06373400241136551,0.0005933893844485283
2599,-0.011466999538242817,0.0005925470613874495
2600,0.02346700057387352,0.0005916549125686288
2601,-0.031466998159885406,0.0005908705061301589
2602,0.008533000014722347,0.0005901646800339222
2603,0.02346700057387352,0.0005894554196856916
2604,0.06373400241136551,0.000589157862123102
2605,0.01866699941456318,0.0005885274149477482
2606,0.08880099654197693,0.0005879686796106398
2607,0.01360000018030405,0.0005873777554370463
2608,0.043733999133110046,0.0005869995802640915
2609,0.02346700057387352,0.0005866167484782636
2610,0.05360100045800209,0.0005863925907760859
2611,-0.016534000635147095,0.0005860483506694436
2612,0.028534000739455223,0.0005858707008883357
2613,-0.031466998159885406,0.000585637055337429
2614,0.01866699941456318,0.00058512925170362
2615,-0.011466999538242817,0.0005845912382937968
2616,0.01866699941456318,0.0005841177189722657
2617,0.003467000089585781,0.0005837943172082305
2618,-0.006399999838322401,0.0005835835472680628
2619,-0.0013330000219866633,0.0005834333715029061
2620,0.04853399842977524,0.0005831113085150719
2621,0.028534000739455223,0.0005829078145325184
2622,0.02346700057387352,0.0005825732368975878
2623,-0.011466999538242817,0.0005822258535772562
2624,0.01866699941456318,0.0005819741636514664
2625,-0.011466999538242817,0.000581600412260741
2626,0.05866700038313866,0.000581341446377337
2627,0.003467000089585781,0.0005809373105876148
2628,0.05866700038313866,0.0005805188557133079
2629,-0.026399999856948853,0.0005801211227662861
2630,0.03866700083017349,0.0005797235062345862
2631,0.003467000089585781,0.000579482177272439
2632,0.04853399842977524,0.0005793094751425087
2633,-0.02160000056028366,0.0005790461436845362
2634,0.07866799831390381,0.0005788163980469108
2635,0.02346700057387352,0.0005787642439827323
2636,0.04853399842977524,0.0005786500405520201
2637,-0.006399999838322401,0.0005786464898847044
2638,0.03866700083017349,0.000578469829633832
2639,0.02346700057387352,0.0005784699460491538
2640,0.043733999133110046,0.0005785058019682765
2641,0.008533000014722347,0.0005787229165434837
2642,0.0685340017080307,0.000578970299102366
2643,-0.0013330000219866633,0.0005789766437374055
2644,0.03866700083017349,0.0005789157003164291
2645,0.028534000739455223,0.0005788101116195321
2646,0.03866700083017349,0.0005785910179838538
2647,-0.0013330000219866633,0.0005783044616691768
2648,0.028534000739455223,0.000578005681745708
2649,-0.011466999538242817,0.0005775174940936267
2650,0.04853399842977524,0.0005771453725174069
2651,-0.04666699841618538,0.0005769277922809124
2652,0.04853399842977524,0.0005764194065704942
2653,-0.026399999856948853,0.0005763109074905515
2654,0.02346700057387352,0.0005760490894317627
2655,0.003467000089585781,0.000575730693526566
2656,0.04853399842977524,0.0005756753962486982
2657,0.008533000014722347,0.0005755499005317688
2658,0.028534000739455223,0.00057538494002074
2659,-0.026399999856948853,0.0005753405275754631
2660,0.0685340017080307,0.000575316371396184
2661,0.02346700057387352,0.0005754335434176028
2662,0.01866699941456318,0.0005755455349572003
2663,0.01360000018030405,0.0005756404716521502
2664,0.04853399842977524,0.0005756599712185562
2665,-0.011466999538242817,0.0005758132319897413
2666,0.028534000739455223,0.0005756326718255877
2667,0.01360000018030405,0.0005755495512858033
2668,0.03866700083017349,0.0005755787715315819
2669,-0.016534000635147095,0.0005756424507126212
2670,0.04853399842977524,0.0005756198661401868
2671,-0.02160000056028366,0.0005758811021223664
2672,0.06373400241136551,0.0005759741179645061
2673,-0.011466999538242817,0.0005761724314652383
2674,0.04853399842977524,0.0005762539221905172
2675,-0.026399999856948853,0.0005763402441516519
2676,0.043733999133110046,0.0005763866938650608
2677,0.008533000014722347,0.0005766506073996425
2678,0.043733999133110046,0.0005768649280071259
2679,0.003467000089585781,0.0005771408323198557
2680,0.06373400241136551,0.0005775618483312428
2681,0.02346700057387352,0.0005779255880042911
2682,0.028534000739455223,0.0005783947417512536
2683,0.008533000014722347,0.0005788361304439604
2684,0.02346700057387352,0.0005793162272311747
2685,-0.026399999856948853,0.0005798883503302932
2686,0.07360100001096725,0.0005803829990327358
2687,0.03866700083017349,0.0005808903370052576
2688,0.043733999133110046,0.0005813856841996312
2689,0.01360000018030405,0.0005817257333546877
2690,0.05360100045800209,0.0005821428494527936
2691,0.008533000014722347,0.000582477543503046
2692,0.08880099654197693,0.0005828147986903787
2693,-0.02160000056028366,0.0005834876210428774
2694,0.05866700038313866,0.0005841823294758797
2695,-0.026399999856948853,0.0005848295986652374
2696,0.02346700057387352,0.0005851017194800079
2697,0.03359999880194664,0.0005851706955581903
2698,0.02346700057387352,0.000585161498747766
2699,0.01866699941456318,0.0005849635927006602
2700,0.05360100045800209,0.0005847165593877435
2701,-0.006399999838322401,0.0005844728439114988
2702,0.02346700057387352,0.0005842821556143463
2703,-0.026399999856948853,0.0005842347163707018
2704,0.03359999880194664,0.0005841752281412482
2705,-0.0013330000219866633,0.0005840781377628446
2706,0.04853399842977524,0.0005839510122314095
2707,0.02346700057387352,0.0005837231874465942
2708,0.06373400241136551,0.0005834873300045729
2709,0.003467000089585781,0.0005831496091559529
2710,0.07360100001096725,0.0005827517597936094
2711,0.01360000018030405,0.0005823291139677167
2712,0.03359999880194664,0.0005821841768920422
2713,0.003467000089585781,0.0005822540842927992
2714,0.05360100045800209,0.0005825158441439271
2715,-0.011466999538242817,0.0005828022258356214
2716,0.028534000739455223,0.0005827690474689007
2717,-0.016534000635147095,0.0005828595603816211
2718,0.01866699941456318,0.0005826593842357397
2719,-0.026399999856948853,0.0005826146807521582
2720,0.01866699941456318,0.000582347740419209
2721,-0.0013330000219866633,0.0005821657832711935
2722,0.028534000739455223,0.0005821213126182556
2723,-0.0013330000219866633,0.0005819990765303373
2724,0.043733999133110046,0.0005819001235067844
2725,-0.011466999538242817,0.0005818365607410669
2726,0.02346700057387352,0.0005817861529067159
2727,0.01360000018030405,0.00058168318355456
2728,0.003467000089585781,0.0005816188640892506
2729,-0.02160000056028366,0.0005816089687868953
2730,0.01360000018030405,0.0005812114686705172
2731,0.003467000089585781,0.0005810361471958458
2732,0.01866699941456318,0.000580904888920486
2733,0.028534000739455223,0.0005806037224829197
2734,0.05360100045800209,0.0005803263047710061
2735,-0.0013330000219866633,0.0005800919607281685
2736,0.028534000739455223,0.0005798675119876862
2737,-0.011466999538242817,0.000579716288484633
2738,0.04853399842977524,0.000579429033678025
2739,0.01360000018030405,0.0005790865980088711
2740,0.05360100045800209,0.0005787396221421659
2741,0.003467000089585781,0.0005785556277260184
2742,0.028534000739455223,0.0005782366497442126
2743,0.008533000014722347,0.0005780961364507675
2744,0.04853399842977524,0.0005777906626462936
2745,-0.016534000635147095,0.0005775898462161422
2746,0.03866700083017349,0.0005770557327196002
2747,0.003467000089585781,0.0005766772083006799
2748,0.05360100045800209,0.0005765579408034682
2749,-0.03653400018811226,0.0005767335533164442
2750,0.07866799831390381,0.0005768947303295135
2751,0.003467000089585781,0.0005775341996923089
2752,0.02346700057387352,0.0005781325744464993
2753,-0.011466999538242817,0.0005786450346931815
2754,0.04853399842977524,0.0005787109257653356
2755,0.003467000089585781,0.0005790288560092449
2756,0.03866700083017349,0.0005792694282718003
2757,-0.0013330000219866633,0.0005798288621008396
2758,0.05360100045800209,0.0005801231600344181
2759,0.01866699941456318,0.0005807420238852501
2760,0.05360100045800209,0.0005812472081743181
2761,-0.0013330000219866633,0.0005819076905027032
2762,0.03866700083017349,0.0005823603714816272
2763,0.02346700057387352,0.0005828278954140842
2764,0.05360100045800209,0.0005833641043864191
2765,0.01360000018030405,0.0005839322111569345
2766,0.06373400241136551,0.0005843990948051214
2767,0.028534000739455223,0.0005848046857863665
2768,0.06373400241136551,0.0005851333262398839
2769,0.003467000089585781,0.0005855361232534051
2770,0.028534000739455223,0.0005858784425072372
2771,0.01866699941456318,0.0005862173857167363
2772,0.04853399842977524,0.0005865354323759675
2773,-0.02160000056028366,0.0005868503358215094
2774,0.04853399842977524,0.000587151909712702
2775,0.003467000089585781,0.0005875704810023308
2776,0.07866799831390381,0.000587989401537925
2777,0.01360000018030405,0.000588399707339704
2778,0.05360100045800209,0.0005888072773814201
2779,0.043733999133110046,0.0005891356850042939
2780,0.06373400241136551,0.000589354895055294
2781,0.03359999880194664,0.000589661649428308
2782,0.03866700083017349,0.0005899138050153852
2783,0.01866699941456318,0.0005901381373405457
2784,0.043733999133110046,0.0005903470446355641
2785,0.003467000089585781,0.000590622250456363
2786,0.03866700083017349,0.0005908297607675195
2787,0.003467000089585781,0.0005911627085879445
2788,0.01360000018030405,0.0005914174253121018
2789,-0.0013330000219866633,0.0005917111411690712
2790,0.02346700057387352,0.0005918864626437426
2791,-0.0013330000219866633,0.0005922836717218161
2792,0.06373400241136551,0.0005926225567236543
2793,0.01866699941456318,0.0005932017229497433
2794,0.07360100001096725,0.0005936379893682897
2795,0.01866699941456318,0.0005942454445175827
2796,0.028534000739455223,0.0005947300232946873
2797,0.03359999880194664,0.0005952796200290322
2798,0.043733999133110046,0.0005956589011475444
2799,0.03866700083017349,0.000595945748500526
2800,0.05866700038313866,0.000596285390201956
2801,0.05360100045800209,0.0005965382442809641
2802,0.06373400241136551,0.0005968942423351109
2803,0.02346700057387352,0.0005971869104541838
2804,0.06373400241136551,0.0005974557716399431
2805,0.008533000014722347,0.0005977657856419683
2806,0.05866700038313866,0.0005979492561891675
2807,0.02346700057387352,0.0005981707363389432
2808,0.03359999880194664,0.0005982669536024332
2809,-0.0013330000219866633,0.0005986516480334103
2810,0.03866700083017349,0.000599007704295218
2811,-0.02160000056028366,0.000599574763327837
2812,0.07360100001096725,0.0005997704574838281
2813,0.03866700083017349,0.000599737511947751
2814,0.04853399842977524,0.0005996302352286875
2815,0.008533000014722347,0.0005996248801238835
2816,0.03359999880194664,0.0005994921084493399
2817,-0.0013330000219866633,0.0005995049723424017
2818,0.028534000739455223,0.0005994519451633096
2819,-0.011466999538242817,0.0005993711529299617
2820,0.05866700038313866,0.0005990805802866817
2821,0.01360000018030405,0.0005991421639919281
2822,0.028534000739455223,0.0005990854697301984
2823,0.02346700057387352,0.0005991816287860274
2824,0.06373400241136551,0.0005990518839098513
2825,0.008533000014722347,0.0005991669022478163
2826,0.01360000018030405,0.0005994021194055676
2827,0.028534000739455223,0.0005998546839691699
2828,0.04853399842977524,0.0006000486901029944
2829,-0.04666699841618538,0.0006005072500556707
2830,0.03866700083017349,0.0006005683680996299
2831,-0.011466999538242817,0.0006009121425449848
2832,0.02346700057387352,0.0006009305361658335
2833,0.003467000089585781,0.0006011115037836134
2834,0.03866700083017349,0.0006014381651766598
2835,0.028534000739455223,0.0006017704145051539
2836,0.07866799831390381,0.0006017336854711175
2837,-0.0013330000219866633,0.0006017577252350748
2838,0.04853399842977524,0.0006015670951455832
2839,0.04853399842977524,0.000601620995439589
2840,0.04853399842977524,0.0006013358943164349
2841,0.008533000014722347,0.0006012917729094625
2842,0.03359999880194664,0.0006011382210999727
2843,-0.0013330000219866633,0.000601197243668139
2844,0.04853399842977524,0.0006014864193275571
2845,0.008533000014722347,0.0006020280416123569
2846,0.08880099654197693,0.0006025948096066713
2847,-0.0013330000219866633,0.0006030802614986897
2848,0.06373400241136551,0.0006037711864337325
2849,0.003467000089585781,0.0006044914480298758
2850,0.06373400241136551,0.0006050155498087406
2851,0.003467000089585781,0.0006053895922377706
2852,0.04853399842977524,0.0006057440186850727
2853,0.04853399842977524,0.0006063113687559962
2854,0.07360100001096725,0.0006068841903470457
2855,-0.011466999538242817,0.0006075446726754308
2856,0.04853399842977524,0.0006081335013732314
2857,0.003467000089585781,0.0006087581277824938
2858,0.04853399842977524,0.0006095446296967566
2859,-0.03653400018811226,0.000610297080129385
2860,0.05360100045800209,0.0006104750791564584
2861,-0.0013330000219866633,0.0006108874222263694
2862,0.03866700083017349,0.0006111845723353326
2863,0.01360000018030405,0.0006117387674748898
2864,0.03359999880194664,0.0006121974438428879
2865,0.028534000739455223,0.0006129093235358596
2866,0.05360100045800209,0.0006135706207714975
2867,-0.026399999856948853,0.000614290707744658
2868,0.05360100045800209,0.0006146097439341247
2869,0.03359999880194664,0.0006149931577965617
2870,0.03359999880194664,0.0006156050367280841
2871,-0.0013330000219866633,0.0006164404330775142
2872,0.06373400241136551,0.0006172187277115881
2873,-0.016534000635147095,0.0006179326446726918
2874,0.05360100045800209,0.0006184871308505535
2875,0.003467000089585781,0.0006191647262312472
2876,0.08880099654197693,0.0006198195624165237
2877,0.003467000089585781,0.0006203643279150128
2878,0.05866700038313866,0.0006208897102624178
2879,0.02346700057387352,0.0006211515283212066
2880,0.05360100045800209,0.000621531275101006
2881,-0.0013330000219866633,0.0006219805800355971
2882,0.05866700038313866,0.0006221839576028287
2883,-0.006399999838322401,0.0006225936231203377
2884,0.05360100045800209,0.0006229656282812357
2885,0.028534000739455223,0.0006233073072507977
2886,0.05866700038313866,0.0006235704058781266
2887,0.01866699941456318,0.000623943458776921
2888,0.06373400241136551,0.0006242734380066395
2889,0.02346700057387352,0.0006245865952223539
2890,0.03359999880194664,0.0006249003345146775
2891,0.01360000018030405,0.0006250840961001813
2892,0.028534000739455223,0.0006253458559513092
2893,0.01360000018030405,0.0006257827044464648
2894,0.04853399842977524,0.0006261856178753078
2895,0.003467000089585781,0.000626860826741904
2896,0.05360100045800209,0.0006273520411923528
2897,0.003467000089585781,0.0006278855726122856
2898,0.028534000739455223,0.000628212874289602
2899,0.003467000089585781,0.000628462468739599
2900,0.0685340017080307,0.0006284601404331625
2901,0.01360000018030405,0.0006286349380388856
2902,0.0685340017080307,0.0006289606681093574
2903,0.028534000739455223,0.0006294384365901351
2904,0.06373400241136551,0.0006298733642324805
2905,-0.02160000056028366,0.0006306773866526783
2906,0.07360100001096725,0.0006309593445621431
2907,0.02346700057387352,0.0006312024197541177
2908,0.04853399842977524,0.0006313493940979242
2909,0.03866700083017349,0.0006314198835752904
2910,0.07360100001096725,0.0006315759383141994
2911,0.01866699941456318,0.0006317888619378209
2912,0.05866700038313866,0.000632048468105495
2913,0.02346700057387352,0.00063224759651348
2914,0.07360100001096725,0.0006324527785181999
2915,0.03359999880194664,0.0006324478890746832
2916,0.05866700038313866,0.0006325079593807459
2917,-0.006399999838322401,0.0006324182613752782
2918,0.03359999880194664,0.0006321532418951392
2919,0.008533000014722347,0.0006317750085145235
2920,0.05866700038313866,0.0006315908394753933
2921,0.028534000739455223,0.0006312668556347489
2922,0.07360100001096725,0.0006312956102192402
2923,-0.006399999838322401,0.0006315518403425813
2924,0.05360100045800209,0.0006317402003332973
2925,0.003467000089585781,0.0006317008519545197
2926,0.028534000739455223,0.0006317088846117258
2927,0.003467000089585781,0.000631754519417882
2928,0.03866700083017349,0.000631833216175437
2929,0.01360000018030405,0.0006317595834843814
2930,0.03866700083017349,0.0006317828083410859
2931,-0.016534000635147095,0.0006317463121376932
2932,0.03866700083017349,0.0006317162769846618
2933,0.028534000739455223,0.0006315921782515943
2934,0.03359999880194664,0.0006314624915830791
2935,0.01866699941456318,0.0006313839694485068
2936,0.028534000739455223,0.0006313725607469678
2937,0.003467000089585781,0.0006316022481769323
2938,0.03866700083017349,0.0006317256484180689
2939,-0.02160000056028366,0.0006316862418316305
2940,0.05360100045800209,0.0006311398465186357
2941,0.01866699941456318,0.0006305743590928614
2942,0.06373400241136551,0.0006299712113104761
2943,0.003467000089585781,0.0006294426275417209
2944,0.06373400241136551,0.0006289627635851502
2945,0.01360000018030405,0.000628617824986577
2946,0.06373400241136551,0.0006281484966166317
2947,0.04853399842977524,0.000627730623818934
2948,0.05360100045800209,0.0006274328334257007
2949,0.01866699941456318,0.0006271335878409445
2950,0.07360100001096725,0.0006268004653975368
2951,-0.006399999838322401,0.0006265449919737875
2952,0.05866700038313866,0.0006266047712415457
2953,-0.016534000635147095,0.0006271806196309626
2954,0.07360100001096725,0.0006275944178923965
2955,0.003467000089585781,0.0006282334215939045
2956,0.04853399842977524,0.000628834415692836
2957,-0.006399999838322401,0.0006294938502833247
2958,0.028534000739455223,0.00062981789233163
2959,0.01360000018030405,0.0006302156252786517
2960,0.07360100001096725,0.0006307475850917399
2961,-0.0013330000219866633,0.0006312465411610901
2962,0.043733999133110046,0.0006314982892945409
2963,0.003467000089585781,0.000631757196970284
2964,0.04853399842977524,0.0006318751838989556
2965,0.02346700057387352,0.0006320377578958869
2966,0.08880099654197693,0.0006324559217318892
2967,0.06373400241136551,0.000632906798273325
2968,0.06373400241136551,0.0006338411476463079
2969,-0.031466998159885406,0.0006345079746097326
2970,0.04853399842977524,0.0006347859743982553
2971,-0.011466999538242817,0.0006349924369715154
2972,0.04853399842977524,0.0006353762000799179
2973,0.01360000018030405,0.0006358248647302389
2974,0.04853399842977524,0.0006366027519106865
2975,0.003467000089585781,0.000637505785562098
2976,-0.011466999538242817,0.0006382969440892339
2977,-0.0013330000219866633,0.0006388995097950101
2978,0.04853399842977524,0.0006393806543201208
2979,0.003467000089585781,0.000640126527287066
2980,0.03866700083017349,0.0006406400352716446
2981,0.003467000089585781,0.0006411930662579834
2982,0.05866700038313866,0.0006415442330762744
2983,0.003467000089585781,0.0006418927805498242
2984,0.07866799831390381,0.000642166705802083
2985,0.043733999133110046,0.0006423594895750284
2986,0.07866799831390381,0.0006429366767406464
2987,0.01360000018030405,0.0006434083916246891
2988,0.0685340017080307,0.0006437731208279729
2989,0.01866699941456318,0.0006443677702918649
2990,0.06373400241136551,0.000645107589662075
2991,0.01360000018030405,0.0006456314586102962
2992,0.04853399842977524,0.0006463209865614772
2993,0.028534000739455223,0.0006469226209446788
2994,0.07866799831390381,0.0006479487055912614
2995,0.01360000018030405,0.0006488852668553591
2996,0.10373499989509583,0.0006501341704279184
2997,0.028534000739455223,0.0006513161351904273
2998,0.07866799831390381,0.0006526270299218595
2999,0.003467000089585781,0.0006537465378642082
3000,0.03866700083017349,0.0006548305973410606
3001,0.01360000018030405,0.0006558853201568127
3002,0.06373400241136551,0.0006572988932020962
3003,0.01360000018030405,0.0006587338866665959
3004,0.07360100001096725,0.0006601779023185372
3005,0.003467000089585781,0.000661468249745667
3006,0.04853399842977524,0.0006626215763390064
3007,0.01360000018030405,0.0006634722230955958
3008,0.05866700038313866,0.0006644839304499328
3009,0.043733999133110046,0.0006654334138147533
3010,0.07360100001096725,0.0006666808621957898
3011,-0.0013330000219866633,0.0006678918143734336
3012,0.05866700038313866,0.000669096945784986
3013,0.008533000014722347,0.0006702195387333632
3014,0.028534000739455223,0.0006715698982588947
3015,0.01360000018030405,0.0006726988358423114
3016,0.07866799831390381,0.0006739577511325479
3017,0.04853399842977524,0.0006747288862243295
3018,0.04853399842977524,0.0006756850052624941
3019,0.028534000739455223,0.0006765255238860846
3020,0.08880099654197693,0.0006775206420570612
3021,0.003467000089585781,0.00067851971834898
3022,0.06373400241136551,0.000679643708281219
3023,0.043733999133110046,0.0006808283505961299
3024,0.05360100045800209,0.0006821751594543457
3025,0.008533000014722347,0.0006835377425886691
3026,0.028534000739455223,0.0006848304183222353
3027,0.01360000018030405,0.0006859066197648644
3028,0.06373400241136551,0.0006870374782010913
3029,0.003467000089585781,0.0006883299793116748
3030,0.03866700083017349,0.0006896861596032977
3031,0.003467000089585781,0.0006910398951731622
3032,0.04853399842977524,0.0006924187764525414
3033,0.028534000739455223,0.0006936892750672996
3034,0.06373400241136551,0.0006950971437618136
3035,0.02346700057387352,0.0006966569926589727
3036,0.03866700083017349,0.0006982494378462434
3037,-0.006399999838322401,0.0006997663294896483
3038,0.03866700083017349,0.0007011922425590456
3039,0.01360000018030405,0.0007025506347417831
3040,0.0685340017080307,0.0007038896437734365
3041,0.01360000018030405,0.0007052294677123427
3042,0.05360100045800209,0.0007065942627377808
3043,0.01866699941456318,0.0007078855996951461
3044,0.04853399842977524,0.0007090514991432428
3045,-0.02160000056028366,0.0007101933006197214
3046,0.03866700083017349,0.0007110399310477078
3047,0.008533000014722347,0.0007116403430700302
3048,0.04853399842977524,0.0007122586248442531
3049,0.008533000014722347,0.0007128248689696193
3050,0.04853399842977524,0.000713647750671953
3051,0.008533000014722347,0.0007143453694880009
3052,0.03359999880194664,0.0007150465389713645
3053,0.043733999133110046,0.0007156888023018837
3054,0.07360100001096725,0.0007165661663748324
3055,0.02346700057387352,0.0007174817146733403
3056,0.07360100001096725,0.0007184430141933262
3057,0.01360000018030405,0.0007193746278062463
3058,0.03866700083017349,0.0007202314445748925
3059,0.02346700057387352,0.0007211124757304788
3060,0.04853399842977524,0.00072215695399791
3061,-0.011466999538242817,0.0007231091731227934
3062,0.06373400241136551,0.0007241371204145253
3063,0.003467000089585781,0.0007251362549141049
3064,0.07866799831390381,0.0007263656007125974
3065,0.04853399842977524,0.0007273937808349729
3066,0.04853399842977524,0.0007284187595359981
3067,0.008533000014722347,0.0007291266229003668
3068,0.07866799831390381,0.0007299170829355717
3069,-0.011466999538242817,0.0007309895008802414
3070,0.03866700083017349,0.0007319659343920648
3071,0.02346700057387352,0.0007329619838856161
3072,0.05360100045800209,0.0007339996518567204
3073,-0.011466999538242817,0.000735201349016279
3074,0.04853399842977524,0.000736100017093122
3075,-0.0013330000219866633,0.0007368947844952345
3076,0.03866700083017349,0.0007378418231382966
3077,-0.0013330000219866633,0.0007388039957731962
3078,0.04853399842977524,0.0007397617446258664
3079,0.01360000018030405,0.0007405487122014165
3080,0.08880099654197693,0.0007414909196086228
3081,0.043733999133110046,0.0007424391806125641
3082,0.04853399842977524,0.0007434390718117356
3083,-0.016534000635147095,0.0007446181261911988
3084,0.06373400241136551,0.0007458070758730173
3085,0.01866699941456318,0.0007467109244316816
3086,0.08880099654197693,0.0007479274645447731
3087,0.008533000014722347,0.0007489584386348724
3088,0.05360100045800209,0.0007500516367144883
3089,0.028534000739455223,0.0007513410528190434
3090,0.06373400241136551,0.0007526229601353407
3091,-0.02160000056028366,0.0007540981750935316
3092,0.04853399842977524,0.0007556176860816777
3093,-0.02160000056028366,0.000757418165449053
3094,0.05360100045800209,0.0007595602655783296
3095,-0.02160000056028366,0.0007616100483573973
3096,0.0685340017080307,0.0007635895162820816
3097,0.03359999880194664,0.000765238655731082
3098,0.08880099654197693,0.0007672167848795652
3099,0.04853399842977524,0.0007687181932851672
3100,0.07360100001096725,0.0007701169815845788
3101,0.028534000739455223,0.0007710166391916573
3102,0.0685340017080307,0.0007718396955169737
3103,0.01360000018030405,0.0007726380135864019
3104,0.0685340017080307,0.000773122301325202
3105,0.02346700057387352,0.0007733361562713981
3106,0.04853399842977524,0.0007739182328805327
3107,-0.006399999838322401,0.0007748170755803585
3108,0.04853399842977524,0.0007756390259601176
3109,-0.006399999838322401,0.0007762436289340258
3110,0.03866700083017349,0.0007766387425363064
3111,-0.0013330000219866633,0.0007771659293211997
3112,0.03866700083017349,0.0007775510894134641
3113,-0.0013330000219866633,0.0007779857842251658
3114,0.05866700038313866,0.0007783666951581836
3115,0.008533000014722347,0.0007785964990034699
3116,0.028534000739455223,0.0007790840463712811
3117,0.008533000014722347,0.0007795600686222315
3118,0.06373400241136551,0.0007802018080838025
3119,0.02346700057387352,0.0007808203808963299
3120,0.05360100045800209,0.0007816951838321984
3121,-0.026399999856948853,0.000782310962677002
3122,0.07360100001096725,0.0007827458321116865
3123,0.01360000018030405,0.0007831329712644219
3124,0.07866799831390381,0.0007838198216632009
3125,-0.0013330000219866633,0.0007845776854082942
3126,0.05360100045800209,0.0007850357796996832
3127,0.01360000018030405,0.0007851400878280401
3128,0.03359999880194664,0.0007855678559280932
3129,0.008533000014722347,0.0007861257763579488
3130,0.07866799831390381,0.0007868852699175477
3131,0.003467000089585781,0.0007873267750255764
3132,0.07866799831390381,0.0007877303287386894
3133,0.008533000014722347,0.0007880414486862719
3134,0.05360100045800209,0.0007885480299592018
3135,0.04853399842977524,0.0007892875000834465
3136,0.07360100001096725,0.0007900833734311163
3137,-0.006399999838322401,0.0007910559070296586
3138,0.028534000739455223,0.0007922428194433451
3139,0.01866699941456318,0.0007935194298624992
3140,0.03359999880194664,0.000794964493252337
3141,0.03866700083017349,0.0007961952360346913
3142,0.028534000739455223,0.0007973071187734604
3143,0.02346700057387352,0.0007984228432178497
3144,0.01360000018030405,0.0007992074824869633
3145,0.003467000089585781,0.0008000629022717476
3146,0.02346700057387352,0.0008009775774553418
3147,0.02346700057387352,0.0008020341047085822
3148,0.03359999880194664,0.0008034808561205864
3149,0.003467000089585781,0.0008050546748563647
3150,0.01866699941456318,0.0008065056754276156
3151,0.02346700057387352,0.0008083239081315696
3152,0.07866799831390381,0.0008101545972749591
3153,-0.02160000056028366,0.0008116833632811904
3154,0.06373400241136551,0.0008128272602334619
3155,-0.0013330000219866633,0.0008137499680742621
3156,0.05866700038313866,0.0008149336208589375
3157,-0.0013330000219866633,0.0008160481229424477
3158,0.05866700038313866,0.0008171655354090035
3159,0.003467000089585781,0.0008181927260011435
3160,0.06373400241136551,0.0008191152010113001
3161,0.01360000018030405,0.0008195355185307562
3162,0.03866700083017349,0.0008203485049307346
3163,-0.011466999538242817,0.0008211662643589079
3164,0.0685340017080307,0.0008220456074923277
3165,0.01360000018030405,0.0008226116187870502
3166,0.04853399842977524,0.0008229039958678186
3167,0.02346700057387352,0.0008232531836256385
3168,0.03866700083017349,0.0008237676229327917
3169,0.003467000089585781,0.0008243265328928828
3170,0.03359999880194664,0.0008248965605162084
3171,-0.0013330000219866633,0.0008258118177764118
3172,0.08373399823904037,0.0008263866184279323
3173,-0.006399999838322401,0.0008269926765933633
3174,0.05360100045800209,0.0008276444859802723
3175,0.02346700057387352,0.0008282328490167856
3176,0.05866700038313866,0.0008290804107673466
3177,0.008533000014722347,0.000829824130050838
3178,0.05360100045800209,0.0008304893271997571
3179,0.01360000018030405,0.0008307666284963489
3180,0.05360100045800209,0.0008312499267049134
3181,0.003467000089585781,0.000831735203973949
3182,0.04853399842977524,0.0008320924825966358
3183,0.003467000089585781,0.0008322688518092036
3184,0.04853399842977524,0.0008321276400238276
3185,0.01360000018030405,0.0008322076173499227
3186,0.03866700083017349,0.0008324008667841554
3187,-0.04666699841618538,0.0008327681571245193
3188,0.05360100045800209,0.0008328191470354795
3189,-0.0013330000219866633,0.0008330912096425891
3190,0.07360100001096725,0.0008336911560036242
3191,0.01866699941456318,0.0008340072818100452
3192,0.09866800159215927,0.000834247621241957
3193,0.03359999880194664,0.0008339426130987704
3194,0.05866700038313866,0.000834096921607852
3195,0.03866700083017349,0.0008343770168721676
3196,0.09360100328922272,0.0008350844727829099
3197,-0.0013330000219866633,0.0008353148587048054
3198,0.04853399842977524,0.000835722777992487
3199,0.003467000089585781,0.0008361985674127936
3200,0.06373400241136551,0.0008365697576664388
3201,-0.011466999538242817,0.0008369757561013103
3202,0.04853399842977524,0.0008374926401302218
3203,-0.0013330000219866633,0.0008381837978959084
3204,0.04853399842977524,0.0008384304819628596
3205,0.003467000089585781,0.0008384896791540086
3206,0.04853399842977524,0.0008388709975406528
3207,0.03866700083017349,0.0008391286246478558
3208,0.07360100001096725,0.0008396250195801258
3209,0.01866699941456318,0.0008395790355280042
3210,0.05360100045800209,0.000839735846966505
3211,0.03866700083017349,0.0008398097706958652
3212,0.0685340017080307,0.0008399222861044109
3213,0.01360000018030405,0.0008399548241868615
3214,0.05360100045800209,0.0008403949905186892
3215,-0.02160000056028366,0.0008409678703173995
3216,0.07360100001096725,0.0008410641457885504
3217,-0.011466999538242817,0.0008411547751165926
3218,0.05360100045800209,0.0008414520998485386
3219,0.02346700057387352,0.0008416276541538537
3220,0.03866700083017349,0.0008421643869951367
3221,-0.02160000056028366,0.0008428908186033368
3222,0.03359999880194664,0.0008431017631664872
3223,-0.011466999538242817,0.0008436130010522902
3224,0.043733999133110046,0.0008434432093054056
3225,-0.0013330000219866633,0.0008435301133431494
3226,0.06373400241136551,0.0008439826196990907
3227,0.003467000089585781,0.0008443228434771299
3228,0.028534000739455223,0.0008446307620033622
3229,0.043733999133110046,0.0008448039880022407
3230,0.07360100001096725,0.0008450913010165095
3231,0.02346700057387352,0.000844815163873136
3232,0.04853399842977524,0.0008449068991467357
3233,0.003467000089585781,0.0008450355380773544
3234,0.08880099654197693,0.0008451614994555712
3235,-0.026399999856948853,0.0008452401962131262
3236,0.0685340017080307,0.0008452131878584623
3237,-0.0013330000219866633,0.0008454144699499011
3238,0.06373400241136551,0.0008457588264718652
3239,0.01360000018030405,0.0008461725665256381
3240,0.05360100045800209,0.0008464556303806603
3241,0.01360000018030405,0.0008467396255582571
3242,0.05360100045800209,0.0008468099404126406
3243,0.02346700057387352,0.0008469391614198685
3244,0.05866700038313866,0.0008471235632896423
3245,0.01360000018030405,0.0008471923065371811
3246,0.06373400241136551,0.0008471868350170553
3247,0.01360000018030405,0.0008474095957353711
3248,0.043733999133110046,0.0008471105829812586
3249,0.003467000089585781,0.000846992596052587
3250,0.05866700038313866,0.0008461897959932685
3251,-0.016534000635147095,0.0008458000374957919
3252,0.05360100045800209,0.0008451337926089764
3253,0.01866699941456318,0.0008444394334219396
3254,0.043733999133110046,0.0008435577619820833
3255,0.01360000018030405,0.0008428459404967725
3256,0.05866700038313866,0.0008420799276791513
3257,0.003467000089585781,0.0008413071045652032
3258,0.04853399842977524,0.0008402836392633617
3259,0.01360000018030405,0.0008392908493988216
3260,0.05360100045800209,0.0008380574872717261
3261,-0.026399999856948853,0.0008369763381779194
3262,0.05866700038313866,0.0008356841863133013
3263,-0.0013330000219866633,0.0008346580434590578
3264,0.028534000739455223,0.0008336954633705318
3265,-0.031466998159885406,0.0008330435957759619
3266,0.01866699941456318,0.0008321214700117707
3267,-0.0013330000219866633,0.0008312662830576301
3268,0.05360100045800209,0.0008305240771733224
3269,0.03359999880194664,0.0008296671439893544
3270,0.07360100001096725,0.000828790885861963
3271,-0.02160000056028366,0.0008278659079223871
3272,0.07360100001096725,0.0008268800447694957
3273,0.01360000018030405,0.0008259412134066224
3274,0.0685340017080307,0.0008250332321040332
3275,0.008533000014722347,0.0008242096519097686
3276,0.05360100045800209,0.0008232727996073663
3277,-0.0013330000219866633,0.0008224189514294267
3278,0.03866700083017349,0.0008213160326704383
3279,-0.0013330000219866633,0.0008203613106161356
3280,0.0685340017080307,0.0008193164831027389
3281,-0.011466999538242817,0.0008182956371456385
3282,0.05360100045800209,0.0008174481336027384
3283,0.02346700057387352,0.000816697720438242
3284,0.0685340017080307,0.000816124549601227
3285,0.01866699941456318,0.0008153687231242657
3286,0.05866700038313866,0.0008145032916218042
3287,0.01360000018030405,0.0008137112017720938
3288,0.03866700083017349,0.0008129383204504848
3289,0.02346700057387352,0.0008122490835376084
3290,0.05866700038313866,0.0008115794043987989
3291,-0.0013330000219866633,0.0008107938920147717
3292,0.05360100045800209,0.000810135854408145
3293,0.043733999133110046,0.0008093459182418883
3294,0.04853399842977524,0.0008087686728686094
3295,0.028534000739455223,0.0008083399734459817
3296,0.07360100001096725,0.0008077922975644469
3297,0.01866699941456318,0.0008070432813838124
3298,0.07866799831390381,0.0008064050925895572
3299,0.008533000014722347,0.000805658521130681
3300,0.07866799831390381,0.0008052256307564676
3301,0.01866699941456318,0.0008045466965995729
3302,0.06373400241136551,0.0008042188710533082
3303,0.003467000089585781,0.0008040675893425941
3304,0.043733999133110046,0.0008038296364247799
3305,0.01360000018030405,0.0008035866194404662
3306,0.07866799831390381,0.0008035640348680317
3307,0.03359999880194664,0.0008031525067053735
3308,0.05360100045800209,0.0008027569856494665
3309,0.008533000014722347,0.0008023394038900733
3310,0.06373400241136551,0.0008017259533517063
3311,-0.0013330000219866633,0.0008010606979951262
3312,0.028534000739455223,0.0008004207629710436
3313,0.003467000089585781,0.000799813074991107
3314,0.05866700038313866,0.0007992306491360068
3315,-0.0013330000219866633,0.0007985651027411222
3316,0.05360100045800209,0.0007978797657415271
3317,0.02346700057387352,0.0007970586884766817
3318,0.07866799831390381,0.0007964321412146091
3319,-0.011466999538242817,0.0007957230554893613
3320,0.07866799831390381,0.0007948802085593343
3321,0.01360000018030405,0.0007942531956359744
3322,0.03359999880194664,0.0007935380563139915
3323,0.02346700057387352,0.0007929517887532711
3324,0.08373399823904037,0.000792367965914309
3325,0.01360000018030405,0.0007915717433206737
3326,0.043733999133110046,0.0007910070708021522
3327,0.003467000089585781,0.0007903475780040026
3328,0.06373400241136551,0.0007897582254372537
3329,0.003467000089585781,0.0007888976251706481
3330,0.043733999133110046,0.0007885122904554009
3331,0.003467000089585781,0.0007881797500886023
3332,0.06373400241136551,0.0007880430202931166
3333,0.01360000018030405,0.0007877996540628374
3334,0.07866799831390381,0.0007873910944908857
3335,0.02346700057387352,0.0007870884728617966
3336,0.05360100045800209,0.0007867905078455806
3337,0.003467000089585781,0.0007865362567827106
3338,0.07360100001096725,0.0007862851489335299
3339,0.028534000739455223,0.0007856165757402778
3340,0.07360100001096725,0.000785068841651082
3341,0.03866700083017349,0.0007844619103707373
3342,0.05866700038313866,0.0007837929297238588
3343,0.003467000089585781,0.0007833327981643379
3344,0.04853399842977524,0.000782973482273519
3345,0.01360000018030405,0.0007823032792657614
3346,0.04853399842977524,0.0007814934942871332
3347,0.01360000018030405,0.0007802830077707767
3348,0.06373400241136551,0.0007793831173330545
3349,0.003467000089585781,0.0007782465545460582
3350,0.028534000739455223,0.000776846834924072
3351,0.008533000014722347,0.0007753509562462568
3352,0.043733999133110046,0.000774313579313457
3353,0.008533000014722347,0.0007733335951343179
3354,0.06373400241136551,0.0007721507572568953
3355,0.003467000089585781,0.0007712034275755286
3356,0.07360100001096725,0.0007702435832470655
3357,0.003467000089585781,0.0007695531821809709
3358,0.04853399842977524,0.0007687798934057355
3359,0.01360000018030405,0.0007680178969167173
3360,0.02346700057387352,0.0007675925153307617
3361,-0.016534000635147095,0.0007673898944631219
3362,0.06373400241136551,0.00076725531835109
3363,0.008533000014722347,0.0007668473990634084
3364,0.04853399842977524,0.0007665670709684491
3365,-0.006399999838322401,0.0007663917494937778
3366,0.06373400241136551,0.0007664215518161654
3367,0.01866699941456318,0.0007663784781470895
3368,0.05866700038313866,0.0007664280710741878
3369,-0.006399999838322401,0.0007661141571588814
3370,0.05866700038313866,0.0007660760311409831
3371,0.028534000739455223,0.0007658426184207201
3372,0.05360100045800209,0.0007657107198610902
3373,0.01866699941456318,0.0007656059460714459
3374,0.05360100045800209,0.0007656040834262967
3375,0.003467000089585781,0.0007653436623513699
3376,0.04853399842977524,0.0007651534397155046
3377,0.003467000089585781,0.0007647047168575227
3378,0.06373400241136551,0.000764493306633085
3379,0.008533000014722347,0.0007642772397957742
3380,0.03866700083017349,0.0007640391122549772
3381,0.03866700083017349,0.0007637739181518555
3382,0.05360100045800209,0.0007636898662894964
3383,-0.0013330000219866633,0.0007634828798472881
3384,0.05360100045800209,0.0007631279877386987
3385,-0.006399999838322401,0.0007626630249433219
3386,0.05360100045800209,0.0007622289704158902
3387,0.003467000089585781,0.0007617933442816138
3388,0.03866700083017349,0.0007614925852976739
3389,0.01360000018030405,0.0007615031208842993
3390,0.05866700038313866,0.0007615684298798442
3391,0.03866700083017349,0.0007612948538735509
3392,0.03866700083017349,0.0007611487526446581
3393,0.01360000018030405,0.0007610159227624536
3394,0.07866799831390381,0.0007611773908138275
3395,0.03359999880194664,0.0007606268627569079
3396,0.09360100328922272,0.000759933318477124
3397,0.008533000014722347,0.00075917923822999
3398,0.05866700038313866,0.0007587039726786315
3399,0.02346700057387352,0.0007579507073387504
3400,0.05360100045800209,0.0007576073985546827
3401,0.01866699941456318,0.0007574407500214875
3402,0.043733999133110046,0.0007571306196041405
3403,0.003467000089585781,0.0007566130952909589
3404,0.07360100001096725,0.0007557609351351857
3405,-0.0013330000219866633,0.0007547042914666235
3406,0.04853399842977524,0.0007540998631156981
3407,0.01360000018030405,0.0007528330897912383
3408,0.01360000018030405,0.0007517318008467555
3409,0.028534000739455223,0.0007509940769523382
3410,0.03866700083017349,0.0007509064162150025
3411,0.003467000089585781,0.0007510627619922161
3412,0.01866699941456318,0.0007512158481404185
3413,-0.006399999838322401,0.0007514834869652987
3414,0.043733999133110046,0.0007518901256844401
3415,0.008533000014722347,0.0007523249951191247
3416,0.05360100045800209,0.0007528588175773621
3417,0.003467000089585781,0.0007535206386819482
3418,0.0685340017080307,0.0007542885723523796
3419,-0.02160000056028366,0.000754869426600635
3420,0.03866700083017349,0.00075531069887802
3421,0.003467000089585781,0.0007561028469353914
3422,0.03866700083017349,0.0007571163587272167
3423,0.02346700057387352,0.0007582495454698801
3424,0.04853399842977524,0.0007593330228701234
3425,0.02346700057387352,0.0007603323319926858
3426,0.07866799831390381,0.0007613967172801495
3427,0.01866699941456318,0.0007617945084348321
3428,0.04853399842977524,0.0007622928242199123
3429,0.008533000014722347,0.0007628218736499548
3430,0.03866700083017349,0.0007636765949428082
3431,-0.006399999838322401,0.0007647611200809479
3432,0.05866700038313866,0.0007654990185983479
3433,0.003467000089585781,0.0007664163713343441
3434,0.03866700083017349,0.0007670870400033891
3435,-0.02160000056028366,0.0007682688883505762
3436,0.08373399823904037,0.0007692757062613964
3437,0.01360000018030405,0.0007706126198172569
3438,0.02346700057387352,0.0007722263690084219
3439,0.01360000018030405,0.0007739381399005651
3440,0.05360100045800209,0.0007759002037346363
3441,0.028534000739455223,0.0007775382837280631
3442,0.043733999133110046,0.0007791278185322881
3443,0.003467000089585781,0.000780537782702595
3444,0.07866799831390381,0.0007823150372132659
3445,0.01360000018030405,0.0007836134755052626
3446,0.05360100045800209,0.000784880539868027
3447,0.008533000014722347,0.0007862605853006244
3448,0.06373400241136551,0.0007877668249420822
3449,0.01360000018030405,0.00078929791925475
3450,0.04853399842977524,0.0007905664388090372
3451,0.01866699941456318,0.0007916080066934228
3452,0.03866700083017349,0.0007924835081212223
3453,0.003467000089585781,0.0007937861373648047
3454,0.05866700038313866,0.0007947472622618079
3455,0.008533000014722347,0.0007955884793773293
3456,0.07360100001096725,0.0007964853430166841
3457,-0.016534000635147095,0.000797283835709095
3458,0.03866700083017349,0.0007977099157869816
3459,0.003467000089585781,0.0007979427464306355
3460,0.043733999133110046,0.0007983528776094317
3461,-0.011466999538242817,0.0007987924618646502
3462,0.06373400241136551,0.0007988447323441505
3463,-0.0013330000219866633,0.0007992048049345613
3464,0.07360100001096725,0.0007993646431714296
3465,0.028534000739455223,0.0007997927023097873
3466,0.05866700038313866,0.000800000037997961
3467,0.03866700083017349,0.0008003575494512916
3468,0.07866799831390381,0.0008006037678569555
3469,0.008533000014722347,0.0008007714059203863
3470,0.03866700083017349,0.0008008029544726014
3471,-0.02160000056028366,0.000800557027105242
3472,0.03359999880194664,0.0008005636045709252
3473,-0.011466999538242817,0.0008007939904928207
3474,0.0685340017080307,0.0008009954472072423
3475,-0.0013330000219866633,0.0008014105842448771
3476,0.05360100045800209,0.0008015328785404563
3477,0.008533000014722347,0.00080146110849455
3478,0.043733999133110046,0.00080193264875561
3479,-0.016534000635147095,0.0008021298563107848
3480,0.05360100045800209,0.0008023419068194926
3481,0.01360000018030405,0.000802230613771826
3482,0.03359999880194664,0.0008019275264814496
3483,0.028534000739455223,0.0008018023800104856
3484,0.008533000014722347,0.0008017943473532796
3485,0.003467000089585781,0.0008017498184926808
3486,0.03866700083017349,0.0008015151252038777
3487,0.01866699941456318,0.0008015395142138004
3488,0.04853399842977524,0.0008015974890440702
3489,0.003467000089585781,0.0008017405634745955
3490,0.05360100045800209,0.0008021081448532641
3491,0.01866699941456318,0.0008025949937291443
3492,0.08880099654197693,0.0008034309139475226
3493,0.03866700083017349,0.000803755596280098
3494,0.05866700038313866,0.0008042332483455539
3495,0.01360000018030405,0.0008045760914683342
3496,0.05360100045800209,0.0008052635239437222
3497,0.008533000014722347,0.0008061292464844882
3498,0.07866799831390381,0.0008071889751590788
3499,-0.011466999538242817,0.0008081878186203539
3500,0.0685340017080307,0.0008091841009445488
3501,-0.016534000635147095,0.0008107618195936084
3502,0.07360100001096725,0.0008121863938868046
3503,0.02346700057387352,0.000813388847745955
3504,0.03359999880194664,0.0008150688954629004
3505,0.01866699941456318,0.0008169211214408278
3506,0.08373399823904037,0.0008188246283680201
3507,0.02346700057387352,0.0008205848280340433
3508,0.06373400241136551,0.000822336645796895
3509,0.003467000089585781,0.0008242892799898982
3510,0.04853399842977524,0.0008263656054623425
3511,0.03866700083017349,0.0008283436764031649
3512,0.06373400241136551,0.0008303728536702693
3513,0.003467000089585781,0.0008326350944116712
3514,0.05866700038313866,0.000835048034787178
3515,0.008533000014722347,0.0008372446754947305
3516,0.02346700057387352,0.0008395172189921141
3517,-0.0013330000219866633,0.0008414225303567946
3518,0.03359999880194664,0.0008439455414190888
3519,-0.0013330000219866633,0.0008463945705443621
3520,0.05866700038313866,0.0008484899299219251
3521,0.01360000018030405,0.0008501369156874716
3522,0.003467000089585781,0.0008517950191162527
3523,-0.02160000056028366,0.0008530450868420303
3524,0.01360000018030405,0.0008540984708815813
3525,-0.0013330000219866633,0.0008553253137506545
3526,0.05866700038313866,0.0008563312003389001
3527,0.03359999880194664,0.0008574184030294418
3528,0.03359999880194664,0.0008585076429881155
3529,0.01866699941456318,0.0008599330903962255
3530,0.05360100045800209,0.0008612895617261529
3531,0.01360000018030405,0.0008628356736153364
3532,0.05866700038313866,0.0008641880704089999
3533,0.02346700057387352,0.0008653976256027818
3534,0.05360100045800209,0.0008667442016303539
3535,0.01866699941456318,0.0008679467719048262
3536,0.02346700057387352,0.0008692700648680329
3537,0.003467000089585781,0.0008704939391463995
3538,0.03359999880194664,0.0008716096635907888
3539,0.003467000089585781,0.0008727897657081485
3540,0.05866700038313866,0.00087388651445508
3541,0.003467000089585781,0.0008748812251724303
3542,0.05360100045800209,0.000875954981893301
3543,0.01360000018030405,0.0008768411353230476
3544,0.028534000739455223,0.0008780574426054955
3545,-0.02160000056028366,0.0008790624560788274
3546,0.06373400241136551,0.0008799094939604402
3547,-0.0013330000219866633,0.0008809284190647304
3548,0.07360100001096725,0.0008817578200250864
3549,-0.0013330000219866633,0.0008826770354062319
3550,0.028534000739455223,0.000883539323695004
3551,-0.0013330000219866633,0.000884197186678648
3552,0.028534000739455223,0.0008851742604747415
3553,-0.0013330000219866633,0.00088629184756428
3554,0.05866700038313866,0.000887402449734509
3555,0.03359999880194664,0.0008883617119863629
3556,0.07360100001096725,0.0008890704484656453
3557,0.008533000014722347,0.0008904245914891362
3558,0.01866699941456318,0.00089173240121454
3559,-0.016534000635147095,0.0008930101757869124
3560,0.01866699941456318,0.0008943419670686126
3561,-0.026399999856948853,0.0008957918034866452
3562,0.03359999880194664,0.0008964035077951849
3563,0.003467000089585781,0.0008975380333140492
3564,0.03866700083017349,0.0008989031193777919
3565,-0.031466998159885406,0.0009002340375445783
3566,0.05360100045800209,0.000901615247130394
3567,0.028534000739455223,0.0009026664774864912
3568,0.05866700038313866,0.0009036298142746091
3569,0.028534000739455223,0.0009044057223945856
3570,0.04853399842977524,0.0009052914101630449
3571,0.028534000739455223,0.000906244502402842
3572,0.05866700038313866,0.0009072848479263484
3573,0.02346700057387352,0.0009085203055292368
3574,0.04853399842977524,0.0009096036083064973
3575,-0.02160000056028366,0.0009108380181714892
3576,0.03359999880194664,0.0009119895985350013
3577,0.03359999880194664,0.0009131953702308238
3578,0.03866700083017349,0.0009145124349743128
3579,0.003467000089585781,0.0009156079031527042
3580,0.043733999133110046,0.0009170273551717401
3581,0.03866700083017349,0.0009186748648062348
3582,0.07866799831390381,0.000920256832614541
3583,0.06373400241136551,0.0009214835590682924
3584,0.05360100045800209,0.0009224866516888142
3585,0.01360000018030405,0.0009233327582478523
3586,0.04853399842977524,0.000923992833122611
3587,0.02346700057387352,0.0009248529095202684
3588,0.03359999880194664,0.0009256852208636701
3589,-0.011466999538242817,0.0009265400003641844
3590,0.028534000739455223,0.0009278475772589445
3591,-0.016534000635147095,0.0009289908921346068
3592,0.02346700057387352,0.000929976929910481
3593,0.03359999880194664,0.0009309783345088363
3594,0.028534000739455223,0.0009318530792370439
3595,0.02346700057387352,0.000932932598516345
3596,0.05360100045800209,0.0009339135140180588
3597,0.003467000089585781,0.0009349829633720219
3598,0.05866700038313866,0.000936195079702884
3599,-0.006399999838322401,0.000937210803385824
3600,0.03359999880194664,0.0009382420685142279
3601,0.003467000089585781,0.0009395199595019221
3602,0.04853399842977524,0.0009408335317857563
3603,0.01360000018030405,0.0009424258023500443
3604,0.02346700057387352,0.0009437104454264045
3605,0.003467000089585781,0.00094484759029001
3606,0.01360000018030405,0.0009460825240239501
3607,-0.0013330000219866633,0.0009472079109400511
3608,0.028534000739455223,0.0009482951136305928
3609,0.01866699941456318,0.0009494932601228356
3610,0.06373400241136551,0.0009508152725175023
3611,0.02346700057387352,0.0009520564926788211
3612,0.05360100045800209,0.0009530384559184313
3613,-0.006399999838322401,0.0009539154125377536
3614,0.02346700057387352,0.0009549427777528763
3615,-0.0013330000219866633,0.0009560087928548455
3616,0.03359999880194664,0.0009570014080964029
3617,0.02346700057387352,0.0009577680611982942
3618,0.03359999880194664,0.0009583576465956867
3619,0.01360000018030405,0.0009592851856723428
3620,0.06373400241136551,0.0009603584185242653
3621,-0.011466999538242817,0.0009611441055312753
3622,0.04853399842977524,0.0009621125645935535
3623,0.003467000089585781,0.0009627878898754716
3624,0.07866799831390381,0.0009637075709179044
3625,0.01360000018030405,0.0009646870894357562
3626,0.0685340017080307,0.0009654622990638018
3627,-0.016534000635147095,0.000966749619692564
3628,0.028534000739455223,0.0009679320501163602
3629,-0.026399999856948853,0.0009686591802164912
3630,0.01360000018030405,0.0009690515580587089
3631,-0.026399999856948853,0.0009694519685581326
3632,0.03359999880194664,0.0009695080807432532
3633,-0.0013330000219866633,0.0009699525544419885
3634,0.05360100045800209,0.0009704261319711804
3635,0.02346700057387352,0.0009705798584036529
3636,0.04853399842977524,0.000970694178249687
3637,0.03359999880194664,0.0009705749689601362
3638,0.08373399823904037,0.0009704831754788756
3639,0.03359999880194664,0.0009703882969915867
3640,0.043733999133110046,0.000970474211499095
3641,0.02346700057387352,0.0009706357959657907
3642,0.04853399842977524,0.0009707326535135508
3643,-0.04160099849104881,0.0009708715369924903
3644,0.02346700057387352,0.0009707416757009923
3645,-0.0013330000219866633,0.0009704934200271964
3646,-0.0013330000219866633,0.0009702826500870287
3647,-0.05146700143814087,0.0009704105323180556
3648,0.003467000089585781,0.0009699200163595378
3649,0.003467000089585781,0.0009690439328551292
3650,0.05360100045800209,0.0009681462543085217
3651,-0.011466999538242817,0.0009675752371549606
3652,0.04853399842977524,0.000967124942690134
3653,0.008533000014722347,0.0009668058482930064
3654,0.03866700083017349,0.000966718653216958
3655,-0.016534000635147095,0.0009668758721090853
3656,0.07360100001096725,0.0009669222636148334
3657,0.01360000018030405,0.0009667767444625497
3658,0.04853399842977524,0.0009665851830504835
3659,-0.03653400018811226,0.000966363528277725
3660,0.003467000089585781,0.0009661138174124062
3661,-0.026399999856948853,0.0009657560149207711
3662,0.03359999880194664,0.0009652876760810614
3663,0.01360000018030405,0.0009647038532420993
3664,0.05360100045800209,0.0009641306824050844
3665,0.02346700057387352,0.0009634366724640131
3666,0.043733999133110046,0.0009627465042285621
3667,0.003467000089585781,0.000962080608587712
3668,0.028534000739455223,0.0009614850860089064
3669,-0.006399999838322401,0.0009607253596186638
3670,0.01866699941456318,0.0009600196499377489
3671,-0.02160000056028366,0.0009592697024345398
3672,0.03359999880194664,0.0009585856460034847
3673,-0.026399999856948853,0.0009577982127666473
3674,0.01360000018030405,0.0009569725370965898
3675,-0.011466999538242817,0.0009561850456520915
3676,0.04853399842977524,0.0009557298617437482
3677,-0.011466999538242817,0.0009549550013616681
3678,0.06373400241136551,0.000954404182266444
3679,0.01360000018030405,0.000953627924900502
3680,0.08880099654197693,0.000952800503000617
3681,0.01360000018030405,0.0009517516591586173
3682,0.03866700083017349,0.0009507765644229949
3683,0.01360000018030405,0.0009501015883870423
3684,0.06373400241136551,0.0009497887222096324
3685,0.02346700057387352,0.000949462759308517
3686,0.06373400241136551,0.0009489544900134206
3687,-0.02160000056028366,0.0009481675224378705
3688,0.03359999880194664,0.0009477619314566255
3689,0.02346700057387352,0.0009470473742112517
3690,0.04853399842977524,0.0009467274649068713
3691,0.008533000014722347,0.000945956096984446
3692,0.05360100045800209,0.0009452553931623697
3693,-0.016534000635147095,0.0009439642890356481
3694,0.03866700083017349,0.000942908925935626
3695,-0.006399999838322401,0.0009416362154297531
3696,0.06373400241136551,0.0009405998862348497
3697,-0.011466999538242817,0.000939691555686295
3698,0.01360000018030405,0.0009386420715600252
3699,-0.006399999838322401,0.0009375404333695769
3700,0.028534000739455223,0.0009365958394482732
3701,-0.03653400018811226,0.0009356779046356678
3702,0.01360000018030405,0.0009344078134745359
3703,-0.03653400018811226,0.0009332200861535966
3704,0.05360100045800209,0.000931793765630573
3705,-0.011466999538242817,0.0009305659914389253
3706,0.028534000739455223,0.0009293236071243882
3707,-0.0013330000219866633,0.0009283043909817934
3708,0.028534000739455223,0.0009274498443119228
3709,0.04853399842977524,0.0009264286491088569
3710,0.03359999880194664,0.0009257029159925878
3711,0.008533000014722347,0.0009249452850781381
3712,0.028534000739455223,0.0009243834065273404
3713,-0.006399999838322401,0.0009236910264007747
3714,0.01360000018030405,0.0009234815370291471
3715,0.003467000089585781,0.0009231114527210593
3716,0.02346700057387352,0.0009229544084519148
3717,-0.02160000056028366,0.0009225299581885338
3718,0.03866700083017349,0.0009222060907632113
3719,-0.016534000635147095,0.000921773083973676
3720,0.03866700083017349,0.0009216146427206695
3721,-0.026399999856948853,0.0009213403682224452
3722,0.08880099654197693,0.0009213574230670929
3723,0.01866699941456318,0.0009208928095176816
3724,0.03866700083017349,0.0009208304109051824
3725,0.02346700057387352,0.0009206765680573881
3726,0.03866700083017349,0.0009206752292811871
3727,0.03359999880194664,0.0009208566043525934
3728,0.03866700083017349,0.000921165628824383
3729,-0.011466999538242817,0.000921171682421118
3730,0.02346700057387352,0.0009216365870088339
3731,-0.011466999538242817,0.0009218511404469609
3732,0.01866699941456318,0.0009222064400091767
3733,-0.026399999856948853,0.0009225239045917988
3734,0.03866700083017349,0.0009228117996826768
3735,-0.011466999538242817,0.0009230243740603328
3736,0.02346700057387352,0.0009231963776983321
3737,0.003467000089585781,0.0009235472534783185
3738,0.03359999880194664,0.0009240797371603549
3739,0.02346700057387352,0.0009244002285413444
3740,0.05360100045800209,0.0009247133275493979
3741,0.03866700083017349,0.0009250246221199632
3742,0.07360100001096725,0.0009253135649487376
3743,0.03866700083017349,0.0009255671175196767
3744,0.07360100001096725,0.0009255182812921703
3745,0.02346700057387352,0.000925383938010782
3746,0.07866799831390381,0.0009250235161744058
3747,0.01360000018030405,0.0009243423119187355
3748,0.03866700083017349,0.0009235150646418333
3749,0.003467000089585781,0.0009230236755684018
3750,0.05866700038313866,0.0009226964903064072
3751,0.01360000018030405,0.0009221758227795362
3752,0.04853399842977524,0.0009215832105837762
3753,0.04853399842977524,0.0009208463015966117
3754,0.003467000089585781,0.0009201476350426674
3755,-0.011466999538242817,0.000919545884244144
3756,0.01360000018030405,0.0009190251585096121
3757,0.01360000018030405,0.0009178611799143255
3758,0.028534000739455223,0.0009166928357444704
3759,-0.006399999838322401,0.0009155722800642252
3760,0.01360000018030405,0.0009143281495198607
3761,0.003467000089585781,0.0009125651558861136
3762,0.03359999880194664,0.0009112642146646976
3763,-0.011466999538242817,0.0009097570437006652
3764,0.03866700083017349,0.000908209418412298
3765,0.01360000018030405,0.000906461791601032
3766,0.03866700083017349,0.0009048630017787218
3767,-0.0013330000219866633,0.000903430744074285
3768,0.0685340017080307,0.0009018984856083989
3769,0.01360000018030405,0.0009000945137813687
3770,0.03866700083017349,0.000898288213647902
3771,-0.016534000635147095,0.0008964755688793957
3772,0.02346700057387352,0.000894943717867136
3773,-0.0013330000219866633,0.0008935435325838625
3774,0.03866700083017349,0.0008920212858356535
3775,-0.02160000056028366,0.0008904158603399992
3776,0.05360100045800209,0.0008888660231605172
3777,-0.011466999538242817,0.0008875218336470425
3778,0.028534000739455223,0.0008863787516020238
3779,0.003467000089585781,0.0008851845632307231
3780,0.03866700083017349,0.0008842995157465339
3781,-0.0013330000219866633,0.000883227214217186
3782,0.03866700083017349,0.0008825505501590669
3783,-0.011466999538242817,0.0008819367503747344
3784,0.028534000739455223,0.0008813372114673257
3785,-0.0013330000219866633,0.000880589010193944
3786,0.028534000739455223,0.0008797689224593341
3787,-0.011466999538242817,0.0008788416162133217
3788,0.01360000018030405,0.0008781276410445571
3789,0.01360000018030405,0.0008774184971116483
3790,0.06373400241136551,0.0008767604595050216
3791,0.028534000739455223,0.0008762346697039902
3792,0.043733999133110046,0.0008755552116781473
3793,0.008533000014722347,0.0008746398380026221
3794,0.04853399842977524,0.0008739510085433722
3795,0.01360000018030405,0.0008733054855838418
3796,0.03866700083017349,0.00087243493180722
3797,-0.026399999856948853,0.0008717381861060858
3798,0.03866700083017349,0.0008712612325325608
3799,-0.011466999538242817,0.0008707605302333832
3800,0.03866700083017349,0.0008698138990439475
3801,0.01866699941456318,0.0008690387476235628
3802,0.03866700083017349,0.0008683009073138237
3803,-0.026399999856948853,0.0008671843679621816
3804,0.028534000739455223,0.0008663322078064084
3805,0.008533000014722347,0.0008654353441670537
3806,0.043733999133110046,0.000864417408592999
3807,-0.04160099849104881,0.0008631397504359484
3808,0.043733999133110046,0.0008618140709586442
3809,-0.03653400018811226,0.0008604073082096875
3810,0.02346700057387352,0.0008591023506596684
3811,-0.0013330000219866633,0.0008578324923291802
3812,0.05360100045800209,0.0008569058263674378
3813,-0.0013330000219866633,0.0008556529646739364
3814,0.01360000018030405,0.0008545672753825784
3815,0.01866699941456318,0.0008534267544746399
3816,0.04853399842977524,0.0008525095763616264
3817,0.028534000739455223,0.0008514765067957342
3818,0.04853399842977524,0.0008507594466209412
3819,0.003467000089585781,0.0008498949464410543
3820,0.04853399842977524,0.0008488681050948799
3821,-0.016534000635147095,0.000847753370180726
3822,0.03866700083017349,0.0008468553423881531
3823,0.008533000014722347,0.0008462879341095686
3824,0.03866700083017349,0.0008458325173705816
3825,-0.011466999538242817,0.0008455920033156872
3826,0.03866700083017349,0.0008452004403807223
3827,-0.0013330000219866633,0.000844805792439729
3828,0.05360100045800209,0.0008443138794973493
3829,0.01866699941456318,0.0008437559008598328
3830,0.04853399842977524,0.0008433725452050567
3831,-0.0013330000219866633,0.0008431279566138983
3832,0.07360100001096725,0.0008429203880950809
3833,0.03866700083017349,0.0008426018757745624
3834,0.04853399842977524,0.0008420727681368589
3835,0.03359999880194664,0.0008416965138167143
3836,0.0685340017080307,0.000841030734591186
3837,-0.0013330000219866633,0.0008400584920309484
3838,0.05360100045800209,0.0008394300239160657
3839,0.01360000018030405,0.0008391000446863472
3840,0.03359999880194664,0.0008388857822865248
3841,0.02346700057387352,0.0008386559784412384
3842,0.05360100045800209,0.0008385524270124733
3843,-0.011466999538242817,0.0008383087115362287
3844,0.008533000014722347,0.0008378356578759849
3845,-0.02160000056028366,0.0008371155709028244
3846,0.03866700083017349,0.0008360430365428329
3847,0.05360100045800209,0.0008352734730578959
3848,0.07360100001096725,0.0008344476227648556
3849,0.01360000018030405,0.0008335309103131294
3850,0.05360100045800209,0.0008326458046212792
3851,-0.0013330000219866633,0.0008315969025716186
3852,0.028534000739455223,0.0008305957308039069
3853,0.008533000014722347,0.0008295218576677144
3854,0.03866700083017349,0.0008283330826088786
3855,0.02346700057387352,0.0008272170089185238
3856,0.0685340017080307,0.0008260697359219193
3857,0.028534000739455223,0.0008249435340985656
3858,0.08880099654197693,0.0008235654095187783
3859,0.003467000089585781,0.0008221790194511414
3860,0.06373400241136551,0.0008210560772567987
3861,-0.0013330000219866633,0.0008199134026654065
3862,0.01360000018030405,0.000818805128801614
3863,-0.011466999538242817,0.0008178920252248645
3864,0.028534000739455223,0.0008169036009348929
3865,-0.02160000056028366,0.0008157166303135455
3866,0.07360100001096725,0.0008143532322719693
3867,-0.0013330000219866633,0.0008133235387504101
3868,0.03866700083017349,0.0008124302257783711
3869,0.008533000014722347,0.0008117654360830784
3870,0.06373400241136551,0.0008109695627354085
3871,-0.011466999538242817,0.0008099668775685132
3872,0.03866700083017349,0.0008088585454970598
3873,-0.0013330000219866633,0.0008079675026237965
3874,0.003467000089585781,0.0008069492178037763
3875,-0.026399999856948853,0.0008056433871388435
3876,0.05866700038313866,0.0008040993707254529
3877,-0.016534000635147095,0.0008028682786971331
3878,0.03359999880194664,0.0008013665792532265
3879,0.008533000014722347,0.0007999719236977398
3880,0.03866700083017349,0.0007985047996044159
3881,-0.0013330000219866633,0.0007972063031047583
3882,0.05360100045800209,0.0007959089707583189
3883,-0.04666699841618538,0.0007941585499793291
3884,0.03359999880194664,0.0007927935803309083
3885,-0.011466999538242817,0.0007916896138340235
3886,0.028534000739455223,0.0007908018887974322
3887,0.01360000018030405,0.0007899720221757889
3888,0.06373400241136551,0.0007893373258411884
3889,-0.0013330000219866633,0.0007886123494245112
3890,0.04853399842977524,0.0007880569901317358
3891,-0.02160000056028366,0.0007877275929786265
3892,0.028534000739455223,0.0007873073336668313
3893,-0.02160000056028366,0.0007869743276387453
3894,0.01360000018030405,0.0007866949308663607
3895,-0.011466999538242817,0.0007865559309720993
3896,0.05360100045800209,0.0007862228667363524
3897,-0.026399999856948853,0.0007858015596866608
3898,0.028534000739455223,0.0007853518472984433
3899,-0.0013330000219866633,0.0007848158129490912
3900,0.028534000739455223,0.0007850321126170456
3901,-0.011466999538242817,0.000785143522080034
3902,0.07360100001096725,0.0007852133130654693
3903,-0.02160000056028366,0.0007851424161344767
3904,0.003467000089585781,0.0007850686088204384
3905,-0.02160000056028366,0.0007850734982639551
3906,-0.0013330000219866633,0.0007852332200855017
3907,-0.011466999538242817,0.0007853512652218342
3908,0.09866800159215927,0.0007856589509174228
3909,0.01866699941456318,0.0007858971366658807
3910,0.028534000739455223,0.0007857247837819159
3911,-0.026399999856948853,0.0007855820585973561
3912,0.01360000018030405,0.0007852791459299624
3913,0.01360000018030405,0.0007854896248318255
3914,0.028534000739455223,0.000785607669968158
3915,-0.02160000056028366,0.0007859646575525403
3916,0.02346700057387352,0.0007866874220781028
3917,-0.011466999538242817,0.0007873399299569428
3918,0.028534000739455223,0.0007873459253460169
3919,0.03866700083017349,0.0007875296869315207
3920,0.06373400241136551,0.0007876849849708378
3921,0.02346700057387352,0.0007877303287386894
3922,0.06373400241136551,0.0007875325973145664
3923,0.028534000739455223,0.0007874830043874681
3924,0.028534000739455223,0.0007872239220887423
3925,-0.0013330000219866633,0.0007869660039432347
3926,0.03359999880194664,0.0007866011001169682
3927,0.003467000089585781,0.0007862654747441411
3928,0.028534000739455223,0.0007857839809730649
3929,-0.0013330000219866633,0.0007855775766074657
3930,0.003467000089585781,0.0007853990537114441
3931,0.008533000014722347,0.000785170414019376
3932,0.05866700038313866,0.0007848502136766911
3933,-0.0013330000219866633,0.0007847612141631544
3934,0.028534000739455223,0.0007841640617698431
3935,0.003467000089585781,0.0007837080047465861
3936,0.028534000739455223,0.0007830084068700671
3937,-0.0013330000219866633,0.0007825895445421338
3938,0.02346700057387352,0.0007821231847628951
3939,-0.0013330000219866633,0.0007815993158146739
3940,0.05866700038313866,0.0007807889487594366
3941,-0.0013330000219866633,0.0007801313186064363
3942,0.028534000739455223,0.0007796573918312788
3943,-0.02160000056028366,0.0007793150143697858
3944,0.05360100045800209,0.0007788307266309857
3945,0.01360000018030405,0.0007785191992297769
3946,0.05866700038313866,0.000778037472628057
3947,-0.011466999538242817,0.0007776482962071896
3948,0.043733999133110046,0.0007773400866426528
3949,-0.0013330000219866633,0.0007770963129587471
3950,0.05360100045800209,0.0007764544570818543
3951,0.01360000018030405,0.0007759641157463193
3952,0.0685340017080307,0.0007753549143671989
3953,-0.026399999856948853,0.0007748116622678936
3954,0.03866700083017349,0.0007743629976175725
3955,-0.0013330000219866633,0.0007738358108326793
3956,0.04853399842977524,0.0007732370286248624
3957,-0.0013330000219866633,0.0007727760821580887
3958,0.02346700057387352,0.0007725752657279372
3959,0.028534000739455223,0.0007722415030002594
3960,0.043733999133110046,0.000771931023336947
3961,0.02346700057387352,0.0007715846877545118
3962,0.04853399842977524,0.0007712746737524867
3963,0.003467000089585781,0.0007708542980253696
3964,0.04853399842977524,0.0007704936433583498
3965,-0.016534000635147095,0.0007702356670051813
3966,0.028534000739455223,0.0007700222195126116
3967,-0.006399999838322401,0.0007698608096688986
3968,0.03866700083017349,0.0007695379899814725
3969,-0.006399999838322401,0.0007692662184126675
3970,0.0685340017080307,0.0007689745398238301
3971,-0.011466999538242817,0.0007688248879276216
3972,0.028534000739455223,0.0007684699958190322
3973,-0.011466999538242817,0.0007684919983148575
3974,-0.0013330000219866633,0.0007680057315155864
3975,-0.011466999538242817,0.0007675367523916066
3976,0.05866700038313866,0.000766838202252984
3977,-0.02160000056028366,0.0007661366835236549
3978,0.03359999880194664,0.000765403441619128
3979,-0.011466999538242817,0.0007650194456800818
3980,0.028534000739455223,0.0007645611185580492
3981,0.02346700057387352,0.0007642641430720687
3982,0.08373399823904037,0.0007641173433512449
3983,-0.0013330000219866633,0.0007635787478648126
3984,0.03866700083017349,0.0007629218744114041
3985,0.03359999880194664,0.0007623438723385334
3986,0.05360100045800209,0.0007615718059241772
3987,-0.011466999538242817,0.0007609741296619177
3988,0.03359999880194664,0.0007602086989209056
3989,0.028534000739455223,0.0007594905910082161
3990,0.03866700083017349,0.0007586452993564308
3991,-0.0013330000219866633,0.0007578663062304258
3992,0.043733999133110046,0.0007572434842586517
3993,0.008533000014722347,0.0007565528503619134
3994,0.04853399842977524,0.0007559098303318024
3995,0.01360000018030405,0.0007553162868134677
3996,0.01360000018030405,0.0007546049309894443
3997,-0.0013330000219866633,0.0007537301862612367
3998,0.04853399842977524,0.0007529699942097068
3999,-0.006399999838322401,0.0007520939107052982
4000,0.03866700083017349,0.0007513835444115102
4001,-0.011466999538242817,0.000750801875256002
4002,0.05360100045800209,0.0007503189845010638
4003,-0.03653400018811226,0.000749885686673224
4004,0.03359999880194664,0.0007498959312215447
4005,0.028534000739455223,0.0007497437763959169
4006,0.043733999133110046,0.0007492381264455616
4007,0.01360000018030405,0.0007489768322557211
4008,0.06373400241136551,0.0007486754329875112
4009,0.01866699941456318,0.0007481836946681142
4010,0.05360100045800209,0.0007476361352019012
4011,-0.0013330000219866633,0.0007469909614883363
4012,0.043733999133110046,0.0007462555076926947
4013,0.003467000089585781,0.0007453577127307653
4014,0.07360100001096725,0.0007447300013154745
4015,-0.0013330000219866633,0.0007441123598255217
4016,0.03359999880194664,0.0007436538580805063
4017,-0.011466999538242817,0.0007433485006913543
4018,0.06373400241136551,0.0007431723643094301
4019,0.01866699941456318,0.000742813921533525
4020,0.0685340017080307,0.0007428439566865563
4021,0.01360000018030405,0.0007427559467032552
4022,0.08880099654197693,0.0007424711948260665
4023,-0.0013330000219866633,0.0007418805034831166
4024,0.003467000089585781,0.0007414639694616199
4025,0.028534000739455223,0.0007411673432216048
4026,0.05360100045800209,0.0007408270030282438
4027,0.003467000089585781,0.0007402661140076816
4028,0.05360100045800209,0.0007395264692604542
4029,0.01360000018030405,0.000738979026209563
4030,0.03866700083017349,0.0007383581250905991
4031,-0.026399999856948853,0.0007375837885774672
4032,0.043733999133110046,0.000737285939976573
4033,0.01866699941456318,0.0007369241211563349
4034,0.05866700038313866,0.0007365599740296602
4035,0.028534000739455223,0.0007363296463154256
4036,0.03866700083017349,0.000735862588044256
4037,-0.0013330000219866633,0.0007354451809078455
4038,0.028534000739455223,0.0007348906947299838
4039,0.003467000089585781,0.0007343270117416978
4040,0.06373400241136551,0.0007341349846683443
4041,-0.016534000635147095,0.0007337834103964269
4042,0.05360100045800209,0.000733458437025547
4043,-0.006399999838322401,0.000733161112293601
4044,0.03866700083017349,0.0007330105872824788
4045,-0.03653400018811226,0.0007327658822759986
4046,0.06373400241136551,0.0007324903272092342
4047,0.01360000018030405,0.0007317977724596858
4048,0.028534000739455223,0.0007312409579753876
4049,0.01360000018030405,0.0007309241918846965
4050,0.06373400241136551,0.0007304451428353786
4051,-0.011466999538242817,0.0007297744741663337
4052,0.05360100045800209,0.0007293729577213526
4053,-0.0013330000219866633,0.0007291269721463323
4054,0.07360100001096725,0.0007288237102329731
4055,-0.011466999538242817,0.0007284386083483696
4056,0.07360100001096725,0.0007281474536284804
4057,0.008533000014722347,0.0007280324352905154
4058,0.04853399842977524,0.000727925100363791
4059,-0.016534000635147095,0.0007279172423295677
4060,0.05360100045800209,0.0007275600219145417
4061,0.003467000089585781,0.0007272590883076191
4062,0.028534000739455223,0.0007272418588399887
4063,-0.016534000635147095,0.0007275368552654982
4064,0.05360100045800209,0.0007279294077306986
4065,0.02346700057387352,0.0007280934369191527
4066,0.028534000739455223,0.0007281284779310226
4067,0.03866700083017349,0.0007282645674422383
4068,0.06373400241136551,0.0007280978607013822
4069,0.003467000089585781,0.000727729988284409
4070,0.043733999133110046,0.0007273083319887519
4071,0.003467000089585781,0.0007267926703207195
4072,0.03866700083017349,0.0007261460414156318
4073,-0.006399999838322401,0.0007253963267430663
4074,0.07360100001096725,0.0007249570335261524
4075,-0.0013330000219866633,0.0007245635497383773
4076,0.028534000739455223,0.0007241062703542411
4077,0.003467000089585781,0.0007237371173687279
4078,0.003467000089585781,0.0007232663338072598
4079,0.01866699941456318,0.0007227651076391339
4080,0.01866699941456318,0.0007222165586426854
4081,-0.02160000056028366,0.0007218071259558201
4082,0.04853399842977524,0.0007213344797492027
4083,0.003467000089585781,0.0007208915194496512
4084,0.028534000739455223,0.0007203062996268272
4085,-0.011466999538242817,0.0007196796359494328
4086,0.028534000739455223,0.0007190097239799798
4087,-0.016534000635147095,0.0007180632674135268
4088,0.028534000739455223,0.0007171874167397618
4089,0.003467000089585781,0.0007162828114815056
4090,0.07360100001096725,0.000715629430487752
4091,-0.0013330000219866633,0.0007149626617319882
4092,0.01360000018030405,0.0007144242408685386
4093,0.02346700057387352,0.0007138086948543787
4094,0.06373400241136551,0.0007127896533347666
4095,0.01360000018030405,0.0007120065856724977
4096,0.06373400241136551,0.0007113533793017268
4097,0.03866700083017349,0.0007107149576768279
4098,0.0685340017080307,0.0007101761875674129
4099,-0.016534000635147095,0.0007093562744557858
4100,0.06373400241136551,0.0007089193677529693
4101,0.008533000014722347,0.0007084921235218644
4102,0.08880099654197693,0.0007082363590598106
4103,0.01360000018030405,0.000707696657627821
4104,0.08373399823904037,0.0007073460146784782
4105,0.028534000739455223,0.0007070556748658419
4106,0.07360100001096725,0.0007067376282066107
4107,0.01360000018030405,0.0007065609097480774
4108,0.05360100045800209,0.0007063695229589939
4109,0.028534000739455223,0.0007066066609695554
4110,0.02346700057387352,0.0007065742975100875
4111,0.02346700057387352,0.0007066052639856935
4112,0.028534000739455223,0.0007066744146868587
4113,-0.0013330000219866633,0.0007065265672281384
4114,0.043733999133110046,0.000706555147189647
4115,0.003467000089585781,0.0007066016551107168
4116,0.03359999880194664,0.0007067602127790451
4117,-0.0013330000219866633,0.0007069737766869366
4118,0.03866700083017349,0.0007071555592119694
4119,-0.026399999856948853,0.0007072814041748643
4120,0.043733999133110046,0.000707290309946984
4121,0.028534000739455223,0.000707237864844501
4122,0.03866700083017349,0.0007070914143696427
4123,-0.006399999838322401,0.0007068233098834753
4124,0.05360100045800209,0.0007066495018079877
4125,-0.006399999838322401,0.0007062200456857681
4126,0.05360100045800209,0.0007057201582938433
4127,0.01360000018030405,0.0007055321475490928
4128,0.03359999880194664,0.0007055973983369768
4129,0.008533000014722347,0.0007056851754896343
4130,0.043733999133110046,0.0007055983878672123
4131,-0.02160000056028366,0.0007055051974020898
4132,0.028534000739455223,0.0007054549059830606
4133,0.003467000089585781,0.000705488258972764
4134,0.04853399842977524,0.0007054655579850078
4135,0.003467000089585781,0.0007055591559037566
4136,0.05360100045800209,0.0007055862806737423
4137,0.01866699941456318,0.0007057193433865905
4138,0.03866700083017349,0.0007056969916447997
4139,-0.006399999838322401,0.0007057010079734027
4140,0.043733999133110046,0.0007056937320157886
4141,0.01866699941456318,0.000705642276443541
4142,0.06373400241136551,0.0007056343602016568
4143,0.01360000018030405,0.000705704849679023
4144,0.0685340017080307,0.0007056681788526475
4145,-0.006399999838322401,0.0007055352325551212
4146,0.028534000739455223,0.0007052695727907121
4147,0.01360000018030405,0.0007049246923997998
4148,0.01360000018030405,0.0007046372629702091
4149,-0.0013330000219866633,0.0007044193334877491
4150,0.028534000739455223,0.0007042450597509742
4151,-0.006399999838322401,0.0007041195058263838
4152,0.07866799831390381,0.0007039005868136883
4153,-0.006399999838322401,0.0007036887109279633
4154,0.07866799831390381,0.0007033863221295178
4155,-0.011466999538242817,0.0007031240966171026
4156,0.01360000018030405,0.0007025242084637284
4157,-0.02160000056028366,0.0007020761258900166
4158,0.05360100045800209,0.0007014250732026994
4159,0.008533000014722347,0.0007007354288361967
4160,0.003467000089585781,0.0007004709332250059
4161,-0.02160000056028366,0.0007002225611358881
4162,0.028534000739455223,0.0006995573057793081
4163,-0.03653400018811226,0.0006990070687606931
4164,0.02346700057387352,0.0006987933302298188
4165,0.02346700057387352,0.0006987061351537704
4166,0.043733999133110046,0.0006985756917856634
4167,0.003467000089585781,0.00069824093952775
4168,0.09360100328922272,0.0006980999605730176
4169,0.03359999880194664,0.0006974173011258245
4170,0.06373400241136551,0.0006970394169911742
4171,-0.03653400018811226,0.0006967862136662006
4172,0.05360100045800209,0.0006961895851418376
4173,-0.0013330000219866633,0.000695920898579061
4174,0.03866700083017349,0.0006960256141610444
4175,-0.0013330000219866633,0.0006961437757126987
4176,-0.0013330000219866633,0.0006965250940993428
4177,-0.03653400018811226,0.0006969734095036983
4178,0.04853399842977524,0.0006976083968766034
4179,0.008533000014722347,0.0006982097984291613
4180,0.04853399842977524,0.0006989193498156965
4181,-0.016534000635147095,0.000699572148732841
4182,0.04853399842977524,0.0007001576013863087
4183,-0.0013330000219866633,0.0007009198307059705
4184,0.07360100001096725,0.0007016073795966804
4185,0.003467000089585781,0.0007025350350886583
4186,0.03359999880194664,0.0007033006986603141
4187,0.01360000018030405,0.0007038796320557594
4188,0.01866699941456318,0.0007045834790915251
4189,-0.02160000056028366,0.0007051266729831696
4190,0.04853399842977524,0.0007057719049043953
4191,0.003467000089585781,0.0007062538643367589
4192,-0.011466999538242817,0.0007069680141285062
4193,-0.016534000635147095,0.0007076271576806903
4194,0.03866700083017349,0.0007081347284838557
4195,-0.0013330000219866633,0.0007089741411618888
4196,0.01866699941456318,0.0007097518537193537
4197,-0.03653400018811226,0.0007104660617187619
4198,0.01360000018030405,0.0007112560560926795
4199,-0.031466998159885406,0.000712118053343147
4200,0.07360100001096725,0.0007127099088393152
4201,-0.011466999538242817,0.0007133758626878262
4202,0.01866699941456318,0.000713985413312912
4203,-0.006399999838322401,0.0007147165015339851
4204,0.03866700083017349,0.0007153779733926058
4205,-0.0013330000219866633,0.0007162707624956965
4206,0.003467000089585781,0.0007172716432251036
4207,0.003467000089585781,0.0007183685665950179
4208,0.003467000089585781,0.000719304196536541
4209,0.01360000018030405,0.0007201693952083588
4210,0.01866699941456318,0.0007210009498521686
4211,0.028534000739455223,0.0007219539256766438
4212,0.06373400241136551,0.0007227658061310649
4213,-0.011466999538242817,0.0007236819947138429
4214,0.008533000014722347,0.0007244235603138804
4215,0.02346700057387352,0.0007252896903082728
4216,0.05360100045800209,0.0007261024438776076
4217,0.008533000014722347,0.0007271799840964377
4218,0.04853399842977524,0.0007280233548954129
4219,0.008533000014722347,0.0007287955959327519
4220,0.028534000739455223,0.0007296385010704398
4221,-0.02160000056028366,0.0007306990446522832
4222,0.06373400241136551,0.0007315960829146206
4223,-0.02160000056028366,0.000732488464564085
4224,0.02346700057387352,0.0007333648973144591
4225,0.003467000089585781,0.0007344702025875449
4226,0.03359999880194664,0.0007354540284723043
4227,-0.006399999838322401,0.0007364198099821806
4228,0.04853399842977524,0.0007372209802269936
4229,0.003467000089585781,0.0007378192385658622
4230,0.03866700083017349,0.0007388188969343901
4231,0.003467000089585781,0.0007397594163194299
4232,0.0685340017080307,0.0007406750810332596
4233,0.003467000089585781,0.00074147735722363
4234,0.01866699941456318,0.0007421937771141529
4235,-0.0013330000219866633,0.0007428148528560996
4236,0.05866700038313866,0.0007433529244735837
4237,-0.026399999856948853,0.0007438504253514111
4238,0.028534000739455223,0.0007442852947860956
4239,0.02346700057387352,0.0007448263932019472
4240,0.028534000739455223,0.0007454515434801579
4241,-0.016534000635147095,0.0007462416542693973
4242,0.05360100045800209,0.0007467453833669424
4243,-0.011466999538242817,0.000747203070204705
4244,0.05360100045800209,0.0007476598839275539
4245,-0.011466999538242817,0.0007479576743207872
4246,0.05360100045800209,0.0007484531379304826
4247,-0.0013330000219866633,0.0007490005809813738
4248,0.04853399842977524,0.000749481376260519
4249,-0.031466998159885406,0.0007501537911593914
4250,0.06373400241136551,0.0007506079273298383
4251,-0.011466999538242817,0.0007511228322982788
4252,0.04853399842977524,0.000751662184484303
4253,-0.0013330000219866633,0.0007522870437242091
4254,0.06373400241136551,0.000752844731323421
4255,0.003467000089585781,0.0007536258781328797
4256,0.07866799831390381,0.0007544113323092461
4257,0.003467000089585781,0.000755301967728883
4258,0.043733999133110046,0.0007560573285445571
4259,0.003467000089585781,0.0007568203145638108
4260,0.043733999133110046,0.0007572124013677239
4261,0.003467000089585781,0.0007576871430501342
4262,0.03359999880194664,0.0007583285914734006
4263,0.01866699941456318,0.0007590000750496984
4264,0.04853399842977524,0.000759456364903599
4265,-0.0013330000219866633,0.0007598987431265414
4266,0.0685340017080307,0.0007602268015034497
4267,0.03866700083017349,0.0007605738937854767
4268,0.04853399842977524,0.0007607152801938355
4269,0.003467000089585781,0.0007611290202476084
4270,0.0685340017080307,0.0007612890331074595
4271,0.01866699941456318,0.0007613981724716723
4272,0.03359999880194664,0.0007614584756083786
4273,0.01360000018030405,0.0007614149362780154
4274,0.06373400241136551,0.0007611237233504653
4275,0.003467000089585781,0.0007611745968461037
4276,0.02346700057387352,0.0007608908927068114
4277,0.01866699941456318,0.0007607037550769746
4278,0.0685340017080307,0.0007603930425830185
4279,-0.011466999538242817,0.0007603240665048361
4280,0.01866699941456318,0.0007602587575092912
4281,-0.0013330000219866633,0.0007598687661811709
4282,0.05866700038313866,0.0007595204515382648
4283,0.003467000089585781,0.000759738264605403
4284,0.043733999133110046,0.0007598826778121293
4285,-0.02160000056028366,0.0007602096302434802
4286,0.043733999133110046,0.0007602343102917075
4287,-0.02160000056028366,0.0007604338461533189
4288,0.02346700057387352,0.0007603314006701112
4289,-0.0013330000219866633,0.0007602627156302333
4290,0.04853399842977524,0.0007600374519824982
4291,-0.011466999538242817,0.0007601146353408694
4292,0.03866700083017349,0.0007602073019370437
4293,0.008533000014722347,0.000760348339099437
4294,0.02346700057387352,0.0007603171980008483
4295,-0.02160000056028366,0.0007602155674248934
4296,0.07866799831390381,0.0007595905917696655
4297,0.01360000018030405,0.0007595382048748434
4298,0.04853399842977524,0.0007595098577439785
4299,-0.011466999538242817,0.0007594503695145249
4300,0.04853399842977524,0.0007591662579216063
4301,-0.0013330000219866633,0.0007590174209326506
4302,0.03866700083017349,0.000758801179472357
4303,-0.011466999538242817,0.0007590379100292921
4304,0.028534000739455223,0.0007590241730213165
4305,0.003467000089585781,0.0007591448957100511
4306,0.06373400241136551,0.000758980168029666
4307,-0.011466999538242817,0.0007588991429656744
4308,0.008533000014722347,0.0007587049622088671
4309,0.028534000739455223,0.0007583501283079386
4310,0.043733999133110046,0.0007577480282634497
4311,0.02346700057387352,0.0007571885362267494
4312,0.06373400241136551,0.0007566150743514299
4313,-0.011466999538242817,0.0007559366058558226
4314,0.0685340017080307,0.0007552725728601217
4315,0.028534000739455223,0.0007545913103967905
4316,0.043733999133110046,0.0007541502127423882
4317,-0.011466999538242817,0.0007538655772805214
4318,0.05360100045800209,0.0007535649929195642
4319,-0.026399999856948853,0.0007531303563155234
4320,0.028534000739455223,0.0007525309338234365
4321,-0.02160000056028366,0.0007522839005105197
4322,0.05360100045800209,0.0007517526391893625
4323,0.04853399842977524,0.0007514230674132705
4324,0.03866700083017349,0.0007510824943892658
4325,0.003467000089585781,0.0007509304559789598
4326,0.04853399842977524,0.0007506298716180027
4327,0.003467000089585781,0.0007505544344894588
4328,0.04853399842977524,0.0007503805682063103
4329,-0.011466999538242817,0.0007503369706682861
4330,0.03866700083017349,0.0007501025684177876
4331,0.008533000014722347,0.0007499874918721616
4332,0.03866700083017349,0.0007498137420043349
4333,0.003467000089585781,0.0007498106569983065
4334,0.028534000739455223,0.000749432307202369
4335,-0.0013330000219866633,0.0007491939468309283
4336,0.008533000014722347,0.0007488375413231552
4337,-0.011466999538242817,0.000748527585528791
4338,0.05360100045800209,0.0007482825312763453
4339,-0.0013330000219866633,0.0007481814827769995
4340,0.028534000739455223,0.0007479342166334391
4341,-0.011466999538242817,0.0007477474864572287
4342,0.01866699941456318,0.0007472612196579576
4343,0.003467000089585781,0.0007469718693755567
4344,0.05866700038313866,0.0007466058596037328
4345,-0.016534000635147095,0.000746419420465827
4346,0.04853399842977524,0.0007458312902599573
4347,-0.0013330000219866633,0.0007453730213455856
4348,0.03359999880194664,0.0007447098614647985
4349,0.01360000018030405,0.0007442437927238643
4350,0.05360100045800209,0.0007437392487190664
4351,0.008533000014722347,0.0007430973346345127
4352,0.07866799831390381,0.0007424186915159225
4353,0.01866699941456318,0.0007420340552926064
4354,0.06373400241136551,0.0007413941202685237
4355,0.02346700057387352,0.0007411307888105512
4356,0.04853399842977524,0.0007404675707221031
4357,0.01360000018030405,0.0007401080220006406
4358,0.05360100045800209,0.0007395371212624013
4359,-0.011466999538242817,0.0007393196574412286
4360,0.06373400241136551,0.0007390392711386085
4361,-0.0013330000219866633,0.0007389739039354026
4362,0.03866700083017349,0.0007388601079583168
4363,-0.02160000056028366,0.000738792004995048
4364,0.04853399842977524,0.000738699221983552
4365,-0.026399999856948853,0.000738581526093185
4366,0.03866700083017349,0.000738522969186306
4367,-0.011466999538242817,0.0007384907221421599
4368,0.01866699941456318,0.0007381958421319723
4369,0.01360000018030405,0.0007379124872386456
4370,0.028534000739455223,0.0007375720888376236
4371,0.01866699941456318,0.0007371056126430631
4372,0.07360100001096725,0.0007363606127910316
4373,-0.011466999538242817,0.0007355682901106775
4374,0.03359999880194664,0.000734746630769223
4375,0.02346700057387352,0.0007338763098232448
4376,0.07866799831390381,0.0007329819491133094
4377,0.03866700083017349,0.0007324243779294193
4378,0.03866700083017349,0.0007319997530430555
4379,0.008533000014722347,0.0007315491675399244
4380,0.04853399842977524,0.0007309678476303816
4381,0.02346700057387352,0.0007305281469598413
4382,0.05360100045800209,0.0007301421137526631
4383,0.003467000089585781,0.0007298093987628818
4384,0.07360100001096725,0.0007293466478586197
4385,-0.016534000635147095,0.0007289482746273279
4386,0.03866700083017349,0.000728571554645896
4387,-0.006399999838322401,0.0007282056612893939
4388,0.06373400241136551,0.0007277986733242869
4389,0.02346700057387352,0.0007275337120518088
4390,0.028534000739455223,0.0007270798087120056
4391,0.01866699941456318,0.0007266696193255484
4392,0.03866700083017349,0.0007261914433911443
4393,0.01360000018030405,0.0007255931850522757
4394,0.03359999880194664,0.0007249565096572042
4395,0.02346700057387352,0.0007244519656524062
4396,0.03866700083017349,0.0007236821111291647
4397,-0.026399999856948853,0.0007231454947032034
4398,0.03359999880194664,0.0007224996807053685
4399,-0.011466999538242817,0.0007218299433588982
4400,0.05360100045800209,0.0007210621843114495
4401,0.028534000739455223,0.0007203997811302543
4402,0.028534000739455223,0.0007197294034995139
4403,0.02346700057387352,0.0007192566990852356
4404,0.03866700083017349,0.0007187509327195585
4405,0.01360000018030405,0.000718273688107729
4406,0.03866700083017349,0.0007176660583354533
4407,-0.016534000635147095,0.0007170530734583735
4408,0.043733999133110046,0.0007163891568779945
4409,0.003467000089585781,0.0007157797808758914
4410,0.06373400241136551,0.000715321977622807
4411,-0.006399999838322401,0.0007150276796892285
4412,0.02346700057387352,0.0007145554991438985
4413,-0.02160000056028366,0.0007140844827517867
4414,0.043733999133110046,0.0007136444328352809
4415,-0.011466999538242817,0.0007132500177249312
4416,0.04853399842977524,0.0007126756245270371
4417,0.008533000014722347,0.0007121144444681704
4418,0.05866700038313866,0.0007113941246643662
4419,0.003467000089585781,0.0007109072175808251
4420,0.028534000739455223,0.0007098544156178832
4421,0.028534000739455223,0.0007088700076565146
4422,0.03866700083017349,0.0007079442148096859
4423,-0.02160000056028366,0.0007073162123560905
4424,0.08373399823904037,0.000706723250914365
4425,0.003467000089585781,0.000706318358425051
4426,0.01866699941456318,0.000705771497450769
4427,-0.011466999538242817,0.0007049943087622523
4428,0.05360100045800209,0.0007040350465103984
4429,0.003467000089585781,0.0007029910339042544
4430,0.04853399842977524,0.0007019893382675946
4431,-0.0013330000219866633,0.0007010891567915678
4432,0.05360100045800209,0.000699949508998543
4433,0.003467000089585781,0.0006988203385844827
4434,0.06373400241136551,0.0006976426229812205
4435,-0.006399999838322401,0.0006964048952795565
4436,0.01360000018030405,0.0006950072711333632
4437,0.02346700057387352,0.000693797948770225
4438,0.01360000018030405,0.0006925467168912292
4439,0.01866699941456318,0.0006912407698109746
4440,0.08373399823904037,0.0006900036241859198
4441,0.04853399842977524,0.0006884618196636438
4442,0.05360100045800209,0.0006870069773867726
4443,-0.006399999838322401,0.0006858716369606555
4444,0.04853399842977524,0.0006844092858955264
4445,-0.006399999838322401,0.0006830742349848151
4446,0.03866700083017349,0.0006818929687142372
4447,-0.03653400018811226,0.0006810254999436438
4448,0.043733999133110046,0.0006797050591558218
4449,0.01360000018030405,0.000678564771078527
4450,0.04853399842977524,0.0006775102228857577
4451,0.003467000089585781,0.0006763950223103166
4452,0.04853399842977524,0.0006752699846401811
4453,-0.006399999838322401,0.0006741074612364173
4454,0.05866700038313866,0.0006727130967192352
4455,0.003467000089585781,0.000671149231493473
4456,0.03866700083017349,0.0006697484059259295
4457,0.01360000018030405,0.0006684769177809358
4458,0.08373399823904037,0.0006672047893516719
4459,0.028534000739455223,0.0006659107166342437
4460,0.05360100045800209,0.0006644948734901845
4461,0.028534000739455223,0.0006630696589127183
4462,0.06373400241136551,0.0006615215679630637
4463,-0.0013330000219866633,0.0006600754568353295
4464,0.05360100045800209,0.0006588899414055049
4465,0.02346700057387352,0.000657702621538192
4466,0.03866700083017349,0.0006563544739037752
4467,0.01866699941456318,0.0006549464305862784
4468,0.05360100045800209,0.0006534999120049179
4469,0.01360000018030405,0.0006521332543343306
4470,0.04853399842977524,0.0006508141523227096
4471,-0.02160000056028366,0.0006494912086054683
4472,0.028534000739455223,0.0006481806049123406
4473,-0.011466999538242817,0.0006467755883932114
4474,0.07866799831390381,0.0006456167320720851
4475,-0.0013330000219866633,0.000644595013000071
4476,0.05360100045800209,0.0006435626419261098
4477,0.028534000739455223,0.0006421043653972447
4478,0.05360100045800209,0.0006407604669220746
4479,0.01866699941456318,0.0006393850198946893
4480,0.03866700083017349,0.0006380369886755943
4481,0.01360000018030405,0.0006365791196003556
4482,0.02346700057387352,0.0006351049523800611
4483,-0.0013330000219866633,0.0006336884689517319
4484,0.028534000739455223,0.000632602081168443
4485,-0.0013330000219866633,0.0006314069614745677
4486,0.03866700083017349,0.0006300694076344371
4487,0.008533000014722347,0.0006287174765020609
4488,0.028534000739455223,0.0006272757891565561
4489,0.01360000018030405,0.0006260696100071073
4490,0.04853399842977524,0.0006248845020309091
4491,-0.0013330000219866633,0.0006236639455892146
4492,0.043733999133110046,0.0006224818644113839
4493,-0.02160000056028366,0.0006212823209352791
4494,0.06373400241136551,0.0006200140342116356
4495,0.01866699941456318,0.000618779391516
4496,0.03359999880194664,0.0006175598246045411
4497,-0.0013330000219866633,0.0006165235536172986
4498,0.01866699941456318,0.0006156888557597995
4499,-0.031466998159885406,0.0006150284316390753
4500,0.05360100045800209,0.0006142058409750462
4501,-0.02160000056028366,0.0006136379670351744
4502,0.03359999880194664,0.0006127350497990847
4503,-0.011466999538242817,0.0006119022145867348
4504,0.043733999133110046,0.000611027586273849
4505,-0.026399999856948853,0.0006099799647927284
4506,0.03359999880194664,0.0006089403759688139
4507,-0.02160000056028366,0.0006079361774027348
4508,0.03866700083017349,0.0006068370421417058
4509,0.008533000014722347,0.0006059064762666821
4510,0.04853399842977524,0.0006048476789146662
4511,0.01360000018030405,0.0006038600113242865
4512,0.05866700038313866,0.0006028006318956614
4513,0.01360000018030405,0.000601501960773021
4514,0.04853399842977524,0.0006002791924402118
4515,-0.0013330000219866633,0.0005992474034428596
4516,0.03866700083017349,0.0005982954753562808
4517,-0.02160000056028366,0.0005973283550702035
4518,0.028534000739455223,0.000596244353801012
4519,0.008533000014722347,0.0005951254279352725
4520,0.06373400241136551,0.0005942202406004071
4521,0.01360000018030405,0.0005934918881393969
4522,0.043733999133110046,0.0005928593454882503
4523,0.003467000089585781,0.0005922671989537776
4524,0.028534000739455223,0.0005917687667533755
4525,-0.011466999538242817,0.0005910707404837012
4526,0.043733999133110046,0.0005905167199671268
4527,-0.006399999838322401,0.0005900256801396608
4528,0.05360100045800209,0.0005895360372960567
4529,0.01866699941456318,0.000589118804782629
4530,0.04853399842977524,0.0005886562867090106
4531,0.03866700083017349,0.0005879112286493182
4532,0.05866700038313866,0.0005873705958947539
4533,-0.026399999856948853,0.0005869152955710888
4534,0.03866700083017349,0.000586510868743062
4535,0.008533000014722347,0.0005859382217749953
4536,0.04853399842977524,0.0005855244235135615
4537,-0.026399999856948853,0.0005853043985553086
4538,0.07360100001096725,0.0005848610890097916
4539,0.008533000014722347,0.0005842883256264031
4540,0.02346700057387352,0.0005838954821228981
4541,-0.02160000056028366,0.0005832179449498653
4542,0.01866699941456318,0.0005826352280564606
4543,0.003467000089585781,0.0005820382502861321
4544,0.04853399842977524,0.0005815261974930763
4545,-0.006399999838322401,0.0005809767753817141
4546,0.028534000739455223,0.0005803490639664233
4547,0.02346700057387352,0.000579516519792378
4548,0.04853399842977524,0.0005786973633803427
4549,0.01866699941456318,0.0005779634229838848
4550,0.043733999133110046,0.0005773893790319562
4551,-0.011466999538242817,0.0005768879200331867
4552,0.008533000014722347,0.0005767452530562878
4553,0.01360000018030405,0.0005762038053944707
4554,0.04853399842977524,0.0005758036859333515
4555,-0.0013330000219866633,0.0005752707365900278
4556,0.04853399842977524,0.0005748390103690326
4557,-0.011466999538242817,0.0005745256203226745
4558,0.05360100045800209,0.00057428446598351
4559,-0.03653400018811226,0.0005737219471484423
4560,0.028534000739455223,0.0005731539567932487
4561,0.003467000089585781,0.0005723767098970711
4562,0.06373400241136551,0.0005718921311199665
4563,0.02346700057387352,0.0005714179715141654
4564,0.043733999133110046,0.0005712109850719571
4565,-0.0013330000219866633,0.0005708806565962732
4566,0.028534000739455223,0.00057069375179708
4567,0.003467000089585781,0.0005705105140805244
4568,0.03866700083017349,0.0005705486400984228
4569,0.02346700057387352,0.0005707190721295774
4570,0.06373400241136551,0.0005712355487048626
4571,-0.07146800309419632,0.0005721199559047818
4572,0.02346700057387352,0.0005720780463889241
4573,0.003467000089585781,0.0005718593019992113
4574,0.07360100001096725,0.0005718035972677171
4575,-0.006399999838322401,0.0005718305474147201
4576,0.04853399842977524,0.0005718508036807179
4577,-0.0013330000219866633,0.0005716978339478374
4578,0.0685340017080307,0.0005719229811802506
4579,-0.0013330000219866633,0.0005718226311728358
4580,0.07360100001096725,0.000571807730011642
4581,0.01360000018030405,0.000571645621675998
4582,0.05360100045800209,0.0005714893341064453
4583,0.003467000089585781,0.0005712227430194616
4584,0.03866700083017349,0.0005710322293452919
4585,0.02346700057387352,0.0005708408425562084
4586,0.05360100045800209,0.0005707702948711812
4587,-0.02160000056028366,0.0005706035881303251
4588,0.02346700057387352,0.0005704992217943072
4589,0.008533000014722347,0.0005702340276911855
4590,0.04853399842977524,0.0005703936913050711
4591,-0.0013330000219866633,0.0005703935166820884
4592,0.028534000739455223,0.0005704862996935844
4593,-0.02160000056028366,0.0005703688366338611
4594,0.03866700083017349,0.0005705142393708229
4595,0.02346700057387352,0.0005704168579541147
4596,0.04853399842977524,0.0005707972450181842
4597,-0.011466999538242817,0.0005709921242669225
4598,0.07866799831390381,0.0005715020233765244
4599,0.01360000018030405,0.000571585027500987
4600,0.05866700038313866,0.000571663083974272
4601,0.028534000739455223,0.0005713992286473513
4602,0.03866700083017349,0.0005714737344533205
4603,0.003467000089585781,0.0005714113358408213
4604,0.03866700083017349,0.0005717695457860827
4605,-0.0013330000219866633,0.0005720511544495821
4606,0.043733999133110046,0.000572477001696825
4607,-0.011466999538242817,0.000572934455703944
4608,0.03866700083017349,0.0005732965655624866
4609,-0.0013330000219866633,0.0005735213635489345
4610,0.043733999133110046,0.0005739469779655337
4611,-0.02160000056028366,0.0005741840577684343
4612,0.028534000739455223,0.0005744180525653064
4613,-0.0013330000219866633,0.0005744213704019785
4614,0.05360100045800209,0.0005747403483837843
4615,0.028534000739455223,0.000574760721065104
4616,0.04853399842977524,0.0005750803975388408
4617,0.003467000089585781,0.000575122598093003
4618,0.05360100045800209,0.0005751823773607612
4619,0.01360000018030405,0.0005751253920607269
4620,0.043733999133110046,0.0005750948912464082
4621,0.003467000089585781,0.0005749140400439501
4622,0.04853399842977524,0.0005751085700467229
4623,-0.0013330000219866633,0.0005751781864091754
4624,0.08880099654197693,0.0005756599130108953
4625,-0.016534000635147095,0.0005757617182098329
4626,0.07360100001096725,0.0005760971107520163
4627,-0.0013330000219866633,0.0005762637592852116
4628,0.008533000014722347,0.0005765053210780025
4629,-0.0013330000219866633,0.000577011494897306
4630,0.04853399842977524,0.0005775982863269746
4631,-0.011466999538242817,0.000578248524107039
4632,0.06373400241136551,0.0005791110452264547
4633,0.05360100045800209,0.0005795254255644977
4634,0.05360100045800209,0.0005798997590318322
4635,0.028534000739455223,0.0005802158266305923
4636,0.043733999133110046,0.0005806712433695793
4637,0.008533000014722347,0.0005810195580124855
4638,0.05360100045800209,0.0005815754411742091
4639,-0.011466999538242817,0.0005818321369588375
4640,0.043733999133110046,0.0005822844104841352
4641,-0.011466999538242817,0.0005825154948979616
4642,0.028534000739455223,0.0005829299334436655
4643,0.003467000089585781,0.0005835582851432264
4644,0.02346700057387352,0.0005843201652169228
4645,-0.02160000056028366,0.0005849661538377404
4646,0.03359999880194664,0.0005857314681634307
4647,-0.026399999856948853,0.0005865796119906008
4648,0.01360000018030405,0.000587226590141654
4649,0.003467000089585781,0.000588015653192997
4650,0.03359999880194664,0.0005891506443731487
4651,-0.02160000056028366,0.0005902121774852276
4652,0.04853399842977524,0.0005912043852731586
4653,0.003467000089585781,0.0005923838471062481
4654,0.01360000018030405,0.0005936300149187446
4655,-0.011466999538242817,0.000594610464759171
4656,0.03866700083017349,0.0005954389926046133
4657,0.01360000018030405,0.0005962951108813286
4658,0.01360000018030405,0.000597223115619272
4659,0.01866699941456318,0.000598082784563303
4660,0.0685340017080307,0.000599180581048131
4661,0.01866699941456318,0.0006001382716931403
4662,0.028534000739455223,0.0006011765217408538
4663,-0.016534000635147095,0.0006023103487677872
4664,0.05360100045800209,0.0006036787526682019
4665,-0.011466999538242817,0.0006049780640751123
4666,0.01866699941456318,0.0006062120082788169
4667,-0.011466999538242817,0.0006074245320633054
4668,0.043733999133110046,0.0006086733774282038
4669,-0.006399999838322401,0.0006099594756960869
4670,0.04853399842977524,0.0006112661794759333
4671,-0.026399999856948853,0.0006126869702711701
4672,0.028534000739455223,0.0006140253972262144
4673,0.003467000089585781,0.0006152801215648651
4674,0.01866699941456318,0.00061686901608482
4675,-0.026399999856948853,0.0006185758975334466
4676,0.008533000014722347,0.0006201858632266521
4677,0.01360000018030405,0.000621771439909935
4678,0.008533000014722347,0.0006237238412722945
4679,-0.04666699841618538,0.0006255836342461407
4680,0.003467000089585781,0.000626611290499568
4681,-0.011466999538242817,0.0006275014602579176
4682,0.03359999880194664,0.0006282672984525561
4683,-0.006399999838322401,0.0006289220764301717
4684,0.02346700057387352,0.0006296801147982478
4685,0.01866699941456318,0.0006304032867774367
4686,0.02346700057387352,0.0006310511380434036
4687,-0.0013330000219866633,0.0006314661004580557
4688,0.043733999133110046,0.0006319707026705146
4689,-0.0013330000219866633,0.0006326448637992144
4690,0.01360000018030405,0.0006332716438919306
4691,-0.006399999838322401,0.0006335750804282725
4692,0.01360000018030405,0.0006343016866594553
4693,-0.02160000056028366,0.0006351014599204063
4694,0.028534000739455223,0.000635762931779027
4695,-0.0013330000219866633,0.0006365163717418909
4696,0.02346700057387352,0.00063732685521245
4697,-0.006399999838322401,0.0006380996201187372
4698,0.03866700083017349,0.0006386595778167248
4699,-0.0013330000219866633,0.0006394076626747847
4700,0.05360100045800209,0.0006400932325050235
4701,0.003467000089585781,0.0006407302571460605
4702,0.07866799831390381,0.0006418015691451728
4703,0.028534000739455223,0.0006423298618756235
4704,0.07866799831390381,0.0006434459355659783
4705,0.028534000739455223,0.0006440608412958682
4706,0.05360100045800209,0.0006445763865485787
4707,-0.016534000635147095,0.0006448336644098163
4708,0.05360100045800209,0.0006451583467423916
4709,-0.02160000056028366,0.0006455909460783005
4710,0.03866700083017349,0.0006458559073507786
4711,-0.0013330000219866633,0.0006463994504883885
4712,0.043733999133110046,0.0006469171494245529
4713,0.008533000014722347,0.0006473689572885633
4714,0.003467000089585781,0.0006481088930740952
4715,-0.02160000056028366,0.0006486582569777966
4716,0.028534000739455223,0.0006490062805823982
4717,0.003467000089585781,0.0006494207191281021
4718,0.05360100045800209,0.000649960886221379
4719,-0.026399999856948853,0.0006503121694549918
4720,0.028534000739455223,0.0006504222983494401
4721,-0.02160000056028366,0.000650473521091044
4722,0.03359999880194664,0.0006507643265649676
4723,-0.016534000635147095,0.000651143433060497
4724,0.01360000018030405,0.0006513904663734138
4725,0.02346700057387352,0.0006516616558656096
4726,0.028534000739455223,0.0006519019952975214
4727,0.003467000089585781,0.0006520291208289564
4728,0.01360000018030405,0.0006525985663756728
4729,-0.0013330000219866633,0.0006534587009809911
4730,0.043733999133110046,0.0006542443297803402
4731,-0.03653400018811226,0.0006552489358000457
4732,0.03866700083017349,0.0006560004549100995
4733,-0.02160000056028366,0.0006568542448803782
4734,0.05360100045800209,0.0006576915038749576
4735,-0.016534000635147095,0.0006587745156139135
4736,0.05360100045800209,0.0006598379695788026
4737,-0.011466999538242817,0.0006610696436837316
4738,0.003467000089585781,0.0006621928769163787
4739,-0.04666699841618538,0.0006634406745433807
4740,0.0685340017080307,0.0006638214690610766
4741,-0.006399999838322401,0.0006644130335189402
4742,0.05360100045800209,0.0006651305593550205
4743,0.01866699941456318,0.0007009506807662547
4744,0.06373400241136551,0.0008220082381740212
4745,-0.0013330000219866633,0.0009400616399943829
4746,0.04853399842977524,0.0010142812971025705
4747,0.008533000014722347,0.0010566281853243709
4748,0.05360100045800209,0.001090560108423233
4749,-0.02160000056028366,0.001112380065023899
4750,0.01866699941456318,0.0011301713529974222
4751,0.028534000739455223,0.0011469615856185555
4752,0.03866700083017349,0.0011603188468143344
4753,-0.011466999538242817,0.0011737982276827097
4754,0.05360100045800209,0.00118347501847893
4755,0.003467000089585781,0.001192879630252719
4756,0.03359999880194664,0.0012009661877527833
4757,-0.0013330000219866633,0.001207465073093772
4758,0.04853399842977524,0.00121307501103729
4759,-0.02160000056028366,0.0012170072877779603
4760,0.03866700083017349,0.0012194402515888214
4761,-0.031466998159885406,0.0012212373549118638
4762,0.05360100045800209,0.0012222032528370619
4763,0.01360000018030405,0.0012236982583999634
4764,0.04853399842977524,0.0012252513552084565
4765,0.003467000089585781,0.001226487453095615
4766,0.03866700083017349,0.0012285655830055475
4767,0.003467000089585781,0.001230702269822359
4768,0.03866700083017349,0.001233540941029787
4769,0.01360000018030405,0.0012372150085866451
4770,0.04853399842977524,0.0012406744062900543
4771,0.01360000018030405,0.0012448467314243317
4772,0.03359999880194664,0.0012476176489144564
4773,-0.026399999856948853,0.0012503797188401222
4774,0.01360000018030405,0.0012529939413070679
4775,-0.02160000056028366,0.0012545982608571649
4776,0.01360000018030405,0.0012559404131025076
4777,-0.016534000635147095,0.0012566762743517756
4778,0.02346700057387352,0.0012573862913995981
4779,0.003467000089585781,0.0012579297181218863
4780,0.05866700038313866,0.0012590100523084402
4781,0.01360000018030405,0.0012605530209839344
4782,0.06373400241136551,0.0012614973820745945
4783,-0.011466999538242817,0.001262530218809843
4784,0.028534000739455223,0.0012625455856323242
4785,-0.02160000056028366,0.001262806705199182
4786,0.003467000089585781,0.0012634306913241744
4787,-0.02160000056028366,0.0012639551423490047
4788,0.02346700057387352,0.001263797516003251
4789,-0.006399999838322401,0.001263512996956706
4790,0.028534000739455223,0.0012629989068955183
4791,0.003467000089585781,0.0012624587398022413
4792,0.04853399842977524,0.0012616639724001288
4793,0.02346700057387352,0.0012606988893821836
4794,0.028534000739455223,0.001259997603483498
4795,-0.011466999538242817,0.0012591679114848375
4796,0.01360000018030405,0.0012585341464728117
4797,-0.02160000056028366,0.0012579511385411024
4798,0.03866700083017349,0.0012578078312799335
4799,-0.0013330000219866633,0.0012574250577017665
4800,0.01360000018030405,0.0012570478720590472
4801,0.03359999880194664,0.0012564619537442923
4802,0.05866700038313866,0.0012559257447719574
4803,0.01360000018030405,0.0012556363362818956
4804,0.03866700083017349,0.0012550775427371264
4805,-0.0013330000219866633,0.0012548307422548532
4806,0.06373400241136551,0.0012542735785245895
4807,-0.026399999856948853,0.0012540220050141215
4808,0.05360100045800209,0.0012538821902126074
4809,0.003467000089585781,0.0012543338816612959
4810,0.01360000018030405,0.0012556067667901516
4811,0.01866699941456318,0.0012571691768243909
4812,0.028534000739455223,0.0012593844439834356
4813,0.01360000018030405,0.0012624987866729498
4814,0.03866700083017349,0.0012652379227802157
4815,-0.011466999538242817,0.0012679880019277334
4816,0.04853399842977524,0.0012705555418506265
4817,-0.011466999538242817,0.001273349509574473
4818,0.05360100045800209,0.0012772143818438053
4819,-0.026399999856948853,0.001283156918361783
4820,0.04853399842977524,0.0012905047042295337
4821,0.003467000089585781,0.0012991026742383838
4822,0.04853399842977524,0.0013103368692100048
4823,0.03866700083017349,0.00132819137070328
4824,0.04853399842977524,0.0013579369988292456
4825,-0.011466999538242817,0.0014022199902683496
4826,0.0685340017080307,0.0014601354487240314
4827,-0.02160000056028366,0.0015280786901712418
4828,0.04853399842977524,0.0016081139910966158
4829,-0.006399999838322401,0.0017008974682539701
4830,0.03866700083017349,0.0017986955353990197
4831,0.01360000018030405,0.001897284178994596
4832,0.043733999133110046,0.0019990180153399706
4833,0.03866700083017349,0.0021030278876423836
4834,0.07360100001096725,0.002195171546190977
4835,0.02346700057387352,0.00227797357365489
4836,0.04853399842977524,0.0023537513334304094
4837,-0.006399999838322401,0.0024249134585261345
4838,0.05360100045800209,0.0024938464630395174
4839,-0.0013330000219866633,0.002562182256951928
4840,0.06373400241136551,0.0026301839388906956
4841,-0.011466999538242817,0.00269315205514431
4842,0.07360100001096725,0.002752213040366769
4843,0.02346700057387352,0.002808939665555954
4844,0.05866700038313866,0.0028644362464547157
4845,-0.02160000056028366,0.002918324898928404
4846,0.04853399842977524,0.002968861721456051
4847,-0.006399999838322401,0.003017954993993044
4848,0.04853399842977524,0.00306638702750206
4849,-0.011466999538242817,0.0031149727292358875
4850,0.02346700057387352,0.003163637826219201
4851,-0.031466998159885406,0.00321254157461226
4852,0.03866700083017349,0.0032610821072012186
4853,0.02346700057387352,0.003308224957436323
4854,0.05866700038313866,0.003353085368871689
4855,-0.006399999838322401,0.00339614599943161
4856,0.03866700083017349,0.0034371772781014442
4857,-0.026399999856948853,0.0034763552248477936
4858,0.01866699941456318,0.0035139480605721474
4859,0.008533000014722347,0.0035504454281181097
4860,0.03866700083017349,0.003586010541766882
4861,0.028534000739455223,0.003620695788413286
4862,0.05360100045800209,0.0036542939487844706
4863,0.008533000014722347,0.0036873784847557545
4864,0.01866699941456318,0.0037199421785771847
4865,0.02346700057387352,0.003752323566004634
4866,0.043733999133110046,0.003784637898206711
4867,-0.02160000056028366,0.0038172975182533264
4868,0.02346700057387352,0.0038507580757141113
4869,-0.011466999538242817,0.003885135753080249
4870,0.008533000014722347,0.003920628689229488
4871,-0.016534000635147095,0.0039574261754751205
4872,0.028534000739455223,0.003995809704065323
4873,0.003467000089585781,0.0040359413251280785
4874,0.04853399842977524,0.004078294150531292
4875,-0.006399999838322401,0.004122843965888023
4876,0.03866700083017349,0.0041696857661008835
4877,0.003467000089585781,0.004217822104692459
4878,0.05360100045800209,0.004265191964805126
4879,-0.006399999838322401,0.004311446100473404
4880,0.003467000089585781,0.0043563758954405785
4881,-0.0013330000219866633,0.004400740377604961
4882,0.02346700057387352,0.004443729761987925
4883,0.01360000018030405,0.004485491197556257
4884,0.04853399842977524,0.004525942727923393
4885,0.02346700057387352,0.00456424942240119
4886,0.04853399842977524,0.004600054118782282
4887,-0.016534000635147095,0.004634139593690634
4888,0.028534000739455223,0.004666890017688274
4889,-0.0013330000219866633,0.00469890795648098
4890,0.02346700057387352,0.00473056873306632
4891,0.02346700057387352,0.00476179551333189
4892,0.05360100045800209,0.004793254658579826
4893,-0.006399999838322401,0.00482525210827589
4894,0.01360000018030405,0.0048579685389995575
4895,-0.016534000635147095,0.004891681484878063
4896,0.03866700083017349,0.004925057291984558
4897,0.01360000018030405,0.004957439377903938
4898,0.03866700083017349,0.004988843109458685
4899,0.008533000014722347,0.005019371397793293
4900,0.04853399842977524,0.005049335770308971
4901,-0.026399999856948853,0.005078783258795738
4902,0.03866700083017349,0.005108180455863476
4903,-0.02160000056028366,0.005137479864060879
4904,0.02346700057387352,0.005167090333998203
4905,-0.016534000635147095,0.005196656100451946
4906,0.05360100045800209,0.005226198583841324
4907,-0.011466999538242817,0.005256053060293198
4908,0.08880099654197693,0.005286598112434149
4909,0.01360000018030405,0.005317365750670433
4910,0.03866700083017349,0.0053479489870369434
4911,0.02346700057387352,0.005378234200179577
4912,0.043733999133110046,0.005408403929322958
4913,-0.02160000056028366,0.005437561310827732
4914,0.01866699941456318,0.005464950576424599
4915,0.02346700057387352,0.005490874405950308
4916,0.03359999880194664,0.005515063181519508
4917,0.003467000089585781,0.005538102239370346
4918,0.02346700057387352,0.005559878423810005
4919,0.003467000089585781,0.005580529570579529
4920,0.003467000089585781,0.00560023495927453
4921,-0.011466999538242817,0.005619228817522526
4922,0.043733999133110046,0.005637605208903551
4923,-0.0013330000219866633,0.005655469838529825
4924,0.03866700083017349,0.005673019215464592
4925,0.02346700057387352,0.005690387450158596
4926,0.03866700083017349,0.005707038566470146
4927,-0.006399999838322401,0.005722780711948872
4928,0.02346700057387352,0.005738073959946632
4929,-0.0013330000219866633,0.005752936005592346
4930,0.06373400241136551,0.005767099559307098
4931,-0.016534000635147095,0.005780807696282864
4932,0.028534000739455223,0.005794515833258629
4933,-0.016534000635147095,0.005808223970234394
4934,0.04853399842977524,0.005821721162647009
4935,-0.0013330000219866633,0.0058353659696877
4936,0.028534000739455223,0.005850120913237333
4937,-0.016534000635147095,0.005865434184670448
4938,0.04853399842977524,0.00588149344548583
4939,0.003467000089585781,0.005898294039070606
4940,0.05866700038313866,0.005915835499763489
4941,-0.011466999538242817,0.005934171378612518
4942,0.04853399842977524,0.00595282344147563
4943,0.02346700057387352,0.005971922539174557
4944,0.07866799831390381,0.005991324782371521
4945,-0.016534000635147095,0.006010801065713167
4946,0.03359999880194664,0.006030495744198561
4947,0.01360000018030405,0.006049351301044226
4948,0.05360100045800209,0.0060666827484965324
4949,0.02346700057387352,0.006082425359636545
4950,0.03866700083017349,0.0060970839112997055
4951,-0.0013330000219866633,0.006110318936407566
4952,0.03866700083017349,0.006122551392763853
4953,-0.006399999838322401,0.006133911199867725
4954,0.06373400241136551,0.006144767161458731
4955,-0.02160000056028366,0.006154544651508331
4956,0.03866700083017349,0.0061637903563678265
4957,-0.04160099849104881,0.006172345485538244
4958,0.028534000739455223,0.006180060561746359
4959,-0.016534000635147095,0.006187697872519493
4960,0.02346700057387352,0.00619474658742547
4961,-0.016534000635147095,0.006202023476362228
4962,0.02346700057387352,0.006209059618413448
4963,0.008533000014722347,0.006215464789420366
4964,0.02346700057387352,0.006221350748091936
4965,-0.011466999538242817,0.006226689554750919
4966,0.05360100045800209,0.00623183511197567
4967,-0.026399999856948853,0.006236616056412458
4968,0.0685340017080307,0.0062412540428340435
4969,0.01360000018030405,0.0062456815503537655
4970,0.043733999133110046,0.006249646190553904
4971,-0.011466999538242817,0.006253418046981096
4972,0.03866700083017349,0.006257666740566492
4973,-0.0013330000219866633,0.006261907052248716
4974,0.01360000018030405,0.006266371812671423
4975,-0.02160000056028366,0.006271069869399071
4976,0.01360000018030405,0.006275929510593414
4977,-0.011466999538242817,0.006280688103288412
4978,0.04853399842977524,0.006285133771598339
4979,0.02346700057387352,0.006289421580731869
4980,0.06373400241136551,0.006293681915849447
4981,-0.026399999856948853,0.006297647953033447
4982,-0.006399999838322401,0.006301405839622021
4983,-0.011466999538242817,0.006305122748017311
4984,0.03866700083017349,0.006308350246399641
4985,-0.0013330000219866633,0.006311002653092146
4986,0.03866700083017349,0.006313455756753683
4987,-0.04666699841618538,0.006315165665000677
4988,0.008533000014722347,0.00631649000570178
4989,0.02346700057387352,0.00631749490275979
4990,0.02346700057387352,0.006318104453384876
4991,-0.011466999538242817,0.0063183121383190155
4992,0.05360100045800209,0.006318070460110903
4993,0.003467000089585781,0.0063174101524055
4994,0.0685340017080307,0.006316709332168102
4995,-0.0013330000219866633,0.00631572213023901
4996,0.05360100045800209,0.00631517032161355
4997,0.06373400241136551,0.006314423866569996
4998,0.3890720009803772,0.006313590332865715
4999,0.6397410035133362,0.006277768407016993
5000,0.865077018737793,0.006157072260975838
5001,1.0053459405899048,0.0060393353924155235
5002,1.1805479526519775,0.005965217016637325
5003,1.2005480527877808,0.00592308584600687
5004,1.2808159589767456,0.005889337044209242
5005,1.3557499647140503,0.005868133157491684
5006,1.5661530494689941,0.005850999616086483
5007,1.6312199831008911,0.005835085175931454
5008,1.7464220523834229,0.005822418723255396
5009,1.7664220333099365,0.00580918975174427
5010,1.8216229677200317,0.005799606442451477
5011,1.801622986793518,0.005790326744318008
5012,1.8066890239715576,0.005782645661383867
5013,1.8066890239715576,0.005776492413133383
5014,1.8314900398254395,0.005771361291408539
5015,1.8066890239715576,0.005767901428043842
5016,1.8216229677200317,0.005765960551798344
5017,1.781622052192688,0.005764688365161419
5018,1.8266890048980713,0.005764370318502188
5019,1.7914890050888062,0.005763490218669176
5020,1.8266890048980713,0.005762733519077301
5021,1.801622986793518,0.005762176588177681
5022,1.8266890048980713,0.005760855972766876
5023,1.8266890048980713,0.005759355612099171
5024,1.846690058708191,0.005757234990596771
5025,1.8066890239715576,0.005754328332841396
5026,1.8616230487823486,0.005751618184149265
5027,1.8066890239715576,0.005748041905462742
5028,1.8968240022659302,0.005745861679315567
5029,1.8314900398254395,0.005743800662457943
5030,1.8968240022659302,0.005742033943533897
5031,1.856557011604309,0.005741317290812731
5032,1.906690001487732,0.005740826483815908
5033,1.8717570304870605,0.005740903317928314
5034,1.8765569925308228,0.00574111845344305
5035,1.8266890048980713,0.005741571541875601
5036,1.911756992340088,0.005741517525166273
5037,1.8216229677200317,0.005741302855312824
5038,1.8717570304870605,0.005741954781115055
5039,1.8114889860153198,0.005742921493947506
5040,1.8666900396347046,0.005745013244450092
5041,1.8314900398254395,0.005746973678469658
5042,1.8816239833831787,0.005748997442424297
5043,1.7864220142364502,0.005751303397119045
5044,1.8216229677200317,0.005754249170422554
5045,1.801622986793518,0.005757604259997606
5046,1.846690058708191,0.005761855747550726
5047,1.7914890050888062,0.005766850896179676
5048,1.851755976676941,0.005772891454398632
5049,1.8314900398254395,0.005780231207609177
5050,1.8216229677200317,0.005788837559521198
5051,1.8165559768676758,0.00579896941781044
5052,1.851755976676941,0.005809089168906212
5053,1.7914890050888062,0.005818964913487434
5054,1.8314900398254395,0.005828442983329296
5055,1.8066890239715576,0.005838300101459026
5056,1.8365559577941895,0.0058484869077801704
5057,1.801622986793518,0.005859605967998505
5058,1.8314900398254395,0.005870889872312546
5059,1.7914890050888062,0.00588166294619441
5060,1.8216229677200317,0.005891988053917885
5061,1.801622986793518,0.005901196040213108
5062,1.8216229677200317,0.005909553728997707
5063,1.781622052192688,0.005916666239500046
5064,1.8066890239715576,0.005922759883105755
5065,1.7914890050888062,0.005927889607846737
5066,1.8314900398254395,0.005931707564741373
5067,1.7714890241622925,0.005934830754995346
5068,1.796555995941162,0.0059369392693042755
5069,1.5962870121002197,0.005938254296779633
5070,0.6445410251617432,0.005940745584666729
5071,-0.02160000056028366,0.005943474359810352
5072,-0.14160199463367462,0.0059463512152433395
5073,-0.5122730135917664,0.005948958918452263
5074,-0.6626750230789185,0.005950390826910734
5075,-0.7978770136833191,0.005949852522462606
5076,-0.8829439878463745,0.005947757046669722
5077,-1.183480978012085,0.005944518372416496
5078,-1.569085955619812,0.005938599817454815
5079,-1.7845560312271118,0.005926326848566532
5080,-1.8296229839324951,0.005902023054659367
5081,-1.9197570085525513,0.005862971767783165
5082,-1.8546899557113647,0.00580994226038456
5083,-1.9045569896697998,0.005746643990278244
5084,-1.8445559740066528,0.005671993363648653
5085,-1.9296239614486694,0.005584596190601587
5086,-1.8794900178909302,0.005491896066814661
5087,-1.8845570087432861,0.005398469977080822
5088,-1.8445559740066528,0.005301818251609802
5089,-1.8496229648590088,0.005203007720410824
5090,-1.8546899557113647,0.005115879699587822
5091,-1.8546899557113647,0.005038293544203043
5092,-1.8546899557113647,0.004967811517417431
5093,-1.9146909713745117,0.004902067128568888
5094,-1.8794900178909302,0.004838577471673489
5095,-1.8997570276260376,0.004775329492986202
5096,-1.889623999595642,0.004712240770459175
5097,-1.9546910524368286,0.004654158838093281
5098,-1.9045569896697998,0.004599648993462324
5099,-1.944823980331421,0.004547686316072941
5100,-1.874690055847168,0.004496582318097353
5101,-0.9629449844360352,0.004446479491889477
5102,-0.09173399955034256,0.004399181343615055
5103,-0.031466998159885406,0.004353242926299572
5104,0.33920401334762573,0.004307989962399006
5105,0.549340009689331,0.00426285807043314
5106,0.6696079969406128,0.004217375535517931
5107,0.7298759818077087,0.004171749576926231
5108,1.0752129554748535,0.004126424435526133
5109,1.4410849809646606,0.004082830622792244
5110,1.696287989616394,0.004041565116494894
5111,1.7565549612045288,0.0040024034678936005
5112,1.8666900396347046,0.0039654443971812725
5113,1.801622986793518,0.003930477891117334
5114,1.7914890050888062,0.0038970252498984337
5115,1.7616219520568848,0.003864726983010769
5116,1.8114889860153198,0.0038330894894897938
5117,1.7565549612045288,0.003802336286753416
5118,1.7864220142364502,0.003772636642679572
5119,1.7213549613952637,0.003743360750377178
5120,1.7464220523834229,0.003714726772159338
5121,1.7162879705429077,0.003686279058456421
5122,1.7864220142364502,0.0036578159779310226
5123,1.7514890432357788,0.003629023674875498
5124,1.8365559577941895,0.0035995778162032366
5125,1.781622052192688,0.003569211345165968
5126,1.8266890048980713,0.003537398297339678
5127,1.7914890050888062,0.003504272550344467
5128,1.8365559577941895,0.0034689889289438725
5129,1.801622986793518,0.003431022400036454
5130,1.8666900396347046,0.0033900998532772064
5131,1.8165559768676758,0.0033462736755609512
5132,1.2205489873886108,0.003299674252048135
5133,0.1938689947128296,0.0032514119520783424
5134,0.043733999133110046,0.003203362226486206
5135,-0.2920039892196655,0.0031561346258968115
5136,-0.5624070167541504,0.0031098220497369766
5137,-0.7125419974327087,0.003064254065975547
5138,-0.7576090097427368,0.0030199475586414337
5139,-1.0232130289077759,0.0029768883250653744
5140,-1.3688169717788696,0.0029351473785936832
5141,-1.7642890214920044,0.0028954269364476204
5142,-1.7794890403747559,0.002858482301235199
5143,-1.9045569896697998,0.002823097165673971
5144,-1.8997570276260376,0.0027888882905244827
5145,-1.9146909713745117,0.0027553346008062363
5146,-1.874690055847168,0.0027220267802476883
5147,-1.8997570276260376,0.0026893257163465023
5148,-1.8546899557113647,0.0026560763362795115
5149,-1.8696229457855225,0.0026224064640700817
5150,-1.8496229648590088,0.002588020171970129
5151,-1.8144229650497437,0.002552754944190383
5152,-1.7944220304489136,0.002517703454941511
5153,-1.8344229459762573,0.00248362822458148
5154,-1.8546899557113647,0.002450579544529319
5155,-1.9397579431533813,0.00241820584051311
5156,-1.8997570276260376,0.002386391395702958
5157,-1.9397579431533813,0.0023549620527774096
5158,-1.8997570276260376,0.002323589287698269
5159,-1.9546910524368286,0.002292345743626356
5160,-1.9346909523010254,0.0022609704174101353
5161,-1.9797580242156982,0.002229499164968729
5162,-1.949623942375183,0.0021980288438498974
5163,-1.9797580242156982,0.0021662756334990263
5164,-1.9746910333633423,0.002133758272975683
5165,-2.009891986846924,0.0021006418392062187
5166,-1.9546910524368286,0.002067600842565298
5167,-1.9946919679641724,0.0020350590348243713
5168,-1.9648250341415405,0.002002839930355549
5169,-2.009891986846924,0.0019715316593647003
5170,-1.9296239614486694,0.0019419187447056174
5171,-1.9898920059204102,0.0019138746429234743
5172,-1.9397579431533813,0.001887391903437674
5173,-1.9898920059204102,0.0018621706403791904
5174,-1.9397579431533813,0.0018381205154582858
5175,-1.9698909521102905,0.0018150981049984694
5176,-1.8997570276260376,0.0017929410096257925
5177,-1.9546910524368286,0.0017714676214382052
5178,-1.9346909523010254,0.0017505649011582136
5179,-1.9546910524368286,0.0017300613690167665
5180,-1.9045569896697998,0.00170990196056664
5181,-1.9045569896697998,0.001689829514361918
5182,-1.8946900367736816,0.0016705631278455257
5183,-1.9397579431533813,0.0016520856879651546
5184,-1.8645570278167725,0.0016342540038749576
5185,-1.9245569705963135,0.001616942579858005
5186,-1.9096239805221558,0.0016001415206119418
5187,-1.9346909523010254,0.0015835847007110715
5188,-1.874690055847168,0.0015672213630750775
5189,-1.9146909713745117,0.001550862449221313
5190,-1.8344229459762573,0.0015343301929533482
5191,-1.9045569896697998,0.0015177573077380657
5192,-1.8696229457855225,0.001501033315435052
5193,-1.9197570085525513,0.0014842419186607003
5194,-1.6792210340499878,0.001467098598368466
5195,-0.637607991695404,0.0014495140640065074
5196,-0.05653399974107742,0.0014312244020402431
5197,0.0685340017080307,0.001412062905728817
5198,0.46427199244499207,0.0013928463449701667
5199,0.6146739721298218,0.0013735429383814335
5200,0.7248089909553528,0.0013540089130401611
5201,0.8149440288543701,0.0013342484598979354
5202,1.1954820156097412,0.0013143622782081366
5203,1.541085958480835,0.0012956506107002497
5204,1.7365549802780151,0.0012782990233972669
5205,1.781622052192688,0.0012624249793589115
5206,1.856557011604309,0.0012478453572839499
5207,1.7914890050888062,0.0012345141731202602
5208,1.796555995941162,0.0012221860233694315
5209,1.7714890241622925,0.001210764516144991
5210,1.8216229677200317,0.001200038124807179
5211,1.781622052192688,0.0011901766993105412
5212,1.7664220333099365,0.0011810391442850232
5213,1.7314879894256592,0.0011726240627467632
5214,1.796555995941162,0.0011646009515970945
5215,1.7314879894256592,0.0011570360511541367
5216,1.8066890239715576,0.0011498259846121073
5217,1.7664220333099365,0.001142709981650114
5218,1.8314900398254395,0.0011359377531334758
5219,1.781622052192688,0.0011298453900963068
5220,1.846690058708191,0.0011242333566769958
5221,1.8114889860153198,0.0011190837249159813
5222,1.8365559577941895,0.0011144130257889628
5223,1.8066890239715576,0.0011096586240455508
5224,1.8717570304870605,0.0011047786101698875
5225,1.781622052192688,0.0010998020879924297
5226,0.9301450252532959,0.0010948565322905779
5227,0.1338679939508438,0.001090007135644555
5228,-0.04160099849104881,0.0010847460944205523
5229,-0.37707099318504333,0.0010791255626827478
5230,-0.6024079918861389,0.0010729855857789516
5231,-0.7477430105209351,0.0010665133595466614
5232,-0.8178769946098328,0.001059926813468337
5233,-1.1533479690551758,0.0010535232722759247
5234,-1.5189520120620728,0.001047383644618094
5235,-1.7944220304489136,0.0010413622949272394
5236,-1.8445559740066528,0.0010355985723435879
5237,-1.9546910524368286,0.0010300001595169306
5238,-1.9045569896697998,0.0010245610028505325
5239,-1.949623942375183,0.00101924454793334
5240,-1.889623999595642,0.0010141241364181042
5241,-1.9397579431533813,0.0010091832373291254
5242,-1.874690055847168,0.0010044523514807224
5243,-1.889623999595642,0.0010002496419474483
5244,-1.8144229650497437,0.000996538670733571
5245,-1.8296229839324951,0.0009932202519848943
5246,-1.8144229650497437,0.000990239903330803
5247,-1.9045569896697998,0.0009874479146674275
5248,-1.8546899557113647,0.0009851466165855527
5249,-1.9197570085525513,0.0009831503266468644
5250,-1.889623999595642,0.000981334364041686
5251,-1.9397579431533813,0.0009797087404876947
5252,-1.8997570276260376,0.0009783841669559479
5253,-1.9546910524368286,0.0009772233897820115
5254,-1.9197570085525513,0.0009762222180142999
5255,-1.9546910524368286,0.000975356437265873
5256,-1.8845570087432861,0.000974507536739111
5257,-1.3336169719696045,0.0009736026404425502
5258,-0.2418700009584427,0.000972866895608604
5259,-0.086667999625206,0.0009720934322103858
5260,0.2040030062198639,0.0009713037288747728
5261,0.4842729866504669,0.0009700743248686194
5262,0.6445410251617432,0.0009687741985544562
5263,0.6546750068664551,0.0009673800086602569
5264,0.9250779747962952,0.0009664609096944332
5265,1.3258830308914185,0.0009658781928010285
5266,1.646420955657959,0.0009652520529925823
5267,1.7314879894256592,0.0009645078098401427
5268,1.8717570304870605,0.0009637465118430555
5269,1.7914890050888062,0.0009629832929931581
5270,1.8314900398254395,0.0009621145436540246
5271,1.7464220523834229,0.0009610719280317426
5272,1.796555995941162,0.0009601501515135169
5273,1.7162879705429077,0.0009593041613698006
5274,1.7365549802780151,0.0009585528168827295
5275,1.6914880275726318,0.0009577650343999267
5276,1.7213549613952637,0.0009571310365572572
5277,1.70135498046875,0.000956579577177763
5278,1.7314879894256592,0.0009557292214594781
5279,1.7514890432357788,0.0009547357331030071
5280,1.8266890048980713,0.0009538634913042188
5281,1.7914890050888062,0.0009529682574793696
5282,1.8114889860153198,0.0009522064356133342
5283,1.781622052192688,0.0009510666131973267
5284,1.8165559768676758,0.0009497255086898804
5285,1.8066890239715576,0.0009484753245487809
5286,1.8314900398254395,0.0009473073296248913
5287,1.8066890239715576,0.0009464099421165884
5288,1.4560179710388184,0.0009455573162995279
5289,0.35413798689842224,0.0009443637682124972
5290,0.04853399842977524,0.0009428025223314762
5291,-0.20693600177764893,0.0009407502366229892
5292,-0.5522739887237549,0.0009383106371387839
5293,-0.7226759791374207,0.0009353496134281158
5294,-0.7928100228309631,0.0009318934171460569
5295,-0.9530789852142334,0.0009278966463170946
5296,-1.2885489463806152,0.0009236626792699099
5297,-1.729354977607727,0.0009193408186547458
5298,-1.7744220495224,0.000914630654733628
5299,-1.9096239805221558,0.0009099030867218971
5300,-1.8794900178909302,0.0009050448425114155
5301,-1.9245569705963135,0.0008998166886158288
5302,-1.8546899557113647,0.0008940702537074685
5303,-1.9096239805221558,0.0008876408683136106
5304,-1.889623999595642,0.0008803191012702882
5305,-1.8794900178909302,0.000871844997163862
5306,-1.8546899557113647,0.0008620053413324058
5307,-1.8794900178909302,0.0008506677113473415
5308,-1.8245559930801392,0.0008390288567170501
5309,-1.8997570276260376,0.0008275557775050402
5310,-1.889623999595642,0.000816168962046504
5311,-1.9346909523010254,0.0008046177681535482
5312,-1.889623999595642,0.0007926449761725962
5313,-1.9096239805221558,0.0007799869636073709
5314,-1.889623999595642,0.0007672705687582493
5315,-1.9397579431533813,0.0007548555731773376
5316,-1.9245569705963135,0.0007431905250996351
5317,-1.9848250150680542,0.000732271873857826
5318,-1.9597580432891846,0.0007224463624879718
5319,-1.9946919679641724,0.0007135656196624041
5320,-1.9648250341415405,0.0007054022862575948
5321,-1.9946919679641724,0.0006976856384426355
5322,-1.9546910524368286,0.0006904398323968053
5323,-2.009891986846924,0.0006836812244728208
5324,-1.9797580242156982,0.0006771747139282525
5325,-2.024825096130371,0.0006704448023810983
5326,-1.9546910524368286,0.0006629334529861808
5327,-2.019758939743042,0.0006553287385031581
5328,-1.9546910524368286,0.000647946959361434
5329,-2.024825096130371,0.0006406741449609399
5330,-1.9946919679641724,0.0006334512145258486
5331,-1.999758005142212,0.0006261519156396389
5332,-1.949623942375183,0.0006187472608871758
5333,-1.949623942375183,0.0006113031413406134
5334,-1.8997570276260376,0.0006038019200786948
5335,-1.9546910524368286,0.0005961784045211971
5336,-1.9045569896697998,0.0005885444697923958
5337,-1.9197570085525513,0.0005809018039144576
5338,-1.874690055847168,0.0005732724675908685
5339,-1.9346909523010254,0.0005656259600073099
5340,-1.9045569896697998,0.0005580331780947745
5341,-1.9546910524368286,0.0005504307337105274
5342,-1.9296239614486694,0.0005428908043541014
5343,-1.9597580432891846,0.0005354090826585889
5344,-1.9045569896697998,0.0005279929027892649
5345,-1.9397579431533813,0.0005206726491451263
5346,-1.889623999595642,0.000513443083036691
5347,-1.889623999595642,0.0005063812714070082
5348,-1.8496229648590088,0.0004995262715965509
5349,-1.8794900178909302,0.0004928515991196036
5350,-1.789355993270874,0.00048640562454238534
5351,-0.8778780102729797,0.00048042048001661897
5352,-0.08160100132226944,0.0004746618214994669
5353,0.003467000089585781,0.0004687914624810219
5354,0.36427098512649536,0.0004633423814084381
5355,0.5994740128517151,0.00045753916492685676
5356,0.6848090291023254,0.0004522231756709516
5357,0.7298759818077087,0.0004476997419260442
5358,1.0402799844741821,0.000443480908870697
5359,1.4509509801864624,0.0004390527028590441
5360,1.70135498046875,0.00043437915155664086
5361,1.7565549612045288,0.0004296771658118814
5362,1.8866900205612183,0.0004249395278748125
5363,1.8114889860153198,0.00042025564471259713
5364,1.856557011604309,0.00041576853254809976
5365,1.7714890241622925,0.0004110060690436512
5366,1.796555995941162,0.000406239356379956
5367,1.7664220333099365,0.00040113384602591395
5368,1.7616219520568848,0.0003961549955420196
5369,1.6914880275726318,0.0003910320228897035
5370,1.7314879894256592,0.0003859147836919874
5371,1.7114880084991455,0.00038141556433402
5372,1.7514890432357788,0.000376837735529989
5373,1.7514890432357788,0.0003724891575984657
5374,1.8314900398254395,0.0003682193346321583
5375,1.801622986793518,0.00036418315721675754
5376,1.846690058708191,0.00036012366763316095
5377,1.846690058708191,0.00035629572812467813
5378,1.8765569925308228,0.00035218941047787666
5379,1.856557011604309,0.00034833955578505993
5380,1.9266910552978516,0.0003450395306572318
5381,1.8917570114135742,0.00034200766822323203
5382,1.9517580270767212,0.0003388563636690378
5383,1.9016239643096924,0.0003359755501151085
5384,1.9368239641189575,0.0003339276590850204
5385,1.8765569925308228,0.00033333789906464517
5386,1.9168239831924438,0.00033295745379291475
5387,1.8616230487823486,0.00033281309879384935
5388,1.911756992340088,0.00033332849852740765
5389,1.8266890048980713,0.00033498345874249935
5390,1.8765569925308228,0.0003377405519131571
5391,1.8416229486465454,0.0003400005807634443
5392,1.8968240022659302,0.0003419897402636707
5393,1.8066890239715576,0.00034413993125781417
5394,1.8816239833831787,0.0003469354414846748
5395,1.801622986793518,0.00035101230605505407
5396,1.8365559577941895,0.0003546969383023679
5397,1.7864220142364502,0.00035758892772719264
5398,1.846690058708191,0.0003600379859562963
5399,1.801622986793518,0.00036299932980909944
5400,1.8416229486465454,0.00036695064045488834
5401,1.8165559768676758,0.0003713693004101515
5402,1.856557011604309,0.00037514735595323145
5403,1.7914890050888062,0.00037858326686546206
5404,1.856557011604309,0.0003827905165962875
5405,1.7765560150146484,0.00038736415444873273
5406,1.851755976676941,0.0003913570544682443
5407,1.7765560150146484,0.0003949080710299313
5408,1.8216229677200317,0.0003985741641372442
5409,1.7914890050888062,0.00040231598541140556
5410,1.8365559577941895,0.00040560337947681546
5411,1.7714890241622925,0.0004085103573743254
5412,1.796555995941162,0.0004115165211260319
5413,1.3909510374069214,0.00041363202035427094
5414,0.36427098512649536,0.0004148776060901582
5415,-0.006399999838322401,0.00041540752863511443
5416,-0.21680299937725067,0.00041576288640499115
5417,-0.58747398853302,0.0004162224940955639
5418,-0.6776080131530762,0.00041644321754574776
5419,-0.8128100037574768,0.000416619295720011
5420,-0.9429450035095215,0.00041713728569447994
5421,-1.3586839437484741,0.00041811756091192365
5422,-1.6842880249023438,0.0004195008077658713
5423,-1.8245559930801392,0.0004210305050946772
5424,-1.9045569896697998,0.00042253691935911775
5425,-1.9597580432891846,0.00042407005093991756
5426,-1.9346909523010254,0.00042555591790005565
5427,-1.9397579431533813,0.00042700659832917154
5428,-1.9245569705963135,0.0004283919115550816
5429,-1.9546910524368286,0.0004297370323911309
5430,-1.8645570278167725,0.000431059772381559
5431,-1.8997570276260376,0.00043238140642642975
5432,-1.8144229650497437,0.00043380275019444525
5433,-1.8394900560379028,0.0004351976385805756
5434,-1.8144229650497437,0.00043655565241351724
5435,-1.9346909523010254,0.000438038696302101
5436,-1.8794900178909302,0.000439475872553885
5437,-1.9096239805221558,0.00044087303103879094
5438,-1.8997570276260376,0.0004422269412316382
5439,-1.9546910524368286,0.0004434907459653914
5440,-1.9346909523010254,0.0004444036167114973
5441,-1.9648250341415405,0.00044558089575730264
5442,-1.9397579431533813,0.0004469933337531984
5443,-1.9746910333633423,0.00044895694009028375
5444,-1.7744220495224,0.00045081725693307817
5445,-0.697609007358551,0.0004522500676102936
5446,-0.086667999625206,0.0004531561862677336
5447,0.02346700057387352,0.0004536970518529415
5448,0.44933900237083435,0.00045387179125100374
5449,0.5994740128517151,0.0004537875938694924
5450,0.6997420191764832,0.00045332114677876234
5451,0.7597429752349854,0.00045241700718179345
5452,1.1405479907989502,0.0004511190054472536
5453,1.5312190055847168,0.0004496194887906313
5454,1.68135404586792,0.0004478959017433226
5455,1.7714890241622925,0.0004459308984223753
5456,1.8416229486465454,0.0004437939787749201
5457,1.781622052192688,0.000441683892859146
5458,1.8216229677200317,0.00043955582077614963
5459,1.7864220142364502,0.0004373827250674367
5460,1.801622986793518,0.000435140507761389
5461,1.7664220333099365,0.00043287017615512013
5462,1.7664220333099365,0.00043062050826847553
5463,1.7162879705429077,0.0004283937159925699
5464,1.7664220333099365,0.0004261362482793629
5465,1.7314879894256592,0.0004238811379764229
5466,1.7714890241622925,0.00042161118471994996
5467,1.7565549612045288,0.0004192822671029717
5468,1.8266890048980713,0.0004169343155808747
5469,1.7413549423217773,0.0004146768478676677
5470,1.781622052192688,0.0004125189734622836
5471,1.7664220333099365,0.00041049878927879035
5472,1.8114889860153198,0.00040873256511986256
5473,1.8114889860153198,0.0004073787131346762
5474,1.8917570114135742,0.00040655102930031717
5475,1.7664220333099365,0.00040588792762719095
5476,0.9301450252532959,0.0004057202022522688
5477,0.10373499989509583,0.00040547773824073374
5478,0.01360000018030405,0.00040485445060767233
5479,-0.38720500469207764,0.00040443980833515525
5480,-0.6125410199165344,0.00040442548925057054
5481,-0.7226759791374207,0.0004044947272632271
5482,-0.7928100228309631,0.00040480640018358827
5483,-1.1384140253067017,0.00040532927960157394
5484,-1.4938850402832031,0.00040554278530180454
5485,-1.729354977607727,0.00040618321509100497
5486,-1.8194890022277832,0.0004064796958118677
5487,-1.9397579431533813,0.0004069917486049235
5488,-1.8594900369644165,0.0004073060117661953
5489,-1.9296239614486694,0.0004074200987815857
5490,-1.8496229648590088,0.0004077476914972067
5491,-1.8794900178909302,0.00040787545731291175
5492,-1.8645570278167725,0.0004083694366272539
5493,-1.889623999595642,0.0004089215653948486
5494,-1.8194890022277832,0.00040987791726365685
5495,-1.874690055847168,0.00041061430238187313
5496,-1.8296229839324951,0.0004114452167414129
5497,-1.874690055847168,0.00041220051934942603
5498,-1.8645570278167725,0.00041272694943472743
5499,-1.9346909523010254,0.00041366880759596825
5500,-1.8997570276260376,0.00041417923057451844
5501,-1.949623942375183,0.0004149519372731447
5502,-1.8845570087432861,0.0004155017086304724
5503,-1.9245569705963135,0.0004160923417657614
5504,-1.9146909713745117,0.00041676792898215353
5505,-1.9546910524368286,0.0004171819891780615
5506,-1.9146909713745117,0.00041750719537958503
5507,-1.9698909521102905,0.0004175069625489414
5508,-1.9797580242156982,0.00041734855039976537
5509,-2.024825096130371,0.000417177943745628
5510,-1.9546910524368286,0.00041674479143694043
5511,-2.019758939743042,0.00041591498302295804
5512,-1.9546910524368286,0.0004146117717027664
5513,-1.9898920059204102,0.0004132338799536228
5514,-1.944823980331421,0.0004118559299968183
5515,-1.999758005142212,0.0004104796680621803
5516,-1.9397579431533813,0.000409022846724838
5517,-2.0149590969085693,0.0004076525510754436
5518,-1.9397579431533813,0.00040622972301207483
5519,-1.9898920059204102,0.00040468302904628217
5520,-1.9096239805221558,0.0004027897957712412
5521,-1.9397579431533813,0.0004007556417491287
5522,-1.8845570087432861,0.00039888336323201656
5523,-1.9797580242156982,0.00039702776120975614
5524,-1.9296239614486694,0.00039509753696620464
5525,-1.9245569705963135,0.00039311411092057824
5526,-1.8997570276260376,0.00039122789166867733
5527,-1.9648250341415405,0.00038944027619436383
5528,-1.8997570276260376,0.0003874890971928835
5529,-1.949623942375183,0.00038543465780094266
5530,-1.9245569705963135,0.0003832746297121048
5531,-1.9296239614486694,0.0003811617789324373
5532,-1.889623999595642,0.000378924363758415
5533,-1.9346909523010254,0.0003765844739973545
5534,-1.8845570087432861,0.00037475069984793663
5535,-1.9245569705963135,0.0003737798542715609
5536,-1.9045569896697998,0.00037339632399380207
5537,-1.8997570276260376,0.0003732433542609215
5538,-1.874690055847168,0.00037291552871465683
5539,-1.9045569896697998,0.0003727436996996403
5540,-1.8845570087432861,0.0003729464078787714
5541,-1.9296239614486694,0.0003732243203558028
5542,-1.9096239805221558,0.00037349987542256713
5543,-1.949623942375183,0.0003736511862371117
5544,-1.889623999595642,0.000373105431208387
5545,-1.9296239614486694,0.0003723363042809069
5546,-1.8845570087432861,0.0003717769868671894
5547,-1.949623942375183,0.00037119584158062935
5548,-1.9296239614486694,0.0003713846090249717
5549,-1.9245569705963135,0.0003722190740518272
5550,-1.8997570276260376,0.0003739114326890558
5551,-1.9296239614486694,0.00037544179940596223
5552,-1.9045569896697998,0.0003773921635001898
5553,-1.9346909523010254,0.0003795560041908175
5554,-1.8845570087432861,0.0003815705422312021
5555,-1.9146909713745117,0.0003838450647890568
5556,-1.9096239805221558,0.0003860651049762964
5557,-1.9746910333633423,0.00038809748366475105
5558,-1.8845570087432861,0.0003897016867995262
5559,-1.8997570276260376,0.0003912053070962429
5560,-1.9045569896697998,0.0003926885256078094
5561,-1.9245569705963135,0.0003940435126423836
5562,-1.9146909713745117,0.0003949033562093973
5563,-1.9296239614486694,0.0003955917782150209
5564,-1.889623999595642,0.0003960236790589988
5565,-1.9648250341415405,0.0003963553754147142
5566,-1.8997570276260376,0.0003967735974583775
5567,-1.9245569705963135,0.0003973967977799475
5568,-1.8946900367736816,0.0003981940390076488
5569,-1.9648250341415405,0.0003990854020230472
5570,-1.8997570276260376,0.000399961689254269
5571,-1.9245569705963135,0.00040070776594802737
5572,-1.8946900367736816,0.00040137837640941143
5573,-1.949623942375183,0.0004019572807010263
5574,-1.8946900367736816,0.00040238373912870884
5575,-1.949623942375183,0.00040268892189487815
5576,-1.8997570276260376,0.00040292670018970966
5577,-1.9698909521102905,0.0004031287389807403
5578,-1.9045569896697998,0.0004032601718790829
5579,-1.9397579431533813,0.0004033387522213161
5580,-1.9146909713745117,0.0004033816512674093
5581,-1.9197570085525513,0.0004034005687572062
5582,-1.874690055847168,0.0004034019075334072
5583,-1.9648250341415405,0.0004034074954688549
5584,-1.889623999595642,0.000403405399993062
5585,-1.949623942375183,0.00040340516716241837
5586,-1.9197570085525513,0.00040340732084587216
5587,-1.9245569705963135,0.0004034135490655899
5588,-1.8946900367736816,0.0004034189914818853
5589,-1.9245569705963135,0.0004034323210362345
5590,-1.9045569896697998,0.0004034412559121847
5591,-1.944823980331421,0.00040345522575080395
5592,-1.889623999595642,0.0004034675657749176
5593,-1.949623942375183,0.0004034877638332546
5594,-1.889623999595642,0.00040350257768295705
5595,-1.944823980331421,0.0004035209713038057
5596,-1.8946900367736816,0.000403546669986099
5597,-1.9698909521102905,0.00040357792750000954
5598,-1.8997570276260376,0.0004035898018628359
5599,-1.9597580432891846,0.0004035794991068542
5600,-1.949623942375183,0.00040352699579671025
5601,-1.9296239614486694,0.0004033788572996855
5602,-1.8794900178909302,0.00040313153294846416
5603,-1.944823980331421,0.0004027225950267166
5604,-1.8794900178909302,0.00040205096593126655
5605,-1.9346909523010254,0.0004011353012174368
5606,-1.9096239805221558,0.0004000808985438198
5607,-1.9296239614486694,0.0003988655225839466
5608,-1.889623999595642,0.0003976046573370695
5609,-1.9546910524368286,0.00039642228512093425
5610,-1.9245569705963135,0.00039509660564363003
5611,-1.9648250341415405,0.0003938399604521692
5612,-1.8946900367736816,0.0003924983029719442
5613,-1.949623942375183,0.0003910246305167675
5614,-1.9245569705963135,0.0003896158596035093
5615,-1.949623942375183,0.0003885558689944446
5616,-1.9096239805221558,0.00038770766695961356
5617,-1.949623942375183,0.00038664526073262095
5618,-1.9245569705963135,0.00038567325100302696
5619,-1.9346909523010254,0.0003846136387437582
5620,-1.9045569896697998,0.0003831494541373104
5621,-1.949623942375183,0.0003817718825303018
5622,-1.949623942375183,0.00038021005457267165
5623,-1.9346909523010254,0.00037898076698184013
5624,-1.8997570276260376,0.0003775166696868837
5625,-1.9296239614486694,0.00037622329546138644
5626,-1.9197570085525513,0.00037490655086003244
5627,-1.9546910524368286,0.00037303444696590304
5628,-1.9096239805221558,0.0003715544880833477
5629,-1.9546910524368286,0.00037055625580251217
5630,-1.9245569705963135,0.00037006064667366445
5631,-1.9397579431533813,0.00036981524317525327
5632,-1.889623999595642,0.00036946218460798264
5633,-1.9397579431533813,0.0003686896525323391
5634,-1.9146909713745117,0.00036792102036997676
5635,-1.9698909521102905,0.00036672409623861313
5636,-1.8946900367736816,0.0003648647107183933
5637,-1.9397579431533813,0.0003627701662480831
5638,-1.889623999595642,0.00036103924503549933
5639,-1.9146909713745117,0.0003591013955883682
5640,-1.889623999595642,0.0003564995131455362
5641,-1.9546910524368286,0.00035350461257621646
5642,-1.8997570276260376,0.0003514093696139753
5643,-1.9397579431533813,0.0003496089484542608
5644,-1.8946900367736816,0.0003476856800261885
5645,-1.9346909523010254,0.0003445379843469709
5646,-1.9245569705963135,0.0003406282339710742
5647,-1.949623942375183,0.0003377670655027032
5648,-1.9197570085525513,0.0003351755440235138
5649,-1.9296239614486694,0.0003325801226310432
5650,-1.9146909713745117,0.0003295155183877796
5651,-1.949623942375183,0.0003252995084039867
5652,-1.8946900367736816,0.00032170390477404
5653,-1.9546910524368286,0.0003186230023857206
5654,-1.9197570085525513,0.00031579830101691186
5655,-1.9797580242156982,0.00031257240334525704
5656,-1.8946900367736816,0.0003083612828049809
5657,-1.949623942375183,0.00030409349710680544
5658,-1.9045569896697998,0.000300403218716383
5659,-1.9746910333633423,0.0002970659697894007
5660,-1.9245569705963135,0.0002930811606347561
5661,-1.949623942375183,0.00028866948559880257
5662,-1.9197570085525513,0.0002849515585694462
5663,-1.9898920059204102,0.00028159483917988837
5664,-1.9096239805221558,0.000277842627838254
5665,-1.9597580432891846,0.00027403561398386955
5666,-1.9245569705963135,0.0002704473736230284
5667,-1.9546910524368286,0.00026719551533460617
5668,-1.9346909523010254,0.0002638106234371662
5669,-1.9648250341415405,0.00026128898025490344
5670,-1.9397579431533813,0.00025977613404393196
5671,-1.9397579431533813,0.0002588768838904798
5672,-1.8946900367736816,0.00025829108199104667
5673,-1.949623942375183,0.0002575819380581379
5674,-1.874690055847168,0.0002568773052189499
5675,-1.9597580432891846,0.0002562096924521029
5676,-1.8794900178909302,0.000255437393207103
5677,-1.9648250341415405,0.00025431113317608833
5678,-1.9245569705963135,0.00025288117467425764
5679,-1.9797580242156982,0.0002513520885258913
5680,-1.9146909713745117,0.0002498980611562729
5681,-1.9397579431533813,0.00024844653671607375
5682,-1.8946900367736816,0.00024703959934413433
5683,-1.9346909523010254,0.00024563592160120606
5684,-1.9296239614486694,0.000244284572545439
5685,-1.9848250150680542,0.00024294923059642315
5686,-1.9296239614486694,0.00024167650553863496
5687,-1.944823980331421,0.00024044886231422424
5688,-1.8997570276260376,0.00023913817130960524
5689,-1.9296239614486694,0.00023788647376932204
5690,-1.9045569896697998,0.00023665223852731287
5691,-1.9197570085525513,0.0002353271993342787
5692,-1.9197570085525513,0.0002342576626688242
5693,-1.9546910524368286,0.00023352005518972874
5694,-1.6992210149765015,0.0002330068964511156
5695,-0.6224079728126526,0.00023254999541677535
5696,-0.07146800309419632,0.00023244949989020824
5697,0.08880099654197693,0.00023210738436318934
5698,0.4544059932231903,0.0002314733137609437
5699,0.5994740128517151,0.00023023760877549648
5700,0.7346760034561157,0.00022911855194251984
5701,0.7797430157661438,0.00022863798949401826
5702,1.1656149625778198,0.00022911459382157773
5703,1.5661530494689941,0.0002296151069458574
5704,1.7565549612045288,0.00023018181673251092
5705,1.801622986793518,0.00023064848210196942
5706,1.856557011604309,0.00023142163990996778
5707,1.8165559768676758,0.00023233136744238436
5708,1.8616230487823486,0.00023337849415838718
5709,1.7914890050888062,0.00023465596314053982
5710,1.8266890048980713,0.00023619062267243862
5711,1.7565549612045288,0.00023783231154084206
5712,1.7864220142364502,0.0002394771872786805
5713,1.7314879894256592,0.0002410723827779293
5714,1.7765560150146484,0.00024290451256092638
5715,1.7413549423217773,0.0002444949059281498
5716,1.781622052192688,0.0002457920927554369
5717,1.7714890241622925,0.00024706675321795046
5718,1.8216229677200317,0.00024849004694260657
5719,1.7914890050888062,0.00024991403915919363
5720,1.8616230487823486,0.0002511488273739815
5721,1.8416229486465454,0.0002522060531191528
5722,1.8365559577941895,0.00025340222055092454
5723,1.8416229486465454,0.0002551375946495682
5724,1.8666900396347046,0.00025761156575754285
5725,1.8717570304870605,0.0002608057693578303
5726,1.9466910362243652,0.00026468333089724183
5727,1.9016239643096924,0.0002686483785510063
5728,1.9317569732666016,0.00027257815236225724
5729,1.8866900205612183,0.0002763546071946621
5730,1.8816239833831787,0.0002799364156089723
5731,1.8765569925308228,0.00028368784114718437
5732,1.911756992340088,0.00028733094222843647
5733,1.856557011604309,0.0002911711926572025
5734,1.8717570304870605,0.0002954695373773575
5735,1.856557011604309,0.00029983650892972946
5736,1.8866900205612183,0.00030412868363782763
5737,1.8365559577941895,0.0003085737116634846
5738,1.8616230487823486,0.00031308672623708844
5739,1.8266890048980713,0.0003176164464093745
5740,1.856557011604309,0.0003226324333809316
5741,1.856557011604309,0.0003274247865192592
5742,1.8616230487823486,0.0003328239545226097
5743,1.8165559768676758,0.0003381099086254835
5744,1.8314900398254395,0.00034367357147857547
5745,1.801622986793518,0.0003494167176540941
5746,1.846690058708191,0.0003549812827259302
5747,1.8216229677200317,0.00036067236214876175
5748,1.8114889860153198,0.00036601786268875003
5749,1.801622986793518,0.0003712414763867855
5750,1.856557011604309,0.0003760501276701689
5751,1.796555995941162,0.00038086576387286186
5752,1.8365559577941895,0.0003855757531709969
5753,1.801622986793518,0.00038994179340079427
5754,1.8616230487823486,0.0003936152788810432
5755,1.796555995941162,0.00039605991332791746
5756,1.8266890048980713,0.0003983405767939985
5757,1.1053470373153687,0.0003998556639999151
5758,0.17893600463867188,0.0004012941790279001
5759,-0.05146700143814087,0.00040222465759143233
5760,-0.3269369900226593,0.0004027297254651785
5761,-0.6626750230789185,0.0004031687567476183
5762,-0.7125419974327087,0.0004035914898850024
5763,-0.8629440069198608,0.0004043449298478663
5764,-0.9981459975242615,0.00040504703065380454
5765,-1.4890849590301514,0.0004056509933434427
5766,-1.734421968460083,0.00040650716982781887
5767,-1.889623999595642,0.00040779588744044304
5768,-1.9397579431533813,0.00040909997187554836
5769,-1.9597580432891846,0.0004103844112250954
5770,-1.9045569896697998,0.00041135656647384167
5771,-1.9296239614486694,0.00041231652721762657
5772,-1.9045569896697998,0.0004133874026592821
5773,-1.9245569705963135,0.0004142630205024034
5774,-1.8546899557113647,0.0004152426263317466
5775,-1.8645570278167725,0.0004163427511230111
5776,-1.8394900560379028,0.0004174573696218431
5777,-1.874690055847168,0.0004186294390819967
5778,-1.8696229457855225,0.00041964929550886154
5779,-1.9045569896697998,0.00042079854756593704
5780,-1.8997570276260376,0.0004219035035930574
5781,-1.9546910524368286,0.0004230825579725206
5782,-1.8794900178909302,0.0004243739240337163
5783,-1.8997570276260376,0.00042566729825921357
5784,-1.8997570276260376,0.0004271575016900897
5785,-1.949623942375183,0.0004290028882678598
5786,-1.9245569705963135,0.0004312735400162637
5787,-1.9597580432891846,0.0004344342742115259
5788,-1.504019021987915,0.0004381196922622621
5789,-0.4221389889717102,0.0004409130197018385
5790,-0.05653399974107742,0.00044283963507041335
5791,0.08880099654197693,0.00044364435598254204
5792,0.5194730162620544,0.00044344327761791646
5793,0.604541003704071,0.00044282316230237484
5794,0.7197420001029968,0.0004421090707182884
5795,0.8149440288543701,0.00044147897278890014
5796,1.2757489681243896,0.0004406424122862518
5797,1.5912200212478638,0.000439611729234457
5798,1.7464220523834229,0.0004385013016872108
5799,1.8165559768676758,0.00043726497096940875
5800,1.851755976676941,0.00043667637510225177
5801,1.7864220142364502,0.0004366262292023748
5802,1.8314900398254395,0.0004365466011222452
5803,1.7914890050888062,0.000436793256085366
5804,1.8066890239715576,0.0004366828943602741
5805,1.7213549613952637,0.00043630306026898324
5806,1.7314879894256592,0.00043528302921913564
5807,1.70135498046875,0.0004345640481915325
5808,1.7064210176467896,0.00043349983752705157
5809,1.696287989616394,0.0004322438035160303
5810,1.7714890241622925,0.00043116434244439006
5811,1.781622052192688,0.0004298276617191732
5812,1.8216229677200317,0.0004285304748918861
5813,1.781622052192688,0.00042741530342027545
5814,1.8365559577941895,0.0004267166368663311
5815,1.8066890239715576,0.000426112994318828
5816,1.846690058708191,0.00042550722719170153
5817,1.8165559768676758,0.00042490745545364916
5818,1.8866900205612183,0.000424691621446982
5819,1.646420955657959,0.0004246059397701174
5820,0.604541003704071,0.00042489770567044616
5821,0.06373400241136551,0.0004254162195138633
5822,-0.07146800309419632,0.0004259960260242224
5823,-0.48720601201057434,0.00042649180977605283
5824,-0.637607991695404,0.0004269658529665321
5825,-0.7576090097427368,0.00042739533819258213
5826,-0.8578770160675049,0.0004280698485672474
5827,-1.2285490036010742,0.00042907235911116004
5828,-1.5941530466079712,0.00043037853902205825
5829,-1.7994890213012695,0.00043232282041572034
5830,-1.8645570278167725,0.00043421806185506284
5831,-1.9397579431533813,0.0004362618492450565
5832,-1.8997570276260376,0.000438132876297459
5833,-1.8794900178909302,0.00044010597048327327
5834,-1.8794900178909302,0.00044256620458327234
5835,-1.9245569705963135,0.00044531276216730475
5836,-1.874690055847168,0.0004478348419070244
5837,-1.8845570087432861,0.00045027025043964386
5838,-1.8344229459762573,0.0004524488467723131
5839,-1.8445559740066528,0.00045473058708012104
5840,-1.8245559930801392,0.00045745508396066725
5841,-1.8997570276260376,0.0004596978542394936
5842,-1.8496229648590088,0.000461772782728076
5843,-1.9296239614486694,0.00046358274994418025
5844,-1.9146909713745117,0.0004652890784200281
5845,-1.9346909523010254,0.0004672458744607866
5846,-1.9045569896697998,0.0004691775538958609
5847,-1.9546910524368286,0.0004710802750196308
5848,-1.9045569896697998,0.00047310255467891693
5849,-1.9546910524368286,0.0004751147353090346
5850,-1.9296239614486694,0.00047713314415887
5851,-2.0397589206695557,0.00047922361409291625
5852,-2.0048251152038574,0.0004814238636754453
5853,-2.0048251152038574,0.0004836518201045692
5854,-1.9898920059204102,0.00048598842113278806
5855,-2.024825096130371,0.0004884244408458471
5856,-1.944823980331421,0.0004910670686513186
5857,-2.024825096130371,0.0004938823403790593
5858,-1.949623942375183,0.000496847671456635
5859,-1.9648250341415405,0.000499906949698925
5860,-1.9546910524368286,0.0005030107568018138
5861,-1.9546910524368286,0.0005061670672148466
5862,-1.9146909713745117,0.0005093252984806895
5863,-1.9898920059204102,0.0005124913877807558
5864,-1.9296239614486694,0.000515641993843019
5865,-1.9546910524368286,0.0005187728675082326
5866,-1.889623999595642,0.0005219071172177792
5867,-1.9397579431533813,0.0005250290269032121
5868,-1.9045569896697998,0.000528152275364846
5869,-1.9096239805221558,0.0005312768626026809
5870,-1.8845570087432861,0.0005344076780602336
5871,-1.9245569705963135,0.0005375372711569071
5872,-1.889623999595642,0.0005406594136729836
5873,-1.9245569705963135,0.0005437731160782278
5874,-1.874690055847168,0.0005469330353662372
5875,-1.9146909713745117,0.0005501366103999317
5876,-1.8794900178909302,0.0005533185321837664
5877,-1.9045569896697998,0.0005564329912886024
5878,-1.8794900178909302,0.0005594831891357899
5879,-1.889623999595642,0.0005623428151011467
5880,-1.8845570087432861,0.0005648364312946796
5881,-1.8845570087432861,0.0005670065293088555
5882,-1.188547968864441,0.0005689637619070709
5883,-0.23173600435256958,0.0005706308293156326
5884,0.04853399842977524,0.0005716957966797054
5885,0.25387001037597656,0.0005719048785977066
5886,0.5994740128517151,0.0005715180304832757
5887,0.6546750068664551,0.000570891541428864
5888,0.7749429941177368,0.0005707218660973012
5889,0.9802790284156799,0.0005710658151656389
5890,1.4410849809646606,0.0005717228632420301
5891,1.6562869548797607,0.0005723575595766306
5892,1.8365559577941895,0.0005731506389565766
5893,1.8666900396347046,0.0005744225345551968
5894,1.8816239833831787,0.0005757645703852177
5895,1.8066890239715576,0.0005768486298620701
5896,1.856557011604309,0.00057808100245893
5897,1.8066890239715576,0.0005789727438241243
5898,1.8365559577941895,0.0005796423647552729
5899,1.7565549612045288,0.000580956693738699
5900,1.7714890241622925,0.0005818009376525879
5901,1.7264219522476196,0.0005828528082929552
5902,1.7365549802780151,0.0005839520017616451
5903,1.7413549423217773,0.0005846851272508502
5904,1.8114889860153198,0.000585858419071883
5905,1.801622986793518,0.0005867863073945045
5906,1.8216229677200317,0.0005872079054825008
5907,1.801622986793518,0.0005877719959244132
5908,1.8616230487823486,0.0005882828263565898
5909,1.8314900398254395,0.0005890690954402089
5910,1.8717570304870605,0.0005894729401916265
5911,1.8266890048980713,0.0005899855168536305
5912,1.906690001487732,0.00059093302115798
5913,1.4410849809646606,0.0005921005504205823
5914,0.39413800835609436,0.0005930689512751997
5915,0.028534000739455223,0.0005936205852776766
5916,-0.14160199463367462,0.0005939767579548061
5917,-0.53227299451828,0.0005941597046330571
5918,-0.6626750230789185,0.0005940873525105417
5919,-0.7778760194778442,0.0005940418341197073
5920,-0.9130780100822449,0.0005941562703810632
5921,-1.3637499809265137,0.0005943876458331943
5922,-1.6392199993133545,0.0005947647150605917
5923,-1.7944220304489136,0.0005952317733317614
5924,-1.8794900178909302,0.0005957451649010181
5925,-1.9146909713745117,0.0005962694995105267
5926,-1.889623999595642,0.0005967625183984637
5927,-1.9146909713745117,0.0005972282961010933
5928,-1.889623999595642,0.0005976672982797027
5929,-1.9245569705963135,0.0005980852292850614
5930,-1.8394900560379028,0.0005984923336654902
5931,-1.874690055847168,0.0005988968769088387
5932,-1.7994890213012695,0.0005992935039103031
5933,-1.8344229459762573,0.0005997063708491623
5934,-1.8144229650497437,0.0006001325091347098
5935,-1.889623999595642,0.0006005809409543872
5936,-1.8645570278167725,0.0006010228535160422
5937,-1.9296239614486694,0.000601462903432548
5938,-1.8794900178909302,0.0006018815911374986
5939,-1.9245569705963135,0.0006022987654432654
5940,-1.8997570276260376,0.0006027101771906018
5941,-1.944823980331421,0.0006031388766132295
5942,-1.9045569896697998,0.0006035498809069395
5943,-1.9546910524368286,0.0006039502331987023
5944,-1.9546910524368286,0.0006043342291377485
5945,-1.9898920059204102,0.0006046999478712678
5946,-1.9648250341415405,0.0006050990195944905
5947,-2.024825096130371,0.0006054615951143205
5948,-1.949623942375183,0.0006056147394701838
5949,-1.9946919679641724,0.0006054808618500829
5950,-1.9746910333633423,0.0006051435484550893
5951,-1.9797580242156982,0.0006048342911526561
5952,-1.949623942375183,0.0006045088521204889
5953,-1.944823980331421,0.0006041561136953533
5954,-1.9296239614486694,0.000603838125243783
5955,-1.949623942375183,0.0006035410333424807
5956,-1.8997570276260376,0.0006032146047800779
5957,-1.9296239614486694,0.0006026654737070203
5958,-1.8794900178909302,0.0006017105188220739
5959,-1.944823980331421,0.0006009292555972934
5960,-1.889623999595642,0.0006002343725413084
5961,-1.949623942375183,0.0005994880339130759
5962,-1.889623999595642,0.0005985505413264036
5963,-1.949623942375183,0.0005976635729894042
5964,-1.8845570087432861,0.0005969543126411736
5965,-1.9146909713745117,0.0005961917922832072
5966,-1.8845570087432861,0.00059526227414608
5967,-1.889623999595642,0.0005942079005762935
5968,-1.8496229648590088,0.0005931920604780316
5969,-1.9045569896697998,0.0005922402488067746
5970,-1.8645570278167725,0.000591065501794219
5971,-1.8946900367736816,0.0005900587420910597
5972,-1.8645570278167725,0.0005892725894227624
5973,-1.9096239805221558,0.0005885201971977949
5974,-1.8546899557113647,0.000587719026952982
5975,-1.8045560121536255,0.0005871332832612097
5976,-0.8429440259933472,0.0005872596520930529
5977,-0.10666800290346146,0.0005878044757992029
5978,0.04853399842977524,0.0005885809077881277
5979,0.36427098512649536,0.0005890666507184505
5980,0.6445410251617432,0.00058896210975945
5981,0.7096089720726013,0.0005883513949811459
5982,0.8149440288543701,0.0005876270588487387
5983,1.0552129745483398,0.0005875991191715002
5984,1.536018967628479,0.0005884573329240084
5985,1.70135498046875,0.0005889130989089608
5986,1.8416229486465454,0.0005892253248021007
5987,1.8416229486465454,0.0005897710798308253
5988,1.8717570304870605,0.0005902765551581979
5989,1.8114889860153198,0.0005907412269152701
5990,1.8616230487823486,0.0005915663205087185
5991,1.7864220142364502,0.0005921305855736136
5992,1.8266890048980713,0.0005925759905949235
5993,1.7765560150146484,0.0005932789645157754
5994,1.7864220142364502,0.0005940624396316707
5995,1.7565549612045288,0.0005948477191850543
5996,1.7616219520568848,0.0005954884691163898
5997,1.7413549423217773,0.0005961587885394692
5998,1.8365559577941895,0.0005965609452687204
5999,1.801622986793518,0.0005969727644696832
6000,1.8365559577941895,0.0005971818463876843
6001,1.796555995941162,0.0005963995354250073
6002,1.8917570114135742,0.0005949056940153241
6003,1.8165559768676758,0.0005928241298533976
6004,1.8616230487823486,0.0005902883713133633
6005,1.911756992340088,0.0005875409115105867
6006,1.8917570114135742,0.0005848612054251134
6007,1.8816239833831787,0.0005825551925227046
6008,1.9266910552978516,0.0005801643128506839
6009,1.856557011604309,0.0005779826315119863
6010,1.9317569732666016,0.0005767029942944646
6011,1.8816239833831787,0.0005763068329542875
6012,1.906690001487732,0.0005764493253082037
6013,1.8666900396347046,0.0005771414143964648
6014,1.911756992340088,0.0005780734354630113
6015,1.851755976676941,0.0005795259494334459
6016,1.8717570304870605,0.0005812240997329354
6017,1.846690058708191,0.0005832092138007283
6018,1.8866900205612183,0.0005852343747392297
6019,1.8314900398254395,0.0005872051697224379
6020,1.8816239833831787,0.000589327304624021
6021,1.8416229486465454,0.0005915640504099429
6022,1.8616230487823486,0.0005936560919508338
6023,1.8314900398254395,0.0005954919033683836
6024,1.856557011604309,0.000597422244027257
6025,1.8066890239715576,0.0005994779639877379
6026,1.856557011604309,0.0006018892163410783
6027,1.8314900398254395,0.0006043585017323494
6028,1.8717570304870605,0.0006067268550395966
6029,1.8314900398254395,0.0006093289121054113
6030,1.8314900398254395,0.0006118537858128548
6031,1.856557011604309,0.0006143205682747066
6032,1.8666900396347046,0.0006167521933093667
6033,1.7914890050888062,0.0006189995910972357
6034,1.8765569925308228,0.0006210161373019218
6035,1.796555995941162,0.0006225928664207458
6036,1.856557011604309,0.0006239404901862144
6037,1.8066890239715576,0.0006250986480154097
6038,1.8365559577941895,0.0006262356182560325
6039,1.8066890239715576,0.0006277329521253705
6040,1.8717570304870605,0.0006292026955634356
6041,1.8114889860153198,0.0006304004928097129
6042,1.856557011604309,0.0006311230245046318
6043,1.8066890239715576,0.0006306455470621586
6044,1.8314900398254395,0.00062939542112872
6045,1.8066890239715576,0.000628575449809432
6046,1.8365559577941895,0.0006283577531576157
6047,1.781622052192688,0.0006279359804466367
6048,1.8416229486465454,0.0006276002968661487
6049,1.7714890241622925,0.0006277080392464995
6050,1.846690058708191,0.0006276856875047088
6051,1.8216229677200317,0.0006279794033616781
6052,1.851755976676941,0.0006285783601924777
6053,1.796555995941162,0.0006291557801887393
6054,1.846690058708191,0.0006297611398622394
6055,1.7765560150146484,0.0006301301764324307
6056,1.8365559577941895,0.0006308758165687323
6057,1.801622986793518,0.0006312329205684364
6058,1.8416229486465454,0.0006318320520222187
6059,1.796555995941162,0.0006328467861749232
6060,1.846690058708191,0.0006339115789160132
6061,1.8314900398254395,0.0006351240444928408
6062,1.8314900398254395,0.0006363601423799992
6063,1.8165559768676758,0.0006376659730449319
6064,1.8416229486465454,0.0006392117356881499
6065,1.8216229677200317,0.0006407852051779628
6066,1.8314900398254395,0.000642252853140235
6067,1.8066890239715576,0.0006442324374802411
6068,1.8666900396347046,0.0006464947946369648
6069,1.8266890048980713,0.000648668734356761
6070,1.8816239833831787,0.0006508700316771865
6071,1.8266890048980713,0.0006533811101689935
6072,1.8666900396347046,0.0006566072697751224
6073,1.8266890048980713,0.000659978948533535
6074,1.8365559577941895,0.0006627457914873958
6075,1.8066890239715576,0.0006653735181316733
6076,1.8365559577941895,0.000668314634822309
6077,1.8266890048980713,0.0006721223471686244
6078,1.856557011604309,0.0006757524097338319
6079,1.8114889860153198,0.0006783929420635104
6080,1.8816239833831787,0.0006806185701861978
6081,1.851755976676941,0.0006831024657003582
6082,1.8866900205612183,0.0006862703012302518
6083,1.8165559768676758,0.0006899118307046592
6084,1.8365559577941895,0.000692347704898566
6085,1.8114889860153198,0.0006937488215044141
6086,1.8266890048980713,0.0006954803830012679
6087,1.8066890239715576,0.0006978578167036176
6088,1.8717570304870605,0.0007010010303929448
6089,1.8165559768676758,0.0007038086769171059
6090,1.8365559577941895,0.0007057467009872198
6091,1.8266890048980713,0.0007075396715663373
6092,1.8866900205612183,0.0007102062227204442
6093,1.7765560150146484,0.0007131734164431691
6094,1.846690058708191,0.0007156735518947244
6095,1.8165559768676758,0.0007179280510172248
6096,1.8365559577941895,0.0007196995429694653
6097,1.8314900398254395,0.0007221309351734817
6098,1.846690058708191,0.0007240615668706596
6099,1.8114889860153198,0.0007260473212227225
6100,1.7864220142364502,0.0007280474528670311
6101,0.8349440097808838,0.0007286211475729942
6102,0.11866799741983414,0.000728741695638746
6103,-0.13173499703407288,0.000728247978258878
6104,-0.3821380138397217,0.0007275078678503633
6105,-0.6776080131530762,0.0007269509369507432
6106,-0.7376090288162231,0.0007263215375132859
6107,-0.9029449820518494,0.0007255709497258067
6108,-1.0882799625396729,0.0007248868932947516
6109,-1.5541529655456543,0.0007244193693622947
6110,-1.714421033859253,0.0007239588303491473
6111,-1.9146909713745117,0.0007234820513986051
6112,-1.9146909713745117,0.0007227989844977856
6113,-1.9746910333633423,0.0007218291284516454
6114,-1.9146909713745117,0.0007207079324871302
6115,-1.9045569896697998,0.0007194554200395942
6116,-1.874690055847168,0.0007181703113019466
6117,-1.9045569896697998,0.0007168255397118628
6118,-1.8394900560379028,0.0007154620834626257
6119,-1.8845570087432861,0.0007140875095501542
6120,-1.8096230030059814,0.0007128352299332619
6121,-1.8546899557113647,0.0007115794578567147
6122,-1.8296229839324951,0.0007103394600562751
6123,-1.8997570276260376,0.0007091077859513462
6124,-1.8245559930801392,0.0007078854250721633
6125,-1.9146909713745117,0.0007066708640195429
6126,-1.8997570276260376,0.0007054987945593894
6127,-1.9397579431533813,0.0007040799828246236
6128,-1.9146909713745117,0.0007027014507912099
6129,-1.9597580432891846,0.0007016364252194762
6130,-1.9245569705963135,0.0007013982394710183
6131,-1.9797580242156982,0.0007013857830315828
6132,-1.9397579431533813,0.0007017545867711306
6133,-1.999758005142212,0.0007021814817562699
6134,-1.949623942375183,0.000703867175616324
6135,-1.9898920059204102,0.0007053114823065698
6136,-1.9146909713745117,0.0007077586487866938
6137,-2.0149590969085693,0.0007115230546332896
6138,-1.9245569705963135,0.0007149587036110461
6139,-1.9898920059204102,0.0007178123341873288
6140,-1.949623942375183,0.000720884301699698
6141,-1.9898920059204102,0.0007247371831908822
6142,-1.9296239614486694,0.0007286622421815991
6143,-1.9397579431533813,0.0007325668120756745
6144,-1.9045569896697998,0.000735826906748116
6145,-1.9648250341415405,0.0007386484649032354
6146,-1.8997570276260376,0.0007418429013341665
6147,-1.949623942375183,0.0007461517816409469
6148,-1.8997570276260376,0.0007500277715735137
6149,-1.9197570085525513,0.0007525873370468616
6150,-1.889623999595642,0.0007544582476839423
6151,-1.9397579431533813,0.0007566323038190603
6152,-1.889623999595642,0.0007594982744194567
6153,-1.9346909523010254,0.0007633732166141272
6154,-1.8997570276260376,0.0007664354052394629
6155,-1.9346909523010254,0.0007681358838453889
6156,-1.8594900369644165,0.0007699976558797061
6157,-1.9296239614486694,0.0007723959279246628
6158,-1.8645570278167725,0.0007755181868560612
6159,-1.9296239614486694,0.0007785542984493077
6160,-1.8546899557113647,0.0007807664223946631
6161,-1.9397579431533813,0.0007825536304153502
6162,-1.8496229648590088,0.0007843571365810931
6163,-1.949623942375183,0.0007860023761168122
6164,-1.8645570278167725,0.0007875610608607531
6165,-1.9146909713745117,0.0007887609535828233
6166,-1.874690055847168,0.0007898211479187012
6167,-1.9296239614486694,0.0007910518907010555
6168,-1.8394900560379028,0.0007916521281003952
6169,-1.9146909713745117,0.0007910339627414942
6170,-1.874690055847168,0.0007902886136434972
6171,-1.8997570276260376,0.0007895589806139469
6172,-1.8594900369644165,0.0007889819098636508
6173,-1.9146909713745117,0.0007890743436291814
6174,-1.8794900178909302,0.0007893475703895092
6175,-1.8997570276260376,0.0007899526390247047
6176,-1.8645570278167725,0.00079054303932935
6177,-1.9245569705963135,0.0007916715694591403
6178,-1.8546899557113647,0.0007926261750981212
6179,-1.9397579431533813,0.0007936387555673718
6180,-1.889623999595642,0.0007948728743940592
6181,-1.9146909713745117,0.0007958442438393831
6182,-1.8645570278167725,0.0007967161945998669
6183,-1.9045569896697998,0.0007971893064677715
6184,-1.874690055847168,0.0007976358756422997
6185,-1.9397579431533813,0.0007980615482665598
6186,-1.874690055847168,0.0007980822119861841
6187,-1.9296239614486694,0.0007978400681167841
6188,-1.8794900178909302,0.0007972994353622198
6189,-1.9296239614486694,0.0007966934936121106
6190,-1.8645570278167725,0.0007959128124639392
6191,-1.9397579431533813,0.0007953399326652288
6192,-1.8794900178909302,0.0007949324790388346
6193,-1.9397579431533813,0.0007947561098262668
6194,-1.889623999595642,0.0007945584948174655
6195,-1.9346909523010254,0.0007943246746435761
6196,-1.8946900367736816,0.0007939547067508101
6197,-1.9296239614486694,0.0007935305475257337
6198,-1.9146909713745117,0.0007929608109407127
6199,-1.9245569705963135,0.0007922374061308801
6200,-1.9146909713745117,0.0007913931040093303
6201,-1.9245569705963135,0.0007904778467491269
6202,-1.8645570278167725,0.0007895177113823593
6203,-1.9197570085525513,0.0007885217200964689
6204,-1.874690055847168,0.0007874646689742804
6205,-1.9346909523010254,0.0007863969076424837
6206,-1.9146909713745117,0.0007853165734559298
6207,-1.9197570085525513,0.0007842336781322956
6208,-1.889623999595642,0.0007831479888409376
6209,-1.9546910524368286,0.0007820657920092344
6210,-1.8696229457855225,0.0007809794042259455
6211,-1.9245569705963135,0.0007799154845997691
6212,-1.9146909713745117,0.0007788514485582709
6213,-1.9045569896697998,0.0007777856662869453
6214,-1.9045569896697998,0.0007767155184410512
6215,-1.944823980331421,0.0007756465347483754
6216,-1.944823980331421,0.0007745770271867514
6217,-1.9346909523010254,0.0007734985556453466
6218,-1.9146909713745117,0.0007724197930656374
6219,-1.9597580432891846,0.0007713443483226001
6220,-1.8845570087432861,0.0007702737348154187
6221,-1.9197570085525513,0.000769211386796087
6222,-1.8845570087432861,0.0007681568968109787
6223,-1.9397579431533813,0.0007671121857129037
6224,-1.889623999595642,0.000766042503528297
6225,-1.9245569705963135,0.0007649535546079278
6226,-1.8997570276260376,0.0007638497627340257
6227,-1.9245569705963135,0.0007627683226019144
6228,-1.889623999595642,0.0007617711089551449
6229,-1.944823980331421,0.0007607631850987673
6230,-1.8946900367736816,0.0007596540963277221
6231,-1.9197570085525513,0.0007582990219816566
6232,-1.874690055847168,0.0007564581464976072
6233,-1.9397579431533813,0.0007543644751422107
6234,-1.889623999595642,0.0007519330829381943
6235,-1.9648250341415405,0.000749305821955204
6236,-1.8997570276260376,0.0007465627859346569
6237,-1.8997570276260376,0.0007435077568516135
6238,-1.8794900178909302,0.0007397915469482541
6239,-1.9146909713745117,0.0007351422682404518
6240,-1.9045569896697998,0.0007294032257050276
6241,-1.9245569705963135,0.0007237924728542566
6242,-1.8845570087432861,0.0007180045358836651
6243,-1.9296239614486694,0.0007117005297914147
6244,-1.8794900178909302,0.0007051258580759168
6245,-1.9197570085525513,0.0006984846550039947
6246,-1.8997570276260376,0.0006913159741088748
6247,-1.9597580432891846,0.000684437109157443
6248,-1.8997570276260376,0.0006776285590603948
6249,-1.9346909523010254,0.0006705838022753596
6250,-1.9096239805221558,0.0006634175078943372
6251,-1.944823980331421,0.0006563172210007906
6252,-1.8344229459762573,0.0006494165863841772
6253,-1.9245569705963135,0.0006427670596167445
6254,-1.8645570278167725,0.0006368326721712947
6255,-1.9146909713745117,0.0006315795471891761
6256,-1.8394900560379028,0.0006268774159252644
6257,-1.1482809782028198,0.0006229758728295565
6258,-0.16666899621486664,0.0006193671142682433
6259,-0.02160000056028366,0.0006161795463413
6260,0.3192040026187897,0.0006131475092843175
6261,0.604541003704071,0.0006102865445427597
6262,0.7248089909553528,0.0006073234835639596
6263,0.7448089718818665,0.000604132073931396
6264,1.020279049873352,0.0006009906646795571
6265,1.3909510374069214,0.0005980734713375568
6266,1.7365549802780151,0.0005951385828666389
6267,1.7664220333099365,0.000592091993894428
6268,1.906690001487732,0.0005890415050089359
6269,1.8765569925308228,0.0005859268130734563
6270,1.8816239833831787,0.0005828356370329857
6271,1.801622986793518,0.0005796934710815549
6272,1.8365559577941895,0.0005766109679825604
6273,1.8216229677200317,0.0005735408049076796
6274,1.8216229677200317,0.0005705112707801163
6275,1.7314879894256592,0.0005675085121765733
6276,1.7864220142364502,0.000564580608624965
6277,1.7314879894256592,0.0005616550333797932
6278,1.801622986793518,0.0005587731138803065
6279,1.7664220333099365,0.0005558850825764239
6280,1.8216229677200317,0.0005530279595404863
6281,1.801622986793518,0.0005501811974681914
6282,1.8266890048980713,0.0005473869969137013
6283,1.801622986793518,0.0005446610739454627
6284,1.8968240022659302,0.0005421183304861188
6285,1.8314900398254395,0.0005396981723606586
6286,1.9016239643096924,0.0005373974563553929
6287,1.8816239833831787,0.0005353462183848023
6288,1.4960190057754517,0.0005334431771188974
6289,0.3592039942741394,0.000531701953150332
6290,0.11360099911689758,0.0005301774945110083
6291,-0.20186899602413177,0.0005288068787194788
6292,-0.527472972869873,0.0005275083240121603
6293,-0.647475004196167,0.0005259467870928347
6294,-0.7176089882850647,0.0005239939782768488
6295,-0.9530789852142334,0.0005214953562244773
6296,-1.3037500381469727,0.0005187347414903343
6297,-1.724287986755371,0.0005158324493095279
6298,-1.769355058670044,0.0005129458149895072
6299,-1.9296239614486694,0.0005103599396534264
6300,-1.8997570276260376,0.0005079882685095072
6301,-1.8997570276260376,0.0005060816765762866
6302,-1.889623999595642,0.000504238298162818
6303,-1.9045569896697998,0.0005029981257393956
6304,-1.8546899557113647,0.0005019769305363297
6305,-1.8794900178909302,0.0005007096333429217
6306,-1.8194890022277832,0.0004997062496840954
6307,-1.8546899557113647,0.0004985139239579439
6308,-1.7794890403747559,0.0004970435984432697
6309,-1.8445559740066528,0.0004955765907652676
6310,-1.8645570278167725,0.0004940590006299317
6311,-1.8997570276260376,0.0004927658010274172
6312,-1.8594900369644165,0.0004911036812700331
6313,-1.9245569705963135,0.0004898396437056363
6314,-1.8794900178909302,0.0004883400397375226
6315,-1.9146909713745117,0.0004865561204496771
6316,-1.9197570085525513,0.00048520119162276387
6317,-1.9397579431533813,0.0004842525231651962
6318,-1.9296239614486694,0.0004840237961616367
6319,-1.9946919679641724,0.00048396358033642173
6320,-1.9648250341415405,0.00048338016495108604
6321,-2.0298919677734375,0.00048255897127091885
6322,-1.9546910524368286,0.000481669936561957
6323,-2.009891986846924,0.0004800966416951269
6324,-1.949623942375183,0.0004781782045029104
6325,-1.9546910524368286,0.00047629125765524805
6326,-1.9296239614486694,0.00047462270595133305
6327,-1.9797580242156982,0.0004724460595753044
6328,-1.9296239614486694,0.00046948151430115104
6329,-1.9397579431533813,0.0004666569584514946
6330,-1.9045569896697998,0.000464762793853879
6331,-1.8997570276260376,0.0004629818140529096
6332,-1.874690055847168,0.000460583483800292
6333,-1.9245569705963135,0.0004569052252918482
6334,-1.874690055847168,0.00045329448767006397
6335,-1.9245569705963135,0.000450566119980067
6336,-1.8645570278167725,0.0004479498020373285
6337,-1.949623942375183,0.0004451838321983814
6338,-1.8645570278167725,0.00044153962517157197
6339,-1.9146909713745117,0.000437289010733366
6340,-1.8946900367736816,0.00043396808905526996
6341,-1.9397579431533813,0.00043104076758027077
6342,-1.8845570087432861,0.0004281961009837687
6343,-1.9096239805221558,0.0004245024174451828
6344,-1.8845570087432861,0.0004203712451271713
6345,-1.9296239614486694,0.00041640381095930934
6346,-1.874690055847168,0.0004128992441110313
6347,-1.9296239614486694,0.0004093362367711961
6348,-1.8394900560379028,0.0004050452262163162
6349,-1.9146909713745117,0.00040066055953502655
6350,-1.8845570087432861,0.00039721227949485183
6351,-1.9146909713745117,0.00039368768921121955
6352,-1.8997570276260376,0.00039002447738312185
6353,-1.9296239614486694,0.000386055966373533
6354,-1.8794900178909302,0.00038264691829681396
6355,-1.889623999595642,0.000379414384951815
6356,-1.8997570276260376,0.0003762509732041508
6357,-1.8997570276260376,0.00037426911876536906
6358,-1.874690055847168,0.0003728112205862999
6359,-1.9296239614486694,0.00037201805389486253
6360,-1.8645570278167725,0.0003713711630553007
6361,-1.9045569896697998,0.0003705364069901407
6362,-1.8496229648590088,0.0003697671345435083
6363,-1.8845570087432861,0.0003690306330099702
6364,-1.8445559740066528,0.00036811456084251404
6365,-1.9045569896697998,0.00036693699075840414
6366,-1.8594900369644165,0.000365653628250584
6367,-1.9296239614486694,0.00036427751183509827
6368,-1.8546899557113647,0.0003629100974649191
6369,-1.9296239614486694,0.00036165310302749276
6370,-1.8645570278167725,0.00036041895509697497
6371,-1.9296239614486694,0.00035921839298680425
6372,-1.9096239805221558,0.00035800953628495336
6373,-1.889623999595642,0.0003568084503058344
6374,-1.874690055847168,0.0003556557057891041
6375,-1.9146909713745117,0.0003545174840837717
6376,-1.8696229457855225,0.0003533134295139462
6377,-1.889623999595642,0.0003520954924169928
6378,-1.889623999595642,0.0003509879170451313
6379,-1.889623999595642,0.0003500327584333718
6380,-1.8594900369644165,0.00034938790486194193
6381,-1.8696229457855225,0.0003491571405902505
6382,-1.1482809782028198,0.00034913240233436227
6383,-0.20186899602413177,0.00034946994855999947
6384,0.02346700057387352,0.0003497974539641291
6385,0.23893600702285767,0.0003499321755953133
6386,0.6346750259399414,0.0003493819385766983
6387,0.6797419786453247,0.0003487899957690388
6388,0.8048099875450134,0.0003479345759842545
6389,0.9650790095329285,0.00034709242754615843
6390,1.4008179903030396,0.00034513967693783343
6391,1.696287989616394,0.0003437104169279337
6392,1.796555995941162,0.00034166494151577353
6393,1.851755976676941,0.00033863860880956054
6394,1.8717570304870605,0.0003361269773449749
6395,1.8314900398254395,0.00033444230211898685
6396,1.8266890048980713,0.00033283926313742995
6397,1.8165559768676758,0.0003306641592644155
6398,1.846690058708191,0.0003284252597950399
6399,1.7765560150146484,0.00032601537532173097
6400,1.796555995941162,0.0003238384088035673
6401,1.781622052192688,0.00032178135006688535
6402,1.7565549612045288,0.0003192660806234926
6403,1.7565549612045288,0.00031584431417286396
6404,1.8066890239715576,0.000312774907797575
6405,1.7864220142364502,0.0003106510266661644
6406,1.856557011604309,0.00030903363949619234
6407,1.8266890048980713,0.0003073798434343189
6408,1.8765569925308228,0.00030506690382026136
6409,1.851755976676941,0.00030218763276934624
6410,1.8816239833831787,0.0003000432043336332
6411,1.8365559577941895,0.00029879825888201594
6412,1.9168239831924438,0.00029802205972373486
6413,1.8866900205612183,0.0002971179783344269
6414,1.911756992340088,0.000295903388177976
6415,1.8816239833831787,0.00029517686925828457
6416,1.9568239450454712,0.00029514776542782784
6417,1.8917570114135742,0.00029620638815686107
6418,1.9266910552978516,0.0002975952811539173
6419,1.8365559577941895,0.0002992086228914559
6420,1.9317569732666016,0.0003012518282048404
6421,1.8765569925308228,0.0003040688461624086
6422,1.8968240022659302,0.0003079946618527174
6423,1.8666900396347046,0.00031256303191185
6424,1.906690001487732,0.0003184550441801548
6425,1.846690058708191,0.0003266981220804155
6426,1.8917570114135742,0.0003367986064404249
6427,1.856557011604309,0.00034745066659525037
6428,1.856557011604309,0.0003581243217922747
6429,1.8314900398254395,0.00036818525404669344
6430,1.8365559577941895,0.0003782580606639385
6431,1.8266890048980713,0.0003884732723236084
6432,1.8717570304870605,0.0003994752769358456
6433,1.8066890239715576,0.00041000283090397716
6434,1.8616230487823486,0.00042026847950182855
6435,1.8114889860153198,0.000429740350227803
6436,1.8314900398254395,0.00043815094977617264
6437,1.8165559768676758,0.0004457149771042168
6438,1.8314900398254395,0.00045243254862725735
6439,1.7914890050888062,0.00045889770262874663
6440,1.8365559577941895,0.00046492787078022957
6441,1.8365559577941895,0.00047049345448613167
6442,1.8365559577941895,0.0004760288284160197
6443,1.801622986793518,0.00048167031491175294
6444,1.6312199831008911,0.000487929442897439
6445,0.549340009689331,0.000495065120048821
6446,0.05866700038313866,0.0005022941040806472
6447,-0.20186899602413177,0.0005091569619253278
6448,-0.4922730028629303,0.000515671563334763
6449,-0.697609007358551,0.0005219911690801382
6450,-0.7728099822998047,0.0005284144426696002
6451,-0.9130780100822449,0.0005350073333829641
6452,-1.2336150407791138,0.0005416882340796292
6453,-1.66935396194458,0.0005485341534949839
6454,-1.7642890214920044,0.0005556161631830037
6455,-1.9096239805221558,0.0005629212246276438
6456,-1.9397579431533813,0.0005703810602426529
6457,-1.9397579431533813,0.0005778702325187624
6458,-1.8794900178909302,0.0005853738985024393
6459,-1.949623942375183,0.0005929239559918642
6460,-1.874690055847168,0.0006004374008625746
6461,-1.8997570276260376,0.000607938040047884
6462,-1.8496229648590088,0.0006154243601486087
6463,-1.8645570278167725,0.00062291428912431
6464,-1.8296229839324951,0.0006303872214630246
6465,-1.8496229648590088,0.0006378797115758061
6466,-1.8394900560379028,0.0006454259855672717
6467,-1.9197570085525513,0.000653011491522193
6468,-1.8794900178909302,0.0006605972303077579
6469,-1.9397579431533813,0.0006681598606519401
6470,-1.8794900178909302,0.0006757366354577243
6471,-1.9346909523010254,0.0006833624211139977
6472,-1.8946900367736816,0.0006908965879119933
6473,-1.9698909521102905,0.000698747462593019
6474,-1.9146909713745117,0.0007073940942063928
6475,-1.9546910524368286,0.0007169053424149752
6476,-1.9546910524368286,0.0007265927852131426
6477,-2.024825096130371,0.0007359700393863022
6478,-1.9648250341415405,0.0007452050340361893
6479,-1.999758005142212,0.0007545436965301633
6480,-1.9698909521102905,0.0007643419085070491
6481,-2.0048251152038574,0.0007746006594970822
6482,-1.9146909713745117,0.000785534386523068
6483,-1.9797580242156982,0.0007971978047862649
6484,-1.9245569705963135,0.000809907796792686
6485,-1.9797580242156982,0.0008239055750891566
6486,-1.9245569705963135,0.0008388018468394876
6487,-1.944823980331421,0.0008543625590391457
6488,-1.9096239805221558,0.0008694973075762391
6489,-1.944823980331421,0.0008835952030494809
6490,-1.9045569896697998,0.0008970117196440697
6491,-1.949623942375183,0.0009098994196392596
6492,-1.889623999595642,0.0009225684916600585
6493,-1.9546910524368286,0.0009352045599371195
6494,-1.874690055847168,0.0009481901070103049
6495,-1.9397579431533813,0.0009611817658878863
6496,-1.8645570278167725,0.0009731005993671715
6497,-1.9546910524368286,0.0009834278607740998
6498,-1.8794900178909302,0.0009923342149704695
6499,-1.889623999595642,0.0010000745533034205
6500,-1.8394900560379028,0.001007286598905921
6501,-1.889623999595642,0.0010139651130884886
6502,-1.8394900560379028,0.0010201799450442195
6503,-1.9146909713745117,0.0010259321425110102
6504,-1.874690055847168,0.0010312083177268505
6505,-1.9146909713745117,0.001036464935168624
6506,-1.8496229648590088,0.0010415049036964774
6507,-1.1482809782028198,0.0010453711729496717
6508,-0.1568019986152649,0.0010485316161066294
6509,-0.031466998159885406,0.0010513667948544025
6510,0.32400399446487427,0.0010536779882386327
6511,0.5896070003509521,0.0010552880121394992
6512,0.7048090100288391,0.0010565239936113358
6513,0.7797430157661438,0.001057883258908987
6514,1.0301460027694702,0.001059356378391385
6515,1.3909510374069214,0.0010610140161588788
6516,1.7565549612045288,0.0010629160096868873
6517,1.7765560150146484,0.0010649398900568485
6518,1.9168239831924438,0.0010670116171240807
6519,1.8765569925308228,0.0010691573843359947
6520,1.8717570304870605,0.0010713255032896996
6521,1.8066890239715576,0.0010735124815255404
6522,1.8666900396347046,0.0010757269337773323
6523,1.8266890048980713,0.0010779835283756256
6524,1.8365559577941895,0.0010802783071994781
6525,1.7664220333099365,0.00108259916305542
6526,1.8114889860153198,0.0010849093087017536
6527,1.70135498046875,0.0010872294660657644
6528,1.7914890050888062,0.0010895603336393833
6529,1.7664220333099365,0.0010919044725596905
6530,1.8216229677200317,0.0010942500084638596
6531,1.8216229677200317,0.0010965489782392979
6532,1.8616230487823486,0.0010988013818860054
6533,1.8314900398254395,0.0011009762529283762
6534,1.846690058708191,0.0011032267939299345
6535,1.8416229486465454,0.0011053235502913594
6536,1.8968240022659302,0.001107100397348404
6537,1.8266890048980713,0.0011085616424679756
6538,1.4360179901123047,0.0011097826063632965
6539,0.32400399446487427,0.001110566547140479
6540,0.0685340017080307,0.001111045479774475
6541,-0.24693599343299866,0.0011111526982858777
6542,-0.5224069952964783,0.001110787270590663
6543,-0.7077419757843018,0.0011099607218056917
6544,-0.7576090097427368,0.001108950236812234
6545,-0.9480119943618774,0.0011078874813392758
6546,-1.3288170099258423,0.0011070424225181341
6547,-1.7042880058288574,0.0011063935235142708
6548,-1.769355058670044,0.0011059974785894156
6549,-1.9546910524368286,0.001105965580791235
6550,-1.8794900178909302,0.0011062293779104948
6551,-1.9296239614486694,0.0011066743172705173
6552,-1.8645570278167725,0.0011072044726461172
6553,-1.8997570276260376,0.0011077842209488153
6554,-1.8845570087432861,0.0011083988938480616
6555,-1.8794900178909302,0.0011089993640780449
6556,-1.8296229839324951,0.0011096351081505418
6557,-1.8344229459762573,0.0011102595599368215
6558,-1.7544219493865967,0.0011109057813882828
6559,-1.789355993270874,0.0011115418747067451
6560,-1.8296229839324951,0.0011121826246380806
6561,-1.8997570276260376,0.001112835481762886
6562,-1.8394900560379028,0.0011135261738672853
6563,-1.9146909713745117,0.001114244805648923
6564,-1.8645570278167725,0.001114969840273261
6565,-1.9245569705963135,0.0011157001135870814
6566,-1.8546899557113647,0.001116583007387817
6567,-1.8997570276260376,0.0011176790576428175
6568,-1.889623999595642,0.001119139138609171
6569,-1.7192209959030151,0.001120881293900311
6570,-0.5573400259017944,0.001122893299907446
6571,-0.1165350005030632,0.0011248134542256594
6572,0.10880099982023239,0.001126299612224102
6573,0.4293389916419983,0.0011274018324911594
6574,0.6546750068664551,0.0011279901955276728
6575,0.664542019367218,0.0011285647051408887
6576,0.8498769998550415,0.0011293397983536124
6577,1.1704150438308716,0.0011303621577098966
6578,1.6112200021743774,0.0011316013988107443
6579,1.70135498046875,0.001133094192482531
6580,1.851755976676941,0.001134661491960287
6581,1.8165559768676758,0.0011362903751432896
6582,1.8365559577941895,0.001137667102739215
6583,1.8114889860153198,0.001139249186962843
6584,1.8416229486465454,0.0011409108992666006
6585,1.8266890048980713,0.001142407301813364
6586,1.8266890048980713,0.0011436725035309792
6587,1.7714890241622925,0.0011450126767158508
6588,1.8066890239715576,0.0011465304996818304
6589,1.7413549423217773,0.0011483312118798494
6590,1.781622052192688,0.0011500928085297346
6591,1.7565549612045288,0.0011518483515828848
6592,1.8616230487823486,0.001153759192675352
6593,1.8216229677200317,0.0011555064702406526
6594,1.8616230487823486,0.0011571926297619939
6595,1.7864220142364502,0.001158744329586625
6596,1.8666900396347046,0.0011602791491895914
6597,1.8314900398254395,0.001161839347332716
6598,1.8866900205612183,0.0011631177039816976
6599,1.8666900396347046,0.001164451939985156
6600,1.8066890239715576,0.0011656270362436771
6601,0.8498769998550415,0.001167004695162177
6602,0.17386899888515472,0.0011685523204505444
6603,-0.02160000056028366,0.0011700957547873259
6604,-0.34213799238204956,0.0011717837769538164
6605,-0.6274750232696533,0.0011732249986380339
6606,-0.697609007358551,0.0011743821669369936
6607,-0.8528109788894653,0.0011757963802665472
6608,-1.0933469533920288,0.0011776137398555875
6609,-1.5490859746932983,0.0011798578780144453
6610,-1.7192209959030151,0.0011824923567473888
6611,-1.8344229459762573,0.0011848643189296126
6612,-1.8997570276260376,0.001187001122161746
6613,-1.9296239614486694,0.0011891750618815422
6614,-1.8696229457855225,0.0011915122158825397
6615,-1.8696229457855225,0.0011936002410948277
6616,-1.8946900367736816,0.0011953364592045546
6617,-1.8946900367736816,0.00119701586663723
6618,-1.8546899557113647,0.0011987409088760614
6619,-1.8445559740066528,0.0012004079762846231
6620,-1.8245559930801392,0.0012021851725876331
6621,-1.8546899557113647,0.0012037695851176977
6622,-1.8445559740066528,0.0012050156947225332
6623,-1.8594900369644165,0.0012062287423759699
6624,-1.8696229457855225,0.00120751210488379
6625,-1.8997570276260376,0.001209016889333725
6626,-1.8645570278167725,0.001210769871249795
6627,-1.8997570276260376,0.0012128639500588179
6628,-1.8794900178909302,0.0012151607079431415
6629,-1.9296239614486694,0.0012174511794000864
6630,-1.9197570085525513,0.0012199990451335907
6631,-1.9648250341415405,0.0012232305016368628
6632,-1.1584140062332153,0.0012259201612323523
6633,-0.2269359976053238,0.0012276084162294865
6634,-0.02160000056028366,0.001228840439580381
6635,0.2338699996471405,0.001229736371897161
6636,0.5696070194244385,0.0012301942333579063
6637,0.6146739721298218,0.0012301839888095856
6638,0.7498760223388672,0.0012297548819333315
6639,0.9352120161056519,0.0012291002785786986
6640,1.405884027481079,0.0012283569667488337
6641,1.646420955657959,0.0012274759355932474
6642,1.7914890050888062,0.0012263946700841188
6643,1.8365559577941895,0.0012250915169715881
6644,1.8666900396347046,0.0012236782349646091
6645,1.8165559768676758,0.0012222689110785723
6646,1.8314900398254395,0.0012207785621285439
6647,1.801622986793518,0.0012191880960017443
6648,1.8616230487823486,0.0012175686424598098
6649,1.7565549612045288,0.0012159425532445312
6650,1.781622052192688,0.001214341027662158
6651,1.7162879705429077,0.0012127484660595655
6652,1.781622052192688,0.0012111576506868005
6653,1.7765560150146484,0.0012095654383301735
6654,1.851755976676941,0.001207974855788052
6655,1.7914890050888062,0.0012063931208103895
6656,1.8616230487823486,0.0012048280332237482
6657,1.7914890050888062,0.0012032801751047373
6658,1.8616230487823486,0.0012017120607197285
6659,1.856557011604309,0.0012002515140920877
6660,1.8717570304870605,0.0011989171616733074
6661,1.851755976676941,0.0011976333335042
6662,1.906690001487732,0.001196694327518344
6663,1.4258840084075928,0.0011961471755057573
6664,0.39413800835609436,0.001195769989863038
6665,0.043733999133110046,0.0011953199282288551
6666,-0.14160199463367462,0.001194874057546258
6667,-0.5173400044441223,0.0011944102589040995
6668,-0.6125410199165344,0.0011937771923840046
6669,-0.7877429723739624,0.0011930579785257578
6670,-0.9080110192298889,0.0011919838143512607
6671,-1.3237500190734863,0.0011907509760931134
6672,-1.6392199993133545,0.0011895539937540889
6673,-1.7794890403747559,0.0011879742378368974
6674,-1.8845570087432861,0.0011863310355693102
6675,-1.949623942375183,0.0011845401022583246
6676,-1.874690055847168,0.001182336825877428
6677,-1.8946900367736816,0.00117962877266109
6678,-1.8496229648590088,0.0011762212961912155
6679,-1.874690055847168,0.0011718752793967724
6680,-1.8245559930801392,0.0011664233170449734
6681,-1.8344229459762573,0.0011595713440328836
6682,-1.789355993270874,0.0011513055069372058
6683,-1.8296229839324951,0.0011427574791014194
6684,-1.8045560121536255,0.0011343415826559067
6685,-1.8794900178909302,0.001126043382100761
6686,-1.8296229839324951,0.0011175842955708504
6687,-1.9096239805221558,0.001108738943003118
6688,-1.8496229648590088,0.001099204528145492
6689,-1.8997570276260376,0.0010896183084696531
6690,-1.8845570087432861,0.0010804533958435059
6691,-1.949623942375183,0.0010720222489908338
6692,-1.9146909713745117,0.001064429641701281
6693,-1.9698909521102905,0.0010579625377431512
6694,-1.9546910524368286,0.0010524403769522905
6695,-1.999758005142212,0.001047584810294211
6696,-1.9546910524368286,0.0010431957198306918
6697,-1.9848250150680542,0.0010393045376986265
6698,-1.9797580242156982,0.0010358504951000214
6699,-2.0149590969085693,0.001032552681863308
6700,-1.9346909523010254,0.0010289219208061695
6701,-1.9648250341415405,0.00102446717210114
6702,-1.9397579431533813,0.0010200650431215763
6703,-1.9546910524368286,0.0010158128570765257
6704,-1.8997570276260376,0.0010117327328771353
6705,-1.9597580432891846,0.0010076207108795643
6706,-1.874690055847168,0.001003418816253543
6707,-1.9296239614486694,0.000999091425910592
6708,-1.8845570087432861,0.0009947898797690868
6709,-1.944823980331421,0.0009903726167976856
6710,-1.8794900178909302,0.000985835213214159
6711,-1.9648250341415405,0.0009812315693125129
6712,-1.8696229457855225,0.0009765754221007228
6713,-1.9146909713745117,0.0009719368536025286
6714,-1.874690055847168,0.0009673315216787159
6715,-1.9096239805221558,0.0009627477847971022
6716,-1.8645570278167725,0.0009582390775904059
6717,-1.874690055847168,0.000953764480073005
6718,-1.8794900178909302,0.0009493867983110249
6719,-1.9146909713745117,0.0009449998033232987
6720,-1.8645570278167725,0.0009405951714143157
6721,-1.8946900367736816,0.0009360661497339606
6722,-1.8645570278167725,0.0009314144263044
6723,-1.9045569896697998,0.0009264189284294844
6724,-1.8645570278167725,0.0009210783755406737
6725,-1.8144229650497437,0.0009155345032922924
6726,-0.8229439854621887,0.0009097126894630492
6727,-0.086667999625206,0.0009035483235493302
6728,0.10880099982023239,0.0008972520008683205
6729,0.37920498847961426,0.0008905637077987194
6730,0.659741997718811,0.0008831932791508734
6731,0.6896089911460876,0.0008752926369197667
6732,0.8298770189285278,0.0008676773868501186
6733,1.1154810190200806,0.0008604229660704732
6734,1.5109519958496094,0.0008531518978998065
6735,1.6864210367202759,0.0008457829826511443
6736,1.8416229486465454,0.0008382423548027873
6737,1.851755976676941,0.0008307499228976667
6738,1.8717570304870605,0.0008222219767048955
6739,1.7914890050888062,0.0008129752823151648
6740,1.851755976676941,0.0008024084381759167
6741,1.8216229677200317,0.0007905660895630717
6742,1.8314900398254395,0.0007782115717418492
6743,1.7314879894256592,0.0007650908082723618
6744,1.8114889860153198,0.0007520938524976373
6745,1.7365549802780151,0.0007401689072139561
6746,1.781622052192688,0.0007286654436029494
6747,1.7765560150146484,0.0007177037768997252
6748,1.8314900398254395,0.0007070733699947596
6749,1.7914890050888062,0.0006960442988201976
6750,1.846690058708191,0.0006845779716968536
6751,1.8165559768676758,0.0006732033798471093
6752,1.8717570304870605,0.00066282699117437
6753,1.8314900398254395,0.0006540998001582921
6754,1.8816239833831787,0.000646509462967515
6755,1.8666900396347046,0.0006399017293006182
6756,1.911756992340088,0.0006338600651361048
6757,1.9266910552978516,0.0006285764393396676
6758,1.9266910552978516,0.0006237445631995797
6759,1.911756992340088,0.0006192405708134174
6760,1.9466910362243652,0.0006151426350697875
6761,1.9016239643096924,0.0006110190879553556
6762,1.9368239641189575,0.0006070148665457964
6763,1.9016239643096924,0.0006040402222424746
6764,1.9218909740447998,0.0006016535917297006
6765,1.8666900396347046,0.0005993392551317811
6766,1.906690001487732,0.0005970953498035669
6767,1.851755976676941,0.0005948838079348207
6768,1.8968240022659302,0.0005926720332354307
6769,1.8616230487823486,0.0005905245197936893
6770,1.8666900396347046,0.0005885859136469662
6771,1.8266890048980713,0.0005866705905646086
6772,1.8616230487823486,0.0005847561988048255
6773,1.8066890239715576,0.0005828339490108192
6774,1.846690058708191,0.0005809201975353062
6775,1.856557011604309,0.0005790083669126034
6776,1.8616230487823486,0.0005771128926426172
6777,1.8165559768676758,0.0005752089200541377
6778,1.8616230487823486,0.000573312456253916
6779,1.8266890048980713,0.0005714335129596293
6780,1.8616230487823486,0.0005695699946954846
6781,1.8266890048980713,0.0005676846485584974
6782,1.8266890048980713,0.0005658256122842431
6783,1.8066890239715576,0.0005639346200041473
6784,1.8314900398254395,0.0005620433366857469
6785,1.8165559768676758,0.000560138956643641
6786,1.8816239833831787,0.0005580693250522017
6787,1.8066890239715576,0.0005559787387028337
6788,1.416018009185791,0.0005539507837966084
6789,0.3040040135383606,0.0005521354614757001
6790,0.028534000739455223,0.0005503261345438659
6791,-0.252003014087677,0.000548773561604321
6792,-0.5424069762229919,0.000547597068361938
6793,-0.7026749849319458,0.0005468981107696891
6794,-0.7877429723739624,0.0005463663255795836
6795,-0.9880120158195496,0.0005463601555675268
6796,-1.3037500381469727,0.0005467226728796959
6797,-1.714421033859253,0.000547504227142781
6798,-1.7594890594482422,0.0005491332267411053
6799,-1.9146909713745117,0.0005508539034053683
6800,-1.889623999595642,0.0005525999004021287
6801,-1.8794900178909302,0.0005541549762710929
6802,-1.8696229457855225,0.0005557041149586439
6803,-1.8845570087432861,0.0005575789837166667
6804,-1.8645570278167725,0.0005597571143880486
6805,-1.9346909523010254,0.0005616407142952085
6806,-1.8144229650497437,0.0005634546396322548
6807,-1.8496229648590088,0.0005649400409311056
6808,-1.8296229839324951,0.0005664727068506181
6809,-1.8645570278167725,0.0005683867493644357
6810,-1.8245559930801392,0.0005700277979485691
6811,-1.9045569896697998,0.0005714435828849673
6812,-1.8696229457855225,0.000572685559745878
6813,-1.9245569705963135,0.0005738115287385881
6814,-1.8794900178909302,0.0005751045537181199
6815,-1.9146909713745117,0.0005764579982496798
6816,-1.8997570276260376,0.0005775333265773952
6817,-1.9848250150680542,0.0005787156405858696
6818,-1.9346909523010254,0.0005803543608635664
6819,-1.724287986755371,0.0005823933752253652
6820,-0.537339985370636,0.0005855788476765156
6821,-0.1165350005030632,0.0005891146138310432
6822,0.08880099654197693,0.0005926943849772215
6823,0.39413800835609436,0.000596114550717175
6824,0.664542019367218,0.0005990404170006514
6825,0.6797419786453247,0.0006016663974151015
6826,0.8248100280761719,0.0006040213629603386
6827,1.1754809617996216,0.0006062520551495254
6828,1.5861530303955078,0.0006083997432142496
6829,1.6914880275726318,0.0006103520863689482
6830,1.8765569925308228,0.0006120505859144032
6831,1.851755976676941,0.0006135474541224539
6832,1.8616230487823486,0.0006151195848360658
6833,1.801622986793518,0.0006166656967252493
6834,1.8816239833831787,0.0006181386997923255
6835,1.8114889860153198,0.0006195345195010304
6836,1.8266890048980713,0.000620923237875104
6837,1.7565549612045288,0.0006223323289304972
6838,1.796555995941162,0.000623755098786205
6839,1.7314879894256592,0.0006251816521398723
6840,1.781622052192688,0.0006266192067414522
6841,1.7514890432357788,0.0006280610105022788
6842,1.8216229677200317,0.0006294928025454283
6843,1.8216229677200317,0.000630919064860791
6844,1.8717570304870605,0.0006323432899080217
6845,1.8416229486465454,0.000633788004051894
6846,1.8717570304870605,0.0006352096679620445
6847,1.851755976676941,0.000636660261079669
6848,1.8816239833831787,0.0006380903068929911
6849,1.8717570304870605,0.0006395377567969263
6850,1.9466910362243652,0.0006410011555999517
6851,1.911756992340088,0.0006425505271181464
6852,1.9669580459594727,0.0006441437290050089
6853,1.8666900396347046,0.0006458322750404477
6854,1.911756992340088,0.0006475650006905198
6855,1.911756992340088,0.0006494304398074746
6856,1.906690001487732,0.0006513682310469449
6857,1.8616230487823486,0.0006532157422043383
6858,1.8917570114135742,0.0006548750679939985
6859,1.8666900396347046,0.0006565237999893725
6860,1.8866900205612183,0.0006581330671906471
6861,1.856557011604309,0.0006599035114049911
6862,1.9218909740447998,0.00066176219843328
6863,1.8666900396347046,0.0006635872414335608
6864,1.8866900205612183,0.0006651966832578182
6865,1.851755976676941,0.0006665268447250128
6866,1.8717570304870605,0.000667559274006635
6867,1.8666900396347046,0.0006688958965241909
6868,1.8616230487823486,0.0006704593542963266
6869,1.8165559768676758,0.0006719799130223691
6870,1.8717570304870605,0.0006732753827236593
6871,1.8365559577941895,0.0006747975130565464
6872,1.8717570304870605,0.0006766488659195602
6873,1.8266890048980713,0.0006785615114495158
6874,1.8765569925308228,0.0006804328877478838
6875,1.8066890239715576,0.0006823885487392545
6876,1.851755976676941,0.0006842081202194095
6877,1.8314900398254395,0.0006862194277346134
6878,1.851755976676941,0.000688569329213351
6879,1.8114889860153198,0.0006907960632815957
6880,1.8666900396347046,0.0006928815273568034
6881,1.7914890050888062,0.000694527174346149
6882,1.8717570304870605,0.0006957235746085644
6883,1.8314900398254395,0.0006960936589166522
6884,1.8114889860153198,0.000695672002620995
6885,1.8165559768676758,0.0006949244998395443
6886,1.8666900396347046,0.0006933222757652402
6887,1.7914890050888062,0.0006908369832672179
6888,1.9016239643096924,0.0006891537923365831
6889,1.8365559577941895,0.0006890518125146627
6890,1.8616230487823486,0.0006892543751746416
6891,1.856557011604309,0.00068941485369578
6892,1.8416229486465454,0.0006898664869368076
6893,1.8066890239715576,0.0006908706855028868
6894,1.8717570304870605,0.0006919479928910732
6895,1.8066890239715576,0.0006929517257958651
6896,1.8616230487823486,0.0006939299637451768
6897,1.8114889860153198,0.0006947477231733501
6898,1.856557011604309,0.0006957747973501682
6899,1.8314900398254395,0.0006972538540139794
6900,1.8666900396347046,0.0006982575869187713
6901,1.801622986793518,0.0006990916444920003
6902,1.851755976676941,0.0006998454919084907
6903,1.8266890048980713,0.0007004658109508455
6904,1.8314900398254395,0.0007013300783000886
6905,1.8066890239715576,0.0007018157630227506
6906,1.846690058708191,0.0007021015626378357
6907,1.8216229677200317,0.0007025423110462725
6908,1.851755976676941,0.0007029448170214891
6909,1.8066890239715576,0.0007034282316453755
6910,1.8616230487823486,0.0007037909235805273
6911,1.8066890239715576,0.0007040756172500551
6912,1.8717570304870605,0.0007043190998956561
6913,1.3608169555664062,0.0007046065293252468
6914,0.36907100677490234,0.0007051060674712062
6915,0.02346700057387352,0.000705352402292192
6916,-0.20186899602413177,0.0007052739383652806
6917,-0.597341001033783,0.0007049948908388615
6918,-0.6826750040054321,0.0007044302183203399
6919,-0.8429440259933472,0.0007037020986899734
6920,-0.9730790257453918,0.0007028569234535098
6921,-1.3688169717788696,0.0007018776959739625
6922,-1.6992210149765015,0.0007009885157458484
6923,-1.8496229648590088,0.0007006273954175413
6924,-1.9146909713745117,0.0007002073107287288
6925,-1.9296239614486694,0.0006996029987931252
6926,-1.8997570276260376,0.0006987797096371651
6927,-1.9245569705963135,0.0006979057798162103
6928,-1.8794900178909302,0.0006972979172132909
6929,-1.9146909713745117,0.0006970622343942523
6930,-1.8645570278167725,0.0006964827771298587
6931,-1.8546899557113647,0.0006958582671359181
6932,-1.8296229839324951,0.0006948922527953982
6933,-1.8394900560379028,0.0006939723971299827
6934,-1.7944220304489136,0.0006934881675988436
6935,-1.9045569896697998,0.0006927106296643615
6936,-1.8794900178909302,0.0006917439750395715
6937,-1.9045569896697998,0.0006905604968778789
6938,-1.874690055847168,0.0006892174715176225
6939,-1.9245569705963135,0.00068804802140221
6940,-1.8794900178909302,0.0006870290962979198
6941,-1.9296239614486694,0.0006859268760308623
6942,-1.9346909523010254,0.0006848351913504303
6943,-1.9546910524368286,0.0006838303525000811
6944,-1.9346909523010254,0.0006828167825005949
6945,-2.024825096130371,0.0006818369147367775
6946,-1.9648250341415405,0.000680933240801096
6947,-1.9848250150680542,0.0006800205446779728
6948,-1.9546910524368286,0.0006792116910219193
6949,-2.0149590969085693,0.0006785204168409109
6950,-1.949623942375183,0.0006780450930818915
6951,-1.949623942375183,0.0006777145899832249
6952,-1.9346909523010254,0.000677448115311563
6953,-1.944823980331421,0.0006772717460989952
6954,-1.9245569705963135,0.0006771379266865551
6955,-1.949623942375183,0.0006770496838726103
6956,-1.8794900178909302,0.0006769729661755264
6957,-1.9346909523010254,0.0006769004976376891
6958,-1.9146909713745117,0.0006768260500393808
6959,-1.9296239614486694,0.0006767651648260653
6960,-1.8794900178909302,0.0006767089944332838
6961,-1.9096239805221558,0.0006766230799257755
6962,-1.8645570278167725,0.0006765391444787383
6963,-1.8997570276260376,0.0006764401914551854
6964,-1.8645570278167725,0.0006763567216694355
6965,-1.9146909713745117,0.0006762854172848165
6966,-1.9045569896697998,0.0006762286648154259
6967,-1.9648250341415405,0.0006761684780940413
6968,-1.8645570278167725,0.0006761095719411969
6969,-1.9045569896697998,0.0006760803516954184
6970,-1.8394900560379028,0.0006760809337720275
6971,-1.9296239614486694,0.0006760621909052134
6972,-1.8845570087432861,0.0006760574178770185
6973,-1.9045569896697998,0.0006760500837117434
6974,-1.889623999595642,0.0006759979296475649
6975,-1.9045569896697998,0.0006759738898836076
6976,-1.8946900367736816,0.0006759850075468421
6977,-1.889623999595642,0.0006760935066267848
6978,-1.8946900367736816,0.0006762737175449729
6979,-1.8794900178909302,0.0006767529994249344
6980,-1.8546899557113647,0.0006775718065910041
6981,-1.9245569705963135,0.0006786325247958302
6982,-1.8645570278167725,0.0006799357361160219
6983,-1.9146909713745117,0.0006815306842327118
6984,-1.8546899557113647,0.0006833495572209358
6985,-1.9245569705963135,0.0006852421211078763
6986,-1.8645570278167725,0.0006870109355077147
6987,-1.9146909713745117,0.0006884410395286977
6988,-1.8794900178909302,0.0006894050166010857
6989,-1.9045569896697998,0.000690310844220221
6990,-1.8845570087432861,0.0006913727265782654
6991,-1.9245569705963135,0.0006924246554262936
6992,-1.8794900178909302,0.0006931878160685301
6993,-1.8997570276260376,0.0006934491102583706
6994,-1.8696229457855225,0.0006940478342585266
6995,-1.9197570085525513,0.0006946431822143495
6996,-1.8845570087432861,0.0006955144344829023
6997,-1.9346909523010254,0.000696380331646651
6998,-1.8696229457855225,0.0006968455272726715
6999,-1.9096239805221558,0.000697452574968338
7000,-1.874690055847168,0.0006983735365793109
7001,-1.8794900178909302,0.0006992261623963714
7002,-1.8394900560379028,0.0007002920610830188
7003,-1.9245569705963135,0.0007012663409113884
7004,-1.8394900560379028,0.0007019775221124291
7005,-1.8946900367736816,0.0007027520332485437
7006,-1.8344229459762573,0.0007033406291157007
7007,-1.2034820318222046,0.0007036179886199534
7008,-0.20186899602413177,0.0007036338211037219
7009,-0.02160000056028366,0.0007033225265331566
7010,0.3290709853172302,0.0007031657733023167
7011,0.5896070003509521,0.0007032220019027591
7012,0.7048090100288391,0.0007034974987618625
7013,0.7498760223388672,0.0007040103664621711
7014,1.0504130125045776,0.0007046855753287673
7015,1.4258840084075928,0.0007054608431644738
7016,1.7264219522476196,0.0007062070071697235
7017,1.801622986793518,0.0007071230793371797
7018,1.906690001487732,0.0007086358964443207
7019,1.8666900396347046,0.0007100974326021969
7020,1.8917570114135742,0.0007114618783816695
7021,1.8114889860153198,0.0007127014687284827
7022,1.856557011604309,0.0007138269720599055
7023,1.781622052192688,0.0007151977624744177
7024,1.7714890241622925,0.000716877228114754
7025,1.7413549423217773,0.0007181477267295122
7026,1.8066890239715576,0.0007193424389697611
7027,1.7514890432357788,0.000720393203664571
7028,1.8114889860153198,0.0007213641656562686
7029,1.7514890432357788,0.000722578726708889
7030,1.8416229486465454,0.0007233967771753669
7031,1.8165559768676758,0.0007239857222884893
7032,1.8765569925308228,0.0007247190224006772
7033,1.8266890048980713,0.0007254040101543069
7034,1.8866900205612183,0.0007261442951858044
7035,1.8616230487823486,0.0007265176391229033
7036,1.8816239833831787,0.0007269082125276327
7037,1.8765569925308228,0.0007271933136507869
7038,1.9568239450454712,0.0007274583913385868
7039,1.911756992340088,0.0007277789991348982
7040,1.9418909549713135,0.0007280312129296362
7041,1.9218909740447998,0.0007282295846380293
7042,1.9168239831924438,0.0007286057807505131
7043,1.8866900205612183,0.0007291543879546225
7044,1.9218909740447998,0.0007299977587535977
7045,1.8616230487823486,0.0007307791383937001
7046,1.9266910552978516,0.0007313241367228329
7047,1.8816239833831787,0.0007318337447941303
7048,1.9266910552978516,0.0007326720515266061
7049,1.8666900396347046,0.0007331404485739768
7050,1.911756992340088,0.0007334089605137706
7051,1.8765569925308228,0.0007335433037951589
7052,1.8616230487823486,0.0007339154835790396
7053,1.856557011604309,0.0007337974384427071
7054,1.9016239643096924,0.0007329547079280019
7055,1.8216229677200317,0.0007322832243517041
7056,1.8717570304870605,0.0007318189600482583
7057,1.8416229486465454,0.0007315166876651347
7058,1.8666900396347046,0.0007309217471629381
7059,1.8416229486465454,0.0007299966528080404
7060,1.8866900205612183,0.0007287729531526566
7061,1.8165559768676758,0.0007278330740518868
7062,1.8616230487823486,0.0007267536129802465
7063,1.8266890048980713,0.0007260272977873683
7064,1.8416229486465454,0.0007253686198964715
7065,1.8266890048980713,0.0007245949236676097
7066,1.8365559577941895,0.0007241748971864581
7067,1.8114889860153198,0.0007240423001348972
7068,1.8416229486465454,0.0007239969563670456
7069,1.781622052192688,0.0007243620930239558
7070,1.8616230487823486,0.0007243998115882277
7071,1.8165559768676758,0.0007243060972541571
7072,1.8717570304870605,0.0007248102338053286
7073,1.8165559768676758,0.0007253006333485246
7074,1.8866900205612183,0.0007252508075907826
7075,1.8266890048980713,0.0007245203014463186
7076,1.8866900205612183,0.0007222790736705065
7077,1.8266890048980713,0.0007195935468189418
7078,1.8917570114135742,0.0007161448593251407
7079,1.8266890048980713,0.0007125045522116125
7080,1.8717570304870605,0.0007093069143593311
7081,1.8666900396347046,0.0007058679475449026
7082,1.8616230487823486,0.0007026586099527776
7083,1.796555995941162,0.0006997906602919102
7084,1.8717570304870605,0.0006970082758925855
7085,1.851755976676941,0.0006942087202332914
7086,1.856557011604309,0.0006912738899700344
7087,1.8114889860153198,0.0006887022173032165
7088,1.8816239833831787,0.0006857297848910093
7089,1.8365559577941895,0.0006829953053966165
7090,1.8365559577941895,0.0006806699093431234
7091,1.8416229486465454,0.0006783946300856769
7092,1.8616230487823486,0.0006762995617464185
7093,1.8165559768676758,0.0006741532124578953
7094,1.856557011604309,0.0006721304962411523
7095,1.8314900398254395,0.0006701842648908496
7096,1.8416229486465454,0.0006684047402814031
7097,1.8165559768676758,0.0006664341781288385
7098,1.846690058708191,0.0006650539580732584
7099,1.7914890050888062,0.0006639970233663917
7100,1.8666900396347046,0.0006629365961998701
7101,1.8066890239715576,0.0006617732578888535
7102,1.8717570304870605,0.0006609060801565647
7103,1.851755976676941,0.0006607511313632131
7104,1.851755976676941,0.0006608372204937041
7105,1.8216229677200317,0.0006600786582566798
7106,1.8616230487823486,0.0006591101409867406
7107,1.801622986793518,0.0006584759103134274
7108,1.856557011604309,0.00065890874247998
7109,1.8216229677200317,0.0006594317383132875
7110,1.8365559577941895,0.000659023062326014
7111,1.8066890239715576,0.0006582920905202627
7112,1.8765569925308228,0.0006578273605555296
7113,1.8365559577941895,0.0006582881323993206
7114,1.8765569925308228,0.0006594258593395352
7115,1.851755976676941,0.0006596894818358123
7116,1.9016239643096924,0.0006594556616619229
7117,1.851755976676941,0.0006592897698283195
7118,1.8866900205612183,0.0006598907639272511
7119,1.8616230487823486,0.000660897116176784
7120,1.8616230487823486,0.0006617804756388068
7121,1.8216229677200317,0.0006620961939916015
7122,1.856557011604309,0.000662568723782897
7123,1.7914890050888062,0.0006635757745243609
7124,1.8314900398254395,0.0006647205445915461
7125,1.8314900398254395,0.0006652346928603947
7126,1.8314900398254395,0.000665593019220978
7127,1.801622986793518,0.0006659120554104447
7128,1.8616230487823486,0.0006664555403403938
7129,1.8165559768676758,0.0006662147352471948
7130,1.846690058708191,0.0006658537895418704
7131,1.7664220333099365,0.0006653929012827575
7132,1.1453479528427124,0.0006638651248067617
7133,0.17893600463867188,0.0006615892052650452
7134,-0.006399999838322401,0.0006587126990780234
7135,-0.33200401067733765,0.0006559695466421545
7136,-0.6125410199165344,0.0006534946151077747
7137,-0.7677429914474487,0.0006510905222967267
7138,-0.8328099846839905,0.000648917630314827
7139,-1.0682799816131592,0.0006474678521044552
7140,-1.4538849592208862,0.0006468652281910181
7141,-1.7594890594482422,0.0006467837374657393
7142,-1.8344229459762573,0.0006473594112321734
7143,-1.9146909713745117,0.0006480817683041096
7144,-1.9045569896697998,0.0006484694313257933
7145,-1.9146909713745117,0.0006482843309640884
7146,-1.8997570276260376,0.0006481044692918658
7147,-1.9146909713745117,0.0006481262389570475
7148,-1.8794900178909302,0.0006479358999058604
7149,-1.8594900369644165,0.0006472198874689639
7150,-1.8394900560379028,0.0006465617334470153
7151,-1.8645570278167725,0.0006461886805482209
7152,-1.7744220495224,0.0006458726711571217
7153,-1.8546899557113647,0.0006457635900005698
7154,-1.8496229648590088,0.0006454404210671782
7155,-1.8645570278167725,0.0006446245824918151
7156,-1.8394900560379028,0.0006443702732212842
7157,-1.8845570087432861,0.0006442554877139628
7158,-1.874690055847168,0.0006439872668124735
7159,-1.9197570085525513,0.0006437274860218167
7160,-1.874690055847168,0.0006434677052311599
7161,-1.9245569705963135,0.0006437678821384907
7162,-1.889623999595642,0.0006446117768064141
7163,-1.4890849590301514,0.0006453306414186954
7164,-0.3269369900226593,0.0006456589326262474
7165,-0.1016009971499443,0.0006454468821175396
7166,0.18373599648475647,0.0006452040397562087
7167,0.4794729948043823,0.0006449675420299172
7168,0.609607994556427,0.0006448235362768173
7169,0.6696079969406128,0.0006443955935537815
7170,0.9552119970321655,0.0006434879032894969
7171,1.2456159591674805,0.0006425111787393689
7172,1.6613539457321167,0.0006414932431653142
7173,1.7213549613952637,0.0006406110478565097
7174,1.856557011604309,0.000639665056951344
7175,1.8266890048980713,0.0006384960724972188
7176,1.8416229486465454,0.0006372616626322269
7177,1.7914890050888062,0.00063608109485358
7178,1.8314900398254395,0.0006347170565277338
7179,1.781622052192688,0.0006328037707135081
7180,1.8066890239715576,0.0006309436867013574
7181,1.7314879894256592,0.0006291692843660712
7182,1.7314879894256592,0.0006276085041463375
7183,1.7064210176467896,0.0006260131485760212
7184,1.8066890239715576,0.0006240269867703319
7185,1.7664220333099365,0.000621622777543962
7186,1.856557011604309,0.000619496451690793
7187,1.8266890048980713,0.0006174021400511265
7188,1.8616230487823486,0.0006157417665235698
7189,1.8165559768676758,0.000614119169767946
7190,1.8616230487823486,0.0006122433114796877
7191,1.8314900398254395,0.000610922637861222
7192,1.8717570304870605,0.0006102817133069038
7193,1.851755976676941,0.0006104284548200667
7194,1.6712210178375244,0.0006107598310336471
7195,0.5696070194244385,0.0006112473784014583
7196,0.08880099654197693,0.0006116541335359216
7197,-0.09653499722480774,0.0006117136217653751
7198,-0.41227200627326965,0.0006116211879998446
7199,-0.637607991695404,0.0006116890581324697
7200,-0.6776080131530762,0.000611546856816858
7201,-0.8629440069198608,0.0006114579155109823
7202,-1.1733479499816895,0.000611080089583993
7203,-1.6141539812088013,0.0006103314808569849
7204,-1.7493549585342407,0.000609492533840239
7205,-1.8794900178909302,0.0006080828607082367
7206,-1.8794900178909302,0.0006063765613362193
7207,-1.9296239614486694,0.000604502041824162
7208,-1.8794900178909302,0.0006022577872499824
7209,-1.9096239805221558,0.0006001950241625309
7210,-1.8696229457855225,0.00059798255097121
7211,-1.8696229457855225,0.0005963196163065732
7212,-1.8194890022277832,0.0005945145967416465
7213,-1.8496229648590088,0.0005931411287747324
7214,-1.7794890403747559,0.0005914454814046621
7215,-1.8296229839324951,0.0005900529213249683
7216,-1.7994890213012695,0.000588241673540324
7217,-1.8794900178909302,0.000586458423640579
7218,-1.8546899557113647,0.0005848287255503237
7219,-1.8845570087432861,0.0005829669535160065
7220,-1.8696229457855225,0.0005815221811644733
7221,-1.9296239614486694,0.0005796690238639712
7222,-1.9146909713745117,0.0005779268103651702
7223,-1.9648250341415405,0.0005761691136285663
7224,-1.9146909713745117,0.0005742389475926757
7225,-1.999758005142212,0.0005721774650737643
7226,-1.9546910524368286,0.0005697966553270817
7227,-2.0048251152038574,0.0005673051346093416
7228,-1.9698909521102905,0.0005648051155731082
7229,-1.9746910333633423,0.0005620999727398157
7230,-1.9546910524368286,0.0005592479137703776
7231,-1.9797580242156982,0.000556288636289537
7232,-1.9546910524368286,0.0005532533396035433
7233,-1.9848250150680542,0.000550196913536638
7234,-1.9045569896697998,0.0005471133626997471
7235,-1.9746910333633423,0.0005440120003186166
7236,-1.949623942375183,0.0005409012082964182
7237,-1.9546910524368286,0.000537763989996165
7238,-1.9045569896697998,0.0005346368416212499
7239,-1.9245569705963135,0.0005315117305144668
7240,-1.8794900178909302,0.0005283795762807131
7241,-1.9146909713745117,0.0005252478877082467
7242,-1.874690055847168,0.0005221243482083082
7243,-1.9146909713745117,0.0005190027877688408
7244,-1.8496229648590088,0.0005158884450793266
7245,-1.8997570276260376,0.0005127891199663281
7246,-1.8546899557113647,0.0005096915410831571
7247,-1.8794900178909302,0.0005065936129540205
7248,-1.8296229839324951,0.0005034940550103784
7249,-1.9245569705963135,0.0005003901896998286
7250,-1.8794900178909302,0.0004973108880221844
7251,-1.8997570276260376,0.0004942294326610863
7252,-1.8496229648590088,0.0004911497817374766
7253,-1.8645570278167725,0.00048806570703163743
7254,-1.8546899557113647,0.00048500197590328753
7255,-1.889623999595642,0.00048191146925091743
7256,-1.8645570278167725,0.0004787994548678398
7257,-1.874690055847168,0.0004757310380227864
7258,-1.8245559930801392,0.0004727020859718323
7259,-1.889623999595642,0.0004697487747762352
7260,-1.8394900560379028,0.00046694837510585785
7261,-1.8794900178909302,0.0004645164590328932
7262,-1.8445559740066528,0.00046234956244006753
7263,-1.8997570276260376,0.00046040109009481966
7264,-1.8696229457855225,0.0004587857110891491
7265,-1.9296239614486694,0.0004574380873236805
7266,-1.9045569896697998,0.0004562117683235556
7267,-1.889623999595642,0.00045495061203837395
7268,-1.874690055847168,0.00045343153760768473
7269,-1.9045569896697998,0.0004514434258453548
7270,-1.889623999595642,0.0004493058077059686
7271,-1.8997570276260376,0.0004471957799978554
7272,-1.8546899557113647,0.000445184123236686
7273,-1.9245569705963135,0.00044301460729911923
7274,-1.874690055847168,0.0004403087659738958
7275,-1.9397579431533813,0.0004377276636660099
7276,-1.8546899557113647,0.0004352799733169377
7277,-1.9146909713745117,0.0004329801886342466
7278,-1.8645570278167725,0.0004307998460717499
7279,-1.9146909713745117,0.00042838920489884913
7280,-1.889623999595642,0.00042567565105855465
7281,-1.9096239805221558,0.0004233956860844046
7282,-1.9045569896697998,0.000421198143158108
7283,-1.9245569705963135,0.00041914769099093974
7284,-1.8794900178909302,0.00041717960266396403
7285,-1.9245569705963135,0.0004149673040956259
7286,-1.8496229648590088,0.00041315535781905055
7287,-1.9245569705963135,0.0004115714109502733
7288,-1.8496229648590088,0.00040984488441608846
7289,-1.8997570276260376,0.00040817339322529733
7290,-1.874690055847168,0.000406438804930076
7291,-1.9045569896697998,0.0004050685092806816
7292,-1.8794900178909302,0.0004036750178784132
7293,-1.949623942375183,0.0004024021327495575
7294,-1.874690055847168,0.0004011447017546743
7295,-1.8997570276260376,0.00039986218325793743
7296,-1.874690055847168,0.0003986468946095556
7297,-1.8997570276260376,0.0003974911232944578
7298,-1.9096239805221558,0.0003963205381296575
7299,-1.9346909523010254,0.00039504453889094293
7300,-1.889623999595642,0.000393441878259182
7301,-1.949623942375183,0.0003917660505976528
7302,-1.889623999595642,0.0003902307653333992
7303,-1.8997570276260376,0.00038860528729856014
7304,-1.8496229648590088,0.00038657570257782936
7305,-1.9397579431533813,0.0003847345360554755
7306,-1.8496229648590088,0.00038309209048748016
7307,-1.9146909713745117,0.00038139638490974903
7308,-1.8546899557113647,0.0003792282659560442
7309,-1.874690055847168,0.0003773586358875036
7310,-1.8645570278167725,0.0003757048398256302
7311,-1.9197570085525513,0.0003739517123904079
7312,-1.8594900369644165,0.00037202535895630717
7313,-1.9245569705963135,0.0003701570094563067
7314,-1.8546899557113647,0.000368533335858956
7315,-1.9296239614486694,0.0003668751160148531
7316,-1.8946900367736816,0.00036516040563583374
7317,-1.8997570276260376,0.00036346662091091275
7318,-1.8845570087432861,0.00036198674933984876
7319,-1.9197570085525513,0.00036048205220140517
7320,-1.9197570085525513,0.00035887397825717926
7321,-1.9296239614486694,0.00035700752050615847
7322,-1.889623999595642,0.00035506091080605984
7323,-1.9397579431533813,0.0003530774265527725
7324,-1.8794900178909302,0.0003511666727717966
7325,-1.8997570276260376,0.00034897736622951925
7326,-1.8696229457855225,0.0003469279035925865
7327,-1.9096239805221558,0.0003449559153523296
7328,-1.8546899557113647,0.00034265214344486594
7329,-1.9397579431533813,0.0003402380389161408
7330,-1.8645570278167725,0.00033786791027523577
7331,-1.9045569896697998,0.000335753575200215
7332,-1.8696229457855225,0.00033400190295651555
7333,-1.944823980331421,0.00033234100556001067
7334,-1.8845570087432861,0.00033125095069408417
7335,-1.9397579431533813,0.0003302983532194048
7336,-1.9045569896697998,0.0003290340246167034
7337,-1.889623999595642,0.00032802438363432884
7338,-1.8997570276260376,0.00032679253490641713
7339,-1.9146909713745117,0.0003253098693676293
7340,-1.8794900178909302,0.00032378965988755226
7341,-1.8696229457855225,0.0003223068197257817
7342,-1.8645570278167725,0.0003209848946426064
7343,-1.9146909713745117,0.00031928374664857984
7344,-1.8645570278167725,0.00031798394047655165
7345,-1.9245569705963135,0.0003164357040077448
7346,-1.8997570276260376,0.00031448324443772435
7347,-1.889623999595642,0.00031247027800418437
7348,-1.9245569705963135,0.00031028848025016487
7349,-1.9245569705963135,0.00030813628109171987
7350,-1.8594900369644165,0.00030586394132114947
7351,-1.9296239614486694,0.0003035152330994606
7352,-1.8997570276260376,0.0003010018263012171
7353,-1.8997570276260376,0.0002986755280289799
7354,-1.8645570278167725,0.00029578531393781304
7355,-1.9346909523010254,0.0002925797598436475
7356,-1.889623999595642,0.00028938858304172754
7357,-1.8946900367736816,0.00028628125437535346
7358,-1.889623999595642,0.00028290459886193275
7359,-1.9397579431533813,0.00027878163382411003
7360,-1.889623999595642,0.0002744322700891644
7361,-1.9045569896697998,0.000270920863840729
7362,-1.8946900367736816,0.00026762468041852117
7363,-1.9346909523010254,0.0002639804151840508
7364,-1.874690055847168,0.00025928602553904057
7365,-1.944823980331421,0.0002544749004300684
7366,-1.8794900178909302,0.00025061462656594813
7367,-1.9597580432891846,0.00024707644479349256
7368,-1.874690055847168,0.00024326231505256146
7369,-1.9045569896697998,0.00023851513105910271
7370,-1.8696229457855225,0.00023309739481192082
7371,-1.8845570087432861,0.00022854267444927245
7372,-1.8997570276260376,0.0002244882343802601
7373,-1.9146909713745117,0.0002203536278102547
7374,-1.8696229457855225,0.0002154464164050296
7375,-1.9197570085525513,0.00021012996148783714
7376,-1.874690055847168,0.0002049323229584843
7377,-1.9146909713745117,0.00020027774735353887
7378,-1.8645570278167725,0.00019548236741684377
7379,-1.8997570276260376,0.00019014612189494073
7380,-1.8696229457855225,0.00018470028589945287
7381,-1.9296239614486694,0.0001798817829694599
7382,-1.874690055847168,0.0001752372772898525
7383,-1.9096239805221558,0.00017062760889530182
7384,-1.8794900178909302,0.0001657983084442094
7385,-1.9397579431533813,0.00016176211647689342
7386,-1.8997570276260376,0.00015784482820890844
7387,-1.9296239614486694,0.00015400971460621804
7388,-1.889623999595642,0.0001512614544481039
7389,-1.9146909713745117,0.0001492716110078618
7390,-1.889623999595642,0.00014787795953452587
7391,-1.9648250341415405,0.00014650876983068883
7392,-1.874690055847168,0.00014492878108285367
7393,-1.9296239614486694,0.00014350819401443005
7394,-1.889623999595642,0.00014204424223862588
7395,-1.9146909713745117,0.00014034417108632624
7396,-1.874690055847168,0.00013839002349413931
7397,-1.9397579431533813,0.00013624706480186433
7398,-1.9146909713745117,0.00013401794421952218
7399,-1.9296239614486694,0.00013182879774831235
7400,-1.9096239805221558,0.00012967635120730847
7401,-1.9146909713745117,0.00012754758063238114
7402,-1.8946900367736816,0.00012544007040560246
7403,-1.9197570085525513,0.0001233671064255759
7404,-1.889623999595642,0.00012133597192587331
7405,-1.9146909713745117,0.00011933082714676857
7406,-1.889623999595642,0.00011739328328985721
7407,-1.9245569705963135,0.00011539893603185192
7408,-1.8496229648590088,0.00011351921421010047
7409,-1.8997570276260376,0.00011171065852977335
7410,-1.874690055847168,0.00011005461419699714
7411,-1.9045569896697998,0.00010860462498385459
7412,-1.889623999595642,0.00010746601037681103
7413,-1.4338849782943726,0.00010675230441847816
7414,-0.2818700075149536,0.0001065588221536018
7415,-0.03653400018811226,0.00010654726065695286
7416,0.22880299389362335,0.00010630224278429523
7417,0.5394729971885681,0.00010583743278402835
7418,0.6696079969406128,0.00010522562661208212
7419,0.7096089720726013,0.00010507088154554367
7420,0.9552119970321655,0.00010512000881135464
7421,1.315750002861023,0.0001058878842741251
7422,1.696287989616394,0.00010689464397728443
7423,1.7365549802780151,0.00010812019172590226
7424,1.8917570114135742,0.00010938259947579354
7425,1.8765569925308228,0.00011087961320299655
7426,1.8866900205612183,0.00011284338688710704
7427,1.8266890048980713,0.00011476765212137252
7428,1.856557011604309,0.00011730885307770222
7429,1.8066890239715576,0.00012017825793009251
7430,1.8216229677200317,0.00012282328680157661
7431,1.7565549612045288,0.000125344522530213
7432,1.7765560150146484,0.00012836846872232854
7433,1.7213549613952637,0.00013138532813172787
7434,1.7616219520568848,0.00013391363609116524
7435,1.7514890432357788,0.00013692188076674938
7436,1.8314900398254395,0.00013991235755383968
7437,1.8165559768676758,0.00014274139539338648
7438,1.856557011604309,0.000145334517583251
7439,1.8365559577941895,0.00014788168482482433
7440,1.8917570114135742,0.00015037164848763496
7441,1.8416229486465454,0.00015233448357321322
7442,1.9218909740447998,0.00015408825129270554
7443,1.8917570114135742,0.0001552648318465799
7444,1.9317569732666016,0.00015685311518609524
7445,1.9016239643096924,0.0001582310942467302
7446,1.9466910362243652,0.00015940610319375992
7447,1.9168239831924438,0.0001603458949830383
7448,1.9317569732666016,0.00016127519484143704
7449,1.906690001487732,0.00016158595099113882
7450,1.9466910362243652,0.0001631435879971832
7451,1.8917570114135742,0.00016439356841146946
7452,1.9016239643096924,0.0001660594716668129
7453,1.8765569925308228,0.00016712374053895473
7454,1.8866900205612183,0.00016886950470507145
7455,1.856557011604309,0.0001702400331851095
7456,1.911756992340088,0.0001716450060484931
7457,1.8917570114135742,0.00017432239837944508
7458,1.8917570114135742,0.00017656138516031206
7459,1.8666900396347046,0.00017978265532292426
7460,1.906690001487732,0.00018423865549266338
7461,1.8314900398254395,0.00018840571283362806
7462,1.856557011604309,0.00019405875355005264
7463,1.8114889860153198,0.00019853143021464348
7464,1.846690058708191,0.00020317253074608743
7465,1.7616219520568848,0.0002090823109028861
7466,1.856557011604309,0.00021346604626160115
7467,1.8266890048980713,0.00021810419275425375
7468,1.8616230487823486,0.00022268015891313553
7469,1.8266890048980713,0.00022690012701787055
7470,1.8314900398254395,0.00023470912128686905
7471,1.856557011604309,0.00024128697987180203
7472,1.8917570114135742,0.0002507584576960653
7473,1.8066890239715576,0.00025996178737841547
7474,1.856557011604309,0.00026968782185576856
7475,1.7314879894256592,0.00028090583509765565
7476,0.8498769998550415,0.0002923132851719856
7477,0.05866700038313866,0.0003072643303312361
7478,-0.05653399974107742,0.000322630163282156
7479,-0.44213899970054626,0.00034658052027225494
7480,-0.637607991695404,0.0003835865354631096
7481,-0.7928100228309631,0.0004284318129066378
7482,-0.8229439854621887,0.00048354995669797063
7483,-1.1533479690551758,0.0005753813893534243
7484,-1.5389529466629028,0.0006064244662411511
7485,-1.7493549585342407,0.0006236315239220858
7486,-1.8045560121536255,0.0006375730154104531
7487,-1.9648250341415405,0.0006508934893645346
7488,-1.8997570276260376,0.0006648337584920228
7489,-1.8946900367736816,0.0006777653470635414
7490,-1.8496229648590088,0.0006907408242113888
7491,-1.9146909713745117,0.0007034700829535723
7492,-1.8794900178909302,0.0007174088386818767
7493,-1.8594900369644165,0.0007318885182030499
7494,-1.7994890213012695,0.0007465207017958164
7495,-1.8245559930801392,0.0007601649267598987
7496,-1.7794890403747559,0.0007740777218714356
7497,-1.8594900369644165,0.0007862969650886953
7498,-1.8394900560379028,0.0007987749995663762
7499,-1.889623999595642,0.0008106512250378728
7500,-1.9045569896697998,0.000823053065687418
7501,-1.9096239805221558,0.0008350334828719497
7502,-1.8645570278167725,0.0009247942944057286
7503,-1.9546910524368286,0.0009718019282445312
7504,-1.9346909523010254,0.0010035114828497171
7505,-1.9797580242156982,0.001024946803227067
7506,-1.9296239614486694,0.0010423967614769936
7507,-1.9898920059204102,0.0010548324789851904
7508,-1.9597580432891846,0.0010667715687304735
7509,-2.0298919677734375,0.0010791016975417733
7510,-1.949623942375183,0.0010889441473409534
7511,-1.9898920059204102,0.0011001363163813949
7512,-1.949623942375183,0.001109172822907567
7513,-1.999758005142212,0.0011173097882419825
7514,-1.9546910524368286,0.0011268001981079578
7515,-1.9746910333633423,0.00113318907096982
7516,-1.9546910524368286,0.0011396815534681082
7517,-1.9648250341415405,0.0011442946270108223
7518,-1.9346909523010254,0.0011483130510896444
7519,-1.9597580432891846,0.001150565454736352
7520,-1.8997570276260376,0.0011528335744515061
7521,-1.9397579431533813,0.0011541666463017464
7522,-1.9045569896697998,0.001155981793999672
7523,-1.9296239614486694,0.0011581602739170194
7524,-1.8997570276260376,0.001160124666057527
7525,-1.8946900367736816,0.0011632498353719711
7526,-1.8696229457855225,0.0011664472986012697
7527,-1.8997570276260376,0.0011707667727023363
7528,-1.8997570276260376,0.0011754673905670643
7529,-1.9096239805221558,0.0011803882662206888
7530,-1.889623999595642,0.0011856274213641882
7531,-1.9146909713745117,0.0011898211669176817
7532,-1.8594900369644165,0.0011944572906941175
7533,-1.9146909713745117,0.0011979893315583467
7534,-1.8845570087432861,0.001201023580506444
7535,-1.9296239614486694,0.0012036128900945187
7536,-1.8645570278167725,0.0012060937006026506
7537,-1.8794900178909302,0.0012084029149264097
7538,-1.8696229457855225,0.0012111517135053873
7539,-1.9197570085525513,0.00121396710164845
7540,-1.8696229457855225,0.0012171939015388489
7541,-1.9096239805221558,0.0012197906617075205
7542,-1.8645570278167725,0.0012221623910591006
7543,-1.9096239805221558,0.0012238152557983994
7544,-1.8594900369644165,0.001225929707288742
7545,-1.8946900367736816,0.0012280968949198723
7546,-1.874690055847168,0.0012298859655857086
7547,-1.8997570276260376,0.0012314717750996351
7548,-1.8696229457855225,0.001232759328559041
7549,-1.9045569896697998,0.0012340534012764692
7550,-1.8546899557113647,0.0012350167380645871
7551,-1.9045569896697998,0.001235987525433302
7552,-1.8645570278167725,0.0012367821764200926
7553,-1.889623999595642,0.0012377200182527304
7554,-1.8794900178909302,0.0012387307360768318
7555,-1.8794900178909302,0.001240115612745285
7556,-1.8496229648590088,0.001241533667780459
7557,-1.9296239614486694,0.0012431766372174025
7558,-1.8445559740066528,0.0012446179753169417
7559,-1.8946900367736816,0.0012463985476642847
7560,-1.8645570278167725,0.001247665612027049
7561,-1.9245569705963135,0.001249056775122881
7562,-1.8496229648590088,0.0012503738980740309
7563,-1.9245569705963135,0.0012516588903963566
7564,-1.889623999595642,0.001253081252798438
7565,-1.9346909523010254,0.0012542870827019215
7566,-1.8546899557113647,0.0012557604350149632
7567,-1.9045569896697998,0.0012569546233862638
7568,-1.8394900560379028,0.0012580675538629293
7569,-1.9197570085525513,0.0012589299585670233
7570,-1.8645570278167725,0.0012596102897077799
7571,-1.9197570085525513,0.001260247197933495
7572,-1.8344229459762573,0.0012608199613168836
7573,-1.9197570085525513,0.0012612182181328535
7574,-1.8645570278167725,0.0012614827137440443
7575,-1.9245569705963135,0.0012616694439202547
7576,-1.889623999595642,0.0012617779430001974
7577,-1.8997570276260376,0.0012618552427738905
7578,-1.8946900367736816,0.0012619094923138618
7579,-1.9045569896697998,0.001261953730136156
7580,-1.8845570087432861,0.0012619862100109458
7581,-1.9397579431533813,0.0012620077468454838
7582,-1.874690055847168,0.0012620226480066776
7583,-1.9146909713745117,0.0012620252091437578
7584,-1.8645570278167725,0.0012620282359421253
7585,-1.9096239805221558,0.001262023113667965
7586,-1.8794900178909302,0.001262021716684103
7587,-1.9045569896697998,0.0012620198540389538
7588,-1.9045569896697998,0.0012620206689462066
7589,-1.9245569705963135,0.0012620235793292522
7590,-1.8794900178909302,0.0012620305642485619
7591,-1.9245569705963135,0.001262040575966239
7592,-1.889623999595642,0.0012620515190064907
7593,-1.9597580432891846,0.0012620663037523627
7594,-1.8645570278167725,0.0012620745692402124
7595,-1.949623942375183,0.0012620949419215322
7596,-1.889623999595642,0.0012621188070625067
7597,-1.8997570276260376,0.0012621419737115502
7598,-1.8546899557113647,0.001262169098481536
7599,-1.9245569705963135,0.0012622009962797165
7600,-1.874690055847168,0.0012622301001101732
7601,-1.889623999595642,0.00126226048450917
7602,-1.8794900178909302,0.0012622972717508674
7603,-1.8997570276260376,0.0012623306829482317
7604,-1.8645570278167725,0.0012623593211174011
7605,-1.9245569705963135,0.0012623954098671675
7606,-1.8794900178909302,0.001262421952560544
7607,-1.9346909523010254,0.0012624531518667936
7608,-1.8845570087432861,0.001262481091544032
7609,-1.9146909713745117,0.0012625039089471102
7610,-1.9045569896697998,0.0012625200906768441
7611,-1.8997570276260376,0.0012625318486243486
7612,-1.8997570276260376,0.00126254977658391
7613,-1.9546910524368286,0.0012625616509467363
7614,-1.874690055847168,0.001262566540390253
7615,-1.9346909523010254,0.0012625707313418388
7616,-1.9197570085525513,0.001262574689462781
7617,-1.944823980331421,0.0012625760864466429
7618,-1.8845570087432861,0.0012625767849385738
7619,-1.9397579431533813,0.001262580044567585
7620,-1.8946900367736816,0.0012625855160877109
7621,-1.9397579431533813,0.0012625891249626875
7622,-1.949623942375183,0.0012625978561118245
7623,-1.9245569705963135,0.0012625929666683078
7624,-1.9197570085525513,0.0012625944800674915
7625,-1.9346909523010254,0.0012625971576198936
7626,-1.9146909713745117,0.0012626004172489047
7627,-1.949623942375183,0.0012626036768779159
7628,-1.8794900178909302,0.0012626037932932377
7629,-1.9397579431533813,0.0012626058887690306
7630,-1.9245569705963135,0.0012626114767044783
7631,-1.9296239614486694,0.001262611011043191
7632,-1.8845570087432861,0.0012626113602891564
7633,-1.9146909713745117,0.0012626138050109148
7634,-1.8997570276260376,0.0012626160169020295
7635,-1.9045569896697998,0.0012626162497326732
7636,-1.889623999595642,0.0012626179959625006
7637,-1.9296239614486694,0.0012626161333173513
7638,-1.8496229648590088,0.0012626154348254204
7639,-1.9397579431533813,0.0012626165989786386
7640,-1.8696229457855225,0.0012626160169020295
7641,-1.9146909713745117,0.0012626111274585128
7642,-1.874690055847168,0.001262608333490789
7643,-1.9146909713745117,0.0012626072857528925
7644,-1.8546899557113647,0.0012626063544303179
7645,-1.9197570085525513,0.0012626121751964092
7646,-1.8645570278167725,0.0012626154348254204
7647,-1.9045569896697998,0.0012626169482246041
7648,-1.8645570278167725,0.0012626216048374772
7649,-1.9245569705963135,0.0012626234674826264
7650,-1.889623999595642,0.0012626233510673046
7651,-1.9197570085525513,0.001262624398805201
7652,-1.8645570278167725,0.0012626280076801777
7653,-1.9296239614486694,0.0012626278912648559
7654,-1.9045569896697998,0.0012626324314624071
7655,-1.9146909713745117,0.0012626406969502568
7656,-1.8394900560379028,0.001262650010176003
7657,-1.8997570276260376,0.00126265874132514
7658,-1.889623999595642,0.0012626657262444496
7659,-1.9045569896697998,0.0012626724783331156
7660,-1.889623999595642,0.0012626799289137125
7661,-1.949623942375183,0.0012626801617443562
7662,-1.8794900178909302,0.0012626429088413715
7663,-1.9146909713745117,0.001262559788301587
7664,-1.874690055847168,0.0012624032096937299
7665,-1.9746910333633423,0.001262153498828411
7666,-1.9096239805221558,0.0012617669999599457
7667,-1.944823980331421,0.0012612058781087399
7668,-1.8794900178909302,0.0012602582573890686
7669,-1.9296239614486694,0.001258909236639738
7670,-1.9146909713745117,0.0012572696432471275
7671,-1.949623942375183,0.0012555839493870735
7672,-1.8794900178909302,0.0012538987211883068
7673,-1.9296239614486694,0.001252241083420813
7674,-1.8645570278167725,0.0012503905454650521
7675,-1.9197570085525513,0.0012480472214519978
7676,-1.889623999595642,0.0012459345161914825
7677,-1.9146909713745117,0.0012435546377673745
7678,-1.889623999595642,0.001241096411831677
7679,-1.9296239614486694,0.0012384902220219374
7680,-1.8946900367736816,0.001235799165442586
7681,-1.9245569705963135,0.001233080867677927
7682,-1.8997570276260376,0.0012301893439143896
7683,-1.9045569896697998,0.0012275188928470016
7684,-1.8794900178909302,0.001224482199177146
7685,-1.9397579431533813,0.0012211237335577607
7686,-1.8997570276260376,0.0012179802870377898
7687,-1.9397579431533813,0.0012149515096098185
7688,-1.8645570278167725,0.0012114266864955425
7689,-1.9346909523010254,0.0012078580912202597
7690,-1.9045569896697998,0.0012048096396028996
7691,-1.9648250341415405,0.0012012850493192673
7692,-1.8946900367736816,0.001197771169245243
7693,-1.9648250341415405,0.0011943965218961239
7694,-1.9146909713745117,0.0011912405025213957
7695,-1.9296239614486694,0.0011881443206220865
7696,-1.874690055847168,0.0011851517483592033
7697,-1.9546910524368286,0.0011826804839074612
7698,-1.9197570085525513,0.0011804855894297361
7699,-1.9597580432891846,0.0011788816191256046
7700,-1.9045569896697998,0.0011767742689698935
7701,-1.9296239614486694,0.0011747959069907665
7702,-1.8997570276260376,0.0011728608515113592
7703,-1.9296239614486694,0.0011709247482940555
7704,-1.8946900367736816,0.0011685224017128348
7705,-1.9245569705963135,0.001166166621260345
7706,-1.8645570278167725,0.0011625366751104593
7707,-1.9245569705963135,0.0011588797206059098
7708,-1.8946900367736816,0.0011547417379915714
7709,-1.949623942375183,0.0011516222730278969
7710,-1.889623999595642,0.0011479557724669576
7711,-1.9397579431533813,0.0011443959083408117
7712,-1.9045569896697998,0.0011410207953304052
7713,-1.9746910333633423,0.0011362730292603374
7714,-1.8794900178909302,0.0011321661295369267
7715,-1.9245569705963135,0.0011274345451965928
7716,-1.9045569896697998,0.0011214400874450803
7717,-1.9397579431533813,0.0011161776492372155
7718,-1.8946900367736816,0.0011095048394054174
7719,-1.9045569896697998,0.0011040231911465526
7720,-1.9245569705963135,0.0010986821725964546
7721,-1.949623942375183,0.001091796555556357
7722,-1.9397579431533813,0.0010865526273846626
7723,-1.9746910333633423,0.00108047085814178
7724,-1.9045569896697998,0.001074597123079002
7725,-1.9096239805221558,0.001068645273335278
7726,-1.889623999595642,0.0010594442719593644
7727,-1.9296239614486694,0.0010511550353839993
7728,-1.889623999595642,0.001040397328324616
7729,-1.9597580432891846,0.0010299074929207563
7730,-1.9197570085525513,0.0010187455918639898
7731,-1.9296239614486694,0.0010063315276056528
7732,-1.8845570087432861,0.000993311987258494
7733,-1.9746910333633423,0.0009771474869921803
7734,-1.9197570085525513,0.0009604638908058405
7735,-1.949623942375183,0.0009352022316306829
7736,-1.9045569896697998,0.0008970652706921101
7737,-1.949623942375183,0.0008512000786140561
7738,-1.8946900367736816,0.0007953430758789182
7739,-1.9245569705963135,0.0007028860854916275
7740,-1.9245569705963135,0.000671227287966758
7741,-1.944823980331421,0.0006536069558933377
7742,-1.8997570276260376,0.0006393814692273736
7743,-1.9648250341415405,0.0006258735666051507
7744,-1.874690055847168,0.0006118203746154904
7745,-1.9296239614486694,0.0005988058401271701
7746,-1.9096239805221558,0.00058577093295753
7747,-1.9296239614486694,0.0005730022676289082
7748,-1.8946900367736816,0.0005590415094047785
7749,-1.9146909713745117,0.0005445631104521453
7750,-1.9045569896697998,0.0005299756885506213
7751,-1.9146909713745117,0.0005164116155356169
7752,-1.8645570278167725,0.0005026766448281705
7753,-1.9397579431533813,0.0004907557740807533
7754,-1.8594900369644165,0.0004787044017575681
7755,-1.949623942375183,0.00046747017768211663
7756,-1.889623999595642,0.00045614963164553046
7757,-1.188547968864441,0.00044565903954207897
7758,-0.13680200278759003,0.0003575868031475693
7759,0.04853399842977524,0.0003123695496469736
7760,0.3141370117664337,0.00028229161398485303
7761,0.5744069814682007,0.0002625832858029753
7762,0.714676022529602,0.0002470843610353768
7763,0.7749429941177368,0.00023695049458183348
7764,0.9952120184898376,0.000227087497478351
7765,1.4008179903030396,0.0002173321263398975
7766,1.70135498046875,0.0002100132405757904
7767,1.781622052192688,0.00020142900757491589
7768,1.9418909549713135,0.0001951224112417549
7769,1.8416229486465454,0.00018967704090755433
7770,1.8314900398254395,0.00018297221686225384
7771,1.8266890048980713,0.00017925523570738733
7772,1.846690058708191,0.00017590542847756296
7773,1.796555995941162,0.0001746663765516132
7774,1.796555995941162,0.0001736570557113737
7775,1.7264219522476196,0.0001745059562381357
7776,1.7864220142364502,0.00017592296353541315
7777,1.7114880084991455,0.00017793702136259526
7778,1.7864220142364502,0.00017925407155416906
7779,1.801622986793518,0.0001806878426577896
7780,1.846690058708191,0.00018234233721159399
7781,1.8365559577941895,0.00018257461488246918
7782,1.8616230487823486,0.00018245307728648186
7783,1.8266890048980713,0.00018143135821446776
7784,1.8968240022659302,0.00017957048839889467
7785,1.8666900396347046,0.00017724023200571537
7786,1.9317569732666016,0.00017400311480741948
7787,1.8816239833831787,0.00017151268548332155
7788,1.9218909740447998,0.00016917032189667225
7789,1.906690001487732,0.00016776914708316326
7790,1.9768249988555908,0.00016663603310007602
7791,1.9218909740447998,0.00016626909200567752
7792,1.9168239831924438,0.00016611798491794616
7793,1.8816239833831787,0.00016644224524497986
7794,1.9368239641189575,0.00016742470324970782
7795,1.8866900205612183,0.0001684911549091339
7796,1.9218909740447998,0.00016899958427529782
7797,1.8666900396347046,0.00016954480088315904
7798,1.9218909740447998,0.0001713111123535782
7799,1.8866900205612183,0.00017304539505857974
7800,1.9368239641189575,0.0001746220514178276
7801,1.8765569925308228,0.00017731233674567193
7802,1.8866900205612183,0.00017964669677894562
7803,1.8416229486465454,0.0001834115682868287
7804,1.8314900398254395,0.00018765490676742047
7805,1.8266890048980713,0.00019190306193195283
7806,1.8717570304870605,0.00019772972154896706
7807,1.8165559768676758,0.000202026596525684
7808,1.8616230487823486,0.0002071363851428032
7809,1.8114889860153198,0.0002122931182384491
7810,1.856557011604309,0.00021663904772140086
7811,1.8066890239715576,0.00022227464069146663
7812,1.8365559577941895,0.00022658293892163783
7813,1.8066890239715576,0.00023156427778303623
7814,1.8717570304870605,0.00023902012617327273
7815,1.796555995941162,0.00024618563475087285
7816,1.8416229486465454,0.00025708554312586784
7817,1.796555995941162,0.00026683975011110306
7818,1.8717570304870605,0.00027798116207122803
7819,1.5610860586166382,0.0002898124512284994
7820,0.5194730162620544,0.00030212709680199623
7821,0.008533000014722347,0.0003168969415128231
7822,-0.15173499286174774,0.000332914583850652
7823,-0.5474740266799927,0.00035871975705958903
7824,-0.6525409817695618,0.00039603226468898356
7825,-0.8128100037574768,0.0004417406162247062
7826,-0.8978779911994934,0.0005073135835118592
7827,-1.2736159563064575,0.0005816240445710719
7828,-1.6242870092391968,0.0006018146523274481
7829,-1.8045560121536255,0.0006100612226873636
7830,-1.8997570276260376,0.0006188721163198352
7831,-1.9546910524368286,0.000628414680249989
7832,-1.9146909713745117,0.0006384837906807661
7833,-1.9848250150680542,0.0006485941703431308
7834,-1.889623999595642,0.0006590994307771325
7835,-1.889623999595642,0.0006686728447675705
7836,-1.8546899557113647,0.0006783955032005906
7837,-1.8696229457855225,0.0006874545942991972
7838,-1.8496229648590088,0.0006968837114982307
7839,-1.8496229648590088,0.0007059273193590343
7840,-1.7994890213012695,0.0007156857755035162
7841,-1.8496229648590088,0.0007238372345454991
7842,-1.8496229648590088,0.0007327966159209609
7843,-1.9245569705963135,0.0007410068647004664
7844,-1.874690055847168,0.0007498384220525622
7845,-1.9245569705963135,0.0007579124066978693
7846,-1.8794900178909302,0.0008468189043924212
7847,-1.9245569705963135,0.0008835744811221957
7848,-1.9296239614486694,0.0009153314167633653
7849,-1.9597580432891846,0.0009361390257254243
7850,-1.949623942375183,0.0009532349649816751
7851,-1.9746910333633423,0.0009656897163949907
7852,-1.9546910524368286,0.0009780949912965298
7853,-2.009891986846924,0.0009898704010993242
7854,-1.9648250341415405,0.0009997584857046604
7855,-1.9746910333633423,0.001011645537801087
7856,-1.9698909521102905,0.0010206220904365182
7857,-2.0048251152038574,0.0010288611520081758
7858,-1.9245569705963135,0.0010375576093792915
7859,-1.999758005142212,0.001043858123011887
7860,-1.9045569896697998,0.0010505495592951775
7861,-1.9746910333633423,0.0010549866128712893
7862,-1.949623942375183,0.001059169415384531
7863,-1.9698909521102905,0.001061304472386837
7864,-1.9045569896697998,0.0010634034406393766
7865,-1.9546910524368286,0.001064829993993044
7866,-1.9096239805221558,0.0010666073067113757
7867,-1.9197570085525513,0.0010690833441913128
7868,-1.8794900178909302,0.0010711499489843845
7869,-1.9245569705963135,0.001074749045073986
7870,-1.8645570278167725,0.0010780752636492252
7871,-1.9146909713745117,0.001082519767805934
7872,-1.8496229648590088,0.001087189419195056
7873,-1.9197570085525513,0.0010922786314040422
7874,-1.874690055847168,0.0010972083546221256
7875,-1.9397579431533813,0.0011013903422281146
7876,-1.8645570278167725,0.001106319366954267
7877,-1.9146909713745117,0.0011096548987552524
7878,-1.8794900178909302,0.0011127409525215626
7879,-1.9245569705963135,0.0011151591315865517
7880,-1.889623999595642,0.0011176458792760968
7881,-1.9346909523010254,0.0011199112050235271
7882,-1.8845570087432861,0.0011227733921259642
7883,-1.9146909713745117,0.0011257212609052658
7884,-1.8845570087432861,0.0011287606321275234
7885,-1.9096239805221558,0.001131421304307878
7886,-1.874690055847168,0.0011336165480315685
7887,-1.9146909713745117,0.001135328784584999
7888,-1.8794900178909302,0.0011376403272151947
7889,-1.9296239614486694,0.0011398792266845703
7890,-1.8794900178909302,0.0011415634071454406
7891,-1.9296239614486694,0.0011432954343035817
7892,-1.8496229648590088,0.001144547713920474
7893,-1.9296239614486694,0.0011459437664598227
7894,-1.874690055847168,0.0011469515739008784
7895,-1.9197570085525513,0.0011478299275040627
7896,-1.8645570278167725,0.001148733776062727
7897,-1.9146909713745117,0.0011496336665004492
7898,-1.8794900178909302,0.0011507844319567084
7899,-1.9197570085525513,0.001152124721556902
7900,-1.9096239805221558,0.0011536604724824429
7901,-1.889623999595642,0.0011552175274118781
7902,-1.889623999595642,0.0011567205656319857
7903,-1.9245569705963135,0.001158374361693859
7904,-1.8997570276260376,0.0011596274562180042
7905,-1.9346909523010254,0.001161158550530672
7906,-1.8997570276260376,0.0011624321341514587
7907,-1.949623942375183,0.001163829118013382
7908,-1.9197570085525513,0.0011651653330773115
7909,-1.9797580242156982,0.001166443689726293
7910,-1.9146909713745117,0.0011678676819428802
7911,-1.9296239614486694,0.0011690533719956875
7912,-1.874690055847168,0.0011701639741659164
7913,-1.9546910524368286,0.0011709777172654867
7914,-1.8845570087432861,0.0011716526933014393
7915,-1.9296239614486694,0.0011723090428858995
7916,-1.8845570087432861,0.001172844786196947
7917,-1.9045569896697998,0.0011732102138921618
7918,-1.8997570276260376,0.0011734735453501344
7919,-1.9296239614486694,0.001173627795651555
7920,-1.889623999595642,0.0011737289605662227
7921,-1.9096239805221558,0.0011738159228116274
7922,-1.8645570278167725,0.0011738790199160576
7923,-1.9648250341415405,0.0011739340843632817
7924,-1.8946900367736816,0.0011739847250282764
7925,-1.9245569705963135,0.001174021977931261
7926,-1.8946900367736816,0.00117405503988266
7927,-1.9346909523010254,0.0011740729678422213
7928,-1.8946900367736816,0.0011740896152332425
7929,-1.9045569896697998,0.0011741057969629765
7930,-1.889623999595642,0.0011741186026483774
7931,-1.9197570085525513,0.0011741268681362271
7932,-1.8845570087432861,0.00117414107080549
7933,-1.9346909523010254,0.001174162607640028
7934,-1.8845570087432861,0.001174192875623703
7935,-1.949623942375183,0.0011742312926799059
7936,-1.889623999595642,0.0011742659844458103
7937,-1.9197570085525513,0.0011743017239496112
7938,-1.8794900178909302,0.0011743380455300212
7939,-1.9146909713745117,0.0011743721552193165
7940,-1.8645570278167725,0.0011744205839931965
7941,-1.9397579431533813,0.0011744722723960876
7942,-1.9146909713745117,0.0011745267547667027
7943,-1.9146909713745117,0.0011745961382985115
7944,-1.9045569896697998,0.0011746669188141823
7945,-1.9245569705963135,0.0011747347889468074
7946,-1.8946900367736816,0.0011748133692890406
7947,-1.9146909713745117,0.0011748871766030788
7948,-1.9045569896697998,0.001174949575215578
7949,-1.9296239614486694,0.0011749966070055962
7950,-1.8794900178909302,0.0011750395642593503
7951,-1.949623942375183,0.00117507204413414
7952,-1.9045569896697998,0.0011750999838113785
7953,-1.9146909713745117,0.001175133278593421
7954,-1.874690055847168,0.0011751640122383833
7955,-1.9346909523010254,0.0011751968413591385
7956,-1.889623999595642,0.0011752319987863302
7957,-1.9648250341415405,0.0011752721620723605
7958,-1.889623999595642,0.0011753039434552193
7959,-1.9397579431533813,0.0011753314174711704
7960,-1.8946900367736816,0.0011753544677048922
7961,-1.944823980331421,0.001175370067358017
7962,-1.8794900178909302,0.0011753854341804981
7963,-1.9197570085525513,0.0011753970757126808
7964,-1.874690055847168,0.0011754087172448635
7965,-1.9397579431533813,0.0011754173319786787
7966,-1.8594900369644165,0.0011754321167245507
7967,-1.9546910524368286,0.0011754489969462156
7968,-1.8946900367736816,0.0011754636652767658
7969,-1.9397579431533813,0.0011754818260669708
7970,-1.8845570087432861,0.0011755037121474743
7971,-1.949623942375183,0.0011755261803045869
7972,-1.874690055847168,0.0011755453888326883
7973,-1.9397579431533813,0.0011755607556551695
7974,-1.8845570087432861,0.0011755715822800994
7975,-1.9648250341415405,0.0011755782179534435
7976,-1.8794900178909302,0.0011755791492760181
7977,-1.9346909523010254,0.0011755855521187186
7978,-1.9045569896697998,0.0011755931191146374
7979,-1.944823980331421,0.0011756042949855328
7980,-1.8645570278167725,0.0011756171006709337
7981,-1.949623942375183,0.0011756332824006677
7982,-1.874690055847168,0.0011756466701626778
7983,-1.9245569705963135,0.001175664714537561
7984,-1.889623999595642,0.001175684155896306
7985,-1.9397579431533813,0.0011757018510252237
7986,-1.9045569896697998,0.0011757293250411749
7987,-1.9096239805221558,0.0011757524916902184
7988,-1.8946900367736816,0.0011757761240005493
7989,-1.9397579431533813,0.0011757987085729837
7990,-1.9096239805221558,0.0011758215259760618
7991,-1.949623942375183,0.0011758412001654506
7992,-1.8594900369644165,0.001175861805677414
7993,-1.949623942375183,0.00117588322609663
7994,-1.8794900178909302,0.00117590487934649
7995,-1.949623942375183,0.001175920246168971
7996,-1.8794900178909302,0.0011759304907172918
7997,-1.9397579431533813,0.0011759463232010603
7998,-1.9045569896697998,0.0011759561020880938
7999,-1.9146909713745117,0.001175967394374311
8000,-1.9146909713745117,0.001175980200059712
8001,-1.9346909523010254,0.0011759946355596185
8002,-1.8946900367736816,0.0011760127963498235
8003,-1.9546910524368286,0.0011760275810956955
8004,-1.9245569705963135,0.001176044112071395
8005,-1.949623942375183,0.0011760517954826355
8006,-1.9045569896697998,0.0011760273482650518
8007,-1.944823980331421,0.0011759750777855515
8008,-1.9296239614486694,0.0011758316541090608
8009,-1.9597580432891846,0.0011755748419091105
8010,-1.9197570085525513,0.0011751916026696563
8011,-1.949623942375183,0.0011745928786695004
8012,-1.9045569896697998,0.0011735584121197462
8013,-1.9648250341415405,0.0011721065966412425
8014,-1.9096239805221558,0.0011704531498253345
8015,-1.9397579431533813,0.001168687711469829
8016,-1.9146909713745117,0.0011670816456899047
8017,-1.9546910524368286,0.0011653705732896924
8018,-1.8997570276260376,0.0011634321417659521
8019,-1.9597580432891846,0.00116114248521626
8020,-1.9197570085525513,0.0011590772774070501
8021,-1.9397579431533813,0.0011565092718228698
8022,-1.9096239805221558,0.001153989927843213
8023,-1.9346909523010254,0.001151375938206911
8024,-1.889623999595642,0.0011486532166600227
8025,-1.9746910333633423,0.0011459607630968094
8026,-1.889623999595642,0.0011431816965341568
8027,-1.944823980331421,0.0011405185796320438
8028,-1.9045569896697998,0.001137387938797474
8029,-1.9346909523010254,0.0011340260971337557
8030,-1.889623999595642,0.0011310377158224583
8031,-1.944823980331421,0.001127950381487608
8032,-1.8997570276260376,0.0011242800392210484
8033,-1.9746910333633423,0.0011209484655410051
8034,-1.8645570278167725,0.0011178366839885712
8035,-1.944823980331421,0.0011142492294311523
8036,-1.8845570087432861,0.0011106581659987569
8037,-1.9346909523010254,0.001107334508560598
8038,-1.9045569896697998,0.001104283961467445
8039,-1.9346909523010254,0.0011010129237547517
8040,-1.889623999595642,0.0010982033563777804
8041,-1.949623942375183,0.0010956517653539777
8042,-1.9146909713745117,0.0010936930775642395
8043,-1.949623942375183,0.001092034624889493
8044,-1.9096239805221558,0.001089776516892016
8045,-1.9245569705963135,0.0010876914020627737
8046,-1.8946900367736816,0.0010858377208933234
8047,-1.9245569705963135,0.0010836600558832288
8048,-1.9197570085525513,0.0010813780827447772
8049,-1.9296239614486694,0.0010787929641082883
8050,-1.8997570276260376,0.0010751117952167988
8051,-1.944823980331421,0.0010712782386690378
8052,-1.9146909713745117,0.0010675904341042042
8053,-1.9597580432891846,0.0010644978610798717
8054,-1.8997570276260376,0.0010604095878079534
8055,-1.949623942375183,0.001057070097886026
8056,-1.9045569896697998,0.001053428160957992
8057,-1.9346909523010254,0.0010486161336302757
8058,-1.9045569896697998,0.0010445411317050457
8059,-1.949623942375183,0.0010392374824732542
8060,-1.9045569896697998,0.0010337522253394127
8061,-1.949623942375183,0.0010282539296895266
8062,-1.9146909713745117,0.0010215111542493105
8063,-1.9346909523010254,0.0010162887629121542
8064,-1.9045569896697998,0.0010104312095791101
8065,-1.9546910524368286,0.00100438401568681
8066,-1.9146909713745117,0.0009990736143663526
8067,-1.9546910524368286,0.0009920932352542877
8068,-1.8997570276260376,0.0009864068124443293
8069,-1.9698909521102905,0.0009798207320272923
8070,-1.9197570085525513,0.0009709653677418828
8071,-1.9648250341415405,0.0009620648343116045
8072,-1.9146909713745117,0.0009499454754404724
8073,-1.9296239614486694,0.000938846031203866
8074,-1.9096239805221558,0.0009264355758205056
8075,-1.9397579431533813,0.0009133705170825124
8076,-1.8794900178909302,0.0008996801334433258
8077,-1.9797580242156982,0.0008837514906190336
8078,-1.8997570276260376,0.0008663072949275374
8079,-1.9746910333633423,0.0008393499301746488
8080,-1.874690055847168,0.0008009662851691246
8081,-1.9296239614486694,0.0007544414838775992
8082,-1.8997570276260376,0.0006882394663989544
8083,-1.9197570085525513,0.0006133414572104812
8084,-1.8794900178909302,0.0005926277954131365
8085,-1.9546910524368286,0.0005840366939082742
8086,-1.944823980331421,0.0005750099662691355
8087,-1.9746910333633423,0.0005653303815051913
8088,-1.9296239614486694,0.0005552001530304551
8089,-1.9797580242156982,0.0005450602620840073
8090,-1.8794900178909302,0.0005345465615391731
8091,-1.949623942375183,0.00052497792057693
8092,-1.8845570087432861,0.0005152715602889657
8093,-1.9397579431533813,0.0005062523996457458
8094,-1.8794900178909302,0.0004968995926901698
8095,-1.9648250341415405,0.00048797400086186826
8096,-1.9296239614486694,0.00047839226317591965
8097,-1.999758005142212,0.00047054796596057713
8098,-1.9546910524368286,0.0004620371328201145
8099,-1.9698909521102905,0.00045453020720742643
8100,-1.7994890213012695,0.00044684018939733505
8101,-0.8277440071105957,0.00044030844583176076
8102,-0.04666699841618538,0.00035306246718391776
8103,0.043733999133110046,0.00031808530911803246
8104,0.4192050099372864,0.0002879267558455467
8105,0.6397410035133362,0.00026883394457399845
8106,0.714676022529602,0.0002537748368922621
8107,0.7546759843826294,0.00024351594038307667
8108,1.0653469562530518,0.00023322692140936852
8109,1.5010850429534912,0.00022393636754713953
8110,1.7314879894256592,0.0002166734338970855
8111,1.7914890050888062,0.0002074288931908086
8112,1.911756992340088,0.00020128139294683933
8113,1.8616230487823486,0.00019575320766307414
8114,1.8765569925308228,0.00018977132276631892
8115,1.8314900398254395,0.0001862236822489649
8116,1.846690058708191,0.00018282770179212093
8117,1.781622052192688,0.00018163281492888927
8118,1.796555995941162,0.0001804037019610405
8119,1.7162879705429077,0.00018147806986235082
8120,1.7616219520568848,0.00018309630104340613
8121,1.7064210176467896,0.00018483027815818787
8122,1.7714890241622925,0.00018624230870045722
8123,1.7565549612045288,0.0001872606371762231
8124,1.8416229486465454,0.0001887582038762048
8125,1.8165559768676758,0.000188515055924654
8126,1.8616230487823486,0.00018818194803316146
8127,1.8165559768676758,0.00018714189354795963
8128,1.846690058708191,0.00018516811542212963
8129,1.8066890239715576,0.00018276358605362475
8130,1.8765569925308228,0.00017968261090572923
8131,1.8314900398254395,0.00017732878040987998
8132,1.8968240022659302,0.00017458588990848511
8133,1.9016239643096924,0.0001734667457640171
8134,1.9218909740447998,0.0001722698361845687
8135,1.8968240022659302,0.0001723099558148533
8136,1.9317569732666016,0.00017211074009537697
8137,1.846690058708191,0.00017273915000259876
8138,1.9317569732666016,0.00017356142052449286
8139,1.8917570114135742,0.0001747397764120251
8140,1.9266910552978516,0.00017506667063571513
8141,1.856557011604309,0.0001756038109306246
8142,1.8816239833831787,0.00017766273231245577
8143,1.851755976676941,0.00017923038103617728
8144,1.8666900396347046,0.00018094843835569918
8145,1.8216229677200317,0.00018321893003303558
8146,1.8365559577941895,0.00018575787544250488
8147,1.8114889860153198,0.00018980276945512742
8148,1.851755976676941,0.0001939380745170638
8149,1.8114889860153198,0.00019824870105367154
8150,1.8365559577941895,0.00020360520284157246
8151,1.781622052192688,0.00020795005548279732
8152,1.8114889860153198,0.00021335933706723154
8153,1.801622986793518,0.0002181563468184322
8154,1.8416229486465454,0.00022250399342738092
8155,1.796555995941162,0.00022817248827777803
8156,1.8114889860153198,0.00023223010066431016
8157,1.801622986793518,0.00023797052563168108
8158,1.8216229677200317,0.0002450753527227789
8159,1.781622052192688,0.00025275713414885104
8160,1.8165559768676758,0.0002629946102388203
8161,1.7714890241622925,0.00027215201407670975
8162,1.8114889860153198,0.00028308917535468936
8163,1.3506840467453003,0.0002948134206235409
8164,0.32400399446487427,0.00030769919976592064
8165,-0.04666699841618538,0.0003222570230718702
8166,-0.22186900675296783,0.00034111071727238595
8167,-0.637607991695404,0.00037417298881337047
8168,-0.697609007358551,0.00041093421168625355
8169,-0.8229439854621887,0.0004541811649687588
8170,-0.958145022392273,0.0005174645339138806
8171,-1.3888169527053833,0.000579566927626729
8172,-1.724287986755371,0.0005921074189245701
8173,-1.8445559740066528,0.0006013383390381932
8174,-1.9245569705963135,0.000609654001891613
8175,-1.9597580432891846,0.0006181641365401447
8176,-1.889623999595642,0.0006266949931159616
8177,-1.9648250341415405,0.0006350666517391801
8178,-1.8946900367736816,0.0006430845241993666
8179,-1.949623942375183,0.0006516128778457642
8180,-1.8394900560379028,0.0006609786069020629
8181,-1.8794900178909302,0.0006700429366901517
8182,-1.7944220304489136,0.0006789359031245112
8183,-1.8794900178909302,0.0006861279834993184
8184,-1.7994890213012695,0.0006937469588592649
8185,-1.8645570278167725,0.0007000473560765386
8186,-1.8546899557113647,0.0007060772040858865
8187,-1.9746910333633423,0.0007119267247617245
8188,-1.944823980331421,0.0007177169900387526
8189,-1.9597580432891846,0.0007340414449572563
8190,-1.8845570087432861,0.0007941315416246653
8191,-1.9146909713745117,0.0008263421477749944
8192,-1.9045569896697998,0.0008510401239618659
8193,-1.9746910333633423,0.0008686106884852052
8194,-1.949623942375183,0.0008823771495372057
8195,-2.0048251152038574,0.0008941538399085402
8196,-1.9648250341415405,0.0009079716983251274
8197,-2.024825096130371,0.0009181434288620949
8198,-2.0048251152038574,0.0009286238346248865
8199,-2.0298919677734375,0.0009387191385030746
8200,-1.9746910333633423,0.0009469406213611364
8201,-2.0149590969085693,0.0009558425517752767
8202,-1.9146909713745117,0.0009629946434870362
8203,-1.9848250150680542,0.0009691074956208467
8204,-1.9045569896697998,0.0009747396688908339
8205,-1.944823980331421,0.0009786312002688646
8206,-1.8997570276260376,0.000981548335403204
8207,-1.9546910524368286,0.0009834386873990297
8208,-1.949623942375183,0.0009848740883171558
8209,-1.9746910333633423,0.0009864938911050558
8210,-1.9296239614486694,0.0009881558362394571
8211,-1.9648250341415405,0.000990057596936822
8212,-1.9296239614486694,0.0009924015030264854
8213,-1.944823980331421,0.0009955450659617782
8214,-1.8794900178909302,0.0009990499820560217
8215,-1.9045569896697998,0.001003997283987701
8216,-1.8845570087432861,0.0010085981339216232
8217,-1.9397579431533813,0.0010144115658476949
8218,-1.8496229648590088,0.0010187140433117747
8219,-1.9296239614486694,0.0010229239705950022
8220,-1.874690055847168,0.001026930520310998
8221,-1.9397579431533813,0.0010299129644408822
8222,-1.8845570087432861,0.0010327845811843872
8223,-1.9346909523010254,0.0010351494420319796
8224,-1.889623999595642,0.0010375527199357748
8225,-1.944823980331421,0.001039987662807107
8226,-1.8546899557113647,0.0010427975794300437
8227,-1.9096239805221558,0.0010458426550030708
8228,-1.8794900178909302,0.001048584352247417
8229,-1.9045569896697998,0.0010513184824958444
8230,-1.8645570278167725,0.0010531696025282145
8231,-1.9296239614486694,0.0010549280559644103
8232,-1.8997570276260376,0.0010571483289822936
8233,-1.9245569705963135,0.001059293164871633
8234,-1.8794900178909302,0.001060787122696638
8235,-1.9397579431533813,0.0010623813141137362
8236,-1.889623999595642,0.0010634870268404484
8237,-1.9597580432891846,0.0010646169539541006
8238,-1.8997570276260376,0.001065639080479741
8239,-1.9296239614486694,0.0010663399007171392
8240,-1.9045569896697998,0.001067393459379673
8241,-1.9546910524368286,0.0010682451538741589
8242,-1.9045569896697998,0.001069611869752407
8243,-1.9397579431533813,0.0010708693880587816
8244,-1.9245569705963135,0.0010725215543061495
8245,-1.9245569705963135,0.0010739155113697052
8246,-1.9146909713745117,0.001075455453246832
8247,-1.9346909523010254,0.0010768002830445766
8248,-1.874690055847168,0.001078027649782598
8249,-1.8946900367736816,0.0010795070556923747
8250,-1.8845570087432861,0.0010806778445839882
8251,-1.9346909523010254,0.001082178670912981
8252,-1.8845570087432861,0.0010833763517439365
8253,-1.9245569705963135,0.0010847030207514763
8254,-1.8997570276260376,0.0010859431931748986
8255,-1.9146909713745117,0.0010870423866435885
8256,-1.889623999595642,0.0010880094487220049
8257,-1.9045569896697998,0.001088709570467472
8258,-1.8997570276260376,0.0010893021244555712
8259,-1.9296239614486694,0.0010898932814598083
8260,-1.874690055847168,0.001090316567569971
8261,-1.9648250341415405,0.0010906032985076308
8262,-1.889623999595642,0.001090783393010497
8263,-1.9597580432891846,0.001090893754735589
8264,-1.9096239805221558,0.0010909494012594223
8265,-1.9245569705963135,0.0010909705888479948
8266,-1.8997570276260376,0.0010909627890214324
8267,-1.944823980331421,0.0010909400880336761
8268,-1.9045569896697998,0.0010909020202234387
8269,-1.9546910524368286,0.0010908546391874552
8270,-1.874690055847168,0.0010908051626756787
8271,-1.9296239614486694,0.0010907644173130393
8272,-1.9045569896697998,0.001090722973458469
8273,-1.9245569705963135,0.0010906854877248406
8274,-1.8997570276260376,0.001090645557269454
8275,-1.8997570276260376,0.0010906066745519638
8276,-1.9045569896697998,0.0010905640665441751
8277,-1.9245569705963135,0.0010905242525041103
8278,-1.9197570085525513,0.0010904863011091948
8279,-1.9296239614486694,0.001090449164621532
8280,-1.8997570276260376,0.0010904085356742144
8281,-1.9648250341415405,0.0010903701186180115
8282,-1.9245569705963135,0.0010903319343924522
8283,-1.9296239614486694,0.0010903009679168463
8284,-1.8997570276260376,0.001090266858227551
8285,-1.9146909713745117,0.0010902382200583816
8286,-1.874690055847168,0.0010902057401835918
8287,-1.9397579431533813,0.0010901849018409848
8288,-1.8845570087432861,0.00109015591442585
8289,-1.9346909523010254,0.0010901258792728186
8290,-1.8696229457855225,0.0010900981724262238
8291,-1.9245569705963135,0.0010900783818215132
8292,-1.9045569896697998,0.0010900518391281366
8293,-1.8946900367736816,0.0010900197084993124
8294,-1.8946900367736816,0.0010899929329752922
8295,-1.944823980331421,0.0010899649932980537
8296,-1.9245569705963135,0.0010899333283305168
8297,-1.9397579431533813,0.0010898893233388662
8298,-1.8946900367736816,0.0010898427572101355
8299,-1.9397579431533813,0.0010897904867306352
8300,-1.9146909713745117,0.001089749508537352
8301,-1.949623942375183,0.0010897002648562193
8302,-1.944823980331421,0.001089651370421052
8303,-1.9296239614486694,0.0010895950254052877
8304,-1.8845570087432861,0.0010895375162363052
8305,-1.9397579431533813,0.0010894786100834608
8306,-1.9146909713745117,0.0010894224978983402
8307,-1.9746910333633423,0.0010893698781728745
8308,-1.9146909713745117,0.0010893173748627305
8309,-1.9397579431533813,0.0010892660357058048
8310,-1.9045569896697998,0.001089215511456132
8311,-1.9698909521102905,0.001089161611162126
8312,-1.8946900367736816,0.0010891084093600512
8313,-1.9648250341415405,0.0010890576522797346
8314,-1.889623999595642,0.00108900701161474
8315,-1.949623942375183,0.0010889510158449411
8316,-1.9146909713745117,0.001088897231966257
8317,-1.9245569705963135,0.0010888432152569294
8318,-1.8794900178909302,0.0010887875687330961
8319,-1.949623942375183,0.0010887340176850557
8320,-1.889623999595642,0.0010886779054999352
8321,-1.9245569705963135,0.00108862086199224
8322,-1.874690055847168,0.0010885661467909813
8323,-1.9546910524368286,0.001088521210476756
8324,-1.889623999595642,0.0010884765069931746
8325,-1.9397579431533813,0.0010884308721870184
8326,-1.8997570276260376,0.0010883836075663567
8327,-1.9245569705963135,0.0010883361101150513
8328,-1.8997570276260376,0.001088285120204091
8329,-1.949623942375183,0.0010882364585995674
8330,-1.889623999595642,0.0010881880298256874
8331,-1.9546910524368286,0.0010881369234994054
8332,-1.874690055847168,0.0010880872141569853
8333,-1.9648250341415405,0.0010880366899073124
8334,-1.9096239805221558,0.0010879875626415014
8335,-1.9648250341415405,0.001087941462174058
8336,-1.8997570276260376,0.0010878967586904764
8337,-1.949623942375183,0.0010878489119932055
8338,-1.8997570276260376,0.0010877975728362799
8339,-1.9546910524368286,0.001087747048586607
8340,-1.889623999595642,0.0010876950109377503
8341,-1.9648250341415405,0.0010876437881961465
8342,-1.9245569705963135,0.001087595010176301
8343,-1.9648250341415405,0.0010875470470637083
8344,-1.9245569705963135,0.0010875009465962648
8345,-1.9746910333633423,0.0010874513536691666
8346,-1.9296239614486694,0.0010874015279114246
8347,-1.9597580432891846,0.0010873503051698208
8348,-1.9197570085525513,0.0010872981511056423
8349,-1.9146909713745117,0.0010872334241867065
8350,-1.8997570276260376,0.001087141572497785
8351,-1.9546910524368286,0.0010870135156437755
8352,-1.9096239805221558,0.001086826785467565
8353,-1.949623942375183,0.0010865152580663562
8354,-1.9197570085525513,0.0010860629845410585
8355,-1.9746910333633423,0.0010853570420295
8356,-1.9197570085525513,0.001084212213754654
8357,-1.9797580242156982,0.0010826664511114359
8358,-1.9296239614486694,0.0010809999657794833
8359,-1.9698909521102905,0.0010792127577587962
8360,-1.9045569896697998,0.0010776026174426079
8361,-1.9346909523010254,0.0010758752468973398
8362,-1.9245569705963135,0.0010738251730799675
8363,-1.949623942375183,0.001071603735908866
8364,-1.9296239614486694,0.0010694561060518026
8365,-1.9397579431533813,0.0010669415351003408
8366,-1.874690055847168,0.00106428237631917
8367,-1.9346909523010254,0.0010616021463647485
8368,-1.8997570276260376,0.0010587386786937714
8369,-1.944823980331421,0.0010559950023889542
8370,-1.9245569705963135,0.0010532420128583908
8371,-1.9296239614486694,0.0010504554957151413
8372,-1.8997570276260376,0.001047126017510891
8373,-1.9597580432891846,0.0010438476456329226
8374,-1.9197570085525513,0.0010408684611320496
8375,-1.9346909523010254,0.0010376271093264222
8376,-1.9096239805221558,0.0010338833089917898
8377,-1.9296239614486694,0.0010307012125849724
8378,-1.8997570276260376,0.0010274946689605713
8379,-1.944823980331421,0.0010239863768219948
8380,-1.9296239614486694,0.0010204019490629435
8381,-1.9346909523010254,0.0010170303285121918
8382,-1.9096239805221558,0.0010140237864106894
8383,-1.9546910524368286,0.0010106066474691033
8384,-1.9296239614486694,0.0010078989434987307
8385,-1.9096239805221558,0.0010052029974758625
8386,-1.9146909713745117,0.0010033466387540102
8387,-1.9746910333633423,0.0010015100706368685
8388,-1.889623999595642,0.0009993124986067414
8389,-1.8997570276260376,0.0009970874525606632
8390,-1.9197570085525513,0.0009951879037544131
8391,-1.9597580432891846,0.000992722692899406
8392,-1.9045569896697998,0.0009904287289828062
8393,-1.9597580432891846,0.0009875267278403044
8394,-1.9197570085525513,0.0009838307742029428
8395,-1.9146909713745117,0.0009796889498829842
8396,-1.9296239614486694,0.0009763151174411178
8397,-1.949623942375183,0.0009731115424074233
8398,-1.9296239614486694,0.0009688482386991382
8399,-1.9346909523010254,0.0009655652102082968
8400,-1.9146909713745117,0.0009615300805307925
8401,-1.9397579431533813,0.0009570159018039703
8402,-1.889623999595642,0.000952789094299078
8403,-1.9346909523010254,0.0009470104705542326
8404,-1.8997570276260376,0.0009416204411536455
8405,-1.9296239614486694,0.0009359092218801379
8406,-1.9045569896697998,0.0009295435738749802
8407,-1.9597580432891846,0.0009243183303624392
8408,-1.9245569705963135,0.0009180075721815228
8409,-1.949623942375183,0.0009123103227466345
8410,-1.8997570276260376,0.0009068134240806103
8411,-1.9648250341415405,0.0008998095290735364
8412,-1.9397579431533813,0.0008942198473960161
8413,-1.9648250341415405,0.0008869183948263526
8414,-1.9096239805221558,0.0008783083176240325
8415,-1.9346909523010254,0.0008689722744747996
8416,-1.9146909713745117,0.0008574810344725847
8417,-1.9648250341415405,0.0008467924199067056
8418,-1.8845570087432861,0.000834579230286181
8419,-1.9397579431533813,0.0008214564295485616
8420,-1.9296239614486694,0.000807230593636632
8421,-1.949623942375183,0.0007913920562714338
8422,-1.8997570276260376,0.0007711083744652569
8423,-1.9597580432891846,0.000736855436116457
8424,-1.9245569705963135,0.0006989761022850871
8425,-1.949623942375183,0.0006549067329615355
8426,-1.9146909713745117,0.0005909381434321404
8427,-1.9245569705963135,0.0005281693302094936
8428,-1.8594900369644165,0.0005150780780240893
8429,-1.9296239614486694,0.0005054644425399601
8430,-1.874690055847168,0.0004968809080310166
8431,-1.9546910524368286,0.0004882132343482226
8432,-1.9045569896697998,0.0004795730346813798
8433,-1.949623942375183,0.00047110702143982053
8434,-1.9296239614486694,0.00046302174450829625
8435,-1.9597580432891846,0.0004544407711364329
8436,-1.9146909713745117,0.00044503010576590896
8437,-1.9346909523010254,0.0004359605663921684
8438,-1.8997570276260376,0.00042709047556854784
8439,-1.9146909713745117,0.0004199888207949698
8440,-1.874690055847168,0.0004125612322241068
8441,-1.8997570276260376,0.00040659954538568854
8442,-1.889623999595642,0.00040106731466948986
8443,-1.9197570085525513,0.0003960481844842434
8444,-1.6141539812088013,0.00039152882527559996
8445,-0.527472972869873,0.00037678139051422477
8446,-0.04160099849104881,0.0003183484950568527
8447,0.12373500317335129,0.00028780457796528935
8448,0.5245400071144104,0.00026469334261491895
8449,0.6245409846305847,0.0002488633617758751
8450,0.7346760034561157,0.0002373453025938943
8451,0.8349440097808838,0.00022764131426811218
8452,1.2405489683151245,0.0002160364092560485
8453,1.5912200212478638,0.00020830526773352176
8454,1.7616219520568848,0.0002004038542509079
8455,1.8114889860153198,0.00019292431534267962
8456,1.9016239643096924,0.00018741493113338947
8457,1.8416229486465454,0.00018129893578588963
8458,1.856557011604309,0.00017676650895737112
8459,1.8266890048980713,0.00017348390247207135
8460,1.8616230487823486,0.00017119594849646091
8461,1.781622052192688,0.00017048162408173084
8462,1.7765560150146484,0.00017052819021046162
8463,1.70135498046875,0.00017199362628161907
8464,1.7365549802780151,0.00017421825032215565
8465,1.7464220523834229,0.00017571612261235714
8466,1.7864220142364502,0.0001774884294718504
8467,1.781622052192688,0.00017903528350871056
8468,1.856557011604309,0.00018020355491898954
8469,1.8216229677200317,0.0001803562045097351
8470,1.8314900398254395,0.0001798545999918133
8471,1.7914890050888062,0.00017809728160500526
8472,1.8616230487823486,0.00017601500439923257
8473,1.8365559577941895,0.0001726634072838351
8474,1.911756992340088,0.0001700810098554939
8475,1.8917570114135742,0.0001678618136793375
8476,1.9368239641189575,0.00016593048349022865
8477,1.8968240022659302,0.00016514226444996893
8478,1.9818910360336304,0.00016416297876276076
8479,1.8816239833831787,0.00016441909247078001
8480,1.9618910551071167,0.0001643061696086079
8481,1.8666900396347046,0.00016522841178812087
8482,1.8866900205612183,0.00016606792632956058
8483,1.8765569925308228,0.0001674926170380786
8484,1.911756992340088,0.0001679436827544123
8485,1.8266890048980713,0.00016864482313394547
8486,1.8866900205612183,0.0001705685572233051
8487,1.8314900398254395,0.0001721178850857541
8488,1.8816239833831787,0.00017430812295060605
8489,1.8165559768676758,0.00017643014143686742
8490,1.8765569925308228,0.00017937389202415943
8491,1.796555995941162,0.00018414475198369473
8492,1.856557011604309,0.0001883101649582386
8493,1.846690058708191,0.00019327302288729697
8494,1.846690058708191,0.0001981062814593315
8495,1.8266890048980713,0.00020265796047169715
8496,1.8365559577941895,0.0002087747270707041
8497,1.8266890048980713,0.00021327813738025725
8498,1.8816239833831787,0.00021787072182632983
8499,1.8416229486465454,0.00022299285046756268
8500,1.851755976676941,0.0002270978147862479
8501,1.7765560150146484,0.0002341773360967636
8502,1.856557011604309,0.0002412525936961174
8503,1.801622986793518,0.0002502270508557558
8504,1.8114889860153198,0.000260571192484349
8505,1.8066890239715576,0.00027070529176853597
8506,1.8216229677200317,0.00028281821869313717
8507,1.085347056388855,0.0002948289620690048
8508,0.17386899888515472,0.00030901393620297313
8509,-0.05653399974107742,0.0003244738036300987
8510,-0.3370710015296936,0.00034571829019114375
8511,-0.697609007358551,0.00038140302058309317
8512,-0.7376090288162231,0.0004198254318907857
8513,-0.8680109977722168,0.00047400465700775385
8514,-1.053346037864685,0.0005680859321728349
8515,-1.498952031135559,0.0005957927787676454
8516,-1.7594890594482422,0.0006021267035976052
8517,-1.8794900178909302,0.0006077846046537161
8518,-1.9045569896697998,0.0006137194577604532
8519,-1.9648250341415405,0.0006195601308718324
8520,-1.8946900367736816,0.0006257604691199958
8521,-1.9296239614486694,0.0006317106890492141
8522,-1.874690055847168,0.000638249097391963
8523,-1.9096239805221558,0.0006450711516663432
8524,-1.8546899557113647,0.0006530729588121176
8525,-1.8645570278167725,0.0006606822717003524
8526,-1.789355993270874,0.0006685099797323346
8527,-1.8645570278167725,0.000674540176987648
8528,-1.8296229839324951,0.00068078184267506
8529,-1.8794900178909302,0.0006863533053547144
8530,-1.8696229457855225,0.0006920089363120496
8531,-1.9096239805221558,0.0006972376722842455
8532,-1.8546899557113647,0.0007027853862382472
8533,-1.9397579431533813,0.0007562426617369056
8534,-1.9045569896697998,0.0008037850493565202
8535,-1.9698909521102905,0.0008360942010767758
8536,-1.9397579431533813,0.0008598588174208999
8537,-1.9848250150680542,0.0008788615232333541
8538,-1.9698909521102905,0.000892438692972064
8539,-2.009891986846924,0.0009047284838743508
8540,-1.9346909523010254,0.0009183709626086056
8541,-1.9797580242156982,0.0009286134736612439
8542,-1.944823980331421,0.0009396784007549286
8543,-2.0048251152038574,0.0009495611302554607
8544,-1.9397579431533813,0.0009578999597579241
8545,-2.0048251152038574,0.000967177446000278
8546,-1.9546910524368286,0.0009741538669914007
8547,-1.9597580432891846,0.000980457989498973
8548,-1.9245569705963135,0.0009856557007879019
8549,-1.949623942375183,0.0009895735420286655
8550,-1.9146909713745117,0.0009921614546328783
8551,-1.9346909523010254,0.000994168920442462
8552,-1.874690055847168,0.000995503505691886
8553,-1.9397579431533813,0.0009974146960303187
8554,-1.8997570276260376,0.0009992627892643213
8555,-1.9245569705963135,0.0010011648992076516
8556,-1.8845570087432861,0.0010037049651145935
8557,-1.9197570085525513,0.0010068730916827917
8558,-1.8946900367736816,0.001010668696835637
8559,-1.9346909523010254,0.001015539513900876
8560,-1.8645570278167725,0.0010202524717897177
8561,-1.9296239614486694,0.0010259361006319523
8562,-1.9146909713745117,0.0010302214650437236
8563,-1.9296239614486694,0.0010345557238906622
8564,-1.8946900367736816,0.0010382940527051687
8565,-1.9296239614486694,0.0010412874398753047
8566,-1.8645570278167725,0.001043954398483038
8567,-1.9197570085525513,0.0010463600046932697
8568,-1.8997570276260376,0.001048755133524537
8569,-1.9245569705963135,0.001051241299137473
8570,-1.8794900178909302,0.0010540616931393743
8571,-1.9045569896697998,0.0010573194595053792
8572,-1.8594900369644165,0.0010600308887660503
8573,-1.9197570085525513,0.001062782946974039
8574,-1.9045569896697998,0.0010645647998899221
8575,-1.9546910524368286,0.0010664721485227346
8576,-1.8845570087432861,0.0010686777532100677
8577,-1.9146909713745117,0.001070705708116293
8578,-1.8845570087432861,0.0010722295846790075
8579,-1.9245569705963135,0.0010737309930846095
8580,-1.874690055847168,0.0010749053908511996
8581,-1.9648250341415405,0.0010759461438283324
8582,-1.9045569896697998,0.0010770882945507765
8583,-1.9546910524368286,0.0010778196156024933
8584,-1.8946900367736816,0.0010788317304104567
8585,-1.949623942375183,0.0010797467548400164
8586,-1.8997570276260376,0.001081210095435381
8587,-1.944823980331421,0.001082535949535668
8588,-1.9397579431533813,0.0010843402706086636
8589,-1.949623942375183,0.0010857628658413887
8590,-1.9245569705963135,0.0010874762665480375
8591,-1.9045569896697998,0.0010888093383982778
8592,-1.8946900367736816,0.0010901115601882339
8593,-1.9346909523010254,0.0010915377642959356
8594,-1.8997570276260376,0.0010927561670541763
8595,-1.9296239614486694,0.0010943976230919361
8596,-1.9146909713745117,0.0010956014739349484
8597,-1.9296239614486694,0.0010969670256599784
8598,-1.9096239805221558,0.0010982274543493986
8599,-1.9597580432891846,0.001099339802749455
8600,-1.8997570276260376,0.0011002500541508198
8601,-1.9797580242156982,0.0011009522713720798
8602,-1.9045569896697998,0.0011015825439244509
8603,-1.9648250341415405,0.0011022123508155346
8604,-1.8645570278167725,0.001102658687159419
8605,-1.9346909523010254,0.0011029827874153852
8606,-1.8645570278167725,0.0011031939648091793
8607,-1.9296239614486694,0.0011033584596589208
8608,-1.889623999595642,0.0011034732451662421
8609,-1.949623942375183,0.0011035362258553505
8610,-1.9296239614486694,0.0011035774368792772
8611,-1.9245569705963135,0.0011036060750484467
8612,-1.9045569896697998,0.0011036237701773643
8613,-1.9296239614486694,0.0011036251671612263
8614,-1.8997570276260376,0.0011036223731935024
8615,-1.9346909523010254,0.0011036144569516182
8616,-1.8997570276260376,0.0011036088690161705
8617,-1.949623942375183,0.0011035974603146315
8618,-1.889623999595642,0.0011035855859518051
8619,-1.9096239805221558,0.0011035781353712082
8620,-1.9096239805221558,0.0011035723146051168
8621,-1.9296239614486694,0.001103568822145462
8622,-1.9045569896697998,0.0011035685893148184
8623,-1.944823980331421,0.0011035716161131859
8624,-1.8845570087432861,0.0011035772040486336
8625,-1.9546910524368286,0.0011035783682018518
8626,-1.8997570276260376,0.0011035921052098274
8627,-1.9146909713745117,0.0011036077048629522
8628,-1.8997570276260376,0.001103622722439468
8629,-1.949623942375183,0.0011036358773708344
8630,-1.874690055847168,0.0011036437936127186
8631,-1.9146909713745117,0.0011036599753424525
8632,-1.874690055847168,0.0011036728974431753
8633,-1.9597580432891846,0.0011036815121769905
8634,-1.8794900178909302,0.0011036877986043692
8635,-1.9245569705963135,0.00110369804315269
8636,-1.8794900178909302,0.001103710732422769
8637,-1.9546910524368286,0.0011037234216928482
8638,-1.8946900367736816,0.0011037420481443405
8639,-1.9296239614486694,0.0011037586955353618
8640,-1.9045569896697998,0.0011037730146199465
8641,-1.9346909523010254,0.0011037825606763363
8642,-1.9197570085525513,0.0011037853546440601
8643,-1.9546910524368286,0.0011037816293537617
8644,-1.8794900178909302,0.0011037762742489576
8645,-1.9397579431533813,0.001103764632716775
8646,-1.9045569896697998,0.0011037533404305577
8647,-1.9146909713745117,0.0011037392541766167
8648,-1.9045569896697998,0.0011037272633984685
8649,-1.9245569705963135,0.0011037127114832401
8650,-1.9045569896697998,0.001103703980334103
8651,-1.949623942375183,0.0011036954820156097
8652,-1.874690055847168,0.0011036854702979326
8653,-1.9397579431533813,0.0011036719661206007
8654,-1.889623999595642,0.001103662420064211
8655,-1.9746910333633423,0.0011036474024876952
8656,-1.9045569896697998,0.0011036356445401907
8657,-1.9397579431533813,0.001103623304516077
8658,-1.874690055847168,0.0011036088690161705
8659,-1.9146909713745117,0.0011035900097340345
8660,-1.8794900178909302,0.0011035734787583351
8661,-1.9146909713745117,0.001103560090996325
8662,-1.9245569705963135,0.0011035464704036713
8663,-1.9245569705963135,0.0011035300558432937
8664,-1.874690055847168,0.001103513059206307
8665,-1.9397579431533813,0.0011034996714442968
8666,-1.8946900367736816,0.0011034843046218157
8667,-1.9597580432891846,0.001103465911000967
8668,-1.9146909713745117,0.0011034492636099458
8669,-1.949623942375183,0.0011034351773560047
8670,-1.8794900178909302,0.0011034216731786728
8671,-1.9397579431533813,0.001103406073525548
8672,-1.874690055847168,0.001103390590287745
8673,-1.949623942375183,0.001103376504033804
8674,-1.9045569896697998,0.0011033654445782304
8675,-1.9546910524368286,0.001103352871723473
8676,-1.9146909713745117,0.0011033359915018082
8677,-1.9245569705963135,0.001103324699215591
8678,-1.8997570276260376,0.0011033136397600174
8679,-1.9648250341415405,0.001103297108784318
8680,-1.8946900367736816,0.0011032838374376297
8681,-1.9245569705963135,0.0011032720794901252
8682,-1.9197570085525513,0.001103261369280517
8683,-1.9146909713745117,0.0011032496113330126
8684,-1.889623999595642,0.0011032409965991974
8685,-1.949623942375183,0.0011032347101718187
8686,-1.9146909713745117,0.0011032216716557741
8687,-1.9296239614486694,0.0011032088659703732
8688,-1.889623999595642,0.0011031969916075468
8689,-1.9848250150680542,0.0011031848844140768
8690,-1.9045569896697998,0.0011031714966520667
8691,-1.9698909521102905,0.0011031565954908729
8692,-1.9045569896697998,0.0011031337780877948
8693,-1.9597580432891846,0.0011030829045921564
8694,-1.8946900367736816,0.001103011891245842
8695,-1.9296239614486694,0.001102885464206338
8696,-1.8997570276260376,0.001102664740756154
8697,-1.9397579431533813,0.00110229616984725
8698,-1.8946900367736816,0.0011017709039151669
8699,-1.9546910524368286,0.0011009157169610262
8700,-1.9045569896697998,0.001099616987630725
8701,-1.949623942375183,0.00109800323843956
8702,-1.9045569896697998,0.001096302643418312
8703,-1.9648250341415405,0.0010945848189294338
8704,-1.9146909713745117,0.001092948135919869
8705,-1.9397579431533813,0.0010911589488387108
8706,-1.8997570276260376,0.001088860910385847
8707,-1.9346909523010254,0.0010867418022826314
8708,-1.8997570276260376,0.0010844689095392823
8709,-1.9296239614486694,0.001081964117474854
8710,-1.8946900367736816,0.0010793190449476242
8711,-1.9245569705963135,0.0010766213526949286
8712,-1.9045569896697998,0.0010738249402493238
8713,-1.9197570085525513,0.0010709557682275772
8714,-1.9096239805221558,0.0010682418942451477
8715,-1.9397579431533813,0.0010653205681592226
8716,-1.8997570276260376,0.0010619016829878092
8717,-1.9546910524368286,0.001058661611750722
8718,-1.9146909713745117,0.0010556378401815891
8719,-1.9797580242156982,0.0010522319935262203
8720,-1.9045569896697998,0.0010485247476026416
8721,-1.9397579431533813,0.0010453532449901104
8722,-1.8946900367736816,0.0010418669553473592
8723,-1.9397579431533813,0.0010383715853095055
8724,-1.889623999595642,0.0010348146315664053
8725,-1.949623942375183,0.0010314786341041327
8726,-1.8997570276260376,0.0010284383315593004
8727,-1.9397579431533813,0.001025210483931005
8728,-1.9146909713745117,0.0010226573795080185
8729,-1.9546910524368286,0.001020161435008049
8730,-1.9197570085525513,0.00101840787101537
8731,-1.944823980331421,0.0010163863189518452
8732,-1.9045569896697998,0.0010142794344574213
8733,-1.9296239614486694,0.001012054504826665
8734,-1.9146909713745117,0.0010101334191858768
8735,-1.949623942375183,0.0010074797319248319
8736,-1.8997570276260376,0.0010051564313471317
8737,-1.9546910524368286,0.0010017692111432552
8738,-1.9045569896697998,0.0009980883914977312
8739,-1.9698909521102905,0.000993587775155902
8740,-1.9296239614486694,0.0009903653990477324
8741,-1.9546910524368286,0.0009869046043604612
8742,-1.9146909713745117,0.0009831106290221214
8743,-1.949623942375183,0.0009797858074307442
8744,-1.889623999595642,0.0009753523045219481
8745,-1.949623942375183,0.0009710639715194702
8746,-1.8645570278167725,0.0009666027035564184
8747,-1.9346909523010254,0.0009602127829566598
8748,-1.9045569896697998,0.0009549158276058733
8749,-1.9296239614486694,0.000948800181504339
8750,-1.9197570085525513,0.0009429249912500381
8751,-1.9746910333633423,0.0009376535890623927
8752,-1.9045569896697998,0.0009304609848186374
8753,-1.949623942375183,0.000925088650546968
8754,-1.9245569705963135,0.0009191008284687996
8755,-1.9698909521102905,0.0009126963559538126
8756,-1.9146909713745117,0.0009069174993783236
8757,-1.9546910524368286,0.0008984082378447056
8758,-1.9245569705963135,0.0008897564839571714
8759,-1.949623942375183,0.0008794018649496138
8760,-1.9045569896697998,0.0008677944424562156
8761,-1.9546910524368286,0.0008561501163057983
8762,-1.9245569705963135,0.0008428362780250609
8763,-1.9296239614486694,0.0008292984566651285
8764,-1.9045569896697998,0.000813900725916028
8765,-1.9746910333633423,0.0007970974547788501
8766,-1.9245569705963135,0.0007746017072349787
8767,-1.9597580432891846,0.0007378107402473688
8768,-1.9146909713745117,0.0006984096835367382
8769,-1.9848250150680542,0.0006435145041905344
8770,-1.8997570276260376,0.0005488151800818741
8771,-1.9546910524368286,0.0005204897024668753
8772,-1.9096239805221558,0.0005137015250511467
8773,-1.9797580242156982,0.0005077273235656321
8774,-1.9146909713745117,0.000501581933349371
8775,-1.9597580432891846,0.00049559585750103
8776,-1.9045569896697998,0.0004893044242635369
8777,-1.949623942375183,0.0004832971899304539
8778,-1.9146909713745117,0.00047672903747297823
8779,-1.9397579431533813,0.00046989935799501836
8780,-1.9245569705963135,0.0004619068931788206
8781,-1.9546910524368286,0.0004543418763205409
8782,-1.9346909523010254,0.0004465983365662396
8783,-1.949623942375183,0.0004407253582030535
8784,-1.9296239614486694,0.00043473864207044244
8785,-1.949623942375183,0.0004295450053177774
8786,-1.9146909713745117,0.0004244503506924957
8787,-1.9346909523010254,0.0004201452829875052
8788,-1.3938839435577393,0.00041599490214139223
8789,-0.30693700909614563,0.0003641821094788611
8790,-0.02160000056028366,0.0003183577209711075
8791,0.15893499553203583,0.00028771915822289884
8792,0.559473991394043,0.0002656055148690939
8793,0.6245409846305847,0.00024841539561748505
8794,0.7448089718818665,0.0002371868904447183
8795,0.8901439905166626,0.000227000389713794
8796,1.3306829929351807,0.00021571757679339498
8797,1.6213539838790894,0.00020792614668607712
8798,1.7616219520568848,0.00019945026724599302
8799,1.8416229486465454,0.00019222055561840534
8800,1.8765569925308228,0.00018658358021639287
8801,1.7914890050888062,0.00018023140728473663
8802,1.846690058708191,0.0001759360748110339
8803,1.8314900398254395,0.000172704691067338
8804,1.856557011604309,0.0001708568015601486
8805,1.7914890050888062,0.000170072540640831
8806,1.8165559768676758,0.00017054867930710316
8807,1.7565549612045288,0.00017206804477609694
8808,1.7664220333099365,0.0001743067114148289
8809,1.7064210176467896,0.00017550952907186002
8810,1.8114889860153198,0.00017725187353789806
8811,1.7864220142364502,0.000178875561687164
8812,1.8314900398254395,0.00017977661627810448
8813,1.7914890050888062,0.00017983480938710272
8814,1.8314900398254395,0.00017910294991452247
8815,1.8066890239715576,0.0001773829571902752
8816,1.8866900205612183,0.00017521770496387035
8817,1.8666900396347046,0.00017189420759677887
8818,1.8968240022659302,0.00016928611148614436
8819,1.8917570114135742,0.00016713561490178108
8820,1.9968249797821045,0.00016543376841582358
8821,1.906690001487732,0.00016446542576886714
8822,1.9317569732666016,0.0001638128887861967
8823,1.9016239643096924,0.00016392921679653227
8824,1.9368239641189575,0.0001639502588659525
8825,1.8765569925308228,0.0001650462654652074
8826,1.8917570114135742,0.00016596524801570922
8827,1.8314900398254395,0.00016672365018166602
8828,1.8816239833831787,0.00016714874072931707
8829,1.8416229486465454,0.00016807671636343002
8830,1.8816239833831787,0.00016986927948892117
8831,1.801622986793518,0.00017136288806796074
8832,1.8666900396347046,0.00017403103993274271
8833,1.8314900398254395,0.00017617207777220756
8834,1.846690058708191,0.0001794799172785133
8835,1.8266890048980713,0.00018389399338047951
8836,1.8416229486465454,0.00018804683350026608
8837,1.8165559768676758,0.00019369259825907648
8838,1.851755976676941,0.00019806213094852865
8839,1.8314900398254395,0.00020280154421925545
8840,1.856557011604309,0.00020848438725806773
8841,1.8165559768676758,0.00021284414106048644
8842,1.8765569925308228,0.00021759870287496597
8843,1.8114889860153198,0.00022221938706934452
8844,1.8365559577941895,0.00022628864098805934
8845,1.781622052192688,0.0002341743092983961
8846,1.856557011604309,0.00024086041958071291
8847,1.781622052192688,0.00025052964338101447
8848,1.8314900398254395,0.000259636202827096
8849,1.7514890432357788,0.00026905853883363307
8850,1.7514890432357788,0.00028052754350937903
8851,0.7448089718818665,0.0002920894476119429
8852,0.1338679939508438,0.0003067122888751328
8853,-0.14160199463367462,0.00032436722540296614
8854,-0.44213899970054626,0.00035452935844659805
8855,-0.7077419757843018,0.00039373981417156756
8856,-0.6877419948577881,0.0004395611467771232
8857,-0.8829439878463745,0.000504798605106771
8858,-1.1333470344543457,0.0005957158282399178
8859,-1.564020037651062,0.0006167913088575006
8860,-1.724287986755371,0.0006254554027691483
8861,-1.9146909713745117,0.0006320708198472857
8862,-1.9096239805221558,0.0006386205786839128
8863,-1.944823980331421,0.0006451999652199447
8864,-1.9146909713745117,0.00065152085153386
8865,-1.949623942375183,0.0006577348685823381
8866,-1.8997570276260376,0.0006640907377004623
8867,-1.9296239614486694,0.0006708826986141503
8868,-1.8245559930801392,0.0006791621563024819
8869,-1.874690055847168,0.0006874802056699991
8870,-1.7944220304489136,0.0006957901059649885
8871,-1.8245559930801392,0.0007019745535217226
8872,-1.8296229839324951,0.0007079205824993551
8873,-1.8997570276260376,0.0007140295347198844
8874,-1.874690055847168,0.0007198560051620007
8875,-1.949623942375183,0.0007258319528773427
8876,-1.9045569896697998,0.0007318674470297992
8877,-1.949623942375183,0.0008396967314183712
8878,-1.9346909523010254,0.0008876787615008652
8879,-1.9946919679641724,0.0009170650155283511
8880,-1.9597580432891846,0.0009382718708366156
8881,-1.9946919679641724,0.0009545802604407072
8882,-1.9346909523010254,0.0009665734251029789
8883,-1.9848250150680542,0.000978199066594243
8884,-1.9346909523010254,0.0009903524769470096
8885,-1.999758005142212,0.001000115880742669
8886,-1.9296239614486694,0.001011471962556243
8887,-1.999758005142212,0.0010205479338765144
8888,-1.9648250341415405,0.001028696307912469
8889,-1.999758005142212,0.001038318732753396
8890,-1.949623942375183,0.0010447544045746326
8891,-2.0298919677734375,0.0010512222070246935
8892,-1.9648250341415405,0.0010558622889220715
8893,-2.0149590969085693,0.0010598249500617385
8894,-1.9648250341415405,0.0010620646644383669
8895,-1.9698909521102905,0.0010642369743436575
8896,-1.9045569896697998,0.0010655249934643507
8897,-1.9397579431533813,0.001067264936864376
8898,-1.874690055847168,0.0010693434160202742
8899,-1.9648250341415405,0.0010712423827499151
8900,-1.8845570087432861,0.0010741878068074584
8901,-1.9346909523010254,0.0010773309040814638
8902,-1.8794900178909302,0.001081705093383789
8903,-1.949623942375183,0.001086364034563303
8904,-1.9245569705963135,0.0010912856087088585
8905,-1.949623942375183,0.0010964709799736738
8906,-1.8696229457855225,0.0011006246786564589
8907,-1.9346909523010254,0.0011052191257476807
8908,-1.8845570087432861,0.0011085976148024201
8909,-1.9296239614486694,0.0011116015957668424
8910,-1.8794900178909302,0.0011141097638756037
8911,-1.9096239805221558,0.0011165812611579895
8912,-1.8496229648590088,0.0011188475182279944
8913,-1.9146909713745117,0.0011215719860047102
8914,-1.8546899557113647,0.0011243943590670824
8915,-1.9346909523010254,0.0011275673750787973
8916,-1.8997570276260376,0.001130182878114283
8917,-1.9197570085525513,0.001132568228058517
8918,-1.8794900178909302,0.0011342562502250075
8919,-1.9296239614486694,0.0011363893281668425
8920,-1.874690055847168,0.0011385809630155563
8921,-1.9045569896697998,0.0011403330136090517
8922,-1.889623999595642,0.001141963992267847
8923,-1.9096239805221558,0.0011432234896346927
8924,-1.8845570087432861,0.0011445162817835808
8925,-1.9397579431533813,0.0011454725172370672
8926,-1.8496229648590088,0.0011464294511824846
8927,-1.9146909713745117,0.0011472055921331048
8928,-1.8696229457855225,0.0011481106048449874
8929,-1.9546910524368286,0.0011491496115922928
8930,-1.8946900367736816,0.0011505059665068984
8931,-1.9397579431533813,0.0011519312392920256
8932,-1.9296239614486694,0.0011535512749105692
8933,-1.9245569705963135,0.00115496339276433
8934,-1.889623999595642,0.0011567111359909177
8935,-1.9045569896697998,0.0011579516576603055
8936,-1.889623999595642,0.0011593756498768926
8937,-1.9648250341415405,0.0011606878833845258
8938,-1.874690055847168,0.0011619874276220798
8939,-1.944823980331421,0.0011634076945483685
8940,-1.874690055847168,0.0011646375060081482
8941,-1.9296239614486694,0.0011661365861073136
8942,-1.8696229457855225,0.001167351845651865
8943,-1.9096239805221558,0.0011684717610478401
8944,-1.8546899557113647,0.0011693499982357025
8945,-1.944823980331421,0.0011700363829731941
8946,-1.9045569896697998,0.0011706637451425195
8947,-1.9397579431533813,0.0011712429113686085
8948,-1.8997570276260376,0.0011716419830918312
8949,-1.9648250341415405,0.0011719252215698361
8950,-1.874690055847168,0.0011721211485564709
8951,-1.9546910524368286,0.0011722564231604338
8952,-1.8696229457855225,0.0011723397765308619
8953,-1.9096239805221558,0.0011724007781594992
8954,-1.8645570278167725,0.0011724396608769894
8955,-1.9146909713745117,0.0011724664364010096
8956,-1.8997570276260376,0.001172480871900916
8957,-1.9397579431533813,0.0011724911164492369
8958,-1.889623999595642,0.0011724992655217648
8959,-1.9346909523010254,0.001172507181763649
8960,-1.8997570276260376,0.001172508578747511
8961,-1.9197570085525513,0.0011725089279934764
8962,-1.9245569705963135,0.0011725116055458784
8963,-1.9648250341415405,0.0011725160293281078
8964,-1.8696229457855225,0.0011725223157554865
8965,-1.9397579431533813,0.0011725281365215778
8966,-1.9146909713745117,0.001172537449747324
8967,-1.9245569705963135,0.0011725458316504955
8968,-1.8997570276260376,0.0011725547956302762
8969,-1.9096239805221558,0.001172565622255206
8970,-1.874690055847168,0.001172575051896274
8971,-1.944823980331421,0.0011725977528840303
8972,-1.8946900367736816,0.0011726180091500282
8973,-1.9197570085525513,0.001172651769593358
8974,-1.874690055847168,0.0011726944940164685
8975,-1.9597580432891846,0.0011727449018508196
8976,-1.9197570085525513,0.0011727899545803666
8977,-1.9698909521102905,0.0011728473473340273
8978,-1.9197570085525513,0.0011728942627087235
8979,-1.9648250341415405,0.001172925578430295
8980,-1.9146909713745117,0.001172945136204362
8981,-1.9197570085525513,0.0011729553807526827
8982,-1.889623999595642,0.001172962598502636
8983,-1.9296239614486694,0.0011729658581316471
8984,-1.8645570278167725,0.0011729702819138765
8985,-1.8946900367736816,0.0011729779653251171
8986,-1.8594900369644165,0.0011729906545951962
8987,-1.9245569705963135,0.001173000899143517
8988,-1.8645570278167725,0.0011730098631232977
8989,-1.9146909713745117,0.0011730161495506763
8990,-1.8794900178909302,0.0011730201076716185
8991,-1.944823980331421,0.001173029886558652
8992,-1.8794900178909302,0.0011730373371392488
8993,-1.949623942375183,0.0011730445548892021
8994,-1.9397579431533813,0.0011730499099940062
8995,-1.9597580432891846,0.0011730447877198458
8996,-1.8997570276260376,0.0011730400146916509
8997,-1.9245569705963135,0.0011730324476957321
8998,-1.8997570276260376,0.0011730247642844915
8999,-1.9397579431533813,0.0011730202240869403
9000,-1.8645570278167725,0.0011730205733329058
9001,-1.9245569705963135,0.001173020456917584
9002,-1.9045569896697998,0.0011730215046554804
9003,-1.944823980331421,0.001173022435978055
9004,-1.9146909713745117,0.0011730242986232042
9005,-1.9296239614486694,0.0011730222031474113
9006,-1.8946900367736816,0.0011730185942724347
9007,-1.944823980331421,0.0011730077676475048
9008,-1.9045569896697998,0.0011729991529136896
9009,-1.9296239614486694,0.0011729857651516795
9010,-1.9096239805221558,0.0011729719117283821
9011,-1.9146909713745117,0.0011729535181075335
9012,-1.8946900367736816,0.0011729334946721792
9013,-1.9296239614486694,0.0011729276739060879
9014,-1.8794900178909302,0.0011729237157851458
9015,-1.9096239805221558,0.001172922900877893
9016,-1.8997570276260376,0.0011729246471077204
9017,-1.9296239614486694,0.0011729272082448006
9018,-1.9197570085525513,0.0011729307007044554
9019,-1.9797580242156982,0.0011729259276762605
9020,-1.8997570276260376,0.0011729146353900433
9021,-1.9648250341415405,0.0011728988029062748
9022,-1.8794900178909302,0.00117288448382169
9023,-1.944823980331421,0.0011728627141565084
9024,-1.874690055847168,0.0011728433892130852
9025,-1.9245569705963135,0.0011728296522051096
9026,-1.8696229457855225,0.0011728229001164436
9027,-1.949623942375183,0.001172821968793869
9028,-1.8997570276260376,0.0011728208046406507
9029,-1.9597580432891846,0.001172820571810007
9030,-1.8946900367736816,0.0011728183599188924
9031,-1.9648250341415405,0.0011728138197213411
9032,-1.889623999595642,0.0011728049721568823
9033,-1.9746910333633423,0.0011727951932698488
9034,-1.889623999595642,0.0011727857636287808
9035,-1.9346909523010254,0.0011727713281288743
9036,-1.9397579431533813,0.001172755379229784
9037,-1.9746910333633423,0.0011727139353752136
9038,-1.9296239614486694,0.0011726380325853825
9039,-1.9546910524368286,0.0011724908836185932
9040,-1.9096239805221558,0.0011722460621967912
9041,-1.9245569705963135,0.0011718696914613247
9042,-1.8845570087432861,0.0011713113635778427
9043,-1.9245569705963135,0.0011703930795192719
9044,-1.9245569705963135,0.0011690102983266115
9045,-1.9546910524368286,0.0011673728004097939
9046,-1.8997570276260376,0.0011656612623482943
9047,-1.949623942375183,0.001163998618721962
9048,-1.8946900367736816,0.0011623543687164783
9049,-1.9546910524368286,0.0011605483014136553
9050,-1.9197570085525513,0.001158210914582014
9051,-1.9296239614486694,0.00115611229557544
9052,-1.9096239805221558,0.0011537582613527775
9053,-1.944823980331421,0.0011513109784573317
9054,-1.9146909713745117,0.0011487288866192102
9055,-1.9797580242156982,0.0011460637906566262
9056,-1.9197570085525513,0.0011433572508394718
9057,-1.949623942375183,0.0011404346441850066
9058,-1.8794900178909302,0.0011377537157386541
9059,-1.9546910524368286,0.001134674996137619
9060,-1.874690055847168,0.0011313254944980145
9061,-1.9698909521102905,0.0011281975312158465
9062,-1.9045569896697998,0.001125140581279993
9063,-1.9746910333633423,0.0011216236744076014
9064,-1.9197570085525513,0.0011180613655596972
9065,-1.949623942375183,0.0011149528436362743
9066,-1.8794900178909302,0.0011113688815385103
9067,-1.9296239614486694,0.0011078519746661186
9068,-1.8997570276260376,0.0011044181883335114
9069,-1.9146909713745117,0.0011011958122253418
9070,-1.8794900178909302,0.0010981340892612934
9071,-1.944823980331421,0.0010949959978461266
9072,-1.8997570276260376,0.0010924609377980232
9073,-1.9146909713745117,0.0010901116766035557
9074,-1.889623999595642,0.0010884462390094995
9075,-1.9346909523010254,0.0010862713679671288
9076,-1.8946900367736816,0.0010842450428754091
9077,-1.9146909713745117,0.0010822295444086194
9078,-1.8997570276260376,0.001080225920304656
9079,-1.9848250150680542,0.0010777199640870094
9080,-1.9296239614486694,0.0010753157548606396
9081,-1.9346909523010254,0.0010717438999563456
9082,-1.9146909713745117,0.001068016397766769
9083,-1.9648250341415405,0.0010640136897563934
9084,-1.9296239614486694,0.0010608877055346966
9085,-1.9146909713745117,0.001057217363268137
9086,-1.9296239614486694,0.0010536565678194165
9087,-1.9597580432891846,0.0010502682998776436
9088,-1.9045569896697998,0.0010454111034050584
9089,-1.9546910524368286,0.0010412561241537333
9090,-1.9146909713745117,0.0010364396730437875
9091,-1.9397579431533813,0.001030533341690898
9092,-1.9296239614486694,0.0010252166539430618
9093,-1.9397579431533813,0.0010185413993895054
9094,-1.889623999595642,0.001013042638078332
9095,-1.949623942375183,0.001007582526654005
9096,-1.944823980331421,0.0010009038960561156
9097,-1.9397579431533813,0.0009956409921869636
9098,-1.8997570276260376,0.0009894343093037605
9099,-1.9296239614486694,0.0009834994561970234
9100,-1.9197570085525513,0.0009776384104043245
9101,-1.9648250341415405,0.0009683392127044499
9102,-1.8794900178909302,0.0009599471231922507
9103,-1.9397579431533813,0.0009489523945376277
9104,-1.8645570278167725,0.000938549404963851
9105,-1.9648250341415405,0.0009277087519876659
9106,-1.8997570276260376,0.000915030250325799
9107,-1.9397579431533813,0.0009018370183184743
9108,-1.8946900367736816,0.0008860157104209065
9109,-1.949623942375183,0.0008670000825077295
9110,-1.9146909713745117,0.00083558214828372
9111,-1.9546910524368286,0.0007952653104439378
9112,-1.9296239614486694,0.0007485426031053066
9113,-1.9346909523010254,0.0006826163153164089
9114,-1.9045569896697998,0.000591084361076355
9115,-1.9397579431533813,0.0005693947896361351
9116,-1.9197570085525513,0.0005603047320619226
9117,-1.9648250341415405,0.000553375924937427
9118,-1.8946900367736816,0.0005466319271363318
9119,-1.949623942375183,0.0005399134242907166
9120,-1.9245569705963135,0.0005335009773261845
9121,-1.9546910524368286,0.0005272474372759461
9122,-1.9296239614486694,0.0005208752700127661
9123,-1.9648250341415405,0.0005140835419297218
9124,-1.9698909521102905,0.0005058182869106531
9125,-1.9397579431533813,0.0004975486663170159
9126,-1.9197570085525513,0.0004893179284408689
9127,-1.9546910524368286,0.000483301148051396
9128,-1.9096239805221558,0.00047766236821189523
9129,-1.949623942375183,0.0004719908465631306
9130,-1.8794900178909302,0.00046683219261467457
9131,-1.889623999595642,0.0004619525861926377
9132,-1.0984139442443848,0.00045742630027234554
9133,-0.23173600435256958,0.0003512438852339983
9134,0.05360100045800209,0.00030505890026688576
9135,0.25387001037597656,0.00027731864247471094
9136,0.609607994556427,0.0002578429412096739
9137,0.6496080160140991,0.00024346038117073476
9138,0.8098769783973694,0.00023378680634777993
9139,0.9901459813117981,0.00022426147188525647
9140,1.4560179710388184,0.00021469764760695398
9141,1.6864210367202759,0.00020747950475197285
9142,1.8114889860153198,0.00019875876023434103
9143,1.8866900205612183,0.00019242064445279539
9144,1.851755976676941,0.00018700174405239522
9145,1.801622986793518,0.00018019112758338451
9146,1.851755976676941,0.00017648920766077936
9147,1.8066890239715576,0.00017320163897238672
9148,1.8365559577941895,0.00017196135013364255
9149,1.7514890432357788,0.0001710055657895282
9150,1.7464220523834229,0.00017188271158374846
9151,1.7162879705429077,0.00017338301404379308
9152,1.7464220523834229,0.00017545993614476174
9153,1.7765560150146484,0.00017684706836007535
9154,1.8365559577941895,0.00017837187624536455
9155,1.8266890048980713,0.00018011414795182645
9156,1.8666900396347046,0.00018055280088447034
9157,1.8216229677200317,0.0001804942003218457
9158,1.8816239833831787,0.00017935503274202347
9159,1.8365559577941895,0.00017757821478880942
9160,1.8616230487823486,0.00017525511793792248
9161,1.851755976676941,0.00017210165970027447
9162,1.9266910552978516,0.00016970009892247617
9163,1.8866900205612183,0.00016745770699344575
9164,1.911756992340088,0.00016620794485788792
9165,1.906690001487732,0.00016509820125065744
9166,1.9218909740447998,0.0001647928002057597
9167,1.8968240022659302,0.00016466472879983485
9168,1.9218909740447998,0.0001650152262300253
9169,1.8666900396347046,0.0001660408452153206
9170,1.8816239833831787,0.0001671722566243261
9171,1.856557011604309,0.00016779026191215962
9172,1.8866900205612183,0.0001683357113506645
9173,1.8365559577941895,0.00017014541663229465
9174,1.8866900205612183,0.00017181914881803095
9175,1.8314900398254395,0.0001733608078211546
9176,1.8616230487823486,0.00017599374405108392
9177,1.8066890239715576,0.00017840508371591568
9178,1.851755976676941,0.00018209623522125185
9179,1.8416229486465454,0.00018645876843947917
9180,1.8666900396347046,0.0001906841789605096
9181,1.8314900398254395,0.00019672978669404984
9182,1.8416229486465454,0.00020111989579163492
9183,1.8066890239715576,0.0002063593565253541
9184,1.8816239833831787,0.00021145322534721345
9185,1.8114889860153198,0.00021582338376902044
9186,1.846690058708191,0.00022170522424858063
9187,1.8066890239715576,0.00022604642435908318
9188,1.8765569925308228,0.00023120283731259406
9189,1.8314900398254395,0.00023877488274592906
9190,1.8365559577941895,0.0002460132818669081
9191,1.8216229677200317,0.00025704014115035534
9192,1.851755976676941,0.00026693823747336864
9193,1.8066890239715576,0.00027805002173408866
9194,1.5810860395431519,0.00029018259374424815
9195,0.5093399882316589,0.00030206688097678125
9196,0.03866700083017349,0.00031687942100688815
9197,-0.19173599779605865,0.0003326808218844235
9198,-0.5173400044441223,0.00035833389847539365
9199,-0.7328090071678162,0.0003960239118896425
9200,-0.7978770136833191,0.0004386944056022912
9201,-0.9330779910087585,0.0005002167308703065
9202,-1.2336150407791138,0.0005843647522851825
9203,-1.6741540431976318,0.0006003078306093812
9204,-1.789355993270874,0.0006076931022107601
9205,-1.9296239614486694,0.0006153314025141299
9206,-1.9146909713745117,0.000623515690676868
9207,-1.9546910524368286,0.0006316920043900609
9208,-1.8645570278167725,0.0006404185551218688
9209,-1.9296239614486694,0.0006485627964138985
9210,-1.8394900560379028,0.0006577169988304377
9211,-1.9146909713745117,0.0006671025766991079
9212,-1.8696229457855225,0.0006777170347049832
9213,-1.8296229839324951,0.0006871080258861184
9214,-1.8144229650497437,0.0006961920880712569
9215,-1.889623999595642,0.0007041090284474194
9216,-1.8546899557113647,0.0007122179958969355
9217,-1.9245569705963135,0.000719652627594769
9218,-1.874690055847168,0.0007273642113432288
9219,-1.9296239614486694,0.0007348977378569543
9220,-1.874690055847168,0.0007427374948747456
9221,-1.9146909713745117,0.000813668651971966
9222,-1.9245569705963135,0.000848529627546668
9223,-1.9746910333633423,0.0008773573790676892
9224,-1.9296239614486694,0.0008968444308266044
9225,-1.9797580242156982,0.0009119552560150623
9226,-1.9698909521102905,0.0009237851481884718
9227,-2.0149590969085693,0.0009366670856252313
9228,-2.0048251152038574,0.0009472963865846395
9229,-2.019758939743042,0.0009574848227202892
9230,-1.9746910333633423,0.0009688087739050388
9231,-1.9746910333633423,0.0009774649515748024
9232,-1.9698909521102905,0.000986034399829805
9233,-1.9797580242156982,0.0009942033793777227
9234,-1.9146909713745117,0.001000372925773263
9235,-1.9746910333633423,0.0010069013806059957
9236,-1.9546910524368286,0.001010990235954523
9237,-1.9648250341415405,0.0010145223932340741
9238,-1.9045569896697998,0.0010164662962779403
9239,-1.949623942375183,0.0010182622354477644
9240,-1.9245569705963135,0.001019688555970788
9241,-1.9146909713745117,0.0010213186033070087
9242,-1.8997570276260376,0.001023497199639678
9243,-1.9296239614486694,0.00102553004398942
9244,-1.9096239805221558,0.0010288881603628397
9245,-1.9245569705963135,0.0010321666486561298
9246,-1.8594900369644165,0.001037264708429575
9247,-1.9197570085525513,0.0010417983867228031
9248,-1.8546899557113647,0.001047118566930294
9249,-1.9296239614486694,0.001051739789545536
9250,-1.874690055847168,0.0010558718349784613
9251,-1.9346909523010254,0.0010604895651340485
9252,-1.8946900367736816,0.0010636311490088701
9253,-1.949623942375183,0.0010666914749890566
9254,-1.889623999595642,0.0010690736817196012
9255,-1.9397579431533813,0.0010714619420468807
9256,-1.889623999595642,0.0010737848933786154
9257,-1.9245569705963135,0.0010767412604764104
9258,-1.9045569896697998,0.001079669687896967
9259,-1.9146909713745117,0.0010826458455994725
9260,-1.9045569896697998,0.0010853384155780077
9261,-1.9296239614486694,0.0010874941945075989
9262,-1.874690055847168,0.0010892024729400873
9263,-1.9045569896697998,0.0010915165767073631
9264,-1.8794900178909302,0.001093797036446631
9265,-1.944823980331421,0.001095360959880054
9266,-1.8394900560379028,0.0010971183655783534
9267,-1.9296239614486694,0.0010982754174619913
9268,-1.874690055847168,0.0010995403863489628
9269,-1.9245569705963135,0.0011004782281816006
9270,-1.8845570087432861,0.0011012812610715628
9271,-1.9096239805221558,0.001102168345823884
9272,-1.8845570087432861,0.0011030116584151983
9273,-1.9245569705963135,0.0011042120167985559
9274,-1.8696229457855225,0.0011055005015805364
9275,-1.9346909523010254,0.001107039861381054
9276,-1.8794900178909302,0.0011085269507020712
9277,-1.9397579431533813,0.0011100128758698702
9278,-1.889623999595642,0.0011115225497633219
9279,-1.9397579431533813,0.0011127515463158488
9280,-1.889623999595642,0.0011143508600071073
9281,-1.949623942375183,0.00111557194031775
9282,-1.8594900369644165,0.0011170124635100365
9283,-1.8794900178909302,0.001118311658501625
9284,-1.8794900178909302,0.0011195691768079996
9285,-1.9296239614486694,0.001120995031669736
9286,-1.8946900367736816,0.001122144516557455
9287,-1.9197570085525513,0.0011232576798647642
9288,-1.8997570276260376,0.0011240446474403143
9289,-1.9146909713745117,0.001124691916629672
9290,-1.9146909713745117,0.0011253254488110542
9291,-1.9296239614486694,0.0011258466402068734
9292,-1.9045569896697998,0.0011261944891884923
9293,-1.9146909713745117,0.0011264185886830091
9294,-1.8845570087432861,0.0011265730718150735
9295,-1.9245569705963135,0.0011266719084233046
9296,-1.874690055847168,0.0011267437366768718
9297,-1.9045569896697998,0.0011267978698015213
9298,-1.889623999595642,0.0011268374510109425
9299,-1.944823980331421,0.00112686469219625
9300,-1.8645570278167725,0.0011268705129623413
9301,-1.9245569705963135,0.001126877497881651
9302,-1.8946900367736816,0.0011268790112808347
9303,-1.9245569705963135,0.0011268781963735819
9304,-1.9045569896697998,0.0011268765665590763
9305,-1.9296239614486694,0.001126872026361525
9306,-1.889623999595642,0.0011268618982285261
9307,-1.9346909523010254,0.0011268486268818378
9308,-1.8946900367736816,0.0011268467642366886
9309,-1.9597580432891846,0.0011268453672528267
9310,-1.8794900178909302,0.001126847811974585
9311,-1.9346909523010254,0.0011268616653978825
9312,-1.9045569896697998,0.0011268826201558113
9313,-1.9397579431533813,0.0011269026435911655
9314,-1.889623999595642,0.001126929884776473
9315,-1.9346909523010254,0.0011269545648247004
9316,-1.889623999595642,0.001126985065639019
9317,-1.9397579431533813,0.0011270176619291306
9318,-1.9045569896697998,0.0011270628310739994
9319,-1.9597580432891846,0.0011271019466221333
9320,-1.9045569896697998,0.0011271322146058083
9321,-1.9296239614486694,0.001127163995988667
9322,-1.8794900178909302,0.0011272064875811338
9323,-1.9346909523010254,0.0011272390838712454
9324,-1.8845570087432861,0.0011272644624114037
9325,-1.9397579431533813,0.0011272865813225508
9326,-1.9146909713745117,0.0011273054406046867
9327,-1.9397579431533813,0.0011273159179836512
9328,-1.889623999595642,0.0011273224372416735
9329,-1.9146909713745117,0.0011273273266851902
9330,-1.8997570276260376,0.0011273277923464775
9331,-1.9346909523010254,0.0011273276759311557
9332,-1.9245569705963135,0.0011273255804553628
9333,-1.9245569705963135,0.0011273210402578115
9334,-1.8794900178909302,0.0011273141717538238
9335,-1.9245569705963135,0.0011273031122982502
9336,-1.874690055847168,0.0011272975243628025
9337,-1.9296239614486694,0.0011272926349192858
9338,-1.8845570087432861,0.0011272851843386889
9339,-1.949623942375183,0.0011272800620645285
9340,-1.889623999595642,0.0011272775009274483
9341,-1.9546910524368286,0.0011272755218669772
9342,-1.889623999595642,0.0011272701667621732
9343,-1.9296239614486694,0.0011272644624114037
9344,-1.8997570276260376,0.0011272585252299905
9345,-1.9146909713745117,0.001127251423895359
9346,-1.889623999595642,0.0011272436240687966
9347,-1.9346909523010254,0.0011272415285930037
9348,-1.8997570276260376,0.0011272388510406017
9349,-1.944823980331421,0.00112724001519382
9350,-1.9045569896697998,0.0011272379197180271
9351,-1.9397579431533813,0.0011272367555648088
9352,-1.8845570087432861,0.0011272315168753266
9353,-1.944823980331421,0.001127227209508419
9354,-1.8946900367736816,0.0011272234842181206
9355,-1.9245569705963135,0.0011272206902503967
9356,-1.874690055847168,0.0011272160336375237
9357,-1.9397579431533813,0.0011272081173956394
9358,-1.8645570278167725,0.0011272020637989044
9359,-1.9397579431533813,0.0011271937983110547
9360,-1.889623999595642,0.001127186929807067
9361,-1.9245569705963135,0.0011271779658272862
9362,-1.8645570278167725,0.0011271695839241147
9363,-1.9296239614486694,0.0011271595722064376
9364,-1.8794900178909302,0.0011271542171016335
9365,-1.9346909523010254,0.0011271497933194041
9366,-1.8946900367736816,0.0011271422263234854
9367,-1.9045569896697998,0.0011271322146058083
9368,-1.9146909713745117,0.0011271339608356357
9369,-1.944823980331421,0.0011271268595010042
9370,-1.8997570276260376,0.0011271140538156033
9371,-1.9296239614486694,0.0011271010152995586
9372,-1.889623999595642,0.0011270856484770775
9373,-1.9698909521102905,0.0011270784307271242
9374,-1.8946900367736816,0.0011270667891949415
9375,-1.9245569705963135,0.001127048977650702
9376,-1.9197570085525513,0.0011270378017798066
9377,-1.944823980331421,0.0011270296527072787
9378,-1.8946900367736816,0.0011270208051428199
9379,-1.9245569705963135,0.00112701125908643
9380,-1.889623999595642,0.0011269950773566961
9381,-1.9597580432891846,0.001126960851252079
9382,-1.9397579431533813,0.0011268965899944305
9383,-1.9698909521102905,0.0011267533991485834
9384,-1.9146909713745117,0.001126459101215005
9385,-1.9397579431533813,0.0011260391911491752
9386,-1.8946900367736816,0.0011253936681896448
9387,-1.944823980331421,0.0011243182234466076
9388,-1.9296239614486694,0.0011228283401578665
9389,-1.949623942375183,0.0011211985256522894
9390,-1.9045569896697998,0.0011194145772606134
9391,-1.9397579431533813,0.001117778941988945
9392,-1.8997570276260376,0.001116055529564619
9393,-1.9397579431533813,0.0011141368886455894
9394,-1.8997570276260376,0.0011118084657937288
9395,-1.9245569705963135,0.0011096990201622248
9396,-1.8794900178909302,0.0011071013286709785
9397,-1.9096239805221558,0.001104550901800394
9398,-1.8696229457855225,0.0011019159574061632
9399,-1.9296239614486694,0.0010991739109158516
9400,-1.9296239614486694,0.0010964430402964354
9401,-1.9245569705963135,0.0010936346370726824
9402,-1.9045569896697998,0.0010909063275903463
9403,-1.9546910524368286,0.0010877260938286781
9404,-1.9096239805221558,0.0010843267664313316
9405,-1.944823980331421,0.0010813227854669094
9406,-1.8997570276260376,0.0010782028548419476
9407,-1.9397579431533813,0.0010745287872850895
9408,-1.9045569896697998,0.0010711636859923601
9409,-1.9397579431533813,0.0010680470149964094
9410,-1.9146909713745117,0.0010644523426890373
9411,-1.9346909523010254,0.0010608239099383354
9412,-1.8845570087432861,0.0010574596235528588
9413,-1.949623942375183,0.0010543977841734886
9414,-1.8645570278167725,0.0010511837899684906
9415,-1.9296239614486694,0.0010483276564627886
9416,-1.9045569896697998,0.0010457509197294712
9417,-1.949623942375183,0.0010437422897666693
9418,-1.889623999595642,0.0010420104954391718
9419,-1.9597580432891846,0.0010396807920187712
9420,-1.8946900367736816,0.0010375736746937037
9421,-1.9397579431533813,0.0010356988059356809
9422,-1.8997570276260376,0.0010335149709135294
9423,-1.944823980331421,0.0010311920195817947
9424,-1.9146909713745117,0.001028595957905054
9425,-1.9197570085525513,0.0010248672915622592
9426,-1.8997570276260376,0.0010209382744506001
9427,-1.949623942375183,0.0010171763133257627
9428,-1.9146909713745117,0.0010140424128621817
9429,-1.9397579431533813,0.00100987427867949
9430,-1.8946900367736816,0.001006538630463183
9431,-1.9546910524368286,0.0010028933174908161
9432,-1.8946900367736816,0.000998091883957386
9433,-1.9146909713745117,0.0009939584415405989
9434,-1.9045569896697998,0.00098866515327245
9435,-1.9197570085525513,0.000983074656687677
9436,-1.9397579431533813,0.0009775826474651694
9437,-1.9648250341415405,0.0009706071577966213
9438,-1.9146909713745117,0.0009652877924963832
9439,-1.9797580242156982,0.0009592994465492666
9440,-1.9045569896697998,0.0009533229167573154
9441,-1.9245569705963135,0.0009479360305704176
9442,-1.9045569896697998,0.0009407188044860959
9443,-1.9296239614486694,0.0009349744650535285
9444,-1.9146909713745117,0.0009282256942242384
9445,-1.9648250341415405,0.0009192631114274263
9446,-1.8997570276260376,0.0009102961048483849
9447,-1.9296239614486694,0.0008980542188510299
9448,-1.9096239805221558,0.0008867594879120588
9449,-1.9296239614486694,0.0008743667276576161
9450,-1.889623999595642,0.0008609654614701867
9451,-1.9397579431533813,0.0008476957445964217
9452,-1.9146909713745117,0.0008316835737787187
9453,-1.9746910333633423,0.000814415980130434
9454,-1.8946900367736816,0.0007875728770159185
9455,-1.9698909521102905,0.0007487954571843147
9456,-1.9045569896697998,0.0007052683504298329
9457,-1.949623942375183,0.0006430805660784245
9458,-1.8946900367736816,0.0005583270685747266
9459,-1.9245569705963135,0.000541824905667454
9460,-1.889623999595642,0.0005340673960745335
9461,-1.9698909521102905,0.0005261779297143221
9462,-1.9045569896697998,0.0005178253632038832
9463,-1.9296239614486694,0.0005095428205095232
9464,-1.8696229457855225,0.0005007559666410089
9465,-1.9746910333633423,0.000492577557452023
9466,-1.889623999595642,0.0004834120045416057
9467,-1.9648250341415405,0.00047403189819306135
9468,-1.9146909713745117,0.0004634536162484437
9469,-1.9397579431533813,0.0004541291273199022
9470,-1.8845570087432861,0.00044515435001812875
9471,-1.9146909713745117,0.00043742251000367105
9472,-1.8997570276260376,0.0004296711995266378
9473,-1.949623942375183,0.00042273313738405704
9474,-1.874690055847168,0.00041581495315767825
9475,-1.7994890213012695,0.00040947209345176816
9476,-0.7477430105209351,0.0004032521974295378
9477,-0.11173500120639801,0.00033402652479708195
9478,0.07866799831390381,0.0003009806387126446
9479,0.4341390132904053,0.00027375732315704226
9480,0.6146739721298218,0.0002560211287345737
9481,0.6546750068664551,0.0002430597523925826
9482,0.8098769783973694,0.0002334561722818762
9483,1.1104140281677246,0.00022272679780144244
9484,1.5261520147323608,0.00021460853167809546
9485,1.7064210176467896,0.0002070415357593447
9486,1.8066890239715576,0.00019835718558169901
9487,1.8416229486465454,0.0001925220713019371
9488,1.8365559577941895,0.00018669929704628885
9489,1.8266890048980713,0.00018117087893188
9490,1.8314900398254395,0.00017777853645384312
9491,1.7765560150146484,0.00017452209431212395
9492,1.8266890048980713,0.00017369925626553595
9493,1.7664220333099365,0.0001731321681290865
9494,1.7864220142364502,0.0001744722540024668
9495,1.7314879894256592,0.00017642647435422987
9496,1.781622052192688,0.0001782294420991093
9497,1.7464220523834229,0.00017985631711781025
9498,1.856557011604309,0.00018114745034836233
9499,1.796555995941162,0.00018267202540300786
9500,1.8816239833831787,0.0001826890802476555
9501,1.8165559768676758,0.00018240316421724856
9502,1.856557011604309,0.00018067899509333074
9503,1.856557011604309,0.00017880136147141457
9504,1.8866900205612183,0.00017620474682189524
9505,1.856557011604309,0.0001733813842292875
9506,1.9218909740447998,0.00017114062211476266
9507,1.8666900396347046,0.0001686935720499605
9508,1.9466910362243652,0.0001678218541201204
9509,1.911756992340088,0.00016665342263877392
9510,1.9317569732666016,0.00016679413965903223
9511,1.856557011604309,0.00016669207252562046
9512,1.906690001487732,0.00016735043027438223
9513,1.8816239833831787,0.00016805397171992809
9514,1.906690001487732,0.00016938956105150282
9515,1.8717570304870605,0.00016972990124486387
9516,1.8968240022659302,0.00017032097093760967
9517,1.851755976676941,0.00017224244948010892
9518,1.9016239643096924,0.0001738035789458081
9519,1.856557011604309,0.00017546040180604905
9520,1.8666900396347046,0.00017755632870830595
9521,1.851755976676941,0.00018027695477940142
9522,1.851755976676941,0.00018453467055223882
9523,1.8114889860153198,0.00018875626847147942
9524,1.8165559768676758,0.00019334116950631142
9525,1.8266890048980713,0.00019861005421262234
9526,1.8416229486465454,0.00020303003839217126
9527,1.8216229677200317,0.00020858351490460336
9528,1.8365559577941895,0.0002133732195943594
9529,1.8216229677200317,0.00021772451873403043
9530,1.8666900396347046,0.00022329010243993253
9531,1.7765560150146484,0.00022734227241016924
9532,1.8616230487823486,0.00023343577049672604
9533,1.801622986793518,0.00024044778547249734
9534,1.8816239833831787,0.00024827546440064907
9535,1.796555995941162,0.00025832466781139374
9536,1.8365559577941895,0.0002675526775419712
9537,1.8066890239715576,0.0002786874247249216
9538,1.320816993713379,0.00029061356326565146
9539,0.24400299787521362,0.00030436523957177997
9540,-0.0013330000219866633,0.0003188547561876476
9541,-0.2720029950141907,0.0003378469846211374
9542,-0.5725399851799011,0.00036913002259097993
9543,-0.7528089880943298,0.00040606269612908363
9544,-0.8178769946098328,0.0004501538351178169
9545,-1.0032130479812622,0.0005149267963133752
9546,-1.3688169717788696,0.0005758809857070446
9547,-1.7544219493865967,0.0005856151692569256
9548,-1.8296229839324951,0.0005945209413766861
9549,-1.9546910524368286,0.0006029114010743797
9550,-1.9245569705963135,0.000611486320849508
9551,-1.949623942375183,0.0006198284681886435
9552,-1.9096239805221558,0.0006281519890762866
9553,-1.9648250341415405,0.0006365427398122847
9554,-1.8946900367736816,0.0006462631281465292
9555,-1.9045569896697998,0.0006559449248015881
9556,-1.8245559930801392,0.0006662954692728817
9557,-1.8594900369644165,0.0006749251042492688
9558,-1.8296229839324951,0.0006842448492534459
9559,-1.8594900369644165,0.0006929883966222405
9560,-1.8144229650497437,0.0007015841547399759
9561,-1.9245569705963135,0.0007099081994965672
9562,-1.9045569896697998,0.0007182274130173028
9563,-1.949623942375183,0.0007263227016665041
9564,-1.9245569705963135,0.0007389881648123264
9565,-1.9648250341415405,0.0007985643460415304
9566,-1.944823980331421,0.0008308726828545332
9567,-1.9746910333633423,0.0008556419052183628
9568,-1.949623942375183,0.0008740130579099059
9569,-2.019758939743042,0.0008876655483618379
9570,-1.9797580242156982,0.0008993918891064823
9571,-2.0397589206695557,0.0009132315753959119
9572,-1.9848250150680542,0.0009233224554918706
9573,-2.019758939743042,0.000933803035877645
9574,-1.9797580242156982,0.0009442073060199618
9575,-1.999758005142212,0.0009525258792564273
9576,-1.9296239614486694,0.0009614787995815277
9577,-1.9746910333633423,0.0009688426507636905
9578,-1.9346909523010254,0.0009749436867423356
9579,-1.9898920059204102,0.0009804887231439352
9580,-1.944823980331421,0.0009843801381066442
9581,-1.9397579431533813,0.0009872264927253127
9582,-1.9146909713745117,0.0009891325607895851
9583,-1.9648250341415405,0.000990510219708085
9584,-1.889623999595642,0.0009921382879838347
9585,-1.9546910524368286,0.0009937877766788006
9586,-1.8997570276260376,0.0009957212023437023
9587,-1.9197570085525513,0.0009980045724660158
9588,-1.9146909713745117,0.0010011735139414668
9589,-1.9296239614486694,0.0010046971729025245
9590,-1.8845570087432861,0.0010096589103341103
9591,-1.9397579431533813,0.0010142272803932428
9592,-1.8794900178909302,0.0010200485121458769
9593,-1.9296239614486694,0.0010244196746498346
9594,-1.874690055847168,0.0010286412434652448
9595,-1.9245569705963135,0.0010326484916731715
9596,-1.9146909713745117,0.0010356188286095858
9597,-1.9146909713745117,0.0010385182686150074
9598,-1.9096239805221558,0.0010408763773739338
9599,-1.874690055847168,0.0010432887356728315
9600,-1.8794900178909302,0.001045677112415433
9601,-1.9146909713745117,0.0010484923841431737
9602,-1.8794900178909302,0.0010515546891838312
9603,-1.9346909523010254,0.0010543048847466707
9604,-1.889623999595642,0.0010570373851805925
9605,-1.9146909713745117,0.0010589186567813158
9606,-1.8997570276260376,0.0010606918949633837
9607,-1.9197570085525513,0.0010629300959408283
9608,-1.8696229457855225,0.00106514198705554
9609,-1.9245569705963135,0.0010666316375136375
9610,-1.8997570276260376,0.001068292185664177
9611,-1.8997570276260376,0.0010693978983908892
9612,-1.8594900369644165,0.0010705263121053576
9613,-1.9045569896697998,0.0010715238749980927
9614,-1.8845570087432861,0.0010722496081143618
9615,-1.9296239614486694,0.0010732408845797181
9616,-1.8845570087432861,0.0010740848956629634
9617,-1.9296239614486694,0.0010754208778962493
9618,-1.8645570278167725,0.0010767033090814948
9619,-1.9245569705963135,0.00107840436976403
9620,-1.8997570276260376,0.0010798193980008364
9621,-1.9045569896697998,0.001081353984773159
9622,-1.8845570087432861,0.0010827402584254742
9623,-1.9546910524368286,0.0010839771712198853
9624,-1.8845570087432861,0.0010854818392544985
9625,-1.9296239614486694,0.0010866704396903515
9626,-1.874690055847168,0.001088237389922142
9627,-1.8997570276260376,0.0010894216829910874
9628,-1.8794900178909302,0.001090696081519127
9629,-1.9096239805221558,0.0010919695487245917
9630,-1.8946900367736816,0.0010930753778666258
9631,-1.9746910333633423,0.0010940639767795801
9632,-1.874690055847168,0.0010947855189442635
9633,-1.944823980331421,0.0010954043827950954
9634,-1.8794900178909302,0.0010959870414808393
9635,-1.9546910524368286,0.001096425112336874
9636,-1.8594900369644165,0.0010967192938551307
9637,-1.949623942375183,0.0010969056747853756
9638,-1.8845570087432861,0.0010970360599458218
9639,-1.9296239614486694,0.001097111962735653
9640,-1.889623999595642,0.001097172498703003
9641,-1.9346909523010254,0.0010972046293318272
9642,-1.8794900178909302,0.0010972163872793317
9643,-1.9245569705963135,0.0010972179006785154
9644,-1.889623999595642,0.0010972139425575733
9645,-1.9296239614486694,0.0010972055606544018
9646,-1.8946900367736816,0.0010971969459205866
9647,-1.9397579431533813,0.0010971860028803349
9648,-1.889623999595642,0.0010971743613481522
9649,-1.9245569705963135,0.0010971644660457969
9650,-1.8794900178909302,0.0010971621377393603
9651,-1.9245569705963135,0.0010971567826345563
9652,-1.9146909713745117,0.0010971580632030964
9653,-1.9397579431533813,0.0010971573647111654
9654,-1.9245569705963135,0.0010971568990498781
9655,-1.9296239614486694,0.001097154337912798
9656,-1.8946900367736816,0.0010971545707434416
9657,-1.9597580432891846,0.0010971617884933949
9658,-1.889623999595642,0.001097169704735279
9659,-1.9546910524368286,0.001097185304388404
9660,-1.8997570276260376,0.0010971995070576668
9661,-1.9296239614486694,0.0010972203454002738
9662,-1.9197570085525513,0.0010972351301461458
9663,-1.9648250341415405,0.0010972465388476849
9664,-1.9146909713745117,0.001097260625101626
9665,-1.9346909523010254,0.0010972644668072462
9666,-1.9045569896697998,0.0010972736636176705
9667,-1.949623942375183,0.001097288797609508
9668,-1.8997570276260376,0.0010972940362989902
9669,-1.9346909523010254,0.001097298227250576
9670,-1.9245569705963135,0.0010972961317747831
9671,-1.9146909713745117,0.001097290893085301
9672,-1.889623999595642,0.0010972819291055202
9673,-1.9546910524368286,0.0010972723830491304
9674,-1.9045569896697998,0.0010972609743475914
9675,-1.9197570085525513,0.0010972479358315468
9676,-1.8645570278167725,0.001097233733162284
9677,-1.9296239614486694,0.0010972284944728017
9678,-1.8645570278167725,0.0010972210438922048
9679,-1.944823980331421,0.0010972206946462393
9680,-1.8997570276260376,0.0010972187155857682
9681,-1.9296239614486694,0.0010972179006785154
9682,-1.9096239805221558,0.0010972132440656424
9683,-1.9296239614486694,0.0010972011368721724
9684,-1.8845570087432861,0.0010971834417432547
9685,-1.949623942375183,0.0010971673764288425
9686,-1.9045569896697998,0.0010971506126224995
9687,-1.9296239614486694,0.0010971308220177889
9688,-1.8997570276260376,0.001097115920856595
9689,-1.9296239614486694,0.0010970956645905972
9690,-1.889623999595642,0.0010970745934173465
9691,-1.9146909713745117,0.0010970510775223374
9692,-1.8845570087432861,0.0010970383882522583
9693,-1.9296239614486694,0.001097021158784628
9694,-1.8845570087432861,0.0010970084695145488
9695,-1.9245569705963135,0.001096988096833229
9696,-1.8946900367736816,0.0010969734285026789
9697,-1.944823980331421,0.0010969568975269794
9698,-1.889623999595642,0.0010969426948577166
9699,-1.9245569705963135,0.001096926280297339
9700,-1.8997570276260376,0.0010969084687530994
9701,-1.9296239614486694,0.0010968917049467564
9702,-1.9197570085525513,0.0010968770366162062
9703,-1.9397579431533813,0.0010968619026243687
9704,-1.889623999595642,0.001096845604479313
9705,-1.9296239614486694,0.0010968288406729698
9706,-1.9146909713745117,0.0010968123096972704
9707,-1.9698909521102905,0.0010967927519232035
9708,-1.8696229457855225,0.0010967741254717112
9709,-1.9346909523010254,0.0010967536363750696
9710,-1.9096239805221558,0.0010967426933348179
9711,-1.9146909713745117,0.0010967232519760728
9712,-1.8794900178909302,0.0010967134730890393
9713,-1.9648250341415405,0.0010967021808028221
9714,-1.9146909713745117,0.0010966919362545013
9715,-1.949623942375183,0.0010966775007545948
9716,-1.8997570276260376,0.0010966646950691938
9717,-1.9245569705963135,0.0010966461850330234
9718,-1.889623999595642,0.0010966305853798985
9719,-1.9245569705963135,0.0010966176632791758
9720,-1.9296239614486694,0.0010966052068397403
9721,-1.9546910524368286,0.0010965934488922358
9722,-1.8794900178909302,0.0010965769179165363
9723,-1.9597580432891846,0.0010965585242956877
9724,-1.889623999595642,0.0010965163819491863
9725,-1.949623942375183,0.0010964510729536414
9726,-1.9096239805221558,0.0010963408276438713
9727,-1.944823980331421,0.0010961524676531553
9728,-1.8794900178909302,0.0010958020575344563
9729,-1.944823980331421,0.0010953142773360014
9730,-1.8845570087432861,0.0010945298708975315
9731,-1.9296239614486694,0.0010933426674455404
9732,-1.8794900178909302,0.001091723795980215
9733,-1.949623942375183,0.0010900262277573347
9734,-1.9146909713745117,0.001088214572519064
9735,-1.949623942375183,0.0010866124648600817
9736,-1.889623999595642,0.0010848680976778269
9737,-1.9797580242156982,0.0010827250080183148
9738,-1.9045569896697998,0.0010805000783875585
9739,-1.949623942375183,0.0010783381294459105
9740,-1.9045569896697998,0.0010758261196315289
9741,-1.9146909713745117,0.0010731841903179884
9742,-1.9245569705963135,0.0010705285239964724
9743,-1.9546910524368286,0.0010676796082407236
9744,-1.8997570276260376,0.001064902637153864
9745,-1.949623942375183,0.001066331984475255
9746,-1.8794900178909302,0.0010676461970433593
9747,-1.9346909523010254,0.0010684763547033072
9748,-1.9045569896697998,0.0010693290969356894
9749,-1.9197570085525513,0.001070500584319234
9750,-1.8997570276260376,0.0010713607771322131
9751,-1.9296239614486694,0.0010717537952587008
9752,-1.9045569896697998,0.0010726891923695803
9753,-1.944823980331421,0.001073606195859611
9754,-1.889623999595642,0.0010743064340204
9755,-1.9648250341415405,0.001074921921826899
9756,-1.9197570085525513,0.001075737294740975
9757,-1.9698909521102905,0.0010769626824185252
9758,-1.9245569705963135,0.0010777960997074842
9759,-1.9146909713745117,0.0010793948313221335
9760,-1.889623999595642,0.001080937683582306
9761,-1.9397579431533813,0.00108348170761019
9762,-1.9245569705963135,0.0010859481990337372
9763,-1.9648250341415405,0.0010881404159590602
9764,-1.9045569896697998,0.0010902447393164039
9765,-1.9245569705963135,0.0010927773546427488
9766,-1.9146909713745117,0.00109464256092906
9767,-1.949623942375183,0.0010967797134071589
9768,-1.9096239805221558,0.0010981697123497725
9769,-1.9296239614486694,0.0010988175636157393
9770,-1.9045569896697998,0.0010987987043336034
9771,-1.9296239614486694,0.0010998371290042996
9772,-1.9045569896697998,0.0011009223526343703
9773,-1.9797580242156982,0.0011011221213266253
9774,-1.889623999595642,0.0011022380786016583
9775,-1.9546910524368286,0.0011025695130228996
9776,-1.9146909713745117,0.0011024409905076027
9777,-1.9546910524368286,0.0011024160776287317
9778,-1.9397579431533813,0.0011003987165167928
9779,-1.9146909713745117,0.001099100918509066
9780,-1.8997570276260376,0.001097242347896099
9781,-1.9698909521102905,0.0010949460556730628
9782,-1.8946900367736816,0.0010937845800071955
9783,-1.9546910524368286,0.0010911738499999046
9784,-1.9245569705963135,0.0010894935112446547
9785,-1.9648250341415405,0.0010878884932026267
9786,-1.8794900178909302,0.001084710587747395
9787,-1.9146909713745117,0.0010830279206857085
9788,-1.889623999595642,0.0010789323132485151
9789,-1.949623942375183,0.0010736837284639478
9790,-1.8794900178909302,0.0010673633078113198
9791,-1.9546910524368286,0.0010586049174889922
9792,-1.9245569705963135,0.0010503187077119946
9793,-1.9245569705963135,0.001040058326907456
9794,-1.9146909713745117,0.0010284432210028172
9795,-1.9648250341415405,0.0010146059794351459
9796,-1.8997570276260376,0.0009997610468417406
9797,-1.9698909521102905,0.0009788759052753448
9798,-1.8946900367736816,0.0009425605530850589
9799,-1.9245569705963135,0.0008987329783849418
9800,-1.9296239614486694,0.0008457287913188338
9801,-1.9648250341415405,0.0007657603127881885
9802,-1.8997570276260376,0.0006899411673657596
9803,-1.9296239614486694,0.0006800552364438772
9804,-1.944823980331421,0.0006713743205182254
9805,-1.9648250341415405,0.000663441140204668
9806,-1.8997570276260376,0.0006552761769853532
9807,-1.9546910524368286,0.0006474055699072778
9808,-1.9197570085525513,0.0006395159871317446
9809,-1.9698909521102905,0.0006314868805930018
9810,-1.9146909713745117,0.0006216019974090159
9811,-1.9597580432891846,0.0006116770673543215
9812,-1.9045569896697998,0.0006007547490298748
9813,-1.9146909713745117,0.0005920766270719469
9814,-1.874690055847168,0.0005823643296025693
9815,-1.9045569896697998,0.0005733440048061311
9816,-1.8696229457855225,0.0005644344491884112
9817,-1.9245569705963135,0.0005558078410103917
9818,-1.8794900178909302,0.0005470953765325248
9819,-1.6392199993133545,0.0005386013071984053
9820,-0.4922730028629303,0.0005235009011812508
9821,-0.10666800290346146,0.00044113254989497364
9822,0.1488019973039627,0.0003970543621107936
9823,0.46427199244499207,0.0003633770684245974
9824,0.6496080160140991,0.0003386165772099048
9825,0.7248089909553528,0.0003204703389201313
9826,0.865077018737793,0.00030494306702166796
9827,1.2005480527877808,0.0002861075918190181
9828,1.641353964805603,0.00027262658113613725
9829,1.7162879705429077,0.00025839623413048685
9830,1.8616230487823486,0.00024409739125985652
9831,1.8314900398254395,0.00023279550077859312
9832,1.8666900396347046,0.00022040896874386817
9833,1.8066890239715576,0.0002103150327457115
9834,1.846690058708191,0.00020203243184369057
9835,1.8165559768676758,0.00019452413835097104
9836,1.8165559768676758,0.0001895224122563377
9837,1.7914890050888062,0.0001861053315224126
9838,1.8114889860153198,0.00018413973157294095
9839,1.7264219522476196,0.00018299305520486087
9840,1.7864220142364502,0.00018144013301935047
9841,1.7565549612045288,0.00017983595898840576
9842,1.856557011604309,0.00017775665037333965
9843,1.8066890239715576,0.00017507870506960899
9844,1.8365559577941895,0.0001709212810965255
9845,1.8616230487823486,0.00016612237959634513
9846,1.9218909740447998,0.0001588721788721159
9847,1.906690001487732,0.0001521859667263925
9848,1.9768249988555908,0.00014330395788419992
9849,1.8666900396347046,0.00013675898662768304
9850,1.8765569925308228,0.00013038689212407917
9851,1.8616230487823486,0.0001242964790435508
9852,1.9218909740447998,0.00011991837527602911
9853,1.8765569925308228,0.00011560234997887164
9854,1.9218909740447998,0.00011217963037779555
9855,1.911756992340088,0.00010861048940569162
9856,1.9368239641189575,0.00010503290104679763
9857,1.8917570114135742,0.0001006421007332392
9858,1.9218909740447998,9.574436990078539e-05
9859,1.8616230487823486,9.133855201071128e-05
9860,1.8717570304870605,8.690612594364211e-05
9861,1.8165559768676758,8.396764314966276e-05
9862,1.8616230487823486,8.11927457107231e-05
9863,1.8266890048980713,7.750315853627399e-05
9864,1.8816239833831787,7.381349132629111e-05
9865,1.8266890048980713,7.143519906094298e-05
9866,1.8968240022659302,6.869805656606331e-05
9867,1.8216229677200317,6.698127981508151e-05
9868,1.8765569925308228,6.520190800074488e-05
9869,1.846690058708191,6.365973240463063e-05
9870,1.8717570304870605,6.263316754484549e-05
9871,1.8066890239715576,6.106318323872983e-05
9872,1.8616230487823486,5.976483225822449e-05
9873,1.7765560150146484,5.745089947595261e-05
9874,1.856557011604309,5.5208565754583105e-05
9875,1.8165559768676758,5.2070139645366e-05
9876,1.8866900205612183,4.9474259867565706e-05
9877,1.8416229486465454,4.657836689148098e-05
9878,1.856557011604309,4.395305222715251e-05
9879,1.8066890239715576,4.159747186349705e-05
9880,1.846690058708191,3.860476863337681e-05
9881,1.7765560150146484,3.625464887591079e-05
9882,1.0453460216522217,3.305633072159253e-05
9883,0.09360100328922272,3.063271287828684e-05
9884,-0.04666699841618538,2.7970509108854458e-05
9885,-0.37707099318504333,2.526459502405487e-05
9886,-0.6274750232696533,2.288574250997044e-05
9887,-0.7626760005950928,2.073151699732989e-05
9888,-0.8178769946098328,1.914533095259685e-05
9889,-1.0984139442443848,1.7754129657987505e-05
9890,-1.4938850402832031,1.6421079635620117e-05
9891,-1.7794890403747559,1.5390211046906188e-05
9892,-1.8594900369644165,1.4689968338643666e-05
9893,-1.9797580242156982,1.4223414837033488e-05
9894,-1.9096239805221558,1.3890881746192463e-05
9895,-1.9197570085525513,1.3668952306034043e-05
9896,-1.8496229648590088,1.3513634257833473e-05
9897,-1.9397579431533813,1.3421654330159072e-05
9898,-1.8594900369644165,1.3377347386267502e-05
9899,-1.889623999595642,1.3359898730413988e-05
9900,-1.8144229650497437,1.3358195246837568e-05
9901,-1.8296229839324951,1.3364285223360639e-05
9902,-1.7744220495224,1.338063430011971e-05
9903,-1.8445559740066528,1.3398755072557833e-05
9904,-1.8296229839324951,1.342118684988236e-05
9905,-1.9296239614486694,1.3438651876640506e-05
9906,-1.9096239805221558,1.3452683560899459e-05
9907,-1.949623942375183,1.3468513316183817e-05
9908,-1.8794900178909302,1.346805856883293e-05
9909,-1.9397579431533813,1.346584758721292e-05
9910,-1.9197570085525513,1.3462041351886e-05
9911,-1.9848250150680542,1.3450558071781415e-05
9912,-1.9648250341415405,1.3432042578642722e-05
9913,-2.024825096130371,1.3383412806433626e-05
9914,-1.949623942375183,1.3340119949134532e-05
9915,-2.0149590969085693,1.3263552318676375e-05
9916,-1.9746910333633423,1.3198171473050024e-05
9917,-1.9848250150680542,1.3106558981235139e-05
9918,-1.9346909523010254,1.303500266658375e-05
9919,-1.999758005142212,1.2967812835995574e-05
9920,-1.9296239614486694,1.2900929505121894e-05
9921,-2.0048251152038574,1.2840902854804881e-05
9922,-1.9397579431533813,1.2786979823431466e-05
9923,-2.0048251152038574,1.2711528142972384e-05
9924,-1.9197570085525513,1.2661019354709424e-05
9925,-1.9546910524368286,1.2611812053364702e-05
9926,-1.9045569896697998,1.2590540791279636e-05
9927,-1.9648250341415405,1.2567871635837946e-05
9928,-1.9296239614486694,1.257161329704104e-05
9929,-1.949623942375183,1.257238272955874e-05
9930,-1.8946900367736816,1.2585662261699326e-05
9931,-1.9397579431533813,1.2597311979334336e-05
9932,-1.874690055847168,1.2620113921002485e-05
9933,-1.944823980331421,1.2615426385309547e-05
9934,-1.9146909713745117,1.2621734640561044e-05
9935,-1.9397579431533813,1.2600116860994603e-05
9936,-1.8845570087432861,1.2587445780809503e-05
9937,-1.9296239614486694,1.2559549759316724e-05
9938,-1.8794900178909302,1.2544534911285155e-05
9939,-1.9045569896697998,1.254270591743989e-05
9940,-1.8845570087432861,1.2576580047607422e-05
9941,-1.9296239614486694,1.2603855793713592e-05
9942,-1.8997570276260376,1.2635841812880244e-05
9943,-1.9397579431533813,1.2667555893131066e-05
9944,-1.8794900178909302,1.2705013432423584e-05
9945,-1.9546910524368286,1.2732273717119824e-05
9946,-1.8997570276260376,1.2770847206411418e-05
9947,-1.9245569705963135,1.2804128346033394e-05
9948,-1.874690055847168,1.2818437426176388e-05
9949,-1.9346909523010254,1.284927930100821e-05
9950,-1.874690055847168,1.2859900380135514e-05
9951,-1.9245569705963135,1.2905014045827556e-05
9952,-1.8845570087432861,1.2949935808137525e-05
9953,-1.9245569705963135,1.298620190937072e-05
9954,-1.8546899557113647,1.3029661204200238e-05
9955,-1.9045569896697998,1.3064895938441623e-05
9956,-1.9096239805221558,1.3108054190524854e-05
9957,-1.9296239614486694,1.3137972928234376e-05
9958,-1.8946900367736816,1.3172152648621704e-05
9959,-1.9197570085525513,1.3193463018978946e-05
9960,-1.8696229457855225,1.3219316315371543e-05
9961,-1.9245569705963135,1.3225098882685415e-05
9962,-1.8997570276260376,1.3246870366856456e-05
9963,-1.9546910524368286,1.3251562450022902e-05
9964,-1.9296239614486694,1.3285212844493799e-05
9965,-1.9296239614486694,1.329183578491211e-05
9966,-1.8997570276260376,1.3302354091138113e-05
9967,-1.9296239614486694,1.3305080756254029e-05
9968,-1.8794900178909302,1.3321638107299805e-05
9969,-1.9045569896697998,1.3325163308763877e-05
9970,-1.889623999595642,1.3337532436707988e-05
9971,-1.9296239614486694,1.3372678949963301e-05
9972,-1.889623999595642,1.3409626262728125e-05
9973,-1.9245569705963135,1.3436801054922398e-05
9974,-1.889623999595642,1.3479056178766768e-05
9975,-1.9346909523010254,1.3477007996698376e-05
9976,-1.9146909713745117,1.3491345271177124e-05
9977,-1.9346909523010254,1.3475832929543685e-05
9978,-1.8296229839324951,1.352754497929709e-05
9979,-1.9045569896697998,1.3540660802391358e-05
9980,-1.874690055847168,1.3635556570079643e-05
9981,-1.8794900178909302,1.3702793694392312e-05
9982,-1.889623999595642,1.3834900528308935e-05
9983,-1.9146909713745117,1.3984885299578309e-05
9984,-1.8546899557113647,1.4101466149440967e-05
9985,-1.9245569705963135,1.4187228771334048e-05
9986,-1.8496229648590088,1.4285245924838819e-05
9987,-1.9146909713745117,1.4413626558962278e-05
9988,-1.8696229457855225,1.4613072380598169e-05
9989,-1.9146909713745117,1.4653711332357489e-05
9990,-1.8546899557113647,1.4764070328965317e-05
9991,-1.8997570276260376,1.487687859480502e-05
9992,-1.8794900178909302,1.49458646774292e-05
9993,-1.9397579431533813,1.4926706171536352e-05
9994,-1.9146909713745117,1.5142891243158374e-05
9995,-1.9648250341415405,1.527071071905084e-05
9996,-1.889623999595642,1.515944859420415e-05
9997,-1.9296239614486694,1.515282565378584e-05
9998,-1.889623999595642,1.4523665413435083e-05
9999,-1.949623942375183,1.3232231140136719e-05
