index,value,anomaly_score
0,-0.0013330000219866633,0.0005597869749180973
1,0.043733999133110046,0.0005529820919036865
2,-0.006399999838322401,0.0005608598585240543
3,0.028534000739455223,0.0005472302436828613
4,-0.02160000056028366,0.00054593087406829
5,0.028534000739455223,0.0005396041669882834
6,0.003467000089585781,0.0005362714873626828
7,0.008533000014722347,0.0005310177803039551
8,-0.011466999538242817,0.0005335056921467185
9,0.03866700083017349,0.0005335072637535632
10,0.01866699941456318,0.0005352316075004637
11,0.03866700083017349,0.0005322379874996841
12,-0.031466998159885406,0.000531198107637465
13,0.06373400241136551,0.0005285158404149115
14,0.028534000739455223,0.0005291514680720866
15,0.05360100045800209,0.0005280512268655002
16,-0.0013330000219866633,0.0005269938847050071
17,0.05866700038313866,0.0005258752498775721
18,-0.0013330000219866633,0.0005251347320154309
19,0.043733999133110046,0.0005241801263764501
20,0.003467000089585781,0.0005244906060397625
21,0.003467000089585781,0.0005239085876382887
22,-0.0013330000219866633,0.0005232734838500619
23,0.043733999133110046,0.000522215326782316
24,0.01360000018030405,0.0005189490038901567
25,0.07866799831390381,0.0005165988113731146
26,0.008533000014722347,0.0005153999081812799
27,0.07360100001096725,0.0005142887821421027
28,-0.0013330000219866633,0.0005130288191139698
29,0.02346700057387352,0.0005122648435644805
30,0.003467000089585781,0.0005107342149131
31,0.0685340017080307,0.0005090932245366275
32,-0.0013330000219866633,0.0005082650459371507
33,0.03866700083017349,0.0005065641016699374
34,-0.011466999538242817,0.0005043750861659646
35,0.07360100001096725,0.000502937356941402
36,-0.011466999538242817,0.0005021444521844387
37,0.07866799831390381,0.0005015009082853794
38,0.01866699941456318,0.00050086755072698
39,0.03866700083017349,0.0005006308783777058
40,0.043733999133110046,0.0005003834376111627
41,0.01866699941456318,0.0005003980477340519
42,0.028534000739455223,0.0005005348357371986
43,0.04853399842977524,0.0005004979320801795
44,0.028534000739455223,0.0005007178988307714
45,0.05360100045800209,0.0005013830377720296
46,0.003467000089585781,0.0005015426431782544
47,0.04853399842977524,0.0005018450319766998
48,0.01866699941456318,0.0005019870586693287
49,0.06373400241136551,0.0005021766992285848
50,-0.0013330000219866633,0.0005024788551963866
51,0.03359999880194664,0.000502649403642863
52,0.01360000018030405,0.0005025867721997201
53,0.05360100045800209,0.0005025705904699862
54,-0.03653400018811226,0.0005034457426518202
55,0.02346700057387352,0.000504010880831629
56,0.003467000089585781,0.0005044902209192514
57,0.01866699941456318,0.0005048396997153759
58,-0.026399999856948853,0.000505171250551939
59,0.03866700083017349,0.0005060749244876206
60,-0.0013330000219866633,0.0005059666000306606
61,0.05360100045800209,0.000505766540300101
62,0.01360000018030405,0.0005057631060481071
63,0.03359999880194664,0.0005061397096142173
64,-0.0013330000219866633,0.0005066437879577279
65,0.028534000739455223,0.0005069475155323744
66,0.008533000014722347,0.0005066905287094414
67,0.04853399842977524,0.0005068791215308011
68,-0.02160000056028366,0.0005069922772236168
69,0.07360100001096725,0.0005068157915957272
70,0.01360000018030405,0.000506667245645076
71,0.043733999133110046,0.0005072446656413376
72,0.01360000018030405,0.0005070085753686726
73,0.028534000739455223,0.0005069447797723114
74,-0.03653400018811226,0.000507084303535521
75,0.01360000018030405,0.0005071646883152425
76,-0.026399999856948853,0.0005072781350463629
77,0.01866699941456318,0.0005072271451354027
78,-0.031466998159885406,0.0005068827304057777
79,0.04853399842977524,0.0005061363335698843
80,0.003467000089585781,0.0005054844659753144
81,0.05360100045800209,0.0005051573971286416
82,-0.0013330000219866633,0.0005047153681516647
83,0.028534000739455223,0.0005046517471782863
84,-0.026399999856948853,0.0005045239231549203
85,0.05360100045800209,0.0005047291633673012
86,0.008533000014722347,0.000504776427987963
87,0.05360100045800209,0.0005047973827458918
88,0.01360000018030405,0.0005043468554504216
89,0.043733999133110046,0.0005039169336669147
90,-0.03653400018811226,0.0005039824172854424
91,0.028534000739455223,0.000504261173773557
92,-0.011466999538242817,0.000504441384691745
93,0.02346700057387352,0.0005049135070294142
94,-0.026399999856948853,0.0005051192711107433
95,0.03866700083017349,0.0005059742834419012
96,-0.011466999538242817,0.0005069089820608497
97,0.05360100045800209,0.0005077256937511265
98,-0.016534000635147095,0.0005084328004159033
99,0.03866700083017349,0.0005091341445222497
100,-0.02160000056028366,0.0005099244299344718
101,0.03866700083017349,0.0005112438229843974
102,0.028534000739455223,0.0005125397001393139
103,0.028534000739455223,0.0005137068219482899
104,0.003467000089585781,0.0005148866912350059
105,0.028534000739455223,0.0005160667351447046
106,0.01360000018030405,0.0005169376963749528
107,0.028534000739455223,0.0005175853730179369
108,0.02346700057387352,0.0005180417792871594
109,0.05360100045800209,0.0005190314841456711
110,-0.026399999856948853,0.0005194093682803214
111,0.0685340017080307,0.0005203588516451418
112,-0.006399999838322401,0.0005209697410464287
113,0.04853399842977524,0.0005217767902649939
114,0.01360000018030405,0.0005224340129643679
115,0.07360100001096725,0.0005231922841630876
116,-0.0013330000219866633,0.0005244011408649385
117,0.04853399842977524,0.0005253268755041063
118,-0.011466999538242817,0.0005261061596684158
119,0.01360000018030405,0.0005269674584269524
120,0.003467000089585781,0.0005272848648019135
121,0.03866700083017349,0.0005277126329019666
122,0.008533000014722347,0.0005280736950226128
123,0.05360100045800209,0.0005284855724312365
124,0.01360000018030405,0.0005291315028443933
125,0.03866700083017349,0.0005298824398778379
126,-0.02160000056028366,0.00053046690300107
127,0.03866700083017349,0.0005310199339874089
128,-0.016534000635147095,0.0005314461304806173
129,0.04853399842977524,0.0005321062635630369
130,-0.0013330000219866633,0.0005327182007022202
131,0.03359999880194664,0.0005329005653038621
132,0.028534000739455223,0.0005331987631507218
133,0.06373400241136551,0.0005334928282536566
134,-0.0013330000219866633,0.0005337834591045976
135,0.07866799831390381,0.0005342169897630811
136,0.028534000739455223,0.0005346282850950956
137,0.06373400241136551,0.0005348370759747922
138,0.02346700057387352,0.0005350103019736707
139,0.03359999880194664,0.0005350662395358086
140,-0.011466999538242817,0.0005351048312149942
141,0.01866699941456318,0.0005351532599888742
142,-0.0013330000219866633,0.0005351977306418121
143,0.04853399842977524,0.0005353579763323069
144,0.028534000739455223,0.0005355711909942329
145,0.04853399842977524,0.0005357027403078973
146,0.01360000018030405,0.0005357096088118851
147,0.028534000739455223,0.0005359250935725868
148,0.01360000018030405,0.0005356921465136111
149,0.028534000739455223,0.000535626255441457
150,-0.011466999538242817,0.0005352916778065264
151,0.07360100001096725,0.00053484330419451
152,-0.02160000056028366,0.0005345699028111994
153,0.04853399842977524,0.0005341655923984945
154,-0.0013330000219866633,0.000533828919287771
155,0.03866700083017349,0.000533672864548862
156,0.003467000089585781,0.0005334275192581117
157,0.03866700083017349,0.0005331886932253838
158,0.02346700057387352,0.000532408943399787
159,0.0685340017080307,0.0005319349584169686
160,0.003467000089585781,0.0005315766902640462
161,0.08880099654197693,0.0005311879212968051
162,0.01360000018030405,0.0005307504907250404
163,0.01360000018030405,0.000530306133441627
164,-0.026399999856948853,0.0005299216136336327
165,0.04853399842977524,0.0005297220777720213
166,-0.0013330000219866633,0.0005296948365867138
167,0.03866700083017349,0.000529651006218046
168,-0.0013330000219866633,0.0005296458257362247
169,0.02346700057387352,0.0005296493181958795
170,0.03359999880194664,0.0005295935552567244
171,0.0685340017080307,0.0005296159069985151
172,0.01866699941456318,0.0005294269067235291
173,0.03866700083017349,0.0005293136928230524
174,-0.03653400018811226,0.0005293734720908105
175,0.06373400241136551,0.0005294515867717564
176,-0.011466999538242817,0.0005294304573908448
177,0.01866699941456318,0.0005293939029797912
178,-0.011466999538242817,0.000529395998455584
179,0.07360100001096725,0.0005293802823871374
180,-0.006399999838322401,0.0005294958245940506
181,0.028534000739455223,0.000529556826222688
182,0.008533000014722347,0.0005295835435390472
183,0.028534000739455223,0.0005294871516525745
184,0.01360000018030405,0.0005294140428304672
185,0.043733999133110046,0.0005294237053021789
186,-0.011466999538242817,0.000529493554495275
187,0.04853399842977524,0.0005295173032209277
188,0.003467000089585781,0.0005291771958582103
189,0.028534000739455223,0.0005287727690301836
190,-0.0013330000219866633,0.0005282786441966891
191,0.04853399842977524,0.000527745287399739
192,0.003467000089585781,0.0005269853281788528
193,0.05360100045800209,0.0005263300845399499
194,-0.011466999538242817,0.000525600160472095
195,0.06373400241136551,0.0005250012618489563
196,0.003467000089585781,0.0005242361803539097
197,0.03866700083017349,0.000523535069078207
198,-0.0013330000219866633,0.0005227486253716052
199,0.03866700083017349,0.0005221133469603956
200,-0.0013330000219866633,0.0005215089186094701
201,0.04853399842977524,0.0005210033268667758
202,-0.011466999538242817,0.0005205289926379919
203,0.028534000739455223,0.0005200091982260346
204,-0.0013330000219866633,0.0005193947581574321
205,0.03866700083017349,0.0005189439980313182
206,0.003467000089585781,0.0005186085472814739
207,0.03866700083017349,0.0005185045301914215
208,0.008533000014722347,0.000518443644978106
209,0.03359999880194664,0.0005184785695746541
210,0.01360000018030405,0.0005181430606171489
211,0.03866700083017349,0.0005178189021535218
212,-0.011466999538242817,0.0005174086545594037
213,0.05866700038313866,0.0005172747769393027
214,-0.011466999538242817,0.0005171174998395145
215,0.008533000014722347,0.0005169056239537895
216,-0.006399999838322401,0.0005166164482943714
217,0.043733999133110046,0.0005165620241314173
218,0.003467000089585781,0.0005162968882359564
219,0.06373400241136551,0.0005160434520803392
220,0.003467000089585781,0.0005158267449587584
221,0.06373400241136551,0.0005156466504558921
222,0.01866699941456318,0.0005155286053195596
223,0.03866700083017349,0.0005154027021490037
224,0.008533000014722347,0.0005150852375663817
225,0.03866700083017349,0.0005147927440702915
226,-0.02160000056028366,0.0005144568858668208
227,0.03866700083017349,0.0005141813890077174
228,-0.0013330000219866633,0.0005138390697538853
229,0.028534000739455223,0.0005136451218277216
230,-0.02160000056028366,0.0005132835358381271
231,0.05360100045800209,0.0005132200312800705
232,0.01360000018030405,0.0005129979108460248
233,0.05360100045800209,0.0005130390054546297
234,0.02346700057387352,0.0005127247422933578
235,0.07866799831390381,0.0005124698509462178
236,-0.026399999856948853,0.0005123515729792416
237,0.03866700083017349,0.0005123770679347217
238,-0.011466999538242817,0.0005122278234921396
239,0.043733999133110046,0.0005120464484207332
240,-0.04666699841618538,0.0005119977868162096
241,0.01866699941456318,0.0005119441775605083
242,0.003467000089585781,0.0005118754343129694
243,0.03359999880194664,0.0005117834080010653
244,0.003467000089585781,0.0005117557593621314
245,0.07360100001096725,0.0005116763059049845
246,0.003467000089585781,0.0005118045955896378
247,0.03359999880194664,0.0005119151901453733
248,0.028534000739455223,0.0005119940033182502
249,0.04853399842977524,0.0005120558198541403
250,0.008533000014722347,0.0005121903377585113
251,0.03359999880194664,0.000512411876115948
252,-0.011466999538242817,0.0005126211326569319
253,0.03866700083017349,0.0005127987824380398
254,0.02346700057387352,0.0005128467455506325
255,0.02346700057387352,0.0005128757329657674
256,-0.0013330000219866633,0.0005128182237967849
257,0.02346700057387352,0.0005128734046593308
258,-0.006399999838322401,0.0005126836476847529
259,0.02346700057387352,0.0005128348711878061
260,-0.02160000056028366,0.0005127958138473332
261,0.04853399842977524,0.0005129465134814382
262,-0.011466999538242817,0.0005130366189405322
263,0.03866700083017349,0.000513163860887289
264,-0.02160000056028366,0.000512972823344171
265,0.01360000018030405,0.0005127509357407689
266,-0.006399999838322401,0.0005125091411173344
267,0.05360100045800209,0.0005124578601680696
268,0.008533000014722347,0.0005123808514326811
269,0.01360000018030405,0.00051243940833956
270,0.008533000014722347,0.0005123285809531808
271,0.02346700057387352,0.0005122402799315751
272,0.01360000018030405,0.0005121888243593276
273,0.04853399842977524,0.0005120532587170601
274,0.02346700057387352,0.000511897262185812
275,0.02346700057387352,0.0005117225227877498
276,0.01360000018030405,0.0005113648949190974
277,0.03866700083017349,0.0005111750215291977
278,-0.011466999538242817,0.0005110465572215617
279,0.04853399842977524,0.0005109290359541774
280,0.01360000018030405,0.0005110607598908246
281,0.05866700038313866,0.0005112444632686675
282,-0.0013330000219866633,0.0005113711231388152
283,0.06373400241136551,0.0005115048261359334
284,0.008533000014722347,0.0005117361433804035
285,0.06373400241136551,0.0005119779380038381
286,-0.016534000635147095,0.0005123276496306062
287,0.03359999880194664,0.0005128080956637859
288,0.008533000014722347,0.0005132435471750796
289,0.04853399842977524,0.0005138154374435544
290,-0.011466999538242817,0.0005144559545442462
291,0.02346700057387352,0.000514954561367631
292,0.01360000018030405,0.0005154278478585184
293,0.028534000739455223,0.0005157907726243138
294,-0.0013330000219866633,0.0005161121371202171
295,0.03866700083017349,0.000516426982358098
296,-0.006399999838322401,0.000516813131980598
297,0.01360000018030405,0.0005169407231733203
298,0.02346700057387352,0.0005171342054381967
299,0.043733999133110046,0.0005173903191462159
300,-0.006399999838322401,0.000517604174092412
301,0.03866700083017349,0.0005177625571377575
302,-0.011466999538242817,0.0005180639564059675
303,0.02346700057387352,0.0005183875327929854
304,-0.011466999538242817,0.0005186533089727163
305,0.03866700083017349,0.0005189827061258256
306,0.01360000018030405,0.0005192729877308011
307,0.05360100045800209,0.0005195312551222742
308,0.008533000014722347,0.0005198497674427927
309,0.06373400241136551,0.00051995983812958
310,0.02346700057387352,0.0005200242158025503
311,0.03866700083017349,0.0005201285239309072
312,0.01866699941456318,0.0005202332977205515
313,0.05866700038313866,0.0005201936000958085
314,-0.02160000056028366,0.0005202562897466123
315,0.04853399842977524,0.0005203053588047624
316,0.02346700057387352,0.0005205383058637381
317,0.04853399842977524,0.0005207216599956155
318,0.003467000089585781,0.0005208624643273652
319,0.03866700083017349,0.0005210086237639189
320,-0.016534000635147095,0.000521137029863894
321,0.06373400241136551,0.0005212329560890794
322,0.03359999880194664,0.0005214891862124205
323,0.04853399842977524,0.0005215717246755958
324,0.01866699941456318,0.0005216291174292564
325,0.05360100045800209,0.000521815032698214
326,-0.006399999838322401,0.0005219733575358987
327,0.06373400241136551,0.0005218343576416373
328,-0.011466999538242817,0.0005220507737249136
329,0.02346700057387352,0.0005220997845754027
330,-0.0013330000219866633,0.000522153452038765
331,0.028534000739455223,0.0005222565960139036
332,0.02346700057387352,0.0005224293563514948
333,0.06373400241136551,0.0005225592758506536
334,0.01360000018030405,0.0005226844223216176
335,0.03866700083017349,0.0005228874506428838
336,-0.011466999538242817,0.0005231659160926938
337,0.05866700038313866,0.0005233376286923885
338,-0.0013330000219866633,0.0005235816352069378
339,0.008533000014722347,0.0005237421719357371
340,-0.016534000635147095,0.0005239527672529221
341,0.008533000014722347,0.0005239693564362824
342,0.008533000014722347,0.0005240285536274314
343,0.043733999133110046,0.000524086644873023
344,0.003467000089585781,0.0005243771011009812
345,0.043733999133110046,0.0005247436929494143
346,0.01866699941456318,0.0005249032401479781
347,0.01360000018030405,0.0005248854868113995
348,0.008533000014722347,0.0005249244277365506
349,0.03866700083017349,0.000524777511600405
350,-0.03653400018811226,0.0005247746594250202
351,0.003467000089585781,0.0005244655767455697
352,0.008533000014722347,0.000524244736880064
353,0.028534000739455223,0.0005238164449110627
354,-0.0013330000219866633,0.0005234746495261788
355,0.01866699941456318,0.0005232490366324782
356,0.003467000089585781,0.0005229086964391172
357,-0.0013330000219866633,0.0005221510073170066
358,0.003467000089585781,0.000521496229339391
359,0.01360000018030405,0.0005207812646403909
360,-0.03653400018811226,0.0005200403393246233
361,0.03359999880194664,0.000519296620041132
362,0.003467000089585781,0.0005187018541619182
363,0.01360000018030405,0.0005182696040719748
364,-0.05146700143814087,0.0005181251326575875
365,0.03866700083017349,0.0005176019622012973
366,-0.026399999856948853,0.0005174477701075375
367,0.01866699941456318,0.0005171049851924181
368,-0.0013330000219866633,0.0005168664501979947
369,0.05360100045800209,0.0005164941539987922
370,0.028534000739455223,0.0005160794244147837
371,0.04853399842977524,0.0005156498518772423
372,-0.011466999538242817,0.0005149851785972714
373,0.043733999133110046,0.000514417712111026
374,-0.03653400018811226,0.0005139579297974706
375,0.04853399842977524,0.0005134656094014645
376,-0.02160000056028366,0.0005133047816343606
377,0.02346700057387352,0.0005130604840815067
378,-0.011466999538242817,0.0005128042539581656
379,0.05360100045800209,0.000512542319484055
380,0.01360000018030405,0.0005121604190208018
381,0.06373400241136551,0.000511691439896822
382,0.02346700057387352,0.0005112565704621375
383,0.03359999880194664,0.0005107801989652216
384,-0.006399999838322401,0.0005104836309328675
385,0.028534000739455223,0.0005099448026157916
386,0.003467000089585781,0.0005094100488349795
387,0.043733999133110046,0.0005091301864013076
388,-0.0013330000219866633,0.0005089177866466343
389,0.043733999133110046,0.0005086411838419735
390,-0.0013330000219866633,0.0005082875723019242
391,0.043733999133110046,0.0005078202812001109
392,0.003467000089585781,0.0005074286600574851
393,0.05360100045800209,0.0005071153864264488
394,-0.006399999838322401,0.0005070387851446867
395,0.03359999880194664,0.0005068332538940012
396,0.028534000739455223,0.0005066097364760935
397,0.03866700083017349,0.0005063606076873839
398,-0.0013330000219866633,0.0005060926778241992
399,0.05360100045800209,0.0005058035021647811
400,-0.0013330000219866633,0.0005054343491792679
401,0.03866700083017349,0.0005051945336163044
402,-0.011466999538242817,0.0005049823666922748
403,0.06373400241136551,0.0005047399317845702
404,-0.026399999856948853,0.0005047539016231894
405,0.04853399842977524,0.0005047282320447266
406,-0.02160000056028366,0.0005049403989687562
407,0.03866700083017349,0.0005053539061918855
408,0.01360000018030405,0.0005056068766862154
409,0.06373400241136551,0.000506012118421495
410,-0.011466999538242817,0.000506345764733851
411,0.03866700083017349,0.0005065990844741464
412,-0.011466999538242817,0.0005068399477750063
413,0.04853399842977524,0.0005071216728538275
414,-0.02160000056028366,0.000507658813148737
415,0.05360100045800209,0.0005080346600152552
416,-0.0013330000219866633,0.0005082868738099933
417,0.04853399842977524,0.0005085681332275271
418,-0.006399999838322401,0.0005089350161142647
419,0.03359999880194664,0.0005093291401863098
420,-0.02160000056028366,0.000509552308358252
421,0.04853399842977524,0.0005097765242680907
422,0.01360000018030405,0.0005099814152345061
423,0.028534000739455223,0.0005101065617054701
424,0.01360000018030405,0.0005102222785353661
425,0.03866700083017349,0.0005103006842546165
426,-0.0013330000219866633,0.0005103541188873351
427,0.03866700083017349,0.0005103630246594548
428,0.02346700057387352,0.0005104884039610624
429,0.02346700057387352,0.000510487356223166
430,-0.006399999838322401,0.0005104126175865531
431,0.028534000739455223,0.0005103327566757798
432,-0.0013330000219866633,0.0005103230942040682
433,0.04853399842977524,0.0005102998111397028
434,-0.0013330000219866633,0.0005102456780150533
435,0.03359999880194664,0.0005102388095110655
436,-0.0013330000219866633,0.0005102427676320076
437,0.05360100045800209,0.0005103102303110063
438,0.028534000739455223,0.0005105487070977688
439,0.028534000739455223,0.0005109534249641001
440,0.01360000018030405,0.0005112327635288239
441,0.07866799831390381,0.000511638936586678
442,-0.0013330000219866633,0.0005118473200127482
443,0.05866700038313866,0.0005119649576954544
444,-0.006399999838322401,0.0005124292219989002
445,0.01866699941456318,0.0005128683988004923
446,-0.0013330000219866633,0.0005135180545039475
447,-0.011466999538242817,0.0005139234708622098
448,-0.011466999538242817,0.0005145395407453179
449,0.03866700083017349,0.0005148742347955704
450,0.01360000018030405,0.000515424064360559
451,0.01360000018030405,0.000515780586283654
452,-0.02160000056028366,0.0005161858862265944
453,0.04853399842977524,0.0005167080089449883
454,0.028534000739455223,0.0005172247183509171
455,0.028534000739455223,0.0005175208789296448
456,0.008533000014722347,0.000517895445227623
457,0.03359999880194664,0.0005181374726817012
458,-0.026399999856948853,0.0005183910834603012
459,0.02346700057387352,0.0005187467904761434
460,-0.011466999538242817,0.0005191421369090676
461,0.07866799831390381,0.0005195538979023695
462,0.008533000014722347,0.000519803143106401
463,0.05360100045800209,0.0005198218859732151
464,-0.011466999538242817,0.0005199709557928145
465,0.03866700083017349,0.0005199367878958583
466,-0.016534000635147095,0.0005202280008234084
467,0.03866700083017349,0.000520645291544497
468,0.02346700057387352,0.0005210161325521767
469,0.06373400241136551,0.000521130976267159
470,0.01360000018030405,0.0005212713731452823
471,0.03866700083017349,0.0005213345866650343
472,-0.0013330000219866633,0.0005215896526351571
473,0.04853399842977524,0.0005216335412114859
474,-0.011466999538242817,0.00052188168046996
475,0.06373400241136551,0.0005222313920967281
476,-0.0013330000219866633,0.0005225914064794779
477,0.04853399842977524,0.0005228406516835093
478,-0.0013330000219866633,0.0005231192917563021
479,0.04853399842977524,0.0005234010750427842
480,0.01360000018030405,0.0005238417070358992
481,0.05360100045800209,0.0005241879844106734
482,0.003467000089585781,0.0005245873471722007
483,0.0685340017080307,0.0005248861853033304
484,0.008533000014722347,0.0005254725692793727
485,0.04853399842977524,0.0005258942255750299
486,-0.061601001769304276,0.0005266749649308622
487,0.028534000739455223,0.0005269706016406417
488,-0.011466999538242817,0.0005273945862427354
489,0.05360100045800209,0.0005275559378787875
490,-0.006399999838322401,0.0005280846962705255
491,0.04853399842977524,0.0005284708458930254
492,-0.011466999538242817,0.0005287686362862587
493,0.043733999133110046,0.0005289557739160955
494,-0.006399999838322401,0.0005292301066219807
495,0.05360100045800209,0.0005295337177813053
496,-0.026399999856948853,0.0005298313917592168
497,0.04853399842977524,0.0005300978664308786
498,0.02346700057387352,0.0005304647493176162
499,0.04853399842977524,0.0005307671381160617
500,0.01866699941456318,0.0005310128908604383
501,0.03866700083017349,0.0005312326829880476
502,-0.006399999838322401,0.0005312713328748941
503,0.01360000018030405,0.0005314484005793929
504,0.003467000089585781,0.00053160305833444
505,0.05360100045800209,0.0005317903123795986
506,-0.026399999856948853,0.0005318871699273586
507,0.03866700083017349,0.000531597645021975
508,0.008533000014722347,0.0005314029986038804
509,-0.0013330000219866633,0.0005311809945851564
510,0.01360000018030405,0.0005310991546139121
511,0.03866700083017349,0.0005310662090778351
512,0.02346700057387352,0.0005309318657964468
513,0.05866700038313866,0.0005306198727339506
514,0.01360000018030405,0.0005303825018927455
515,0.05360100045800209,0.0005301542114466429
516,-0.006399999838322401,0.0005299646873027086
517,0.05360100045800209,0.0005295846494846046
518,-0.011466999538242817,0.0005293104331940413
519,0.02346700057387352,0.0005289874970912933
520,-0.02160000056028366,0.000528866657987237
521,0.04853399842977524,0.0005288428510539234
522,-0.02160000056028366,0.0005287962849251926
523,0.05360100045800209,0.0005287718377076089
524,0.003467000089585781,0.0005286413943395019
525,0.01360000018030405,0.0005283667705953121
526,0.02346700057387352,0.0005282394122332335
527,0.01360000018030405,0.0005281945341266692
528,-0.006399999838322401,0.0005281869089230895
529,0.04853399842977524,0.0005281910998746753
530,-0.02160000056028366,0.0005282521015033126
531,0.02346700057387352,0.0005283892387524247
532,0.02346700057387352,0.0005286538507789373
533,0.05866700038313866,0.0005287922685965896
534,-0.0013330000219866633,0.0005288616521283984
535,0.03866700083017349,0.00052900385344401
536,0.02346700057387352,0.0005291721899993718
537,0.03359999880194664,0.0005291521665640175
538,0.003467000089585781,0.0005292707355692983
539,0.028534000739455223,0.0005292219575494528
540,0.03359999880194664,0.0005290877306833863
541,0.03359999880194664,0.0005288927932269871
542,-0.011466999538242817,0.0005287195090204477
543,0.04853399842977524,0.0005284815561026335
544,-0.0013330000219866633,0.0005281963967718184
545,0.03866700083017349,0.0005280161858536303
546,-0.0013330000219866633,0.0005278696189634502
547,0.07360100001096725,0.0005277512827888131
548,-0.02160000056028366,0.0005277557647787035
549,0.02346700057387352,0.0005280492478050292
550,0.008533000014722347,0.0005282231140881777
551,0.05866700038313866,0.0005284722428768873
552,-0.026399999856948853,0.0005286532104946673
553,0.043733999133110046,0.0005288295214995742
554,0.008533000014722347,0.0005288970423862338
555,0.043733999133110046,0.0005289506516419351
556,0.01360000018030405,0.0005289739347063005
557,0.03866700083017349,0.0005290062399581075
558,0.003467000089585781,0.0005289280088618398
559,0.06373400241136551,0.0005288101965561509
560,0.008533000014722347,0.0005286990781314671
561,0.03866700083017349,0.0005285603692755103
562,-0.0013330000219866633,0.0005283725913614035
563,0.02346700057387352,0.000528111937455833
564,-0.02160000056028366,0.0005278545431792736
565,0.06373400241136551,0.0005279044853523374
566,0.008533000014722347,0.0005278493044897914
567,0.05360100045800209,0.0005278275348246098
568,-0.02160000056028366,0.0005277888849377632
569,0.03866700083017349,0.000527869095094502
570,0.01866699941456318,0.0005279375473037362
571,0.03866700083017349,0.0005278916796669364
572,0.01866699941456318,0.000527931610122323
573,0.043733999133110046,0.0005280470941215754
574,0.028534000739455223,0.0005281121702864766
575,0.043733999133110046,0.0005279328906908631
576,-0.02160000056028366,0.00052769755711779
577,0.028534000739455223,0.0005275941221043468
578,-0.0013330000219866633,0.0005275174044072628
579,0.02346700057387352,0.0005274114082567394
580,0.008533000014722347,0.0005274917930364609
581,0.003467000089585781,0.0005273930728435516
582,-0.026399999856948853,0.0005272402195259929
583,-0.006399999838322401,0.000527181604411453
584,-0.026399999856948853,0.0005271590198390186
585,0.06373400241136551,0.0005274275317788124
586,-0.006399999838322401,0.0005274233990348876
587,0.03866700083017349,0.0005274167051538825
588,-0.0013330000219866633,0.0005274757859297097
589,0.04853399842977524,0.0005275568109937012
590,0.008533000014722347,0.0005279489560052752
591,0.01360000018030405,0.000528357457369566
592,-0.026399999856948853,0.0005286476807668805
593,0.03359999880194664,0.0005288698012009263
594,0.003467000089585781,0.000529165321495384
595,0.03866700083017349,0.0005293744616210461
596,0.02346700057387352,0.0005295143346302211
597,0.028534000739455223,0.0005297354655340314
598,-0.0013330000219866633,0.0005298885516822338
599,0.05360100045800209,0.0005300467018969357
600,-0.006399999838322401,0.0005300776683725417
601,0.03359999880194664,0.0005300556076690555
602,-0.02160000056028366,0.0005302022909745574
603,0.02346700057387352,0.0005303662619553506
604,-0.016534000635147095,0.0005305809900164604
605,0.008533000014722347,0.000530882622115314
606,-0.006399999838322401,0.0005312038119882345
607,0.03866700083017349,0.0005314984591677785
608,-0.016534000635147095,0.000531556608621031
609,0.05360100045800209,0.0005322173237800598
610,0.003467000089585781,0.0005327523103915155
611,0.07866799831390381,0.0005334361339919269
612,-0.026399999856948853,0.0005340976640582085
613,0.04853399842977524,0.0005348468548618257
614,0.003467000089585781,0.0005354386521503329
615,0.01866699941456318,0.0005360958748497069
616,-0.011466999538242817,0.0005367530393414199
617,0.04853399842977524,0.0005374019965529442
618,0.02346700057387352,0.0005379698122851551
619,0.04853399842977524,0.0005385849508456886
620,0.01866699941456318,0.0005390403675846756
621,0.05866700038313866,0.0005395877524279058
622,0.01360000018030405,0.0005400220397859812
623,0.01866699941456318,0.0005404315888881683
624,-0.0013330000219866633,0.000540696200914681
625,0.01360000018030405,0.00054105807794258
626,0.003467000089585781,0.0005416183266788721
627,0.04853399842977524,0.0005421597743406892
628,0.003467000089585781,0.0005427479627542198
629,0.03866700083017349,0.0005431923782452941
630,0.01866699941456318,0.0005435312050394714
631,0.03359999880194664,0.0005439515225589275
632,-0.006399999838322401,0.0005442996043711901
633,0.04853399842977524,0.0005446136929094791
634,-0.0013330000219866633,0.0005450240569189191
635,0.03866700083017349,0.0005455390783026814
636,-0.0013330000219866633,0.0005459614330902696
637,0.04853399842977524,0.0005464280257001519
638,-0.016534000635147095,0.000546891475096345
639,0.03359999880194664,0.0005477130762301385
640,-0.011466999538242817,0.0005483364802785218
641,0.043733999133110046,0.000549015705473721
642,-0.026399999856948853,0.0005497655947692692
643,0.028534000739455223,0.000550507684238255
644,0.003467000089585781,0.0005510015180334449
645,0.04853399842977524,0.0005514526274055243
646,0.003467000089585781,0.0005520867416635156
647,0.08880099654197693,0.0005527233588509262
648,0.01866699941456318,0.0005535379750654101
649,0.02346700057387352,0.0005542965373024344
650,0.003467000089585781,0.0005547569016925991
651,0.028534000739455223,0.0005553319351747632
652,-0.02160000056028366,0.0005560286808758974
653,0.028534000739455223,0.0005567043554037809
654,-0.0013330000219866633,0.0005573667585849762
655,0.03359999880194664,0.0005580423166975379
656,-0.011466999538242817,0.0005587320774793625
657,0.03866700083017349,0.0005592278321273625
658,0.008533000014722347,0.0005598485004156828
659,0.01866699941456318,0.0005602730670943856
660,-0.011466999538242817,0.0005608360515907407
661,0.03359999880194664,0.000561205146368593
662,0.02346700057387352,0.0005613798275589943
663,0.04853399842977524,0.0005614568945020437
664,0.003467000089585781,0.0005616099806502461
665,0.043733999133110046,0.0005617495044134557
666,-0.02160000056028366,0.0005618940922431648
667,0.03866700083017349,0.0005621571326628327
668,0.003467000089585781,0.0005625135381706059
669,0.03359999880194664,0.0005625462508760393
670,0.01360000018030405,0.0005628189537674189
671,0.028534000739455223,0.0005630693049170077
672,0.003467000089585781,0.0005632042302750051
673,0.043733999133110046,0.0005633375840261579
674,0.003467000089585781,0.0005634438130073249
675,0.05360100045800209,0.0005636324640363455
676,-0.0013330000219866633,0.0005640853196382523
677,0.028534000739455223,0.0005644527263939381
678,-0.006399999838322401,0.0005645680939778686
679,0.028534000739455223,0.0005646741483360529
680,0.003467000089585781,0.0005646605277433991
681,0.028534000739455223,0.0005647792713716626
682,-0.02160000056028366,0.0005651006940752268
683,0.03359999880194664,0.0005655144341289997
684,0.003467000089585781,0.0005659527378156781
685,0.01360000018030405,0.0005663374322466552
686,-0.016534000635147095,0.0005665547214448452
687,0.02346700057387352,0.0005669265519827604
688,-0.03653400018811226,0.000567206705454737
689,0.07360100001096725,0.0005674074054695666
690,0.02346700057387352,0.0005676737055182457
691,0.02346700057387352,0.0005676615401171148
692,-0.0013330000219866633,0.0005675580468960106
693,0.02346700057387352,0.0005673504783771932
694,-0.0013330000219866633,0.0005671258550137281
695,0.01360000018030405,0.0005668600788339972
696,-0.03653400018811226,0.0005668277153745294
697,0.01866699941456318,0.0005665549542754889
698,-0.011466999538242817,0.0005663864430971444
699,0.003467000089585781,0.0005665387725457549
700,-0.05146700143814087,0.0005665948847308755
701,0.028534000739455223,0.0005669716047123075
702,-0.011466999538242817,0.0005671842955052853
703,0.028534000739455223,0.0005675910506397486
704,-0.02160000056028366,0.0005679002497345209
705,-0.011466999538242817,0.0005684695206582546
706,0.01360000018030405,0.0005689257523044944
707,0.03359999880194664,0.0005695425206795335
708,-0.031466998159885406,0.0005701681366190314
709,0.04853399842977524,0.0005706058582291007
710,-0.011466999538242817,0.0005712472484447062
711,0.01866699941456318,0.0005720763583667576
712,0.01360000018030405,0.0005726796807721257
713,0.02346700057387352,0.0005733398720622063
714,0.003467000089585781,0.0005739858606830239
715,0.03866700083017349,0.0005746736424043775
716,-0.02160000056028366,0.0005752313882112503
717,0.05360100045800209,0.0005757969338446856
718,0.008533000014722347,0.0005764142842963338
719,0.01360000018030405,0.0005770802963525057
720,-0.02160000056028366,0.0005776282050646842
721,0.02346700057387352,0.0005780962528660893
722,-0.016534000635147095,0.0005783977103419602
723,0.05866700038313866,0.0005785643588751554
724,-0.006399999838322401,0.0005789449205622077
725,0.07360100001096725,0.000579387356992811
726,0.028534000739455223,0.0005799552309326828
727,0.03359999880194664,0.0005806433036923409
728,-0.0013330000219866633,0.0005811352166347206
729,0.04853399842977524,0.0005816167686134577
730,-0.02160000056028366,0.0005819592624902725
731,0.02346700057387352,0.0005820596707053483
732,-0.0013330000219866633,0.000582291220780462
733,0.043733999133110046,0.0005827326094731688
734,-0.0013330000219866633,0.000583153567276895
735,0.05866700038313866,0.0005836249329149723
736,-0.0013330000219866633,0.0005841526435688138
737,0.05866700038313866,0.0005847749416716397
738,0.003467000089585781,0.0005854903138242662
739,0.02346700057387352,0.0005862629041075706
740,0.003467000089585781,0.0005867555737495422
741,0.05360100045800209,0.0005873992922715843
742,0.003467000089585781,0.0005877052899450064
743,0.04853399842977524,0.0005882489494979382
744,-0.016534000635147095,0.0005887195002287626
745,0.04853399842977524,0.0005893034976907074
746,-0.0013330000219866633,0.0005897955852560699
747,0.02346700057387352,0.0005905026919208467
748,0.003467000089585781,0.0005911056650802493
749,0.06373400241136551,0.0005916898953728378
750,-0.0013330000219866633,0.0005923630087636411
751,0.04853399842977524,0.0005930730840191245
752,0.01866699941456318,0.0005938065005466342
753,0.03866700083017349,0.0005944892182014883
754,0.028534000739455223,0.000594932702369988
755,0.02346700057387352,0.0005954391090199351
756,0.003467000089585781,0.0005958041292615235
757,0.07360100001096725,0.0005962830036878586
758,-0.011466999538242817,0.0005968378973193467
759,0.03359999880194664,0.0005973010556772351
760,-0.04666699841618538,0.0005976804532110691
761,0.04853399842977524,0.0005981755675747991
762,-0.0013330000219866633,0.0005987887270748615
763,0.03359999880194664,0.0005996726686134934
764,0.01360000018030405,0.0006004861788824201
765,0.03359999880194664,0.0006013764068484306
766,0.003467000089585781,0.0006022085435688496
767,0.03866700083017349,0.0006030556978657842
768,0.03359999880194664,0.0006038276478648186
769,0.043733999133110046,0.0006047417409718037
770,-0.0013330000219866633,0.0006056154379621148
771,0.04853399842977524,0.0006063405307941139
772,-0.011466999538242817,0.0006069346563890576
773,0.04853399842977524,0.000607779249548912
774,-0.02160000056028366,0.000608587171882391
775,0.01360000018030405,0.0006095498683862388
776,0.008533000014722347,0.0006103116320446134
777,0.04853399842977524,0.0006112856790423393
778,-0.011466999538242817,0.0006119069876149297
779,0.05866700038313866,0.0006126611260697246
780,-0.006399999838322401,0.0006134636932983994
781,0.07360100001096725,0.0006145092775113881
782,0.02346700057387352,0.0006151424022391438
783,0.05866700038313866,0.0006157589959912002
784,-0.0013330000219866633,0.0006162937497720122
785,0.03359999880194664,0.000616958481259644
786,-0.0013330000219866633,0.0006175602320581675
787,0.02346700057387352,0.0006181136122904718
788,-0.02160000056028366,0.0006185750826261938
789,0.04853399842977524,0.0006192539585754275
790,-0.011466999538242817,0.0006195676978677511
791,0.04853399842977524,0.0006197955226525664
792,-0.011466999538242817,0.0006199430208653212
793,0.03866700083017349,0.0006202518125064671
794,-0.0013330000219866633,0.0006202489603310823
795,0.03866700083017349,0.0006204128148965538
796,0.003467000089585781,0.0006205881363712251
797,0.028534000739455223,0.0006209627608768642
798,-0.016534000635147095,0.0006211624131537974
799,0.04853399842977524,0.0006214183522388339
800,0.02346700057387352,0.0006216940237209201
801,0.01360000018030405,0.0006217402406036854
802,0.01360000018030405,0.0006217696936801076
803,0.028534000739455223,0.0006220381474122405
804,-0.0013330000219866633,0.0006219014758244157
805,0.05866700038313866,0.0006217896589078009
806,-0.0013330000219866633,0.0006218522321432829
807,0.01866699941456318,0.0006217753980308771
808,0.028534000739455223,0.0006216376204974949
809,0.07866799831390381,0.0006218213820829988
810,0.028534000739455223,0.0006217015907168388
811,0.0685340017080307,0.0006215802859514952
812,-0.03653400018811226,0.0006215563043951988
813,0.02346700057387352,0.0006216491456143558
814,0.028534000739455223,0.0006217749323695898
815,0.05360100045800209,0.0006219136412255466
816,-0.0013330000219866633,0.0006220637005753815
817,0.028534000739455223,0.0006221828516572714
818,0.03866700083017349,0.0006222669035196304
819,0.02346700057387352,0.0006225752294994891
820,0.01866699941456318,0.0006230275612324476
821,0.04853399842977524,0.0006233950844034553
822,0.02346700057387352,0.0006237090565264225
823,0.028534000739455223,0.0006239637732505798
824,0.028534000739455223,0.0006241770461201668
825,0.04853399842977524,0.0006245234981179237
826,0.01360000018030405,0.000624588574282825
827,0.04853399842977524,0.0006248470745049417
828,-0.0013330000219866633,0.0006248938734643161
829,0.05360100045800209,0.000624970649369061
830,-0.011466999538242817,0.0006251514423638582
831,0.05360100045800209,0.0006256404449231923
832,0.02346700057387352,0.0006260618683882058
833,0.07360100001096725,0.0006263889372348785
834,0.008533000014722347,0.0006264675757847726
835,0.03866700083017349,0.0006267367862164974
836,0.02346700057387352,0.0006268481956794858
837,0.01360000018030405,0.0006273011676967144
838,-0.02160000056028366,0.0006276016356423497
839,0.03359999880194664,0.0006280972738750279
840,-0.011466999538242817,0.0006281610112637281
841,0.04853399842977524,0.0006279473891481757
842,0.008533000014722347,0.0006279356894083321
843,0.03866700083017349,0.000627906818408519
844,-0.0013330000219866633,0.0006277378415688872
845,0.03866700083017349,0.0006276926142163575
846,0.003467000089585781,0.0006274097831919789
847,0.06373400241136551,0.0006273670587688684
848,0.028534000739455223,0.0006272188620641828
849,0.06373400241136551,0.0006271727615967393
850,0.003467000089585781,0.0006268484285101295
851,0.05360100045800209,0.0006266232812777162
852,-0.011466999538242817,0.0006263485411182046
853,0.03866700083017349,0.0006265034899115562
854,-0.011466999538242817,0.0006266998243518174
855,0.043733999133110046,0.000626922701485455
856,0.02346700057387352,0.0006270523881539702
857,0.028534000739455223,0.0006271207239478827
858,0.01360000018030405,0.0006270689191296697
859,0.03866700083017349,0.0006270831217989326
860,0.003467000089585781,0.0006267980206757784
861,0.01360000018030405,0.000626535969786346
862,0.003467000089585781,0.0006264372495934367
863,0.06373400241136551,0.0006265704287216067
864,0.05360100045800209,0.0006266320706345141
865,0.07360100001096725,0.0006263589602895081
866,-0.011466999538242817,0.0006260453374125063
867,0.0685340017080307,0.0006257405620999634
868,0.008533000014722347,0.0006252218154259026
869,0.0685340017080307,0.0006249068537726998
870,-0.006399999838322401,0.0006247219280339777
871,0.06373400241136551,0.0006248619174584746
872,0.03866700083017349,0.0006247651763260365
873,0.05360100045800209,0.0006245893309824169
874,0.008533000014722347,0.0006246084230951965
875,0.03359999880194664,0.0006243670359253883
876,0.028534000739455223,0.0006239586509764194
877,0.04853399842977524,0.0006236953777261078
878,-0.011466999538242817,0.0006232538726180792
879,0.04853399842977524,0.0006231212755665183
880,0.01360000018030405,0.0006229665596038103
881,0.04853399842977524,0.0006227081175893545
882,-0.03653400018811226,0.0006223840173333883
883,0.028534000739455223,0.0006220988580025733
884,0.003467000089585781,0.0006216969341039658
885,0.03866700083017349,0.0006215659086592495
886,0.003467000089585781,0.0006213628221303225
887,0.05360100045800209,0.0006210817955434322
888,0.02346700057387352,0.0006208046106621623
889,0.02346700057387352,0.0006206411053426564
890,-0.011466999538242817,0.0006203699158504605
891,0.02346700057387352,0.0006200347561389208
892,0.008533000014722347,0.0006197102484293282
893,0.03866700083017349,0.0006194071611389518
894,-0.0013330000219866633,0.0006189615232869983
895,0.06373400241136551,0.0006181689095683396
896,-0.011466999538242817,0.000617385667283088
897,0.05360100045800209,0.0006167320534586906
898,-0.026399999856948853,0.0006159344338811934
899,0.05360100045800209,0.0006151848938316107
900,-0.0013330000219866633,0.0006145485676825047
901,0.06373400241136551,0.0006140611949376762
902,0.003467000089585781,0.0006135263829492033
903,0.028534000739455223,0.000613061070907861
904,-0.011466999538242817,0.0006122559425421059
905,0.04853399842977524,0.000611489056609571
906,-0.0013330000219866633,0.0006109598325565457
907,0.02346700057387352,0.0006104657077230513
908,-0.011466999538242817,0.0006098478334024549
909,-0.006399999838322401,0.0006092863040976226
910,0.03359999880194664,0.0006087417714297771
911,0.06373400241136551,0.0006081561441533267
912,-0.02160000056028366,0.0006075306446291506
913,0.043733999133110046,0.0006071138195693493
914,-0.03653400018811226,0.0006065383204258978
915,0.028534000739455223,0.0006063096225261688
916,-0.011466999538242817,0.0006057964055798948
917,0.04853399842977524,0.0006056293495930731
918,0.01360000018030405,0.0006054789992049336
919,0.04853399842977524,0.0006052733515389264
920,0.01360000018030405,0.0006052512326277792
921,0.04853399842977524,0.0006050421507097781
922,0.01360000018030405,0.000604847096838057
923,-0.0013330000219866633,0.0006044671172276139
924,-0.0013330000219866633,0.0006039558793418109
925,0.03866700083017349,0.0006037527346052229
926,-0.031466998159885406,0.0006033726967871189
927,0.03359999880194664,0.0006031052907928824
928,0.02346700057387352,0.0006029377691447735
929,0.03866700083017349,0.0006026964401826262
930,0.003467000089585781,0.0006023654714226723
931,0.05360100045800209,0.0006021062727086246
932,-0.016534000635147095,0.0006016636616550386
933,0.03866700083017349,0.0006012070225551724
934,0.003467000089585781,0.0006009605131112039
935,0.06373400241136551,0.0006009190692566335
936,-0.0013330000219866633,0.0006008840864524245
937,0.04853399842977524,0.0006008765194565058
938,-0.0013330000219866633,0.0006007335614413023
939,0.028534000739455223,0.0006004683673381805
940,-0.0013330000219866633,0.0006002236041240394
941,0.03359999880194664,0.0006000305875204504
942,-0.011466999538242817,0.0005999434506520629
943,0.04853399842977524,0.0005995931569486856
944,-0.011466999538242817,0.0005994182429276407
945,0.02346700057387352,0.0005994419334456325
946,-0.04666699841618538,0.0005994581151753664
947,0.01360000018030405,0.0005996432155370712
948,-0.02160000056028366,0.0005996653344482183
949,0.07360100001096725,0.0005998292472213507
950,0.003467000089585781,0.0006000046851113439
951,0.04853399842977524,0.0006001293659210205
952,0.02346700057387352,0.0006001340225338936
953,0.028534000739455223,0.0006001839647069573
954,-0.0013330000219866633,0.0006003525340929627
955,0.05360100045800209,0.000600120285525918
956,0.01360000018030405,0.0006000882713124156
957,0.05866700038313866,0.0005996730178594589
958,-0.016534000635147095,0.0005993802915327251
959,0.02346700057387352,0.0005992904189042747
960,-0.011466999538242817,0.0005993470549583435
961,0.028534000739455223,0.0005991887301206589
962,-0.0013330000219866633,0.000599001650698483
963,0.06373400241136551,0.0005988057237118483
964,-0.011466999538242817,0.0005986053729429841
965,0.028534000739455223,0.0005984602612443268
966,-0.0013330000219866633,0.0005981548456475139
967,0.07866799831390381,0.0005977380787953734
968,0.01866699941456318,0.0005975384265184402
969,0.02346700057387352,0.0005971388891339302
970,0.01360000018030405,0.0005966955795884132
971,0.05360100045800209,0.0005962098948657513
972,0.003467000089585781,0.0005960002890788019
973,0.028534000739455223,0.0005954834632575512
974,0.028534000739455223,0.0005950945196673274
975,0.01866699941456318,0.0005946250166743994
976,-0.03653400018811226,0.000594147015362978
977,0.028534000739455223,0.0005939468392170966
978,0.01360000018030405,0.0005938895628787577
979,0.04853399842977524,0.0005936692468822002
980,-0.0013330000219866633,0.0005932418862357736
981,0.05360100045800209,0.0005926784942857921
982,0.01866699941456318,0.0005918677197769284
983,0.04853399842977524,0.0005910670734010637
984,-0.0013330000219866633,0.000590590585488826
985,0.043733999133110046,0.0005901213735342026
986,-0.02160000056028366,0.0005898232338950038
987,-0.0013330000219866633,0.0005897232331335545
988,-0.02160000056028366,0.0005894510541111231
989,0.06373400241136551,0.000589016533922404
990,0.003467000089585781,0.0005884621059522033
991,0.05866700038313866,0.0005879146046936512
992,0.003467000089585781,0.0005873461486771703
993,0.008533000014722347,0.0005867384606972337
994,-0.02160000056028366,0.0005861640674993396
995,0.028534000739455223,0.0005854530027136207
996,-0.0013330000219866633,0.0005849575391039252
997,0.01360000018030405,0.0005841519450768828
998,-0.0013330000219866633,0.0005834683543071151
999,0.04853399842977524,0.0005828975699841976
1000,-0.04160099849104881,0.0005826404667459428
1001,0.028534000739455223,0.0005821813829243183
1002,0.01360000018030405,0.0005816833581775427
1003,0.03866700083017349,0.0005810088478028774
1004,0.003467000089585781,0.0005806547123938799
1005,0.08880099654197693,0.0005803686217404902
1006,0.01360000018030405,0.0005800006911158562
1007,0.03866700083017349,0.0005795864854007959
1008,-0.0013330000219866633,0.0005791831063106656
1009,0.04853399842977524,0.0005786616820842028
1010,0.043733999133110046,0.0005782936350442469
1011,0.03359999880194664,0.0005778908962383866
1012,0.003467000089585781,0.0005777324549853802
1013,0.03866700083017349,0.0005775186000391841
1014,-0.011466999538242817,0.0005770873394794762
1015,0.05360100045800209,0.0005767160328105092
1016,0.01360000018030405,0.0005765355308540165
1017,0.06373400241136551,0.0005760736530646682
1018,-0.0013330000219866633,0.0005755547317676246
1019,0.04853399842977524,0.0005752173601649702
1020,0.003467000089585781,0.0005748827243223786
1021,0.028534000739455223,0.0005744181107729673
1022,-0.011466999538242817,0.0005738503532484174
1023,0.03866700083017349,0.0005731168785132468
1024,-0.006399999838322401,0.000572619610466063
1025,0.03359999880194664,0.0005722164059989154
1026,-0.026399999856948853,0.000572140677832067
1027,0.01360000018030405,0.0005721010966226459
1028,0.003467000089585781,0.0005723409121856093
1029,0.04853399842977524,0.0005724045331589878
1030,-0.016534000635147095,0.0005724525544792414
1031,0.04853399842977524,0.0005724812508560717
1032,-0.0013330000219866633,0.0005726239760406315
1033,0.06373400241136551,0.0005725708324462175
1034,-0.02160000056028366,0.0005730536649934947
1035,0.04853399842977524,0.00057337706675753
1036,0.003467000089585781,0.0005741140339523554
1037,0.06373400241136551,0.0005745152593590319
1038,-0.02160000056028366,0.0005751094431616366
1039,0.01360000018030405,0.0005757907638326287
1040,-0.031466998159885406,0.0005764021188952029
1041,0.05866700038313866,0.0005770964198745787
1042,0.01360000018030405,0.0005777078331448138
1043,0.01866699941456318,0.0005781899089924991
1044,-0.016534000635147095,0.0005788661655969918
1045,0.06373400241136551,0.0005792990559712052
1046,0.028534000739455223,0.0005801486549898982
1047,0.03866700083017349,0.0005810321308672428
1048,-0.006399999838322401,0.000581881613470614
1049,0.008533000014722347,0.0005826398264616728
1050,0.01866699941456318,0.0005834962357766926
1051,0.03866700083017349,0.0005842110840603709
1052,-0.0013330000219866633,0.0005849578883498907
1053,0.003467000089585781,0.0005854120827279985
1054,0.01360000018030405,0.0005860896199010313
1055,-0.02160000056028366,0.0005866002175025642
1056,-0.016534000635147095,0.0005868365988135338
1057,0.03359999880194664,0.0005873716436326504
1058,-0.0013330000219866633,0.0005878583760932088
1059,0.03866700083017349,0.0005881086108274758
1060,-0.016534000635147095,0.0005886170547455549
1061,0.04853399842977524,0.0005890290485695004
1062,-0.0013330000219866633,0.0005895470967516303
1063,0.01866699941456318,0.0005899794632568955
1064,-0.011466999538242817,0.0005905962316319346
1065,0.01360000018030405,0.0005909359315410256
1066,-0.006399999838322401,0.0005916693480685353
1067,0.01360000018030405,0.0005923239514231682
1068,-0.011466999538242817,0.0005927841411903501
1069,0.03866700083017349,0.0005931096384301782
1070,-0.011466999538242817,0.0005936847301200032
1071,0.03866700083017349,0.0005941332783550024
1072,0.003467000089585781,0.0005949437618255615
1073,0.05360100045800209,0.0005956649547442794
1074,-0.026399999856948853,0.0005965776508674026
1075,0.01360000018030405,0.0005972952349111438
1076,-0.026399999856948853,0.0005978712579235435
1077,0.008533000014722347,0.0005982919246889651
1078,-0.006399999838322401,0.0005987653275951743
1079,0.03866700083017349,0.0005991017678752542
1080,0.003467000089585781,0.000599571387283504
1081,0.05866700038313866,0.0006000202847644687
1082,-0.026399999856948853,0.0006007036427035928
1083,0.028534000739455223,0.0006010843790136278
1084,0.01360000018030405,0.0006017066771164536
1085,0.01866699941456318,0.0006022796151228249
1086,-0.02160000056028366,0.0006027660565450788
1087,0.05360100045800209,0.000603061227593571
1088,-0.0013330000219866633,0.0006034880061633885
1089,-0.0013330000219866633,0.0006037214770913124
1090,-0.011466999538242817,0.0006042809109203517
1091,0.04853399842977524,0.0006046111229807138
1092,-0.04666699841618538,0.0006056085112504661
1093,0.028534000739455223,0.0006061929743736982
1094,-0.031466998159885406,0.0006067557260394096
1095,0.03359999880194664,0.0006070310482755303
1096,0.02346700057387352,0.0006076682475395501
1097,0.03866700083017349,0.0006083914777263999
1098,0.003467000089585781,0.0006090110400691628
1099,0.028534000739455223,0.0006096390425227582
1100,0.01360000018030405,0.0006104905623942614
1101,0.03866700083017349,0.0006112025585025549
1102,-0.011466999538242817,0.0006117519806139171
1103,0.01360000018030405,0.0006120634498074651
1104,-0.006399999838322401,0.0006123337079770863
1105,0.0685340017080307,0.0006127402884885669
1106,0.003467000089585781,0.0006134773138910532
1107,0.028534000739455223,0.0006140247569419444
1108,0.01360000018030405,0.0006146787200123072
1109,0.028534000739455223,0.0006147849489934742
1110,-0.0013330000219866633,0.0006150122499093413
1111,0.04853399842977524,0.0006151626585051417
1112,0.003467000089585781,0.0006153641734272242
1113,0.02346700057387352,0.0006155665032565594
1114,-0.0013330000219866633,0.0006155687151476741
1115,0.05360100045800209,0.0006156290182843804
1116,-0.0013330000219866633,0.0006159187760204077
1117,0.01360000018030405,0.0006161258788779378
1118,0.02346700057387352,0.0006160242483019829
1119,0.03866700083017349,0.0006157869938760996
1120,-0.0013330000219866633,0.000615649507381022
1121,0.04853399842977524,0.0006155859446153045
1122,-0.02160000056028366,0.0006157784955576062
1123,0.07360100001096725,0.0006158552132546902
1124,-0.006399999838322401,0.0006161147030070424
1125,0.028534000739455223,0.0006162081263028085
1126,0.008533000014722347,0.0006163496873341501
1127,0.04853399842977524,0.0006162088830024004
1128,0.003467000089585781,0.0006162745994515717
1129,0.003467000089585781,0.0006163866491988301
1130,-0.011466999538242817,0.000616435194388032
1131,0.043733999133110046,0.0006164972437545657
1132,-0.0013330000219866633,0.0006166125531308353
1133,0.04853399842977524,0.0006167235551401973
1134,-0.03653400018811226,0.0006170095875859261
1135,0.03359999880194664,0.0006167676765471697
1136,0.028534000739455223,0.000616722390986979
1137,0.04853399842977524,0.0006167147075757384
1138,0.003467000089585781,0.0006166277453303337
1139,0.03866700083017349,0.0006166381062939763
1140,-0.006399999838322401,0.0006169555126689374
1141,0.02346700057387352,0.0006171583663672209
1142,-0.011466999538242817,0.0006174486479721963
1143,0.028534000739455223,0.0006179341580718756
1144,-0.03653400018811226,0.0006182940560393035
1145,0.03866700083017349,0.0006184721132740378
1146,-0.02160000056028366,0.0006185937090776861
1147,0.028534000739455223,0.0006185962702147663
1148,0.003467000089585781,0.000618565478362143
1149,0.043733999133110046,0.0006185320671647787
1150,0.028534000739455223,0.0006186912069097161
1151,0.03866700083017349,0.0006189366104081273
1152,-0.02160000056028366,0.0006191582651808858
1153,0.028534000739455223,0.0006193714216351509
1154,0.01866699941456318,0.0006195869063958526
1155,0.028534000739455223,0.0006199080962687731
1156,0.01360000018030405,0.0006202295189723372
1157,0.043733999133110046,0.0006205502431839705
1158,0.003467000089585781,0.0006206269608810544
1159,0.01866699941456318,0.000620698556303978
1160,-0.02160000056028366,0.0006208203267306089
1161,0.06373400241136551,0.0006210636347532272
1162,0.008533000014722347,0.0006210273131728172
1163,0.03866700083017349,0.0006210643332451582
1164,0.01360000018030405,0.0006211464060470462
1165,0.03866700083017349,0.0006212430307641625
1166,0.008533000014722347,0.0006212388980202377
1167,0.03866700083017349,0.0006212557200342417
1168,0.028534000739455223,0.0006213940214365721
1169,0.02346700057387352,0.0006216858746483922
1170,-0.02160000056028366,0.0006220960058271885
1171,0.05360100045800209,0.0006223073578439653
1172,-0.02160000056028366,0.000622427964117378
1173,0.04853399842977524,0.0006224815733730793
1174,-0.02160000056028366,0.0006224614335224032
1175,0.02346700057387352,0.0006224982789717615
1176,0.003467000089585781,0.0006224885582923889
1177,0.03866700083017349,0.0006225105607882142
1178,-0.011466999538242817,0.0006225152174010873
1179,0.05360100045800209,0.0006225300021469593
1180,0.01360000018030405,0.0006228704587556422
1181,0.05360100045800209,0.000623257365077734
1182,0.01360000018030405,0.0006235256441868842
1183,-0.0013330000219866633,0.0006237368797883391
1184,-0.02160000056028366,0.0006239592330530286
1185,0.05360100045800209,0.0006243185489438474
1186,0.003467000089585781,0.0006246349075809121
1187,0.028534000739455223,0.0006247013225220144
1188,0.01360000018030405,0.0006247874698601663
1189,0.028534000739455223,0.0006248745485208929
1190,0.008533000014722347,0.0006249413709156215
1191,0.05360100045800209,0.0006249059224501252
1192,0.01360000018030405,0.000625048647634685
1193,0.043733999133110046,0.0006250647129490972
1194,0.03866700083017349,0.0006249723373912275
1195,0.03359999880194664,0.0006250315345823765
1196,0.02346700057387352,0.0006250904407352209
1197,0.01866699941456318,0.0006252180319279432
1198,0.003467000089585781,0.0006254943436942995
1199,0.03359999880194664,0.0006257470231503248
1200,0.028534000739455223,0.0006258965004235506
1201,0.04853399842977524,0.0006258789217099547
1202,0.01360000018030405,0.0006259607616811991
1203,0.028534000739455223,0.0006260903319343925
1204,0.01360000018030405,0.0006264117546379566
1205,0.028534000739455223,0.0006267617573030293
1206,-0.026399999856948853,0.000627057277597487
1207,0.043733999133110046,0.000627306115347892
1208,-0.0013330000219866633,0.0006275210762396455
1209,0.03866700083017349,0.0006276997737586498
1210,0.008533000014722347,0.0006277866195887327
1211,0.02346700057387352,0.0006281333626247942
1212,-0.026399999856948853,0.0006283340626396239
1213,0.04853399842977524,0.0006285131094045937
1214,0.01360000018030405,0.0006283846450969577
1215,0.04853399842977524,0.0006282711401581764
1216,-0.011466999538242817,0.0006281129317358136
1217,0.05360100045800209,0.0006280639208853245
1218,0.003467000089585781,0.0006280781235545874
1219,0.05866700038313866,0.0006279874360188842
1220,0.028534000739455223,0.0006279050721786916
1221,0.06373400241136551,0.0006280172383412719
1222,-0.02160000056028366,0.0006281150854192674
1223,0.03866700083017349,0.0006280132802203298
1224,0.01360000018030405,0.0006278363289311528
1225,0.028534000739455223,0.0006279309745877981
1226,-0.02160000056028366,0.0006280833622440696
1227,0.028534000739455223,0.000627982197329402
1228,0.003467000089585781,0.0006278739310801029
1229,0.05360100045800209,0.000627828121650964
1230,0.03359999880194664,0.0006276955828070641
1231,0.05360100045800209,0.00062764179892838
1232,-0.016534000635147095,0.0006275535561144352
1233,0.03866700083017349,0.0006274305051192641
1234,-0.02160000056028366,0.0006273812614381313
1235,0.01360000018030405,0.0006274835322983563
1236,0.003467000089585781,0.000627769622951746
1237,0.008533000014722347,0.0006281108362600207
1238,-0.0013330000219866633,0.0006285450072027743
1239,0.05360100045800209,0.0006288903532549739
1240,-0.0013330000219866633,0.0006289655575528741
1241,0.05360100045800209,0.0006291294703260064
1242,-0.031466998159885406,0.0006293815677054226
1243,0.01866699941456318,0.0006295312196016312
1244,0.003467000089585781,0.000629664515145123
1245,0.01360000018030405,0.00062977010384202
1246,0.02346700057387352,0.000630025053396821
1247,0.05866700038313866,0.0006302469410002232
1248,0.01360000018030405,0.0006303423433564603
1249,0.03866700083017349,0.0006305357674136758
1250,-0.026399999856948853,0.0006305574206635356
1251,0.043733999133110046,0.0006306038703769445
1252,-0.026399999856948853,0.0006305501447059214
1253,0.05866700038313866,0.0006307552102953196
1254,-0.016534000635147095,0.0006310900207608938
1255,0.04853399842977524,0.0006313067278824747
1256,0.003467000089585781,0.0006313530029729009
1257,0.03866700083017349,0.0006314662750810385
1258,0.02346700057387352,0.0006317310617305338
1259,0.04853399842977524,0.0006317688385024667
1260,0.02346700057387352,0.0006316629005596042
1261,0.03866700083017349,0.0006313761696219444
1262,0.008533000014722347,0.0006312510231509805
1263,0.028534000739455223,0.0006311057368293405
1264,0.003467000089585781,0.0006308065494522452
1265,0.008533000014722347,0.0006306107388809323
1266,-0.006399999838322401,0.0006305425195023417
1267,0.03359999880194664,0.0006302748224698007
1268,-0.0013330000219866633,0.0006299220258370042
1269,0.05360100045800209,0.0006295781931839883
1270,-0.02160000056028366,0.0006293711485341191
1271,0.003467000089585781,0.0006289627635851502
1272,-0.016534000635147095,0.0006287009455263615
1273,0.03359999880194664,0.000628579524345696
1274,0.008533000014722347,0.000628434238024056
1275,0.05866700038313866,0.0006283137481659651
1276,-0.016534000635147095,0.000628208857960999
1277,-0.006399999838322401,0.0006280633388087153
1278,-0.006399999838322401,0.0006283129332587123
1279,0.03866700083017349,0.0006286838324740529
1280,0.01360000018030405,0.00062892388086766
1281,0.05360100045800209,0.0006292138714343309
1282,-0.026399999856948853,0.0006292820326052606
1283,0.05866700038313866,0.0006293324986472726
1284,-0.016534000635147095,0.0006290906458161771
1285,0.03866700083017349,0.0006289074663072824
1286,0.01360000018030405,0.0006289060693234205
1287,0.03866700083017349,0.0006287788273766637
1288,-0.0013330000219866633,0.0006284844130277634
1289,0.0685340017080307,0.0006282023387029767
1290,0.028534000739455223,0.0006277828360907733
1291,0.03359999880194664,0.0006273447070270777
1292,-0.026399999856948853,0.0006264671683311462
1293,0.02346700057387352,0.00062583974795416
1294,0.028534000739455223,0.0006252498715184629
1295,0.02346700057387352,0.0006245647673495114
1296,-0.0013330000219866633,0.0006240789662115276
1297,0.028534000739455223,0.0006235457258298993
1298,-0.0013330000219866633,0.0006230005528777838
1299,0.05866700038313866,0.0006226635305210948
1300,0.003467000089585781,0.0006224123062565923
1301,0.03866700083017349,0.0006220965296961367
1302,0.003467000089585781,0.0006216407055035233
1303,0.02346700057387352,0.0006212374428287148
1304,0.01360000018030405,0.0006208214908838272
1305,0.04853399842977524,0.000620601000264287
1306,-0.02160000056028366,0.0006202284712344408
1307,0.01360000018030405,0.000620144244749099
1308,-0.011466999538242817,0.0006199039053171873
1309,0.03866700083017349,0.0006198056507855654
1310,-0.02160000056028366,0.0006197354523465037
1311,0.05360100045800209,0.0006196278263814747
1312,-0.006399999838322401,0.0006197461625561118
1313,0.03866700083017349,0.0006196215399540961
1314,0.003467000089585781,0.000619639758951962
1315,0.04853399842977524,0.0006196440081112087
1316,0.008533000014722347,0.0006194646703079343
1317,0.043733999133110046,0.0006192282307893038
1318,-0.011466999538242817,0.0006189212435856462
1319,0.03866700083017349,0.0006187951657921076
1320,-0.006399999838322401,0.0006186980754137039
1321,0.07866799831390381,0.0006186994141899049
1322,0.003467000089585781,0.0006185543024912477
1323,0.028534000739455223,0.0006184187950566411
1324,0.003467000089585781,0.0006184361409395933
1325,0.0685340017080307,0.0006184596568346024
1326,0.028534000739455223,0.0006181037751957774
1327,0.028534000739455223,0.0006179141346365213
1328,0.01360000018030405,0.0006174927111715078
1329,0.06373400241136551,0.0006170655251480639
1330,0.01360000018030405,0.0006164612714201212
1331,0.028534000739455223,0.0006162348436191678
1332,0.01360000018030405,0.0006158569594845176
1333,0.06373400241136551,0.0006157031748443842
1334,-0.03653400018811226,0.0006152988062240183
1335,0.05360100045800209,0.0006148670800030231
1336,0.01360000018030405,0.0006144506041891873
1337,0.04853399842977524,0.0006139440229162574
1338,0.01360000018030405,0.0006133141578175128
1339,0.06373400241136551,0.0006128739332780242
1340,0.008533000014722347,0.0006122822524048388
1341,0.028534000739455223,0.0006118500605225563
1342,-0.02160000056028366,0.0006113748531788588
1343,0.04853399842977524,0.0006109859677962959
1344,-0.0013330000219866633,0.0006105396314524114
1345,0.01866699941456318,0.000610159826464951
1346,0.008533000014722347,0.000609765702392906
1347,0.10373499989509583,0.0006095868884585798
1348,0.008533000014722347,0.0006086584180593491
1349,0.028534000739455223,0.0006079877493903041
1350,0.003467000089585781,0.0006075623678043485
1351,0.04853399842977524,0.0006072103278711438
1352,-0.011466999538242817,0.0006067767972126603
1353,0.03359999880194664,0.0006063416949473321
1354,0.03866700083017349,0.0006059315055608749
1355,0.05360100045800209,0.0006055925041437149
1356,-0.006399999838322401,0.0006050288793630898
1357,0.05360100045800209,0.0006044452311471105
1358,-0.02160000056028366,0.0006041157175786793
1359,0.05360100045800209,0.0006035841652192175
1360,0.01866699941456318,0.0006031571538187563
1361,0.06373400241136551,0.000602718791924417
1362,-0.011466999538242817,0.000602065003477037
1363,0.05360100045800209,0.0006014991085976362
1364,-0.0013330000219866633,0.000600951025262475
1365,0.06373400241136551,0.0006004319293424487
1366,0.008533000014722347,0.0005998987471684813
1367,0.04853399842977524,0.0005993014783598483
1368,0.01360000018030405,0.0005989116616547108
1369,0.028534000739455223,0.0005985702155157924
1370,-0.011466999538242817,0.0005984526360407472
1371,0.04853399842977524,0.0005982454167678952
1372,-0.016534000635147095,0.0005980829591862857
1373,0.01866699941456318,0.0005980003043077886
1374,-0.0013330000219866633,0.0005981519352644682
1375,0.01360000018030405,0.0005981953581795096
1376,0.003467000089585781,0.0005984535673633218
1377,0.05360100045800209,0.0005984714953228831
1378,0.01866699941456318,0.0005985019961372018
1379,0.03866700083017349,0.0005984099116176367
1380,-0.0013330000219866633,0.0005983840674161911
1381,0.05360100045800209,0.0005984800518490374
1382,0.01360000018030405,0.0005984436720609665
1383,0.028534000739455223,0.0005983130540698767
1384,0.01360000018030405,0.0005981696886010468
1385,0.05360100045800209,0.0005979010602459311
1386,-0.011466999538242817,0.0005975969252176583
1387,0.06373400241136551,0.000597455829847604
1388,0.028534000739455223,0.0005975512322038412
1389,0.028534000739455223,0.0005975571111775935
1390,-0.0013330000219866633,0.0005976906977593899
1391,0.03866700083017349,0.0005980073474347591
1392,-0.016534000635147095,0.0005983876180835068
1393,0.06373400241136551,0.0005988702178001404
1394,0.05360100045800209,0.0005993146914988756
1395,0.07866799831390381,0.0005994308739900589
1396,0.028534000739455223,0.0005993727245368063
1397,0.03866700083017349,0.0005992218502797186
1398,0.04853399842977524,0.0005992111400701106
1399,0.04853399842977524,0.0005988962948322296
1400,0.03866700083017349,0.000598763523157686
1401,0.03866700083017349,0.0005987829063087702
1402,0.003467000089585781,0.0005989719647914171
1403,0.04853399842977524,0.0005991575308144093
1404,-0.011466999538242817,0.0005995114333927631
1405,0.05866700038313866,0.0005994092207401991
1406,0.008533000014722347,0.0005994866951368749
1407,0.043733999133110046,0.000599447637796402
1408,-0.026399999856948853,0.0005995161482132971
1409,0.043733999133110046,0.0005993536324240267
1410,0.003467000089585781,0.0005994558450765908
1411,0.06373400241136551,0.0005992799997329712
1412,-0.0013330000219866633,0.0005992120713926852
1413,0.043733999133110046,0.0005989582277834415
1414,-0.006399999838322401,0.0005989775527268648
1415,0.04853399842977524,0.000598929647821933
1416,0.02346700057387352,0.0005990269710309803
1417,0.028534000739455223,0.0005989900091663003
1418,-0.006399999838322401,0.0005991354119032621
1419,0.04853399842977524,0.0005991972866468132
1420,-0.0013330000219866633,0.000599392456933856
1421,0.06373400241136551,0.0005993993836455047
1422,0.01866699941456318,0.0005995607934892178
1423,0.02346700057387352,0.0005995741230435669
1424,-0.026399999856948853,0.0005996744730509818
1425,0.028534000739455223,0.0005995229003019631
1426,0.003467000089585781,0.0005993856466375291
1427,0.01866699941456318,0.0005991461803205311
1428,-0.026399999856948853,0.0005992082878947258
1429,0.028534000739455223,0.0005991522339172661
1430,0.008533000014722347,0.0005992930964566767
1431,0.0685340017080307,0.0005993540398776531
1432,0.003467000089585781,0.0005993512459099293
1433,0.03359999880194664,0.0005992224323563278
1434,-0.0013330000219866633,0.0005991806392557919
1435,0.04853399842977524,0.0005990517092868686
1436,0.02346700057387352,0.0005988234770484269
1437,0.04853399842977524,0.0005983165465295315
1438,-0.0013330000219866633,0.0005980541463941336
1439,0.03359999880194664,0.000597700010985136
1440,0.008533000014722347,0.0005974213709123433
1441,0.05866700038313866,0.0005972260842099786
1442,-0.016534000635147095,0.0005972129292786121
1443,0.05866700038313866,0.0005971654318273067
1444,0.003467000089585781,0.0005972347571514547
1445,0.028534000739455223,0.000597278936766088
1446,-0.0013330000219866633,0.0005974471569061279
1447,0.043733999133110046,0.000597563455812633
1448,-0.026399999856948853,0.000597626727540046
1449,0.03866700083017349,0.0005974299856461585
1450,0.01866699941456318,0.0005974206724204123
1451,0.05360100045800209,0.0005972809158265591
1452,0.01866699941456318,0.0005971595528535545
1453,0.07360100001096725,0.0005969581543467939
1454,-0.0013330000219866633,0.0005968896439298987
1455,0.05360100045800209,0.0005969161866232753
1456,0.003467000089585781,0.0005969584453850985
1457,0.07360100001096725,0.0005968980840407312
1458,0.01360000018030405,0.0005968593759462237
1459,0.03866700083017349,0.0005967911565676332
1460,-0.006399999838322401,0.0005967867327854037
1461,0.0685340017080307,0.0005967263132333755
1462,0.01360000018030405,0.0005965091986581683
1463,0.06373400241136551,0.0005963293369859457
1464,0.03866700083017349,0.0005962835275568068
1465,0.03359999880194664,0.0005960615817457438
1466,0.01360000018030405,0.0005960857379250228
1467,0.05360100045800209,0.0005959811969660223
1468,0.02346700057387352,0.0005958193796686828
1469,0.03866700083017349,0.0005958745605312288
1470,0.003467000089585781,0.0005963846342638135
1471,0.07866799831390381,0.0005966642638668418
1472,0.003467000089585781,0.0005971434293314815
1473,0.05866700038313866,0.0005975414533168077
1474,-0.011466999538242817,0.0005978764966130257
1475,0.03866700083017349,0.0005981120048090816
1476,-0.0013330000219866633,0.0005985207390040159
1477,0.06373400241136551,0.0005985525203868747
1478,-0.0013330000219866633,0.0005986366886645555
1479,0.04853399842977524,0.0005988378543406725
1480,0.02346700057387352,0.0005990762147121131
1481,0.05866700038313866,0.0005992181831970811
1482,0.003467000089585781,0.0005993488011881709
1483,0.05360100045800209,0.0005996125983074307
1484,0.008533000014722347,0.0005999364657327533
1485,0.04853399842977524,0.0006002571317367256
1486,-0.006399999838322401,0.0006006096955388784
1487,0.03359999880194664,0.0006010116776451468
1488,0.01360000018030405,0.0006014419486746192
1489,0.0685340017080307,0.0006018503336235881
1490,0.003467000089585781,0.0006020796718075871
1491,0.05360100045800209,0.0006023408495821059
1492,0.01360000018030405,0.0006024708272889256
1493,0.028534000739455223,0.0006026209448464215
1494,0.028534000739455223,0.0006028675707057118
1495,0.03359999880194664,0.0006030923686921597
1496,0.028534000739455223,0.0006033550016582012
1497,0.05360100045800209,0.0006033950485289097
1498,0.01866699941456318,0.0006032992387190461
1499,0.01360000018030405,0.0006032055243849754
1500,0.01360000018030405,0.0006031536031514406
1501,0.0685340017080307,0.0006031596567481756
1502,0.01866699941456318,0.0006030231015756726
1503,0.0685340017080307,0.0006028384086675942
1504,0.01360000018030405,0.0006028614589013159
1505,0.05360100045800209,0.0006026435876265168
1506,0.003467000089585781,0.0006025981856510043
1507,0.05360100045800209,0.0006028567440807819
1508,0.06373400241136551,0.0006029995856806636
1509,0.08373399823904037,0.0006029445794411004
1510,-0.016534000635147095,0.0006026946939527988
1511,0.06373400241136551,0.000602558720856905
1512,0.008533000014722347,0.0006022592424415052
1513,0.03359999880194664,0.0006019682623445988
1514,0.043733999133110046,0.0006018653512001038
1515,0.05866700038313866,0.000602065003477037
1516,0.01360000018030405,0.0006021760054863989
1517,0.07866799831390381,0.0006024708272889256
1518,0.003467000089585781,0.0006025806651450694
1519,0.07360100001096725,0.000602712738327682
1520,0.028534000739455223,0.000602886313572526
1521,0.043733999133110046,0.0006031679222360253
1522,0.003467000089585781,0.0006033422541804612
1523,0.04853399842977524,0.0006037228740751743
1524,0.008533000014722347,0.0006040034350007772
1525,0.04853399842977524,0.0006042002351023257
1526,0.01360000018030405,0.0006044640322215855
1527,0.05360100045800209,0.0006048124050721526
1528,0.01360000018030405,0.0006050533265806735
1529,0.06373400241136551,0.000605278997682035
1530,0.003467000089585781,0.000605419569183141
1531,0.05360100045800209,0.0006054030964151025
1532,0.04853399842977524,0.0006054827244952321
1533,0.07360100001096725,0.0006056111305952072
1534,0.01360000018030405,0.0006055965786799788
1535,0.043733999133110046,0.0006056084530428052
1536,-0.02160000056028366,0.0006057125283405185
1537,0.07866799831390381,0.0006056663114577532
1538,0.01360000018030405,0.0006055047269910574
1539,0.06373400241136551,0.0006054311525076628
1540,0.01360000018030405,0.0006056465208530426
1541,0.06373400241136551,0.0006058963481336832
1542,-0.006399999838322401,0.000606096291448921
1543,0.06373400241136551,0.0006063482724130154
1544,0.01866699941456318,0.0006067449576221406
1545,0.05866700038313866,0.0006071195821277797
1546,0.01360000018030405,0.0006073950789868832
1547,0.03866700083017349,0.0006075258133932948
1548,0.028534000739455223,0.0006077156285755336
1549,0.03866700083017349,0.0006077906000427902
1550,0.008533000014722347,0.0006078353617340326
1551,0.06373400241136551,0.0006080272723920643
1552,0.01360000018030405,0.0006079395534470677
1553,0.028534000739455223,0.000607942754868418
1554,0.03866700083017349,0.0006082527106627822
1555,0.07866799831390381,0.000608348345849663
1556,0.02346700057387352,0.0006079147569835186
1557,0.07360100001096725,0.0006076098652556539
1558,0.01360000018030405,0.0006073201075196266
1559,0.05360100045800209,0.0006070989766158164
1560,0.03866700083017349,0.0006070111412554979
1561,0.06373400241136551,0.0006066869827918708
1562,0.03866700083017349,0.0006064102053642273
1563,0.03359999880194664,0.0006059424486011267
1564,0.003467000089585781,0.0006055508274585009
1565,0.07360100001096725,0.0006050798110663891
1566,0.003467000089585781,0.0006043347530066967
1567,0.03866700083017349,0.0006037985440343618
1568,0.01866699941456318,0.0006033458048477769
1569,0.07360100001096725,0.0006029175128787756
1570,-0.006399999838322401,0.0006022985326126218
1571,0.04853399842977524,0.000601646606810391
1572,0.01866699941456318,0.0006011310615576804
1573,0.043733999133110046,0.0006006219191476703
1574,0.003467000089585781,0.0005999697023071349
1575,0.07360100001096725,0.000599110615439713
1576,0.01360000018030405,0.0005983164301142097
1577,0.04853399842977524,0.0005975440144538879
1578,0.003467000089585781,0.0005968828918412328
1579,0.0685340017080307,0.0005963091971352696
1580,0.01360000018030405,0.0005957639659754932
1581,0.04853399842977524,0.0005951408529654145
1582,0.003467000089585781,0.0005947274039499462
1583,0.043733999133110046,0.0005941506824456155
1584,0.003467000089585781,0.0005935715744271874
1585,0.043733999133110046,0.0005930399056524038
1586,0.01360000018030405,0.0005926771555095911
1587,0.043733999133110046,0.0005919451941736042
1588,0.028534000739455223,0.0005914693465456367
1589,0.08880099654197693,0.0005908196326345205
1590,0.028534000739455223,0.000590350478887558
1591,0.07360100001096725,0.0005900240503251553
1592,0.01360000018030405,0.0005896191578358412
1593,0.0685340017080307,0.0005892609478905797
1594,0.028534000739455223,0.0005890603642910719
1595,0.0685340017080307,0.000588737428188324
1596,0.028534000739455223,0.0005886870203539729
1597,0.08880099654197693,0.0005884884740225971
1598,0.01866699941456318,0.0005884575075469911
1599,0.08880099654197693,0.0005884558195248246
1600,-0.011466999538242817,0.0005885135615244508
1601,0.06373400241136551,0.0005886816652491689
1602,0.003467000089585781,0.0005886900471523404
1603,0.07866799831390381,0.0005885931313969195
1604,0.02346700057387352,0.0005889235762879252
1605,0.043733999133110046,0.0005892767803743482
1606,0.01360000018030405,0.0005895835347473621
1607,0.07360100001096725,0.0005897744558751583
1608,0.02346700057387352,0.0005897810333408415
1609,0.03359999880194664,0.000589744420722127
1610,0.028534000739455223,0.0005899184616282582
1611,0.04853399842977524,0.0005899943644180894
1612,-0.0013330000219866633,0.0005901932017877698
1613,0.06373400241136551,0.000590464798733592
1614,-0.006399999838322401,0.0005906091537326574
1615,0.04853399842977524,0.0005908695748075843
1616,0.008533000014722347,0.0005912058986723423
1617,0.05360100045800209,0.000591426738537848
1618,-0.0013330000219866633,0.0005918672541156411
1619,0.04853399842977524,0.0005923196440562606
1620,0.01360000018030405,0.0005926275625824928
1621,0.043733999133110046,0.0005930291954427958
1622,-0.011466999538242817,0.0005934855435043573
1623,0.05360100045800209,0.0005939704133197665
1624,-0.02160000056028366,0.0005943810101598501
1625,0.07360100001096725,0.0005945839220657945
1626,0.02346700057387352,0.0005947962636128068
1627,0.03866700083017349,0.0005951001076027751
1628,-0.016534000635147095,0.0005954540683887899
1629,0.05866700038313866,0.0005957178655080497
1630,-0.02160000056028366,0.0005959043046459556
1631,0.06373400241136551,0.0005961119895800948
1632,-0.011466999538242817,0.0005964256706647575
1633,0.05360100045800209,0.0005966894677840173
1634,0.03359999880194664,0.0005968829500488937
1635,0.06373400241136551,0.0005970423808321357
1636,0.02346700057387352,0.0005971781793050468
1637,0.05360100045800209,0.0005972834769636393
1638,-0.0013330000219866633,0.0005974600790068507
1639,0.05360100045800209,0.0005976762622594833
1640,0.003467000089585781,0.0005979869747534394
1641,0.04853399842977524,0.0005984295275993645
1642,0.003467000089585781,0.0005989427445456386
1643,0.0685340017080307,0.0005994662642478943
1644,0.028534000739455223,0.0005998580018058419
1645,0.08373399823904037,0.0006000667344778776
1646,-0.0013330000219866633,0.0006000901921652257
1647,0.06373400241136551,0.0006000504363328218
1648,0.043733999133110046,0.0005999425193294883
1649,0.03866700083017349,0.0005997258704155684
1650,-0.011466999538242817,0.0005997290136292577
1651,0.03866700083017349,0.0005998495034873486
1652,0.02346700057387352,0.0005998953711241484
1653,0.043733999133110046,0.0005999256391078234
1654,0.01360000018030405,0.0006000165594741702
1655,0.05360100045800209,0.0006001725560054183
1656,0.03866700083017349,0.0006002038717269897
1657,0.07360100001096725,0.0006003185408189893
1658,-0.016534000635147095,0.0006003475864417851
1659,0.043733999133110046,0.0006002337904646993
1660,-0.006399999838322401,0.0006001429865136743
1661,0.05866700038313866,0.0006003865273669362
1662,-0.006399999838322401,0.0006004814058542252
1663,0.05360100045800209,0.0006004316965118051
1664,-0.011466999538242817,0.0006004426395520568
1665,0.03866700083017349,0.0006007031770423055
1666,-0.016534000635147095,0.000600722967647016
1667,0.028534000739455223,0.0006005943287163973
1668,0.003467000089585781,0.0006004978204146028
1669,0.05360100045800209,0.0006005067843943834
1670,-0.016534000635147095,0.0006004597526043653
1671,0.05866700038313866,0.0006004670285619795
1672,0.02346700057387352,0.0006002663867548108
1673,0.05360100045800209,0.0006002153968438506
1674,-0.026399999856948853,0.000600174127612263
1675,0.03866700083017349,0.0005998819833621383
1676,0.01360000018030405,0.0005994851817376912
1677,0.01866699941456318,0.0005992872756905854
1678,0.008533000014722347,0.0005990414647385478
1679,0.05866700038313866,0.0005989136407151818
1680,0.01360000018030405,0.0005987447220832109
1681,0.03866700083017349,0.000598418468143791
1682,0.02346700057387352,0.0005979998968541622
1683,0.05866700038313866,0.0005975791718810797
1684,-0.0013330000219866633,0.0005971045466139913
1685,0.07360100001096725,0.0005966313183307648
1686,0.028534000739455223,0.0005960745038464665
1687,0.02346700057387352,0.0005956619279459119
1688,0.003467000089585781,0.000595271005295217
1689,0.04853399842977524,0.0005950728664174676
1690,-0.02160000056028366,0.0005948901525698602
1691,0.05866700038313866,0.0005946577293798327
1692,-0.0013330000219866633,0.0005945974262431264
1693,0.05866700038313866,0.0005947259487584233
1694,0.01360000018030405,0.0005946551682427526
1695,0.07866799831390381,0.0005946053424850106
1696,0.02346700057387352,0.0005943744909018278
1697,0.03866700083017349,0.0005938691319897771
1698,0.008533000014722347,0.0005932684289291501
1699,0.05360100045800209,0.0005927259335294366
1700,0.01360000018030405,0.000592186814174056
1701,0.06373400241136551,0.0005917359376326203
1702,-0.0013330000219866633,0.0005910781910642982
1703,0.03359999880194664,0.0005904284189455211
1704,-0.0013330000219866633,0.0005897732335142791
1705,0.028534000739455223,0.0005893289926461875
1706,-0.011466999538242817,0.0005887250299565494
1707,0.06373400241136551,0.000588220136705786
1708,0.003467000089585781,0.0005876984214410186
1709,0.043733999133110046,0.0005873882910236716
1710,-0.03653400018811226,0.0005868793232366443
1711,0.028534000739455223,0.0005862215766683221
1712,-0.011466999538242817,0.0005856569623574615
1713,0.05360100045800209,0.000585266447160393
1714,-0.0013330000219866633,0.0005846822168678045
1715,0.03359999880194664,0.0005841956008225679
1716,0.02346700057387352,0.0005836947821080685
1717,0.02346700057387352,0.0005831933813169599
1718,-0.031466998159885406,0.0005827433196827769
1719,0.08373399823904037,0.0005822941311635077
1720,0.02346700057387352,0.0005816957564093173
1721,0.05866700038313866,0.0005812760209664702
1722,0.003467000089585781,0.0005805246182717383
1723,0.03866700083017349,0.0005799088394269347
1724,0.008533000014722347,0.000579231942538172
1725,0.05360100045800209,0.0005786028923466802
1726,0.003467000089585781,0.000577745377086103
1727,0.07360100001096725,0.0005771524738520384
1728,-0.011466999538242817,0.0005763157387264073
1729,0.06373400241136551,0.0005755845922976732
1730,0.003467000089585781,0.0005748309195041656
1731,0.07360100001096725,0.0005743061192333698
1732,-0.0013330000219866633,0.0005736582679674029
1733,0.028534000739455223,0.0005730623379349709
1734,0.01866699941456318,0.000572468969039619
1735,0.03866700083017349,0.0005719598848372698
1736,0.01360000018030405,0.0005713123828172684
1737,0.03359999880194664,0.0005707460222765803
1738,0.003467000089585781,0.0005703045753762126
1739,0.06373400241136551,0.0005698413588106632
1740,0.008533000014722347,0.0005692329723387957
1741,0.03359999880194664,0.0005687178345397115
1742,0.03866700083017349,0.0005681955954059958
1743,0.04853399842977524,0.0005676225991919637
1744,0.003467000089585781,0.0005668961675837636
1745,0.01360000018030405,0.0005661580362357199
1746,0.01866699941456318,0.0005655460990965366
1747,0.07866799831390381,0.0005649534286931157
1748,0.01360000018030405,0.0005645152414217591
1749,0.05360100045800209,0.0005641294410452247
1750,-0.0013330000219866633,0.0005636309506371617
1751,0.028534000739455223,0.0005632612737827003
1752,-0.02160000056028366,0.000562746194191277
1753,0.02346700057387352,0.0005624562036246061
1754,0.01866699941456318,0.000562128727324307
1755,0.05360100045800209,0.0005618524737656116
1756,0.01360000018030405,0.0005615090485662222
1757,0.05866700038313866,0.0005611947854049504
1758,0.01360000018030405,0.0005610770313069224
1759,0.04853399842977524,0.0005610474036075175
1760,0.003467000089585781,0.0005608958890661597
1761,0.05360100045800209,0.0005608624196611345
1762,0.03866700083017349,0.0005608340143226087
1763,0.03866700083017349,0.0005605816841125488
1764,0.01360000018030405,0.0005603345343843102
1765,0.03866700083017349,0.0005602582823485136
1766,-0.0013330000219866633,0.0005602402379736304
1767,0.0685340017080307,0.0005600720178335905
1768,0.003467000089585781,0.000560097221750766
1769,0.04853399842977524,0.0005602396558970213
1770,0.02346700057387352,0.0005600876174867153
1771,0.01360000018030405,0.0005598805146291852
1772,-0.0013330000219866633,0.0005596504779532552
1773,0.04853399842977524,0.0005595391849055886
1774,0.01360000018030405,0.0005594458198174834
1775,0.05360100045800209,0.0005592874367721379
1776,0.028534000739455223,0.0005592391826212406
1777,0.03866700083017349,0.0005591375520452857
1778,-0.0013330000219866633,0.0005589950596913695
1779,0.028534000739455223,0.0005589285865426064
1780,0.003467000089585781,0.0005589477950707078
1781,0.03866700083017349,0.0005591328954324126
1782,0.003467000089585781,0.0005591466906480491
1783,0.043733999133110046,0.0005592316738329828
1784,-0.0013330000219866633,0.000559216074179858
1785,0.07360100001096725,0.000559228821657598
1786,0.01360000018030405,0.000559489126317203
1787,0.043733999133110046,0.0005596255650743842
1788,0.02346700057387352,0.0005596220726147294
1789,0.03866700083017349,0.0005596651462838054
1790,0.008533000014722347,0.0005595491966232657
1791,0.04853399842977524,0.0005594288231804967
1792,-0.006399999838322401,0.0005593466339632869
1793,0.03359999880194664,0.000559244304895401
1794,-0.0013330000219866633,0.0005592260858975351
1795,0.05866700038313866,0.0005592252127826214
1796,0.003467000089585781,0.0005592125817202032
1797,0.04853399842977524,0.0005591257940977812
1798,0.01360000018030405,0.000558910658583045
1799,0.04853399842977524,0.0005585394101217389
1800,0.01866699941456318,0.0005582827143371105
1801,0.043733999133110046,0.0005579268909059465
1802,0.003467000089585781,0.0005576502298936248
1803,0.03866700083017349,0.0005574685055762529
1804,0.01866699941456318,0.0005572643131017685
1805,0.03359999880194664,0.0005570640787482262
1806,-0.0013330000219866633,0.0005568661144934595
1807,0.04853399842977524,0.0005567247862927616
1808,-0.02160000056028366,0.0005566806066781282
1809,0.01866699941456318,0.0005566193722188473
1810,0.02346700057387352,0.0005563526647165418
1811,0.05866700038313866,0.0005560931167565286
1812,0.01360000018030405,0.0005560730933211744
1813,0.04853399842977524,0.0005560459103435278
1814,0.01866699941456318,0.0005562067381106317
1815,0.0685340017080307,0.0005563939921557903
1816,0.02346700057387352,0.0005566978361457586
1817,0.04853399842977524,0.0005567441694438457
1818,0.003467000089585781,0.0005570906214416027
1819,0.028534000739455223,0.0005574004026129842
1820,-0.0013330000219866633,0.0005577558185905218
1821,0.03866700083017349,0.0005582502344623208
1822,0.003467000089585781,0.0005589945940300822
1823,0.05360100045800209,0.0005596235278062522
1824,0.028534000739455223,0.0005602342425845563
1825,0.04853399842977524,0.0005608938517980278
1826,0.01866699941456318,0.0005616642301902175
1827,0.028534000739455223,0.000562418601475656
1828,-0.03653400018811226,0.0005631233798339963
1829,0.03866700083017349,0.0005639477167278528
1830,0.028534000739455223,0.0005648289225064218
1831,0.07360100001096725,0.0005657636793330312
1832,-0.0013330000219866633,0.0005666468059644103
1833,0.04853399842977524,0.0005676985019817948
1834,0.003467000089585781,0.0005688768578693271
1835,0.05360100045800209,0.0005697748856619
1836,0.01360000018030405,0.0005707538221031427
1837,0.03866700083017349,0.0005715801380574703
1838,-0.0013330000219866633,0.0005723341600969434
1839,0.05866700038313866,0.0005729646654799581
1840,0.01360000018030405,0.0005736497696489096
1841,0.0685340017080307,0.0005744730588048697
1842,0.003467000089585781,0.0005753016448579729
1843,0.0685340017080307,0.0005761225474998355
1844,0.008533000014722347,0.0005770230200141668
1845,0.05360100045800209,0.000577855680603534
1846,0.003467000089585781,0.0005790618015453219
1847,0.043733999133110046,0.0005803345702588558
1848,0.003467000089585781,0.0005816019838675857
1849,0.043733999133110046,0.0005829317378811538
1850,0.028534000739455223,0.0005843337858095765
1851,0.05360100045800209,0.0005856831558048725
1852,0.02346700057387352,0.0005867696600034833
1853,0.04853399842977524,0.0005875311908312142
1854,0.028534000739455223,0.0005882243276573718
1855,0.03866700083017349,0.0005887014558538795
1856,-0.0013330000219866633,0.0005893236375413835
1857,0.008533000014722347,0.0005903041455894709
1858,0.028534000739455223,0.0005914836656302214
1859,0.04853399842977524,0.0005922251148149371
1860,0.02346700057387352,0.0005926107987761497
1861,0.03866700083017349,0.0005930515471845865
1862,-0.011466999538242817,0.0005937629612162709
1863,0.01360000018030405,0.0005944400327280164
1864,-0.02160000056028366,0.0005953972577117383
1865,0.03359999880194664,0.0005960436537861824
1866,-0.02160000056028366,0.0005967518663965166
1867,0.03359999880194664,0.0005976373213343322
1868,-0.026399999856948853,0.0005983719602227211
1869,0.03866700083017349,0.000599109276663512
1870,0.028534000739455223,0.0005997887346893549
1871,0.04853399842977524,0.0006005273899063468
1872,-0.006399999838322401,0.0006011937512084842
1873,0.07360100001096725,0.0006021526642143726
1874,0.01866699941456318,0.0006030895747244358
1875,0.05360100045800209,0.0006038825958967209
1876,-0.0013330000219866633,0.0006046085618436337
1877,0.03866700083017349,0.0006053989636711776
1878,0.01360000018030405,0.000606073415838182
1879,0.05360100045800209,0.0006067570066079497
1880,-0.0013330000219866633,0.0006071245879866183
1881,0.0685340017080307,0.0006079529412090778
1882,-0.0013330000219866633,0.0006089175003580749
1883,0.06373400241136551,0.0006098681478761137
1884,-0.006399999838322401,0.0006105838692747056
1885,0.043733999133110046,0.0006111081456765532
1886,0.003467000089585781,0.0006115344003774226
1887,0.043733999133110046,0.0006121685728430748
1888,0.01360000018030405,0.0006125986692495644
1889,0.07360100001096725,0.0006132895359769464
1890,0.008533000014722347,0.000614126562140882
1891,0.05360100045800209,0.0006149286637082696
1892,-0.0013330000219866633,0.0006159438053146005
1893,0.028534000739455223,0.0006165107479318976
1894,0.003467000089585781,0.0006172138964757323
1895,0.03866700083017349,0.0006177775212563574
1896,-0.0013330000219866633,0.0006181688513606787
1897,0.07360100001096725,0.0006186673417687416
1898,0.008533000014722347,0.0006190083222463727
1899,0.02346700057387352,0.0006191125139594078
1900,-0.0013330000219866633,0.0006192281725816429
1901,0.0685340017080307,0.000619450060185045
1902,0.003467000089585781,0.0006198188057169318
1903,0.03866700083017349,0.0006202048389241099
1904,-0.006399999838322401,0.0006208240520209074
1905,0.07866799831390381,0.0006213843589648604
1906,0.008533000014722347,0.0006215621251612902
1907,0.05360100045800209,0.0006218748167157173
1908,0.01360000018030405,0.0006220911163836718
1909,0.07360100001096725,0.0006223097443580627
1910,0.02346700057387352,0.0006225408869795501
1911,0.03359999880194664,0.0006226379191502929
1912,-0.0013330000219866633,0.0006228838465176523
1913,0.04853399842977524,0.0006229846039786935
1914,-0.0013330000219866633,0.000623375060968101
1915,0.05360100045800209,0.0006238508503884077
1916,-0.016534000635147095,0.0006244263495318592
1917,0.008533000014722347,0.0006250888109207153
1918,-0.011466999538242817,0.0006256210617721081
1919,0.03866700083017349,0.0006263935938477516
1920,-0.02160000056028366,0.0006272640312090516
1921,0.028534000739455223,0.0006282282411120832
1922,-0.0013330000219866633,0.0006291406461969018
1923,0.02346700057387352,0.0006302425172179937
1924,-0.0013330000219866633,0.0006312824552878737
1925,0.03359999880194664,0.0006322698900476098
1926,-0.006399999838322401,0.000633440853562206
1927,0.03866700083017349,0.0006344040739350021
1928,-0.011466999538242817,0.0006356797530315816
1929,0.028534000739455223,0.0006368899485096335
1930,-0.011466999538242817,0.0006381040439009666
1931,0.02346700057387352,0.0006394033553078771
1932,0.03866700083017349,0.000640680780634284
1933,0.01360000018030405,0.000641780614387244
1934,-0.011466999538242817,0.0006425848696380854
1935,0.06373400241136551,0.0006433275411836803
1936,0.003467000089585781,0.0006440246943384409
1937,0.043733999133110046,0.000644866784568876
1938,-0.0013330000219866633,0.00064568076049909
1939,0.06373400241136551,0.0006466610357165337
1940,0.01360000018030405,0.0006477389251813293
1941,0.04853399842977524,0.0006487097125500441
1942,-0.0013330000219866633,0.0006498389411717653
1943,0.043733999133110046,0.0006507560610771179
1944,0.01866699941456318,0.0006514189881272614
1945,0.03866700083017349,0.0006520467577502131
1946,0.008533000014722347,0.0006527140503749251
1947,0.07360100001096725,0.0006534602725878358
1948,0.01360000018030405,0.0006543013732880354
1949,0.06373400241136551,0.0006548829842358828
1950,-0.026399999856948853,0.0006558374734595418
1951,0.028534000739455223,0.0006566995871253312
1952,0.01360000018030405,0.0006577233434654772
1953,0.028534000739455223,0.0006589096738025546
1954,-0.0013330000219866633,0.0006601985078305006
1955,0.04853399842977524,0.000661567144561559
1956,-0.02160000056028366,0.0006630292627960443
1957,0.01360000018030405,0.0006644607055932283
1958,-0.02160000056028366,0.0006658310303464532
1959,0.03866700083017349,0.0006671566516160965
1960,0.003467000089585781,0.000668445136398077
1961,-0.0013330000219866633,0.0006697218050248921
1962,-0.006399999838322401,0.0006710248999297619
1963,0.06373400241136551,0.0006720433593727648
1964,0.01360000018030405,0.0006731929024681449
1965,0.02346700057387352,0.000673965085297823
1966,-0.0013330000219866633,0.0006746147992089391
1967,0.05866700038313866,0.0006755167851224542
1968,-0.0013330000219866633,0.0006764188874512911
1969,0.043733999133110046,0.0006771194748580456
1970,-0.011466999538242817,0.0006779183750040829
1971,0.0685340017080307,0.0006784662837162614
1972,0.01360000018030405,0.0006791048217564821
1973,0.06373400241136551,0.000679625547491014
1974,0.003467000089585781,0.0006802488351240754
1975,0.03866700083017349,0.00068087805993855
1976,0.008533000014722347,0.0006815987289883196
1977,0.043733999133110046,0.0006821202114224434
1978,0.008533000014722347,0.0006828060140833259
1979,0.06373400241136551,0.0006835324456915259
1980,-0.0013330000219866633,0.0006844109739176929
1981,0.01360000018030405,0.0006851099315099418
1982,0.003467000089585781,0.0006857200060039759
1983,0.07360100001096725,0.00068607775028795
1984,0.003467000089585781,0.0006864988245069981
1985,0.04853399842977524,0.0006869098288007081
1986,0.01360000018030405,0.0006875256076455116
1987,0.04853399842977524,0.0006879618158563972
1988,-0.0013330000219866633,0.0006886101327836514
1989,0.06373400241136551,0.0006892445962876081
1990,0.008533000014722347,0.0006897696875967085
1991,0.03359999880194664,0.0006902425084263086
1992,0.05866700038313866,0.0006908498471602798
1993,0.06373400241136551,0.0006914802361279726
1994,0.008533000014722347,0.0006919853622093797
1995,0.028534000739455223,0.0006924975896254182
1996,0.028534000739455223,0.0006930935196578503
1997,0.05360100045800209,0.0006935689016245306
1998,0.003467000089585781,0.000694106740411371
1999,0.07360100001096725,0.0006945572094991803
2000,0.02346700057387352,0.0006953623378649354
2001,0.05866700038313866,0.0006959862075746059
2002,-0.0013330000219866633,0.0006966775981709361
2003,0.043733999133110046,0.0006973587442189455
2004,0.02346700057387352,0.0006979904137551785
2005,0.05360100045800209,0.0006984922802075744
2006,0.02346700057387352,0.0006991365808062255
2007,0.028534000739455223,0.0006998037570156157
2008,-0.006399999838322401,0.0007005890365689993
2009,0.04853399842977524,0.0007013746653683484
2010,0.02346700057387352,0.0007022882928140461
2011,0.06373400241136551,0.0007029783446341753
2012,-0.0013330000219866633,0.0007039117044769228
2013,0.05360100045800209,0.0007048869738355279
2014,0.028534000739455223,0.0007057310431264341
2015,0.05360100045800209,0.0007064141682349145
2016,0.028534000739455223,0.00070711609441787
2017,0.05360100045800209,0.0007078319904394448
2018,0.02346700057387352,0.0007084904937073588
2019,0.03866700083017349,0.0007089584833011031
2020,0.028534000739455223,0.0007095428300090134
2021,0.03359999880194664,0.0007097863708622754
2022,-0.011466999538242817,0.000709926534909755
2023,0.04853399842977524,0.0007102215895429254
2024,0.01360000018030405,0.0007105328841134906
2025,0.07866799831390381,0.0007105365511961281
2026,-0.02160000056028366,0.0007106882985681295
2027,0.043733999133110046,0.0007107341662049294
2028,0.03866700083017349,0.0007109228172339499
2029,0.043733999133110046,0.0007108457502909005
2030,-0.0013330000219866633,0.0007108565187081695
2031,0.043733999133110046,0.0007108693243935704
2032,0.01360000018030405,0.0007108356803655624
2033,0.01866699941456318,0.000710734399035573
2034,0.01360000018030405,0.00071068259421736
2035,0.04853399842977524,0.0007105693803168833
2036,0.003467000089585781,0.0007105827098712325
2037,0.03866700083017349,0.0007103736279532313
2038,0.01360000018030405,0.0007102387025952339
2039,0.04853399842977524,0.000710069783963263
2040,0.01866699941456318,0.000709810177795589
2041,0.03359999880194664,0.0007535166805610061
2042,-0.0013330000219866633,0.0008388037094846368
2043,0.04853399842977524,0.0008797720074653625
2044,0.01360000018030405,0.0009063974721357226
2045,0.03359999880194664,0.0009234971948899329
2046,0.01360000018030405,0.0009342726552858949
2047,0.05360100045800209,0.0009431887301616371
2048,0.01360000018030405,0.000953872106038034
2049,0.03866700083017349,0.000961722747888416
2050,0.01866699941456318,0.0009699079673737288
2051,0.04853399842977524,0.000977576826699078
2052,-0.006399999838322401,0.000984214711934328
2053,0.043733999133110046,0.0009914448019117117
2054,0.003467000089585781,0.0009967375081032515
2055,0.06373400241136551,0.0010028324322775006
2056,-0.0013330000219866633,0.0010065410751849413
2057,0.04853399842977524,0.0010096762562170625
2058,0.02346700057387352,0.001011142274364829
2059,0.04853399842977524,0.0010123299434781075
2060,-0.0013330000219866633,0.0010130803566426039
2061,0.03866700083017349,0.0010138556826859713
2062,0.028534000739455223,0.0010150540620088577
2063,0.028534000739455223,0.0010157523211091757
2064,-0.011466999538242817,0.0010177423246204853
2065,0.01866699941456318,0.001019310555420816
2066,-0.006399999838322401,0.001022318727336824
2067,0.05360100045800209,0.0010250696213915944
2068,-0.006399999838322401,0.0010284268064424396
2069,0.03866700083017349,0.0010313369566574693
2070,0.008533000014722347,0.0010334417456761003
2071,0.05360100045800209,0.0010361425811424851
2072,-0.011466999538242817,0.0010370765812695026
2073,0.03866700083017349,0.0010380407329648733
2074,0.01360000018030405,0.001038429094478488
2075,0.05360100045800209,0.0010386869544163346
2076,-0.006399999838322401,0.0010390104725956917
2077,0.028534000739455223,0.001039803377352655
2078,-0.0013330000219866633,0.0010402908083051443
2079,0.04853399842977524,0.0010409776587039232
2080,-0.006399999838322401,0.0010412989649921656
2081,0.043733999133110046,0.00104106729850173
2082,0.01866699941456318,0.001040442381054163
2083,0.04853399842977524,0.0010405981447547674
2084,0.003467000089585781,0.0010406917426735163
2085,0.05360100045800209,0.001039772992953658
2086,0.003467000089585781,0.0010389015078544617
2087,0.06373400241136551,0.0010376933496445417
2088,-0.011466999538242817,0.0010363791370764375
2089,0.06373400241136551,0.0010345916962251067
2090,0.008533000014722347,0.0010327324271202087
2091,0.04853399842977524,0.0010308276396244764
2092,-0.0013330000219866633,0.0010289523052051663
2093,0.04853399842977524,0.0010273184161633253
2094,0.003467000089585781,0.00102605065330863
2095,0.043733999133110046,0.0010250592604279518
2096,-0.02160000056028366,0.0010240802075713873
2097,0.06373400241136551,0.0010228522587567568
2098,0.003467000089585781,0.0010217278031632304
2099,0.04853399842977524,0.001020282506942749
2100,0.003467000089585781,0.0010188724845647812
2101,0.04853399842977524,0.0010174410417675972
2102,0.028534000739455223,0.0010157261276617646
2103,0.08880099654197693,0.001014235895127058
2104,-0.006399999838322401,0.0010126912966370583
2105,0.05360100045800209,0.0010116412304341793
2106,-0.011466999538242817,0.0010106328409165144
2107,0.04853399842977524,0.0010104647371917963
2108,0.003467000089585781,0.0010109030408784747
2109,0.043733999133110046,0.0010120552033185959
2110,0.008533000014722347,0.001014206325635314
2111,0.06373400241136551,0.001016615191474557
2112,-0.031466998159885406,0.0010188550222665071
2113,0.01360000018030405,0.0010206217411905527
2114,-0.006399999838322401,0.0010221166303381324
2115,0.043733999133110046,0.0010235386434942484
2116,-0.02160000056028366,0.0010250646155327559
2117,0.03866700083017349,0.0010272542713209987
2118,-0.02160000056028366,0.0010305242612957954
2119,0.05360100045800209,0.0010333781829103827
2120,0.04853399842977524,0.0010363564360886812
2121,0.04853399842977524,0.0010407319059595466
2122,-0.0013330000219866633,0.0010467442916706204
2123,0.02346700057387352,0.0010549618164077401
2124,-0.0013330000219866633,0.001063612406142056
2125,0.01360000018030405,0.0010709271300584078
2126,0.003467000089585781,0.0010774717666208744
2127,0.028534000739455223,0.0010838820599019527
2128,-0.016534000635147095,0.001090841251425445
2129,0.043733999133110046,0.001097154919989407
2130,0.028534000739455223,0.0011025785934180021
2131,0.03866700083017349,0.0011079462710767984
2132,0.003467000089585781,0.0011132347863167524
2133,0.03359999880194664,0.001117725856602192
2134,0.01360000018030405,0.0011219913139939308
2135,0.10373499989509583,0.001126602990552783
2136,-0.031466998159885406,0.0011307266540825367
2137,0.05866700038313866,0.001133752753958106
2138,0.003467000089585781,0.0011363113299012184
2139,0.02346700057387352,0.0011389505816623569
2140,0.003467000089585781,0.0011423255782574415
2141,0.043733999133110046,0.0011456571519374847
2142,0.008533000014722347,0.0011492008343338966
2143,0.03866700083017349,0.0011527481256052852
2144,0.028534000739455223,0.0011559438426047564
2145,0.043733999133110046,0.0011590502690523863
2146,0.02346700057387352,0.0011623443569988012
2147,0.028534000739455223,0.0011663602199405432
2148,-0.026399999856948853,0.001170917646959424
2149,0.03866700083017349,0.0011755265295505524
2150,-0.011466999538242817,0.001178783131763339
2151,0.05360100045800209,0.0011816862970590591
2152,-0.006399999838322401,0.0011857639765366912
2153,0.06373400241136551,0.001191568560898304
2154,0.01360000018030405,0.0011999023845419288
2155,0.04853399842977524,0.0012111366959288716
2156,0.028534000739455223,0.0012261170195415616
2157,0.043733999133110046,0.001243723090738058
2158,-0.02160000056028366,0.0012640886707231402
2159,-0.0013330000219866633,0.0012881604488939047
2160,-0.0013330000219866633,0.0013161359820514917
2161,0.03359999880194664,0.001349237747490406
2162,-0.016534000635147095,0.0013883777428418398
2163,0.05866700038313866,0.0014340400230139494
2164,0.003467000089585781,0.0014870432205498219
2165,0.04853399842977524,0.0015486213378608227
2166,0.028534000739455223,0.0016182831022888422
2167,0.05360100045800209,0.0016963111702352762
2168,0.01360000018030405,0.0017816643230617046
2169,0.03866700083017349,0.0018703981768339872
2170,-0.0013330000219866633,0.0019611273892223835
2171,-0.011466999538242817,0.0020543646533042192
2172,0.01360000018030405,0.002150211948901415
2173,0.06373400241136551,0.0022491791751235723
2174,-0.0013330000219866633,0.002346130320802331
2175,0.05866700038313866,0.0024376704823225737
2176,0.028534000739455223,0.002524205483496189
2177,0.02346700057387352,0.0026065718848258257
2178,0.03866700083017349,0.002685858868062496
2179,0.04853399842977524,0.0027626000810414553
2180,0.003467000089585781,0.0028373566456139088
2181,0.028534000739455223,0.0029106573201715946
2182,-0.0013330000219866633,0.0029824913945049047
2183,0.05360100045800209,0.0030522421002388
2184,-0.011466999538242817,0.003117479383945465
2185,0.01866699941456318,0.0031791608780622482
2186,-0.0013330000219866633,0.0032378528267145157
2187,0.03359999880194664,0.003294299589470029
2188,-0.006399999838322401,0.0033479121048003435
2189,0.04853399842977524,0.003398595843464136
2190,0.01360000018030405,0.0034468797966837883
2191,0.06373400241136551,0.0034932035487145185
2192,0.008533000014722347,0.003537657205015421
2193,0.07866799831390381,0.003580691758543253
2194,0.01360000018030405,0.0036227123346179724
2195,0.03866700083017349,0.00366384768858552
2196,-0.03653400018811226,0.0037025369238108397
2197,0.043733999133110046,0.0037392929662019014
2198,0.003467000089585781,0.0037740524858236313
2199,0.028534000739455223,0.0038071516901254654
2200,-0.0013330000219866633,0.003838782198727131
2201,0.03866700083017349,0.0038690378423780203
2202,-0.011466999538242817,0.0038979053497314453
2203,0.03866700083017349,0.0039256904274225235
2204,-0.0013330000219866633,0.003952041268348694
2205,0.01866699941456318,0.003977772314101458
2206,0.008533000014722347,0.004002419766038656
2207,0.02346700057387352,0.004026459995657206
2208,0.02346700057387352,0.004049879033118486
2209,0.03866700083017349,0.004072688054293394
2210,0.003467000089585781,0.004094940144568682
2211,0.028534000739455223,0.004116716794669628
2212,0.01360000018030405,0.004137982148677111
2213,0.05360100045800209,0.004158880561590195
2214,0.008533000014722347,0.004179676529020071
2215,0.05360100045800209,0.004200383089482784
2216,-0.011466999538242817,0.004220142960548401
2217,0.04853399842977524,0.004238711204379797
2218,0.003467000089585781,0.0042561679147183895
2219,0.03359999880194664,0.004272793885320425
2220,0.008533000014722347,0.0042883409187197685
2221,0.05360100045800209,0.004303327761590481
2222,0.003467000089585781,0.0043176766484975815
2223,0.05360100045800209,0.004331355914473534
2224,-0.016534000635147095,0.004344465211033821
2225,0.03866700083017349,0.004357406869530678
2226,0.003467000089585781,0.004370029084384441
2227,0.06373400241136551,0.0043827323243021965
2228,0.003467000089585781,0.004395278636366129
2229,0.06373400241136551,0.004408063367009163
2230,0.01360000018030405,0.00442107766866684
2231,0.01360000018030405,0.00443454273045063
2232,-0.026399999856948853,0.004448518622666597
2233,0.04853399842977524,0.004463413264602423
2234,-0.0013330000219866633,0.004479103721678257
2235,0.01866699941456318,0.004495645873248577
2236,0.008533000014722347,0.004513154737651348
2237,0.04853399842977524,0.0045318640768527985
2238,0.008533000014722347,0.004551364108920097
2239,0.03866700083017349,0.004571036901324987
2240,0.003467000089585781,0.004590925760567188
2241,0.06373400241136551,0.004610711708664894
2242,0.008533000014722347,0.004629936069250107
2243,0.028534000739455223,0.004648948088288307
2244,0.04853399842977524,0.004667633678764105
2245,0.05360100045800209,0.004686359316110611
2246,-0.026399999856948853,0.004705261439085007
2247,0.028534000739455223,0.004724367056041956
2248,0.003467000089585781,0.004743736702948809
2249,0.03866700083017349,0.004762761294841766
2250,-0.016534000635147095,0.004781155381351709
2251,0.028534000739455223,0.00479905866086483
2252,0.01360000018030405,0.004816480912268162
2253,0.03866700083017349,0.0048331692814826965
2254,0.01360000018030405,0.004849000833928585
2255,0.01360000018030405,0.004864218179136515
2256,0.01866699941456318,0.004878666251897812
2257,0.05360100045800209,0.004892815835773945
2258,-0.016534000635147095,0.00490630604326725
2259,0.02346700057387352,0.004918836057186127
2260,-0.03653400018811226,0.004930553957819939
2261,0.03866700083017349,0.004941717721521854
2262,0.03866700083017349,0.004952273331582546
2263,0.02346700057387352,0.004962092265486717
2264,0.01360000018030405,0.004971015267074108
2265,0.03866700083017349,0.004979062359780073
2266,-0.0013330000219866633,0.00498626846820116
2267,0.008533000014722347,0.0049929870292544365
2268,-0.0013330000219866633,0.004998813383281231
2269,0.05360100045800209,0.005003817845135927
2270,-0.0013330000219866633,0.005008208565413952
2271,0.05866700038313866,0.005012216977775097
2272,-0.011466999538242817,0.005015919916331768
2273,0.03866700083017349,0.005019491538405418
2274,-0.006399999838322401,0.005022647324949503
2275,0.05360100045800209,0.005025380291044712
2276,-0.0013330000219866633,0.005027574487030506
2277,0.0685340017080307,0.005029652267694473
2278,-0.011466999538242817,0.005031590349972248
2279,0.043733999133110046,0.005033249966800213
2280,-0.0013330000219866633,0.005034658592194319
2281,0.03359999880194664,0.005036129150539637
2282,0.01360000018030405,0.005037253722548485
2283,0.01866699941456318,0.005038241855800152
2284,0.003467000089585781,0.0050388821400702
2285,0.03866700083017349,0.0050394898280501366
2286,0.003467000089585781,0.005040036514401436
2287,0.01866699941456318,0.005040680058300495
2288,0.003467000089585781,0.0050413282588124275
2289,0.03866700083017349,0.00504221161827445
2290,-0.02160000056028366,0.005043112672865391
2291,0.02346700057387352,0.0050439536571502686
2292,0.003467000089585781,0.005044553894549608
2293,0.05360100045800209,0.005045284517109394
2294,-0.02160000056028366,0.005045970901846886
2295,0.10373499989509583,0.005046536680310965
2296,0.46427199244499207,0.00504717044532299
2297,1.0602799654006958,0.005003784783184528
2298,1.3258830308914185,0.004918640945106745
2299,1.5912200212478638,0.004877937026321888
2300,1.7514890432357788,0.004851633682847023
2301,1.856557011604309,0.004834943450987339
2302,1.9016239643096924,0.004824679344892502
2303,2.0218920707702637,0.004816268105059862
2304,2.0570919513702393,0.004805923905223608
2305,2.142159938812256,0.004798245150595903
2306,2.1120259761810303,0.004790018312633038
2307,2.197093963623047,0.004782076925039291
2308,2.192293882369995,0.004775166045874357
2309,2.237360954284668,0.004767825827002525
2310,2.2272279262542725,0.004762331489473581
2311,2.2522950172424316,0.00475585600361228
2312,2.237360954284668,0.0047515141777694225
2313,2.302428960800171,0.004747980274260044
2314,2.2722949981689453,0.004745842888951302
2315,2.357362985610962,0.004743959754705429
2316,2.277362108230591,0.004742666147649288
2317,2.3674960136413574,0.004741633776575327
2318,2.3224289417266846,0.004740183241665363
2319,2.382430076599121,0.004738898482173681
2320,2.35256290435791,0.004736465401947498
2321,2.4125630855560303,0.004734662361443043
2322,2.427496910095215,0.004731584340333939
2323,2.4725639820098877,0.004728671628981829
2324,2.497631072998047,0.004725285805761814
2325,2.5277650356292725,0.004722710698843002
2326,2.5277650356292725,0.004721306264400482
2327,2.5528318881988525,0.004719003569334745
2328,2.5426979064941406,0.004718393087387085
2329,2.5778989791870117,0.004718387499451637
2330,2.557898998260498,0.0047187525779008865
2331,2.5728321075439453,0.004719547461718321
2332,2.5728321075439453,0.004720338620245457
2333,2.562964916229248,0.004720279946923256
2334,2.522697925567627,0.004720447119325399
2335,2.58776593208313,0.004720287397503853
2336,2.5277650356292725,0.004720352590084076
2337,2.5778989791870117,0.004721102304756641
2338,2.547765016555786,0.004722278565168381
2339,2.58776593208313,0.00472272839397192
2340,2.532831907272339,0.004723576828837395
2341,2.592832088470459,0.004725653678178787
2342,2.5277650356292725,0.004727897234261036
2343,2.5728321075439453,0.004730417393147945
2344,2.532831907272339,0.0047327931970357895
2345,2.602966070175171,0.004735661670565605
2346,2.522697925567627,0.004738728050142527
2347,2.5728321075439453,0.004742304794490337
2348,2.5426979064941406,0.004745494574308395
2349,2.5277650356292725,0.004748474806547165
2350,2.537898063659668,0.004751008935272694
2351,2.5677649974823,0.004753105342388153
2352,2.507765054702759,0.004755071364343166
2353,2.5026979446411133,0.00475744204595685
2354,2.5026979446411133,0.004759510979056358
2355,2.5528318881988525,0.004762267228215933
2356,2.507765054702759,0.004764955025166273
2357,2.537898063659668,0.004767842125147581
2358,2.532831907272339,0.0047706677578389645
2359,2.5277650356292725,0.004773092921823263
2360,2.5026979446411133,0.004775863606482744
2361,2.547765016555786,0.0047780591994524
2362,2.507765054702759,0.004779909271746874
2363,2.557898998260498,0.004780549556016922
2364,2.507765054702759,0.0047806319780647755
2365,2.5277650356292725,0.004780464805662632
2366,2.507765054702759,0.0047792475670576096
2367,2.537898063659668,0.004778359550982714
2368,2.5277650356292725,0.004777790047228336
2369,2.5176310539245605,0.004777975380420685
2370,2.5176310539245605,0.004778998903930187
2371,2.547765016555786,0.004780772142112255
2372,2.5026979446411133,0.004782809875905514
2373,2.537898063659668,0.0047850157134234905
2374,2.522697925567627,0.004787116311490536
2375,2.562964916229248,0.004789610859006643
2376,2.512830972671509,0.004792085848748684
2377,2.562964916229248,0.0047942656092345715
2378,2.497631072998047,0.004795009270310402
2379,2.5778989791870117,0.0047936150804162025
2380,2.492830991744995,0.004792221821844578
2381,2.5528318881988525,0.004793110303580761
2382,2.532831907272339,0.0047960178926587105
2383,2.537898063659668,0.004799222573637962
2384,2.5026979446411133,0.004802535753697157
2385,2.537898063659668,0.004807049408555031
2386,2.5026979446411133,0.004812699742615223
2387,2.5528318881988525,0.004819320514798164
2388,2.5026979446411133,0.004826205782592297
2389,2.5528318881988525,0.00483427569270134
2390,2.477631092071533,0.004843640606850386
2391,2.5176310539245605,0.004851823672652245
2392,2.4626970291137695,0.004860286600887775
2393,2.5176310539245605,0.004869564902037382
2394,2.4826979637145996,0.0048797233030200005
2395,2.5277650356292725,0.004890218377113342
2396,2.497631072998047,0.004899718798696995
2397,2.537898063659668,0.004910062998533249
2398,2.4626970291137695,0.004921490326523781
2399,2.537898063659668,0.004931915085762739
2400,2.4725639820098877,0.004941682331264019
2401,2.522697925567627,0.004950039088726044
2402,2.4626970291137695,0.004957729484885931
2403,2.1821610927581787,0.0049645062536001205
2404,0.8298770189285278,0.004970727488398552
2405,-0.0013330000219866633,0.004976802971214056
2406,-0.527472972869873,0.0049829729832708836
2407,-0.9229450225830078,0.004987956024706364
2408,-1.2234820127487183,0.00499027268961072
2409,-1.3186830282211304,0.004989471286535263
2410,-1.5138859748840332,0.004985061474144459
2411,-1.66935396194458,0.004977067932486534
2412,-1.7944220304489136,0.004964577965438366
2413,-1.7594890594482422,0.004948965273797512
2414,-1.874690055847168,0.004929967224597931
2415,-1.874690055847168,0.004906906746327877
2416,-1.999758005142212,0.00487933773547411
2417,-1.9648250341415405,0.004846443422138691
2418,-2.034959077835083,0.0048074969090521336
2419,-2.044826030731201,0.004761755000799894
2420,-2.1000258922576904,0.004708627704530954
2421,-2.0698928833007812,0.0046469345688819885
2422,-2.1400270462036133,0.0045768446289002895
2423,-2.1349599361419678,0.00449843006208539
2424,-2.2152280807495117,0.004412487149238586
2425,-2.1800270080566406,0.004323136992752552
2426,-2.265362024307251,0.004231456201523542
2427,-2.2602949142456055,0.004137322306632996
2428,-2.345362901687622,0.004040372557938099
2429,-2.3704299926757812,0.0039402879774570465
2430,-2.4805641174316406,0.003842664184048772
2431,-2.525631904602051,0.0037513081915676594
2432,-2.575766086578369,0.0036667045205831528
2433,-2.5706989765167236,0.00358679611235857
2434,-2.645900011062622,0.003511718474328518
2435,-2.6157660484313965,0.0034398999996483326
2436,-2.7011001110076904,0.003370114369317889
2437,-2.690967082977295,0.003302936442196369
2438,-2.6960339546203613,0.0032381226774305105
2439,-2.6760330200195312,0.0031742567662149668
2440,-2.7109670639038086,0.0031137787736952305
2441,-2.690967082977295,0.003056756453588605
2442,-2.725900888442993,0.0030032512731850147
2443,-2.63576602935791,0.0029527542646974325
2444,-2.6760330200195312,0.0029051783494651318
2445,-2.690967082977295,0.002860642969608307
2446,-2.6808340549468994,0.0028188955038785934
2447,-2.6157660484313965,0.002779426984488964
2448,-2.6960339546203613,0.0027420141268521547
2449,-2.6309659481048584,0.002705835271626711
2450,-2.6760330200195312,0.002670066198334098
2451,-2.645900011062622,0.0026350566186010838
2452,-2.6709671020507812,0.002602888736873865
2453,-2.620832920074463,0.0025731874629855156
2454,-2.650965929031372,0.0025451944675296545
2455,-2.6058990955352783,0.002517980756238103
2456,-2.6709671020507812,0.0024919137358665466
2457,-2.6058990955352783,0.0024672222789376974
2458,-2.6560330390930176,0.0024433901999145746
2459,-2.6157660484313965,0.002419479889795184
2460,-2.650965929031372,0.0023958669044077396
2461,-2.595766067504883,0.002372703282162547
2462,-2.63576602935791,0.0023501175455749035
2463,-2.6058990955352783,0.0023282391484826803
2464,-2.625899076461792,0.002306973794475198
2465,-2.5656321048736572,0.0022859463933855295
2466,-2.6309659481048584,0.0022650405298918486
2467,-2.595766067504883,0.0022445088252425194
2468,-2.6309659481048584,0.002224390162155032
2469,-2.5906989574432373,0.0022047467064112425
2470,-2.6408329010009766,0.002185244346037507
2471,-2.575766086578369,0.0021658027544617653
2472,-2.6157660484313965,0.0021472314838320017
2473,-2.600832939147949,0.0021298991050571203
2474,-2.6157660484313965,0.002113735768944025
2475,-2.5608320236206055,0.0020986313465982676
2476,-2.6309659481048584,0.0020844810642302036
2477,-2.5858991146087646,0.0020712269470095634
2478,-2.6157660484313965,0.002058724407106638
2479,-2.575766086578369,0.0020469154696911573
2480,-2.625899076461792,0.002035659970715642
2481,-2.55576491355896,0.002024897839874029
2482,-2.575766086578369,0.0020144437439739704
2483,-2.55576491355896,0.002004248322919011
2484,-2.575766086578369,0.001994080375880003
2485,-2.5656321048736572,0.001983868656679988
2486,-2.5706989765167236,0.0019733947701752186
2487,-2.5205650329589844,0.0019625674467533827
2488,-2.5906989574432373,0.00195118912961334
2489,-2.55576491355896,0.001939186011441052
2490,-2.5906989574432373,0.0019263075664639473
2491,-2.580832004547119,0.0019125021062791348
2492,-2.595766067504883,0.001897797454148531
2493,-2.540832042694092,0.0018822381971403956
2494,-2.625899076461792,0.0018660908099263906
2495,-2.5706989765167236,0.0018511496018618345
2496,-2.625899076461792,0.0018377203959971666
2497,-2.55576491355896,0.0018248510314151645
2498,-2.5906989574432373,0.0018125891219824553
2499,-2.580832004547119,0.0017998283728957176
2500,-2.6109659671783447,0.0017860217485576868
2501,-2.540832042694092,0.0017717559821903706
2502,-2.6157660484313965,0.0017568855546414852
2503,-2.575766086578369,0.001741610700264573
2504,-2.6058990955352783,0.0017260690219700336
2505,-2.5656321048736572,0.0017111306078732014
2506,-2.6058990955352783,0.0016969379503279924
2507,-2.55069899559021,0.001682197442278266
2508,-2.6157660484313965,0.0016668951138854027
2509,-2.5456318855285645,0.0016518736956641078
2510,-2.5906989574432373,0.001637366134673357
2511,-2.575766086578369,0.0016236554365605116
2512,-2.5906989574432373,0.0016105531249195337
2513,-2.5456318855285645,0.001597976079210639
2514,-2.6058990955352783,0.0015863414155319333
2515,-2.5456318855285645,0.0015762847615405917
2516,-2.5608320236206055,0.0015670380089432001
2517,-2.580832004547119,0.0015580760082229972
2518,-2.55576491355896,0.0015494154067710042
2519,-2.525631904602051,0.0015415671514347196
2520,-2.580832004547119,0.001534962677396834
2521,-2.540832042694092,0.0015297728823497891
2522,-2.580832004547119,0.0015256651677191257
2523,-2.5157649517059326,0.0015219715423882008
2524,-2.595766067504883,0.0015190655831247568
2525,-2.53069806098938,0.0015168574173003435
2526,-2.5906989574432373,0.0015153302811086178
2527,-2.5056309700012207,0.0015139109455049038
2528,-2.2050940990448,0.0015123705379664898
2529,-0.8480110168457031,0.0015109911328181624
2530,-0.04160099849104881,0.0015099755255505443
2531,0.4794729948043823,0.0015093778492882848
2532,0.9050779938697815,0.0015091788955032825
2533,1.2456159591674805,0.0015092894900590181
2534,1.2656160593032837,0.001509560621343553
2535,1.541085958480835,0.001510114874690771
2536,1.6664210557937622,0.0015111700631678104
2537,1.7565549612045288,0.0015129589010030031
2538,1.6914880275726318,0.0015154804568737745
2539,1.7864220142364502,0.0015187637181952596
2540,1.846690058708191,0.0015219489578157663
2541,1.8765569925308228,0.0015245694667100906
2542,1.9016239643096924,0.001526835490949452
2543,1.9818910360336304,0.0015285327099263668
2544,1.9768249988555908,0.0015298984944820404
2545,2.016824960708618,0.0015312401810660958
2546,2.02695894241333,0.0015329509042203426
2547,2.0520260334014893,0.0015355239156633615
2548,2.032025098800659,0.0015385253354907036
2549,2.1069600582122803,0.0015414259396493435
2550,2.0770928859710693,0.0015439093112945557
2551,2.142159938812256,0.0015464150346815586
2552,2.167227029800415,0.0015491561498492956
2553,2.2874948978424072,0.0015525646740570664
2554,2.317362070083618,0.0015569592360407114
2555,2.4626970291137695,0.0015615143347531557
2556,2.452564001083374,0.0015664850361645222
2557,2.5277650356292725,0.0015717586502432823
2558,2.5426979064941406,0.0015773933846503496
2559,2.3925631046295166,0.0015831886557862163
2560,1.1856149435043335,0.0015889483038336039
2561,0.19893600046634674,0.0015954828122630715
2562,-0.31707099080085754,0.0016027011442929506
2563,-0.7277420163154602,0.0016101521905511618
2564,-1.1282809972763062,0.0016173081239685416
2565,-1.1634809970855713,0.0016241571865975857
2566,-1.3786840438842773,0.0016307252226397395
2567,-1.5840200185775757,0.001637164386920631
2568,-1.7442879676818848,0.0016433054115623236
2569,-1.6642869710922241,0.001648940029554069
2570,-1.7845560312271118,0.0016544472891837358
2571,-1.8096230030059814,0.0016597664216533303
2572,-1.9045569896697998,0.0016646748408675194
2573,-1.9096239805221558,0.0016691418131813407
2574,-1.9898920059204102,0.0016734825912863016
2575,-1.9898920059204102,0.0016778241842985153
2576,-2.049891948699951,0.0016819629818201065
2577,-2.019758939743042,0.0016856472939252853
2578,-2.0698928833007812,0.0016890724655240774
2579,-2.0949599742889404,0.0016926680691540241
2580,-2.1701600551605225,0.00169614318292588
2581,-2.130160093307495,0.0016991046722978354
2582,-2.2050940990448,0.0017014292534440756
2583,-2.210160970687866,0.0017038049409165978
2584,-2.325361967086792,0.0017059528036043048
2585,-2.350429058074951,0.0017076958902180195
2586,-2.4506969451904297,0.0017094127833843231
2587,-2.4906980991363525,0.0017108914908021688
2588,-2.5608320236206055,0.0017122800927609205
2589,-2.55576491355896,0.001713934470899403
2590,-2.6157660484313965,0.0017155574169009924
2591,-2.600832939147949,0.001717321458272636
2592,-2.6808340549468994,0.0017191583756357431
2593,-2.6658999919891357,0.0017208714270964265
2594,-2.7011001110076904,0.001722496934235096
2595,-2.6658999919891357,0.001724168425425887
2596,-2.7011001110076904,0.0017255471320822835
2597,-2.6408329010009766,0.001726524904370308
2598,-2.6808340549468994,0.0017273020930588245
2599,-2.6408329010009766,0.0017282187473028898
2600,-2.6658999919891357,0.0017292092088609934
2601,-2.620832920074463,0.0017300808103755116
2602,-2.650965929031372,0.0017306412337347865
2603,-2.6309659481048584,0.0017310098046436906
2604,-2.63576602935791,0.0017315768636763096
2605,-2.5858991146087646,0.0017323370557278395
2606,-2.6408329010009766,0.0017331638373434544
2607,-2.595766067504883,0.001734388992190361
2608,-2.6157660484313965,0.0017356043681502342
2609,-2.5456318855285645,0.0017365807434543967
2610,-2.600832939147949,0.0017376362811774015
2611,-2.5656321048736572,0.001738435123115778
2612,-2.600832939147949,0.0017390432767570019
2613,-2.55576491355896,0.0017396230250597
2614,-2.580832004547119,0.0017401953227818012
2615,-2.5456318855285645,0.0017409436404705048
2616,-2.6058990955352783,0.0017413763562217355
2617,-2.580832004547119,0.0017418088391423225
2618,-2.625899076461792,0.0017423720564693213
2619,-2.595766067504883,0.0017433890607208014
2620,-2.6058990955352783,0.0017444308614358306
2621,-2.5858991146087646,0.0017453369218856096
2622,-2.6058990955352783,0.0017462533432990313
2623,-2.5906989574432373,0.0017467173747718334
2624,-2.595766067504883,0.0017468504374846816
2625,-2.5656321048736572,0.0017464123666286469
2626,-2.6058990955352783,0.0017452547326683998
2627,-2.5706989765167236,0.0017438867362216115
2628,-2.5858991146087646,0.001742156338877976
2629,-2.5656321048736572,0.0017394771566614509
2630,-2.5656321048736572,0.0017355792224407196
2631,-2.5357649326324463,0.001731879892759025
2632,-2.575766086578369,0.0017279456369578838
2633,-2.5456318855285645,0.0017232978716492653
2634,-2.580832004547119,0.0017182417213916779
2635,-2.540832042694092,0.0017129676416516304
2636,-2.580832004547119,0.0017072490882128477
2637,-2.5656321048736572,0.0017006286652758718
2638,-2.600832939147949,0.00169285386800766
2639,-2.5205650329589844,0.0016849840758368373
2640,-2.6058990955352783,0.001676484476774931
2641,-2.55069899559021,0.0016671207267791033
2642,-2.575766086578369,0.0016573503380641341
2643,-2.5456318855285645,0.0016468584071844816
2644,-2.595766067504883,0.0016363267786800861
2645,-2.5706989765167236,0.0016253647627308965
2646,-2.575766086578369,0.001613300759345293
2647,-2.540832042694092,0.0016021563205868006
2648,-2.6157660484313965,0.0015914812684059143
2649,-2.5456318855285645,0.0015808392781764269
2650,-2.5906989574432373,0.0015695856418460608
2651,-2.5357649326324463,0.0015579035971313715
2652,-2.600832939147949,0.001546583604067564
2653,-2.580832004547119,0.0015347357839345932
2654,-2.575766086578369,0.0015215884195640683
2655,-2.525631904602051,0.0015093167312443256
2656,-2.55576491355896,0.0014979996485635638
2657,-2.540832042694092,0.0014881119132041931
2658,-2.6058990955352783,0.001478464575484395
2659,-2.5205650329589844,0.001469052629545331
2660,-2.5906989574432373,0.0014595161192119122
2661,-2.55576491355896,0.0014505070867016912
2662,-2.6058990955352783,0.001442532753571868
2663,-2.5858991146087646,0.0014363087248057127
2664,-2.575766086578369,0.0014316935557872057
2665,-2.55576491355896,0.001428407384082675
2666,-2.5906989574432373,0.0014262383338063955
2667,-2.525631904602051,0.0014249550877138972
2668,-2.5906989574432373,0.0014243535697460175
2669,-2.55576491355896,0.0014243507757782936
2670,-2.5858991146087646,0.0014248708030208945
2671,-2.5456318855285645,0.0014258117880672216
2672,-2.5656321048736572,0.0014271321706473827
2673,-2.5056309700012207,0.0014287403319031
2674,-2.540832042694092,0.001430592266842723
2675,-2.5157649517059326,0.0014326222008094192
2676,-2.580832004547119,0.001434850855730474
2677,-2.5157649517059326,0.0014372067525982857
2678,-2.55069899559021,0.001439630170352757
2679,-2.53069806098938,0.0014422287931665778
2680,-2.525631904602051,0.0014447961002588272
2681,-2.5056309700012207,0.001447411603294313
2682,-2.580832004547119,0.0014502624981105328
2683,-2.5205650329589844,0.0014534001238644123
2684,-2.405363082885742,0.0014573440421372652
2685,-1.188547968864441,0.0014627495547756553
2686,-0.20186899602413177,0.0014688496012240648
2687,0.3490709960460663,0.0014747552340850234
2688,0.7898769974708557,0.0014791797148063779
2689,1.1704150438308716,0.0014830584404990077
2690,1.2106820344924927,0.001485117245465517
2691,1.4258840084075928,0.0014870017766952515
2692,1.5810860395431519,0.0014894554624333978
2693,1.7213549613952637,0.0014912605984136462
2694,1.6613539457321167,0.0014927644515410066
2695,1.7565549612045288,0.0014969960320740938
2696,1.801622986793518,0.001502682571299374
2697,1.8866900205612183,0.0015089086955413222
2698,1.8765569925308228,0.0015150748658925295
2699,1.9466910362243652,0.0015209597768262029
2700,1.9517580270767212,0.0015275259502232075
2701,2.00189208984375,0.0015342779224738479
2702,2.00189208984375,0.0015413002111017704
2703,2.02695894241333,0.0015489293728023767
2704,2.0218920707702637,0.001555546303279698
2705,2.1021599769592285,0.001561701181344688
2706,2.0570919513702393,0.0015685074031352997
2707,2.0821590423583984,0.001575689995661378
2708,2.152026891708374,0.0015828008763492107
2709,2.2672278881073,0.001589595340192318
2710,2.277362108230591,0.001597381429746747
2711,2.3776299953460693,0.0016071151476353407
2712,2.4125630855560303,0.0016162915853783488
2713,2.4576311111450195,0.0016240119002759457
2714,2.477631092071533,0.001631191000342369
2715,2.477631092071533,0.0016392674297094345
2716,1.57122004032135,0.0016475309384986758
2717,0.3440040051937103,0.0016567280981689692
2718,-0.19680200517177582,0.0016655155923217535
2719,-0.6125410199165344,0.0016735373064875603
2720,-1.053346037864685,0.001679564593359828
2721,-1.1733479499816895,0.0016845475183799863
2722,-1.3237500190734863,0.0016884630313143134
2723,-1.5290859937667847,0.0016913103172555566
2724,-1.724287986755371,0.0016931637655943632
2725,-1.6642869710922241,0.0016941586509346962
2726,-1.7493549585342407,0.0016945585375651717
2727,-1.769355058670044,0.0016945530660450459
2728,-1.8845570087432861,0.0016941505018621683
2729,-1.8645570278167725,0.0016934224404394627
2730,-1.9597580432891846,0.0016923570074141026
2731,-1.9648250341415405,0.0016910235863178968
2732,-2.0298919677734375,0.0016894472064450383
2733,-1.999758005142212,0.0016876640729606152
2734,-2.044826030731201,0.0016857011942192912
2735,-2.0149590969085693,0.0016835049027577043
2736,-2.1549599170684814,0.001681100926361978
2737,-2.105093002319336,0.0016785119660198689
2738,-2.1800270080566406,0.001675785519182682
2739,-2.1549599170684814,0.0016729129711166024
2740,-2.255228042602539,0.0016699664993211627
2741,-2.2853620052337646,0.0016669081524014473
2742,-2.405363082885742,0.0016640085959807038
2743,-2.440563917160034,0.0016613795887678862
2744,-2.5357649326324463,0.0016600952949374914
2745,-2.5157649517059326,0.001659461879171431
2746,-2.540832042694092,0.001659412169829011
2747,-1.9197570085525513,0.0016594845801591873
2748,-0.6024079918861389,0.001659611240029335
2749,0.028534000739455223,0.001659236615523696
2750,0.47440600395202637,0.0016585267148911953
2751,0.9200109839439392,0.0016563341487199068
2752,1.090414047241211,0.0016521895304322243
2753,1.2106820344924927,0.0016474899603053927
2754,1.4208179712295532,0.001642512739636004
2755,1.5912200212478638,0.0016383589245378971
2756,1.5810860395431519,0.0016353796236217022
2757,1.636286973953247,0.001632880186662078
2758,1.696287989616394,0.00163088901899755
2759,1.796555995941162,0.00162914686370641
2760,1.8066890239715576,0.0016273715300485492
2761,1.8717570304870605,0.0016252207569777966
2762,1.906690001487732,0.0016229725442826748
2763,1.9368239641189575,0.0016218202654272318
2764,1.8816239833831787,0.0016216193325817585
2765,1.9917579889297485,0.0016219713725149632
2766,1.9568239450454712,0.0016226088628172874
2767,2.016824960708618,0.0016231334302574396
2768,2.0069580078125,0.0016235949005931616
2769,2.0669589042663574,0.0016239273827522993
2770,2.0669589042663574,0.001623870455659926
2771,2.197093963623047,0.001623231335543096
2772,2.207227945327759,0.0016227720770984888
2773,2.302428960800171,0.0016226908192038536
2774,2.33256196975708,0.0016227492596954107
2775,2.422697067260742,0.0016227855812758207
2776,2.442697048187256,0.0016225554281845689
2777,2.4877638816833496,0.0016220009420067072
2778,2.152026891708374,0.0016209782334044576
2779,0.8298770189285278,0.0016204426065087318
2780,0.01866699941456318,0.0016195506323128939
2781,-0.3621380031108856,0.001618875889107585
2782,-0.8880109786987305,0.0016176935750991106
2783,-1.1384140253067017,0.0016166092827916145
2784,-1.2285490036010742,0.0016158116050064564
2785,-1.403751015663147,0.0016147394198924303
2786,-1.629086971282959,0.0016133489552885294
2787,-1.6741540431976318,0.001611981075257063
2788,-1.714421033859253,0.0016105581307783723
2789,-1.7794890403747559,0.0016090890858322382
2790,-1.8546899557113647,0.0016076384345069528
2791,-1.874690055847168,0.00160595600027591
2792,-1.9146909713745117,0.0016038554022088647
2793,-1.9648250341415405,0.001601091935299337
2794,-2.009891986846924,0.0015977818984538317
2795,-1.999758005142212,0.0015939244767650962
2796,-2.0549590587615967,0.0015903048915788531
2797,-2.0800259113311768,0.0015872919466346502
2798,-2.105093002319336,0.0015846111346036196
2799,-2.130160093307495,0.0015823864378035069
2800,-2.1650938987731934,0.0015802483540028334
2801,-2.175226926803589,0.0015778385568410158
2802,-2.2752280235290527,0.0015748792793601751
2803,-2.300295114517212,0.0015710375737398863
2804,-2.3754959106445312,0.001566799357533455
2805,-2.4354970455169678,0.0015626288950443268
2806,-2.5056309700012207,0.0015588959213346243
2807,-2.540832042694092,0.00155522464774549
2808,-2.580832004547119,0.0015513249672949314
2809,-2.595766067504883,0.001546796876937151
2810,-2.625899076461792,0.001541275647468865
2811,-2.6560330390930176,0.001535572111606598
2812,-2.6760330200195312,0.0015294067561626434
2813,-2.6560330390930176,0.0015229107812047005
2814,-2.7011001110076904,0.0015160072362050414
2815,-2.6408329010009766,0.0015089343069121242
2816,-2.7011001110076904,0.0015019099228084087
2817,-2.620832920074463,0.0014942900743335485
2818,-2.650965929031372,0.001486213062889874
2819,-2.650965929031372,0.001478088553994894
2820,-2.63576602935791,0.0014701392501592636
2821,-2.6157660484313965,0.001462379819713533
2822,-2.6157660484313965,0.0014549742918461561
2823,-2.600832939147949,0.0014480717945843935
2824,-2.645900011062622,0.0014416002668440342
2825,-2.6058990955352783,0.0014355150051414967
2826,-2.5858991146087646,0.0014297738671302795
2827,-2.5456318855285645,0.0014243337791413069
2828,-2.6058990955352783,0.0014191451482474804
2829,-2.5706989765167236,0.001414168975315988
2830,-2.600832939147949,0.0014093774370849133
2831,-2.580832004547119,0.0014047371223568916
2832,-2.6058990955352783,0.0014002190437167883
2833,-2.5706989765167236,0.0013957935152575374
2834,-2.63576602935791,0.0013914634473621845
2835,-2.5706989765167236,0.0013871995033696294
2836,-2.600832939147949,0.001382988877594471
2837,-2.55069899559021,0.0013789348304271698
2838,-2.625899076461792,0.0013750585494562984
2839,-2.575766086578369,0.0013713084626942873
2840,-2.580832004547119,0.0013676895759999752
2841,-2.5357649326324463,0.0013641341356560588
2842,-2.5858991146087646,0.0013606422580778599
2843,-2.5205650329589844,0.0013571650488302112
2844,-2.580832004547119,0.0013537234626710415
2845,-2.5157649517059326,0.001350287115201354
2846,-2.600832939147949,0.0013468792894855142
2847,-2.5456318855285645,0.0013434751890599728
2848,-2.5656321048736572,0.0013400963507592678
2849,-2.525631904602051,0.0013366946950554848
2850,-2.5906989574432373,0.0013333200477063656
2851,-2.540832042694092,0.0013299367856234312
2852,-2.55576491355896,0.0013265777379274368
2853,-2.5357649326324463,0.0013232148485258222
2854,-2.595766067504883,0.0013198815286159515
2855,-2.53069806098938,0.0013165422715246677
2856,-2.5608320236206055,0.0013132186140865088
2857,-2.5157649517059326,0.001309882616624236
2858,-2.5357649326324463,0.001306565827690065
2859,-2.5157649517059326,0.0013032247079536319
2860,-2.55069899559021,0.0012999015161767602
2861,-2.5157649517059326,0.001296561909839511
2862,-2.55576491355896,0.0012932465178892016
2863,-2.525631904602051,0.001289919950067997
2864,-2.540832042694092,0.0012866106117144227
2865,-2.53069806098938,0.0012832758948206902
2866,-2.5706989765167236,0.0012799733085557818
2867,-2.5056309700012207,0.0012766519794240594
2868,-2.5656321048736572,0.0012733492767438293
2869,-2.4906980991363525,0.0012700485531240702
2870,-2.5608320236206055,0.0012667441042140126
2871,-2.5456318855285645,0.001263445126824081
2872,-2.5858991146087646,0.0012601822381839156
2873,-2.5205650329589844,0.0012569179525598884
2874,-2.600832939147949,0.0012536805588752031
2875,-2.5205650329589844,0.0012504495680332184
2876,-2.5608320236206055,0.0012472185771912336
2877,-2.5157649517059326,0.0012439957354217768
2878,-2.575766086578369,0.0012407852336764336
2879,-2.5157649517059326,0.0012375672813504934
2880,-2.55069899559021,0.0012343514245003462
2881,-2.495764970779419,0.0012311257887631655
2882,-2.5456318855285645,0.0012278996873646975
2883,-2.5205650329589844,0.0012246646219864488
2884,-2.55069899559021,0.0012214472517371178
2885,-2.5357649326324463,0.0012182138161733747
2886,-2.580832004547119,0.0012150061083957553
2887,-2.5157649517059326,0.0012117968872189522
2888,-2.5608320236206055,0.001208608504384756
2889,-2.5205650329589844,0.0012054075486958027
2890,-2.5456318855285645,0.001202225568704307
2891,-2.495764970779419,0.0011990193743258715
2892,-2.55576491355896,0.0011958419345319271
2893,-2.5205650329589844,0.0011926554143428802
2894,-2.5608320236206055,0.001189481932669878
2895,-2.5205650329589844,0.0011863084509968758
2896,-2.5656321048736572,0.0011831633746623993
2897,-2.5205650329589844,0.0011799975764006376
2898,-2.5608320236206055,0.0011768455151468515
2899,-2.5157649517059326,0.0011736867018043995
2900,-2.540832042694092,0.0011705567594617605
2901,-2.5005650520324707,0.001167404348962009
2902,-2.580832004547119,0.0011642731260508299
2903,-2.53069806098938,0.0011611456284299493
2904,-2.55069899559021,0.0011580416467040777
2905,-2.5357649326324463,0.0011549122864380479
2906,-2.5456318855285645,0.001151794451288879
2907,-2.53069806098938,0.0011486562434583902
2908,-2.5357649326324463,0.0011455470230430365
2909,-2.5357649326324463,0.001142409280873835
2910,-2.595766067504883,0.0011392970336601138
2911,-2.5357649326324463,0.001136183156631887
2912,-2.580832004547119,0.001133081503212452
2913,-2.5357649326324463,0.0011299911420792341
2914,-2.600832939147949,0.001126911141909659
2915,-2.510698080062866,0.0011238199658691883
2916,-2.5706989765167236,0.001120739383623004
2917,-2.53069806098938,0.0011176608968526125
2918,-2.55069899559021,0.0011146010365337133
2919,-2.5157649517059326,0.0011115234810858965
2920,-2.55576491355896,0.0011084633879363537
2921,-2.5056309700012207,0.001105389790609479
2922,-2.55576491355896,0.0011023218976333737
2923,-2.5205650329589844,0.0010992452735081315
2924,-2.5357649326324463,0.001096180872991681
2925,-2.510698080062866,0.0010930923745036125
2926,-2.540832042694092,0.0010900190100073814
2927,-2.4906980991363525,0.0010869181714951992
2928,-2.540832042694092,0.0010838104644790292
2929,-2.5056309700012207,0.0010806896025314927
2930,-2.5656321048736572,0.0010775844566524029
2931,-2.5157649517059326,0.0010744973551481962
2932,-2.5656321048736572,0.0010713969822973013
2933,-2.5656321048736572,0.0010682791471481323
2934,-2.5706989765167236,0.0010652388446033
2935,-2.5205650329589844,0.001062145922333002
2936,-2.55069899559021,0.0010591888567432761
2937,-2.485630989074707,0.0010562489042058587
2938,-2.5456318855285645,0.00105313491076231
2939,-2.5157649517059326,0.0010498019400984049
2940,-2.575766086578369,0.001045692479237914
2941,-2.5205650329589844,0.0010401438921689987
2942,-2.5608320236206055,0.0010335505940020084
2943,-2.5205650329589844,0.0010262697469443083
2944,-2.55576491355896,0.0010185458231717348
2945,-2.510698080062866,0.0010106773115694523
2946,-2.540832042694092,0.00100298214238137
2947,-2.525631904602051,0.0009948029182851315
2948,-2.5656321048736572,0.000985929393209517
2949,-2.5005650520324707,0.0009766393341124058
2950,-2.5656321048736572,0.0009665369288995862
2951,-2.53069806098938,0.0009550346294417977
2952,-2.5706989765167236,0.0009429987985640764
2953,-2.5205650329589844,0.0009305047569796443
2954,-2.5858991146087646,0.0009174661245197058
2955,-2.5056309700012207,0.0009041688172146678
2956,-2.5456318855285645,0.0008900738903321326
2957,-2.495764970779419,0.0008758176118135452
2958,-2.5456318855285645,0.0008612088277004659
2959,-2.5157649517059326,0.0008457262301817536
2960,-2.55576491355896,0.0008310247794725001
2961,-2.5157649517059326,0.0008169821812771261
2962,-2.55069899559021,0.0008029429009184241
2963,-2.5205650329589844,0.0007885521044954658
2964,-2.5656321048736572,0.0007737292326055467
2965,-2.5005650520324707,0.0007587704458273947
2966,-2.55576491355896,0.0007430127589032054
2967,-2.53069806098938,0.0007263012230396271
2968,-2.580832004547119,0.0007106085540726781
2969,-2.5205650329589844,0.0006964426720514894
2970,-2.5357649326324463,0.0006832332001067698
2971,-2.5205650329589844,0.0006703721010126173
2972,-2.5656321048736572,0.0006580637418664992
2973,-2.525631904602051,0.0006452662055380642
2974,-2.540832042694092,0.0006331019685603678
2975,-2.5157649517059326,0.0006217024056240916
2976,-2.575766086578369,0.0006123115308582783
2977,-2.53069806098938,0.0006042965105734766
2978,-2.580832004547119,0.0005977002438157797
2979,-2.525631904602051,0.0005922580603510141
2980,-2.580832004547119,0.000587727059610188
2981,-2.5157649517059326,0.0005839125951752067
2982,-2.580832004547119,0.0005807697889395058
2983,-2.5205650329589844,0.0005781566724181175
2984,-2.540832042694092,0.0005760294734500349
2985,-2.485630989074707,0.0005742417415603995
2986,-2.510698080062866,0.0005727771203964949
2987,-2.5056309700012207,0.0005715481238439679
2988,-2.53069806098938,0.0005705275107175112
2989,-2.510698080062866,0.0005696899024769664
2990,-2.55069899559021,0.0005690118996426463
2991,-2.5157649517059326,0.0005685383221134543
2992,-2.5357649326324463,0.0005684319185093045
2993,-2.510698080062866,0.0005688796518370509
2994,-2.55069899559021,0.0005707376403734088
2995,-2.510698080062866,0.0005733657162636518
2996,-2.5157649517059326,0.0005765987443737686
2997,-1.8445559740066528,0.0005799066857434809
2998,-0.5522739887237549,0.000583248445764184
2999,0.10880099982023239,0.0005859877564944327
3000,0.5293400287628174,0.0005871110479347408
3001,1.0152130126953125,0.0005873937625437975
3002,1.1704150438308716,0.0005869431770406663
3003,1.2957500219345093,0.0005862087709829211
3004,1.465885043144226,0.000585235480684787
3005,1.646420955657959,0.0005844776751473546
3006,1.6914880275726318,0.0005839201621711254
3007,1.7365549802780151,0.0005835145711898804
3008,1.7514890432357788,0.0005832936149090528
3009,1.8365559577941895,0.0005831795278936625
3010,1.846690058708191,0.0005831063026562333
3011,1.9218909740447998,0.000582986802328378
3012,1.9168239831924438,0.0005828820867463946
3013,2.016824960708618,0.000582830049097538
3014,2.0069580078125,0.0005828390130773187
3015,2.0069580078125,0.0005828807479701936
3016,1.9818910360336304,0.0005829387810081244
3017,2.0770928859710693,0.0005830172449350357
3018,2.0669589042663574,0.0005830879672430456
3019,2.0821590423583984,0.0005831230082549155
3020,2.0770928859710693,0.0005831298185512424
3021,2.1821610927581787,0.0005832175957038999
3022,2.237360954284668,0.0005834848852828145
3023,2.3373630046844482,0.0005837829085066915
3024,2.3624300956726074,0.000584200257435441
3025,2.4626970291137695,0.0005849837325513363
3026,2.452564001083374,0.0005862704128958285
3027,2.477631092071533,0.0005885278806090355
3028,2.1021599769592285,0.000591099786106497
3029,0.8248100280761719,0.0005939811235293746
3030,-0.016534000635147095,0.0005964385345578194
3031,-0.3821380138397217,0.0005984647432342172
3032,-0.8880109786987305,0.0005996882682666183
3033,-1.113347053527832,0.0006003609159961343
3034,-1.2634819746017456,0.0006010736688040197
3035,-1.4288179874420166,0.0006009877542965114
3036,-1.6141539812088013,0.0006006617331877351
3037,-1.6541539430618286,0.0005993004306219518
3038,-1.724287986755371,0.0005982212023809552
3039,-1.714421033859253,0.0005967705510556698
3040,-1.8594900369644165,0.0005952761275693774
3041,-1.874690055847168,0.0005935778608545661
3042,-1.9746910333633423,0.0005921849515289068
3043,-1.9296239614486694,0.0005907350569032133
3044,-2.019758939743042,0.0005898070521652699
3045,-1.9746910333633423,0.0005887666484341025
3046,-2.049891948699951,0.0005881304387003183
3047,-2.034959077835083,0.0005871914909221232
3048,-2.130160093307495,0.0005863993428647518
3049,-2.1000258922576904,0.0005854929331690073
3050,-2.1549599170684814,0.0005844104452989995
3051,-2.160027027130127,0.0005837215576320887
3052,-2.2501609325408936,0.0005827259737998247
3053,-2.2701621055603027,0.0005819022189825773
3054,-2.390429973602295,0.000581278873141855
3055,-2.4205639362335205,0.0005806698463857174
3056,-2.495764970779419,0.0005807654233649373
3057,-2.4805641174316406,0.0005811558803543448
3058,-2.575766086578369,0.0005823937244713306
3059,-2.55069899559021,0.0005843816325068474
3060,-2.6157660484313965,0.0005867906147614121
3061,-2.6058990955352783,0.0005901901749894023
3062,-2.6408329010009766,0.0005940089467912912
3063,-2.625899076461792,0.0005977207329124212
3064,-2.690967082977295,0.0006015662802383304
3065,-2.600832939147949,0.0006051647942513227
3066,-2.6560330390930176,0.0006082738982513547
3067,-2.580832004547119,0.000611281837336719
3068,-2.6109659671783447,0.0006149318069219589
3069,-2.595766067504883,0.0006200426141731441
3070,-2.6658999919891357,0.0006246548146009445
3071,-2.5906989574432373,0.0006293727201409638
3072,-2.6109659671783447,0.0006349687464535236
3073,-2.5608320236206055,0.0006422800943255424
3074,-2.6058990955352783,0.0006521701579913497
3075,-2.580832004547119,0.0006624168599955738
3076,-2.625899076461792,0.0006714499904774129
3077,-2.5357649326324463,0.0006795346853323281
3078,-2.600832939147949,0.0006874588434584439
3079,-2.5706989765167236,0.0006958899321034551
3080,-2.600832939147949,0.0007041401695460081
3081,-2.5357649326324463,0.0007115536136552691
3082,-2.5656321048736572,0.0007187793962657452
3083,-2.55576491355896,0.0007256263634189963
3084,-2.6408329010009766,0.0007317760027945042
3085,-2.5656321048736572,0.0007376415887847543
3086,-2.5608320236206055,0.0007436106679961085
3087,-2.55576491355896,0.0007490089628845453
3088,-2.5858991146087646,0.0007534645847044885
3089,-2.55069899559021,0.00075728096999228
3090,-2.580832004547119,0.0007607179577462375
3091,-2.5205650329589844,0.0007639085524715483
3092,-2.5706989765167236,0.0007667803438380361
3093,-2.5456318855285645,0.0007693564402870834
3094,-2.5656321048736572,0.0007717696717008948
3095,-2.5456318855285645,0.0007740577566437423
3096,-2.55576491355896,0.0007763294270262122
3097,-2.5205650329589844,0.0007786223432049155
3098,-2.540832042694092,0.0007809562375769019
3099,-2.5157649517059326,0.0007832578849047422
3100,-2.5906989574432373,0.000785458367317915
3101,-2.5205650329589844,0.0007875774754211307
3102,-2.580832004547119,0.0007896657334640622
3103,-2.5056309700012207,0.0007916903123259544
3104,-2.525631904602051,0.0007936848560348153
3105,-2.5056309700012207,0.0007956598419696093
3106,-2.55576491355896,0.000797632266767323
3107,-2.525631904602051,0.0007995838532224298
3108,-2.5456318855285645,0.000801533053163439
3109,-2.5357649326324463,0.0008034878992475569
3110,-2.5608320236206055,0.0008054592763073742
3111,-2.5056309700012207,0.0008074490469880402
3112,-2.55576491355896,0.000809449004009366
3113,-2.5056309700012207,0.0008114800439216197
3114,-2.5706989765167236,0.0008135482203215361
3115,-2.5205650329589844,0.0008156477706506848
3116,-2.540832042694092,0.0008177738054655492
3117,-2.53069806098938,0.0008199420990422368
3118,-2.53069806098938,0.000822145608253777
3119,-2.540832042694092,0.0008243838092312217
3120,-2.540832042694092,0.0008266173535957932
3121,-2.495764970779419,0.0008288751123473048
3122,-2.575766086578369,0.0008311468409374356
3123,-2.525631904602051,0.0008334257872775197
3124,-2.53069806098938,0.0008356916368938982
3125,-2.5157649517059326,0.0008379543432965875
3126,-2.53069806098938,0.0008402165258303285
3127,-2.5205650329589844,0.0008424603147432208
3128,-2.5608320236206055,0.0008446915308013558
3129,-2.5056309700012207,0.0008469147142022848
3130,-2.525631904602051,0.0008491204353049397
3131,-2.5157649517059326,0.0008512996137142181
3132,-2.55576491355896,0.0008534824592061341
3133,-2.5205650329589844,0.0008556601824238896
3134,-2.575766086578369,0.0008578329579904675
3135,-2.5056309700012207,0.0008600014843977988
3136,-2.5357649326324463,0.0008621735032647848
3137,-2.5157649517059326,0.0008643442415632308
3138,-2.5608320236206055,0.0008665063651278615
3139,-2.5357649326324463,0.000868670002091676
3140,-2.55576491355896,0.0008708250243216753
3141,-2.53069806098938,0.0008729686960577965
3142,-2.525631904602051,0.0008750972338020802
3143,-2.5157649517059326,0.0008772243745625019
3144,-2.540832042694092,0.0008793408051133156
3145,-2.5157649517059326,0.0008814694592729211
3146,-2.5706989765167236,0.0008836010238155723
3147,-2.5005650520324707,0.0008857381762936711
3148,-2.540832042694092,0.0008878716034814715
3149,-2.510698080062866,0.0008900040993466973
3150,-2.55576491355896,0.0008921342669054866
3151,-2.525631904602051,0.0008942519198171794
3152,-2.5608320236206055,0.000896365731023252
3153,-2.525631904602051,0.0008984755259007215
3154,-2.55576491355896,0.0009005826432257891
3155,-2.5056309700012207,0.000902694184333086
3156,-2.525631904602051,0.0009048074716702104
3157,-2.5205650329589844,0.0009069216903299093
3158,-2.540832042694092,0.000909039459656924
3159,-2.5205650329589844,0.0009111531544476748
3160,-2.540832042694092,0.0009132760460488498
3161,-2.5157649517059326,0.0009153960272669792
3162,-2.53069806098938,0.0009175243321806192
3163,-2.495764970779419,0.0009196442551910877
3164,-2.580832004547119,0.0009217805927619338
3165,-2.495764970779419,0.0009239163482561707
3166,-2.5456318855285645,0.0009260578663088381
3167,-2.495764970779419,0.0009281846578232944
3168,-2.5357649326324463,0.0009303237893618643
3169,-2.5056309700012207,0.0009324505226686597
3170,-2.5656321048736572,0.0009345919825136662
3171,-2.510698080062866,0.0009367244783788919
3172,-2.53069806098938,0.0009388562757521868
3173,-2.4906980991363525,0.0009409868507646024
3174,-2.55576491355896,0.0009431270300410688
3175,-2.5056309700012207,0.000945257197599858
3176,-2.53069806098938,0.0009473920799791813
3177,-2.4906980991363525,0.0009495088015682995
3178,-2.525631904602051,0.0009516289574094117
3179,-2.510698080062866,0.000953747658059001
3180,-2.55069899559021,0.0009558620513416827
3181,-2.4906980991363525,0.00095797807443887
3182,-2.540832042694092,0.0009600978810340166
3183,-2.495764970779419,0.0009622212965041399
3184,-2.53069806098938,0.0009643624653108418
3185,-2.53069806098938,0.0009665072429925203
3186,-2.540832042694092,0.0009686509147286415
3187,-2.495764970779419,0.0009707952849566936
3188,-2.53069806098938,0.0009729306912049651
3189,-2.5157649517059326,0.0009750655153766274
3190,-2.5656321048736572,0.000977194868028164
3191,-2.4906980991363525,0.000979322474449873
3192,-2.5608320236206055,0.0009814678924158216
3193,-2.4906980991363525,0.000983604695647955
3194,-2.5357649326324463,0.000985754537396133
3195,-2.5157649517059326,0.0009878952987492085
3196,-2.5656321048736572,0.000990048167295754
3197,-2.5056309700012207,0.0009921983582898974
3198,-2.55069899559021,0.0009943400509655476
3199,-2.4805641174316406,0.0009964779019355774
3200,-2.540832042694092,0.0009986194781959057
3201,-2.5056309700012207,0.0010007554665207863
3202,-2.5456318855285645,0.001002904842607677
3203,-2.525631904602051,0.0010050563141703606
3204,-2.55069899559021,0.0010072141885757446
3205,-2.4906980991363525,0.0010093825403600931
3206,-2.5456318855285645,0.001011548680253327
3207,-2.4906980991363525,0.0010136986384168267
3208,-2.5608320236206055,0.0010158605873584747
3209,-2.53069806098938,0.0010180216049775481
3210,-2.53069806098938,0.001020166790112853
3211,-2.4906980991363525,0.001022306620143354
3212,-2.5157649517059326,0.0010244502918794751
3213,-2.5157649517059326,0.0010266061872243881
3214,-2.580832004547119,0.0010287610348314047
3215,-2.5157649517059326,0.0010309104109182954
3216,-2.55069899559021,0.0010330639779567719
3217,-2.540832042694092,0.0010352246463298798
3218,-2.5205650329589844,0.0010373890399932861
3219,-2.495764970779419,0.0010395628632977605
3220,-2.55069899559021,0.0010417336598038673
3221,-2.4906980991363525,0.001043918658979237
3222,-2.5357649326324463,0.001046094810590148
3223,-2.5056309700012207,0.0010482725920155644
3224,-2.5608320236206055,0.0010504528181627393
3225,-2.540832042694092,0.0010526289697736502
3226,-2.55576491355896,0.001054809894412756
3227,-2.5656321048736572,0.0010569884907454252
3228,-2.5456318855285645,0.0010591787286102772
3229,-2.540832042694092,0.0010613829363137484
3230,-2.580832004547119,0.0010635885410010815
3231,-2.5056309700012207,0.0010658024111762643
3232,-2.5906989574432373,0.0010680194245651364
3233,-2.53069806098938,0.0010702323634177446
3234,-2.5608320236206055,0.0010724510066211224
3235,-2.495764970779419,0.001074658241122961
3236,-2.5357649326324463,0.0010768643114715815
3237,-2.4656310081481934,0.001079048728570342
3238,-2.53069806098938,0.001081247115507722
3239,-2.4754979610443115,0.0010834198910742998
3240,-2.55576491355896,0.0010855305008590221
3241,-2.5005650520324707,0.0010876011801883578
3242,-2.540832042694092,0.0010896904859691858
3243,-2.5205650329589844,0.0010918490588665009
3244,-2.5656321048736572,0.001094010309316218
3245,-2.5157649517059326,0.0010959601495414972
3246,-2.55069899559021,0.0010977110359817743
3247,-1.8245559930801392,0.001099205925129354
3248,-0.53227299451828,0.0011005778796970844
3249,0.09866800159215927,0.001101478934288025
3250,0.5845410227775574,0.0011012135073542595
3251,1.0152130126953125,0.0011005997657775879
3252,1.1805479526519775,0.0011001838138327003
3253,1.2757489681243896,0.001100724097341299
3254,1.465885043144226,0.001100920489989221
3255,1.68135404586792,0.0011013576295226812
3256,1.6914880275726318,0.001101297908462584
3257,1.7314879894256592,0.0011010305024683475
3258,1.7162879705429077,0.0011010462185367942
3259,1.8765569925308228,0.0011017327196896076
3260,1.851755976676941,0.0011028314474970102
3261,1.9317569732666016,0.0011030982714146376
3262,1.911756992340088,0.0011030675377696753
3263,1.9968249797821045,0.0011033575283363461
3264,1.9869580268859863,0.0011045619612559676
3265,2.0469589233398438,0.0011071572080254555
3266,2.032025098800659,0.0011097162496298552
3267,2.1021599769592285,0.0011105898302048445
3268,2.0570919513702393,0.001110542449168861
3269,2.117093086242676,0.0011103879660367966
3270,2.1069600582122803,0.0011106585152447224
3271,2.177093982696533,0.001110963523387909
3272,2.222161054611206,0.0011120012495666742
3273,2.3424289226531982,0.001112615573219955
3274,2.3925631046295166,0.0011134480591863394
3275,2.477631092071533,0.001114116981625557
3276,2.4376299381256104,0.001115314895287156
3277,2.512830972671509,0.001116266124881804
3278,2.507765054702759,0.001116239232942462
3279,2.5778989791870117,0.0011157412081956863
3280,2.557898998260498,0.0011148423654958606
3281,2.5978989601135254,0.001113906386308372
3282,2.547765016555786,0.0011122380383312702
3283,2.602966070175171,0.0011089458130300045
3284,2.592832088470459,0.001104971393942833
3285,2.5778989791870117,0.0011010318994522095
3286,2.5528318881988525,0.0010974227916449308
3287,2.602966070175171,0.0010946645634248853
3288,2.5176310539245605,0.001092741615138948
3289,2.5426979064941406,0.0010915141319856048
3290,2.5277650356292725,0.001090749865397811
3291,2.522697925567627,0.0010901765199378133
3292,2.507765054702759,0.0010903861839324236
3293,2.537898063659668,0.0010919870110228658
3294,2.5026979446411133,0.0010937583865597844
3295,2.5176310539245605,0.0010961564257740974
3296,2.4826979637145996,0.001098013948649168
3297,2.532831907272339,0.0010999857913702726
3298,2.4877638816833496,0.0011022679973393679
3299,2.5277650356292725,0.0011043734848499298
3300,2.4826979637145996,0.0011060903780162334
3301,2.497631072998047,0.0011089971521869302
3302,2.5026979446411133,0.0011122897267341614
3303,2.5277650356292725,0.0011151034850627184
3304,2.4477639198303223,0.0011175365652889013
3305,2.512830972671509,0.0011196080595254898
3306,2.4826979637145996,0.0011215494014322758
3307,2.492830991744995,0.00112278969027102
3308,2.4725639820098877,0.0011236590798944235
3309,2.497631072998047,0.0011241866741329432
3310,2.4325640201568604,0.0011250617681071162
3311,2.4725639820098877,0.0011259419843554497
3312,2.477631092071533,0.001126020448282361
3313,2.512830972671509,0.0011263105552643538
3314,2.442697048187256,0.0011261143954470754
3315,2.5026979446411133,0.0011254420969635248
3316,2.4626970291137695,0.0011256923899054527
3317,2.497631072998047,0.0011251543182879686
3318,2.4576311111450195,0.0011242299806326628
3319,2.5176310539245605,0.0011238990118727088
3320,2.4176299571990967,0.0011237398721277714
3321,2.5277650356292725,0.0011245532659813762
3322,2.427496910095215,0.0011257524602115154
3323,2.497631072998047,0.0011279359459877014
3324,2.442697048187256,0.001129375072196126
3325,2.4626970291137695,0.0011298975441604853
3326,2.452564001083374,0.0011310396948829293
3327,2.4477639198303223,0.0011335690505802631
3328,2.4176299571990967,0.001135600614361465
3329,2.427496910095215,0.0011373097077012062
3330,2.4176299571990967,0.0011353541631251574
3331,2.4376299381256104,0.0011338291224092245
3332,2.3925631046295166,0.0011338600888848305
3333,2.467763900756836,0.0011344647500663996
3334,2.4026970863342285,0.0011372743174433708
3335,2.452564001083374,0.0011386298574507236
3336,2.407496929168701,0.0011425955453887582
3337,2.452564001083374,0.0011502410052344203
3338,2.397629976272583,0.0011597797274589539
3339,2.4626970291137695,0.0011723865754902363
3340,2.317362070083618,0.001187689951620996
3341,1.4909520149230957,0.0012045720359310508
3342,0.22400300204753876,0.0012190967099741101
3343,-0.28693699836730957,0.0012315890053287148
3344,-0.8026769757270813,0.0012438306584954262
3345,-1.1232140064239502,0.0012606142554432154
3346,-1.3037500381469727,0.0012826579622924328
3347,-1.3938839435577393,0.0013115928741171956
3348,-1.6392199993133545,0.001350028207525611
3349,-1.714421033859253,0.0013965797843411565
3350,-1.7544219493865967,0.0014527481980621815
3351,-1.7594890594482422,0.001513372058980167
3352,-1.8645570278167725,0.0015782695263624191
3353,-1.8946900367736816,0.0016454134602099657
3354,-1.9648250341415405,0.0017150461208075285
3355,-1.944823980331421,0.0017796141328290105
3356,-2.019758939743042,0.001845567487180233
3357,-2.024825096130371,0.0019120157230645418
3358,-2.0749590396881104,0.0019765363540500402
3359,-2.049891948699951,0.0020459210500121117
3360,-2.1400270462036133,0.00213239761069417
3361,-2.120026111602783,0.0022153041791170835
3362,-2.1901609897613525,0.0022998861968517303
3363,-2.1349599361419678,0.0023712371475994587
3364,-2.2152280807495117,0.002424788661301136
3365,-2.2450950145721436,0.0024628457613289356
3366,-2.3805630207061768,0.002499304013326764
3367,-2.3954970836639404,0.002586361486464739
3368,-2.5056309700012207,0.0026305480860173702
3369,-2.4906980991363525,0.002666221000254154
3370,-2.5608320236206055,0.0026872819289565086
3371,-2.5456318855285645,0.0027029644697904587
3372,-2.625899076461792,0.0027144518680870533
3373,-2.6560330390930176,0.0027248580008745193
3374,-2.6760330200195312,0.0027348147705197334
3375,-2.620832920074463,0.0027420546393841505
3376,-2.6709671020507812,0.002750938292592764
3377,-2.6157660484313965,0.0027565157506614923
3378,-2.6658999919891357,0.0027619353495538235
3379,-2.600832939147949,0.0027667649555951357
3380,-2.6658999919891357,0.0027702527586370707
3381,-2.6157660484313965,0.002774014137685299
3382,-2.5858991146087646,0.0027756644412875175
3383,-2.600832939147949,0.0027765703853219748
3384,-2.6157660484313965,0.0027758339419960976
3385,-2.5706989765167236,0.0027748029679059982
3386,-2.575766086578369,0.002773385727778077
3387,-2.5656321048736572,0.0027720900252461433
3388,-2.620832920074463,0.0027713908348232508
3389,-2.5608320236206055,0.0027703416999429464
3390,-2.6157660484313965,0.002770732855424285
3391,-2.575766086578369,0.00277079944498837
3392,-2.575766086578369,0.002772348001599312
3393,-2.5157649517059326,0.00277364207431674
3394,-2.575766086578369,0.002775532193481922
3395,-2.5205650329589844,0.0027769673615694046
3396,-2.5608320236206055,0.002777733374387026
3397,-2.5157649517059326,0.0027792295441031456
3398,-2.575766086578369,0.002779095433652401
3399,-2.5157649517059326,0.0027788863517344
3400,-2.575766086578369,0.0027781659737229347
3401,-2.5456318855285645,0.0027775128837674856
3402,-2.5706989765167236,0.002777322893962264
3403,-2.53069806098938,0.0027769021689891815
3404,-2.540832042694092,0.002776301931589842
3405,-2.4805641174316406,0.0027756562922149897
3406,-2.53069806098938,0.00277488655410707
3407,-2.495764970779419,0.002773921936750412
3408,-2.5157649517059326,0.0027728781569749117
3409,-2.4906980991363525,0.0027717757038772106
3410,-2.5456318855285645,0.002770673716440797
3411,-2.525631904602051,0.002769582439213991
3412,-2.53069806098938,0.002768574981018901
3413,-2.5205650329589844,0.002767548430711031
3414,-2.5205650329589844,0.0027664252556860447
3415,-2.53069806098938,0.002765216398984194
3416,-2.5357649326324463,0.002763939555734396
3417,-2.525631904602051,0.00276262522675097
3418,-2.5157649517059326,0.0027612829580903053
3419,-2.5056309700012207,0.0027599355671554804
3420,-2.53069806098938,0.002758580492809415
3421,-2.5056309700012207,0.002757235197350383
3422,-2.5456318855285645,0.0027558929286897182
3423,-2.5056309700012207,0.0027545467019081116
3424,-2.525631904602051,0.002753084758296609
3425,-2.53069806098938,0.0027514719404280186
3426,-2.5157649517059326,0.0027497359551489353
3427,-2.540832042694092,0.002747882390394807
3428,-2.55576491355896,0.00274595245718956
3429,-2.5005650520324707,0.0027439710684120655
3430,-2.5456318855285645,0.0027419531252235174
3431,-2.5005650520324707,0.002739926800131798
3432,-2.5205650329589844,0.0027378732338547707
3433,-2.5157649517059326,0.0027358275838196278
3434,-2.53069806098938,0.002733770990744233
3435,-2.5005650520324707,0.0027317041531205177
3436,-2.525631904602051,0.0027296377811580896
3437,-2.4805641174316406,0.002727572340518236
3438,-2.5656321048736572,0.0027255057357251644
3439,-2.5005650520324707,0.0027234451845288277
3440,-2.5357649326324463,0.002721369732171297
3441,-2.4906980991363525,0.0027192835696041584
3442,-2.5157649517059326,0.0027171941474080086
3443,-2.5157649517059326,0.0027150982059538364
3444,-2.5157649517059326,0.0027129994705319405
3445,-2.495764970779419,0.002710901200771332
3446,-2.525631904602051,0.0027088047936558723
3447,-2.5205650329589844,0.002706708386540413
3448,-2.55576491355896,0.002704604761675
3449,-2.4906980991363525,0.0027025158051401377
3450,-2.53069806098938,0.0027004233561456203
3451,-2.4906980991363525,0.002698345109820366
3452,-2.55069899559021,0.002696254290640354
3453,-2.485630989074707,0.002694167662411928
3454,-2.5005650520324707,0.002692079171538353
3455,-2.485630989074707,0.002689995337277651
3456,-2.510698080062866,0.0026879101060330868
3457,-2.5357649326324463,0.0026858309283852577
3458,-2.5357649326324463,0.0026837424375116825
3459,-2.5157649517059326,0.002681661630049348
3460,-2.5656321048736572,0.0026795859448611736
3461,-2.4754979610443115,0.002677744487300515
3462,-2.5157649517059326,0.0026767035014927387
3463,-2.5005650520324707,0.0026777281891554594
3464,-2.5205650329589844,0.0026798020116984844
3465,-2.5005650520324707,0.002683606231585145
3466,-2.5056309700012207,0.0026885566767305136
3467,-2.4754979610443115,0.002693481743335724
3468,-2.53069806098938,0.0026992117054760456
3469,-2.4805641174316406,0.0027063675224781036
3470,-2.525631904602051,0.00271224370226264
3471,-2.470698118209839,0.002717107068747282
3472,-2.55069899559021,0.0027217210736125708
3473,-2.5056309700012207,0.002726886887103319
3474,-2.540832042694092,0.0027326466515660286
3475,-2.5056309700012207,0.002738416660577059
3476,-2.540832042694092,0.002744302386417985
3477,-2.5157649517059326,0.002750180894508958
3478,-2.510698080062866,0.0027563273906707764
3479,-2.485630989074707,0.0027626308146864176
3480,-2.5157649517059326,0.0027689668349921703
3481,-2.485630989074707,0.0027745310217142105
3482,-2.525631904602051,0.0027798847295343876
3483,-2.4906980991363525,0.002785671502351761
3484,-2.5656321048736572,0.0027921204455196857
3485,-2.5056309700012207,0.002798577304929495
3486,-2.5656321048736572,0.00280385697260499
3487,-2.5005650520324707,0.0028085855301469564
3488,-2.53069806098938,0.0028131529688835144
3489,-2.5357649326324463,0.002817214000970125
3490,-2.55069899559021,0.0028201229870319366
3491,-2.5056309700012207,0.0028221397660672665
3492,-2.525631904602051,0.002823641523718834
3493,-2.5157649517059326,0.0028248638845980167
3494,-2.5357649326324463,0.00282610603608191
3495,-2.5056309700012207,0.0028273332864046097
3496,-2.53069806098938,0.002828333294019103
3497,-2.510698080062866,0.002828963566571474
3498,-2.525631904602051,0.0028294664807617664
3499,-2.495764970779419,0.0028299549594521523
3500,-2.53069806098938,0.0028306052554398775
3501,-2.53069806098938,0.0028313687071204185
3502,-2.540832042694092,0.002832175698131323
3503,-2.4906980991363525,0.0028331007342785597
3504,-2.540832042694092,0.0028339081909507513
3505,-2.4805641174316406,0.0028347051702439785
3506,-2.525631904602051,0.0028353671077638865
3507,-2.4754979610443115,0.002835695631802082
3508,-2.525631904602051,0.002835290040820837
3509,-2.4754979610443115,0.002833952661603689
3510,-2.525631904602051,0.002832782454788685
3511,-2.4906980991363525,0.0028317321557551622
3512,-2.525631904602051,0.0028315065428614616
3513,-2.4805641174316406,0.0028317496180534363
3514,-2.5157649517059326,0.0028319675475358963
3515,-2.4906980991363525,0.0028317684773355722
3516,-2.5157649517059326,0.002831264864653349
3517,-2.5157649517059326,0.0028317002579569817
3518,-2.53069806098938,0.0028324793092906475
3519,-2.495764970779419,0.0028330201748758554
3520,-2.540832042694092,0.0028326530009508133
3521,-2.5205650329589844,0.0028309402987360954
3522,-2.540832042694092,0.002829255536198616
3523,-2.5005650520324707,0.002829404314979911
3524,-2.5056309700012207,0.002830896293744445
3525,-2.485630989074707,0.0028324967715889215
3526,-2.525631904602051,0.00283482251688838
3527,-2.495764970779419,0.0028389838989824057
3528,-2.525631904602051,0.0028429552912712097
3529,-2.485630989074707,0.002847667783498764
3530,-2.5357649326324463,0.00285166222602129
3531,-2.5005650520324707,0.002854536287486553
3532,-2.5456318855285645,0.002856223378330469
3533,-2.5056309700012207,0.002857610583305359
3534,-2.5005650520324707,0.0028593232855200768
3535,-2.4805641174316406,0.0028614706825464964
3536,-2.5456318855285645,0.002864184556528926
3537,-2.5005650520324707,0.00286678085103631
3538,-2.5157649517059326,0.0028688176535069942
3539,-2.4906980991363525,0.0028704009018838406
3540,-2.53069806098938,0.002871425822377205
3541,-2.4906980991363525,0.0028717978857457638
3542,-2.510698080062866,0.002872232347726822
3543,-2.4805641174316406,0.0028723827563226223
3544,-2.525631904602051,0.0028724409639835358
3545,-2.4906980991363525,0.002872397191822529
3546,-2.5357649326324463,0.002872595563530922
3547,-2.4906980991363525,0.0028732395730912685
3548,-2.4906980991363525,0.002873361110687256
3549,-2.5056309700012207,0.0028727478347718716
3550,-2.53069806098938,0.0028721531853079796
3551,-2.4906980991363525,0.002871893346309662
3552,-2.53069806098938,0.002872914308682084
3553,-2.5157649517059326,0.0028748735785484314
3554,-2.5608320236206055,0.0028762740548700094
3555,-2.4805641174316406,0.0028780237771570683
3556,-2.5456318855285645,0.002879802603274584
3557,-2.5157649517059326,0.0028801439329981804
3558,-2.510698080062866,0.0028794826939702034
3559,-2.4906980991363525,0.002879598643630743
3560,-2.5157649517059326,0.002880099229514599
3561,-2.5056309700012207,0.002881278283894062
3562,-2.55576491355896,0.0028829285874962807
3563,-2.5056309700012207,0.0028851216193288565
3564,-2.55576491355896,0.0028882205951958895
3565,-2.5056309700012207,0.002891759155318141
3566,-2.525631904602051,0.0028950897976756096
3567,-2.5056309700012207,0.002898707054555416
3568,-2.5357649326324463,0.0029027583077549934
3569,-2.495764970779419,0.0029066563583910465
3570,-2.525631904602051,0.0029105013236403465
3571,-2.495764970779419,0.0029143295250833035
3572,-2.525631904602051,0.002917025238275528
3573,-2.5157649517059326,0.002919696271419525
3574,-2.55069899559021,0.002922475105151534
3575,-2.5056309700012207,0.002924887929111719
3576,-2.540832042694092,0.002927112393081188
3577,-2.4906980991363525,0.002928714267909527
3578,-2.540832042694092,0.002930511487647891
3579,-2.4906980991363525,0.002931512426584959
3580,-2.540832042694092,0.0029326947405934334
3581,-2.485630989074707,0.0029334276914596558
3582,-2.5157649517059326,0.0029341443441808224
3583,-2.4805641174316406,0.0029334756545722485
3584,-2.55069899559021,0.002932553645223379
3585,-2.495764970779419,0.0029303166083991528
3586,-2.5357649326324463,0.0029292649123817682
3587,-2.4906980991363525,0.0029274853877723217
3588,-2.55576491355896,0.002925436943769455
3589,-2.540832042694092,0.0029238061979413033
3590,-2.5656321048736572,0.0029201232828199863
3591,-2.4906980991363525,0.0029174042865633965
3592,-2.540832042694092,0.002912284340709448
3593,-2.5157649517059326,0.002904339460656047
3594,-2.55576491355896,0.002894696779549122
3595,-2.5056309700012207,0.002882360015064478
3596,-2.53069806098938,0.002868024166673422
3597,-2.5205650329589844,0.0028523842338472605
3598,-2.5357649326324463,0.0028389787767082453
3599,-2.4906980991363525,0.0028281761333346367
3600,-2.5656321048736572,0.0028185704723000526
3601,-2.5157649517059326,0.0028050285764038563
3602,-2.540832042694092,0.002786602359265089
3603,-2.4554970264434814,0.0027615379076451063
3604,-2.5357649326324463,0.0027273064479231834
3605,-2.4906980991363525,0.0026852539740502834
3606,-2.540832042694092,0.002633754163980484
3607,-2.495764970779419,0.002577907172963023
3608,-2.5456318855285645,0.0025178012438118458
3609,-2.470698118209839,0.002455387730151415
3610,-2.485630989074707,0.002390468493103981
3611,-2.470698118209839,0.002330642193555832
3612,-2.5005650520324707,0.0022695136722177267
3613,-2.4805641174316406,0.002208022866398096
3614,-2.5005650520324707,0.0021484633907675743
3615,-2.4754979610443115,0.0020841218065470457
3616,-2.5157649517059326,0.0020024916157126427
3617,-2.4805641174316406,0.0019240352557972074
3618,-2.5005650520324707,0.0018433255609124899
3619,-2.495764970779419,0.0017753364518284798
3620,-2.5205650329589844,0.0017247390933334827
3621,-2.460563898086548,0.0016893044812604785
3622,-1.8296229839324951,0.0016556810587644577
3623,-0.5024060010910034,0.001571850385516882
3624,0.08880099654197693,0.0015308177098631859
3625,0.609607994556427,0.0014982513384893537
3626,1.0053459405899048,0.0014802356017753482
3627,1.1954820156097412,0.0014674551784992218
3628,1.2906830310821533,0.001458886545151472
3629,1.536018967628479,0.0014515283983200788
3630,1.6512210369110107,0.0014450012240558863
3631,1.7114880084991455,0.0014408861752599478
3632,1.6712210178375244,0.0014349828707054257
3633,1.8066890239715576,0.0014319426845759153
3634,1.7914890050888062,0.0014285092474892735
3635,1.8765569925308228,0.0014251309912651777
3636,1.8816239833831787,0.0014226125786080956
3637,1.9669580459594727,0.001419569132849574
3638,1.9218909740447998,0.0014186934567987919
3639,1.9917579889297485,0.001418901840224862
3640,1.9669580459594727,0.0014213852118700743
3641,2.0069580078125,0.0014243870973587036
3642,2.032025098800659,0.0014280425384640694
3643,2.1069600582122803,0.0014310444239526987
3644,2.02695894241333,0.0014332083519548178
3645,2.1570940017700195,0.001435783226042986
3646,2.167227029800415,0.0014372458681464195
3647,2.257361888885498,0.0014397583436220884
3648,2.33256196975708,0.001441775355488062
3649,2.382430076599121,0.001444552792236209
3650,2.407496929168701,0.0014471153263002634
3651,2.4626970291137695,0.001450361916795373
3652,2.4176299571990967,0.0014548490289598703
3653,2.142159938812256,0.0014587701298296452
3654,0.7546759843826294,0.0014645878691226244
3655,0.028534000739455223,0.0014708878006786108
3656,-0.4322719871997833,0.0014780235942453146
3657,-0.8480110168457031,0.0014851264422759414
3658,-1.1434810161590576,0.0014914956409484148
3659,-1.188547968864441,0.0014978351537138224
3660,-1.4237509965896606,0.001504130894318223
3661,-1.5541529655456543,0.001510033500380814
3662,-1.6893539428710938,0.0015155923319980502
3663,-1.6592210531234741,0.00152093474753201
3664,-1.789355993270874,0.0015259976498782635
3665,-1.789355993270874,0.001530800829641521
3666,-1.889623999595642,0.0015353536000475287
3667,-1.8445559740066528,0.0015396489761769772
3668,-1.9546910524368286,0.0015436486573889852
3669,-1.9397579431533813,0.0015474818646907806
3670,-1.9797580242156982,0.0015512676909565926
3671,-1.9648250341415405,0.0015550197567790747
3672,-2.0298919677734375,0.001558707095682621
3673,-2.034959077835083,0.0015623720828443766
3674,-2.0800259113311768,0.0015659666387364268
3675,-2.0800259113311768,0.0015695474576205015
3676,-2.1400270462036133,0.0015729962615296245
3677,-2.1650938987731934,0.0015763104893267155
3678,-2.310429096221924,0.0015794681385159492
3679,-2.320296049118042,0.0015826362650841475
3680,-2.440563917160034,0.0015860076528042555
3681,-2.4205639362335205,0.0015894933603703976
3682,-2.53069806098938,0.0015940755838528275
3683,-2.495764970779419,0.001600719173438847
3684,-2.5608320236206055,0.0016081901267170906
3685,-2.525631904602051,0.001616130000911653
3686,-2.620832920074463,0.0016237904783338308
3687,-2.6309659481048584,0.0016301132272928953
3688,-2.6309659481048584,0.0016357165295630693
3689,-2.575766086578369,0.001640829723328352
3690,-2.6109659671783447,0.0016455379081889987
3691,-2.5656321048736572,0.0016502034850418568
3692,-2.6309659481048584,0.0016551585868000984
3693,-2.6058990955352783,0.0016602824907749891
3694,-2.600832939147949,0.0016647025477141142
3695,-2.5906989574432373,0.0016680448316037655
3696,-2.5906989574432373,0.00167066790163517
3697,-2.5608320236206055,0.001672948244959116
3698,-2.5656321048736572,0.001675125677138567
3699,-2.5456318855285645,0.001677492167800665
3700,-2.55576491355896,0.0016799099976196885
3701,-2.5656321048736572,0.0016826008213683963
3702,-2.5906989574432373,0.0016858447343111038
3703,-2.525631904602051,0.0016893033171072602
3704,-2.55069899559021,0.0016925358213484287
3705,-2.4906980991363525,0.0016954900929704309
3706,-2.55069899559021,0.0016984239919111133
3707,-2.495764970779419,0.001701613306067884
3708,-2.5456318855285645,0.0017053333576768637
3709,-2.5205650329589844,0.0017096241936087608
3710,-2.580832004547119,0.0017138556577265263
3711,-2.495764970779419,0.0017180179711431265
3712,-2.540832042694092,0.0017222478054463863
3713,-2.5056309700012207,0.0017265076749026775
3714,-2.540832042694092,0.0017306539230048656
3715,-2.4304299354553223,0.0017341873608529568
3716,-1.509086012840271,0.001737537095323205
3717,-0.2568030059337616,0.0017406817059963942
3718,0.18880200386047363,0.0017428630962967873
3719,0.7248089909553528,0.0017428945284336805
3720,1.0402799844741821,0.0017418403876945376
3721,1.2106820344924927,0.001738860970363021
3722,1.2757489681243896,0.001734803430736065
3723,1.5512189865112305,0.0017310248222202063
3724,1.641353964805603,0.001726929796859622
3725,1.68135404586792,0.0017219997243955731
3726,1.6664210557937622,0.0017188817728310823
3727,1.801622986793518,0.0017167811747640371
3728,1.801622986793518,0.0017143301665782928
3729,1.8968240022659302,0.0017108205938711762
3730,1.9016239643096924,0.0017062223050743341
3731,1.9917579889297485,0.0017012141179293394
3732,1.9618910551071167,0.001696030842140317
3733,1.9717580080032349,0.0016911000711843371
3734,1.9768249988555908,0.0016865106299519539
3735,2.0218920707702637,0.0016821742756292224
3736,2.032025098800659,0.0016781636513769627
3737,2.0669589042663574,0.0016743075102567673
3738,2.0669589042663574,0.0016704064328223467
3739,2.1320269107818604,0.0016661726403981447
3740,2.1722939014434814,0.0016617010114714503
3741,2.3074960708618164,0.0016580787487328053
3742,2.2973620891571045,0.001656320528127253
3743,2.3925631046295166,0.0016555029433220625
3744,2.4376299381256104,0.0016552023589611053
3745,2.4725639820098877,0.0016557585913687944
3746,2.4576311111450195,0.001658175140619278
3747,1.8717570304870605,0.0016610766761004925
3748,0.5093399882316589,0.0016650354955345392
3749,-0.07653400301933289,0.0016697461251169443
3750,-0.537339985370636,0.0016747997142374516
3751,-0.9381449818611145,0.0016796821728348732
3752,-1.1634809970855713,0.0016846562502905726
3753,-1.1933480501174927,0.001689839642494917
3754,-1.5240190029144287,0.0016947468975558877
3755,-1.5941530466079712,0.0016990888398140669
3756,-1.6592210531234741,0.0017028594156727195
3757,-1.6541539430618286,0.0017062812112271786
3758,-1.7442879676818848,0.00170949287712574
3759,-1.8144229650497437,0.0017124664736911654
3760,-1.8845570087432861,0.0017152174841612577
3761,-1.8296229839324951,0.0017177514964714646
3762,-1.9245569705963135,0.0017200798029080033
3763,-1.9245569705963135,0.0017221730668097734
3764,-2.0149590969085693,0.0017240965971723199
3765,-1.9648250341415405,0.0017258254811167717
3766,-2.0397589206695557,0.0017273897537961602
3767,-2.034959077835083,0.001728781615383923
3768,-2.064826011657715,0.0017300290055572987
3769,-2.044826030731201,0.0017309634713456035
3770,-2.1400270462036133,0.0017315972363576293
3771,-2.1952269077301025,0.0017319153994321823
3772,-2.300295114517212,0.0017320930492132902
3773,-2.3304290771484375,0.001732098520733416
3774,-2.4554970264434814,0.001731864525936544
3775,-2.4205639362335205,0.0017315058503299952
3776,-2.540832042694092,0.0017312434501945972
3777,-2.495764970779419,0.001731216674670577
3778,-2.1400270462036133,0.001731980824843049
3779,-0.7477430105209351,0.001733626937493682
3780,-0.061601001769304276,0.0017356675816699862
3781,0.4341390132904053,0.0017383793601766229
3782,0.8248100280761719,0.0017404803074896336
3783,1.1154810190200806,0.0017413884634152055
3784,1.1656149625778198,0.0017415806651115417
3785,1.3808170557022095,0.001741973333992064
3786,1.5010850429534912,0.0017435941845178604
3787,1.5962870121002197,0.001747164991684258
3788,1.5312190055847168,0.00175229471642524
3789,1.7114880084991455,0.0017593973316252232
3790,1.7213549613952637,0.001767567708157003
3791,1.7864220142364502,0.0017763425130397081
3792,1.801622986793518,0.0017852557357400656
3793,1.856557011604309,0.001794423209503293
3794,1.8666900396347046,0.0018053348176181316
3795,1.9418909549713135,0.0018173857824876904
3796,1.906690001487732,0.0018306183628737926
3797,1.9768249988555908,0.0018449515337124467
3798,1.9568239450454712,0.001858339412137866
3799,2.032025098800659,0.0018709632568061352
3800,2.0069580078125,0.0018835992086678743
3801,2.097093105316162,0.0018963986076414585
3802,2.142159938812256,0.0019087076652795076
3803,2.197093963623047,0.0019210209138691425
3804,2.2424280643463135,0.0019344415049999952
3805,2.357362985610962,0.0019483153009787202
3806,2.357362985610962,0.001960903173312545
3807,2.4176299571990967,0.001971643650904298
3808,2.427496910095215,0.0019814041443169117
3809,2.277362108230591,0.001990253571420908
3810,1.0653469562530518,0.0019990045111626387
3811,0.1338679939508438,0.0020079195965081453
3812,-0.3370710015296936,0.0020163566805422306
3813,-0.7528089880943298,0.0020237970165908337
3814,-1.1282809972763062,0.0020297004375606775
3815,-1.1384140253067017,0.0020344890654087067
3816,-1.3237500190734863,0.0020377663895487785
3817,-1.5440189838409424,0.0020398038905113935
3818,-1.6642869710922241,0.0020408215932548046
3819,-1.6392199993133545,0.0020409675780683756
3820,-1.729354977607727,0.002040273044258356
3821,-1.7642890214920044,0.0020388285629451275
3822,-1.874690055847168,0.002036635298281908
3823,-1.8546899557113647,0.002033858560025692
3824,-1.949623942375183,0.0020305467769503593
3825,-1.9397579431533813,0.0020268273074179888
3826,-1.9946919679641724,0.002022706437855959
3827,-1.9546910524368286,0.0020182798616588116
3828,-2.049891948699951,0.0020135333761572838
3829,-2.024825096130371,0.0020085126161575317
3830,-2.114959955215454,0.002003249479457736
3831,-2.0698928833007812,0.001997813116759062
3832,-2.1400270462036133,0.001992190256714821
3833,-2.150160074234009,0.001986408606171608
3834,-2.265362024307251,0.001980492379516363
3835,-2.2853620052337646,0.0019744487944990396
3836,-2.3805630207061768,0.0019682925194501877
3837,-2.4304299354553223,0.0019620240200310946
3838,-2.485630989074707,0.0019556344486773014
3839,-2.495764970779419,0.0019491148414090276
3840,-2.540832042694092,0.001942458446137607
3841,-2.540832042694092,0.0019356993725523353
3842,-2.6058990955352783,0.0019288418116047978
3843,-2.575766086578369,0.0019219082314521074
3844,-2.625899076461792,0.0019149063155055046
3845,-2.595766067504883,0.0019078548066318035
3846,-2.6408329010009766,0.001900798175483942
3847,-2.6058990955352783,0.0018937188433483243
3848,-2.6408329010009766,0.0018866246100515127
3849,-2.5456318855285645,0.0018795118667185307
3850,-2.600832939147949,0.0018723871326074004
3851,-2.580832004547119,0.001865267287939787
3852,-2.5906989574432373,0.0018581619951874018
3853,-2.525631904602051,0.0018510505324229598
3854,-2.5456318855285645,0.0018439569976180792
3855,-2.540832042694092,0.001836866489611566
3856,-2.5906989574432373,0.0018297778442502022
3857,-2.5357649326324463,0.0018227266846224666
3858,-2.600832939147949,0.001815684838220477
3859,-2.53069806098938,0.001808629371225834
3860,-2.5656321048736572,0.0018015526002272964
3861,-2.5205650329589844,0.0017944735009223223
3862,-2.55069899559021,0.001787378452718258
3863,-2.55069899559021,0.001780280377715826
3864,-2.575766086578369,0.0017731876578181982
3865,-2.5205650329589844,0.0017661349847912788
3866,-2.55069899559021,0.0017590653151273727
3867,-2.53069806098938,0.0017521185800433159
3868,-2.5706989765167236,0.001745795365422964
3869,-2.5157649517059326,0.0017412620363757014
3870,-2.540832042694092,0.0017379646888002753
3871,-2.5157649517059326,0.0017360984347760677
3872,-2.55069899559021,0.0017361033242195845
3873,-2.525631904602051,0.0017363401129841805
3874,-2.5656321048736572,0.0017378076445311308
3875,-2.510698080062866,0.0017414330504834652
3876,-2.55069899559021,0.001744715729728341
3877,-2.53069806098938,0.0017470798920840025
3878,-2.55576491355896,0.0017487485893070698
3879,-2.4906980991363525,0.0017503765411674976
3880,-2.525631904602051,0.0017529255710542202
3881,-2.495764970779419,0.0017553388606756926
3882,-2.5656321048736572,0.0017580705462023616
3883,-2.5205650329589844,0.0017607678892090917
3884,-2.5205650329589844,0.001763736130669713
3885,-2.4805641174316406,0.0017665817867964506
3886,-2.5157649517059326,0.001769521040841937
3887,-2.5056309700012207,0.001771789975464344
3888,-2.540832042694092,0.0017738265451043844
3889,-2.5205650329589844,0.0017765340162441134
3890,-2.55576491355896,0.0017805658280849457
3891,-2.5157649517059326,0.0017852085875347257
3892,-2.525631904602051,0.0017895074561238289
3893,-2.5205650329589844,0.0017933238996192813
3894,-2.55069899559021,0.0017968667671084404
3895,-2.5157649517059326,0.00179972592741251
3896,-2.5157649517059326,0.0018011565553024411
3897,-2.4754979610443115,0.0018013438675552607
3898,-2.53069806098938,0.0018007338512688875
3899,-2.495764970779419,0.0018004851881414652
3900,-2.5205650329589844,0.001800245139747858
3901,-2.5056309700012207,0.001799731981009245
3902,-2.5205650329589844,0.0017990460619330406
3903,-2.4805641174316406,0.001798255485482514
3904,-2.55069899559021,0.0017962479032576084
3905,-2.495764970779419,0.001793393981643021
3906,-2.5357649326324463,0.0017897116485983133
3907,-2.4805641174316406,0.0017854173202067614
3908,-2.5456318855285645,0.0017804447561502457
3909,-2.495764970779419,0.001775124343112111
3910,-2.510698080062866,0.0017694758716970682
3911,-2.510698080062866,0.0017637219280004501
3912,-2.53069806098938,0.0017574555240571499
3913,-2.4906980991363525,0.0017513677012175322
3914,-2.5205650329589844,0.001745361601933837
3915,-2.495764970779419,0.0017397749470546842
3916,-2.5357649326324463,0.0017345169326290488
3917,-2.5056309700012207,0.0017295981524512172
3918,-2.540832042694092,0.001724517671391368
3919,-2.5205650329589844,0.0017193048261106014
3920,-2.525631904602051,0.0017143115401268005
3921,-2.5157649517059326,0.0017092570196837187
3922,-2.5157649517059326,0.0017041973769664764
3923,-2.4456310272216797,0.001699510496109724
3924,-2.5005650520324707,0.001694924896582961
3925,-2.4456310272216797,0.001690681790933013
3926,-2.525631904602051,0.0016868552193045616
3927,-2.470698118209839,0.0016827272484079003
3928,-2.5157649517059326,0.0016786599298939109
3929,-2.4754979610443115,0.0016746041364967823
3930,-2.4906980991363525,0.001670957775786519
3931,-2.485630989074707,0.0016677954699844122
3932,-2.525631904602051,0.001665425137616694
3933,-2.5157649517059326,0.0016641461988911033
3934,-2.29042911529541,0.001662784838117659
3935,-1.0933469533920288,0.0016610701568424702
3936,-0.10666800290346146,0.00165937514975667
3937,0.3842709958553314,0.0016577629139646888
3938,0.7898769974708557,0.0016551765147596598
3939,1.1704150438308716,0.0016506501706317067
3940,1.2106820344924927,0.0016453340649604797
3941,1.410951018333435,0.001639526104554534
3942,1.5762859582901,0.0016339775174856186
3943,1.7464220523834229,0.0016297218389809132
3944,1.6762880086898804,0.0016261637210845947
3945,1.7162879705429077,0.0016230546170845628
3946,1.7664220333099365,0.0016203365521505475
3947,1.856557011604309,0.0016176291974261403
3948,1.851755976676941,0.0016146154375746846
3949,1.9168239831924438,0.0016113941092044115
3950,1.9218909740447998,0.0016088762786239386
3951,1.9818910360336304,0.0016073893057182431
3952,1.9568239450454712,0.001606628648005426
3953,2.0120251178741455,0.001606186619028449
3954,1.9917579889297485,0.0016058493638411164
3955,2.0770928859710693,0.001605296740308404
3956,2.0069580078125,0.0016046834643930197
3957,2.1069600582122803,0.0016037964960560203
3958,2.0920259952545166,0.001602429081685841
3959,2.2021610736846924,0.0016008756356313825
3960,2.2672278881073,0.0015995409339666367
3961,2.3674960136413574,0.001598442904651165
3962,2.4026970863342285,0.0015973348636180162
3963,2.4725639820098877,0.001596083864569664
3964,2.4325640201568604,0.0015947348438203335
3965,2.3925631046295166,0.0015932468231767416
3966,1.4208179712295532,0.0015920123551040888
3967,0.2640030086040497,0.0015911670634523034
3968,-0.23680299520492554,0.0015904332976788282
3969,-0.6525409817695618,0.0015899597201496363
3970,-1.0581469535827637,0.0015899366699159145
3971,-1.1282809972763062,0.0015910286456346512
3972,-1.3237500190734863,0.00159289943985641
3973,-1.509086012840271,0.001595185836777091
3974,-1.634153962135315,0.0015975714195519686
3975,-1.629086971282959,0.00160021404735744
3976,-1.6992210149765015,0.0016032929997891188
3977,-1.724287986755371,0.001606946811079979
3978,-1.8645570278167725,0.0016107314731925726
3979,-1.8546899557113647,0.0016144805122166872
3980,-1.949623942375183,0.0016182356048375368
3981,-1.9346909523010254,0.001621875329874456
3982,-1.9698909521102905,0.001624429365620017
3983,-1.9648250341415405,0.0016263708239421248
3984,-2.0549590587615967,0.0016284458106383681
3985,-2.0397589206695557,0.0016308199847117066
3986,-2.1000258922576904,0.001633842010051012
3987,-2.0749590396881104,0.0016373407561331987
3988,-2.150160074234009,0.001640623202547431
3989,-2.1349599361419678,0.0016429420793429017
3990,-2.255228042602539,0.0016434999415650964
3991,-2.29042911529541,0.0016428014496341348
3992,-2.415497064590454,0.0016412804834544659
3993,-2.4354970455169678,0.0016396184219047427
3994,-2.470698118209839,0.0016376853454858065
3995,-2.470698118209839,0.0016355138504877687
3996,-2.540832042694092,0.0016331863589584827
3997,-2.540832042694092,0.0016306369798257947
3998,-2.5906989574432373,0.0016283015720546246
3999,-2.5656321048736572,0.0016260402044281363
4000,-2.600832939147949,0.001624215510673821
4001,-2.600832939147949,0.0016223154962062836
4002,-2.645900011062622,0.0016194356139749289
4003,-2.5608320236206055,0.001616954104974866
4004,-2.6058990955352783,0.001614362234249711
4005,-2.55576491355896,0.0016115986509248614
4006,-2.595766067504883,0.0016084348317235708
4007,-2.5706989765167236,0.0016054748557507992
4008,-2.5706989765167236,0.0016024303622543812
4009,-2.5205650329589844,0.001599618000909686
4010,-2.575766086578369,0.0015974075067788363
4011,-2.5056309700012207,0.0015952067915350199
4012,-2.5706989765167236,0.0015932735987007618
4013,-2.5157649517059326,0.0015919189900159836
4014,-2.55069899559021,0.0015914986142888665
4015,-2.5205650329589844,0.0015922908205538988
4016,-2.580832004547119,0.0015929690562188625
4017,-2.540832042694092,0.0015928969951346517
4018,-2.55576491355896,0.0015923071186989546
4019,-2.5005650520324707,0.0015915501862764359
4020,-2.55069899559021,0.0015910242218524218
4021,-2.5056309700012207,0.0015909960493445396
4022,-2.5706989765167236,0.001591382548213005
4023,-2.485630989074707,0.001591664389707148
4024,-2.55576491355896,0.0015918365679681301
4025,-2.485630989074707,0.0015912821982055902
4026,-2.5656321048736572,0.0015901767183095217
4027,-2.5157649517059326,0.0015885998727753758
4028,-2.5656321048736572,0.0015866117319092155
4029,-2.525631904602051,0.0015843911096453667
4030,-2.540832042694092,0.001582230208441615
4031,-2.5205650329589844,0.001579971518367529
4032,-2.4906980991363525,0.0015774669591337442
4033,-2.485630989074707,0.0015745842829346657
4034,-2.53069806098938,0.0015708679566159844
4035,-2.4754979610443115,0.0015661159995943308
4036,-2.53069806098938,0.0015605140943080187
4037,-2.4906980991363525,0.0015542111359536648
4038,-2.5056309700012207,0.0015473279636353254
4039,-2.495764970779419,0.0015397582901641726
4040,-2.5056309700012207,0.001532336580567062
4041,-2.4906980991363525,0.0015244105597957969
4042,-2.5056309700012207,0.0015157349407672882
4043,-2.495764970779419,0.0015064505860209465
4044,-2.53069806098938,0.0014962989371269941
4045,-2.4906980991363525,0.00148466182872653
4046,-2.5056309700012207,0.0014723896747455
4047,-2.4554970264434814,0.0014595376560464501
4048,-2.5357649326324463,0.0014462722465395927
4049,-2.4754979610443115,0.001432606833986938
4050,-2.5005650520324707,0.001418037456460297
4051,-2.4906980991363525,0.0014033924089744687
4052,-2.540832042694092,0.001388306962326169
4053,-2.460563898086548,0.0013724630698561668
4054,-2.55069899559021,0.0013576953206211329
4055,-2.495764970779419,0.0013434786815196276
4056,-2.540832042694092,0.001329266931861639
4057,-2.460563898086548,0.001314573921263218
4058,-2.5005650520324707,0.0012997863814234734
4059,-2.4805641174316406,0.0012849681079387665
4060,-2.540832042694092,0.0012692869640886784
4061,-2.510698080062866,0.0012533781118690968
4062,-2.5005650520324707,0.0012387118767946959
4063,-2.4805641174316406,0.0012255755718797445
4064,-2.525631904602051,0.0012128626694902778
4065,-2.485630989074707,0.0012004842283204198
4066,-2.5357649326324463,0.0011884270934388041
4067,-2.495764970779419,0.0011762784561142325
4068,-2.5157649517059326,0.0011645688209682703
4069,-2.4805641174316406,0.001154353958554566
4070,-2.525631904602051,0.0011459678644314408
4071,-2.470698118209839,0.0011387906270101666
4072,-2.540832042694092,0.0011330307461321354
4073,-2.5157649517059326,0.0011284004431217909
4074,-2.5157649517059326,0.0011246768990531564
4075,-2.485630989074707,0.0011216388083994389
4076,-2.5056309700012207,0.0011192879173904657
4077,-2.4506969451904297,0.0011174718383699656
4078,-2.525631904602051,0.0011161386501044035
4079,-2.4906980991363525,0.0011151647195219994
4080,-2.510698080062866,0.0011145153548568487
4081,-2.4805641174316406,0.001114094047807157
4082,-2.525631904602051,0.0011138970730826259
4083,-2.4656310081481934,0.001113857957534492
4084,-2.5157649517059326,0.0011140006827190518
4085,-2.4656310081481934,0.0011142912553623319
4086,-2.495764970779419,0.0011147299082949758
4087,-2.4805641174316406,0.0011152320075780153
4088,-2.540832042694092,0.0011158367851749063
4089,-2.4656310081481934,0.0011164996540173888
4090,-2.53069806098938,0.0011172133963555098
4091,-2.495764970779419,0.001117972657084465
4092,-2.5205650329589844,0.0011187572963535786
4093,-2.4906980991363525,0.0011195573024451733
4094,-2.5056309700012207,0.0011203784961253405
4095,-2.4805641174316406,0.0011212064418941736
4096,-2.525631904602051,0.001122047659009695
4097,-2.470698118209839,0.0011229044757783413
4098,-2.5205650329589844,0.0011237671133130789
4099,-2.4805641174316406,0.0011246290523558855
4100,-2.5205650329589844,0.00112549914047122
4101,-2.4805641174316406,0.0011263580527156591
4102,-2.525631904602051,0.0011272187111899257
4103,-2.4906980991363525,0.0011280874023213983
4104,-2.495764970779419,0.0011289434041827917
4105,-2.5456318855285645,0.0011297878809273243
4106,-2.5205650329589844,0.0011306414380669594
4107,-2.4805641174316406,0.0011314961593598127
4108,-2.540832042694092,0.0011323457583785057
4109,-2.4754979610443115,0.0011332121212035418
4110,-2.5056309700012207,0.0011340752243995667
4111,-2.4656310081481934,0.0011349364649504423
4112,-2.510698080062866,0.0011358126066625118
4113,-2.4304299354553223,0.0011367008555680513
4114,-2.5205650329589844,0.0011375960893929005
4115,-2.4805641174316406,0.0011384617537260056
4116,-2.5005650520324707,0.001139307045377791
4117,-2.470698118209839,0.0011401795782148838
4118,-2.510698080062866,0.0011410714359954
4119,-2.495764970779419,0.0011421630624681711
4120,-2.5157649517059326,0.001143564935773611
4121,-2.4304299354553223,0.0011455747298896313
4122,-1.7845560312271118,0.0011484974529594183
4123,-0.4672060012817383,0.001151891192421317
4124,0.11360099911689758,0.001154842204414308
4125,0.6296079754829407,0.0011559921549633145
4126,1.0053459405899048,0.0011560764396563172
4127,1.1656149625778198,0.0011548546608537436
4128,1.2656160593032837,0.0011517448583617806
4129,1.5160189867019653,0.00114881107583642
4130,1.636286973953247,0.0011454832274466753
4131,1.7213549613952637,0.001140825217589736
4132,1.6562869548797607,0.0011372381122782826
4133,1.7714890241622925,0.0011353453155606985
4134,1.8066890239715576,0.0011337120085954666
4135,1.856557011604309,0.0011318528559058905
4136,1.8616230487823486,0.0011290321126580238
4137,1.9618910551071167,0.0011264861095696688
4138,1.9418909549713135,0.0011241284664720297
4139,1.9869580268859863,0.0011222581379115582
4140,1.9768249988555908,0.0011196860577911139
4141,2.02695894241333,0.001117034931667149
4142,2.0520260334014893,0.0011141611030325294
4143,2.097093105316162,0.001112672733142972
4144,2.061892032623291,0.0011112380307167768
4145,2.152026891708374,0.001109592616558075
4146,2.192293882369995,0.0011074896901845932
4147,2.302428960800171,0.001105831703171134
4148,2.3373630046844482,0.0011055099312216043
4149,2.4325640201568604,0.0011061645345762372
4150,2.4026970863342285,0.0011065960861742496
4151,2.4626970291137695,0.0011066203005611897
4152,2.452564001083374,0.0011063588317483664
4153,2.5277650356292725,0.0011064348509535193
4154,2.492830991744995,0.0011061278637498617
4155,2.5778989791870117,0.0011052903719246387
4156,2.522697925567627,0.0011043143458664417
4157,2.562964916229248,0.0011035817442461848
4158,2.562964916229248,0.0011024002451449633
4159,2.58776593208313,0.0011005161795765162
4160,2.5176310539245605,0.001099107787013054
4161,2.58776593208313,0.0010986763518303633
4162,2.507765054702759,0.0010996958008036017
4163,2.5728321075439453,0.001101005938835442
4164,2.497631072998047,0.0011025306303054094
4165,2.512830972671509,0.001104698865674436
4166,2.492830991744995,0.0011070454493165016
4167,2.507765054702759,0.001109112286940217
4168,2.497631072998047,0.0011116949608549476
4169,2.537898063659668,0.0011139479465782642
4170,2.4826979637145996,0.0011162549490109086
4171,2.5026979446411133,0.001118632615543902
4172,2.442697048187256,0.0011209289077669382
4173,2.512830972671509,0.001123316353186965
4174,2.4877638816833496,0.001126323826611042
4175,2.492830991744995,0.0011301175691187382
4176,2.442697048187256,0.0011338102631270885
4177,2.5176310539245605,0.0011379170464351773
4178,2.452564001083374,0.0011417627101764083
4179,2.507765054702759,0.0011445633135735989
4180,2.4576311111450195,0.0011468378361314535
4181,2.4877638816833496,0.0011486748699098825
4182,2.4477639198303223,0.0011502837296575308
4183,2.497631072998047,0.001152691780589521
4184,2.442697048187256,0.0011558803962543607
4185,2.477631092071533,0.001159380073659122
4186,2.467763900756836,0.0011615699622780085
4187,2.4877638816833496,0.0011626939522102475
4188,2.452564001083374,0.0011629322543740273
4189,2.4626970291137695,0.0011624762555584311
4190,2.467763900756836,0.0011629662476480007
4191,2.477631092071533,0.0011650375090539455
4192,2.442697048187256,0.0011668839724734426
4193,2.452564001083374,0.0011689153034240007
4194,2.4176299571990967,0.0011700621107593179
4195,2.452564001083374,0.001170778414234519
4196,2.427496910095215,0.0011715951841324568
4197,2.4877638816833496,0.001173031865619123
4198,2.4325640201568604,0.001174648990854621
4199,2.4725639820098877,0.001175463548861444
4200,2.4176299571990967,0.0011760848574340343
4201,2.452564001083374,0.0011771670542657375
4202,2.427496910095215,0.0011793926823884249
4203,2.452564001083374,0.00118277408182621
4204,2.442697048187256,0.0011855673510581255
4205,2.4877638816833496,0.0011868673609569669
4206,2.427496910095215,0.0011874963529407978
4207,2.477631092071533,0.0011883502593263984
4208,2.407496929168701,0.0011895322240889072
4209,2.477631092071533,0.0011910655302926898
4210,2.4325640201568604,0.0011927923187613487
4211,2.427496910095215,0.001194447511807084
4212,2.4176299571990967,0.00119608617387712
4213,2.467763900756836,0.0011978645343333483
4214,2.407496929168701,0.001199899590574205
4215,2.452564001083374,0.0012014389503747225
4216,2.4026970863342285,0.0012021905276924372
4217,2.452564001083374,0.0012026149779558182
4218,2.4026970863342285,0.0012030384968966246
4219,2.4576311111450195,0.0012035598047077656
4220,2.427496910095215,0.0012031785445287824
4221,2.4725639820098877,0.001201860373839736
4222,2.4125630855560303,0.001200518454425037
4223,2.4376299381256104,0.0011989377671852708
4224,2.4176299571990967,0.001197321806102991
4225,2.467763900756836,0.001195956370793283
4226,2.422697067260742,0.00119433319196105
4227,2.4477639198303223,0.0011929452884942293
4228,2.4026970863342285,0.001190650393255055
4229,2.4725639820098877,0.0011878132354468107
4230,2.4125630855560303,0.0011856347555294633
4231,2.4725639820098877,0.0011836064513772726
4232,2.4576311111450195,0.0011809514835476875
4233,2.477631092071533,0.0011776473838835955
4234,2.4325640201568604,0.0011734890285879374
4235,2.4725639820098877,0.0011690689716488123
4236,2.407496929168701,0.0011643788311630487
4237,2.4725639820098877,0.0011587184853851795
4238,2.4176299571990967,0.0011540085542947054
4239,2.4376299381256104,0.0011510823387652636
4240,2.427496910095215,0.0011485606664791703
4241,2.467763900756836,0.0011453323531895876
4242,2.4125630855560303,0.0011419540969654918
4243,2.4626970291137695,0.0011376622132956982
4244,2.4176299571990967,0.0011332244612276554
4245,2.477631092071533,0.0011292388662695885
4246,2.427496910095215,0.0011255781864747405
4247,2.4576311111450195,0.0011230328818783164
4248,2.4325640201568604,0.001121011096984148
4249,2.4477639198303223,0.0011199084110558033
4250,2.4176299571990967,0.0011190618388354778
4251,2.4626970291137695,0.0011191987432539463
4252,2.4325640201568604,0.0011186988558620214
4253,2.497631072998047,0.0011182394810020924
4254,2.4325640201568604,0.0011177642736583948
4255,2.4725639820098877,0.0011171458754688501
4256,2.4176299571990967,0.0011155451647937298
4257,2.4725639820098877,0.001114486949518323
4258,2.422697067260742,0.0011137486435472965
4259,2.4626970291137695,0.001113576116040349
4260,2.407496929168701,0.0011131337378174067
4261,2.452564001083374,0.001112810568884015
4262,2.422697067260742,0.001113005680963397
4263,2.4626970291137695,0.00111320149153471
4264,2.397629976272583,0.0011145374737679958
4265,2.4325640201568604,0.0011167516931891441
4266,2.4026970863342285,0.0011199943255633116
4267,2.4176299571990967,0.0011235140264034271
4268,2.4026970863342285,0.0011269696988165379
4269,2.4376299381256104,0.0011320743942633271
4270,2.4176299571990967,0.0011351897846907377
4271,2.427496910095215,0.0011380919022485614
4272,2.407496929168701,0.0011420503724366426
4273,2.452564001083374,0.0011474518105387688
4274,2.4176299571990967,0.001157799270004034
4275,2.4477639198303223,0.0011695274151861668
4276,2.4325640201568604,0.0011836274061352015
4277,2.442697048187256,0.0011997309047728777
4278,1.9917579889297485,0.0012174348812550306
4279,0.7597429752349854,0.0012346957810223103
4280,-0.07146800309419632,0.0012501096352934837
4281,-0.5224069952964783,0.0012632086873054504
4282,-1.01814603805542,0.0012790190521627665
4283,-1.2034820318222046,0.0013004473876208067
4284,-1.348816990852356,0.0013278776314109564
4285,-1.4890849590301514,0.0013615078059956431
4286,-1.714421033859253,0.0014042109251022339
4287,-1.7042880058288574,0.0014540692791342735
4288,-1.7442879676818848,0.0015062992461025715
4289,-1.8045560121536255,0.001563651254400611
4290,-1.8997570276260376,0.0016295803943648934
4291,-1.9245569705963135,0.001699232729151845
4292,-1.9746910333633423,0.0017671107780188322
4293,-1.9648250341415405,0.001830910798162222
4294,-2.044826030731201,0.001894370187073946
4295,-2.019758939743042,0.0019502805080264807
4296,-2.064826011657715,0.002006018999963999
4297,-2.044826030731201,0.0020691908430308104
4298,-2.105093002319336,0.0021559917367994785
4299,-2.1000258922576904,0.002244028262794018
4300,-2.1701600551605225,0.0023112623021006584
4301,-2.1701600551605225,0.002369583584368229
4302,-2.2202939987182617,0.0024061906151473522
4303,-2.2501609325408936,0.002429391723126173
4304,-2.3754959106445312,0.0024477862752974033
4305,-2.4304299354553223,0.002501073991879821
4306,-2.4906980991363525,0.0025395592674613
4307,-2.5205650329589844,0.0025657264050096273
4308,-2.55576491355896,0.0025839207228273153
4309,-2.55576491355896,0.002598015358671546
4310,-2.6157660484313965,0.0026092184707522392
4311,-2.5858991146087646,0.0026225147303193808
4312,-2.6658999919891357,0.0026316712610423565
4313,-2.6309659481048584,0.0026406371034681797
4314,-2.625899076461792,0.0026489475276321173
4315,-2.6157660484313965,0.002655342221260071
4316,-2.6309659481048584,0.002663301769644022
4317,-2.6058990955352783,0.0026683530304580927
4318,-2.6109659671783447,0.0026735449209809303
4319,-2.600832939147949,0.0026771314442157745
4320,-2.600832939147949,0.002679876983165741
4321,-2.580832004547119,0.002680789213627577
4322,-2.580832004547119,0.002681346144527197
4323,-2.55069899559021,0.0026810450945049524
4324,-2.575766086578369,0.0026811889838427305
4325,-2.55576491355896,0.002681309822946787
4326,-2.525631904602051,0.0026813610456883907
4327,-2.540832042694092,0.002682140562683344
4328,-2.55576491355896,0.0026833354495465755
4329,-2.540832042694092,0.0026852265000343323
4330,-2.580832004547119,0.002688039792701602
4331,-2.510698080062866,0.0026907306164503098
4332,-2.5706989765167236,0.002694293623790145
4333,-2.5056309700012207,0.002696462208405137
4334,-2.5205650329589844,0.0026987106539309025
4335,-2.4906980991363525,0.002700396813452244
4336,-2.53069806098938,0.002701273187994957
4337,-2.5056309700012207,0.0027021034620702267
4338,-2.5056309700012207,0.002702506259083748
4339,-2.510698080062866,0.00270337937399745
4340,-2.540832042694092,0.0027043879963457584
4341,-2.4754979610443115,0.0027050855569541454
4342,-2.53069806098938,0.0027056876569986343
4343,-2.4754979610443115,0.002706289291381836
4344,-2.540832042694092,0.0027066469192504883
4345,-2.4906980991363525,0.002706864383071661
4346,-2.5005650520324707,0.0027070115320384502
4347,-2.4906980991363525,0.002707122126594186
4348,-2.53069806098938,0.0027072520460933447
4349,-2.485630989074707,0.002707432024180889
4350,-2.5205650329589844,0.002707668114453554
4351,-2.5056309700012207,0.002707836451008916
4352,-2.525631904602051,0.002707915846258402
4353,-2.4554970264434814,0.0027079074643552303
4354,-2.525631904602051,0.002707838313654065
4355,-2.4805641174316406,0.002707728883251548
4356,-2.5205650329589844,0.0027075735852122307
4357,-2.4906980991363525,0.002707401756197214
4358,-2.525631904602051,0.0027072220109403133
4359,-2.4906980991363525,0.0027070471551269293
4360,-2.5357649326324463,0.0027068539056926966
4361,-2.5056309700012207,0.002706544240936637
4362,-2.540832042694092,0.0027061321306973696
4363,-2.495764970779419,0.0027055887039750814
4364,-2.5056309700012207,0.0027049467898905277
4365,-2.485630989074707,0.0027042259462177753
4366,-2.53069806098938,0.0027034436352550983
4367,-2.485630989074707,0.0027026301249861717
4368,-2.540832042694092,0.0027017840184271336
4369,-2.4906980991363525,0.0027009095065295696
4370,-2.55576491355896,0.0027000217232853174
4371,-2.5157649517059326,0.002699177246540785
4372,-2.55576491355896,0.002698354423046112
4373,-2.5005650520324707,0.0026975120417773724
4374,-2.5205650329589844,0.00269664591178298
4375,-2.485630989074707,0.002695591887459159
4376,-2.5005650520324707,0.0026942123658955097
4377,-2.495764970779419,0.0026922186370939016
4378,-2.525631904602051,0.002689297776669264
4379,-2.460563898086548,0.00268577691167593
4380,-2.525631904602051,0.0026820783969014883
4381,-2.4805641174316406,0.00267833867110312
4382,-2.55576491355896,0.002674449933692813
4383,-2.5005650520324707,0.002670415211468935
4384,-2.525631904602051,0.0026666249614208937
4385,-2.5005650520324707,0.002662843093276024
4386,-2.540832042694092,0.002658815123140812
4387,-2.470698118209839,0.002654493087902665
4388,-2.540832042694092,0.002649847883731127
4389,-2.495764970779419,0.002644749591127038
4390,-2.5005650520324707,0.002639849204570055
4391,-2.4506969451904297,0.002634807024151087
4392,-2.5056309700012207,0.002629864029586315
4393,-2.4754979610443115,0.002624800428748131
4394,-2.55576491355896,0.0026192553341388702
4395,-2.4906980991363525,0.0026133665814995766
4396,-2.5005650520324707,0.002607863862067461
4397,-2.470698118209839,0.002602390944957733
4398,-2.5056309700012207,0.0025966311804950237
4399,-2.5157649517059326,0.0025904260110110044
4400,-2.55576491355896,0.0025845440104603767
4401,-2.495764970779419,0.0025786275509744883
4402,-2.540832042694092,0.002572377910837531
4403,-2.4754979610443115,0.0025656060315668583
4404,-2.53069806098938,0.002558340784162283
4405,-2.495764970779419,0.0025508322287350893
4406,-2.55069899559021,0.002543772105127573
4407,-2.5056309700012207,0.0025374845135957003
4408,-2.540832042694092,0.002532285638153553
4409,-2.4906980991363525,0.002527781529352069
4410,-2.5357649326324463,0.002524204319342971
4411,-2.5157649517059326,0.0025213484186679125
4412,-2.525631904602051,0.002518863882869482
4413,-2.5056309700012207,0.0025163425598293543
4414,-2.5157649517059326,0.0025141239166259766
4415,-2.5005650520324707,0.0025119951460510492
4416,-2.540832042694092,0.00250962283462286
4417,-2.495764970779419,0.0025066242087632418
4418,-2.55576491355896,0.0025026381481438875
4419,-2.4754979610443115,0.0024987405631691217
4420,-2.5056309700012207,0.0024947337806224823
4421,-2.4554970264434814,0.0024902806617319584
4422,-2.525631904602051,0.002485723700374365
4423,-2.495764970779419,0.0024811408948153257
4424,-2.5357649326324463,0.002476245630532503
4425,-2.5056309700012207,0.002471456304192543
4426,-2.53069806098938,0.002466795267537236
4427,-2.470698118209839,0.0024619069881737232
4428,-2.525631904602051,0.002457001246511936
4429,-2.470698118209839,0.002452102256938815
4430,-2.53069806098938,0.0024472151417285204
4431,-2.5056309700012207,0.0024420926347374916
4432,-2.5056309700012207,0.0024372136685997248
4433,-2.5056309700012207,0.002432306995615363
4434,-2.525631904602051,0.00242792721837759
4435,-2.470698118209839,0.002424455713480711
4436,-2.53069806098938,0.0024216221645474434
4437,-2.485630989074707,0.0024190754629671574
4438,-2.525631904602051,0.002416476607322693
4439,-2.485630989074707,0.002413503360003233
4440,-2.55069899559021,0.0024098106659948826
4441,-2.4754979610443115,0.002405863720923662
4442,-2.5005650520324707,0.002402911428362131
4443,-2.4906980991363525,0.0024005703162401915
4444,-2.53069806098938,0.002398445038124919
4445,-2.4805641174316406,0.0023960531689226627
4446,-2.525631904602051,0.002392942551523447
4447,-2.485630989074707,0.0023886142298579216
4448,-2.5205650329589844,0.0023843995295464993
4449,-2.510698080062866,0.0023799664340913296
4450,-2.53069806098938,0.0023764062207192183
4451,-2.4906980991363525,0.002373277908191085
4452,-2.485630989074707,0.0023700841702520847
4453,-2.4805641174316406,0.0023663435131311417
4454,-2.525631904602051,0.0023624738678336143
4455,-2.4754979610443115,0.0023594708181917667
4456,-2.5205650329589844,0.002356703858822584
4457,-2.4805641174316406,0.002353520132601261
4458,-2.5157649517059326,0.002349217189475894
4459,-2.4805641174316406,0.002343797590583563
4460,-2.5005650520324707,0.0023389840498566628
4461,-2.470698118209839,0.0023357036989182234
4462,-2.510698080062866,0.0023330901749432087
4463,-2.495764970779419,0.002330297138541937
4464,-2.525631904602051,0.002327180001884699
4465,-2.5005650520324707,0.0023237396962940693
4466,-2.525631904602051,0.0023201098665595055
4467,-2.4754979610443115,0.0023165864404290915
4468,-2.510698080062866,0.002313091419637203
4469,-2.495764970779419,0.002309459028765559
4470,-2.55069899559021,0.0023054983466863632
4471,-2.485630989074707,0.0023020110093057156
4472,-2.525631904602051,0.002299313200637698
4473,-2.4906980991363525,0.0022969814017415047
4474,-2.5157649517059326,0.0022946770768612623
4475,-2.4906980991363525,0.0022921538911759853
4476,-2.53069806098938,0.002290101256221533
4477,-2.4906980991363525,0.0022885461803525686
4478,-2.5157649517059326,0.0022868290543556213
4479,-2.4805641174316406,0.002285031136125326
4480,-2.525631904602051,0.0022830874659121037
4481,-2.495764970779419,0.002280598971992731
4482,-2.53069806098938,0.002278038300573826
4483,-2.4656310081481934,0.002274727448821068
4484,-2.53069806098938,0.002271715085953474
4485,-2.495764970779419,0.002268800511956215
4486,-2.5456318855285645,0.00226529105566442
4487,-2.4805641174316406,0.0022614672780036926
4488,-2.525631904602051,0.0022578611969947815
4489,-2.4906980991363525,0.0022545144893229008
4490,-2.5005650520324707,0.002251847181469202
4491,-2.4906980991363525,0.0022492227144539356
4492,-2.5056309700012207,0.0022463686764240265
4493,-2.5005650520324707,0.002244008472189307
4494,-2.5157649517059326,0.002241241279989481
4495,-2.470698118209839,0.002237305510789156
4496,-2.540832042694092,0.0022334277164191008
4497,-2.495764970779419,0.002230459824204445
4498,-2.525631904602051,0.0022275056689977646
4499,-2.4906980991363525,0.002225377131253481
4500,-2.540832042694092,0.002223672578111291
4501,-2.4805641174316406,0.002222225535660982
4502,-2.5157649517059326,0.0022216071374714375
4503,-2.470698118209839,0.0022207177244126797
4504,-2.525631904602051,0.0022197712678462267
4505,-2.4805641174316406,0.002218662528321147
4506,-2.53069806098938,0.0022178222425282
4507,-2.4805641174316406,0.0022161430679261684
4508,-2.510698080062866,0.0022148299030959606
4509,-2.485630989074707,0.0022128261625766754
4510,-2.495764970779419,0.002209928585216403
4511,-2.510698080062866,0.0022067101672291756
4512,-2.53069806098938,0.0022036777809262276
4513,-2.470698118209839,0.0021998323500156403
4514,-2.55576491355896,0.0021959268487989902
4515,-2.510698080062866,0.002191473264247179
4516,-2.5205650329589844,0.0021868646144866943
4517,-2.5005650520324707,0.0021818429231643677
4518,-2.540832042694092,0.002176327398046851
4519,-2.5056309700012207,0.002170811640098691
4520,-2.5005650520324707,0.00216442858800292
4521,-2.4506969451904297,0.002157132839784026
4522,-2.53069806098938,0.002148597501218319
4523,-2.5056309700012207,0.0021402796264737844
4524,-2.540832042694092,0.002132175024598837
4525,-2.4906980991363525,0.002122241072356701
4526,-2.5656321048736572,0.0021136882714927197
4527,-2.5005650520324707,0.002104448154568672
4528,-2.525631904602051,0.002094495575875044
4529,-2.4805641174316406,0.0020840573124587536
4530,-2.510698080062866,0.0020693514961749315
4531,-2.495764970779419,0.0020536051597446203
4532,-2.5157649517059326,0.0020353798754513264
4533,-2.495764970779419,0.0020147468894720078
4534,-2.53069806098938,0.0019921883940696716
4535,-2.460563898086548,0.0019702445715665817
4536,-2.5157649517059326,0.0019503385992720723
4537,-2.5005650520324707,0.0019336679251864552
4538,-2.5205650329589844,0.0019150556763634086
4539,-2.4906980991363525,0.0018914899555966258
4540,-2.5357649326324463,0.0018624145304784179
4541,-2.4906980991363525,0.0018274562899023294
4542,-2.485630989074707,0.0017835611943155527
4543,-2.495764970779419,0.0017326951492577791
4544,-2.5357649326324463,0.0016795860137790442
4545,-2.495764970779419,0.0016214962815865874
4546,-2.5357649326324463,0.0015548805240541697
4547,-2.4506969451904297,0.001484589884057641
4548,-2.4906980991363525,0.0014160980936139822
4549,-2.4456310272216797,0.0013517221668735147
4550,-2.4906980991363525,0.0012876959517598152
4551,-2.4456310272216797,0.0012312531471252441
4552,-2.5005650520324707,0.0011750287376344204
4553,-2.470698118209839,0.0011114338412880898
4554,-2.5056309700012207,0.0010242786956951022
4555,-2.470698118209839,0.0009360415861010551
4556,-2.510698080062866,0.0008688262896612287
4557,-2.4906980991363525,0.0008109023910947144
4558,-2.495764970779419,0.000775197462644428
4559,-2.2501609325408936,0.0007543319370597601
4560,-1.0682799816131592,0.0007393363630399108
4561,-0.07653400301933289,0.0006890618242323399
4562,0.3490709960460663,0.0006525440840050578
4563,0.8549439907073975,0.000627838890068233
4564,1.1154810190200806,0.0006108086090534925
4565,1.1805479526519775,0.000598146696574986
4566,1.4008179903030396,0.0005881368415430188
4567,1.6112200021743774,0.0005770975258201361
4568,1.6762880086898804,0.0005704443901777267
4569,1.6712210178375244,0.0005636157002300024
4570,1.7162879705429077,0.0005577548290602863
4571,1.8114889860153198,0.0005541291902773082
4572,1.8416229486465454,0.0005496922531165183
4573,1.8717570304870605,0.0005486320587806404
4574,1.8968240022659302,0.0005478433449752629
4575,1.9618910551071167,0.0005485322326421738
4576,1.9717580080032349,0.0005505247972905636
4577,2.0069580078125,0.0005545957246795297
4578,1.9768249988555908,0.0005609653890132904
4579,2.0520260334014893,0.0005690028192475438
4580,2.0069580078125,0.0005771816940978169
4581,2.097093105316162,0.0005848279688507318
4582,2.0821590423583984,0.0005941246636211872
4583,2.167227029800415,0.0006019665161147714
4584,2.1872270107269287,0.0006099090096540749
4585,2.2874948978424072,0.0006181386997923255
4586,2.3424289226531982,0.0006265654228627682
4587,2.4125630855560303,0.0006394690135493875
4588,2.3874969482421875,0.0006537135341204703
4589,2.497631072998047,0.0006716942880302668
4590,2.357362985610962,0.0006911228410899639
4591,1.4360179901123047,0.0007116853957995772
4592,0.21386900544166565,0.0007321382290683687
4593,-0.16666899621486664,0.0007486666436307132
4594,-0.7026749849319458,0.00076343456748873
4595,-1.0482800006866455,0.0007786647765897214
4596,-1.1482809782028198,0.0007961327210068703
4597,-1.3186830282211304,0.0008191539091058075
4598,-1.5541529655456543,0.0008457936346530914
4599,-1.6541539430618286,0.0008785704849287868
4600,-1.6541539430618286,0.0009180885390378535
4601,-1.6741540431976318,0.0009610031847842038
4602,-1.789355993270874,0.001006060978397727
4603,-1.8194890022277832,0.0010572245810180902
4604,-1.8794900178909302,0.0011190224904567003
4605,-1.9045569896697998,0.0011911941692233086
4606,-2.0048251152038574,0.0012618429027497768
4607,-1.9648250341415405,0.0013245579320937395
4608,-2.0298919677734375,0.0013787983916699886
4609,-2.019758939743042,0.001433810917660594
4610,-2.0949599742889404,0.0015052405651658773
4611,-2.060025930404663,0.0015803193673491478
4612,-2.120026111602783,0.0016511814901605248
4613,-2.114959955215454,0.0017150590429082513
4614,-2.2000279426574707,0.001758801518008113
4615,-2.210160970687866,0.0017844284884631634
4616,-2.3402960300445557,0.0017977611860260367
4617,-2.345362901687622,0.0018783339764922857
4618,-2.4506969451904297,0.0019162135431542993
4619,-2.4304299354553223,0.0019471043488010764
4620,-2.4906980991363525,0.001966607291251421
4621,-2.53069806098938,0.001982522662729025
4622,-2.575766086578369,0.0019954221788793802
4623,-2.55576491355896,0.0020081335678696632
4624,-2.6408329010009766,0.0020195734687149525
4625,-2.5706989765167236,0.002028774470090866
4626,-2.6157660484313965,0.0020399056375026703
4627,-2.5858991146087646,0.0020474749617278576
4628,-2.6058990955352783,0.0020552161149680614
4629,-2.5706989765167236,0.0020620666909962893
4630,-2.6309659481048584,0.002067809458822012
4631,-2.575766086578369,0.002073559444397688
4632,-2.595766067504883,0.0020773867145180702
4633,-2.580832004547119,0.002080281265079975
4634,-2.5906989574432373,0.0020817508921027184
4635,-2.510698080062866,0.0020828191190958023
4636,-2.5656321048736572,0.002083713421598077
4637,-2.53069806098938,0.002084599807858467
4638,-2.525631904602051,0.0020859474316239357
4639,-2.510698080062866,0.00208717817440629
4640,-2.55069899559021,0.002089635469019413
4641,-2.5157649517059326,0.002091991249471903
4642,-2.5608320236206055,0.0020960005931556225
4643,-2.5056309700012207,0.0020994863007217646
4644,-2.5357649326324463,0.0021036872640252113
4645,-2.53069806098938,0.0021072085946798325
4646,-2.5608320236206055,0.0021101816091686487
4647,-2.510698080062866,0.0021136270370334387
4648,-2.55069899559021,0.0021155725698918104
4649,-2.510698080062866,0.002117599593475461
4650,-2.55576491355896,0.0021189372055232525
4651,-2.5157649517059326,0.0021204748190939426
4652,-2.5608320236206055,0.0021224855445325375
4653,-2.5056309700012207,0.002124176826328039
4654,-2.525631904602051,0.002125732135027647
4655,-2.495764970779419,0.002127264626324177
4656,-2.525631904602051,0.0021285759285092354
4657,-2.5005650520324707,0.0021297200582921505
4658,-2.5656321048736572,0.0021308115683496
4659,-2.470698118209839,0.0021319061052054167
4660,-2.5357649326324463,0.0021330323070287704
4661,-2.470698118209839,0.0021342486143112183
4662,-2.5205650329589844,0.002135426504537463
4663,-2.4906980991363525,0.002136488910764456
4664,-2.5056309700012207,0.002137469593435526
4665,-2.4805641174316406,0.0021383804269135
4666,-2.5005650520324707,0.0021392456255853176
4667,-2.4906980991363525,0.002140072640031576
4668,-2.55069899559021,0.0021408870816230774
4669,-2.4805641174316406,0.0021416968666017056
4670,-2.525631904602051,0.0021425215527415276
4671,-2.4805641174316406,0.0021433443762362003
4672,-2.55069899559021,0.0021441911812871695
4673,-2.4754979610443115,0.0021450314670801163
4674,-2.525631904602051,0.002145846141502261
4675,-2.4906980991363525,0.0021465085446834564
4676,-2.525631904602051,0.002147065941244364
4677,-2.485630989074707,0.0021474850364029408
4678,-2.55576491355896,0.0021478026174008846
4679,-2.470698118209839,0.0021480564028024673
4680,-2.5157649517059326,0.002148258499801159
4681,-2.4656310081481934,0.002148423809558153
4682,-2.5608320236206055,0.0021485674660652876
4683,-2.510698080062866,0.0021486966870725155
4684,-2.5357649326324463,0.0021488142665475607
4685,-2.510698080062866,0.0021489299833774567
4686,-2.5205650329589844,0.002149040810763836
4687,-2.510698080062866,0.002149154432117939
4688,-2.540832042694092,0.002149265957996249
4689,-2.4805641174316406,0.002149374922737479
4690,-2.55576491355896,0.002149485982954502
4691,-2.4754979610443115,0.0021496033295989037
4692,-2.525631904602051,0.0021497104316949844
4693,-2.495764970779419,0.002149812411516905
4694,-2.510698080062866,0.0021499106660485268
4695,-2.4754979610443115,0.0021500098519027233
4696,-2.540832042694092,0.002150109503418207
4697,-2.5157649517059326,0.0021502203308045864
4698,-2.5456318855285645,0.0021503360476344824
4699,-2.495764970779419,0.002150464802980423
4700,-2.55576491355896,0.0021505991462618113
4701,-2.4656310081481934,0.0021507362835109234
4702,-2.5056309700012207,0.002150873187929392
4703,-2.485630989074707,0.002151003573089838
4704,-2.525631904602051,0.0021511248778551817
4705,-2.5056309700012207,0.002151243621483445
4706,-2.525631904602051,0.0021513665560632944
4707,-2.4906980991363525,0.0021514911204576492
4708,-2.5357649326324463,0.002151621039956808
4709,-2.53069806098938,0.002151764929294586
4710,-2.53069806098938,0.0021518983412534
4711,-2.495764970779419,0.0021520256996154785
4712,-2.540832042694092,0.0021521556191146374
4713,-2.4805641174316406,0.0021522818133234978
4714,-2.55069899559021,0.0021524010226130486
4715,-2.5056309700012207,0.002152523258700967
4716,-2.525631904602051,0.002152650151401758
4717,-2.525631904602051,0.0021527749486267567
4718,-2.55069899559021,0.002152910688892007
4719,-2.5056309700012207,0.002153049921616912
4720,-2.53069806098938,0.0021532000973820686
4721,-2.5056309700012207,0.0021533567924052477
4722,-2.540832042694092,0.0021535158157348633
4723,-2.470698118209839,0.0021536890417337418
4724,-2.5157649517059326,0.0021538538858294487
4725,-2.4656310081481934,0.002154008485376835
4726,-2.53069806098938,0.0021541614551097155
4727,-2.4656310081481934,0.0021543041802942753
4728,-2.5157649517059326,0.0021544438786804676
4729,-2.4805641174316406,0.002154585439711809
4730,-2.525631904602051,0.0021547414362430573
4731,-2.5157649517059326,0.0021549020893871784
4732,-2.525631904602051,0.002155063208192587
4733,-2.4805641174316406,0.002155240625143051
4734,-2.5005650520324707,0.002155398251488805
4735,-2.470698118209839,0.00215554959140718
4736,-2.525631904602051,0.0021556958090513945
4737,-2.4554970264434814,0.0021558310836553574
4738,-2.53069806098938,0.002155965892598033
4739,-2.525631904602051,0.002156095579266548
4740,-2.5205650329589844,0.0021562324836850166
4741,-2.525631904602051,0.0021563719492405653
4742,-2.5205650329589844,0.0021566920913755894
4743,-2.495764970779419,0.0021576087456196547
4744,-2.55576491355896,0.002160571049898863
4745,-2.4554970264434814,0.0021644877269864082
4746,-2.55576491355896,0.0021700181532651186
4747,-2.5205650329589844,0.0021769595332443714
4748,-2.525631904602051,0.0021838692482560873
4749,-2.4906980991363525,0.002191629260778427
4750,-2.5157649517059326,0.0022009904496371746
4751,-2.485630989074707,0.002209060126915574
4752,-2.540832042694092,0.0022160429507493973
4753,-2.470698118209839,0.0022227310109883547
4754,-2.5157649517059326,0.002229820005595684
4755,-2.4805641174316406,0.0022376663982868195
4756,-2.5205650329589844,0.002245428040623665
4757,-2.510698080062866,0.0022533920127898455
4758,-2.525631904602051,0.0022612493485212326
4759,-2.4805641174316406,0.002269469201564789
4760,-2.525631904602051,0.002277750987559557
4761,-2.4805641174316406,0.0022863191552460194
4762,-2.5456318855285645,0.0022940263152122498
4763,-2.495764970779419,0.002301522996276617
4764,-2.5205650329589844,0.002309362404048443
4765,-2.470698118209839,0.0023179801646620035
4766,-2.5608320236206055,0.0023265157360583544
4767,-2.495764970779419,0.002334094140678644
4768,-2.540832042694092,0.0023410157300531864
4769,-2.510698080062866,0.0023478404618799686
4770,-2.5205650329589844,0.0023541408590972424
4771,-2.495764970779419,0.0023593788500875235
4772,-2.5656321048736572,0.002363684121519327
4773,-2.5056309700012207,0.0023674573749303818
4774,-2.525631904602051,0.002370871603488922
4775,-2.5005650520324707,0.0023743356578052044
4776,-2.53069806098938,0.0023777401074767113
4777,-2.4754979610443115,0.0023808791302144527
4778,-2.55069899559021,0.0023836148902773857
4779,-2.4906980991363525,0.002386233303695917
4780,-2.525631904602051,0.002388888504356146
4781,-2.5056309700012207,0.0023917502257972956
4782,-2.5608320236206055,0.0023945095017552376
4783,-2.4656310081481934,0.0023971551563590765
4784,-2.53069806098938,0.0023997253738343716
4785,-2.4805641174316406,0.002402267651632428
4786,-2.5608320236206055,0.002404825296252966
4787,-2.485630989074707,0.0024074427783489227
4788,-2.525631904602051,0.002410104963928461
4789,-2.495764970779419,0.0024128397926688194
4790,-2.53069806098938,0.0024156321305781603
4791,-2.495764970779419,0.002418540185317397
4792,-2.5205650329589844,0.00242150598205626
4793,-2.470698118209839,0.002424604259431362
4794,-2.525631904602051,0.0024277623742818832
4795,-2.495764970779419,0.0024310494773089886
4796,-2.540832042694092,0.0024344096891582012
4797,-2.495764970779419,0.0024378756061196327
4798,-2.5456318855285645,0.0024413762148469687
4799,-2.495764970779419,0.002444951795041561
4800,-2.5157649517059326,0.0024485343601554632
4801,-2.4906980991363525,0.002452146029099822
4802,-2.53069806098938,0.002455727197229862
4803,-2.540832042694092,0.002459311857819557
4804,-2.575766086578369,0.00246295053511858
4805,-2.495764970779419,0.002467050915583968
4806,-2.53069806098938,0.002471144776791334
4807,-2.5056309700012207,0.002476160880178213
4808,-2.5357649326324463,0.0024829120375216007
4809,-2.5005650520324707,0.002490582875907421
4810,-2.5157649517059326,0.0024984157644212246
4811,-2.5005650520324707,0.002506057731807232
4812,-2.53069806098938,0.002511979779228568
4813,-2.5056309700012207,0.0025167365092784166
4814,-2.5205650329589844,0.0025204590056091547
4815,-2.5056309700012207,0.002522290451452136
4816,-2.525631904602051,0.0025229116436094046
4817,-2.4906980991363525,0.0025241656694561243
4818,-2.5357649326324463,0.0025266390293836594
4819,-2.5005650520324707,0.002529094461351633
4820,-2.55576491355896,0.0025306614115834236
4821,-2.4805641174316406,0.002531148726120591
4822,-2.5357649326324463,0.002531432081013918
4823,-2.5056309700012207,0.002530581085011363
4824,-2.5056309700012207,0.0025296001695096493
4825,-2.4805641174316406,0.0025290187913924456
4826,-2.525631904602051,0.0025283154100179672
4827,-2.485630989074707,0.002527831820771098
4828,-2.525631904602051,0.002526923082768917
4829,-2.5157649517059326,0.0025253030471503735
4830,-2.5456318855285645,0.0025229444727301598
4831,-2.4906980991363525,0.0025206971913576126
4832,-2.5005650520324707,0.0025182138197124004
4833,-2.4906980991363525,0.0025160075165331364
4834,-2.5157649517059326,0.0025124752428382635
4835,-2.470698118209839,0.0025081285275518894
4836,-2.495764970779419,0.0025030618999153376
4837,-2.470698118209839,0.0024987398646771908
4838,-2.5608320236206055,0.002492349362000823
4839,-2.495764970779419,0.002486336510628462
4840,-2.540832042694092,0.00247966218739748
4841,-2.4656310081481934,0.002472066320478916
4842,-2.5005650520324707,0.0024634399451315403
4843,-2.5205650329589844,0.002450586063787341
4844,-2.53069806098938,0.0024356581270694733
4845,-2.4906980991363525,0.0024185620713979006
4846,-2.5056309700012207,0.0024001174606382847
4847,-2.485630989074707,0.0023813708685338497
4848,-2.5157649517059326,0.0023637725971639156
4849,-2.470698118209839,0.002350322902202606
4850,-2.5357649326324463,0.0023392552975565195
4851,-2.485630989074707,0.0023274077102541924
4852,-2.5005650520324707,0.0023133461363613605
4853,-2.495764970779419,0.002294180216267705
4854,-2.5205650329589844,0.002271612174808979
4855,-2.4656310081481934,0.0022430133540183306
4856,-2.5157649517059326,0.002207995392382145
4857,-2.485630989074707,0.0021698325872421265
4858,-2.510698080062866,0.0021296911872923374
4859,-2.4805641174316406,0.0020835658069700003
4860,-2.4754979610443115,0.002026861533522606
4861,-2.4456310272216797,0.001959816785529256
4862,-2.5005650520324707,0.0018943221075460315
4863,-2.470698118209839,0.001837010495364666
4864,-2.5056309700012207,0.001788342371582985
4865,-2.4205639362335205,0.0017391369910910726
4866,-2.4906980991363525,0.0016734485980123281
4867,-2.470698118209839,0.0016038629692047834
4868,-2.4805641174316406,0.0015379758551716805
4869,-2.4554970264434814,0.0014785926323384047
4870,-2.5005650520324707,0.0014389811549335718
4871,-2.440563917160034,0.0014171907678246498
4872,-1.7794890403747559,0.001407969044521451
4873,-0.4370720088481903,0.0013317679986357689
4874,0.1386680006980896,0.001298361923545599
4875,0.6346750259399414,0.0012721585808321834
4876,1.025346040725708,0.0012573228450492024
4877,1.2354819774627686,0.0012460534926503897
4878,1.2906830310821533,0.0012378502869978547
4879,1.5610860586166382,0.0012301208917051554
4880,1.6312199831008911,0.0012240289943292737
4881,1.6864210367202759,0.0012200074270367622
4882,1.6712210178375244,0.0012138718739151955
4883,1.7664220333099365,0.0012108513619750738
4884,1.7914890050888062,0.0012071238597854972
4885,1.8416229486465454,0.001203623483888805
4886,1.8765569925308228,0.0012008118210360408
4887,1.9466910362243652,0.001197804813273251
4888,1.911756992340088,0.001196851721033454
4889,2.00189208984375,0.0011972347274422646
4890,1.9768249988555908,0.001199670135974884
4891,2.0069580078125,0.0012027237098664045
4892,2.00189208984375,0.0012060939334332943
4893,2.0669589042663574,0.001208996749483049
4894,2.0520260334014893,0.0012112464755773544
4895,2.0770928859710693,0.0012137264711782336
4896,2.117093086242676,0.0012153666466474533
4897,2.192293882369995,0.0012178770266473293
4898,2.2672278881073,0.0012197121977806091
4899,2.3776299953460693,0.0012223683297634125
4900,2.3925631046295166,0.0012246874393895268
4901,2.4325640201568604,0.0012279532384127378
4902,2.4325640201568604,0.0012323708506301045
4903,2.0570919513702393,0.0012362870620563626
4904,0.7048090100288391,0.0012420366983860731
4905,0.01360000018030405,0.001248147338628769
4906,-0.4672060012817383,0.0012552996631711721
4907,-0.8578770160675049,0.0012621989008039236
4908,-1.1384140253067017,0.001268400577828288
4909,-1.2034820318222046,0.0012747020227834582
4910,-1.438951015472412,0.0012809091713279486
4911,-1.5890870094299316,0.0012865905882790685
4912,-1.6541539430618286,0.0012920473236590624
4913,-1.6541539430618286,0.0012972656404599547
4914,-1.729354977607727,0.0013021703343838453
4915,-1.7544219493865967,0.0013067731633782387
4916,-1.8445559740066528,0.0013110741274431348
4917,-1.8696229457855225,0.001315056812018156
4918,-1.9698909521102905,0.001318895141594112
4919,-1.9397579431533813,0.0013226877199485898
4920,-1.9797580242156982,0.00132642756216228
4921,-1.9797580242156982,0.001330142025835812
4922,-2.0298919677734375,0.0013337992131710052
4923,-2.034959077835083,0.0013374339323490858
4924,-2.0949599742889404,0.0013409990351647139
4925,-2.0698928833007812,0.0013444264186546206
4926,-2.150160074234009,0.0013476357562467456
4927,-2.160027027130127,0.001350727747194469
4928,-2.2752280235290527,0.0013536745682358742
4929,-2.3053619861602783,0.0013565957779064775
4930,-2.4304299354553223,0.0013597749639302492
4931,-2.4104299545288086,0.0013630784815177321
4932,-2.4805641174316406,0.001367490622214973
4933,-2.4805641174316406,0.0013739608693867922
4934,-2.55576491355896,0.001381357666105032
4935,-2.5205650329589844,0.0013891919516026974
4936,-2.595766067504883,0.001396752311848104
4937,-2.5656321048736572,0.0014030069578438997
4938,-2.63576602935791,0.0014085642760619521
4939,-2.575766086578369,0.0014136296231299639
4940,-2.6058990955352783,0.0014182645827531815
4941,-2.5906989574432373,0.0014228547224774957
4942,-2.6157660484313965,0.0014277300797402859
4943,-2.55069899559021,0.0014327950775623322
4944,-2.6109659671783447,0.0014371383003890514
4945,-2.55069899559021,0.001440409803763032
4946,-2.580832004547119,0.001442936947569251
4947,-2.5205650329589844,0.001445116475224495
4948,-2.580832004547119,0.0014472699258476496
4949,-2.5608320236206055,0.0014495993964374065
4950,-2.5706989765167236,0.0014519295655190945
4951,-2.5056309700012207,0.0014545137528330088
4952,-2.540832042694092,0.0014576456742361188
4953,-2.53069806098938,0.0014610937796533108
4954,-2.55069899559021,0.0014642402529716492
4955,-2.525631904602051,0.001467076945118606
4956,-2.5608320236206055,0.0014698768500238657
4957,-2.5056309700012207,0.0014729250688105822
4958,-2.540832042694092,0.0014764596708118916
4959,-2.5205650329589844,0.00148059893399477
4960,-2.5456318855285645,0.0014847900019958615
4961,-2.4656310081481934,0.00148881901986897
4962,-2.540832042694092,0.0014929879689589143
4963,-2.495764970779419,0.001496709417551756
4964,-2.510698080062866,0.0015000670682638884
4965,-2.510698080062866,0.0015032326336950064
4966,-2.55069899559021,0.0015064404578879476
4967,-2.5005650520324707,0.0015097280265763402
4968,-2.510698080062866,0.001513105584308505
4969,-2.485630989074707,0.0015166571829468012
4970,-2.525631904602051,0.0015203660586848855
4971,-2.5056309700012207,0.0015242527006193995
4972,-2.5205650329589844,0.001528390683233738
4973,-2.5005650520324707,0.0015327566070482135
4974,-2.525631904602051,0.0015372917987406254
4975,-2.4554970264434814,0.0015419896226376295
4976,-2.5056309700012207,0.0015468595083802938
4977,-2.4906980991363525,0.0015518605941906571
4978,-2.5005650520324707,0.0015569961396977305
4979,-2.4805641174316406,0.0015622400678694248
4980,-2.525631904602051,0.0015675886534154415
4981,-2.4805641174316406,0.0015730408485978842
4982,-2.5205650329589844,0.001578591763973236
4983,-2.470698118209839,0.0015842390712350607
4984,-2.525631904602051,0.0015899703139439225
4985,-2.4256300926208496,0.0015957547584548593
4986,-2.4906980991363525,0.001601630705408752
4987,-2.460563898086548,0.0016076129395514727
4988,-2.5157649517059326,0.0016137633938342333
4989,-2.495764970779419,0.0016200359677895904
4990,-2.5005650520324707,0.0016264596488326788
4991,-2.4656310081481934,0.0016327510820701718
4992,-2.510698080062866,0.0016388616058975458
4993,-2.4554970264434814,0.0016451955307275057
4994,-2.525631904602051,0.0016518946504220366
4995,-2.470698118209839,0.0016593814361840487
4996,-2.4805641174316406,0.0016667400486767292
4997,-1.729354977607727,0.0016731529030948877
4998,-0.44213899970054626,0.0016789963701739907
4999,0.1488019973039627,0.0016842824406921864
5000,0.6146739721298218,0.0016874829307198524
5001,1.025346040725708,0.001689775614067912
5002,1.1856149435043335,0.001690580858848989
5003,1.3008160591125488,0.0016901132185012102
5004,1.5061520338058472,0.0016898118192330003
5005,1.6512210369110107,0.001688692718744278
5006,1.641353964805603,0.0016860254108905792
5007,1.696287989616394,0.0016846859361976385
5008,1.7413549423217773,0.0016845001373440027
5009,1.8114889860153198,0.001684618298895657
5010,1.801622986793518,0.001684390241280198
5011,1.8765569925308228,0.0016834193374961615
5012,1.9016239643096924,0.0016825830098241568
5013,1.9466910362243652,0.0016815629787743092
5014,1.9168239831924438,0.001680716872215271
5015,2.0218920707702637,0.0016795145347714424
5016,1.9618910551071167,0.0016783068422228098
5017,2.032025098800659,0.001676902174949646
5018,2.032025098800659,0.001676448853686452
5019,2.117093086242676,0.0016762674786150455
5020,2.0418920516967773,0.0016758372075855732
5021,2.1722939014434814,0.0016747645568102598
5022,2.2173609733581543,0.0016739056445658207
5023,2.3074960708618164,0.001673888647928834
5024,2.3474960327148438,0.0016744774766266346
5025,2.4477639198303223,0.0016747346380725503
5026,2.407496929168701,0.001675180159509182
5027,2.477631092071533,0.0016766563057899475
5028,2.0218920707702637,0.0016788465436547995
5029,0.7346760034561157,0.00168159743770957
5030,-0.031466998159885406,0.0016849648673087358
5031,-0.44213899970054626,0.0016881731571629643
5032,-0.9029449820518494,0.0016912352293729782
5033,-1.1232140064239502,0.0016944162780418992
5034,-1.2234820127487183,0.0016979046631604433
5035,-1.3938839435577393,0.001701438333839178
5036,-1.6040199995040894,0.001704885857179761
5037,-1.66935396194458,0.0017080875113606453
5038,-1.6944210529327393,0.001711388467811048
5039,-1.7042880058288574,0.001714780693873763
5040,-1.8496229648590088,0.0017182206502184272
5041,-1.8096230030059814,0.0017216887790709734
5042,-1.8946900367736816,0.00172514864243567
5043,-1.8794900178909302,0.0017285225912928581
5044,-1.9797580242156982,0.0017318548634648323
5045,-1.9397579431533813,0.0017351030837744474
5046,-2.0298919677734375,0.0017383184749633074
5047,-1.999758005142212,0.001741381362080574
5048,-2.044826030731201,0.00174438557587564
5049,-2.034959077835083,0.001747248345054686
5050,-2.1098930835723877,0.0017500773537904024
5051,-2.0698928833007812,0.0017528589814901352
5052,-2.23016095161438,0.0017556737875565886
5053,-2.2352280616760254,0.0017584741581231356
5054,-2.3653628826141357,0.0017610982758924365
5055,-2.3653628826141357,0.001763559179380536
5056,-2.4906980991363525,0.0017664514016360044
5057,-2.4805641174316406,0.001770122442394495
5058,-2.5357649326324463,0.00177431246265769
5059,-2.2701621055603027,0.0017777674365788698
5060,-1.0432130098342896,0.0017804979579523206
5061,-0.086667999625206,0.0017826446564868093
5062,0.2789370119571686,0.0017848103307187557
5063,0.7698760032653809,0.0017859975341707468
5064,1.0152130126953125,0.001785468077287078
5065,1.1154810190200806,0.0017840996151790023
5066,1.2957500219345093,0.0017826419789344072
5067,1.541085958480835,0.0017812728183344007
5068,1.57122004032135,0.0017814283492043614
5069,1.5962870121002197,0.0017823870293796062
5070,1.641353964805603,0.0017839324427768588
5071,1.7413549423217773,0.0017859602812677622
5072,1.7365549802780151,0.0017881598323583603
5073,1.8216229677200317,0.0017901372630149126
5074,1.846690058708191,0.0017919501988217235
5075,1.8765569925308228,0.0017942688427865505
5076,1.8666900396347046,0.0017977673560380936
5077,1.9218909740447998,0.0018020656425505877
5078,1.911756992340088,0.001806821906939149
5079,1.9717580080032349,0.0018116608262062073
5080,1.9768249988555908,0.0018164112698286772
5081,2.032025098800659,0.0018211862770840526
5082,2.016824960708618,0.0018257878255099058
5083,2.1272270679473877,0.0018299487419426441
5084,2.1370930671691895,0.0018339017406105995
5085,2.2522950172424316,0.001838112366385758
5086,2.2824289798736572,0.001842614496126771
5087,2.372562885284424,0.0018468322232365608
5088,2.372562885284424,0.0018502023303881288
5089,2.4125630855560303,0.0018529579974710941
5090,2.302428960800171,0.0018549949163571
5091,1.3658839464187622,0.0018565778154879808
5092,0.21386900544166565,0.0018582816701382399
5093,-0.21680299937725067,0.0018597880844026804
5094,-0.7026749849319458,0.0018618811154738069
5095,-1.0381460189819336,0.0018639201298356056
5096,-1.1984150409698486,0.0018654302693903446
5097,-1.2834830284118652,0.0018661420326679945
5098,-1.574152946472168,0.0018661597277969122
5099,-1.6493539810180664,0.0018655951134860516
5100,-1.6642869710922241,0.0018644349183887243
5101,-1.6493539810180664,0.0018628365360200405
5102,-1.789355993270874,0.0018609948456287384
5103,-1.8144229650497437,0.0018589547835290432
5104,-1.8794900178909302,0.0018569238018244505
5105,-1.8845570087432861,0.0018548312364146113
5106,-1.9898920059204102,0.001852508052252233
5107,-1.9546910524368286,0.0018500953447073698
5108,-1.9797580242156982,0.0018475669203326106
5109,-1.9898920059204102,0.001844701124355197
5110,-2.0397589206695557,0.0018413879442960024
5111,-2.0749590396881104,0.0018378326203674078
5112,-2.130160093307495,0.0018342670518904924
5113,-2.0848259925842285,0.0018307354766875505
5114,-2.1400270462036133,0.0018269754946231842
5115,-2.1952269077301025,0.0018231285503134131
5116,-2.300295114517212,0.0018191123381257057
5117,-2.3602960109710693,0.0018149955430999398
5118,-2.440563917160034,0.0018105637282133102
5119,-2.4554970264434814,0.0018057918641716242
5120,-2.53069806098938,0.0018008952029049397
5121,-2.5205650329589844,0.0017958248499780893
5122,-2.55576491355896,0.0017908657900989056
5123,-2.55576491355896,0.0017862493405118585
5124,-2.5906989574432373,0.001782235107384622
5125,-2.6157660484313965,0.0017787101678550243
5126,-2.6058990955352783,0.0017756031593307853
5127,-2.5858991146087646,0.0017727992963045835
5128,-2.6157660484313965,0.001769762602634728
5129,-2.5656321048736572,0.0017665413906797767
5130,-2.625899076461792,0.0017633100505918264
5131,-2.5456318855285645,0.0017599796410650015
5132,-2.5858991146087646,0.0017567637842148542
5133,-2.55576491355896,0.0017536202212795615
5134,-2.5858991146087646,0.0017505097202956676
5135,-2.5456318855285645,0.0017471376340836287
5136,-2.5656321048736572,0.0017434386536478996
5137,-2.5205650329589844,0.0017399243079125881
5138,-2.540832042694092,0.0017366139218211174
5139,-2.525631904602051,0.001733741955831647
5140,-2.55576491355896,0.0017314210999757051
5141,-2.5205650329589844,0.0017297688173130155
5142,-2.5357649326324463,0.0017285901121795177
5143,-2.55069899559021,0.0017276396974921227
5144,-2.540832042694092,0.0017266517970710993
5145,-2.495764970779419,0.0017253633122891188
5146,-2.5656321048736572,0.0017235451377928257
5147,-2.510698080062866,0.0017216033302247524
5148,-2.55576491355896,0.0017196305561810732
5149,-2.495764970779419,0.0017185021424666047
5150,-2.55069899559021,0.001718482468277216
5151,-2.5157649517059326,0.0017197199631482363
5152,-2.53069806098938,0.0017224519979208708
5153,-2.525631904602051,0.0017251066165044904
5154,-2.5608320236206055,0.0017275922000408173
5155,-2.5056309700012207,0.0017304394859820604
5156,-2.495764970779419,0.0017332424176856875
5157,-2.5056309700012207,0.0017362632788717747
5158,-2.540832042694092,0.0017392458394169807
5159,-2.485630989074707,0.001742960186675191
5160,-2.5056309700012207,0.0017472805920988321
5161,-2.4805641174316406,0.0017517250962555408
5162,-2.495764970779419,0.001756393350660801
5163,-2.485630989074707,0.00176154391374439
5164,-2.540832042694092,0.0017674081027507782
5165,-2.4754979610443115,0.0017741989577189088
5166,-2.540832042694092,0.0017806345131248236
5167,-2.4754979610443115,0.0017873120959848166
5168,-2.5157649517059326,0.0017942569684237242
5169,-2.485630989074707,0.0018016693647950888
5170,-2.510698080062866,0.0018096457934007049
5171,-2.4805641174316406,0.0018183287465944886
5172,-2.525631904602051,0.0018268530257046223
5173,-2.440563917160034,0.0018352835904806852
5174,-2.5056309700012207,0.0018427083268761635
5175,-2.4456310272216797,0.0018493400420993567
5176,-2.525631904602051,0.0018553095869719982
5177,-2.4656310081481934,0.0018609198741614819
5178,-2.5157649517059326,0.001866218983195722
5179,-2.470698118209839,0.0018708724528551102
5180,-2.4906980991363525,0.0018753090407699347
5181,-2.4805641174316406,0.0018796243239194155
5182,-2.5157649517059326,0.0018837195821106434
5183,-2.4554970264434814,0.0018877792172133923
5184,-2.2752280235290527,0.0018910769140347838
5185,-1.0082789659500122,0.00189304631203413
5186,-0.086667999625206,0.0018938254797831178
5187,0.39413800835609436,0.0018946656491607428
5188,0.8248100280761719,0.001894775778055191
5189,1.1656149625778198,0.0018934125546365976
5190,1.1904150247573853,0.0018914849497377872
5191,1.4208179712295532,0.001889485283754766
5192,1.5312190055847168,0.0018884561723098159
5193,1.6864210367202759,0.0018896772526204586
5194,1.6762880086898804,0.0018928160425275564
5195,1.7464220523834229,0.0018975312123075128
5196,1.7514890432357788,0.001903065713122487
5197,1.8365559577941895,0.0019088226836174726
5198,1.8165559768676758,0.0019139847718179226
5199,1.9168239831924438,0.001918819616548717
5200,1.8917570114135742,0.001924443757161498
5201,1.9466910362243652,0.001930712372995913
5202,1.9266910552978516,0.0019375340780243278
5203,1.9818910360336304,0.001944751013070345
5204,1.9768249988555908,0.0019522407092154026
5205,2.036824941635132,0.001959309447556734
5206,2.00189208984375,0.00196635234169662
5207,2.0920259952545166,0.0019729493651539087
5208,2.0920259952545166,0.0019782492890954018
5209,2.232295036315918,0.0019826774951070547
5210,2.257361888885498,0.001987047493457794
5211,2.3674960136413574,0.0019914647564291954
5212,2.357362985610962,0.001996199367567897
5213,2.4576311111450195,0.0020009127911180258
5214,2.4626970291137695,0.0020059263333678246
5215,2.3925631046295166,0.0020110351033508778
5216,1.3858840465545654,0.0020164879970252514
5217,0.27386999130249023,0.002022478962317109
5218,-0.2269359976053238,0.0020283423364162445
5219,-0.6626750230789185,0.0020347097888588905
5220,-1.0632129907608032,0.00204152287915349
5221,-1.1232140064239502,0.0020487988367676735
5222,-1.3037500381469727,0.0020564428996294737
5223,-1.5138859748840332,0.0020647472701966763
5224,-1.6541539430618286,0.0020737359300255775
5225,-1.6242870092391968,0.002083029132336378
5226,-1.6992210149765015,0.002092541428282857
5227,-1.7845560312271118,0.002102392725646496
5228,-1.8546899557113647,0.00211266684345901
5229,-1.8496229648590088,0.0021224473603069782
5230,-1.944823980331421,0.002131571527570486
5231,-1.9397579431533813,0.002140319673344493
5232,-1.9946919679641724,0.0021488675847649574
5233,-1.9597580432891846,0.0021575274877250195
5234,-2.0397589206695557,0.0021664639934897423
5235,-2.024825096130371,0.0021748074796050787
5236,-2.0698928833007812,0.002182422671467066
5237,-2.049891948699951,0.002188730053603649
5238,-2.1000258922576904,0.002193976892158389
5239,-2.120026111602783,0.002198469825088978
5240,-2.2050940990448,0.0022025066427886486
5241,-2.2501609325408936,0.002206067554652691
5242,-2.3754959106445312,0.0022087881807237864
5243,-2.4205639362335205,0.00221032346598804
5244,-2.495764970779419,0.0022105243988335133
5245,-2.460563898086548,0.0022092731669545174
5246,-2.4906980991363525,0.0022066915407776833
5247,-1.7493549585342407,0.002203091513365507
5248,-0.4621390104293823,0.0021990197710692883
5249,0.09866800159215927,0.002194681204855442
5250,0.504272997379303,0.0021899882704019547
5251,0.9400119781494141,0.0021845088340342045
5252,1.0802799463272095,0.002179111819714308
5253,1.1805479526519775,0.0021745911799371243
5254,1.405884027481079,0.0021703997626900673
5255,1.5762859582901,0.002166114514693618
5256,1.5861530303955078,0.002161802724003792
5257,1.641353964805603,0.0021573875565081835
5258,1.6712210178375244,0.0021527796052396297
5259,1.796555995941162,0.00214799540117383
5260,1.7765560150146484,0.002143035177141428
5261,1.8416229486465454,0.0021379822865128517
5262,1.8416229486465454,0.0021328486036509275
5263,1.8866900205612183,0.002127650659531355
5264,1.8616230487823486,0.0021223467774689198
5265,1.9218909740447998,0.0021169958636164665
5266,1.8917570114135742,0.0021115634590387344
5267,1.9568239450454712,0.0021061026491224766
5268,1.9466910362243652,0.002100594574585557
5269,2.016824960708618,0.0020950508769601583
5270,2.0069580078125,0.0020894270855933428
5271,2.1370930671691895,0.002083785366266966
5272,2.1722939014434814,0.002078009769320488
5273,2.292294979095459,0.002072130562737584
5274,2.302428960800171,0.0020661228336393833
5275,2.382430076599121,0.002060027327388525
5276,2.3925631046295166,0.002053984673693776
5277,2.422697067260742,0.0020479357335716486
5278,1.9818910360336304,0.002041961532086134
5279,0.7096089720726013,0.002036524936556816
5280,-0.04666699841618538,0.0020310948602855206
5281,-0.4322719871997833,0.0020258785225450993
5282,-0.9680119752883911,0.002020847052335739
5283,-1.1333470344543457,0.0020158267579972744
5284,-1.2536159753799438,0.002011253032833338
5285,-1.4488179683685303,0.0020071156322956085
5286,-1.6090869903564453,0.0020034341141581535
5287,-1.6442869901657104,0.0020008101128041744
5288,-1.6792210340499878,0.0019995463080704212
5289,-1.724287986755371,0.001999319065362215
5290,-1.8496229648590088,0.002000262029469013
5291,-1.8344229459762573,0.002001560991629958
5292,-1.9045569896697998,0.0020027004648
5293,-1.8946900367736816,0.0020039062947034836
5294,-1.9797580242156982,0.00200469046831131
5295,-2.0048251152038574,0.0020049468148499727
5296,-1.9848250150680542,0.0020048487931489944
5297,-1.9898920059204102,0.0020046329591423273
5298,-2.089893102645874,0.0020044627599418163
5299,-2.044826030731201,0.0020046127028763294
5300,-2.105093002319336,0.0020050369203090668
5301,-2.0949599742889404,0.002005175221711397
5302,-2.2202939987182617,0.0020051717292517424
5303,-2.2250940799713135,0.002005266258493066
5304,-2.3402960300445557,0.0020049461163580418
5305,-2.3653628826141357,0.0020041195675730705
5306,-2.4805641174316406,0.0020027596037834883
5307,-2.470698118209839,0.002001037821173668
5308,-2.53069806098938,0.0019978692289441824
5309,-2.2752280235290527,0.0019935909658670425
5310,-1.0733469724655151,0.0019888142123818398
5311,-0.086667999625206,0.001983887515962124
5312,0.2789370119571686,0.0019784148316830397
5313,0.8048099875450134,0.001972183817997575
5314,1.0552129745483398,0.0019655360374599695
5315,1.1104140281677246,0.0019596691709011793
5316,1.2906830310821533,0.001954522915184498
5317,1.536018967628479,0.0019494371954351664
5318,1.5661530494689941,0.0019442662596702576
5319,1.6312199831008911,0.0019390844972804189
5320,1.6261539459228516,0.0019337813137099147
5321,1.7565549612045288,0.0019282989669591188
5322,1.7514890432357788,0.0019226281438022852
5323,1.8365559577941895,0.0019168665166944265
5324,1.8717570304870605,0.001911040861159563
5325,1.9218909740447998,0.001905179349705577
5326,1.856557011604309,0.001899227499961853
5327,1.9218909740447998,0.0018932257080450654
5328,1.9418909549713135,0.0018871641950681806
5329,1.9968249797821045,0.0018810542533174157
5330,1.9669580459594727,0.0018748873844742775
5331,2.0669589042663574,0.0018687117844820023
5332,2.032025098800659,0.001862498465925455
5333,2.1272270679473877,0.0018562627956271172
5334,2.177093982696533,0.0018499803263694048
5335,2.2824289798736572,0.001843669917434454
5336,2.2824289798736572,0.0018373045604676008
5337,2.3674960136413574,0.0018308815779164433
5338,2.382430076599121,0.001824417500756681
5339,2.4477639198303223,0.0018178534228354692
5340,2.442697048187256,0.001811169320717454
5341,2.512830972671509,0.0018044768366962671
5342,2.4877638816833496,0.0017978162504732609
5343,2.5528318881988525,0.0017914676573127508
5344,2.492830991744995,0.0017857325728982687
5345,2.5677649974823,0.0017801017966121435
5346,2.492830991744995,0.0017745731165632606
5347,2.562964916229248,0.0017695185961201787
5348,2.5026979446411133,0.0017644716426730156
5349,2.5176310539245605,0.001759459264576435
5350,2.477631092071533,0.0017543445574119687
5351,2.512830972671509,0.0017496396321803331
5352,2.4477639198303223,0.0017456163186579943
5353,2.507765054702759,0.0017423374811187387
5354,2.442697048187256,0.0017396602779626846
5355,2.497631072998047,0.0017374510644003749
5356,2.452564001083374,0.0017356814350932837
5357,2.4576311111450195,0.0017341923667117953
5358,2.4576311111450195,0.001732758479192853
5359,2.4826979637145996,0.0017312602140009403
5360,2.407496929168701,0.0017295291181653738
5361,2.4376299381256104,0.0017276920843869448
5362,2.427496910095215,0.0017258937004953623
5363,2.477631092071533,0.0017240593442693353
5364,2.442697048187256,0.0017221912275999784
5365,2.4626970291137695,0.0017205271869897842
5366,2.427496910095215,0.0017191669903695583
5367,2.4877638816833496,0.0017179525457322598
5368,2.4176299571990967,0.001716627855785191
5369,2.4626970291137695,0.0017151430947706103
5370,2.407496929168701,0.0017137284157797694
5371,2.4477639198303223,0.0017122239805758
5372,1.6562869548797607,0.001710820710286498
5373,0.3992049992084503,0.0017094099894165993
5374,-0.20186899602413177,0.0017083629500120878
5375,-0.6626750230789185,0.0017077965894713998
5376,-1.0933469533920288,0.0017076984513550997
5377,-1.2285490036010742,0.0017083084676414728
5378,-1.3786840438842773,0.0017097797244787216
5379,-1.5341529846191406,0.0017116523813456297
5380,-1.714421033859253,0.0017136847600340843
5381,-1.714421033859253,0.001716163009405136
5382,-1.7794890403747559,0.0017192191444337368
5383,-1.8144229650497437,0.0017230933299288154
5384,-1.9146909713745117,0.001727967755869031
5385,-1.874690055847168,0.0017340162303298712
5386,-1.9648250341415405,0.0017399605130776763
5387,-1.9746910333633423,0.0017460136441513896
5388,-2.0298919677734375,0.0017523264978080988
5389,-2.019758939743042,0.001758204190991819
5390,-2.1000258922576904,0.0017634968971833587
5391,-2.0298919677734375,0.0017684702761471272
5392,-2.0800259113311768,0.001773313619196415
5393,-2.0749590396881104,0.0017783199436962605
5394,-2.120026111602783,0.0017836445476859808
5395,-2.1349599361419678,0.00178961968049407
5396,-2.2602949142456055,0.001796297961845994
5397,-2.3053619861602783,0.0018031774088740349
5398,-2.3853631019592285,0.0018102105241268873
5399,-2.4304299354553223,0.0018172889249399304
5400,-2.4906980991363525,0.0018240108620375395
5401,-2.4754979610443115,0.0018290550215169787
5402,-2.540832042694092,0.001832606503739953
5403,-2.0149590969085693,0.0018348634475842118
5404,-0.6925420165061951,0.001836327719502151
5405,0.003467000089585781,0.0018364648567512631
5406,0.42427200078964233,0.001834803493693471
5407,0.8698779940605164,0.00183110311627388
5408,1.0552129745483398,0.0018250334542244673
5409,1.1856149435043335,0.0018178836908191442
5410,1.3557499647140503,0.001809612032957375
5411,1.5610860586166382,0.0018004573648795485
5412,1.5512189865112305,0.0017908262088894844
5413,1.6112200021743774,0.0017805811949074268
5414,1.6664210557937622,0.0017696634167805314
5415,1.7365549802780151,0.0017579537816345692
5416,1.7664220333099365,0.0017452368047088385
5417,1.8216229677200317,0.001731904223561287
5418,1.8314900398254395,0.0017179599963128567
5419,1.9218909740447998,0.001703545218333602
5420,1.8917570114135742,0.0016886219382286072
5421,1.9466910362243652,0.0016729654744267464
5422,1.8866900205612183,0.0016578848008066416
5423,1.9618910551071167,0.0016430849209427834
5424,1.9568239450454712,0.0016284515149891376
5425,2.0520260334014893,0.0016137363854795694
5426,2.036824941635132,0.001598818227648735
5427,2.097093105316162,0.0015834786463528872
5428,2.1320269107818604,0.0015685639809817076
5429,2.277362108230591,0.001553970156237483
5430,2.3074960708618164,0.0015405777376145124
5431,2.3874969482421875,0.0015281618107110262
5432,2.3874969482421875,0.001516585354693234
5433,2.442697048187256,0.0015056243864819407
5434,2.142159938812256,0.0014955024234950542
5435,0.9802790284156799,0.0014864216791465878
5436,0.02346700057387352,0.0014777203323319554
5437,-0.3621380031108856,0.0014694686979055405
5438,-0.8680109977722168,0.0014619873836636543
5439,-1.118414044380188,0.001455227262340486
5440,-1.2285490036010742,0.001450222684070468
5441,-1.348816990852356,0.0014477686490863562
5442,-1.6040199995040894,0.0014476603828370571
5443,-1.66935396194458,0.001448543043807149
5444,-1.6893539428710938,0.0014499119715765119
5445,-1.7093549966812134,0.0014519437681883574
5446,-1.8344229459762573,0.0014541917480528355
5447,-1.8144229650497437,0.0014567201724275947
5448,-1.9245569705963135,0.0014595590764656663
5449,-1.889623999595642,0.0014629886718466878
5450,-1.949623942375183,0.0014672331744804978
5451,-1.9546910524368286,0.0014731304254382849
5452,-2.0048251152038574,0.0014820648357272148
5453,-2.0048251152038574,0.0014904600102454424
5454,-2.049891948699951,0.001499332021921873
5455,-2.019758939743042,0.0015094501432031393
5456,-2.089893102645874,0.0015215924941003323
5457,-2.1000258922576904,0.001537693664431572
5458,-2.185094118118286,0.001558602787554264
5459,-2.2202939987182617,0.0015808292664587498
5460,-2.350429058074951,0.0016050226986408234
5461,-2.3304290771484375,0.0016331736696884036
5462,-2.440563917160034,0.0016657508676871657
5463,-2.4354970455169678,0.0017041533719748259
5464,-2.4906980991363525,0.001747306203469634
5465,-2.3653628826141357,0.0017898401711136103
5466,-1.3336169719696045,0.0018249694257974625
5467,-0.1866690069437027,0.0018563325284048915
5468,0.18373599648475647,0.0018834106158465147
5469,0.6696079969406128,0.0019067743560299277
5470,0.9901459813117981,0.0019297247054055333
5471,1.1154810190200806,0.0019521735375747085
5472,1.2456159591674805,0.0019756117835640907
5473,1.4909520149230957,0.0020019689109176397
5474,1.536018967628479,0.00203221314586699
5475,1.6061530113220215,0.0020677042193710804
5476,1.6013530492782593,0.0021096267737448215
5477,1.7264219522476196,0.0021586325019598007
5478,1.7314879894256592,0.0022149798460304737
5479,1.8266890048980713,0.0022826590575277805
5480,1.801622986793518,0.0023637108970433474
5481,1.9016239643096924,0.002469412051141262
5482,1.8314900398254395,0.0025991753209382296
5483,1.8968240022659302,0.0027500197757035494
5484,1.906690001487732,0.0029107944574207067
5485,1.9869580268859863,0.0030462974682450294
5486,1.9717580080032349,0.003168396418914199
5487,2.0570919513702393,0.0032587863970547915
5488,2.032025098800659,0.0033390114549547434
5489,2.1021599769592285,0.0033959439024329185
5490,2.117093086242676,0.003428793977946043
5491,2.262428045272827,0.0034470194950699806
5492,2.2824289798736572,0.003458443097770214
5493,2.382430076599121,0.0034656196366995573
5494,2.35256290435791,0.0034718760289251804
5495,2.4576311111450195,0.0034764637239277363
5496,2.407496929168701,0.0034810774959623814
5497,2.4725639820098877,0.0034854526165872812
5498,2.477631092071533,0.0034904414787888527
5499,2.5426979064941406,0.0034966138191521168
5500,2.5026979446411133,0.003501459024846554
5501,2.5528318881988525,0.0035065251868218184
5502,2.5176310539245605,0.0035112027544528246
5503,2.557898998260498,0.003517399076372385
5504,2.492830991744995,0.003522054757922888
5505,2.512830972671509,0.0035261388402432203
5506,2.507765054702759,0.0035288184881210327
5507,2.5026979446411133,0.003530805930495262
5508,2.4576311111450195,0.00353216752409935
5509,2.497631072998047,0.003533480456098914
5510,2.4376299381256104,0.003534564981237054
5511,2.512830972671509,0.0035357079468667507
5512,2.4576311111450195,0.0035366006195545197
5513,2.497631072998047,0.003537629032507539
5514,2.507765054702759,0.0035379084292799234
5515,2.497631072998047,0.0035378318279981613
5516,2.4176299571990967,0.0035373177379369736
5517,2.4725639820098877,0.003537042997777462
5518,2.427496910095215,0.003536822507157922
5519,2.4877638816833496,0.003536825068295002
5520,2.4376299381256104,0.0035366681404411793
5521,2.4877638816833496,0.003536389209330082
5522,2.452564001083374,0.003535698400810361
5523,2.4626970291137695,0.003535130061209202
5524,2.397629976272583,0.0035345973446965218
5525,2.497631072998047,0.003534332849085331
5526,2.4325640201568604,0.0035338373854756355
5527,2.492830991744995,0.003533365670591593
5528,2.4477639198303223,0.0035327558871358633
5529,2.4725639820098877,0.003532031551003456
5530,2.4125630855560303,0.0035313323605805635
5531,2.452564001083374,0.003531422931700945
5532,2.427496910095215,0.003651247825473547
5533,2.4325640201568604,0.0037304735742509365
5534,2.4325640201568604,0.0038377302698791027
5535,2.442697048187256,0.003947866149246693
5536,2.407496929168701,0.004044727887958288
5537,2.477631092071533,0.004134658258408308
5538,2.427496910095215,0.004211222752928734
5539,2.4376299381256104,0.00427106861025095
5540,2.407496929168701,0.004317863844335079
5541,2.4725639820098877,0.004355434328317642
5542,2.427496910095215,0.004385572858154774
5543,2.442697048187256,0.004410795867443085
5544,2.407496929168701,0.004432554356753826
5545,2.427496910095215,0.0044529554434120655
5546,2.3925631046295166,0.004472925327718258
5547,2.4125630855560303,0.0044933464378118515
5548,2.372562885284424,0.004512530751526356
5549,2.427496910095215,0.00453050434589386
5550,2.4026970863342285,0.004548331256955862
5551,2.4477639198303223,0.004563821014016867
5552,2.407496929168701,0.004576040431857109
5553,2.4376299381256104,0.0045856451615691185
5554,2.4125630855560303,0.00459282984957099
5555,2.4477639198303223,0.004598097410053015
5556,2.372562885284424,0.0046018618158996105
5557,2.422697067260742,0.004605378955602646
5558,2.3925631046295166,0.004608592949807644
5559,2.4477639198303223,0.004611696116626263
5560,2.4325640201568604,0.004614267963916063
5561,2.452564001083374,0.004616718273609877
5562,2.3776299953460693,0.004619251005351543
5563,2.452564001083374,0.004621293395757675
5564,2.397629976272583,0.004623296670615673
5565,2.4477639198303223,0.004625317640602589
5566,2.407496929168701,0.004627125803381205
5567,2.452564001083374,0.004628598690032959
5568,2.3776299953460693,0.0046296799555420876
5569,2.422697067260742,0.004630451090633869
5570,2.4026970863342285,0.004630947485566139
5571,2.452564001083374,0.004631456453353167
5572,2.4026970863342285,0.0046320948749780655
5573,2.407496929168701,0.0046332222409546375
5574,2.3925631046295166,0.004635042045265436
5575,2.4376299381256104,0.004637578036636114
5576,2.4026970863342285,0.004639904946088791
5577,2.442697048187256,0.004641692154109478
5578,2.427496910095215,0.0046430667862296104
5579,2.452564001083374,0.004644251428544521
5580,2.3925631046295166,0.004645448178052902
5581,2.422697067260742,0.004646891728043556
5582,2.4176299571990967,0.004648806527256966
5583,2.452564001083374,0.004651084542274475
5584,2.427496910095215,0.004652797244489193
5585,2.4376299381256104,0.004654258023947477
5586,2.3874969482421875,0.004655690863728523
5587,2.427496910095215,0.004657353740185499
5588,2.3874969482421875,0.004659461788833141
5589,2.452564001083374,0.004662247374653816
5590,2.4176299571990967,0.0046656630001962185
5591,2.452564001083374,0.004668883513659239
5592,2.422697067260742,0.00467210216447711
5593,2.4376299381256104,0.0046755410730838776
5594,2.3776299953460693,0.004679444711655378
5595,2.422697067260742,0.004684004932641983
5596,2.427496910095215,0.004688457120209932
5597,2.4376299381256104,0.004692813381552696
5598,2.3925631046295166,0.004697258118540049
5599,2.4626970291137695,0.004701564088463783
5600,2.427496910095215,0.004705925937741995
5601,2.452564001083374,0.004710577428340912
5602,2.4176299571990967,0.0047153290361166
5603,2.4576311111450195,0.004719840828329325
5604,2.4325640201568604,0.004724351689219475
5605,2.452564001083374,0.004729138221591711
5606,2.407496929168701,0.00473442766815424
5607,2.4576311111450195,0.004739614203572273
5608,2.407496929168701,0.004744335543364286
5609,2.452564001083374,0.004748900420963764
5610,2.4026970863342285,0.004753533750772476
5611,2.452564001083374,0.004758588038384914
5612,2.3874969482421875,0.004764062352478504
5613,2.4477639198303223,0.004769755993038416
5614,2.3925631046295166,0.004774701315909624
5615,2.4376299381256104,0.004778793081641197
5616,2.3874969482421875,0.004782257601618767
5617,2.452564001083374,0.004785472992807627
5618,2.397629976272583,0.004788680002093315
5619,2.4826979637145996,0.004791286773979664
5620,2.427496910095215,0.004793274216353893
5621,2.4477639198303223,0.004795054439455271
5622,2.4176299571990967,0.004796983674168587
5623,2.4477639198303223,0.00479949451982975
5624,2.407496929168701,0.004801763221621513
5625,2.4877638816833496,0.004803898744285107
5626,2.4026970863342285,0.0048063285648822784
5627,2.4626970291137695,0.004808931611478329
5628,2.4325640201568604,0.0048119374550879
5629,2.427496910095215,0.004815647378563881
5630,2.4026970863342285,0.004818841814994812
5631,2.4376299381256104,0.004821655340492725
5632,2.4176299571990967,0.004824390634894371
5633,2.427496910095215,0.004827277734875679
5634,2.4125630855560303,0.004829226061701775
5635,2.4626970291137695,0.004831104539334774
5636,2.4176299571990967,0.004832347854971886
5637,2.4125630855560303,0.004832644946873188
5638,2.407496929168701,0.004832233767956495
5639,2.4376299381256104,0.004830744117498398
5640,2.4125630855560303,0.0048279110342264175
5641,2.452564001083374,0.004824085161089897
5642,2.427496910095215,0.004820746369659901
5643,2.452564001083374,0.0048175398260355
5644,2.407496929168701,0.004813906736671925
5645,2.452564001083374,0.0048104822635650635
5646,2.4026970863342285,0.004807718098163605
5647,2.4325640201568604,0.004805098287761211
5648,2.3925631046295166,0.00480268057435751
5649,2.4626970291137695,0.004800555296242237
5650,2.407496929168701,0.004797939211130142
5651,2.4125630855560303,0.004794255364686251
5652,2.382430076599121,0.004789766389876604
5653,2.422697067260742,0.004785295110195875
5654,2.4176299571990967,0.004781151656061411
5655,2.422697067260742,0.004776990972459316
5656,2.4026970863342285,0.004773043096065521
5657,2.4576311111450195,0.004770979285240173
5658,2.4026970863342285,0.0047706421464681625
5659,2.4325640201568604,0.00477175135165453
5660,2.4477639198303223,0.00477331317961216
5661,2.4477639198303223,0.004775600507855415
5662,2.422697067260742,0.00477873720228672
5663,2.4725639820098877,0.004782186355441809
5664,2.4376299381256104,0.004785431083291769
5665,2.4477639198303223,0.004788277205079794
5666,2.4125630855560303,0.0047905417159199715
5667,2.427496910095215,0.004792504012584686
5668,2.382430076599121,0.0047943685203790665
5669,2.452564001083374,0.0047964900732040405
5670,2.407496929168701,0.004798845387995243
5671,2.4626970291137695,0.0048013003543019295
5672,2.4125630855560303,0.004804176278412342
5673,2.442697048187256,0.004807811230421066
5674,2.4325640201568604,0.004812048282474279
5675,2.4477639198303223,0.00481704156845808
5676,2.397629976272583,0.004822012037038803
5677,2.4626970291137695,0.004826809279620647
5678,2.4026970863342285,0.004831342026591301
5679,2.422697067260742,0.004835981875658035
5680,2.3874969482421875,0.0048410044983029366
5681,2.4477639198303223,0.004846722818911076
5682,2.35256290435791,0.0048524681478738785
5683,2.452564001083374,0.004858131054788828
5684,2.3674960136413574,0.0048634386621415615
5685,2.4376299381256104,0.004868743941187859
5686,2.397629976272583,0.004874024074524641
5687,2.452564001083374,0.004879455082118511
5688,2.382430076599121,0.004885274916887283
5689,2.4576311111450195,0.004890752490609884
5690,2.427496910095215,0.004895434714853764
5691,2.4376299381256104,0.004899319726973772
5692,2.407496929168701,0.004902790300548077
5693,2.4576311111450195,0.004905615001916885
5694,2.3874969482421875,0.004907909780740738
5695,2.452564001083374,0.004909319803118706
5696,2.4325640201568604,0.004909798968583345
5697,2.4877638816833496,0.004908847622573376
5698,2.422697067260742,0.0049063959158957005
5699,2.427496910095215,0.004903280176222324
5700,2.4026970863342285,0.004900109954178333
5701,2.427496910095215,0.004896149039268494
5702,2.4176299571990967,0.0048925140872597694
5703,2.4376299381256104,0.004889043513685465
5704,2.4176299571990967,0.0048853568732738495
5705,2.4376299381256104,0.004879827611148357
5706,2.427496910095215,0.004871809855103493
5707,2.442697048187256,0.004860090557485819
5708,2.407496929168701,0.004844421520829201
5709,2.4376299381256104,0.004829035606235266
5710,2.407496929168701,0.004813522100448608
5711,2.4725639820098877,0.004797454923391342
5712,2.4125630855560303,0.004780228715389967
5713,2.452564001083374,0.0047602225095033646
5714,2.4026970863342285,0.004735388793051243
5715,2.4376299381256104,0.004708935506641865
5716,2.427496910095215,0.00468051340430975
5717,2.4576311111450195,0.004648046568036079
5718,2.3925631046295166,0.0046113114804029465
5719,2.427496910095215,0.004569093231111765
5720,2.407496929168701,0.004522684961557388
5721,2.452564001083374,0.004477537237107754
5722,2.422697067260742,0.004440802615135908
5723,2.4725639820098877,0.004409079905599356
5724,2.4176299571990967,0.004382002167403698
5725,2.4376299381256104,0.004359038546681404
5726,2.4125630855560303,0.004334792494773865
5727,2.4576311111450195,0.004309701733291149
5728,2.3925631046295166,0.004282703157514334
5729,2.422697067260742,0.004251834470778704
5730,2.4026970863342285,0.0042167468927800655
5731,2.452564001083374,0.004176225978881121
5732,2.3874969482421875,0.004129115492105484
5733,2.4477639198303223,0.004074864089488983
5734,2.4176299571990967,0.004013138823211193
5735,2.4626970291137695,0.003939931746572256
5736,2.4026970863342285,0.003853144124150276
5737,2.4376299381256104,0.0037417171988636255
5738,2.382430076599121,0.003606939222663641
5739,2.442697048187256,0.003450948279350996
5740,2.427496910095215,0.0032853346783667803
5741,2.4125630855560303,0.003146792994812131
5742,2.427496910095215,0.0030220961198210716
5743,2.4576311111450195,0.002928052330389619
5744,2.397629976272583,0.0028435010462999344
5745,2.422697067260742,0.0027818528469651937
5746,2.382430076599121,0.002743204589933157
5747,2.4477639198303223,0.0027191743720322847
5748,2.4026970863342285,0.0027027595788240433
5749,2.4376299381256104,0.002691339934244752
5750,2.442697048187256,0.0026817061007022858
5751,2.4626970291137695,0.0026737768203020096
5752,2.4376299381256104,0.002665567211806774
5753,2.4477639198303223,0.0026580418925732374
5754,2.4026970863342285,0.002651219954714179
5755,2.467763900756836,0.0026443901006132364
5756,2.4176299571990967,0.0026393162552267313
5757,2.452564001083374,0.0026345043443143368
5758,2.4026970863342285,0.0026307827793061733
5759,2.4477639198303223,0.002627110108733177
5760,2.407496929168701,0.002626344095915556
5761,2.4626970291137695,0.0026270896196365356
5762,2.407496929168701,0.0026301895268261433
5763,2.427496910095215,0.0026340200565755367
5764,2.422697067260742,0.002639024518430233
5765,2.4125630855560303,0.002643848769366741
5766,2.427496910095215,0.002648223889991641
5767,2.4376299381256104,0.0026515715289860964
5768,2.4026970863342285,0.002655247924849391
5769,2.4477639198303223,0.0026595911476761103
5770,2.407496929168701,0.0026650340296328068
5771,2.452564001083374,0.002672047819942236
5772,2.4325640201568604,0.002679994562640786
5773,2.4376299381256104,0.0026872409507632256
5774,2.4376299381256104,0.002694765804335475
5775,2.477631092071533,0.002703355625271797
5776,2.3925631046295166,0.0027139349840581417
5777,2.452564001083374,0.002723642159253359
5778,2.382430076599121,0.002733270637691021
5779,2.4725639820098877,0.0027430010959506035
5780,2.3925631046295166,0.002753274515271187
5781,2.4477639198303223,0.002765142358839512
5782,2.3925631046295166,0.0027799601666629314
5783,2.4477639198303223,0.002797209657728672
5784,2.3925631046295166,0.002815789543092251
5785,2.4325640201568604,0.002834933577105403
5786,2.3074960708618164,0.0028525874949991703
5787,1.6562869548797607,0.0028753080405294895
5788,0.9101449847221375,0.0027814218774437904
5789,1.315750002861023,0.0027275204192847013
5790,1.1304140090942383,0.002648307476192713
5791,0.8298770189285278,0.00256865075789392
5792,0.9952120184898376,0.0025014844723045826
5793,0.9850789904594421,0.0024432260543107986
5794,0.7048090100288391,0.0024046360049396753
5795,0.7797430157661438,0.002381374593824148
5796,0.8098769783973694,0.002371534239500761
5797,0.7749429941177368,0.002374571282416582
5798,0.6496080160140991,0.0023922480177134275
5799,0.6896089911460876,0.0024117548018693924
5800,0.659741997718811,0.0024319207295775414
5801,0.6496080160140991,0.002453800290822983
5802,0.5744069814682007,0.002480792813003063
5803,0.5944070219993591,0.00251369783654809
5804,0.554407000541687,0.0025631312746554613
5805,0.5445399880409241,0.002633290830999613
5806,0.47440600395202637,0.0027147389482706785
5807,0.4994730055332184,0.0028006238862872124
5808,0.44933900237083435,0.0028737876564264297
5809,0.47440600395202637,0.002943119965493679
5810,0.4192050099372864,0.0030160292517393827
5811,0.4192050099372864,0.0031009751837700605
5812,0.27386999130249023,0.0031684625428169966
5813,0.3490709960460663,0.0032315789721906185
5814,0.28400400280952454,0.0032875605393201113
5815,0.3141370117664337,0.003334708046168089
5816,0.24400299787521362,0.0033719444181770086
5817,0.27386999130249023,0.0034047712106257677
5818,0.2338699996471405,0.0034260794054716825
5819,0.1938689947128296,0.003440102096647024
5820,0.16373500227928162,0.0034515804145485163
5821,0.18880200386047363,0.0034627187997102737
5822,0.11866799741983414,0.003474231343716383
5823,0.1938689947128296,0.0034846318885684013
5824,0.08373399823904037,0.003492162562906742
5825,0.1488019973039627,0.0034997169859707355
5826,0.10373499989509583,0.003504644613713026
5827,0.12880200147628784,0.003507880959659815
5828,0.05866700038313866,0.003509624395519495
5829,0.09866800159215927,0.0035110388416796923
5830,0.07360100001096725,0.0035111624747514725
5831,0.09866800159215927,0.0035103328991681337
5832,0.07360100001096725,0.0035087778232991695
5833,0.10373499989509583,0.0035072555765509605
5834,0.06373400241136551,0.0035056450869888067
5835,0.09360100328922272,0.0035040383227169514
5836,0.03866700083017349,0.003502217121422291
5837,0.07360100001096725,0.0035002874210476875
5838,0.05360100045800209,0.003497844096273184
5839,0.08880099654197693,0.003494917880743742
5840,0.02346700057387352,0.003492634976282716
5841,0.05360100045800209,0.003490651026368141
5842,0.01866699941456318,0.003488830989226699
5843,0.07866799831390381,0.0034867243375629187
5844,0.01360000018030405,0.0034841885790228844
5845,0.03866700083017349,0.0034809429198503494
5846,0.02346700057387352,0.0034770932979881763
5847,0.04853399842977524,0.003473453689366579
5848,0.03359999880194664,0.003469725139439106
5849,0.06373400241136551,0.0034656813368201256
5850,0.003467000089585781,0.003461068496108055
5851,0.04853399842977524,0.0034556647296994925
5852,0.003467000089585781,0.003450376447290182
5853,0.04853399842977524,0.0034451312385499477
5854,-0.02160000056028366,0.00343992467969656
5855,0.05360100045800209,0.003434746991842985
5856,0.003467000089585781,0.0034294836223125458
5857,0.06373400241136551,0.003423789981752634
5858,-0.006399999838322401,0.0034181876108050346
5859,0.04853399842977524,0.0034128474071621895
5860,0.003467000089585781,0.0034075528383255005
5861,0.05866700038313866,0.0034020328894257545
5862,0.008533000014722347,0.003395895939320326
5863,0.07360100001096725,0.0033898083493113518
5864,0.028534000739455223,0.0033842232078313828
5865,0.03866700083017349,0.0033787281718105078
5866,-0.04160099849104881,0.0033732387237250805
5867,0.028534000739455223,0.0033672621939331293
5868,0.008533000014722347,0.0033609699457883835
5869,0.08373399823904037,0.0033544672187417746
5870,0.003467000089585781,0.003348683239892125
5871,0.028534000739455223,0.00334369414485991
5872,0.003467000089585781,0.003339421935379505
5873,0.01360000018030405,0.0033353371545672417
5874,-0.0013330000219866633,0.0033312742598354816
5875,0.05866700038313866,0.003327832790091634
5876,0.02346700057387352,0.0033249615225940943
5877,0.04853399842977524,0.003322283737361431
5878,-0.03653400018811226,0.003319532610476017
5879,0.04853399842977524,0.003316139802336693
5880,-0.0013330000219866633,0.003313030581921339
5881,0.028534000739455223,0.003310122061520815
5882,0.008533000014722347,0.003306991420686245
5883,0.04853399842977524,0.0033037064131349325
5884,-0.02160000056028366,0.003300002310425043
5885,0.04853399842977524,0.0032956479117274284
5886,0.008533000014722347,0.0032917149364948273
5887,0.028534000739455223,0.0032878939528018236
5888,0.01360000018030405,0.0032837591134011745
5889,0.04853399842977524,0.003278780495747924
5890,-0.026399999856948853,0.0032739429734647274
5891,0.05360100045800209,0.003268845146521926
5892,0.01360000018030405,0.003264066996052861
5893,0.0685340017080307,0.0032599244732409716
5894,0.01866699941456318,0.003255624556913972
5895,0.07360100001096725,0.0032517104409635067
5896,0.008533000014722347,0.0032480540685355663
5897,0.04853399842977524,0.003244417253881693
5898,-0.016534000635147095,0.0032402127981185913
5899,0.06373400241136551,0.003235739655792713
5900,0.01866699941456318,0.003231436014175415
5901,0.03359999880194664,0.0032273842953145504
5902,-0.026399999856948853,0.0032233078964054585
5903,0.028534000739455223,0.003219377947971225
5904,-0.011466999538242817,0.0032153697684407234
5905,0.02346700057387352,0.003210900817066431
5906,-0.011466999538242817,0.003206667024642229
5907,0.04853399842977524,0.003202772932127118
5908,-0.0013330000219866633,0.0031990655697882175
5909,0.05360100045800209,0.003195177996531129
5910,-0.011466999538242817,0.0031907837837934494
5911,0.04853399842977524,0.0031862580217421055
5912,-0.02160000056028366,0.0031818037386983633
5913,0.07360100001096725,0.0031771231442689896
5914,-0.0013330000219866633,0.0031720399856567383
5915,0.03866700083017349,0.003166734706610441
5916,-0.0013330000219866633,0.003161659697070718
5917,0.05360100045800209,0.0031569134443998337
5918,-0.0013330000219866633,0.003152085468173027
5919,0.043733999133110046,0.003147681010887027
5920,0.02346700057387352,0.003144005313515663
5921,0.05360100045800209,0.003141118912026286
5922,0.003467000089585781,0.0031389554496854544
5923,0.06373400241136551,0.0031373989768326283
5924,-0.011466999538242817,0.00313588697463274
5925,0.04853399842977524,0.0031344026792794466
5926,0.003467000089585781,0.003132759826257825
5927,0.04853399842977524,0.0031311647035181522
5928,-0.006399999838322401,0.003129242453724146
5929,0.043733999133110046,0.003126654541119933
5930,-0.0013330000219866633,0.0031235653441399336
5931,0.03359999880194664,0.003119854023680091
5932,-0.0013330000219866633,0.003116132225841284
5933,0.02346700057387352,0.0031125363893806934
5934,-0.006399999838322401,0.0031091065611690283
5935,0.028534000739455223,0.0031055668368935585
5936,-0.011466999538242817,0.0031017905566841364
5937,0.03866700083017349,0.003097312059253454
5938,0.028534000739455223,0.0030927304178476334
5939,0.05866700038313866,0.0030881587881594896
5940,0.01360000018030405,0.0030838707461953163
5941,0.043733999133110046,0.0030796206556260586
5942,-0.026399999856948853,0.003075480228289962
5943,0.02346700057387352,0.0030711975414305925
5944,0.028534000739455223,0.0030665136873722076
5945,0.05360100045800209,0.0030619832687079906
5946,-0.011466999538242817,0.0030578779987990856
5947,0.04853399842977524,0.0030542537569999695
5948,0.003467000089585781,0.0030508353374898434
5949,0.06373400241136551,0.0030479980632662773
5950,-0.02160000056028366,0.003045378252863884
5951,0.05360100045800209,0.0030431714840233326
5952,0.01360000018030405,0.003040962852537632
5953,0.03866700083017349,0.003038995433598757
5954,0.003467000089585781,0.0030372696928679943
5955,0.003467000089585781,0.003035161644220352
5956,0.003467000089585781,0.003032310865819454
5957,0.04853399842977524,0.003029264509677887
5958,-0.031466998159885406,0.003025306621566415
5959,0.03359999880194664,0.0030205626972019672
5960,-0.031466998159885406,0.0030149994418025017
5961,0.03866700083017349,0.0030099644791334867
5962,-0.0013330000219866633,0.003005396341904998
5963,0.05360100045800209,0.003001787466928363
5964,0.01866699941456318,0.0029986572917550802
5965,0.01866699941456318,0.002995772985741496
5966,-0.016534000635147095,0.0029928316362202168
5967,0.03866700083017349,0.0029893908649683
5968,-0.03653400018811226,0.002984753344208002
5969,0.04853399842977524,0.0029794396832585335
5970,-0.02160000056028366,0.0029742531478405
5971,0.05360100045800209,0.0029695057310163975
5972,-0.0013330000219866633,0.0029645287431776524
5973,0.03359999880194664,0.0029598751571029425
5974,-0.02160000056028366,0.002955086762085557
5975,0.03866700083017349,0.0029503204859793186
5976,0.003467000089585781,0.002945692278444767
5977,0.04853399842977524,0.002941236598417163
5978,-0.031466998159885406,0.0029361338820308447
5979,0.028534000739455223,0.002929819282144308
5980,-0.05653399974107742,0.0029227472841739655
5981,0.02346700057387352,0.0029150755144655704
5982,-0.02160000056028366,0.0029082600958645344
5983,0.05360100045800209,0.0029021131340414286
5984,0.003467000089585781,0.00289654778316617
5985,0.01360000018030405,0.0028915489092469215
5986,-0.011466999538242817,0.0028867218643426895
5987,0.03359999880194664,0.0028822985477745533
5988,-0.006399999838322401,0.0028778095729649067
5989,0.05866700038313866,0.0028733061626553535
5990,0.003467000089585781,0.0028684900607913733
5991,0.05360100045800209,0.0028631333261728287
5992,-0.011466999538242817,0.002857058774679899
5993,0.043733999133110046,0.002850648481398821
5994,0.003467000089585781,0.0028430791571736336
5995,0.03866700083017349,0.002835108432918787
5996,-0.011466999538242817,0.002826149808242917
5997,0.043733999133110046,0.002815750427544117
5998,0.003467000089585781,0.0028054555878043175
5999,0.02346700057387352,0.0027964080218225718
6000,-0.0013330000219866633,0.0027880817651748657
6001,0.05360100045800209,0.0027799508534371853
6002,0.03866700083017349,0.002772553823888302
6003,0.043733999133110046,0.00276559847407043
6004,-0.016534000635147095,0.002758330898359418
6005,0.05360100045800209,0.0027518095448613167
6006,-0.011466999538242817,0.002745203673839569
6007,-0.0013330000219866633,0.0027391528710722923
6008,-0.016534000635147095,0.0027337162755429745
6009,0.03866700083017349,0.0027285644318908453
6010,0.008533000014722347,0.0027230139821767807
6011,0.03866700083017349,0.002717202063649893
6012,-0.016534000635147095,0.0027120509184896946
6013,0.04853399842977524,0.002707971492782235
6014,-0.011466999538242817,0.002704186365008354
6015,0.043733999133110046,0.0027002126444131136
6016,-0.05146700143814087,0.002695537870749831
6017,0.01360000018030405,0.0026898838113993406
6018,-0.0013330000219866633,0.002683311700820923
6019,0.043733999133110046,0.002676792908459902
6020,-0.02160000056028366,0.0026695835404098034
6021,0.01360000018030405,0.002662904094904661
6022,-0.011466999538242817,0.0026569352485239506
6023,0.01866699941456318,0.0026522628031671047
6024,-0.04160099849104881,0.002647469751536846
6025,0.03866700083017349,0.0026418506167829037
6026,-0.03653400018811226,0.0026358910836279392
6027,0.02346700057387352,0.0026286933571100235
6028,-0.04666699841618538,0.0026209838688373566
6029,0.03359999880194664,0.0026136930100619793
6030,-0.011466999538242817,0.0026062719989567995
6031,-0.016534000635147095,0.0025976509787142277
6032,-0.016534000635147095,0.002587114227935672
6033,0.0685340017080307,0.002577947685495019
6034,-0.0013330000219866633,0.0025690558832138777
6035,0.028534000739455223,0.00255994638428092
6036,-0.0013330000219866633,0.0025500894989818335
6037,0.02346700057387352,0.0025386246852576733
6038,0.01360000018030405,0.002524476731196046
6039,-0.0013330000219866633,0.0025078500621020794
6040,-0.02160000056028366,0.0024900916032493114
6041,0.01866699941456318,0.0024716760963201523
6042,-0.011466999538242817,0.0024549169465899467
6043,0.028534000739455223,0.002432403154671192
6044,-0.0013330000219866633,0.002406567335128784
6045,0.0685340017080307,0.0023812581785023212
6046,-0.0013330000219866633,0.0023528849706053734
6047,0.04853399842977524,0.002321795094758272
6048,0.003467000089585781,0.002291744574904442
6049,0.003467000089585781,0.0022597527131438255
6050,-0.006399999838322401,0.002221713773906231
6051,0.04853399842977524,0.0021852143108844757
6052,-0.011466999538242817,0.00214802916161716
6053,0.03359999880194664,0.002106660744175315
6054,-0.011466999538242817,0.0020573996007442474
6055,0.01866699941456318,0.002010116120800376
6056,0.008533000014722347,0.0019643246196210384
6057,0.02346700057387352,0.0019176396308466792
6058,0.008533000014722347,0.0018650523852556944
6059,0.06373400241136551,0.001806021435186267
6060,-0.011466999538242817,0.0017315468285232782
6061,0.06373400241136551,0.0016377578722313046
6062,-0.011466999538242817,0.0015329413581639528
6063,0.03359999880194664,0.0014267591759562492
6064,-0.03653400018811226,0.001336845918558538
6065,0.02346700057387352,0.0012532789260149002
6066,-0.011466999538242817,0.001168479211628437
6067,0.02346700057387352,0.0010735222604125738
6068,0.003467000089585781,0.0009973988635465503
6069,0.02346700057387352,0.0009260557708330452
6070,-0.026399999856948853,0.0008623010944575071
6071,0.03866700083017349,0.0008075694204308093
6072,0.02346700057387352,0.000763685442507267
6073,0.06373400241136551,0.0007244803127832711
6074,-0.02160000056028366,0.0006970568792894483
6075,0.01360000018030405,0.0006777998059988022
6076,-0.02160000056028366,0.0006623679073527455
6077,0.028534000739455223,0.0006484516197815537
6078,-0.0013330000219866633,0.0006350510520860553
6079,0.05360100045800209,0.0006235133623704314
6080,-0.011466999538242817,0.000615392520558089
6081,0.06373400241136551,0.0006074444390833378
6082,0.01360000018030405,0.0006021658191457391
6083,0.03866700083017349,0.00059852609410882
6084,-0.011466999538242817,0.0005962162977084517
6085,0.028534000739455223,0.0005936147645115852
6086,-0.011466999538242817,0.0005916646914556623
6087,0.01866699941456318,0.0005902807461097836
6088,0.01360000018030405,0.0005898411618545651
6089,0.05866700038313866,0.0005899356910958886
6090,0.028534000739455223,0.0005906758597120643
6091,0.05360100045800209,0.0005914820358157158
6092,0.003467000089585781,0.0005925140576437116
6093,0.05866700038313866,0.0005935011431574821
6094,0.01866699941456318,0.0005946004530414939
6095,0.06373400241136551,0.0005958693800494075
6096,-0.011466999538242817,0.0005970667698420584
6097,0.028534000739455223,0.0005982802831567824
6098,-0.006399999838322401,0.0005994740640744567
6099,0.02346700057387352,0.0006004067254252732
6100,-0.006399999838322401,0.0006013624952174723
6101,0.01360000018030405,0.0006023294990882277
6102,-0.031466998159885406,0.0006032358505763113
6103,0.03866700083017349,0.0006042387103661895
6104,-0.02160000056028366,0.0006053277757018805
6105,0.028534000739455223,0.0006066516507416964
6106,0.01866699941456318,0.0006080553866922855
6107,0.03359999880194664,0.0006095478311181068
6108,-0.0013330000219866633,0.0006109862006269395
6109,0.008533000014722347,0.0006123913335613906
6110,-0.03653400018811226,0.0006136319134384394
6111,0.03359999880194664,0.0006152407149784267
6112,0.003467000089585781,0.000616889912635088
6113,0.07360100001096725,0.0006187281687743962
6114,-0.03653400018811226,0.0006200866773724556
6115,0.028534000739455223,0.0006216309266164899
6116,-0.006399999838322401,0.0006229999708011746
6117,0.05360100045800209,0.0006245740805752575
6118,0.008533000014722347,0.000626391964033246
6119,0.01360000018030405,0.0006282352842390537
6120,-0.011466999538242817,0.0006300319219008088
6121,0.028534000739455223,0.0006319608073681593
6122,0.003467000089585781,0.0006336952792480588
6123,0.04853399842977524,0.0006353599019348621
6124,0.008533000014722347,0.0006367898895405233
6125,-0.02160000056028366,0.0006380800041370094
6126,0.028534000739455223,0.0006394411902874708
6127,0.01866699941456318,0.0006405931781046093
6128,-0.026399999856948853,0.0006416919641196728
6129,0.03866700083017349,0.0006428868509829044
6130,-0.0013330000219866633,0.0006439470453187823
6131,0.01360000018030405,0.0006450242944993079
6132,-0.04666699841618538,0.0006460531149059534
6133,0.03866700083017349,0.0006469765794463456
6134,-0.026399999856948853,0.0006478539435192943
6135,0.028534000739455223,0.0006488292128778994
6136,-0.011466999538242817,0.0006495873676612973
6137,0.04853399842977524,0.000650426431093365
6138,-0.02160000056028366,0.000651244365144521
6139,-0.0013330000219866633,0.0006521129980683327
6140,0.01866699941456318,0.0006529103848151863
6141,0.01360000018030405,0.0006534981075674295
6142,-0.011466999538242817,0.0006541420007124543
6143,0.008533000014722347,0.0006545876967720687
6144,-0.0013330000219866633,0.0006551290862262249
6145,0.01360000018030405,0.0006556432927027345
6146,-0.0013330000219866633,0.000656094984151423
6147,0.03866700083017349,0.0006566029042005539
6148,0.003467000089585781,0.0006571398116648197
6149,0.07360100001096725,0.0006577912718057632
6150,-0.02160000056028366,0.0006584069924429059
6151,0.03866700083017349,0.0006589299882762134
6152,-0.04160099849104881,0.0006595285376533866
6153,0.05360100045800209,0.0006602152716368437
6154,-0.0013330000219866633,0.0006608901312574744
6155,0.03866700083017349,0.0006617602775804698
6156,0.003467000089585781,0.0006625337991863489
6157,0.01360000018030405,0.0006632070289924741
6158,-0.006399999838322401,0.0006638190243393183
6159,0.03866700083017349,0.0006646641995757818
6160,0.01866699941456318,0.0006654394092038274
6161,0.03359999880194664,0.0006662413943558931
6162,0.03866700083017349,0.0006667900597676635
6163,0.028534000739455223,0.0006672886665910482
6164,0.01360000018030405,0.0006676331977359951
6165,0.04853399842977524,0.0006680100923404098
6166,-0.0013330000219866633,0.0006683825049549341
6167,0.05360100045800209,0.0006688866997137666
6168,-0.0013330000219866633,0.0006693421746604145
6169,0.03866700083017349,0.0006697385106235743
6170,-0.011466999538242817,0.0006701626698486507
6171,0.03359999880194664,0.0006707599386572838
6172,-0.03653400018811226,0.0006713092443533242
6173,0.07866799831390381,0.0006716419593431056
6174,0.028534000739455223,0.0006720573292113841
6175,0.01360000018030405,0.0006723355036228895
6176,0.01866699941456318,0.0006725115817971528
6177,0.043733999133110046,0.0006726924912072718
6178,-0.031466998159885406,0.0006731062894687057
6179,0.003467000089585781,0.0006732785259373486
6180,-0.026399999856948853,0.0006739769596606493
6181,0.01360000018030405,0.0006744129932485521
6182,-0.02160000056028366,0.0006750050815753639
6183,0.01866699941456318,0.0006754779606126249
6184,0.003467000089585781,0.0006760230171494186
6185,0.04853399842977524,0.000676396768540144
6186,0.003467000089585781,0.0006767101585865021
6187,0.03866700083017349,0.0006768191233277321
6188,-0.026399999856948853,0.0006769860628992319
6189,0.03866700083017349,0.0006774077191948891
6190,-0.0013330000219866633,0.0006779950927011669
6191,0.05360100045800209,0.0006787331076338887
6192,-0.0013330000219866633,0.0006792506901547313
6193,0.04853399842977524,0.0006797031965106726
6194,-0.011466999538242817,0.0006801851559430361
6195,0.03866700083017349,0.000680886791087687
6196,-0.0013330000219866633,0.0006815978558734059
6197,0.03866700083017349,0.000682237499859184
6198,-0.006399999838322401,0.0006828506593592465
6199,0.06373400241136551,0.0006835482781752944
6200,0.03866700083017349,0.0006843029987066984
6201,0.03866700083017349,0.0006848747143521905
6202,-0.011466999538242817,0.0006854890380054712
6203,0.04853399842977524,0.0006860682624392211
6204,0.01360000018030405,0.0006869588396511972
6205,0.03866700083017349,0.000687792431563139
6206,0.008533000014722347,0.0006886149640195072
6207,0.04853399842977524,0.0006892088567838073
6208,-0.0013330000219866633,0.0006898755673319101
6209,0.05360100045800209,0.0006905404734425247
6210,-0.03653400018811226,0.0006910063675604761
6211,0.05360100045800209,0.0006914479890838265
6212,-0.02160000056028366,0.0006919619627296925
6213,0.03866700083017349,0.0006923002656549215
6214,0.003467000089585781,0.000692881119903177
6215,0.043733999133110046,0.0006934083066880703
6216,0.03866700083017349,0.000694059650413692
6217,0.03866700083017349,0.0006944099441170692
6218,-0.0013330000219866633,0.000694968388415873
6219,0.04853399842977524,0.0006956510478630662
6220,0.02346700057387352,0.0006964985514059663
6221,0.05360100045800209,0.0006968759698793292
6222,-0.006399999838322401,0.0006974522257223725
6223,0.03866700083017349,0.0006978779565542936
6224,0.003467000089585781,0.000698613584972918
6225,0.02346700057387352,0.0006993004935793579
6226,0.02346700057387352,0.0007001847261562943
6227,0.03866700083017349,0.0007007959648035467
6228,-0.011466999538242817,0.0007013982394710183
6229,-0.0013330000219866633,0.0007018863689154387
6230,0.01360000018030405,0.0007025175727903843
6231,0.03866700083017349,0.0007028202526271343
6232,0.008533000014722347,0.0007034330628812313
6233,0.04853399842977524,0.0007035130402073264
6234,-0.016534000635147095,0.0007037832401692867
6235,0.02346700057387352,0.0007042349316179752
6236,-0.0013330000219866633,0.000704911770299077
6237,0.01866699941456318,0.0007054564775899053
6238,-0.026399999856948853,0.00070601562038064
6239,0.02346700057387352,0.0007064796518534422
6240,-0.026399999856948853,0.0007069503772072494
6241,0.02346700057387352,0.000707290368154645
6242,-0.0013330000219866633,0.0007078507333062589
6243,0.02346700057387352,0.0007079158094711602
6244,0.01360000018030405,0.0007083171512931585
6245,0.043733999133110046,0.0007084510289132595
6246,-0.0013330000219866633,0.0007087346166372299
6247,0.05360100045800209,0.0007089395076036453
6248,0.008533000014722347,0.0007094839820638299
6249,0.028534000739455223,0.0007096565095707774
6250,0.003467000089585781,0.0007099932990968227
6251,0.028534000739455223,0.0007102585514076054
6252,0.003467000089585781,0.0007106050034053624
6253,0.03866700083017349,0.0007107269484549761
6254,0.01360000018030405,0.000710859545506537
6255,0.003467000089585781,0.0007108033169060946
6256,-0.016534000635147095,0.0007107824785634875
6257,0.043733999133110046,0.0007108068093657494
6258,-0.0013330000219866633,0.0007108156569302082
6259,0.02346700057387352,0.0007108254940249026
6260,-0.011466999538242817,0.0007110987207852304
6261,0.01866699941456318,0.0007108257850632071
6262,-0.026399999856948853,0.0007108607096597552
6263,0.02346700057387352,0.0007109993603080511
6264,0.028534000739455223,0.0007112977327778935
6265,0.01866699941456318,0.0007110057631507516
6266,-0.006399999838322401,0.000710701453499496
6267,-0.0013330000219866633,0.0007104052929207683
6268,-0.011466999538242817,0.000710505701135844
6269,0.01360000018030405,0.0007101204246282578
6270,0.008533000014722347,0.0007101189694367349
6271,0.01360000018030405,0.000709567975718528
6272,-0.0013330000219866633,0.0007093203021213412
6273,0.05360100045800209,0.00070901308208704
6274,-0.026399999856948853,0.0007087738486006856
6275,0.01360000018030405,0.0007083129603415728
6276,0.003467000089585781,0.0007080872310325503
6277,0.02346700057387352,0.0007075403118506074
6278,-0.016534000635147095,0.0007071717409417033
6279,0.02346700057387352,0.0007064269157126546
6280,-0.0013330000219866633,0.0007058059563860297
6281,0.003467000089585781,0.0007050372078083456
6282,0.01360000018030405,0.0007044177036732435
6283,0.02346700057387352,0.0007037040777504444
6284,-0.011466999538242817,0.0007033657748252153
6285,0.028534000739455223,0.0007029332919046283
6286,-0.011466999538242817,0.0007024721708148718
6287,0.02346700057387352,0.0007017939351499081
6288,-0.006399999838322401,0.0007013650611042976
6289,0.03866700083017349,0.0007003223290666938
6290,-0.006399999838322401,0.0006995735457167029
6291,0.01360000018030405,0.0006986775551922619
6292,-0.011466999538242817,0.0006981807528063655
6293,0.028534000739455223,0.000697439827490598
6294,0.03359999880194664,0.0006968866218812764
6295,0.03359999880194664,0.000696202740073204
6296,-0.0013330000219866633,0.0006955898134037852
6297,0.07360100001096725,0.0006950671086087823
6298,0.01360000018030405,0.0006945488275960088
6299,0.028534000739455223,0.0006939152372069657
6300,0.03866700083017349,0.0006936144200153649
6301,0.03866700083017349,0.0006931469542905688
6302,-0.026399999856948853,0.000692955101840198
6303,0.02346700057387352,0.0006924190674908459
6304,-0.011466999538242817,0.000691742985509336
6305,0.003467000089585781,0.0006912667886354029
6306,-0.011466999538242817,0.0006907504284754395
6307,0.03866700083017349,0.000690124521497637
6308,-0.006399999838322401,0.0006894793477840722
6309,0.05360100045800209,0.0006890638032928109
6310,-0.04160099849104881,0.0006887768395245075
6311,0.03866700083017349,0.0006891454104334116
6312,-0.02160000056028366,0.0006898083374835551
6313,0.02346700057387352,0.0006899660220369697
6314,-0.03653400018811226,0.0006899976287968457
6315,0.04853399842977524,0.0006900305743329227
6316,-0.03653400018811226,0.0006905675400048494
6317,0.01866699941456318,0.0006907605566084385
6318,-0.02160000056028366,0.000691144960001111
6319,0.02346700057387352,0.0006915634730830789
6320,-0.03653400018811226,0.0006920177256688476
6321,0.043733999133110046,0.0006923929322510958
6322,0.02346700057387352,0.000692830013576895
6323,-0.026399999856948853,0.0006929191295057535
6324,-0.011466999538242817,0.0006927973590791225
6325,0.05360100045800209,0.0006927444483153522
6326,-0.011466999538242817,0.0006925812922418118
6327,0.03359999880194664,0.0006923227338120341
6328,-0.05653399974107742,0.0006921102758497
6329,0.028534000739455223,0.0006922519532963634
6330,-0.011466999538242817,0.0006924650515429676
6331,0.04853399842977524,0.000692719011567533
6332,-0.0013330000219866633,0.0006931894458830357
6333,0.028534000739455223,0.0006933781551197171
6334,0.01866699941456318,0.0006935562705621123
6335,0.02346700057387352,0.0006935456767678261
6336,-0.02160000056028366,0.0006934938719496131
6337,-0.0013330000219866633,0.0006936164572834969
6338,-0.031466998159885406,0.0006937787402421236
6339,0.008533000014722347,0.0006936228601261973
6340,-0.02160000056028366,0.0006934792036190629
6341,0.04853399842977524,0.0006936239078640938
6342,-0.03653400018811226,0.0006937856087461114
6343,0.05360100045800209,0.0006937632570043206
6344,0.003467000089585781,0.0006936241989023983
6345,0.003467000089585781,0.000693396432325244
6346,-0.026399999856948853,0.0006931237876415253
6347,0.043733999133110046,0.0006929915398359299
6348,0.003467000089585781,0.0006929362425580621
6349,0.028534000739455223,0.0006927268113940954
6350,0.01360000018030405,0.0006924765766598284
6351,0.03359999880194664,0.0006922062020748854
6352,-0.006399999838322401,0.0006918428698554635
6353,0.03866700083017349,0.0006913614924997091
6354,-0.02160000056028366,0.0006907591014169157
6355,0.01866699941456318,0.0006905574118718505
6356,-0.016534000635147095,0.0006903299363330007
6357,-0.0013330000219866633,0.0006899886066094041
6358,0.003467000089585781,0.0006896118866279721
6359,0.01866699941456318,0.0006891500088386238
6360,-0.011466999538242817,0.0006888372590765357
6361,0.028534000739455223,0.0006883882451802492
6362,0.003467000089585781,0.0006880863220430911
6363,0.01360000018030405,0.000687747320625931
6364,-0.0013330000219866633,0.0006875054677948356
6365,0.05360100045800209,0.0006871505756862462
6366,-0.011466999538242817,0.0006869678036309779
6367,0.003467000089585781,0.000686287647113204
6368,-0.006399999838322401,0.0006858060951344669
6369,0.02346700057387352,0.0006851790240034461
6370,-0.011466999538242817,0.0006850393256172538
6371,0.043733999133110046,0.0006848506163805723
6372,0.02346700057387352,0.0006848135963082314
6373,0.05360100045800209,0.0006842861184850335
6374,0.01360000018030405,0.0006837010150775313
6375,0.01866699941456318,0.0006829589838162065
6376,0.008533000014722347,0.0006824206793680787
6377,0.028534000739455223,0.0006815965170972049
6378,-0.006399999838322401,0.000681112171150744
6379,0.04853399842977524,0.0006806689780205488
6380,-0.011466999538242817,0.0006804592558182776
6381,0.05866700038313866,0.000680384342558682
6382,-0.02160000056028366,0.0006802637362852693
6383,0.028534000739455223,0.0006803099531680346
6384,-0.0013330000219866633,0.0006803919095546007
6385,0.03866700083017349,0.0006804413860663772
6386,-0.006399999838322401,0.0006807108875364065
6387,0.01866699941456318,0.0006808161269873381
6388,0.003467000089585781,0.0006810675258748233
6389,0.028534000739455223,0.0006814118241891265
6390,-0.02160000056028366,0.0006819545524194837
6391,0.03866700083017349,0.0006822210270911455
6392,-0.0013330000219866633,0.0006830304628238082
6393,0.06373400241136551,0.0006835521198809147
6394,-0.0013330000219866633,0.000684120343066752
6395,0.028534000739455223,0.0006845565512776375
6396,-0.011466999538242817,0.0006851276848465204
6397,0.03866700083017349,0.0006857799598947167
6398,-0.011466999538242817,0.0006863550515845418
6399,0.03866700083017349,0.0006871031364426017
6400,0.01360000018030405,0.0006877350970171392
6401,0.03866700083017349,0.0006883128080517054
6402,-0.0013330000219866633,0.00068884645588696
6403,0.02346700057387352,0.000689248088747263
6404,-0.05146700143814087,0.0006897515850141644
6405,0.04853399842977524,0.0006897138664498925
6406,-0.0013330000219866633,0.0006900427397340536
6407,-0.0013330000219866633,0.0006902976892888546
6408,0.003467000089585781,0.0006906391936354339
6409,0.028534000739455223,0.0006905941991135478
6410,-0.016534000635147095,0.0006908250506967306
6411,0.03866700083017349,0.0006909891963005066
6412,-0.031466998159885406,0.0006914336117915809
6413,0.003467000089585781,0.0006916914717294276
6414,-0.011466999538242817,0.0006920923478901386
6415,0.01360000018030405,0.000692242756485939
6416,-0.011466999538242817,0.0006924787303432822
6417,0.01360000018030405,0.0006925084162503481
6418,-0.011466999538242817,0.000692794390488416
6419,0.028534000739455223,0.0006931266980245709
6420,0.01866699941456318,0.0006936474237591028
6421,0.01360000018030405,0.0006940248422324657
6422,-0.011466999538242817,0.0006944464985281229
6423,-0.0013330000219866633,0.0006946219364181161
6424,-0.016534000635147095,0.0006949008093215525
6425,0.01866699941456318,0.0006950540700927377
6426,-0.02160000056028366,0.0006955176941119134
6427,0.03866700083017349,0.0006956193828955293
6428,-0.026399999856948853,0.0006959243910387158
6429,0.04853399842977524,0.0006962317856959999
6430,-0.02160000056028366,0.0006967432564124465
6431,0.01866699941456318,0.0006970760878175497
6432,-0.03653400018811226,0.0006977515295147896
6433,0.04853399842977524,0.000697995419614017
6434,-0.026399999856948853,0.0006982797058299184
6435,0.07866799831390381,0.0006986547959968448
6436,-0.031466998159885406,0.0006989550311118364
6437,0.04853399842977524,0.0006993236020207405
6438,-0.006399999838322401,0.0006996129523031414
6439,0.04853399842977524,0.000699892989359796
6440,0.02346700057387352,0.0007000844925642014
6441,0.008533000014722347,0.0007004135986790061
6442,0.01360000018030405,0.000700791017152369
6443,0.01360000018030405,0.0007012144196778536
6444,-0.0013330000219866633,0.0007017027819529176
6445,0.03359999880194664,0.0007020750781521201
6446,-0.0013330000219866633,0.0007024025544524193
6447,0.003467000089585781,0.0007024878868833184
6448,-0.03653400018811226,0.0007026559324003756
6449,0.02346700057387352,0.0007028493564575911
6450,0.003467000089585781,0.0007030746201053262
6451,0.02346700057387352,0.0007031108252704144
6452,0.01360000018030405,0.0007032504072412848
6453,0.01360000018030405,0.0007033721776679158
6454,0.008533000014722347,0.0007035000016912818
6455,0.028534000739455223,0.000703546975273639
6456,-0.011466999538242817,0.0007036095485091209
6457,0.008533000014722347,0.0007040128693915904
6458,-0.04160099849104881,0.0007042247452773154
6459,-0.0013330000219866633,0.0007044820231385529
6460,-0.04666699841618538,0.0007045435486361384
6461,0.01360000018030405,0.0007044660160318017
6462,-0.02160000056028366,0.0007042892975732684
6463,0.03866700083017349,0.0007041892968118191
6464,-0.011466999538242817,0.0007042194483801723
6465,0.02346700057387352,0.0007042050710879266
6466,0.01360000018030405,0.0007042317884042859
6467,0.01360000018030405,0.0007043367950245738
6468,-0.006399999838322401,0.0007044874364510179
6469,0.04853399842977524,0.0007048652041703463
6470,-0.016534000635147095,0.0007052468718029559
6471,-0.016534000635147095,0.0007054477464407682
6472,-0.011466999538242817,0.0007058107876218855
6473,0.04853399842977524,0.0007062492077238858
6474,-0.02160000056028366,0.0007064850069582462
6475,0.028534000739455223,0.0007063685916364193
6476,-0.02160000056028366,0.0007062045042403042
6477,0.05866700038313866,0.0007063577068038285
6478,-0.016534000635147095,0.000706535647623241
6479,0.008533000014722347,0.0007066543912515044
6480,-0.0013330000219866633,0.0007068219128996134
6481,0.03866700083017349,0.0007069342536851764
6482,-0.006399999838322401,0.0007071372820064425
6483,0.04853399842977524,0.0007073647575452924
6484,-0.026399999856948853,0.0007077048067003489
6485,0.043733999133110046,0.0007082287920638919
6486,-0.016534000635147095,0.0007084901444613934
6487,0.01360000018030405,0.0007087893318384886
6488,-0.04160099849104881,0.0007089407881721854
6489,0.028534000739455223,0.0007091645384207368
6490,-0.016534000635147095,0.000709237065166235
6491,0.02346700057387352,0.0007091839797794819
6492,0.003467000089585781,0.0007090354338288307
6493,0.02346700057387352,0.0007089616847224534
6494,0.02346700057387352,0.0007089831633493304
6495,0.05360100045800209,0.0007090430590324104
6496,-0.0013330000219866633,0.000709087704308331
6497,0.03359999880194664,0.0007091941661201417
6498,-0.016534000635147095,0.0007091914303600788
6499,0.028534000739455223,0.0007093059248290956
6500,0.003467000089585781,0.0007093594176694751
6501,0.03866700083017349,0.0007093945750966668
6502,0.01360000018030405,0.0007093927124515176
6503,0.03866700083017349,0.0007094801403582096
6504,-0.011466999538242817,0.0007093456806614995
6505,0.01360000018030405,0.0007093577878549695
6506,0.003467000089585781,0.0007092835730873048
6507,0.043733999133110046,0.0007094575557857752
6508,-0.011466999538242817,0.0007093665190041065
6509,0.008533000014722347,0.0007093286840245128
6510,-0.006399999838322401,0.0007092735031619668
6511,0.028534000739455223,0.0007093742024153471
6512,-0.016534000635147095,0.0007095820037648082
6513,0.028534000739455223,0.0007094403263181448
6514,0.02346700057387352,0.0007094239699654281
6515,0.028534000739455223,0.0007095430046319962
6516,-0.031466998159885406,0.0007096875924617052
6517,0.04853399842977524,0.0007100279326550663
6518,-0.006399999838322401,0.0007101526134647429
6519,0.008533000014722347,0.0007102540112100542
6520,-0.026399999856948853,0.0007103013340383768
6521,0.03866700083017349,0.0007103634416125715
6522,-0.016534000635147095,0.0007106165285222232
6523,0.06373400241136551,0.0007110684528015554
6524,-0.0013330000219866633,0.0007109609432518482
6525,0.028534000739455223,0.0007111208979040384
6526,-0.0013330000219866633,0.0007112643215805292
6527,0.04853399842977524,0.0007116729393601418
6528,0.003467000089585781,0.0007119607180356979
6529,0.04853399842977524,0.0007124103140085936
6530,-0.02160000056028366,0.0007126069394871593
6531,0.008533000014722347,0.0007128716097213328
6532,-0.026399999856948853,0.0007133183535188437
6533,0.028534000739455223,0.0007134883780963719
6534,0.01360000018030405,0.0007137808715924621
6535,0.03866700083017349,0.0007141768583096564
6536,-0.016534000635147095,0.000714682275429368
6537,0.03866700083017349,0.0007151776226237416
6538,-0.026399999856948853,0.0007157548097893596
6539,0.04853399842977524,0.0007166442228481174
6540,-0.03653400018811226,0.0007172009209170938
6541,0.04853399842977524,0.0007178458035923541
6542,-0.0013330000219866633,0.0007182856788858771
6543,0.03359999880194664,0.00071892817504704
6544,-0.0013330000219866633,0.0007196024525910616
6545,0.003467000089585781,0.000720498152077198
6546,-0.02160000056028366,0.0007215143414214253
6547,0.043733999133110046,0.0007227718597277999
6548,-0.03653400018811226,0.0007237702375277877
6549,0.05360100045800209,0.0007247380563057959
6550,-0.011466999538242817,0.0007253813091665506
6551,0.003467000089585781,0.0007260763668455184
6552,-0.016534000635147095,0.0007267112378031015
6553,0.028534000739455223,0.0007274996605701745
6554,-0.011466999538242817,0.0007281399448402226
6555,0.05360100045800209,0.0007288911147043109
6556,0.02346700057387352,0.0007290858775377274
6557,0.003467000089585781,0.0007296033436432481
6558,-0.0013330000219866633,0.0007299811113625765
6559,0.01866699941456318,0.0007304506143555045
6560,0.02346700057387352,0.0007309307693503797
6561,0.06373400241136551,0.0007314374670386314
6562,0.003467000089585781,0.0007316820556297898
6563,0.003467000089585781,0.0007318654097616673
6564,-0.04160099849104881,0.0007322250166907907
6565,0.03866700083017349,0.0007323600584641099
6566,0.003467000089585781,0.0007321451557800174
6567,0.03359999880194664,0.0007314328686334193
6568,-0.006399999838322401,0.0007307698833756149
6569,0.05360100045800209,0.0007300768047571182
6570,-0.0013330000219866633,0.0007297677220776677
6571,0.028534000739455223,0.0007291833753697574
6572,-0.03653400018811226,0.0007285142783075571
6573,0.043733999133110046,0.0007277216063812375
6574,-0.0013330000219866633,0.0007273487281054258
6575,0.06373400241136551,0.0007267323089763522
6576,-0.0013330000219866633,0.0007260857382789254
6577,0.03866700083017349,0.0007256495300680399
6578,-0.016534000635147095,0.0007251749048009515
6579,0.05360100045800209,0.0007248217007145286
6580,-0.02160000056028366,0.0007245241431519389
6581,0.03866700083017349,0.0007240137783810496
6582,-0.011466999538242817,0.0007235717494040728
6583,0.02346700057387352,0.0007229523034766316
6584,-0.011466999538242817,0.0007223839638754725
6585,0.05360100045800209,0.000721893273293972
6586,0.03359999880194664,0.0007215977529995143
6587,0.07360100001096725,0.0007211244665086269
6588,0.02346700057387352,0.0007204279536381364
6589,0.03866700083017349,0.0007197057129815221
6590,-0.0013330000219866633,0.000719120551366359
6591,0.04853399842977524,0.000718533992767334
6592,-0.0013330000219866633,0.0007180858519859612
6593,0.01866699941456318,0.0007175065111368895
6594,-0.011466999538242817,0.0007171051693148911
6595,0.01360000018030405,0.0007168613374233246
6596,-0.006399999838322401,0.0007165555143728852
6597,0.02346700057387352,0.0007160060340538621
6598,-0.0013330000219866633,0.000715501606464386
6599,0.04853399842977524,0.0007150587625801563
6600,-0.006399999838322401,0.0007149005541577935
6601,0.05360100045800209,0.0007149771554395556
6602,-0.0013330000219866633,0.0007149942102842033
6603,0.02346700057387352,0.0007149898447096348
6604,-0.006399999838322401,0.000714900903403759
6605,0.028534000739455223,0.0007148034055717289
6606,0.03866700083017349,0.0007146165589801967
6607,0.03359999880194664,0.000714362075086683
6608,-0.02160000056028366,0.0007143041584640741
6609,0.028534000739455223,0.000714488560333848
6610,-0.0013330000219866633,0.0007146569550968707
6611,0.003467000089585781,0.0007148462464101613
6612,0.003467000089585781,0.000715033442247659
6613,0.03866700083017349,0.0007153538754209876
6614,0.008533000014722347,0.0007156735518947244
6615,0.043733999133110046,0.0007159735541790724
6616,-0.006399999838322401,0.0007159642991609871
6617,0.04853399842977524,0.0007161223329603672
6618,-0.0013330000219866633,0.0007159806555137038
6619,0.04853399842977524,0.0007160266395658255
6620,0.003467000089585781,0.0007163960253819823
6621,0.06373400241136551,0.0007168016163632274
6622,0.003467000089585781,0.0007171283941715956
6623,0.028534000739455223,0.0007177386432886124
6624,-0.026399999856948853,0.0007179794483818114
6625,0.04853399842977524,0.000718194292858243
6626,0.003467000089585781,0.0007184758433140814
6627,0.06373400241136551,0.0007185220019891858
6628,-0.011466999538242817,0.0007183412672020495
6629,0.04853399842977524,0.0007183531997725368
6630,0.028534000739455223,0.0007186430739238858
6631,0.0685340017080307,0.0007189982570707798
6632,0.003467000089585781,0.000719018978998065
6633,0.04853399842977524,0.0007191153708845377
6634,-0.011466999538242817,0.000719384872354567
6635,0.03866700083017349,0.0007195736397989094
6636,0.008533000014722347,0.0007199643296189606
6637,0.043733999133110046,0.0007199003593996167
6638,-0.006399999838322401,0.0007201380794867873
6639,0.03866700083017349,0.000720465905033052
6640,-0.03653400018811226,0.0007208035094663501
6641,0.02346700057387352,0.0007208983297459781
6642,-0.016534000635147095,0.0007210588082671165
6643,0.06373400241136551,0.0007213607896119356
6644,0.003467000089585781,0.0007213664939627051
6645,0.05360100045800209,0.0007212518830783665
6646,0.01360000018030405,0.0007211487391032279
6647,0.07360100001096725,0.0007211778429336846
6648,0.01360000018030405,0.0007210600306279957
6649,0.05360100045800209,0.0007209613104350865
6650,0.03866700083017349,0.0007209455361589789
6651,0.01866699941456318,0.000720767246093601
6652,0.003467000089585781,0.0007206242880783975
6653,0.01360000018030405,0.000720643438398838
6654,-0.04666699841618538,0.0007207517046481371
6655,0.008533000014722347,0.0007205256260931492
6656,-0.006399999838322401,0.0007203617133200169
6657,0.04853399842977524,0.0007203065906651318
6658,-0.011466999538242817,0.0007201703265309334
6659,0.01360000018030405,0.0007200032705441117
6660,-0.011466999538242817,0.0007200127583928406
6661,0.028534000739455223,0.0007203061832115054
6662,-0.0013330000219866633,0.0007205320871435106
6663,0.03359999880194664,0.0007206659647636116
6664,0.003467000089585781,0.0007209306349977851
6665,0.028534000739455223,0.0007212010095827281
6666,-0.026399999856948853,0.0007213918725028634
6667,0.02346700057387352,0.000721314805559814
6668,-0.016534000635147095,0.0007210936164483428
6669,0.04853399842977524,0.0007212362252175808
6670,-0.0013330000219866633,0.0007214414654299617
6671,0.028534000739455223,0.0007215497316792607
6672,0.003467000089585781,0.0007217369275167584
6673,0.02346700057387352,0.0007216978119686246
6674,-0.006399999838322401,0.0007216125959530473
6675,0.05360100045800209,0.0007215960067696869
6676,0.003467000089585781,0.0007216245867311954
6677,0.01360000018030405,0.0007214412908069789
6678,-0.0013330000219866633,0.0007213976932689548
6679,0.043733999133110046,0.0007214456563815475
6680,-0.031466998159885406,0.0007215674268081784
6681,0.03359999880194664,0.0007216194062493742
6682,-0.031466998159885406,0.0007215641671791673
6683,0.05360100045800209,0.0007217238307930529
6684,-0.006399999838322401,0.00072173320222646
6685,0.03866700083017349,0.000721788324881345
6686,-0.026399999856948853,0.000721811898984015
6687,0.03866700083017349,0.000722067488823086
6688,0.01360000018030405,0.0007218433893285692
6689,0.03866700083017349,0.00072192691732198
6690,0.03359999880194664,0.0007220742991194129
6691,0.07360100001096725,0.0007221231935545802
6692,0.028534000739455223,0.0007219637045636773
6693,0.043733999133110046,0.0007217095699161291
6694,-0.0013330000219866633,0.0007213789504021406
6695,0.028534000739455223,0.0007211057236418128
6696,0.01360000018030405,0.0007209054892882705
6697,0.05866700038313866,0.0007207242306321859
6698,-0.0013330000219866633,0.0007202414562925696
6699,-0.011466999538242817,0.0007199165993370116
6700,-0.02160000056028366,0.0007194929639808834
6701,0.05360100045800209,0.0007191422046162188
6702,0.003467000089585781,0.0007189688622020185
6703,0.028534000739455223,0.0007187042501755059
6704,-0.006399999838322401,0.0007184305577538908
6705,0.01360000018030405,0.0007181716500781476
6706,0.02346700057387352,0.0007181774126365781
6707,0.02346700057387352,0.0007179845124483109
6708,-0.03653400018811226,0.0007180029060691595
6709,0.01866699941456318,0.0007176064536906779
6710,-0.02160000056028366,0.0007175086066126823
6711,0.01866699941456318,0.0007171281613409519
6712,-0.04666699841618538,0.0007167859002947807
6713,0.008533000014722347,0.0007160769891925156
6714,-0.03653400018811226,0.0007155612111091614
6715,0.028534000739455223,0.000714801368303597
6716,-0.02160000056028366,0.0007141489768400788
6717,0.02346700057387352,0.0007133857579901814
6718,-0.011466999538242817,0.0007128410506993532
6719,0.043733999133110046,0.0007122234092094004
6720,-0.006399999838322401,0.0007116493070498109
6721,-0.0013330000219866633,0.0007109660073183477
6722,-0.02160000056028366,0.0007105562253855169
6723,0.043733999133110046,0.0007099030772224069
6724,-0.011466999538242817,0.0007091588340699673
6725,0.028534000739455223,0.0007080986397340894
6726,0.008533000014722347,0.000707010505720973
6727,0.05360100045800209,0.0007062522927299142
6728,-0.011466999538242817,0.0007051954744383693
6729,0.043733999133110046,0.000704167818184942
6730,-0.0013330000219866633,0.0007033334695734084
6731,0.03359999880194664,0.0007025777013041079
6732,-0.006399999838322401,0.000701895565725863
6733,0.04853399842977524,0.0007011544075794518
6734,0.028534000739455223,0.0007000986952334642
6735,0.03359999880194664,0.0006991481059230864
6736,0.02346700057387352,0.0006981671322137117
6737,0.043733999133110046,0.0006973090348765254
6738,-0.0013330000219866633,0.0006962420884519815
6739,-0.0013330000219866633,0.0006951220566406846
6740,0.003467000089585781,0.0006942745530977845
6741,0.028534000739455223,0.0006932900287210941
6742,0.003467000089585781,0.000692700152285397
6743,0.01866699941456318,0.0006919979932717979
6744,0.01360000018030405,0.0006913682445883751
6745,0.028534000739455223,0.0006907654460519552
6746,-0.006399999838322401,0.0006902347668074071
6747,0.01866699941456318,0.000689757289364934
6748,-0.011466999538242817,0.0006892292876727879
6749,0.03866700083017349,0.0006886619376018643
6750,0.003467000089585781,0.0006880825385451317
6751,0.05360100045800209,0.0006875678664073348
6752,-0.006399999838322401,0.0006870514480397105
6753,0.01360000018030405,0.0006865512114018202
6754,-0.0013330000219866633,0.0006861617439426482
6755,0.028534000739455223,0.0006858487031422555
6756,-0.0013330000219866633,0.0006855436367914081
6757,0.028534000739455223,0.0006852071965113282
6758,0.003467000089585781,0.0006848309421911836
6759,0.028534000739455223,0.0006842684233561158
6760,0.003467000089585781,0.0006837674300186336
6761,0.02346700057387352,0.0006834222003817558
6762,-0.04666699841618538,0.0006831799983046949
6763,-0.006399999838322401,0.000682552345097065
6764,-0.011466999538242817,0.0006822925060987473
6765,0.01360000018030405,0.0006820246344432235
6766,0.02346700057387352,0.0006818654946982861
6767,0.01866699941456318,0.0006815772503614426
6768,-0.011466999538242817,0.0006810866761952639
6769,0.01866699941456318,0.0006808065227232873
6770,-0.0013330000219866633,0.0006804017466492951
6771,0.02346700057387352,0.000679691496770829
6772,-0.026399999856948853,0.000679045682772994
6773,0.03866700083017349,0.0006785443983972073
6774,-0.011466999538242817,0.0006780019029974937
6775,-0.0013330000219866633,0.0006773256463930011
6776,0.003467000089585781,0.0006766277365386486
6777,0.06373400241136551,0.0006761396070942283
6778,-0.011466999538242817,0.0006750907050445676
6779,0.01866699941456318,0.000674067996442318
6780,0.01360000018030405,0.0006733681075274944
6781,0.04853399842977524,0.0006726099527440965
6782,0.003467000089585781,0.0006718029035255313
6783,0.04853399842977524,0.0006710042944177985
6784,0.01866699941456318,0.0006699317018501461
6785,0.03866700083017349,0.0006689265719614923
6786,-0.006399999838322401,0.0006679808138869703
6787,0.05866700038313866,0.000667307002004236
6788,0.03866700083017349,0.0006663789972662926
6789,0.043733999133110046,0.0006656498881056905
6790,-0.02160000056028366,0.0006648162961937487
6791,0.03866700083017349,0.000664138700813055
6792,0.003467000089585781,0.000663316692225635
6793,0.0685340017080307,0.000662710634060204
6794,-0.031466998159885406,0.0006618242477998137
6795,0.03866700083017349,0.0006606996757909656
6796,-0.026399999856948853,0.0006596656749024987
6797,0.01866699941456318,0.0006586762610822916
6798,0.02346700057387352,0.0006578299799002707
6799,0.043733999133110046,0.0006569272372871637
6800,0.01360000018030405,0.0006559385219588876
6801,0.03866700083017349,0.0006548193050548434
6802,-0.031466998159885406,0.0006535297725349665
6803,0.03866700083017349,0.0006522809853777289
6804,0.003467000089585781,0.0006510507082566619
6805,0.03866700083017349,0.000649822351988405
6806,-0.0013330000219866633,0.0006487901555374265
6807,0.02346700057387352,0.0006479363655671477
6808,-0.0013330000219866633,0.0006471643573604524
6809,0.01360000018030405,0.0006462484016083181
6810,-0.03653400018811226,0.000645316787995398
6811,0.03359999880194664,0.0006443997262977064
6812,-0.02160000056028366,0.0006437175907194614
6813,0.04853399842977524,0.0006428015185520053
6814,-0.0013330000219866633,0.0006419587880373001
6815,0.03359999880194664,0.0006411434733308852
6816,0.028534000739455223,0.0006403750739991665
6817,0.03359999880194664,0.0006394705269485712
6818,0.01360000018030405,0.0006387862376868725
6819,0.03866700083017349,0.0006378926336765289
6820,-0.011466999538242817,0.0006369590410031378
6821,0.04853399842977524,0.000636071024928242
6822,-0.026399999856948853,0.0006354128126986325
6823,0.02346700057387352,0.0006348530296236277
6824,-0.006399999838322401,0.0006340055260807276
6825,0.043733999133110046,0.0006333672790788114
6826,0.003467000089585781,0.0006325411959551275
6827,0.03866700083017349,0.0006318241357803345
6828,-0.011466999538242817,0.0006311304750852287
6829,0.05360100045800209,0.0006306621944531798
6830,-0.02160000056028366,0.0006298760417848825
6831,0.03359999880194664,0.0006290671299211681
6832,-0.02160000056028366,0.0006283287657424808
6833,0.02346700057387352,0.0006277585634961724
6834,-0.011466999538242817,0.0006272520404309034
6835,0.01866699941456318,0.0006267486605793238
6836,-0.011466999538242817,0.0006261433591134846
6837,0.028534000739455223,0.0006257736822590232
6838,0.003467000089585781,0.0006254476611502469
6839,0.04853399842977524,0.0006253591272979975
6840,0.008533000014722347,0.0006252657622098923
6841,0.028534000739455223,0.0006250376463867724
6842,-0.0013330000219866633,0.0006246388657018542
6843,0.04853399842977524,0.0006244441028684378
6844,-0.011466999538242817,0.0006243151146918535
6845,0.043733999133110046,0.000624367268756032
6846,0.003467000089585781,0.0006242977688089013
6847,0.03866700083017349,0.0006241560913622379
6848,0.02346700057387352,0.0006239252397790551
6849,0.043733999133110046,0.0006237142370082438
6850,-0.0013330000219866633,0.0006234950851649046
6851,0.008533000014722347,0.0006234359461814165
6852,-0.026399999856948853,0.0006233375752344728
6853,0.03359999880194664,0.0006233770400285721
6854,-0.011466999538242817,0.0006232178420759737
6855,0.028534000739455223,0.000622982275672257
6856,-0.026399999856948853,0.0006226453697308898
6857,0.03359999880194664,0.0006222297670319676
6858,-0.006399999838322401,0.0006218661437742412
6859,0.01360000018030405,0.0006214760942384601
6860,-0.0013330000219866633,0.0006210474530234933
6861,0.003467000089585781,0.0006206050748005509
6862,-0.026399999856948853,0.0006202171789482236
6863,0.03359999880194664,0.0006199131603352726
6864,-0.011466999538242817,0.0006195125170052052
6865,0.02346700057387352,0.0006190382409840822
6866,-0.02160000056028366,0.0006184966186992824
6867,0.01360000018030405,0.0006180019117891788
6868,0.01360000018030405,0.0006176478927955031
6869,0.01866699941456318,0.0006171964341774583
6870,-0.011466999538242817,0.0006167428800836205
6871,0.03359999880194664,0.000616274424828589
6872,-0.011466999538242817,0.0006158803007565439
6873,0.03866700083017349,0.0006153223803266883
6874,0.02346700057387352,0.0006149013061076403
6875,0.028534000739455223,0.0006142567144706845
6876,-0.011466999538242817,0.0006132000125944614
6877,0.05360100045800209,0.0006123306229710579
6878,-0.04160099849104881,0.0006115037249401212
6879,0.04853399842977524,0.0006107218796387315
6880,0.003467000089585781,0.0006102424813434482
6881,0.05360100045800209,0.000610002432949841
6882,0.02346700057387352,0.0006092716939747334
6883,0.02346700057387352,0.0006084311753511429
6884,-0.011466999538242817,0.0006077695288695395
6885,0.06373400241136551,0.0006071730749681592
6886,-0.02160000056028366,0.0006062598549760878
6887,0.03866700083017349,0.0006054924451746047
6888,-0.0013330000219866633,0.0006048163049854338
6889,0.06373400241136551,0.0006043133325874805
6890,-0.006399999838322401,0.0006035750266164541
6891,0.01866699941456318,0.0006029148353263736
6892,-0.011466999538242817,0.0006019554566591978
6893,0.05866700038313866,0.0006014637183398008
6894,-0.016534000635147095,0.0006006637122482061
6895,0.06373400241136551,0.0006000663270242512
6896,-0.011466999538242817,0.0005995134124532342
6897,0.05360100045800209,0.0005992304650135338
6898,-0.026399999856948853,0.0005986730684526265
6899,0.028534000739455223,0.0005979755660519004
6900,-0.026399999856948853,0.0005975378444418311
6901,0.06373400241136551,0.0005972826038487256
6902,-0.02160000056028366,0.0005968826590105891
6903,0.01360000018030405,0.0005965962773188949
6904,0.028534000739455223,0.0005961417919024825
6905,0.028534000739455223,0.0005957536632195115
6906,-0.006399999838322401,0.000595314078964293
6907,0.01360000018030405,0.0005951978382654488
6908,-0.011466999538242817,0.000594996614381671
6909,0.03866700083017349,0.0005948455655016005
6910,0.028534000739455223,0.000594504177570343
6911,0.03359999880194664,0.0005943900905549526
6912,-0.011466999538242817,0.00059416180010885
6913,0.03866700083017349,0.0005937282694503665
6914,-0.016534000635147095,0.0005935315857641399
6915,0.03866700083017349,0.0005934603977948427
6916,-0.03653400018811226,0.0005931349587626755
6917,0.01360000018030405,0.0005928796017542481
6918,-0.006399999838322401,0.0005926094599999487
6919,0.02346700057387352,0.0005923535209149122
6920,0.008533000014722347,0.0005918715032748878
6921,0.028534000739455223,0.0005915539804846048
6922,0.02346700057387352,0.0005910952459089458
6923,0.02346700057387352,0.0005906815640628338
6924,-0.026399999856948853,0.0005902356933802366
6925,0.04853399842977524,0.0005898186354897916
6926,0.02346700057387352,0.0005891061737202108
6927,0.03866700083017349,0.000588487833738327
6928,-0.03653400018811226,0.000587885791901499
6929,0.02346700057387352,0.0005878359661437571
6930,-0.0013330000219866633,0.0005877944640815258
6931,0.04853399842977524,0.0005877133226022124
6932,-0.006399999838322401,0.000587486894801259
6933,0.02346700057387352,0.0005875312490388751
6934,-0.026399999856948853,0.0005872688489034772
6935,0.03359999880194664,0.0005871335742995143
6936,-0.02160000056028366,0.0005868612788617611
6937,0.02346700057387352,0.0005866452702321112
6938,-0.031466998159885406,0.0005861576646566391
6939,0.05866700038313866,0.0005859020748175681
6940,0.003467000089585781,0.0005857849027961493
6941,0.043733999133110046,0.0005856778007000685
6942,0.01360000018030405,0.0005854481132701039
6943,0.04853399842977524,0.0005852179601788521
6944,-0.006399999838322401,0.0005850939196534455
6945,0.05360100045800209,0.0005850941524840891
6946,-0.0013330000219866633,0.0005848790751770139
6947,0.003467000089585781,0.0005846899002790451
6948,0.01360000018030405,0.0005845579435117543
6949,0.028534000739455223,0.000584483495913446
6950,-0.04160099849104881,0.0005845208652317524
6951,0.01360000018030405,0.000584709458053112
6952,-0.0013330000219866633,0.0005849672597832978
6953,0.003467000089585781,0.0005851200548931956
6954,-0.02160000056028366,0.0005853855982422829
6955,0.028534000739455223,0.0005857116775587201
6956,-0.011466999538242817,0.0005860882811248302
6957,0.01360000018030405,0.0005862024845555425
6958,-0.02160000056028366,0.0005862098769284785
6959,0.03359999880194664,0.0005867156432941556
6960,-0.011466999538242817,0.0005873307818546891
6961,0.028534000739455223,0.0005879157688468695
6962,-0.016534000635147095,0.000588226830586791
6963,0.043733999133110046,0.0005888017476536334
6964,0.003467000089585781,0.000589307164773345
6965,0.028534000739455223,0.0005900861578993499
6966,-0.031466998159885406,0.000590529409237206
6967,0.03866700083017349,0.000591093092225492
6968,-0.031466998159885406,0.0005916455993428826
6969,0.028534000739455223,0.0005924708675593138
6970,-0.0013330000219866633,0.0005931515479460359
6971,0.03359999880194664,0.0005941962008364499
6972,-0.011466999538242817,0.0005953899817541242
6973,0.028534000739455223,0.0005965171149000525
6974,0.008533000014722347,0.0005975133972242475
6975,0.06373400241136551,0.0005985237658023834
6976,-0.0013330000219866633,0.0005995405372232199
6977,0.03866700083017349,0.000600579078309238
6978,-0.02160000056028366,0.0006015729159116745
6979,0.008533000014722347,0.0006027030176483095
6980,-0.0013330000219866633,0.0006038948195055127
6981,0.03866700083017349,0.0006051102536730468
6982,-0.026399999856948853,0.0006065063644200563
6983,0.04853399842977524,0.0006076177814975381
6984,-0.02160000056028366,0.0006088151130825281
6985,0.03866700083017349,0.0006100008031353354
6986,-0.011466999538242817,0.0006111293914727867
6987,0.02346700057387352,0.0006124050123617053
6988,0.028534000739455223,0.0006135994335636497
6989,0.028534000739455223,0.000614726566709578
6990,0.003467000089585781,0.0006158782634884119
6991,0.04853399842977524,0.0006171700661070645
6992,-0.02160000056028366,0.0006187705439515412
6993,0.03359999880194664,0.0006199729396030307
6994,-0.006399999838322401,0.0006212634034454823
6995,0.06373400241136551,0.0006224455428309739
6996,-0.02160000056028366,0.0006230624276213348
6997,0.05866700038313866,0.0006238226196728647
6998,-0.02160000056028366,0.0006243610987439752
6999,0.028534000739455223,0.0006251326994970441
7000,-0.006399999838322401,0.0006258321227505803
7001,0.01866699941456318,0.0006266118725761771
7002,-0.0013330000219866633,0.0006273925537243485
7003,0.028534000739455223,0.0006281940150074661
7004,-0.0013330000219866633,0.0006291110767051578
7005,0.01866699941456318,0.0006298291264101863
7006,-0.0013330000219866633,0.0006304896669462323
7007,0.04853399842977524,0.0006312987534329295
7008,0.01866699941456318,0.0006320340326055884
7009,0.028534000739455223,0.0006327377050183713
7010,0.01360000018030405,0.0006334285717457533
7011,0.043733999133110046,0.0006341803818941116
7012,-0.011466999538242817,0.000635002157650888
7013,0.003467000089585781,0.0006359980907291174
7014,-0.0013330000219866633,0.0006369638722389936
7015,0.01360000018030405,0.0006377495010383427
7016,-0.03653400018811226,0.0006386820459738374
7017,0.05866700038313866,0.0006393393268808722
7018,-0.0013330000219866633,0.0006401598220691085
7019,0.03359999880194664,0.0006410893984138966
7020,-0.006399999838322401,0.0006418883567675948
7021,0.028534000739455223,0.0006425748579204082
7022,-0.006399999838322401,0.0006431055953726172
7023,0.05360100045800209,0.0006436945404857397
7024,-0.011466999538242817,0.0006442546145990491
7025,0.05360100045800209,0.0006448667263612151
7026,-0.011466999538242817,0.0006455895490944386
7027,0.05360100045800209,0.0006463839672505856
7028,0.003467000089585781,0.0006471021333709359
7029,0.028534000739455223,0.0006476465496234596
7030,-0.02160000056028366,0.0006484304321929812
7031,0.003467000089585781,0.0006490297964774072
7032,-0.006399999838322401,0.000649674329906702
7033,0.03866700083017349,0.0006501475581899285
7034,-0.016534000635147095,0.000650926202069968
7035,0.028534000739455223,0.0006516760331578553
7036,-0.026399999856948853,0.0006524372147396207
7037,0.01866699941456318,0.0006530190003104508
7038,-0.006399999838322401,0.0006534656276926398
7039,0.043733999133110046,0.0006540538161061704
7040,0.03359999880194664,0.0006547430530190468
7041,0.028534000739455223,0.000655266921967268
7042,0.03866700083017349,0.0006559876492246985
7043,0.008533000014722347,0.0006563585484400392
7044,-0.04666699841618538,0.0006567923119291663
7045,0.028534000739455223,0.0006575500592589378
7046,0.01360000018030405,0.0006581229390576482
7047,0.04853399842977524,0.0006584720686078072
7048,-0.006399999838322401,0.0006590932607650757
7049,0.03359999880194664,0.0006597867468371987
7050,-0.02160000056028366,0.0006604372756555676
7051,0.03359999880194664,0.0006610929849557579
7052,-0.016534000635147095,0.0006617238977923989
7053,0.05360100045800209,0.000662248523440212
7054,-0.0013330000219866633,0.0006627277471125126
7055,0.02346700057387352,0.0006630935240536928
7056,-0.0013330000219866633,0.000663378625176847
7057,0.02346700057387352,0.0006638597697019577
7058,0.02346700057387352,0.0006644571549259126
7059,0.008533000014722347,0.0006647339323535562
7060,-0.011466999538242817,0.0006649782881140709
7061,0.04853399842977524,0.0006652914453297853
7062,0.028534000739455223,0.0006656879559159279
7063,0.02346700057387352,0.0006659928476437926
7064,0.003467000089585781,0.0006661640945822
7065,0.03866700083017349,0.000666616833768785
7066,-0.011466999538242817,0.0006671840674243867
7067,0.06373400241136551,0.0006678403588011861
7068,-0.011466999538242817,0.000668373133521527
7069,0.043733999133110046,0.000668948283419013
7070,-0.04160099849104881,0.0006695112679153681
7071,0.04853399842977524,0.0006698166253045201
7072,-0.011466999538242817,0.0006701341480948031
7073,0.04853399842977524,0.0006703551625832915
7074,-0.02160000056028366,0.0006707807769998908
7075,0.01360000018030405,0.000671291840262711
7076,-0.02160000056028366,0.0006718721706420183
7077,0.01866699941456318,0.0006724874256178737
7078,0.008533000014722347,0.0006730001186951995
7079,0.03866700083017349,0.0006733661866746843
7080,-0.0013330000219866633,0.000674164155498147
7081,0.06373400241136551,0.0006749287131242454
7082,0.01360000018030405,0.0006756543880328536
7083,0.03359999880194664,0.0006760486285202205
7084,-0.011466999538242817,0.0006764542195014656
7085,0.05360100045800209,0.0006767808808945119
7086,-0.011466999538242817,0.0006772509659640491
7087,0.03359999880194664,0.0006777954986318946
7088,0.003467000089585781,0.0006787346210330725
7089,0.03359999880194664,0.0006794572691433132
7090,-0.0013330000219866633,0.0006801323033869267
7091,0.043733999133110046,0.0006803827709518373
7092,-0.016534000635147095,0.0006807110621593893
7093,0.06373400241136551,0.0006810619379393756
7094,0.01360000018030405,0.0006816297536715865
7095,0.02346700057387352,0.0006820712005719543
7096,-0.016534000635147095,0.0006825439049862325
7097,-0.0013330000219866633,0.0006828965852037072
7098,-0.006399999838322401,0.0006833432707935572
7099,0.008533000014722347,0.0006834898376837373
7100,-0.0013330000219866633,0.0006836334941908717
7101,0.03866700083017349,0.000683666905388236
7102,-0.0013330000219866633,0.0006836415268480778
7103,0.04853399842977524,0.000683831050992012
7104,-0.04160099849104881,0.0006842856528237462
7105,0.043733999133110046,0.0006846199976280332
7106,-0.02160000056028366,0.0006851457292214036
7107,0.03359999880194664,0.0006851328071206808
7108,-0.031466998159885406,0.0006852533551864326
7109,0.06373400241136551,0.0006853571976535022
7110,0.01866699941456318,0.0006855753599666059
7111,0.01360000018030405,0.0006857697735540569
7112,0.003467000089585781,0.0006859492277726531
7113,0.03359999880194664,0.0006860456196591258
7114,-0.0013330000219866633,0.0006861453875899315
7115,0.03866700083017349,0.0006862778682261705
7116,0.008533000014722347,0.0006864111637696624
7117,0.028534000739455223,0.0006867530173622072
7118,-0.026399999856948853,0.0006872261874377728
7119,0.01360000018030405,0.0006873225211165845
7120,-0.011466999538242817,0.0006875159451738
7121,0.06373400241136551,0.0006874900427646935
7122,-0.011466999538242817,0.0006876508705317974
7123,0.02346700057387352,0.0006877203704789281
7124,-0.026399999856948853,0.0006877161795273423
7125,0.03866700083017349,0.0006878037238493562
7126,-0.0013330000219866633,0.0006879327120259404
7127,0.06373400241136551,0.0006880686269141734
7128,0.008533000014722347,0.0006882761954329908
7129,0.003467000089585781,0.0006885166512802243
7130,-0.006399999838322401,0.0006887087365612388
7131,0.028534000739455223,0.0006888954667374492
7132,-0.011466999538242817,0.000689193606376648
7133,0.06373400241136551,0.0006894379039295018
7134,0.003467000089585781,0.0006896808627061546
7135,0.028534000739455223,0.0006896266713738441
7136,-0.011466999538242817,0.0006895266706123948
7137,0.028534000739455223,0.000689434411469847
7138,0.003467000089585781,0.0006895523401908576
7139,0.01866699941456318,0.0006898676510900259
7140,0.003467000089585781,0.0006902187597006559
7141,0.02346700057387352,0.0006904640467837453
7142,-0.006399999838322401,0.000690681510604918
7143,0.03866700083017349,0.0006909238873049617
7144,0.008533000014722347,0.0006911918171681464
7145,0.06373400241136551,0.0006915350095368922
7146,0.003467000089585781,0.0006917431019246578
7147,0.07360100001096725,0.0006920670857653022
7148,0.03359999880194664,0.0006920882733538747
7149,0.04853399842977524,0.000692049041390419
7150,-0.026399999856948853,0.0006919823354110122
7151,0.01360000018030405,0.0006917287828400731
7152,-0.0013330000219866633,0.0006914235418662429
7153,0.028534000739455223,0.0006911046802997589
7154,-0.02160000056028366,0.0006909533403813839
7155,-0.016534000635147095,0.0006906840135343373
7156,0.003467000089585781,0.0006904485635459423
7157,0.01360000018030405,0.0006900952430441976
7158,-0.011466999538242817,0.0006896272534504533
7159,0.03866700083017349,0.0006893553072586656
7160,-0.016534000635147095,0.0006891583907417953
7161,0.028534000739455223,0.0006888857460580766
7162,-0.011466999538242817,0.0006887279450893402
7163,0.05360100045800209,0.0006885743932798505
7164,-0.0013330000219866633,0.0006883256137371063
7165,0.05360100045800209,0.0006878550047986209
7166,-0.0013330000219866633,0.0006876338156871498
7167,0.07866799831390381,0.000687502499204129
7168,0.02346700057387352,0.0006873237434774637
7169,0.03866700083017349,0.0006872857920825481
7170,-0.031466998159885406,0.0006872936501167715
7171,0.05360100045800209,0.0006872409721836448
7172,0.003467000089585781,0.0006873275269754231
7173,0.028534000739455223,0.0006871793884783983
7174,0.01866699941456318,0.000687030260451138
7175,0.028534000739455223,0.0006869488279335201
7176,0.003467000089585781,0.0006870200159028172
7177,0.02346700057387352,0.0006868499331176281
7178,-0.006399999838322401,0.0006869299104437232
7179,0.03359999880194664,0.0006869265926070511
7180,-0.006399999838322401,0.0006869812496006489
7181,0.043733999133110046,0.0006868002819828689
7182,-0.02160000056028366,0.0006868834025226533
7183,0.04853399842977524,0.0006869053468108177
7184,-0.0013330000219866633,0.0006868818891234696
7185,0.04853399842977524,0.0006866271723993123
7186,-0.02160000056028366,0.0006863850867375731
7187,0.01866699941456318,0.000686060928273946
7188,0.003467000089585781,0.0006858301348984241
7189,0.03866700083017349,0.00068554567405954
7190,0.01360000018030405,0.000685420585796237
7191,0.028534000739455223,0.000685254402924329
7192,-0.0013330000219866633,0.0006852008518762887
7193,0.05360100045800209,0.0006850217469036579
7194,-0.026399999856948853,0.0006850726203992963
7195,0.03359999880194664,0.0006847369950264692
7196,0.003467000089585781,0.0006843437440693378
7197,0.02346700057387352,0.000684088678099215
7198,-0.04666699841618538,0.0006838911795057356
7199,0.028534000739455223,0.0006836787797510624
7200,0.01360000018030405,0.0006836018292233348
7201,0.05866700038313866,0.0006835361709818244
7202,0.01360000018030405,0.0006834089872427285
7203,0.05360100045800209,0.0006833492661826313
7204,-0.0013330000219866633,0.000683248566929251
7205,0.03866700083017349,0.0006831854698248208
7206,-0.0013330000219866633,0.0006830952479504049
7207,0.003467000089585781,0.0006827960023656487
7208,0.003467000089585781,0.0006823797011747956
7209,0.043733999133110046,0.0006819423288106918
7210,-0.02160000056028366,0.0006817408720962703
7211,0.03866700083017349,0.0006812438368797302
7212,-0.0013330000219866633,0.000680800003465265
7213,0.05360100045800209,0.0006805209559388459
7214,-0.03653400018811226,0.0006801774143241346
7215,0.03359999880194664,0.0006793568609282374
7216,-0.02160000056028366,0.000678498181514442
7217,0.05360100045800209,0.0006777904345653951
7218,0.01360000018030405,0.0006772315828129649
7219,0.008533000014722347,0.0006764825666323304
7220,-0.026399999856948853,0.0006756495567969978
7221,0.03866700083017349,0.0006748598534613848
7222,0.01866699941456318,0.0006741938414052129
7223,0.028534000739455223,0.0006735941860824823
7224,-0.0013330000219866633,0.0006729131564497948
7225,0.04853399842977524,0.0006721736863255501
7226,-0.02160000056028366,0.0006716296775266528
7227,0.0685340017080307,0.0006710129673592746
7228,0.01360000018030405,0.0006702697719447315
7229,0.07866799831390381,0.0006697865901514888
7230,0.003467000089585781,0.0006692138849757612
7231,0.03866700083017349,0.0006687657441943884
7232,-0.0013330000219866633,0.0006682284874841571
7233,0.03359999880194664,0.0006676980992779136
7234,0.003467000089585781,0.0006670256843790412
7235,0.05360100045800209,0.0006664189277216792
7236,-0.02160000056028366,0.0006657752674072981
7237,-0.016534000635147095,0.0006650532595813274
7238,0.008533000014722347,0.0006642263615503907
7239,0.043733999133110046,0.0006635902100242674
7240,-0.011466999538242817,0.0006629287381656468
7241,0.03866700083017349,0.0006623460212722421
7242,0.008533000014722347,0.0006617429316975176
7243,0.008533000014722347,0.0006611706921830773
7244,-0.006399999838322401,0.000660671794321388
7245,0.03359999880194664,0.0006602337234653533
7246,-0.02160000056028366,0.0006600115448236465
7247,0.06373400241136551,0.0006597959436476231
7248,0.003467000089585781,0.000659012352116406
7249,0.003467000089585781,0.0006585135706700385
7250,-0.0013330000219866633,0.0006579629261977971
7251,0.04853399842977524,0.0006575144943781197
7252,-0.0013330000219866633,0.0006572798010893166
7253,0.028534000739455223,0.0006570089608430862
7254,0.003467000089585781,0.0006566792726516724
7255,0.04853399842977524,0.000656277290545404
7256,0.003467000089585781,0.0006557570304721594
7257,0.02346700057387352,0.0006553358398377895
7258,0.008533000014722347,0.0006547850789502263
7259,0.028534000739455223,0.0006543133640661836
7260,0.028534000739455223,0.0006537754670716822
7261,0.02346700057387352,0.0006533853011205792
7262,-0.011466999538242817,0.0006531361723318696
7263,0.003467000089585781,0.0006527014193125069
7264,-0.016534000635147095,0.0006525401258841157
7265,-0.0013330000219866633,0.0006523901829496026
7266,-0.016534000635147095,0.0006520789465866983
7267,0.05866700038313866,0.0006518264417536557
7268,-0.016534000635147095,0.0006514238193631172
7269,0.03359999880194664,0.0006510969251394272
7270,0.003467000089585781,0.0006508247461169958
7271,0.04853399842977524,0.0006505555938929319
7272,-0.0013330000219866633,0.0006502713076770306
7273,0.043733999133110046,0.0006501291645690799
7274,0.003467000089585781,0.0006498164730146527
7275,0.028534000739455223,0.0006494125118479133
7276,-0.0013330000219866633,0.0006490056402981281
7277,0.04853399842977524,0.0006487414939329028
7278,0.01360000018030405,0.0006484497571364045
7279,0.03866700083017349,0.0006482206517830491
7280,-0.026399999856948853,0.0006480165175162256
7281,0.04853399842977524,0.0006478665745817125
7282,-0.0013330000219866633,0.0006474270485341549
7283,0.028534000739455223,0.0006471549277193844
7284,-0.0013330000219866633,0.00064689083956182
7285,0.07360100001096725,0.0006469262298196554
7286,0.02346700057387352,0.0006466518971137702
7287,0.04853399842977524,0.0006465921178460121
7288,0.003467000089585781,0.0006465988699346781
7289,0.028534000739455223,0.0006468570209108293
7290,0.003467000089585781,0.0006470695952884853
7291,0.03359999880194664,0.0006470735534094274
7292,0.008533000014722347,0.0006470853695645928
7293,0.03866700083017349,0.0006472570821642876
7294,-0.011466999538242817,0.0006474789697676897
7295,0.03359999880194664,0.0006475324044004083
7296,0.003467000089585781,0.000647680542897433
7297,0.06373400241136551,0.0006479740841314197
7298,0.003467000089585781,0.0006481230957433581
7299,0.028534000739455223,0.0006482689059339464
7300,-0.026399999856948853,0.0006485729245468974
7301,0.03866700083017349,0.0006484764744527638
7302,0.008533000014722347,0.000648321642074734
7303,0.01360000018030405,0.0006483684992417693
7304,-0.03653400018811226,0.000648264423944056
7305,0.03866700083017349,0.0006481735035777092
7306,-0.04160099849104881,0.0006483325269073248
7307,0.02346700057387352,0.0006482743192464113
7308,-0.011466999538242817,0.0006482540629804134
7309,-0.0013330000219866633,0.0006483275210484862
7310,-0.011466999538242817,0.0006486164056695998
7311,0.028534000739455223,0.0006489561055786908
7312,0.01360000018030405,0.0006496604764834046
7313,0.03359999880194664,0.000650133762974292
7314,-0.011466999538242817,0.0006504120538011193
7315,0.01360000018030405,0.0006510807434096932
7316,0.01360000018030405,0.0006520109018310905
7317,0.07360100001096725,0.000652825809083879
7318,0.003467000089585781,0.0006533218547701836
7319,0.028534000739455223,0.0006539549212902784
7320,-0.04666699841618538,0.000654674950055778
7321,0.003467000089585781,0.0006551242549903691
7322,-0.03653400018811226,0.0006553936982527375
7323,0.03866700083017349,0.0006554304272867739
7324,-0.011466999538242817,0.0006554595893248916
7325,0.01866699941456318,0.0006552909035235643
7326,0.01360000018030405,0.0006551932892762125
7327,0.06373400241136551,0.0006553834537044168
7328,-0.016534000635147095,0.0006556096486747265
7329,0.03866700083017349,0.0006557588931173086
7330,-0.006399999838322401,0.0006557943415828049
7331,0.02346700057387352,0.0006558814784511924
7332,-0.026399999856948853,0.0006559726316481829
7333,0.02346700057387352,0.0006559065659530461
7334,-0.0013330000219866633,0.0006561553454957902
7335,0.06373400241136551,0.0006565689691342413
7336,0.003467000089585781,0.0006567549426108599
7337,0.05866700038313866,0.0006567710661329329
7338,0.01360000018030405,0.0006567068048752844
7339,0.02346700057387352,0.0006570537807419896
7340,-0.011466999538242817,0.0006574643775820732
7341,0.03866700083017349,0.0006580714834854007
7342,-0.026399999856948853,0.0006586526287719607
7343,0.06373400241136551,0.0006591272540390491
7344,-0.0013330000219866633,0.0006589853437617421
7345,0.03359999880194664,0.0006589259719476104
7346,0.01360000018030405,0.0006590763805434108
7347,0.07360100001096725,0.0006597253959625959
7348,0.01360000018030405,0.0006602849462069571
7349,0.07866799831390381,0.0006609126576222479
7350,-0.016534000635147095,0.0006614044541493058
7351,0.05360100045800209,0.0006618325132876635
7352,0.01866699941456318,0.0006621102802455425
7353,0.02346700057387352,0.000662603706587106
7354,0.01360000018030405,0.00066310481633991
7355,0.02346700057387352,0.0006636875914409757
7356,-0.011466999538242817,0.0006643523229286075
7357,0.043733999133110046,0.0006653324817307293
7358,-0.006399999838322401,0.0006667216075584292
7359,0.07360100001096725,0.000668048276565969
7360,0.02346700057387352,0.0006690580630674958
7361,0.06373400241136551,0.0006702046375721693
7362,0.008533000014722347,0.0006708981236442924
7363,0.03866700083017349,0.0006722332909703255
7364,-0.006399999838322401,0.000673485454171896
7365,0.07360100001096725,0.0006746070575900376
7366,-0.0013330000219866633,0.0006755591020919383
7367,0.028534000739455223,0.0006763980491086841
7368,-0.0013330000219866633,0.0006772991036996245
7369,0.06373400241136551,0.0006782384589314461
7370,-0.0013330000219866633,0.000678993936162442
7371,0.028534000739455223,0.0006797448149882257
7372,0.02346700057387352,0.0006806299788877368
7373,0.05360100045800209,0.0006812125211581588
7374,0.01360000018030405,0.0006815797532908618
7375,0.04853399842977524,0.0006821637507528067
7376,0.02346700057387352,0.0006828417535871267
7377,0.05866700038313866,0.0006836153334006667
7378,0.003467000089585781,0.0006843975279480219
7379,0.0685340017080307,0.0006852427613921463
7380,0.008533000014722347,0.0006860494613647461
7381,0.01866699941456318,0.0006868794444017112
7382,-0.016534000635147095,0.0006878423737362027
7383,0.02346700057387352,0.0006888274801895022
7384,-0.006399999838322401,0.0006899109575897455
7385,0.02346700057387352,0.0006910067750141025
7386,-0.016534000635147095,0.0006921732565388083
7387,0.03866700083017349,0.0006931601092219353
7388,0.008533000014722347,0.0006940483581274748
7389,0.04853399842977524,0.0006951781688258052
7390,-0.02160000056028366,0.0006965737557038665
7391,0.06373400241136551,0.0006981781916692853
7392,-0.026399999856948853,0.0006997707532718778
7393,0.03866700083017349,0.0007013591821305454
7394,0.003467000089585781,0.0007028196705505252
7395,0.003467000089585781,0.0007042272482067347
7396,-0.0013330000219866633,0.0007054869784042239
7397,0.05360100045800209,0.0007068758714012802
7398,-0.011466999538242817,0.0007082927040755749
7399,0.03866700083017349,0.000710112217348069
7400,-0.03653400018811226,0.0007117523346096277
7401,0.03866700083017349,0.000712881563231349
7402,0.02346700057387352,0.0007140402449294925
7403,0.03866700083017349,0.000715358997695148
7404,0.003467000089585781,0.0007172363111749291
7405,0.043733999133110046,0.0007191249169409275
7406,-0.02160000056028366,0.0007206115988083184
7407,0.03359999880194664,0.0007218295941129327
7408,0.028534000739455223,0.000722908996976912
7409,0.028534000739455223,0.0007241568528115749
7410,-0.04160099849104881,0.0007250948110595345
7411,0.028534000739455223,0.000726172816939652
7412,-0.011466999538242817,0.0007270656060427427
7413,0.028534000739455223,0.0007278594421222806
7414,0.01866699941456318,0.0007288617780432105
7415,0.028534000739455223,0.0007297174306586385
7416,-0.031466998159885406,0.0007303811144083738
7417,0.028534000739455223,0.0007310514338314533
7418,0.01360000018030405,0.000731576350517571
7419,0.01360000018030405,0.000732055283151567
7420,-0.0013330000219866633,0.0007326430641114712
7421,0.03866700083017349,0.0007332350360229611
7422,0.003467000089585781,0.0007336150156334043
7423,0.04853399842977524,0.000734038301743567
7424,-0.011466999538242817,0.0007347544888034463
7425,0.06373400241136551,0.0007355066481977701
7426,-0.011466999538242817,0.0007360497256740928
7427,0.028534000739455223,0.0007365599158219993
7428,0.02346700057387352,0.0007367890211753547
7429,0.03866700083017349,0.0007371823885478079
7430,-0.02160000056028366,0.0007375063141807914
7431,0.06373400241136551,0.0007380850147455931
7432,0.02346700057387352,0.000738426810130477
7433,0.04853399842977524,0.0007388557423837483
7434,0.01360000018030405,0.0007390774553641677
7435,0.01360000018030405,0.0007394897402264178
7436,0.008533000014722347,0.0007399030728265643
7437,0.04853399842977524,0.0007404801435768604
7438,-0.016534000635147095,0.0007408249657601118
7439,0.02346700057387352,0.0007411792175844312
7440,-0.0013330000219866633,0.0007414104184135795
7441,0.028534000739455223,0.0007420210167765617
7442,-0.02160000056028366,0.0007424966897815466
7443,0.05866700038313866,0.0007430514087900519
7444,0.01360000018030405,0.0007431396516039968
7445,0.043733999133110046,0.0007433262653648853
7446,0.02346700057387352,0.0007432758575305343
7447,0.0685340017080307,0.0007431202102452517
7448,-0.016534000635147095,0.0007428135722875595
7449,0.01360000018030405,0.0007427985547110438
7450,0.01360000018030405,0.0007425578660331666
7451,0.03359999880194664,0.0007425131625495851
7452,-0.011466999538242817,0.0007422324270009995
7453,0.028534000739455223,0.0007420296315103769
7454,-0.02160000056028366,0.0007416002335958183
7455,0.03359999880194664,0.0007413518615067005
7456,0.01360000018030405,0.0007410611724480987
7457,0.043733999133110046,0.000740784453228116
7458,-0.0013330000219866633,0.0007406504591926932
7459,0.043733999133110046,0.0007406732765957713
7460,-0.006399999838322401,0.0007404104107990861
7461,0.043733999133110046,0.0007402704795822501
7462,-0.0013330000219866633,0.0007401419570669532
7463,0.04853399842977524,0.0007401852635666728
7464,-0.026399999856948853,0.0007402584888041019
7465,0.01866699941456318,0.0007404262432828546
7466,-0.016534000635147095,0.0007404597708955407
7467,0.01866699941456318,0.0007405429496429861
7468,0.01360000018030405,0.0007406463846564293
7469,0.0685340017080307,0.0007407681550830603
7470,-0.011466999538242817,0.0007408195524476469
7471,0.05360100045800209,0.000741154421120882
7472,0.028534000739455223,0.0007412719423882663
7473,0.05360100045800209,0.0007413354469463229
7474,-0.0013330000219866633,0.000741099938750267
7475,0.003467000089585781,0.0007414465653710067
7476,0.003467000089585781,0.0007417993620038033
7477,0.09360100328922272,0.0007423741044476628
7478,-0.006399999838322401,0.0007426225347444415
7479,0.05360100045800209,0.0007428429089486599
7480,0.003467000089585781,0.0007430757395923138
7481,0.04853399842977524,0.0007435003062710166
7482,0.003467000089585781,0.0007436960004270077
7483,0.06373400241136551,0.0007437808089889586
7484,0.01360000018030405,0.0007436360465362668
7485,0.06373400241136551,0.0007436095038428903
7486,0.028534000739455223,0.0007436367450281978
7487,0.03866700083017349,0.0007436873856931925
7488,0.008533000014722347,0.0007433393620885909
7489,0.03359999880194664,0.0007431551348417997
7490,0.028534000739455223,0.0007427905220538378
7491,0.03359999880194664,0.0007426251540891826
7492,0.003467000089585781,0.0007423933129757643
7493,0.07360100001096725,0.0007425675867125392
7494,-0.006399999838322401,0.0007422784110531211
7495,0.003467000089585781,0.0007420171750709414
7496,-0.02160000056028366,0.0007418157765641809
7497,0.05360100045800209,0.000741504889447242
7498,-0.011466999538242817,0.0007409800309687853
7499,0.03866700083017349,0.0007405276992358267
7500,-0.006399999838322401,0.0007399432943202555
7501,0.05360100045800209,0.0007393787964247167
7502,0.003467000089585781,0.0007386145298369229
7503,0.03866700083017349,0.000737883965484798
7504,0.01866699941456318,0.000737314869184047
7505,0.03866700083017349,0.0007368962978944182
7506,-0.0013330000219866633,0.0007364084012806416
7507,0.043733999133110046,0.0007361508323810995
7508,0.01360000018030405,0.0007357388967648149
7509,0.01866699941456318,0.0007354543195106089
7510,0.008533000014722347,0.0007352184620685875
7511,0.03359999880194664,0.0007351518142968416
7512,-0.026399999856948853,0.0007349602528847754
7513,0.028534000739455223,0.0007346221245825291
7514,0.003467000089585781,0.0007342378958128393
7515,0.05360100045800209,0.0007338280556723475
7516,0.01360000018030405,0.000733381079044193
7517,0.01360000018030405,0.0007331719389185309
7518,0.008533000014722347,0.0007327862549573183
7519,0.06373400241136551,0.0007324866601265967
7520,0.01866699941456318,0.0007319464348256588
7521,0.043733999133110046,0.0007315976545214653
7522,-0.006399999838322401,0.0007313956157304347
7523,0.05360100045800209,0.0007312439265660942
7524,0.028534000739455223,0.0007310556829907
7525,0.04853399842977524,0.0007308317581191659
7526,-0.026399999856948853,0.0007304501486942172
7527,0.0685340017080307,0.0007305078906938434
7528,0.008533000014722347,0.0007299899589270353
7529,0.03866700083017349,0.0007296691765077412
7530,-0.03653400018811226,0.0007292787777259946
7531,0.043733999133110046,0.0007290480425581336
7532,-0.011466999538242817,0.0007287508342415094
7533,0.028534000739455223,0.0007286077598109841
7534,-0.011466999538242817,0.0007283876766450703
7535,0.03866700083017349,0.0007283103186637163
7536,0.003467000089585781,0.0007282905862666667
7537,0.028534000739455223,0.0007283285376615822
7538,-0.04160099849104881,0.0007282961159944534
7539,0.01866699941456318,0.0007282012375071645
7540,-0.02160000056028366,0.0007277566473931074
7541,0.04853399842977524,0.0007269269553944468
7542,-0.02160000056028366,0.0007262973813340068
7543,0.028534000739455223,0.0007256853859871626
7544,0.02346700057387352,0.0007248847978189588
7545,0.043733999133110046,0.0007242141291499138
7546,-0.0013330000219866633,0.0007235390949063003
7547,0.01360000018030405,0.00072306371293962
7548,-0.011466999538242817,0.0007224545697681606
7549,0.03359999880194664,0.0007218978134915233
7550,0.003467000089585781,0.000721328891813755
7551,0.04853399842977524,0.000721053103916347
7552,0.003467000089585781,0.0007205278961919248
7553,0.028534000739455223,0.0007199877873063087
7554,-0.0013330000219866633,0.0007193921483121812
7555,0.04853399842977524,0.0007188956951722503
7556,0.02346700057387352,0.0007180658867582679
7557,0.028534000739455223,0.0007175483042374253
7558,0.03866700083017349,0.0007171800243668258
7559,0.05360100045800209,0.0007168033625930548
7560,-0.011466999538242817,0.0007161052199080586
7561,0.028534000739455223,0.0007153905462473631
7562,0.01360000018030405,0.0007145180134102702
7563,0.08373399823904037,0.0007141173118725419
7564,-0.016534000635147095,0.0007136574713513255
7565,0.008533000014722347,0.0007131596794351935
7566,0.003467000089585781,0.0007123699760995805
7567,0.0685340017080307,0.0007118578068912029
7568,-0.011466999538242817,0.0007110849255695939
7569,0.05360100045800209,0.0007108040736056864
7570,0.01360000018030405,0.0007104286924004555
7571,0.07360100001096725,0.0007100633811205626
7572,0.008533000014722347,0.0007091894512996078
7573,0.06373400241136551,0.0007084559183567762
7574,0.01866699941456318,0.0007075583562254906
7575,0.05866700038313866,0.0007065471727401018
7576,0.003467000089585781,0.0007053526351228356
7577,0.04853399842977524,0.0007045231759548187
7578,-0.0013330000219866633,0.0007037085597403347
7579,0.03866700083017349,0.0007030426058918238
7580,-0.0013330000219866633,0.0007024052320048213
7581,0.043733999133110046,0.0007020102348178625
7582,0.003467000089585781,0.0007013389840722084
7583,0.03866700083017349,0.0007008513202890754
7584,-0.016534000635147095,0.0007001834455877542
7585,0.03359999880194664,0.0006997511372901499
7586,0.02346700057387352,0.0006991816917434335
7587,0.03866700083017349,0.0006987863453105092
7588,0.01866699941456318,0.0006983606144785881
7589,0.05360100045800209,0.0006981692276895046
7590,0.003467000089585781,0.0006976841250434518
7591,0.01866699941456318,0.0006971224211156368
7592,-0.011466999538242817,0.0006964892381802201
7593,0.04853399842977524,0.0006959499442018569
7594,-0.0013330000219866633,0.0006956490105949342
7595,0.028534000739455223,0.0006951901596039534
7596,0.003467000089585781,0.0006944981869310141
7597,0.03359999880194664,0.0006937158759683371
7598,-0.0013330000219866633,0.0006928020156919956
7599,0.05866700038313866,0.0006919096922501922
7600,0.01866699941456318,0.000691205495968461
7601,0.02346700057387352,0.0006905776681378484
7602,0.003467000089585781,0.000689803680870682
7603,0.01360000018030405,0.0006889175274409354
7604,0.02346700057387352,0.0006881759618408978
7605,0.03866700083017349,0.0006873261299915612
7606,0.02346700057387352,0.0006864108145236969
7607,0.03866700083017349,0.0006856733234599233
7608,0.008533000014722347,0.0006849232013337314
7609,0.07360100001096725,0.0006843118462711573
7610,-0.0013330000219866633,0.0006835981621406972
7611,0.04853399842977524,0.0006829894846305251
7612,0.008533000014722347,0.0006821932038292289
7613,0.07360100001096725,0.0006812898209318519
7614,0.003467000089585781,0.0006797954556532204
7615,0.03359999880194664,0.0006782170967198908
7616,0.01360000018030405,0.0006766762235201895
7617,0.03866700083017349,0.000675302348099649
7618,0.003467000089585781,0.0006740734679624438
7619,0.06373400241136551,0.0006728920270688832
7620,-0.006399999838322401,0.0006715469062328339
7621,0.05360100045800209,0.0006703241379000247
7622,0.003467000089585781,0.0006692111492156982
7623,0.0685340017080307,0.0006682578241452575
7624,0.02346700057387352,0.0006672418676316738
7625,0.03866700083017349,0.0006661786464974284
7626,0.01866699941456318,0.0006653844611719251
7627,0.043733999133110046,0.0006647359114140272
7628,0.01360000018030405,0.0006640523206442595
7629,0.05360100045800209,0.0006636932957917452
7630,-0.026399999856948853,0.0006633003358729184
7631,0.01360000018030405,0.0006629472482018173
7632,0.01866699941456318,0.0006626786198467016
7633,0.03866700083017349,0.0006625039968639612
7634,-0.026399999856948853,0.0006621538195759058
7635,0.03359999880194664,0.0006615176680497825
7636,0.043733999133110046,0.0006607401883229613
7637,0.028534000739455223,0.0006600557826459408
7638,-0.011466999538242817,0.0006594274309463799
7639,0.03359999880194664,0.0006585507071577013
7640,0.01866699941456318,0.0006574707804247737
7641,0.028534000739455223,0.0006563891074620187
7642,0.028534000739455223,0.000655324081890285
7643,0.028534000739455223,0.0006545939831994474
7644,-0.0013330000219866633,0.0006540911854244769
7645,0.04853399842977524,0.0006533537525683641
7646,-0.0013330000219866633,0.0006523090414702892
7647,0.04853399842977524,0.000651099719107151
7648,0.02346700057387352,0.0006497036665678024
7649,0.02346700057387352,0.000648066692519933
7650,0.02346700057387352,0.0006466188933700323
7651,0.043733999133110046,0.0006452728994190693
7652,0.01360000018030405,0.0006443861639127135
7653,0.04853399842977524,0.0006433404050767422
7654,0.01360000018030405,0.0006423916784115136
7655,0.06373400241136551,0.0006408443441614509
7656,-0.0013330000219866633,0.00063959916587919
7657,0.01360000018030405,0.0006385516608133912
7658,0.008533000014722347,0.000637355144135654
7659,0.05360100045800209,0.0006359267281368375
7660,0.01866699941456318,0.0006341886473819613
7661,0.06373400241136551,0.0006326325237751007
7662,0.003467000089585781,0.0006314032943919301
7663,0.043733999133110046,0.0006304890266619623
7664,-0.0013330000219866633,0.0006295273778960109
7665,0.04853399842977524,0.0006283458205871284
7666,-0.011466999538242817,0.0006273139151744545
7667,0.043733999133110046,0.0006262757233344018
7668,0.02346700057387352,0.0006252985331229866
7669,0.043733999133110046,0.000624564359895885
7670,0.02346700057387352,0.0006236721528694034
7671,0.03866700083017349,0.0006227117264643312
7672,0.01360000018030405,0.0006217865739017725
7673,0.02346700057387352,0.00062108866404742
7674,0.003467000089585781,0.0006202211370691657
7675,0.02346700057387352,0.0006193337612785399
7676,0.01866699941456318,0.0006183708319440484
7677,0.05360100045800209,0.0006177052273415029
7678,0.028534000739455223,0.0006170942215248942
7679,0.02346700057387352,0.0006165837403386831
7680,-0.011466999538242817,0.0006158883916214108
7681,0.05866700038313866,0.0006149335531517863
7682,-0.0013330000219866633,0.0006140326149761677
7683,0.05866700038313866,0.000613116251770407
7684,-0.0013330000219866633,0.0006124076317064464
7685,0.028534000739455223,0.0006117797456681728
7686,-0.016534000635147095,0.0006112002884037793
7687,0.04853399842977524,0.0006103165214881301
7688,0.02346700057387352,0.0006095801945775747
7689,0.05360100045800209,0.0006091065006330609
7690,0.003467000089585781,0.0006087754154577851
7691,0.06373400241136551,0.0006084716296754777
7692,0.01360000018030405,0.000607985770329833
7693,0.06373400241136551,0.0006075296550989151
7694,0.028534000739455223,0.0006071536336094141
7695,0.01360000018030405,0.000606931746006012
7696,0.003467000089585781,0.000606612185947597
7697,0.02346700057387352,0.0006060029263608158
7698,-0.011466999538242817,0.000605377834290266
7699,0.043733999133110046,0.0006046771886758506
7700,0.01866699941456318,0.000604304252192378
7701,0.07866799831390381,0.0006039529107511044
7702,0.03866700083017349,0.0006037522107362747
7703,0.06373400241136551,0.0006038715364411473
7704,0.01360000018030405,0.0006039917934685946
7705,0.02346700057387352,0.0006041359156370163
7706,-0.006399999838322401,0.000604223576374352
7707,0.04853399842977524,0.0006044016918167472
7708,0.003467000089585781,0.0006046734633855522
7709,0.05360100045800209,0.0006047695060260594
7710,0.03359999880194664,0.0006049277144484222
7711,0.028534000739455223,0.0006049785879440606
7712,-0.0013330000219866633,0.0006050110678188503
7713,0.028534000739455223,0.0006050705560483038
7714,-0.011466999538242817,0.000605156586971134
7715,0.03866700083017349,0.000605003209784627
7716,0.01360000018030405,0.0006049942458048463
7717,0.01866699941456318,0.0006049913936294615
7718,0.003467000089585781,0.0006049215444363654
7719,0.05360100045800209,0.0006048050709068775
7720,0.028534000739455223,0.0006047103088349104
7721,0.04853399842977524,0.0006046377820894122
7722,0.02346700057387352,0.0006045706104487181
7723,0.01360000018030405,0.00060460768872872
7724,0.008533000014722347,0.0006046883063390851
7725,0.07866799831390381,0.000604806118644774
7726,-0.0013330000219866633,0.0006050432566553354
7727,0.06373400241136551,0.0006052569369785488
7728,0.01866699941456318,0.0006055365665815771
7729,0.03866700083017349,0.000605935521889478
7730,-0.031466998159885406,0.0006063769105821848
7731,0.02346700057387352,0.0006063845939934254
7732,0.01360000018030405,0.0006061544409021735
7733,0.028534000739455223,0.0006059809820726514
7734,-0.0013330000219866633,0.0006058160797692835
7735,0.01866699941456318,0.0006057277787476778
7736,-0.0013330000219866633,0.0006054309196770191
7737,0.06373400241136551,0.0006051481468603015
7738,0.02346700057387352,0.0006049741641618311
7739,0.028534000739455223,0.0006050433148629963
7740,-0.0013330000219866633,0.0006049750372767448
7741,0.05866700038313866,0.00060484983259812
7742,-0.016534000635147095,0.0006045611808076501
7743,0.06373400241136551,0.0006042052409611642
7744,0.01866699941456318,0.0006041051237843931
7745,0.04853399842977524,0.0006040355074219406
7746,-0.0013330000219866633,0.0006039725849404931
7747,0.04853399842977524,0.0006037261337041855
7748,-0.0013330000219866633,0.0006035193800926208
7749,0.05360100045800209,0.000603043707087636
7750,0.01360000018030405,0.0006028816569596529
7751,0.05360100045800209,0.0006028097122907639
7752,0.02346700057387352,0.0006025910843163729
7753,0.04853399842977524,0.0006025387556292117
7754,-0.0013330000219866633,0.0006026831106282771
7755,0.04853399842977524,0.0006027667550370097
7756,0.003467000089585781,0.0006028503412380815
7757,0.03359999880194664,0.0006030065123923123
7758,-0.016534000635147095,0.0006032953970134258
7759,0.028534000739455223,0.0006033689132891595
7760,-0.0013330000219866633,0.0006035644328221679
7761,0.028534000739455223,0.0006034403922967613
7762,-0.016534000635147095,0.0006032834062352777
7763,0.028534000739455223,0.0006029689102433622
7764,-0.0013330000219866633,0.0006027506897225976
7765,0.03359999880194664,0.0006023512105457485
7766,-0.0013330000219866633,0.0006019233842380345
7767,0.04853399842977524,0.000601335777901113
7768,0.02346700057387352,0.0006008532945998013
7769,0.06373400241136551,0.0006005800096318126
7770,0.003467000089585781,0.0006004879251122475
7771,0.04853399842977524,0.0006004380411468446
7772,-0.006399999838322401,0.0006003917660564184
7773,0.03359999880194664,0.0006001807632856071
7774,0.03866700083017349,0.0005999342538416386
7775,0.03359999880194664,0.0005994781968183815
7776,0.003467000089585781,0.0005991084035485983
7777,0.02346700057387352,0.0005986614269204438
7778,-0.0013330000219866633,0.0005981638678349555
7779,0.043733999133110046,0.0005976192187517881
7780,-0.016534000635147095,0.0005970358033664525
7781,0.043733999133110046,0.0005962171708233654
7782,-0.016534000635147095,0.0005953774088993669
7783,0.043733999133110046,0.0005944275762885809
7784,0.008533000014722347,0.0005938871763646603
7785,0.03866700083017349,0.0005932877538725734
7786,-0.006399999838322401,0.0005924865254200995
7787,0.02346700057387352,0.0005918043316341937
7788,0.008533000014722347,0.0005911845364607871
7789,0.043733999133110046,0.0005907444865442812
7790,-0.011466999538242817,0.000590165494941175
7791,0.06373400241136551,0.0005894601345062256
7792,-0.011466999538242817,0.0005887970328330994
7793,0.03359999880194664,0.0005880170501768589
7794,-0.0013330000219866633,0.0005874586058780551
7795,0.06373400241136551,0.0005871686735190451
7796,0.02346700057387352,0.0005870951572433114
7797,0.05360100045800209,0.0005873453337699175
7798,0.03866700083017349,0.000587411574088037
7799,0.03359999880194664,0.0005876552313566208
7800,-0.011466999538242817,0.0005878327647224069
7801,0.04853399842977524,0.0005879424279555678
7802,0.003467000089585781,0.0005877408548258245
7803,0.06373400241136551,0.0005876089562661946
7804,0.003467000089585781,0.0005874381167814136
7805,0.02346700057387352,0.0005873079062439501
7806,-0.011466999538242817,0.0005871113971807063
7807,0.03866700083017349,0.0005868179723620415
7808,0.008533000014722347,0.000586615176871419
7809,0.028534000739455223,0.0005865275161340833
7810,0.028534000739455223,0.0005864163977093995
7811,0.04853399842977524,0.000586370297241956
7812,-0.016534000635147095,0.0005863194819539785
7813,0.03359999880194664,0.0005864128470420837
7814,0.003467000089585781,0.0005864031845703721
7815,0.03866700083017349,0.000586443638894707
7816,0.008533000014722347,0.0005866623250767589
7817,0.043733999133110046,0.0005869435262866318
7818,0.01866699941456318,0.0005873313057236373
7819,0.05360100045800209,0.0005877072107978165
7820,0.03359999880194664,0.0005880097160115838
7821,0.04853399842977524,0.0005885078571736813
7822,-0.011466999538242817,0.0005889689782634377
7823,0.028534000739455223,0.0005893846973776817
7824,0.003467000089585781,0.0005896264337934554
7825,0.028534000739455223,0.000589600414969027
7826,-0.02160000056028366,0.0005897042574360967
7827,0.043733999133110046,0.0005897327791899443
7828,-0.0013330000219866633,0.0005901429685764015
7829,0.04853399842977524,0.0005904599092900753
7830,0.02346700057387352,0.0005911935004405677
7831,0.04853399842977524,0.0005919057293795049
7832,-0.011466999538242817,0.0005927246529608965
7833,0.03866700083017349,0.0005933775100857019
7834,0.003467000089585781,0.0005941822892054915
7835,0.04853399842977524,0.0005950876511633396
7836,0.01360000018030405,0.0005960398120805621
7837,0.043733999133110046,0.000596970843616873
7838,0.01360000018030405,0.0005979907000437379
7839,0.043733999133110046,0.0005988344782963395
7840,0.003467000089585781,0.0005995006649754941
7841,0.028534000739455223,0.0006003746530041099
7842,0.02346700057387352,0.0006013563834130764
7843,0.01866699941456318,0.0006022038287483156
7844,0.01866699941456318,0.0006028112256899476
7845,0.04853399842977524,0.0006033832905814052
7846,0.01360000018030405,0.0006035249098204076
7847,0.06373400241136551,0.0006035691476427019
7848,-0.016534000635147095,0.0006035456317476928
7849,0.03866700083017349,0.0006039279396645725
7850,0.028534000739455223,0.0006040617590770125
7851,0.06373400241136551,0.0006042965687811375
7852,-0.0013330000219866633,0.0006045694462954998
7853,0.05360100045800209,0.0006051352829672396
7854,0.028534000739455223,0.0006055900594219565
7855,0.06373400241136551,0.0006060337764210999
7856,0.003467000089585781,0.0006064471090212464
7857,0.04853399842977524,0.0006072489195503294
7858,0.028534000739455223,0.0006077924044802785
7859,0.03866700083017349,0.0006081719184294343
7860,0.01360000018030405,0.0006081872852519155
7861,0.06373400241136551,0.0006083587650209665
7862,0.02346700057387352,0.0006084624328650534
7863,0.05360100045800209,0.0006084652268327773
7864,-0.006399999838322401,0.0006083543412387371
7865,0.05866700038313866,0.0006082094041630626
7866,0.003467000089585781,0.0006081287865526974
7867,0.04853399842977524,0.0006081152823753655
7868,0.02346700057387352,0.0006080258172005415
7869,0.07360100001096725,0.0006078789010643959
7870,0.003467000089585781,0.0006077175494283438
7871,0.06373400241136551,0.0006077788420952857
7872,-0.02160000056028366,0.0006076656864024699
7873,0.05360100045800209,0.0006075855926610529
7874,0.008533000014722347,0.0006074898992665112
7875,0.04853399842977524,0.0006072253454476595
7876,0.003467000089585781,0.0006071723764762282
7877,0.05360100045800209,0.0006073071854189038
7878,0.02346700057387352,0.0006073229014873505
7879,0.08880099654197693,0.0006074278498999774
7880,0.003467000089585781,0.0006074606208130717
7881,0.07360100001096725,0.000607709982432425
7882,-0.02160000056028366,0.0006076516001485288
7883,0.05866700038313866,0.0006077105645090342
7884,0.02346700057387352,0.0006076547433622181
7885,0.05360100045800209,0.0006075009005144238
7886,-0.02160000056028366,0.000607294321525842
7887,0.06373400241136551,0.0006072904216125607
7888,0.003467000089585781,0.0006067721405997872
7889,0.07360100001096725,0.000606431276537478
7890,0.008533000014722347,0.0006061487947590649
7891,0.03866700083017349,0.0006061256863176823
7892,0.003467000089585781,0.0006061217281967402
7893,0.06373400241136551,0.0006059681763872504
7894,-0.006399999838322401,0.0006056223646737635
7895,0.02346700057387352,0.0006056555430404842
7896,0.003467000089585781,0.0006057947175577283
7897,0.028534000739455223,0.0006058737635612488
7898,0.01360000018030405,0.0006059221923351288
7899,0.06373400241136551,0.0006060824962332845
7900,-0.03653400018811226,0.0006057898863218725
7901,0.0685340017080307,0.0006054751574993134
7902,-0.016534000635147095,0.0006050486117601395
7903,0.0685340017080307,0.0006051224190741777
7904,0.02346700057387352,0.0006051773671060801
7905,0.07360100001096725,0.0006054816767573357
7906,0.008533000014722347,0.0006056806887499988
7907,0.07866799831390381,0.0006059931474737823
7908,0.008533000014722347,0.0006056020502001047
7909,0.07866799831390381,0.0006054046098142862
7910,0.02346700057387352,0.0006051218369975686
7911,0.028534000739455223,0.0006047978531569242
7912,0.028534000739455223,0.0006043710745871067
7913,0.05360100045800209,0.0006041877786628902
7914,0.028534000739455223,0.0006041275337338448
7915,0.028534000739455223,0.0006039461004547775
7916,0.03359999880194664,0.0006036824779585004
7917,0.05360100045800209,0.0006033218814991415
7918,0.008533000014722347,0.0006030486547388136
7919,0.043733999133110046,0.0006027307827025652
7920,0.008533000014722347,0.000602556683588773
7921,0.05360100045800209,0.0006024749018251896
7922,-0.006399999838322401,0.0006023749010637403
7923,0.028534000739455223,0.000602606451138854
7924,0.02346700057387352,0.0006028241477906704
7925,0.07866799831390381,0.0006029905052855611
7926,0.008533000014722347,0.0006029810174368322
7927,0.03866700083017349,0.0006031465018168092
7928,0.01360000018030405,0.0006033212994225323
7929,0.07360100001096725,0.0006036332924850285
7930,0.01866699941456318,0.0006039690342731774
7931,0.043733999133110046,0.0006043686880730093
7932,-0.0013330000219866633,0.0006047375500202179
7933,0.01866699941456318,0.0006049906369298697
7934,-0.03653400018811226,0.0006051751552149653
7935,0.043733999133110046,0.0006050479132682085
7936,-0.0013330000219866633,0.0006049013463780284
7937,0.02346700057387352,0.0006051233503967524
7938,0.01866699941456318,0.000605295819696039
7939,0.02346700057387352,0.000605431036092341
7940,-0.006399999838322401,0.000605449196882546
7941,0.03359999880194664,0.000605499604716897
7942,0.04853399842977524,0.0006055802805349231
7943,0.03359999880194664,0.0006057455902919173
7944,-0.011466999538242817,0.000605848734267056
7945,0.03359999880194664,0.000605858163908124
7946,0.01360000018030405,0.0006058382568880916
7947,0.04853399842977524,0.0006057893624529243
7948,-0.0013330000219866633,0.0006058005383238196
7949,0.08880099654197693,0.0006057654391042888
7950,0.02346700057387352,0.0006056480924598873
7951,0.03866700083017349,0.0006055295234546065
7952,0.01360000018030405,0.0006054475670680404
7953,0.043733999133110046,0.000605434353929013
7954,0.02346700057387352,0.0006056010606698692
7955,0.03866700083017349,0.0006059412262402475
7956,-0.006399999838322401,0.0006062730099074543
7957,0.028534000739455223,0.0006064152112230659
7958,-0.02160000056028366,0.000606678775511682
7959,0.028534000739455223,0.0006069234805181623
7960,0.01360000018030405,0.0006071197567507625
7961,0.05360100045800209,0.0006072368705645204
7962,-0.026399999856948853,0.0006074934499338269
7963,0.03866700083017349,0.00060758285690099
7964,-0.0013330000219866633,0.0006077229045331478
7965,0.03866700083017349,0.0006078825099393725
7966,0.01360000018030405,0.0006081134779378772
7967,0.028534000739455223,0.000608316739089787
7968,0.008533000014722347,0.0006085396744310856
7969,0.04853399842977524,0.0006088190712034702
7970,0.003467000089585781,0.0006090935785323381
7971,0.04853399842977524,0.0006094821146689355
7972,0.003467000089585781,0.0006098860176280141
7973,0.01866699941456318,0.0006102718762122095
7974,0.04853399842977524,0.0006106020882725716
7975,0.02346700057387352,0.0006108067464083433
7976,0.01866699941456318,0.000610808318015188
7977,0.05360100045800209,0.000610792194493115
7978,-0.006399999838322401,0.0006108267116360366
7979,0.043733999133110046,0.0006108797388151288
7980,-0.011466999538242817,0.0006108439993113279
7981,0.01360000018030405,0.0006107693770900369
7982,-0.006399999838322401,0.0006105611100792885
7983,0.04853399842977524,0.0006106934743002057
7984,0.01360000018030405,0.0006107386434450746
7985,0.06373400241136551,0.0006105877691879869
7986,0.01360000018030405,0.0006104870699346066
7987,0.07360100001096725,0.0006105545908212662
7988,-0.016534000635147095,0.0006105926586315036
7989,0.06373400241136551,0.0006105656502768397
7990,0.028534000739455223,0.0006108027882874012
7991,0.01866699941456318,0.000611010123975575
7992,0.01360000018030405,0.0006114254938438535
7993,0.05360100045800209,0.0006118060555309057
7994,0.01866699941456318,0.0006122947670519352
7995,0.05360100045800209,0.0006124695646576583
7996,0.02346700057387352,0.0006128837121650577
7997,0.03359999880194664,0.0006131517002359033
7998,0.01866699941456318,0.0006136513547971845
7999,0.03359999880194664,0.0006142029305920005
8000,0.03866700083017349,0.0006146818632259965
8001,0.07360100001096725,0.000615235127042979
8002,0.03359999880194664,0.0006161274504847825
8003,0.05866700038313866,0.0006170253618620336
8004,0.01360000018030405,0.0006178102921694517
8005,0.05360100045800209,0.0006186839891597629
8006,0.003467000089585781,0.0006192815490067005
8007,0.0685340017080307,0.0006200044881552458
8008,0.003467000089585781,0.0006206564139574766
8009,0.07360100001096725,0.0006212843582034111
8010,0.003467000089585781,0.0006216465262696147
8011,0.04853399842977524,0.0006223482778295875
8012,0.01360000018030405,0.0006229545106180012
8013,0.08373399823904037,0.0006234922911971807
8014,0.003467000089585781,0.0006237056804820895
8015,0.03866700083017349,0.0006239438080228865
8016,-0.0013330000219866633,0.0006240535294637084
8017,0.06373400241136551,0.0006242826348170638
8018,0.008533000014722347,0.0006247650599107146
8019,0.04853399842977524,0.0006252448074519634
8020,0.003467000089585781,0.0006256409105844796
8021,0.05866700038313866,0.0006261623930186033
8022,0.03866700083017349,0.0006267143180593848
8023,0.04853399842977524,0.0006275738123804331
8024,0.02346700057387352,0.0006283485563471913
8025,0.09866800159215927,0.0006291459430940449
8026,-0.016534000635147095,0.0006296372739598155
8027,0.05360100045800209,0.0006300975801423192
8028,-0.016534000635147095,0.0006305068382062018
8029,0.0685340017080307,0.0006312455516308546
8030,0.02346700057387352,0.0006320485263131559
8031,0.05360100045800209,0.0006328701856546104
8032,0.003467000089585781,0.0006335575599223375
8033,0.07866799831390381,0.0006343967979773879
8034,-0.02160000056028366,0.0006350962212309241
8035,0.05866700038313866,0.0006354902870953083
8036,0.028534000739455223,0.0006360745173878968
8037,0.03866700083017349,0.0006367725436575711
8038,0.01360000018030405,0.0006374550866894424
8039,0.05360100045800209,0.0006382142310030758
8040,0.01866699941456318,0.0006392153445631266
8041,0.05866700038313866,0.0006403649458661675
8042,0.01360000018030405,0.0006414912641048431
8043,0.01360000018030405,0.0006427576299756765
8044,-0.04160099849104881,0.0006439437856897712
8045,0.03866700083017349,0.0006445168983191252
8046,0.028534000739455223,0.000645291293039918
8047,0.01360000018030405,0.0006460138829424977
8048,0.01866699941456318,0.000646678963676095
8049,0.028534000739455223,0.000647570937871933
8050,0.008533000014722347,0.0006484149489551783
8051,0.03866700083017349,0.0006490850355476141
8052,0.01866699941456318,0.0006499142618849874
8053,0.03866700083017349,0.000650641683023423
8054,-0.006399999838322401,0.0006515000713989139
8055,0.03866700083017349,0.0006521284813061357
8056,0.01360000018030405,0.0006525914650410414
8057,0.03866700083017349,0.0006530241807922721
8058,0.01360000018030405,0.0006539192982017994
8059,0.06373400241136551,0.00065478531178087
8060,0.008533000014722347,0.0006557321175932884
8061,0.05360100045800209,0.0006566132651641965
8062,0.01360000018030405,0.000657473923638463
8063,0.028534000739455223,0.0006583795184269547
8064,0.03866700083017349,0.0006593706784769893
8065,0.03866700083017349,0.0006601318018510938
8066,-0.011466999538242817,0.0006612526485696435
8067,0.06373400241136551,0.0006622090586461127
8068,-0.011466999538242817,0.0006630791467614472
8069,0.05360100045800209,0.0006638389313593507
8070,0.04853399842977524,0.0006646581459790468
8071,0.03866700083017349,0.0006654051830992103
8072,0.028534000739455223,0.0006661166553385556
8073,0.02346700057387352,0.0006666884291917086
8074,0.03866700083017349,0.0006670852890238166
8075,0.03359999880194664,0.0006673369789496064
8076,0.003467000089585781,0.0006676224293187261
8077,0.05360100045800209,0.0006676680641248822
8078,0.03359999880194664,0.0006677998462691903
8079,0.05866700038313866,0.0006678310455754399
8080,0.03359999880194664,0.0006683873361907899
8081,0.05360100045800209,0.0006688681314699352
8082,0.01360000018030405,0.0006692616152577102
8083,0.028534000739455223,0.0006694886833429337
8084,-0.0013330000219866633,0.0006697932258248329
8085,0.0685340017080307,0.0006701453821733594
8086,-0.006399999838322401,0.0006702729151584208
8087,0.03866700083017349,0.0006703219842165709
8088,-0.016534000635147095,0.0006705031264573336
8089,0.05866700038313866,0.0006706606363877654
8090,-0.026399999856948853,0.0006704583647660911
8091,0.043733999133110046,0.0006699991063214839
8092,0.01360000018030405,0.00066962098935619
8093,0.06373400241136551,0.0006693567265756428
8094,0.008533000014722347,0.0006695788470096886
8095,0.07866799831390381,0.0006695737829431891
8096,-0.016534000635147095,0.0006698454963043332
8097,0.02346700057387352,0.000670181936584413
8098,-0.011466999538242817,0.000670437584631145
8099,0.03866700083017349,0.0006707306019961834
8100,0.01866699941456318,0.0006711775786243379
8101,0.05360100045800209,0.0006715379422530532
8102,0.02346700057387352,0.0006722970283590257
8103,0.02346700057387352,0.0006730277673341334
8104,0.02346700057387352,0.0006738288793712854
8105,0.03866700083017349,0.0006744108395650983
8106,-0.016534000635147095,0.0006752252811565995
8107,0.03866700083017349,0.000675873423460871
8108,-0.011466999538242817,0.0006768453167751431
8109,0.07360100001096725,0.0006773029454052448
8110,-0.006399999838322401,0.0006778415990993381
8111,0.02346700057387352,0.0006784643628634512
8112,-0.02160000056028366,0.0006794718210585415
8113,0.05360100045800209,0.0006799449329264462
8114,0.028534000739455223,0.0006808047764934599
8115,0.0685340017080307,0.0006817234680056572
8116,0.01866699941456318,0.0006829410558566451
8117,0.03866700083017349,0.00068408262450248
8118,0.003467000089585781,0.0006851509679108858
8119,0.04853399842977524,0.0006861903821118176
8120,-0.0013330000219866633,0.0006870958604849875
8121,0.01866699941456318,0.0006878402200527489
8122,0.01360000018030405,0.0006887901690788567
8123,0.05360100045800209,0.0006896015838719904
8124,0.01360000018030405,0.000690802582539618
8125,0.04853399842977524,0.0006919280858710408
8126,-0.0013330000219866633,0.0006931930547580123
8127,0.05360100045800209,0.0006943049374967813
8128,0.003467000089585781,0.0006955990102142096
8129,0.05866700038313866,0.0006965537322685122
8130,0.01360000018030405,0.0006974904099479318
8131,-0.0013330000219866633,0.0006985106156207621
8132,0.028534000739455223,0.000699499505572021
8133,0.04853399842977524,0.000700316159054637
8134,0.01866699941456318,0.0007015123264864087
8135,0.028534000739455223,0.0007026670500636101
8136,-0.03653400018811226,0.0007041963981464505
8137,0.04853399842977524,0.0007052525179460645
8138,-0.006399999838322401,0.000706213410012424
8139,0.03866700083017349,0.0007070087012834847
8140,0.01866699941456318,0.0007078965427353978
8141,0.03866700083017349,0.000708641076926142
8142,0.003467000089585781,0.0007096155313774943
8143,0.07360100001096725,0.0007103008683770895
8144,0.003467000089585781,0.0007111480226740241
8145,0.01360000018030405,0.0007118179928511381
8146,0.003467000089585781,0.0007124630501493812
8147,0.05360100045800209,0.0007130042649805546
8148,0.028534000739455223,0.0007135150954127312
8149,0.028534000739455223,0.0007139761000871658
8150,-0.0013330000219866633,0.000714430003426969
8151,0.043733999133110046,0.0007148918230086565
8152,0.01360000018030405,0.0007154483464546502
8153,0.043733999133110046,0.0007160035893321037
8154,0.01360000018030405,0.0007166689028963447
8155,0.05360100045800209,0.0007172328769229352
8156,0.02346700057387352,0.0007178985979408026
8157,0.02346700057387352,0.0007186098373495042
8158,0.01360000018030405,0.0007193078054115176
8159,0.043733999133110046,0.0007199246902018785
8160,0.03359999880194664,0.0007208572351373732
8161,0.0685340017080307,0.000721618183888495
8162,-0.031466998159885406,0.0007222306448966265
8163,0.043733999133110046,0.0007224915316328406
8164,0.003467000089585781,0.0007230403716675937
8165,0.05360100045800209,0.0007235202938318253
8166,-0.016534000635147095,0.0007240300765261054
8167,0.05360100045800209,0.0007248473702929914
8168,0.01866699941456318,0.0007256093667820096
8169,0.03866700083017349,0.0007263941806741059
8170,0.003467000089585781,0.0007272670627571642
8171,0.07866799831390381,0.0007281176513060927
8172,0.03866700083017349,0.0007293762173503637
8173,0.03866700083017349,0.0007307738997042179
8174,-0.0013330000219866633,0.000732472341042012
8175,0.043733999133110046,0.0007336948765441775
8176,-0.011466999538242817,0.0007347492501139641
8177,0.02346700057387352,0.0007358509465120733
8178,0.003467000089585781,0.0007371471729129553
8179,0.03359999880194664,0.0007381151663139462
8180,0.01360000018030405,0.0007392071420326829
8181,0.04853399842977524,0.000740308896638453
8182,-0.0013330000219866633,0.000741548661608249
8183,0.043733999133110046,0.000742597971111536
8184,0.02346700057387352,0.0007437493186444044
8185,0.03866700083017349,0.0007447149837389588
8186,0.003467000089585781,0.0007457374013029039
8187,0.04853399842977524,0.0007466239621862769
8188,-0.0013330000219866633,0.0007477531908079982
8189,0.028534000739455223,0.0007486761314794421
8190,-0.011466999538242817,0.000749751110561192
8191,0.03866700083017349,0.0007510321447625756
8192,0.01360000018030405,0.0007523838430643082
8193,0.04853399842977524,0.0007536722114309669
8194,0.01360000018030405,0.0007550222799181938
8195,0.06373400241136551,0.0007563293911516666
8196,0.008533000014722347,0.0007576878415420651
8197,0.05360100045800209,0.0007591221947222948
8198,0.003467000089585781,0.000760743860155344
8199,0.03866700083017349,0.000762354873586446
8200,-0.016534000635147095,0.0007640321273356676
8201,0.03866700083017349,0.0007656099041923881
8202,0.01360000018030405,0.000767169869504869
8203,0.03359999880194664,0.0007688596961088479
8204,0.02346700057387352,0.0007703729206696153
8205,0.04853399842977524,0.0007718348642811179
8206,0.008533000014722347,0.0007734126411378384
8207,0.08880099654197693,0.0007750982185825706
8208,-0.0013330000219866633,0.0007765956688672304
8209,0.08880099654197693,0.000777936598751694
8210,0.003467000089585781,0.0007791332900524139
8211,0.05360100045800209,0.0007804353372193873
8212,0.02346700057387352,0.0007814073469489813
8213,0.06373400241136551,0.0007825515349395573
8214,0.01866699941456318,0.0007835432188585401
8215,0.03866700083017349,0.0007843596977181733
8216,0.008533000014722347,0.0007854665745981038
8217,0.06373400241136551,0.000786564196459949
8218,0.028534000739455223,0.000787826778832823
8219,0.03359999880194664,0.0007889746921136975
8220,0.01360000018030405,0.0007900831988081336
8221,0.043733999133110046,0.0007910057902336121
8222,0.01360000018030405,0.0007919085910543799
8223,0.03866700083017349,0.0007928655249997973
8224,0.01360000018030405,0.0007937356713227928
8225,0.043733999133110046,0.0007944192038848996
8226,0.02346700057387352,0.0007947076810523868
8227,0.028534000739455223,0.0007953182212077081
8228,0.043733999133110046,0.0007960483198985457
8229,0.06373400241136551,0.0007966543198563159
8230,0.003467000089585781,0.0007973049068823457
8231,0.0685340017080307,0.0007978779030963778
8232,0.01360000018030405,0.0007985407719388604
8233,0.03359999880194664,0.0007991685997694731
8234,0.01360000018030405,0.0007996900239959359
8235,0.03866700083017349,0.0008001631358638406
8236,0.003467000089585781,0.0008009049342945218
8237,0.04853399842977524,0.0008016861393116415
8238,-0.02160000056028366,0.0008024717099033296
8239,0.05360100045800209,0.0008028177544474602
8240,0.05360100045800209,0.0008032083278521895
8241,0.05360100045800209,0.0008035836508497596
8242,0.01866699941456318,0.0008040330139920115
8243,0.05360100045800209,0.0008043139241635799
8244,0.01360000018030405,0.0008049478055909276
8245,0.09360100328922272,0.0008054754580371082
8246,0.003467000089585781,0.0008056032820604742
8247,0.06373400241136551,0.0008058397215791047
8248,0.008533000014722347,0.000805993564426899
8249,0.07866799831390381,0.0008060027030296624
8250,0.02346700057387352,0.0008058879757300019
8251,0.05360100045800209,0.000805872434284538
8252,0.01360000018030405,0.000805881223641336
8253,0.03866700083017349,0.0008060261025093496
8254,0.04853399842977524,0.0008061606204137206
8255,0.04853399842977524,0.0008063818095251918
8256,-0.006399999838322401,0.0008067409507930279
8257,0.01866699941456318,0.0008070559706538916
8258,0.02346700057387352,0.0008071669144555926
8259,0.03866700083017349,0.0008071166230365634
8260,0.008533000014722347,0.0008072026539593935
8261,0.04853399842977524,0.000807268253993243
8262,0.01866699941456318,0.000807593110948801
8263,0.05360100045800209,0.000807815813459456
8264,0.028534000739455223,0.0008082345593720675
8265,0.03866700083017349,0.000808671407867223
8266,-0.016534000635147095,0.0008090571500360966
8267,0.028534000739455223,0.0008093451615422964
8268,0.03866700083017349,0.0008099572150968015
8269,0.08880099654197693,0.0008108607726171613
8270,0.008533000014722347,0.0008116989047266543
8271,0.05360100045800209,0.0008125230669975281
8272,0.02346700057387352,0.0008130665519274771
8273,0.03866700083017349,0.0008137130062095821
8274,0.008533000014722347,0.0008140706922858953
8275,0.05360100045800209,0.000814470462501049
8276,0.028534000739455223,0.0008152129594236612
8277,0.02346700057387352,0.00081585010048002
8278,0.008533000014722347,0.0008166474290192127
8279,0.028534000739455223,0.0008170342771336436
8280,0.003467000089585781,0.0008177432464435697
8281,0.05360100045800209,0.000818087428342551
8282,-0.011466999538242817,0.0008189271902665496
8283,0.01866699941456318,0.0008198175928555429
8284,-0.011466999538242817,0.0008209023508243263
8285,0.05360100045800209,0.0008215054403990507
8286,-0.0013330000219866633,0.0008220578311011195
8287,0.03866700083017349,0.0008226798381656408
8288,0.03359999880194664,0.0008233119733631611
8289,0.05360100045800209,0.0008237242582254112
8290,-0.011466999538242817,0.0008242166368290782
8291,0.01866699941456318,0.0008249195525422692
8292,0.01866699941456318,0.0008253684500232339
8293,0.04853399842977524,0.000825837254524231
8294,-0.02160000056028366,0.0008265600772574544
8295,0.01866699941456318,0.0008271727710962296
8296,0.008533000014722347,0.0008276238804683089
8297,0.07360100001096725,0.0008279181784018874
8298,-0.026399999856948853,0.000828082556836307
8299,0.028534000739455223,0.000827800715342164
8300,0.02346700057387352,0.0008275499567389488
8301,0.03866700083017349,0.0008276530425064266
8302,-0.0013330000219866633,0.0008279664907604456
8303,0.028534000739455223,0.0008286343654617667
8304,-0.026399999856948853,0.0008296305313706398
8305,0.028534000739455223,0.0008303907234221697
8306,-0.04666699841618538,0.0008312759455293417
8307,0.028534000739455223,0.000831949757412076
8308,-0.006399999838322401,0.0008323605870828032
8309,0.01360000018030405,0.000832510064356029
8310,0.01360000018030405,0.0008327056420966983
8311,0.043733999133110046,0.0008328859112225473
8312,-0.0013330000219866633,0.0008332114084623754
8313,0.03866700083017349,0.0008335706661455333
8314,0.01360000018030405,0.0008338012266904116
8315,0.07866799831390381,0.0008339831838384271
8316,-0.0013330000219866633,0.0008341171778738499
8317,0.028534000739455223,0.0008342766668647528
8318,-0.02160000056028366,0.0008344661328010261
8319,0.01360000018030405,0.0008341383072547615
8320,0.003467000089585781,0.0008336421451531351
8321,0.01866699941456318,0.000833241967484355
8322,0.008533000014722347,0.0008327873074449599
8323,0.03866700083017349,0.0008326357929036021
8324,-0.026399999856948853,0.0008330250275321305
8325,0.01866699941456318,0.0008329098345711827
8326,-0.016534000635147095,0.0008329748525284231
8327,0.03359999880194664,0.0008328363765031099
8328,-0.011466999538242817,0.0008327957475557923
8329,0.05360100045800209,0.0008326561073772609
8330,0.003467000089585781,0.0008324991213157773
8331,0.05360100045800209,0.0008323725778609514
8332,0.028534000739455223,0.0008323198417201638
8333,0.08880099654197693,0.0008325071539729834
8334,-0.0013330000219866633,0.000832418620120734
8335,0.07360100001096725,0.0008324715308845043
8336,0.003467000089585781,0.0008320451015606523
8337,0.07360100001096725,0.0008314794395118952
8338,0.003467000089585781,0.000831091427244246
8339,0.043733999133110046,0.0008307984098792076
8340,0.003467000089585781,0.0008303656941279769
8341,0.05360100045800209,0.0008299134206026793
8342,0.003467000089585781,0.0008298212196677923
8343,0.07866799831390381,0.0008299105684272945
8344,-0.006399999838322401,0.0008298085303977132
8345,0.08880099654197693,0.0008296302985399961
8346,0.01866699941456318,0.0008299658657051623
8347,0.04853399842977524,0.0008304523071274161
8348,0.02346700057387352,0.0008309027762152255
8349,0.0685340017080307,0.0008313253638334572
8350,0.01866699941456318,0.0008313520811498165
8351,0.03866700083017349,0.0008320105262100697
8352,0.02346700057387352,0.0008326225797645748
8353,0.07866799831390381,0.00083313969662413
8354,-0.006399999838322401,0.0008335538441315293
8355,0.05360100045800209,0.0008342530345544219
8356,-0.011466999538242817,0.0008349610725417733
8357,0.06373400241136551,0.0008351498981937766
8358,0.01866699941456318,0.0008352957665920258
8359,0.05360100045800209,0.0008356799953617156
8360,0.02346700057387352,0.0008358888444490731
8361,0.05866700038313866,0.0008366687688976526
8362,0.003467000089585781,0.0008373785531148314
8363,0.06373400241136551,0.000837837636936456
8364,0.003467000089585781,0.0008380375802516937
8365,0.05360100045800209,0.0008386595291085541
8366,0.02346700057387352,0.0008393267635256052
8367,0.07360100001096725,0.0008399590733461082
8368,0.003467000089585781,0.0008404548279941082
8369,0.03359999880194664,0.0008410745649598539
8370,0.028534000739455223,0.0008416827186010778
8371,0.01866699941456318,0.0008425344130955637
8372,-0.0013330000219866633,0.000843630637973547
8373,0.04853399842977524,0.0008446980500593781
8374,0.003467000089585781,0.0008461415418423712
8375,0.05360100045800209,0.0008476882940158248
8376,0.003467000089585781,0.0008496206719428301
8377,0.07360100001096725,0.0008516096277162433
8378,0.003467000089585781,0.0008538091788068414
8379,0.02346700057387352,0.0008559804409742355
8380,-0.016534000635147095,0.0008581742877140641
8381,0.05866700038313866,0.0008603172609582543
8382,0.028534000739455223,0.0008622175082564354
8383,0.03866700083017349,0.0008645803318358958
8384,0.02346700057387352,0.0008672231924720109
8385,0.07866799831390381,0.0008698990568518639
8386,-0.0013330000219866633,0.0008724185754545033
8387,0.08880099654197693,0.0008741999045014381
8388,0.02346700057387352,0.0008758212206885219
8389,0.04853399842977524,0.0008778672199696302
8390,0.01360000018030405,0.0008798556518740952
8391,0.05866700038313866,0.0008815448964014649
8392,-0.011466999538242817,0.0008828083518892527
8393,0.04853399842977524,0.0008839339134283364
8394,0.003467000089585781,0.0008852994069457054
8395,0.06373400241136551,0.0008865816053003073
8396,0.01360000018030405,0.0008879214292392135
8397,0.0685340017080307,0.0008890231838449836
8398,0.008533000014722347,0.0008902576519176364
8399,0.02346700057387352,0.0008915190701372921
8400,0.003467000089585781,0.0008928921306505799
8401,0.03866700083017349,0.0008941954583860934
8402,-0.011466999538242817,0.0008956303354352713
8403,0.04853399842977524,0.0008966800523921847
8404,0.028534000739455223,0.0008978441474027932
8405,0.05360100045800209,0.0008992755319923162
8406,-0.016534000635147095,0.0009005152387544513
8407,0.04853399842977524,0.0009015604155138135
8408,0.008533000014722347,0.0009024480823427439
8409,0.03866700083017349,0.0009030060027725995
8410,0.003467000089585781,0.0009036115952767432
8411,0.028534000739455223,0.0009043393656611443
8412,-0.016534000635147095,0.0009058549767360091
8413,0.043733999133110046,0.0009068428771570325
8414,-0.03653400018811226,0.000908058718778193
8415,0.02346700057387352,0.000908674206584692
8416,-0.006399999838322401,0.0009092299733310938
8417,0.05360100045800209,0.0009097629226744175
8418,0.01360000018030405,0.0009104909840971231
8419,0.07360100001096725,0.0009112221305258572
8420,0.008533000014722347,0.0009120283648371696
8421,0.07866799831390381,0.0009129649261012673
8422,0.003467000089585781,0.0009137237211689353
8423,0.03866700083017349,0.0009139386820606887
8424,-0.0013330000219866633,0.0009143002680502832
8425,0.04853399842977524,0.0009146445081569254
8426,-0.0013330000219866633,0.0009153088321909308
8427,0.03359999880194664,0.0009160516783595085
8428,-0.026399999856948853,0.0009166052914224565
8429,0.02346700057387352,0.0009165896335616708
8430,0.01360000018030405,0.0009165315423160791
8431,0.043733999133110046,0.0009170542471110821
8432,-0.026399999856948853,0.0009176258463412523
8433,0.04853399842977524,0.0009178573964163661
8434,0.008533000014722347,0.0009179417975246906
8435,0.02346700057387352,0.0009179550688713789
8436,0.02346700057387352,0.0009178470354527235
8437,0.028534000739455223,0.0009178576292470098
8438,-0.006399999838322401,0.0009178054751828313
8439,0.03866700083017349,0.0009177325991913676
8440,0.008533000014722347,0.0009174743317998946
8441,0.03359999880194664,0.0009170629782602191
8442,0.028534000739455223,0.0009167162934318185
8443,0.03866700083017349,0.0009167096577584743
8444,0.02346700057387352,0.0009164948714897037
8445,0.05360100045800209,0.0009166357340291142
8446,0.003467000089585781,0.0009167202515527606
8447,0.03866700083017349,0.0009168742108158767
8448,-0.0013330000219866633,0.0009169431868940592
8449,0.03866700083017349,0.0009170425473712385
8450,0.008533000014722347,0.0009171665296889842
8451,0.02346700057387352,0.0009172316058538854
8452,-0.0013330000219866633,0.0009174338774755597
8453,0.03866700083017349,0.0009174554143100977
8454,0.008533000014722347,0.0009171871934086084
8455,0.028534000739455223,0.0009166972013190389
8456,0.02346700057387352,0.0009163852082565427
8457,0.01866699941456318,0.0009163586073555052
8458,-0.031466998159885406,0.000916547141969204
8459,0.04853399842977524,0.000916346616577357
8460,-0.0013330000219866633,0.0009164978400804102
8461,0.03359999880194664,0.0009167440002784133
8462,0.01360000018030405,0.0009168785181827843
8463,0.02346700057387352,0.0009169933618977666
8464,0.003467000089585781,0.0009174105944111943
8465,0.02346700057387352,0.0009175832383334637
8466,0.02346700057387352,0.0009179856861010194
8467,0.05866700038313866,0.0009183477959595621
8468,-0.0013330000219866633,0.0009189701522700489
8469,0.04853399842977524,0.0009192967554554343
8470,0.02346700057387352,0.0009197015315294266
8471,0.04853399842977524,0.0009201534558087587
8472,0.01360000018030405,0.0009208553819917142
8473,0.028534000739455223,0.0009216264588758349
8474,-0.026399999856948853,0.0009223404340445995
8475,0.03866700083017349,0.0009223588858731091
8476,-0.0013330000219866633,0.0009226385736837983
8477,0.03866700083017349,0.0009229757124558091
8478,-0.0013330000219866633,0.0009234198951162398
8479,0.043733999133110046,0.0009235539473593235
8480,0.01866699941456318,0.0009238115162588656
8481,0.06373400241136551,0.0009238444035872817
8482,-0.0013330000219866633,0.000924212799873203
8483,0.043733999133110046,0.0009242615196853876
8484,0.003467000089585781,0.0009242513915523887
8485,0.04853399842977524,0.0009242727537639439
8486,0.01866699941456318,0.0009241575608029962
8487,0.03866700083017349,0.0009240693179890513
8488,0.003467000089585781,0.0009240626823157072
8489,0.05360100045800209,0.0009240785147994757
8490,0.02346700057387352,0.0009242820087820292
8491,0.05360100045800209,0.0009245764231309295
8492,-0.02160000056028366,0.0009245395194739103
8493,0.05360100045800209,0.0009242768283002079
8494,-0.0013330000219866633,0.0009239845676347613
8495,0.04853399842977524,0.0009237586054950953
8496,0.028534000739455223,0.0009236073819920421
8497,0.04853399842977524,0.0009236516198143363
8498,-0.006399999838322401,0.0009237073827534914
8499,0.05360100045800209,0.0009235296747647226
8500,-0.0013330000219866633,0.0009230931755155325
8501,0.04853399842977524,0.0009227179107256234
8502,0.01866699941456318,0.0009225975954905152
8503,0.04853399842977524,0.00092239462537691
8504,0.01360000018030405,0.0009221704676747322
8505,0.05866700038313866,0.0009219052735716105
8506,0.01360000018030405,0.0009216840844601393
8507,0.043733999133110046,0.0009214571909978986
8508,0.008533000014722347,0.0009212280856445432
8509,0.05360100045800209,0.0009208188857883215
8510,0.008533000014722347,0.0009204853558912873
8511,0.03866700083017349,0.0009200464701279998
8512,-0.011466999538242817,0.0009196833707392216
8513,0.05360100045800209,0.0009190806304104626
8514,0.003467000089585781,0.0009185004746541381
8515,0.03866700083017349,0.0009180518100038171
8516,0.01360000018030405,0.0009175636223517358
8517,0.028534000739455223,0.0009170115226879716
8518,-0.0013330000219866633,0.0009164409711956978
8519,0.04853399842977524,0.0009158948087133467
8520,-0.0013330000219866633,0.0009153386345133185
8521,0.03866700083017349,0.0009146371157839894
8522,0.01360000018030405,0.0009143073111772537
8523,0.01360000018030405,0.0009137618471868336
8524,-0.026399999856948853,0.0009130224352702498
8525,0.0685340017080307,0.0009119178866967559
8526,0.003467000089585781,0.0009112064726650715
8527,0.06373400241136551,0.0009102994808927178
8528,0.028534000739455223,0.0009096659487113357
8529,0.07866799831390381,0.0009090182720683515
8530,0.003467000089585781,0.0009086005738936365
8531,0.06373400241136551,0.0009082277538254857
8532,0.02346700057387352,0.0009074878180399537
8533,0.06373400241136551,0.0009067462524399161
8534,-0.016534000635147095,0.0009059490403160453
8535,0.0685340017080307,0.000905235530808568
8536,0.03866700083017349,0.0009043151512742043
8537,0.08373399823904037,0.0009036617120727897
8538,0.003467000089585781,0.0009027797495946288
8539,0.07360100001096725,0.0009017976699396968
8540,0.01360000018030405,0.0009007781627587974
8541,0.043733999133110046,0.0008998917182907462
8542,0.01360000018030405,0.0008991025388240814
8543,0.05360100045800209,0.0008981948485597968
8544,-0.0013330000219866633,0.000897494493983686
8545,0.05360100045800209,0.000896687968634069
8546,0.01866699941456318,0.0008961246348917484
8547,0.04853399842977524,0.0008955831872299314
8548,-0.0013330000219866633,0.0008950710762292147
8549,0.03866700083017349,0.0008942210697568953
8550,-0.0013330000219866633,0.000893313204869628
8551,0.06373400241136551,0.0008925534784793854
8552,-0.0013330000219866633,0.0008916552760638297
8553,0.05360100045800209,0.0008904131827875972
8554,-0.011466999538242817,0.0008895909995771945
8555,0.04853399842977524,0.000889113056473434
8556,0.003467000089585781,0.0008886180003173649
8557,0.05360100045800209,0.0008882276597432792
8558,-0.026399999856948853,0.0008879076922312379
8559,0.03359999880194664,0.0008869724115356803
8560,-0.016534000635147095,0.0008858965011313558
8561,0.05360100045800209,0.0008847196586430073
8562,-0.03653400018811226,0.0008835654007270932
8563,0.08373399823904037,0.0008822351228445768
8564,0.01360000018030405,0.0008811029838398099
8565,0.043733999133110046,0.0008803901728242636
8566,0.028534000739455223,0.0008799225324764848
8567,0.003467000089585781,0.0008795753237791359
8568,0.003467000089585781,0.000879142782650888
8569,0.04853399842977524,0.0008785704849287868
8570,0.01866699941456318,0.0008779180934652686
8571,0.07866799831390381,0.0008772325236350298
8572,-0.0013330000219866633,0.0008766261162236333
8573,0.04853399842977524,0.0008759275660850108
8574,-0.0013330000219866633,0.0008756075403653085
8575,0.05360100045800209,0.0008753205183893442
8576,-0.006399999838322401,0.0008755763992667198
8577,0.03866700083017349,0.0008755852468311787
8578,-0.011466999538242817,0.0008754805894568563
8579,0.03359999880194664,0.0008752885041758418
8580,0.003467000089585781,0.0008748183026909828
8581,0.028534000739455223,0.0008746122475713491
8582,0.01360000018030405,0.0008742119534872472
8583,0.043733999133110046,0.0008737279567867517
8584,-0.006399999838322401,0.0008733897120691836
8585,0.05360100045800209,0.0008730236440896988
8586,-0.006399999838322401,0.0008728296961635351
8587,0.05866700038313866,0.0008721916237846017
8588,0.003467000089585781,0.0008715097210370004
8589,0.05360100045800209,0.0008706950466148555
8590,-0.016534000635147095,0.0008703470230102539
8591,0.06373400241136551,0.0008694937569089234
8592,0.02346700057387352,0.0008687878143973649
8593,0.05360100045800209,0.0008682289626449347
8594,-0.016534000635147095,0.0008676904253661633
8595,0.05866700038313866,0.0008668244117870927
8596,0.008533000014722347,0.000866034475620836
8597,0.05866700038313866,0.000865171430632472
8598,0.003467000089585781,0.0008641302119940519
8599,0.04853399842977524,0.0008629194344393909
8600,-0.0013330000219866633,0.000861846492625773
8601,0.05866700038313866,0.0008607450290583074
8602,0.003467000089585781,0.0008594521787017584
8603,0.04853399842977524,0.0008579443674534559
8604,0.003467000089585781,0.0008566586766391993
8605,0.03359999880194664,0.0008551987120881677
8606,-0.016534000635147095,0.0008538152324035764
8607,0.06373400241136551,0.000851881573908031
8608,-0.011466999538242817,0.0008499398245476186
8609,0.05360100045800209,0.0008478491217829287
8610,-0.04160099849104881,0.0008460197714157403
8611,0.04853399842977524,0.0008437413489446044
8612,0.008533000014722347,0.000841528526507318
8613,0.05360100045800209,0.000839754706248641
8614,-0.0013330000219866633,0.0008383175591006875
8615,0.04853399842977524,0.0008365518879145384
8616,-0.03653400018811226,0.0008350968128070235
8617,0.03866700083017349,0.0008327545365318656
8618,-0.011466999538242817,0.000830590957775712
8619,0.05360100045800209,0.0008286862284876406
8620,-0.0013330000219866633,0.000826769566629082
8621,0.05866700038313866,0.0008244987111538649
8622,0.01866699941456318,0.000822373665869236
8623,0.06373400241136551,0.0008201184100471437
8624,0.01360000018030405,0.0008178147254511714
8625,0.03866700083017349,0.0008153932867571712
8626,0.003467000089585781,0.0008129091002047062
8627,0.028534000739455223,0.0008101833518594503
8628,-0.006399999838322401,0.000807221804279834
8629,0.04853399842977524,0.0008041889523155987
8630,0.01360000018030405,0.0008009227458387613
8631,0.03866700083017349,0.0007975487969815731
8632,-0.006399999838322401,0.0007941634394228458
8633,0.03359999880194664,0.0007907905383035541
8634,0.01360000018030405,0.0007869430119171739
8635,0.03866700083017349,0.0007829894893802702
8636,0.003467000089585781,0.0007789480732753873
8637,0.06373400241136551,0.00077489682007581
8638,-0.011466999538242817,0.0007712956285104156
8639,0.07866799831390381,0.0007671073544770479
8640,0.01360000018030405,0.000762672396376729
8641,0.04853399842977524,0.0007582902908325195
8642,0.02346700057387352,0.0007542235543951392
8643,0.03359999880194664,0.0007508221897296607
8644,-0.006399999838322401,0.0007475335733033717
8645,0.05360100045800209,0.0007437571184709668
8646,0.01360000018030405,0.000739928160328418
8647,0.028534000739455223,0.0007362011820077896
8648,0.01360000018030405,0.0007326756604015827
8649,0.08880099654197693,0.0007295064860954881
8650,0.01866699941456318,0.0007264576852321625
8651,0.04853399842977524,0.0007236007368192077
8652,-0.0013330000219866633,0.0007206593872979283
8653,0.05866700038313866,0.0007179633248597383
8654,0.04853399842977524,0.0007151357131078839
8655,0.05360100045800209,0.0007124437252059579
8656,-0.0013330000219866633,0.0007098967325873673
8657,0.03359999880194664,0.0007073042797856033
8658,-0.0013330000219866633,0.0007046787650324404
8659,0.04853399842977524,0.0007023555226624012
8660,-0.006399999838322401,0.0007002211059443653
8661,0.05866700038313866,0.0006978141027502716
8662,-0.0013330000219866633,0.0006959611782804132
8663,0.028534000739455223,0.0006940065650269389
8664,0.03359999880194664,0.0006920761079527438
8665,0.05360100045800209,0.0006905165500938892
8666,0.008533000014722347,0.000688806758262217
8667,0.05866700038313866,0.0006868072086945176
8668,0.02346700057387352,0.0006842212751507759
8669,0.05360100045800209,0.0006821524584665895
8670,0.02346700057387352,0.0006800498231314123
8671,0.05360100045800209,0.0006782518466934562
8672,-0.02160000056028366,0.0006764116697013378
8673,0.02346700057387352,0.0006745145074091852
8674,0.01360000018030405,0.0006726698484271765
8675,0.043733999133110046,0.0006709920708090067
8676,-0.011466999538242817,0.0006694613839499652
8677,0.003467000089585781,0.000667716609314084
8678,0.01360000018030405,0.0006661461084149778
8679,0.028534000739455223,0.000664975552354008
8680,0.003467000089585781,0.0006637526676058769
8681,0.003467000089585781,0.0006624407251365483
8682,-0.0013330000219866633,0.0006607858231291175
8683,0.01866699941456318,0.0006591224810108542
8684,-0.011466999538242817,0.0006573189166374505
8685,0.03866700083017349,0.0006557567976415157
8686,-0.011466999538242817,0.0006540945614688098
8687,0.05360100045800209,0.0006523050833493471
8688,0.02346700057387352,0.0006506498903036118
8689,0.003467000089585781,0.0006494878325611353
8690,0.003467000089585781,0.0006483052857220173
8691,0.04853399842977524,0.000647260807454586
8692,0.003467000089585781,0.0006464386242441833
8693,0.06373400241136551,0.0006453492678701878
8694,0.003467000089585781,0.0006445051403716207
8695,0.05360100045800209,0.0006436966359615326
8696,0.003467000089585781,0.0006431066431105137
8697,0.04853399842977524,0.0006425674073398113
8698,-0.0013330000219866633,0.0006420021527446806
8699,0.028534000739455223,0.0006413079099729657
8700,-0.011466999538242817,0.0006409760098904371
8701,0.028534000739455223,0.0006401891587302089
8702,-0.026399999856948853,0.0006392702925950289
8703,0.02346700057387352,0.0006382782012224197
8704,-0.02160000056028366,0.0006372698117047548
8705,0.028534000739455223,0.0006358845275826752
8706,0.003467000089585781,0.0006346061709336936
8707,0.07360100001096725,0.0006333976634778082
8708,0.01360000018030405,0.0006320732645690441
8709,0.04853399842977524,0.0006306972354650497
8710,-0.0013330000219866633,0.0006296482170000672
8711,0.043733999133110046,0.0006287409923970699
8712,-0.006399999838322401,0.0006276234635151923
8713,0.01866699941456318,0.0006262472597882152
8714,-0.0013330000219866633,0.0006247619166970253
8715,0.05360100045800209,0.0006234856555238366
8716,-0.0013330000219866633,0.0006225078250281513
8717,0.05360100045800209,0.0006213819142431021
8718,-0.006399999838322401,0.0006201915675774217
8719,0.02346700057387352,0.000618612568359822
8720,0.008533000014722347,0.0006171747809275985
8721,0.05360100045800209,0.0006160708726383746
8722,0.003467000089585781,0.0006148690008558333
8723,0.02346700057387352,0.0006133658462204039
8724,0.01360000018030405,0.000612112577073276
8725,0.04853399842977524,0.0006110686808824539
8726,0.01360000018030405,0.0006103222258388996
8727,0.07866799831390381,0.0006096020806580782
8728,-0.02160000056028366,0.0006084569031372666
8729,0.03866700083017349,0.0006069668452255428
8730,0.028534000739455223,0.0006055754492990673
8731,0.07866799831390381,0.0006047849310562015
8732,0.02346700057387352,0.0006043441826477647
8733,0.08373399823904037,0.0006039248546585441
8734,0.01866699941456318,0.0006033520912751555
8735,0.01360000018030405,0.0006030270596966147
8736,0.01360000018030405,0.0006027612835168839
8737,0.01866699941456318,0.0006025985348969698
8738,0.003467000089585781,0.0006028981879353523
8739,0.04853399842977524,0.0006032055825926363
8740,-0.011466999538242817,0.000603503838647157
8741,0.043733999133110046,0.0006034705438651145
8742,0.01360000018030405,0.0006037387647666037
8743,0.05866700038313866,0.0006041161832399666
8744,0.003467000089585781,0.0006044905167073011
8745,0.07866799831390381,0.0006046793423593044
8746,0.03359999880194664,0.0006047335918992758
8747,0.028534000739455223,0.0006046895286999643
8748,-0.0013330000219866633,0.0006049014627933502
8749,0.04853399842977524,0.0006051446544006467
8750,-0.011466999538242817,0.0006057523423805833
8751,0.05360100045800209,0.0006064795306883752
8752,-0.011466999538242817,0.0006072275573387742
8753,0.02346700057387352,0.0006074918201193213
8754,0.03866700083017349,0.0006078227306716144
8755,0.03866700083017349,0.0006085152272135019
8756,-0.0013330000219866633,0.000609097070991993
8757,0.04853399842977524,0.0006094835698604584
8758,0.02346700057387352,0.0006100545870140195
8759,0.043733999133110046,0.0006106332875788212
8760,-0.011466999538242817,0.0006111172260716558
8761,0.043733999133110046,0.0006112886476330459
8762,0.02346700057387352,0.0006115065771155059
8763,0.04853399842977524,0.000611755414865911
8764,0.02346700057387352,0.000612023170106113
8765,0.06373400241136551,0.0006123568746261299
8766,0.003467000089585781,0.0006126337684690952
8767,0.05360100045800209,0.0006128207314759493
8768,0.01360000018030405,0.0006128636887297034
8769,0.07360100001096725,0.000612917123362422
8770,-0.0013330000219866633,0.0006132929120212793
8771,0.03866700083017349,0.0006137550808489323
8772,-0.0013330000219866633,0.0006146009545773268
8773,0.028534000739455223,0.0006153606809675694
8774,-0.0013330000219866633,0.0006160653429105878
8775,0.028534000739455223,0.0006165081867948174
8776,-0.0013330000219866633,0.0006169859552755952
8777,0.04853399842977524,0.0006172930006869137
8778,0.003467000089585781,0.0006176322931423783
8779,0.06373400241136551,0.0006179499323479831
8780,-0.0013330000219866633,0.0006183319492265582
8781,0.03866700083017349,0.0006186466198414564
8782,0.028534000739455223,0.0006188195548020303
8783,0.028534000739455223,0.000619343132711947
8784,-0.006399999838322401,0.0006198232294991612
8785,0.05360100045800209,0.0006202535005286336
8786,0.01360000018030405,0.0006205870304256678
8787,0.05360100045800209,0.0006207430269569159
8788,0.003467000089585781,0.0006211453583091497
8789,0.04853399842977524,0.0006213070591911674
8790,0.01360000018030405,0.0006214804016053677
8791,0.05360100045800209,0.0006216460606083274
8792,0.003467000089585781,0.0006218106718733907
8793,0.03866700083017349,0.000621906656306237
8794,-0.011466999538242817,0.0006220421055331826
8795,0.03866700083017349,0.0006222707452252507
8796,-0.0013330000219866633,0.0006223595119081438
8797,0.04853399842977524,0.0006224669050425291
8798,0.01360000018030405,0.0006225216202437878
8799,0.04853399842977524,0.0006225707475095987
8800,-0.0013330000219866633,0.000622721912804991
8801,0.0685340017080307,0.0006230545113794506
8802,-0.0013330000219866633,0.0006231518927961588
8803,0.02346700057387352,0.0006230270373634994
8804,0.01360000018030405,0.000623003754299134
8805,0.043733999133110046,0.0006231974111869931
8806,-0.016534000635147095,0.000623487401753664
8807,0.02346700057387352,0.0006233566673472524
8808,-0.006399999838322401,0.0006234195898286998
8809,0.04853399842977524,0.0006235073087736964
8810,-0.0013330000219866633,0.0006236403714865446
8811,0.05866700038313866,0.0006237536435946822
8812,-0.016534000635147095,0.0006238460773602128
8813,0.04853399842977524,0.0006237681955099106
8814,0.01360000018030405,0.0006235041655600071
8815,0.05360100045800209,0.000623517669737339
8816,0.003467000089585781,0.000623424188233912
8817,0.05866700038313866,0.0006233470048755407
8818,0.03866700083017349,0.0006231278530322015
8819,0.07360100001096725,0.000623274885583669
8820,-0.02160000056028366,0.0006232447922229767
8821,0.05360100045800209,0.0006231909501366317
8822,-0.011466999538242817,0.0006228075362741947
8823,0.028534000739455223,0.0006222561933100224
8824,-0.02160000056028366,0.0006219001370482147
8825,0.05866700038313866,0.0006213017040863633
8826,0.003467000089585781,0.0006206774851307273
8827,0.05866700038313866,0.0006199940107762814
8828,-0.016534000635147095,0.0006192572182044387
8829,0.05360100045800209,0.000618837948422879
8830,0.003467000089585781,0.0006182127981446683
8831,0.07360100001096725,0.0006177914328873158
8832,0.03866700083017349,0.0006169846747070551
8833,0.03866700083017349,0.0006163002690300345
8834,-0.02160000056028366,0.0006158597534522414
8835,0.05360100045800209,0.0006153545109555125
8836,0.03359999880194664,0.0006147103849798441
8837,0.05360100045800209,0.0006141032790765166
8838,0.028534000739455223,0.0006134719005785882
8839,0.08373399823904037,0.000612900301348418
8840,0.008533000014722347,0.0006123097846284509
8841,0.043733999133110046,0.0006118029123172164
8842,-0.0013330000219866633,0.0006112876581028104
8843,0.05360100045800209,0.0006111125694587827
8844,0.003467000089585781,0.0006110723479650915
8845,0.06373400241136551,0.0006111076800152659
8846,0.01866699941456318,0.0006109705427661538
8847,0.06373400241136551,0.0006109875976108015
8848,0.01360000018030405,0.0006109224632382393
8849,0.028534000739455223,0.0006107419030740857
8850,0.003467000089585781,0.0006105774664320052
8851,0.05360100045800209,0.0006106838118284941
8852,0.02346700057387352,0.0006106563378125429
8853,0.03359999880194664,0.0006105464417487383
8854,0.003467000089585781,0.0006104782223701477
8855,0.043733999133110046,0.0006104806670919061
8856,-0.0013330000219866633,0.0006104884087108076
8857,0.03866700083017349,0.0006104346248321235
8858,0.01360000018030405,0.0006103785126470029
8859,0.03866700083017349,0.0006102474289946258
8860,-0.011466999538242817,0.0006100245518609881
8861,0.02346700057387352,0.000609872629866004
8862,-0.0013330000219866633,0.0006096796714700758
8863,0.028534000739455223,0.0006095207063481212
8864,-0.0013330000219866633,0.0006095148855820298
8865,0.03866700083017349,0.0006093734409660101
8866,-0.016534000635147095,0.0006090783281251788
8867,0.04853399842977524,0.0006090298993512988
8868,-0.016534000635147095,0.0006090948008932173
8869,0.07360100001096725,0.0006092552794143558
8870,0.01360000018030405,0.0006091755931265652
8871,0.04853399842977524,0.0006091207033023238
8872,0.003467000089585781,0.0006090097595006227
8873,0.03359999880194664,0.0006090244278311729
8874,-0.02160000056028366,0.0006089677335694432
8875,0.05360100045800209,0.0006090840324759483
8876,0.008533000014722347,0.0006092453841120005
8877,0.06373400241136551,0.0006094753043726087
8878,0.01866699941456318,0.0006095491116866469
8879,0.043733999133110046,0.000609701732173562
8880,0.02346700057387352,0.0006096824072301388
8881,0.04853399842977524,0.000609765644185245
8882,-0.0013330000219866633,0.0006098763551563025
8883,0.04853399842977524,0.0006100618047639728
8884,0.003467000089585781,0.0006103965570218861
8885,0.03359999880194664,0.0006107343942858279
8886,0.003467000089585781,0.0006110983667895198
8887,0.03359999880194664,0.0006112585542723536
8888,-0.026399999856948853,0.0006116200238466263
8889,0.02346700057387352,0.0006119187455624342
8890,-0.0013330000219866633,0.000612264615483582
8891,0.01360000018030405,0.0006127647357061505
8892,-0.0013330000219866633,0.0006132357520982623
8893,0.04853399842977524,0.0006136724259704351
8894,0.01360000018030405,0.0006141064804978669
8895,0.04853399842977524,0.0006146132946014404
8896,0.008533000014722347,0.0006150904227979481
8897,0.02346700057387352,0.0006154022994451225
8898,-0.016534000635147095,0.000615849916357547
8899,0.03866700083017349,0.0006163312355056405
8900,-0.011466999538242817,0.0006169802509248257
8901,0.03359999880194664,0.0006175827002152801
8902,-0.0013330000219866633,0.0006183673394843936
8903,0.05360100045800209,0.0006188504630699754
8904,-0.0013330000219866633,0.0006194739835336804
8905,0.05360100045800209,0.0006199652561917901
8906,-0.03653400018811226,0.0006205089157447219
8907,0.01360000018030405,0.0006208786508068442
8908,-0.016534000635147095,0.0006212331354618073
8909,0.03866700083017349,0.0006215922185219824
8910,0.01360000018030405,0.0006219623610377312
8911,0.07360100001096725,0.0006222855299711227
8912,0.02346700057387352,0.0006226669065654278
8913,0.028534000739455223,0.0006230737781152129
8914,-0.0013330000219866633,0.0006235414184629917
8915,0.04853399842977524,0.0006240045768208802
8916,0.02346700057387352,0.0006242910167202353
8917,0.05360100045800209,0.0006245229160413146
8918,0.003467000089585781,0.0006245472468435764
8919,0.04853399842977524,0.0006244882242754102
8920,0.003467000089585781,0.0006246326956897974
8921,0.06373400241136551,0.000624746666289866
8922,0.05360100045800209,0.0006250188453122973
8923,0.06373400241136551,0.0006253806641325355
8924,0.03359999880194664,0.0006258332869037986
8925,0.043733999133110046,0.0006261456292122602
8926,0.01360000018030405,0.0006264937110245228
8927,0.04853399842977524,0.0006266640266403556
8928,0.028534000739455223,0.0006268218858167529
8929,0.02346700057387352,0.0006270906887948513
8930,0.02346700057387352,0.0006273824255913496
8931,0.03359999880194664,0.0006274710176512599
8932,0.003467000089585781,0.0006273783510550857
8933,0.05866700038313866,0.0006271916208788753
8934,-0.0013330000219866633,0.0006270048324950039
8935,0.05866700038313866,0.0006267741555348039
8936,0.01360000018030405,0.0006266223499551415
8937,0.03866700083017349,0.0006263827672228217
8938,-0.04666699841618538,0.0006260292138904333
8939,0.05360100045800209,0.0006257126806303859
8940,-0.011466999538242817,0.0006256320048123598
8941,0.07360100001096725,0.000625880085863173
8942,-0.006399999838322401,0.0006261602975428104
8943,0.03866700083017349,0.0006261111702769995
8944,-0.026399999856948853,0.0006260792724788189
8945,0.04853399842977524,0.0006258900975808501
8946,0.008533000014722347,0.0006259361398406327
8947,0.05360100045800209,0.000625887478236109
8948,-0.0013330000219866633,0.0006256058113649487
8949,0.04853399842977524,0.0006256003980524838
8950,0.003467000089585781,0.0006256424821913242
8951,0.0685340017080307,0.0006258325884118676
8952,-0.011466999538242817,0.0006257743225432932
8953,0.01866699941456318,0.0006255708867684007
8954,-0.011466999538242817,0.0006255632033571601
8955,0.09360100328922272,0.0006254528416320682
8956,-0.006399999838322401,0.0006250806618481874
8957,0.028534000739455223,0.0006248517893254757
8958,-0.011466999538242817,0.0006246216362342238
8959,0.03359999880194664,0.0006239331560209394
8960,0.003467000089585781,0.0006234307074919343
8961,0.04853399842977524,0.0006232286104932427
8962,-0.026399999856948853,0.0006229929276742041
8963,0.03359999880194664,0.0006227634148672223
8964,0.01360000018030405,0.0006227424019016325
8965,0.04853399842977524,0.0006225485121831298
8966,-0.011466999538242817,0.0006222871597856283
8967,0.03866700083017349,0.00062198331579566
8968,0.003467000089585781,0.0006216970505192876
8969,0.05360100045800209,0.0006215614266693592
8970,0.01360000018030405,0.000621313345618546
8971,0.07866799831390381,0.0006211604923009872
8972,-0.011466999538242817,0.0006206557154655457
8973,0.03866700083017349,0.0006201709038577974
8974,0.008533000014722347,0.0006198946502991021
8975,0.04853399842977524,0.0006199378985911608
8976,0.01360000018030405,0.0006198158953338861
8977,0.04853399842977524,0.0006197626935318112
8978,0.01360000018030405,0.0006194864399731159
8979,0.06373400241136551,0.0006194078596308827
8980,0.02346700057387352,0.000619232770986855
8981,0.07360100001096725,0.0006190177518874407
8982,0.028534000739455223,0.0006184813682921231
8983,0.07866799831390381,0.0006179179763421416
8984,0.02346700057387352,0.0006172294379211962
8985,0.05360100045800209,0.000616895267739892
8986,0.01360000018030405,0.0006165140075609088
8987,0.08373399823904037,0.0006164169171825051
8988,0.003467000089585781,0.0006159819895401597
8989,0.04853399842977524,0.0006156685994938016
8990,-0.006399999838322401,0.0006154570146463811
8991,0.03866700083017349,0.0006151535781100392
8992,0.028534000739455223,0.0006147416424937546
8993,0.07360100001096725,0.0006144701037555933
8994,0.028534000739455223,0.000613581039942801
8995,0.05360100045800209,0.0006128137465566397
8996,0.03866700083017349,0.0006118855671957135
8997,0.04853399842977524,0.0006113758427090943
8998,0.003467000089585781,0.0006106151267886162
8999,0.05360100045800209,0.0006100198952481151
9000,0.008533000014722347,0.0006092351395636797
9001,0.03359999880194664,0.0006086885696277022
9002,0.028534000739455223,0.0006081210449337959
9003,0.06373400241136551,0.0006077094003558159
9004,0.03866700083017349,0.0006069992668926716
9005,0.05360100045800209,0.0006064322078600526
9006,-0.0013330000219866633,0.0006057349964976311
9007,0.028534000739455223,0.0006047897040843964
9008,0.003467000089585781,0.0006037086131982505
9009,0.003467000089585781,0.0006029766518622637
9010,-0.026399999856948853,0.0006019119173288345
9011,0.07360100001096725,0.0006006830371916294
9012,0.003467000089585781,0.0005995692336000502
9013,0.028534000739455223,0.0005986787145957351
9014,-0.02160000056028366,0.0005976334796287119
9015,0.02346700057387352,0.0005964387091808021
9016,0.01360000018030405,0.0005953485378995538
9017,0.03866700083017349,0.0005946987657807767
9018,0.01866699941456318,0.0005939707043580711
9019,0.028534000739455223,0.0005933403735980392
9020,0.003467000089585781,0.0005925352452322841
9021,0.01360000018030405,0.0005919233663007617
9022,-0.03653400018811226,0.0005911743501201272
9023,0.03866700083017349,0.0005904039717279375
9024,0.003467000089585781,0.0005896800430491567
9025,0.05360100045800209,0.0005890915053896606
9026,0.03866700083017349,0.0005880079697817564
9027,0.06373400241136551,0.0005869655287824571
9028,0.01360000018030405,0.000585525413043797
9029,0.028534000739455223,0.0005843315157108009
9030,0.003467000089585781,0.000583052053116262
9031,0.06373400241136551,0.0005819367943331599
9032,0.003467000089585781,0.0005807600100524724
9033,0.04853399842977524,0.000579858897253871
9034,0.028534000739455223,0.000578861974645406
9035,0.03866700083017349,0.0005777772748842835
9036,0.003467000089585781,0.0005765937967225909
9037,0.02346700057387352,0.0005755391321144998
9038,-0.006399999838322401,0.0005745564121752977
9039,0.05866700038313866,0.0005735204322263598
9040,0.003467000089585781,0.0005726547678932548
9041,0.04853399842977524,0.0005718357861042023
9042,0.02346700057387352,0.000570964883081615
9043,0.03359999880194664,0.0005702829803340137
9044,0.02346700057387352,0.0005694106221199036
9045,0.05360100045800209,0.0005687991506420076
9046,-0.0013330000219866633,0.000568037386983633
9047,0.01866699941456318,0.0005672074621543288
9048,-0.0013330000219866633,0.0005664749769493937
9049,0.09866800159215927,0.0005659062881022692
9050,0.003467000089585781,0.0005651076789945364
9051,0.05360100045800209,0.0005644448101520538
9052,0.01360000018030405,0.0005635845009237528
9053,0.05360100045800209,0.0005628964863717556
9054,0.008533000014722347,0.0005621827440336347
9055,0.07866799831390381,0.0005617713904939592
9056,-0.0013330000219866633,0.0005610354710370302
9057,0.043733999133110046,0.0005602764431387186
9058,-0.006399999838322401,0.0005595656111836433
9059,0.02346700057387352,0.0005588900530710816
9060,-0.011466999538242817,0.0005582110024988651
9061,0.03866700083017349,0.0005576402763836086
9062,0.008533000014722347,0.0005567982443608344
9063,0.028534000739455223,0.0005562574369832873
9064,0.01866699941456318,0.0005555038806051016
9065,0.04853399842977524,0.0005550618516281247
9066,0.008533000014722347,0.0005544715095311403
9067,0.03866700083017349,0.0005537974648177624
9068,0.003467000089585781,0.0005532365757972002
9069,0.03359999880194664,0.0005527555476874113
9070,-0.0013330000219866633,0.0005522318533621728
9071,0.01360000018030405,0.0005517872632481158
9072,-0.011466999538242817,0.0005512607749551535
9073,0.03866700083017349,0.0005507343448698521
9074,0.003467000089585781,0.000550274970009923
9075,0.02346700057387352,0.0005497467354871333
9076,-0.03653400018811226,0.0005493677454069257
9077,0.05360100045800209,0.0005485948640853167
9078,-0.02160000056028366,0.0005480305990204215
9079,0.05360100045800209,0.0005476160440593958
9080,0.02346700057387352,0.0005472106859087944
9081,0.043733999133110046,0.0005470917676575482
9082,-0.0013330000219866633,0.0005470798350870609
9083,0.043733999133110046,0.0005470344331115484
9084,0.008533000014722347,0.0005470804171636701
9085,0.05360100045800209,0.000546877330634743
9086,-0.026399999856948853,0.0005466359434649348
9087,0.06373400241136551,0.000546641240362078
9088,0.003467000089585781,0.0005465775611810386
9089,0.0685340017080307,0.0005465770955197513
9090,-0.0013330000219866633,0.0005463488632813096
9091,0.043733999133110046,0.0005460366955958307
9092,0.008533000014722347,0.0005459224921651185
9093,0.03359999880194664,0.0005459251115098596
9094,-0.011466999538242817,0.0005460224347189069
9095,0.07360100001096725,0.0005460794782266021
9096,0.01866699941456318,0.000546098337508738
9097,0.05360100045800209,0.0005462644039653242
9098,0.02346700057387352,0.0005464139976538718
9099,0.0685340017080307,0.0005466701695695519
9100,-0.006399999838322401,0.0005467112641781569
9101,0.06373400241136551,0.0005467464216053486
9102,-0.011466999538242817,0.0005468169692903757
9103,0.03866700083017349,0.0005470762262120843
9104,0.008533000014722347,0.0005473924102261662
9105,0.05360100045800209,0.0005479881074279547
9106,-0.006399999838322401,0.0005485827568918467
9107,0.03866700083017349,0.000549030490219593
9108,0.05360100045800209,0.0005495224031619728
9109,0.06373400241136551,0.000550199649296701
9110,0.008533000014722347,0.0005508627509698272
9111,0.043733999133110046,0.0005515284137800336
9112,0.003467000089585781,0.0005522327264770865
9113,0.03359999880194664,0.0005530259804800153
9114,-0.0013330000219866633,0.0005537059623748064
9115,0.028534000739455223,0.0005545759340748191
9116,-0.02160000056028366,0.0005551865906454623
9117,0.04853399842977524,0.0005558669799938798
9118,0.02346700057387352,0.000556392187718302
9119,0.06373400241136551,0.0005571373039856553
9120,-0.006399999838322401,0.0005577446427196264
9121,0.04853399842977524,0.0005583104211837053
9122,0.01866699941456318,0.0005589964566752315
9123,0.03359999880194664,0.0005596227128989995
9124,0.028534000739455223,0.0005598962306976318
9125,0.04853399842977524,0.0005602890742011368
9126,-0.0013330000219866633,0.0005606382619589567
9127,0.03359999880194664,0.0005610911757685244
9128,-0.011466999538242817,0.0005615342524833977
9129,0.05360100045800209,0.000561980064958334
9130,0.02346700057387352,0.0005622800090350211
9131,0.03359999880194664,0.000562438159249723
9132,0.05866700038313866,0.0005624960758723319
9133,0.03866700083017349,0.0005627452046610415
9134,0.003467000089585781,0.0005629922379739583
9135,0.05360100045800209,0.0005633271066471934
9136,-0.0013330000219866633,0.0005636843852698803
9137,0.04853399842977524,0.0005641172756440938
9138,-0.0013330000219866633,0.0005643923068419099
9139,0.05360100045800209,0.0005646706558763981
9140,-0.011466999538242817,0.000564818736165762
9141,-0.0013330000219866633,0.0005649843369610608
9142,0.028534000739455223,0.0005649896920658648
9143,0.043733999133110046,0.0005652388790622354
9144,0.003467000089585781,0.0005653608241118491
9145,0.028534000739455223,0.0005654323613271117
9146,0.03359999880194664,0.0005655874265357852
9147,0.06373400241136551,0.0005656963912770152
9148,-0.0013330000219866633,0.0005657427245751023
9149,0.04853399842977524,0.0005658241570927203
9150,-0.006399999838322401,0.0005659242742694914
9151,0.03866700083017349,0.0005659179878421128
9152,0.01360000018030405,0.0005657747969962656
9153,0.05360100045800209,0.0005657349829562008
9154,0.003467000089585781,0.000565543188713491
9155,0.0685340017080307,0.0005652851541526616
9156,0.028534000739455223,0.0005650219973176718
9157,0.07866799831390381,0.0005649215308949351
9158,0.03866700083017349,0.0005644573830068111
9159,0.02346700057387352,0.0005643884651362896
9160,0.02346700057387352,0.0005641154712066054
9161,0.028534000739455223,0.0005640818271785975
9162,0.008533000014722347,0.0005638919537886977
9163,0.05866700038313866,0.0005636777495965362
9164,-0.0013330000219866633,0.0005635072011500597
9165,0.03866700083017349,0.0005635896814055741
9166,0.008533000014722347,0.0005636828718706965
9167,0.07360100001096725,0.0005637886351905763
9168,0.028534000739455223,0.000563576933927834
9169,0.05360100045800209,0.0005633404944092035
9170,0.008533000014722347,0.0005629586521536112
9171,0.05360100045800209,0.000562669534701854
9172,0.01866699941456318,0.0005623815814033151
9173,0.05360100045800209,0.0005621752352453768
9174,0.01866699941456318,0.0005618876311928034
9175,0.05360100045800209,0.0005617736605927348
9176,0.008533000014722347,0.000561522610951215
9177,0.08373399823904037,0.0005611724918708205
9178,-0.006399999838322401,0.0005606225458905101
9179,0.08880099654197693,0.000560066953767091
9180,0.01866699941456318,0.0005595673574134707
9181,0.04853399842977524,0.0005591349909082055
9182,0.008533000014722347,0.0005584819009527564
9183,0.08880099654197693,0.0005580304423347116
9184,0.01360000018030405,0.0005574882961809635
9185,0.07360100001096725,0.0005569341010414064
9186,0.01360000018030405,0.0005563995218835771
9187,0.05866700038313866,0.0005561815924011171
9188,0.003467000089585781,0.000555922684725374
9189,0.05360100045800209,0.0005557684926316142
9190,0.03866700083017349,0.0005556915421038866
9191,0.05866700038313866,0.0005556228570640087
9192,-0.011466999538242817,0.0005554861854761839
9193,0.03866700083017349,0.0005554950330406427
9194,-0.011466999538242817,0.0005555180250667036
9195,0.06373400241136551,0.0005555491661652923
9196,-0.02160000056028366,0.0005553927621804178
9197,0.028534000739455223,0.000555138336494565
9198,-0.0013330000219866633,0.0005547679029405117
9199,0.02346700057387352,0.0005546235479414463
9200,0.008533000014722347,0.0005545085296034813
9201,-0.016534000635147095,0.0005541704595088959
9202,-0.02160000056028366,0.0005538127152249217
9203,0.05360100045800209,0.0005534888477995992
9204,-0.011466999538242817,0.0005532280774787068
9205,0.02346700057387352,0.0005527030443772674
9206,-0.006399999838322401,0.0005520522827282548
9207,0.01360000018030405,0.0005512940115295351
9208,0.02346700057387352,0.0005506601883098483
9209,0.043733999133110046,0.0005501575069501996
9210,0.003467000089585781,0.0005495763616636395
9211,0.07866799831390381,0.0005489779287017882
9212,-0.011466999538242817,0.0005482585402205586
9213,0.03359999880194664,0.0005477364175021648
9214,0.01360000018030405,0.0005474608624354005
9215,0.04853399842977524,0.0005475771031342447
9216,0.003467000089585781,0.0005476140649989247
9217,0.04853399842977524,0.0005475545185618103
9218,-0.011466999538242817,0.0005475542275235057
9219,-0.02160000056028366,0.0005474155186675489
9220,0.01360000018030405,0.0005470546311698854
9221,0.04853399842977524,0.0005468844319693744
9222,0.02346700057387352,0.0005465682479552925
9223,0.0685340017080307,0.0005462145199999213
9224,-0.0013330000219866633,0.0005457388469949365
9225,0.043733999133110046,0.0005451028700917959
9226,-0.011466999538242817,0.0005445739952847362
9227,0.03359999880194664,0.0005438555963337421
9228,0.003467000089585781,0.0005432343459688127
9229,0.08373399823904037,0.0005427449359558523
9230,0.02346700057387352,0.0005420824745669961
9231,0.03866700083017349,0.0005413434701040387
9232,0.008533000014722347,0.0005405978299677372
9233,0.028534000739455223,0.0005396855995059013
9234,0.01360000018030405,0.0005389146972447634
9235,0.04853399842977524,0.0005380866350606084
9236,0.003467000089585781,0.0005373521125875413
9237,0.043733999133110046,0.0005365562392398715
9238,0.003467000089585781,0.0005357824265956879
9239,0.0685340017080307,0.0005349579732865095
9240,0.02346700057387352,0.0005343244411051273
9241,-0.0013330000219866633,0.000533652666490525
9242,0.02346700057387352,0.000532941659912467
9243,0.04853399842977524,0.0005320112686604261
9244,-0.026399999856948853,0.0005308719119057059
9245,0.03866700083017349,0.0005297238240018487
9246,0.02346700057387352,0.0005286271334625781
9247,0.05866700038313866,0.0005275867879390717
9248,0.003467000089585781,0.0005266750231385231
9249,0.0685340017080307,0.0005257072043605149
9250,0.008533000014722347,0.000524990085978061
9251,0.03866700083017349,0.0005240961909294128
9252,-0.011466999538242817,0.000523397873621434
9253,0.06373400241136551,0.0005226914654485881
9254,-0.0013330000219866633,0.0005221884930506349
9255,0.05360100045800209,0.0005213980912230909
9256,0.028534000739455223,0.0005206504138186574
9257,0.03866700083017349,0.0005197593127377331
9258,0.01360000018030405,0.0005189731018617749
9259,0.0685340017080307,0.0005181154701858759
9260,-0.011466999538242817,0.0005175841506570578
9261,0.05866700038313866,0.00051687698578462
9262,0.003467000089585781,0.0005160571308806539
9263,0.03866700083017349,0.0005153233651071787
9264,0.028534000739455223,0.0005149429198354483
9265,0.04853399842977524,0.000514549610670656
9266,0.003467000089585781,0.0005144126480445266
9267,0.03359999880194664,0.0005141230649314821
9268,0.02346700057387352,0.0005139848799444735
9269,0.02346700057387352,0.0005138213746249676
9270,-0.006399999838322401,0.0005138200358487666
9271,0.04853399842977524,0.0005138710839673877
9272,0.01360000018030405,0.0005140586290508509
9273,0.01866699941456318,0.000514170213136822
9274,-0.0013330000219866633,0.0005142445443198085
9275,0.043733999133110046,0.0005141927395015955
9276,0.01360000018030405,0.0005143601447343826
9277,0.07360100001096725,0.0005144280148670077
9278,-0.016534000635147095,0.0005145401228219271
9279,0.03866700083017349,0.0005145797622390091
9280,0.008533000014722347,0.0005147071788087487
9281,0.043733999133110046,0.0005149136995896697
9282,-0.011466999538242817,0.0005154013633728027
9283,0.04853399842977524,0.000515661493409425
9284,-0.026399999856948853,0.0005160446744412184
9285,0.05360100045800209,0.0005160436267033219
9286,0.008533000014722347,0.0005161938024684787
9287,0.04853399842977524,0.0005163127207197249
9288,0.008533000014722347,0.0005165348411537707
9289,0.01866699941456318,0.0005166536429896951
9290,0.008533000014722347,0.0005167361814528704
9291,0.043733999133110046,0.0005168959032744169
9292,0.003467000089585781,0.0005171495140530169
9293,0.0685340017080307,0.000517401029355824
9294,-0.0013330000219866633,0.0005176359554752707
9295,0.05866700038313866,0.0005179127911105752
9296,-0.02160000056028366,0.0005181379383429885
9297,0.04853399842977524,0.0005182099994271994
9298,0.003467000089585781,0.0005182595341466367
9299,0.02346700057387352,0.0005182235036045313
9300,0.003467000089585781,0.0005183264729566872
9301,0.04853399842977524,0.000518312503118068
9302,0.028534000739455223,0.0005183434695936739
9303,0.028534000739455223,0.000518657558131963
9304,-0.03653400018811226,0.0005190293304622173
9305,0.04853399842977524,0.0005190417869016528
9306,-0.006399999838322401,0.0005193286342546344
9307,0.05360100045800209,0.0005194044206291437
9308,-0.011466999538242817,0.0005197783466428518
9309,0.02346700057387352,0.0005198981380090117
9310,-0.026399999856948853,0.0005201028543524444
9311,0.05360100045800209,0.0005201657768338919
9312,0.003467000089585781,0.0005202938918955624
9313,0.003467000089585781,0.0005203286418691278
9314,-0.0013330000219866633,0.0005205424968153238
9315,0.05360100045800209,0.0005207694484852254
9316,0.003467000089585781,0.0005210415692999959
9317,0.05866700038313866,0.0005211980314925313
9318,0.01360000018030405,0.0005215751007199287
9319,0.043733999133110046,0.000521889713127166
9320,0.01866699941456318,0.000522416434250772
9321,0.04853399842977524,0.00052275211783126
9322,-0.011466999538242817,0.0005232652183622122
9323,0.028534000739455223,0.000523533031810075
9324,0.008533000014722347,0.0005237343721091747
9325,0.06373400241136551,0.0005238605663180351
9326,0.028534000739455223,0.0005239011370576918
9327,0.01360000018030405,0.0005239647580310702
9328,0.01866699941456318,0.0005242048064246774
9329,0.05360100045800209,0.0005245290230959654
9330,-0.0013330000219866633,0.0005248291417956352
9331,0.043733999133110046,0.0005250012036412954
9332,0.003467000089585781,0.0005251046968623996
9333,0.04853399842977524,0.0005253657582215965
9334,0.01360000018030405,0.0005256253061816096
9335,0.028534000739455223,0.0005258367164060473
9336,-0.0013330000219866633,0.0005261237965896726
9337,0.04853399842977524,0.0005263899220153689
9338,0.01360000018030405,0.0005266900407150388
9339,0.043733999133110046,0.00052706926362589
9340,-0.016534000635147095,0.0005274424911476672
9341,0.02346700057387352,0.0005276072770357132
9342,0.01866699941456318,0.0005277241580188274
9343,0.03866700083017349,0.0005276713636703789
9344,0.01866699941456318,0.0005277581512928009
9345,0.043733999133110046,0.0005279799224808812
9346,0.01360000018030405,0.0005281143821775913
9347,0.01866699941456318,0.0005284161306917667
9348,-0.02160000056028366,0.0005288224201649427
9349,0.07360100001096725,0.0005291442503221333
9350,0.028534000739455223,0.0005293905851431191
9351,0.008533000014722347,0.0005299635231494904
9352,-0.02160000056028366,0.0005306152161210775
9353,0.05360100045800209,0.0005309395492076874
9354,-0.011466999538242817,0.000531339377630502
9355,0.03359999880194664,0.0005315839080139995
9356,-0.0013330000219866633,0.0005319173214957118
9357,0.01360000018030405,0.0005323582445271313
9358,0.028534000739455223,0.0005328418919816613
9359,0.07866799831390381,0.0005332992877811193
9360,0.03359999880194664,0.0005335515597835183
9361,0.06373400241136551,0.0005338247865438461
9362,-0.011466999538242817,0.0005339959752745926
9363,0.03359999880194664,0.0005340554052963853
9364,-0.02160000056028366,0.0005342627409845591
9365,0.03359999880194664,0.0005342378281056881
9366,-0.0013330000219866633,0.0005343231605365872
9367,0.028534000739455223,0.0005344433011487126
9368,-0.026399999856948853,0.0005347230471670628
9369,0.05866700038313866,0.0005346465623006225
9370,0.003467000089585781,0.0005346712423488498
9371,0.05360100045800209,0.0005347172264009714
9372,-0.0013330000219866633,0.0005349224084056914
9373,0.05360100045800209,0.0005349229322746396
9374,0.02346700057387352,0.0005350830615498126
9375,0.05360100045800209,0.0005351237487047911
9376,-0.026399999856948853,0.0005352034932002425
9377,0.05360100045800209,0.0005351528525352478
9378,-0.0013330000219866633,0.0005350803839974105
9379,0.03866700083017349,0.0005348159465938807
9380,0.02346700057387352,0.0005346740363165736
9381,0.05360100045800209,0.0005345013923943043
9382,0.008533000014722347,0.000534619262907654
9383,0.07360100001096725,0.0005347218830138445
9384,0.01866699941456318,0.0005347407422959805
9385,0.05360100045800209,0.0005348565755411983
9386,-0.0013330000219866633,0.0005352788139134645
9387,0.028534000739455223,0.0005357566988095641
9388,-0.02160000056028366,0.0005364937242120504
9389,0.0685340017080307,0.0005373024032451212
9390,-0.04666699841618538,0.000538491178303957
9391,-0.0013330000219866633,0.0005390419391915202
9392,-0.026399999856948853,0.0005396504420787096
9393,0.04853399842977524,0.0005398385692387819
9394,-0.006399999838322401,0.0005399108631536365
9395,0.03359999880194664,0.0005400842055678368
9396,-0.0013330000219866633,0.0005403438699431717
9397,0.01866699941456318,0.0005405555129982531
9398,-0.0013330000219866633,0.0005409843288362026
9399,0.05360100045800209,0.000541383633390069
9400,0.008533000014722347,0.0005415788618847728
9401,0.06373400241136551,0.0005417227512225509
9402,0.01866699941456318,0.0005418965592980385
9403,0.03866700083017349,0.0005421495297923684
9404,-0.02160000056028366,0.0005427176365628839
9405,0.06373400241136551,0.0005430461606010795
9406,-0.011466999538242817,0.0005431865574792027
9407,0.04853399842977524,0.0005432302132248878
9408,0.028534000739455223,0.0005433100741356611
9409,0.03866700083017349,0.0005435143830254674
9410,0.008533000014722347,0.0005441023968160152
9411,0.03866700083017349,0.0005445019342005253
9412,0.01360000018030405,0.0005447658477351069
9413,0.04853399842977524,0.0005447769071906805
9414,0.003467000089585781,0.0005450942553579807
9415,0.06373400241136551,0.0005453897174447775
9416,0.028534000739455223,0.0005455480422824621
9417,0.06373400241136551,0.0005456410581246018
9418,0.01360000018030405,0.0005458439700305462
9419,0.04853399842977524,0.0005462226690724492
9420,-0.02160000056028366,0.0005467256414704025
9421,0.05360100045800209,0.0005468378076329827
9422,0.008533000014722347,0.0005469205789268017
9423,0.05360100045800209,0.0005470089381560683
9424,-0.02160000056028366,0.0005471595795825124
9425,0.043733999133110046,0.0005471716867759824
9426,0.01360000018030405,0.0005475205252878368
9427,0.05866700038313866,0.0005478275706991553
9428,-0.0013330000219866633,0.000548159412574023
9429,0.07866799831390381,0.000548631651327014
9430,0.043733999133110046,0.0005492508644238114
9431,0.07866799831390381,0.0005500187398865819
9432,-0.006399999838322401,0.0005504696164280176
9433,0.028534000739455223,0.0005509224720299244
9434,0.008533000014722347,0.0005515425000339746
9435,0.07360100001096725,0.0005522494320757687
9436,-0.011466999538242817,0.0005529474001377821
9437,0.03866700083017349,0.000553396821487695
9438,0.008533000014722347,0.0005538330879062414
9439,0.03866700083017349,0.000554269237909466
9440,-0.011466999538242817,0.0005548718036152422
9441,0.03359999880194664,0.0005553956143558025
9442,-0.0013330000219866633,0.0005558907287195325
9443,0.02346700057387352,0.0005561448051594198
9444,0.01360000018030405,0.0005566455656662583
9445,0.04853399842977524,0.0005571492365561426
9446,-0.0013330000219866633,0.000557635969016701
9447,0.043733999133110046,0.0005580323049798608
9448,-0.016534000635147095,0.0005585324252024293
9449,0.043733999133110046,0.0005589930806308985
9450,0.008533000014722347,0.0005594352260231972
9451,-0.0013330000219866633,0.0005598904099315405
9452,0.028534000739455223,0.0005603376193903387
9453,0.01866699941456318,0.0005608679493889213
9454,0.003467000089585781,0.0005613748217001557
9455,0.028534000739455223,0.0005618795403279364
9456,0.008533000014722347,0.0005623559700325131
9457,0.04853399842977524,0.000562734086997807
9458,-0.0013330000219866633,0.0005630015511997044
9459,0.03359999880194664,0.0005632631364278495
9460,0.003467000089585781,0.0005636390997096896
9461,0.06373400241136551,0.0005641327588818967
9462,0.01360000018030405,0.000564544228836894
9463,0.0685340017080307,0.0005648953374475241
9464,0.003467000089585781,0.0005655462155118585
9465,0.04853399842977524,0.0005661320756189525
9466,-0.026399999856948853,0.0005664259660989046
9467,0.02346700057387352,0.0005665106582455337
9468,-0.0013330000219866633,0.0005667443620041013
9469,0.06373400241136551,0.0005667905206792057
9470,0.02346700057387352,0.0005666922079399228
9471,0.03359999880194664,0.0005666477954946458
9472,0.01360000018030405,0.0005666353972628713
9473,0.04853399842977524,0.0005668618250638247
9474,-0.016534000635147095,0.0005669002421200275
9475,0.06373400241136551,0.0005668450612574816
9476,0.008533000014722347,0.0005668423837050796
9477,0.04853399842977524,0.0005668734083883464
9478,0.01360000018030405,0.0005668852245435119
9479,0.04853399842977524,0.0005669632228091359
9480,0.003467000089585781,0.00056712597142905
9481,0.04853399842977524,0.0005673112464137375
9482,0.028534000739455223,0.0005672684637829661
9483,0.028534000739455223,0.0005675698630511761
9484,-0.02160000056028366,0.0005677269655279815
9485,0.03866700083017349,0.0005677124718204141
9486,-0.011466999538242817,0.0005678464658558369
9487,0.028534000739455223,0.000567775103263557
9488,0.01360000018030405,0.0005677011795341969
9489,0.043733999133110046,0.0005678243469446898
9490,-0.011466999538242817,0.0005680021131411195
9491,0.06373400241136551,0.0005681066541001201
9492,0.003467000089585781,0.0005679883761331439
9493,0.0685340017080307,0.0005680836620740592
9494,0.028534000739455223,0.0005681804614141583
9495,0.08880099654197693,0.000568350194953382
9496,-0.0013330000219866633,0.000568296411074698
9497,0.07866799831390381,0.000568210263736546
9498,-0.016534000635147095,0.0005679469904862344
9499,0.04853399842977524,0.0005678222514688969
9500,0.028534000739455223,0.0005676954751834273
9501,0.07866799831390381,0.0005676083965227008
9502,0.03359999880194664,0.0005673364503309131
9503,0.06373400241136551,0.0005672486149705946
9504,-0.006399999838322401,0.0005670965183526278
9505,0.0685340017080307,0.0005669709062203765
9506,-0.02160000056028366,0.0005670383106917143
9507,0.06373400241136551,0.0005672580446116626
9508,0.01866699941456318,0.0005676388973370194
9509,0.08880099654197693,0.0005678245215676725
9510,0.003467000089585781,0.0005679305177181959
9511,0.06373400241136551,0.00056812958791852
9512,-0.031466998159885406,0.000568439019843936
9513,0.06373400241136551,0.0005689579993486404
9514,0.01360000018030405,0.0005695561994798481
9515,0.0685340017080307,0.0005700108595192432
9516,-0.0013330000219866633,0.0005701953778043389
9517,0.05866700038313866,0.0005705581279471517
9518,-0.026399999856948853,0.0005709724500775337
9519,0.07360100001096725,0.00057132204528898
9520,0.008533000014722347,0.0005714977160096169
9521,0.01360000018030405,0.0005715207080356777
9522,0.01360000018030405,0.0005715987645089626
9523,0.03359999880194664,0.0005718580214306712
9524,-0.011466999538242817,0.0005720557528547943
9525,0.04853399842977524,0.0005721001653000712
9526,0.01360000018030405,0.0005720538320019841
9527,0.06373400241136551,0.000571982585825026
9528,0.02346700057387352,0.0005717840977013111
9529,0.05360100045800209,0.0005715973675251007
9530,0.03866700083017349,0.0005714597646147013
9531,0.06373400241136551,0.0005713015561923385
9532,0.028534000739455223,0.0005710168043151498
9533,0.06373400241136551,0.0005706162774004042
9534,0.008533000014722347,0.0005703835049644113
9535,0.028534000739455223,0.0005703871720470488
9536,-0.02160000056028366,0.0005704707000404596
9537,0.05360100045800209,0.0005703328642994165
9538,-0.0013330000219866633,0.0005700429319404066
9539,0.03866700083017349,0.0005698699969798326
9540,-0.011466999538242817,0.0005696312291547656
9541,0.02346700057387352,0.0005694504361599684
9542,0.02346700057387352,0.0005692425183951855
9543,0.05360100045800209,0.0005691010737791657
9544,-0.02160000056028366,0.000569056486710906
9545,0.0685340017080307,0.0005689089884981513
9546,0.02346700057387352,0.0005687648663297296
9547,0.03866700083017349,0.000568608520552516
9548,0.01360000018030405,0.0005683435592800379
9549,0.05866700038313866,0.0005681792972609401
9550,0.01866699941456318,0.000568076444324106
9551,0.04853399842977524,0.0005679117748513818
9552,-0.011466999538242817,0.0005680315662175417
9553,0.01360000018030405,0.0005681131733581424
9554,0.003467000089585781,0.0005681238253600895
9555,0.03359999880194664,0.0005680887261405587
9556,0.003467000089585781,0.0005680890171788633
9557,0.03866700083017349,0.0005679893656633794
9558,-0.0013330000219866633,0.0005678994348272681
9559,0.04853399842977524,0.0005675576976500452
9560,0.01360000018030405,0.0005671418039128184
9561,0.03866700083017349,0.0005669028032571077
9562,0.01866699941456318,0.0005665957578457892
9563,0.04853399842977524,0.0005662860348820686
9564,0.003467000089585781,0.0005659501766785979
9565,0.04853399842977524,0.0005658774171024561
9566,-0.011466999538242817,0.0005658816662617028
9567,0.043733999133110046,0.0005657341098412871
9568,0.008533000014722347,0.0005655969143845141
9569,0.04853399842977524,0.0005654079141095281
9570,0.02346700057387352,0.0005650082603096962
9571,0.05866700038313866,0.0005647848593071103
9572,0.01866699941456318,0.0005644855555146933
9573,0.07866799831390381,0.000564293353818357
9574,0.01866699941456318,0.0005639709415845573
9575,0.03866700083017349,0.0005636874120682478
9576,0.008533000014722347,0.0005632165702991188
9577,0.06373400241136551,0.0005629169754683971
9578,0.01360000018030405,0.0005626276833936572
9579,0.043733999133110046,0.0005625354824587703
9580,0.04853399842977524,0.0005624904297292233
9581,0.043733999133110046,0.0005624627228826284
9582,0.01360000018030405,0.0005624601035378873
9583,0.04853399842977524,0.0005623835604637861
9584,-0.0013330000219866633,0.0005621088203042746
9585,0.05360100045800209,0.0005618497962132096
9586,-0.02160000056028366,0.000561570399440825
9587,0.028534000739455223,0.0005615545669570565
9588,0.01360000018030405,0.0005615485715679824
9589,0.04853399842977524,0.0005615042755380273
9590,0.01360000018030405,0.0005613350076600909
9591,0.03359999880194664,0.0005612943787127733
9592,0.028534000739455223,0.0005611979868263006
9593,0.05360100045800209,0.0005611798842437565
9594,-0.0013330000219866633,0.0005609768559224904
9595,0.05360100045800209,0.0005608574138022959
9596,-0.011466999538242817,0.0005606978666037321
9597,0.02346700057387352,0.0005605832557193935
9598,-0.0013330000219866633,0.0005603571771644056
9599,0.01360000018030405,0.0005602343589998782
9600,-0.011466999538242817,0.0005600571166723967
9601,0.04853399842977524,0.0005598196876235306
9602,0.003467000089585781,0.0005594796384684741
9603,0.05360100045800209,0.0005590810324065387
9604,0.02346700057387352,0.0005584917380474508
9605,0.03866700083017349,0.0005580176366493106
9606,0.028534000739455223,0.0005576121038757265
9607,0.05360100045800209,0.0005569744389504194
9608,0.02346700057387352,0.0005561599973589182
9609,0.028534000739455223,0.000555562786757946
9610,0.01360000018030405,0.000554834958165884
9611,0.03866700083017349,0.0005541139980778098
9612,0.01360000018030405,0.0005533412331715226
9613,0.03866700083017349,0.0005525258020497859
9614,-0.0013330000219866633,0.0005516394739970565
9615,0.04853399842977524,0.0005507859168574214
9616,-0.0013330000219866633,0.0005499641411006451
9617,0.03866700083017349,0.0005490414332598448
9618,0.003467000089585781,0.0005481912521645427
9619,0.04853399842977524,0.000547673727851361
9620,-0.011466999538242817,0.0005469477619044483
9621,0.05360100045800209,0.0005463632987812161
9622,0.01866699941456318,0.0005456547369249165
9623,0.043733999133110046,0.0005449635209515691
9624,-0.006399999838322401,0.0005440724198706448
9625,0.06373400241136551,0.0005436011124402285
9626,0.028534000739455223,0.0005431483732536435
9627,0.028534000739455223,0.0005424522096291184
9628,0.01360000018030405,0.0005417654756456614
9629,0.01866699941456318,0.0005411928286775947
9630,-0.0013330000219866633,0.0005405144183896482
9631,0.03866700083017349,0.0005399375222623348
9632,0.02346700057387352,0.0005392478196881711
9633,0.04853399842977524,0.000538958702236414
9634,-0.026399999856948853,0.0005386379780247808
9635,0.03359999880194664,0.0005384426331147552
9636,-0.006399999838322401,0.0005383000243455172
9637,0.04853399842977524,0.0005381869268603623
9638,-0.0013330000219866633,0.0005377552006393671
9639,0.028534000739455223,0.0005372217274270952
9640,0.01360000018030405,0.0005366645636968315
9641,0.03866700083017349,0.0005360489012673497
9642,-0.011466999538242817,0.000535241502802819
9643,0.043733999133110046,0.0005345073295757174
9644,0.003467000089585781,0.0005335469613783062
9645,0.06373400241136551,0.0005324425874277949
9646,0.02346700057387352,0.000531071680597961
9647,0.05360100045800209,0.0005302357021719217
9648,-0.011466999538242817,0.0005293818539939821
9649,0.01360000018030405,0.0005290822009555995
9650,-0.026399999856948853,0.0005289571126922965
9651,0.02346700057387352,0.0005287714302539825
9652,0.003467000089585781,0.0005286323139443994
9653,0.05866700038313866,0.0005283673526719213
9654,0.01360000018030405,0.000527813273947686
9655,0.04853399842977524,0.0005273038404993713
9656,0.008533000014722347,0.0005269052926450968
9657,0.043733999133110046,0.0005268115783110261
9658,0.003467000089585781,0.0005266222869977355
9659,0.07866799831390381,0.0005265597719699144
9660,0.003467000089585781,0.0005261595943011343
9661,0.05360100045800209,0.0005259033059701324
9662,-0.016534000635147095,0.0005256609292700887
9663,0.043733999133110046,0.0005259634926915169
9664,0.01360000018030405,0.0005261541809886694
9665,0.09360100328922272,0.000526410061866045
9666,0.01360000018030405,0.0005262174527160823
9667,0.043733999133110046,0.0005263048224151134
9668,0.003467000089585781,0.0005264857318252325
9669,0.05360100045800209,0.0005268327658995986
9670,-0.03653400018811226,0.0005268693203106523
9671,0.028534000739455223,0.000526840565726161
9672,-0.02160000056028366,0.0005267236847430468
9673,0.01866699941456318,0.00052670668810606
9674,-0.011466999538242817,0.0005266621010378003
9675,0.03866700083017349,0.000526618561707437
9676,-0.026399999856948853,0.000526488060131669
9677,0.04853399842977524,0.0005264526698738337
9678,-0.011466999538242817,0.0005260427133180201
9679,0.02346700057387352,0.0005257544107735157
9680,0.01866699941456318,0.0005254443967714906
9681,0.05866700038313866,0.0005253611598163843
9682,0.003467000089585781,0.000524859526194632
9683,0.01360000018030405,0.0005245336797088385
9684,-0.016534000635147095,0.0005241954931989312
9685,0.06373400241136551,0.0005237887962721288
9686,-0.026399999856948853,0.000523228314705193
9687,0.028534000739455223,0.000522588612511754
9688,-0.016534000635147095,0.0005221950123086572
9689,0.04853399842977524,0.0005221039755269885
9690,0.01360000018030405,0.000521848676726222
9691,0.05360100045800209,0.0005216228310018778
9692,-0.006399999838322401,0.0005211863899603486
9693,0.02346700057387352,0.0005209537921473384
9694,0.003467000089585781,0.0005206865607760847
9695,0.043733999133110046,0.0005204874323680997
9696,0.028534000739455223,0.0005201806779950857
9697,0.02346700057387352,0.0005199530860409141
9698,0.01360000018030405,0.0005195937119424343
9699,0.06373400241136551,0.0005196072161197662
9700,0.03866700083017349,0.0005195342819206417
9701,0.05866700038313866,0.0005196044221520424
9702,0.003467000089585781,0.0005194874247536063
9703,0.06373400241136551,0.0005195969715714455
9704,0.008533000014722347,0.0005192613461986184
9705,0.02346700057387352,0.0005195146077312529
9706,0.01360000018030405,0.000585341127589345
9707,0.04853399842977524,0.0007167540607042611
9708,0.043733999133110046,0.0007881240453571081
9709,0.02346700057387352,0.0008226507343351841
9710,0.003467000089585781,0.000848283467348665
9711,0.06373400241136551,0.0008638286381028593
9712,0.01360000018030405,0.0008758826879784465
9713,0.04853399842977524,0.0008900878019630909
9714,0.01360000018030405,0.0009022232843562961
9715,0.028534000739455223,0.0009151070262305439
9716,0.003467000089585781,0.0009263787651434541
9717,0.04853399842977524,0.0009376052184961736
9718,0.02346700057387352,0.0009480529697611928
9719,0.07866799831390381,0.0009576071170158684
9720,0.008533000014722347,0.000966274063102901
9721,0.04853399842977524,0.0009736414067447186
9722,0.01360000018030405,0.0009796400554478168
9723,0.043733999133110046,0.000985054997727275
9724,0.01360000018030405,0.0009893923997879028
9725,0.03866700083017349,0.0009940344607457519
9726,0.003467000089585781,0.0009981815237551928
9727,0.05360100045800209,0.0010019029723480344
9728,-0.026399999856948853,0.0010058468906208873
9729,0.01360000018030405,0.0010097089689224958
9730,0.04853399842977524,0.0010138056240975857
9731,0.03866700083017349,0.0010190163739025593
9732,-0.0013330000219866633,0.0010236339876428246
9733,0.08373399823904037,0.0010292930528521538
9734,0.01866699941456318,0.0010332465171813965
9735,0.028534000739455223,0.0010369961382821202
9736,-0.02160000056028366,0.0010405888315290213
9737,0.043733999133110046,0.0010429131798446178
9738,0.01360000018030405,0.0010451318230479956
9739,0.05866700038313866,0.0010463757207617164
9740,0.01360000018030405,0.0010478496551513672
9741,0.05360100045800209,0.0010491806315258145
9742,-0.011466999538242817,0.0010511663276702166
9743,0.03866700083017349,0.0010535699548199773
9744,0.01866699941456318,0.0010554672917351127
9745,0.05866700038313866,0.0010578170185908675
9746,-0.02160000056028366,0.001060135313309729
9747,0.043733999133110046,0.001062598661519587
9748,0.02346700057387352,0.0010651483898982406
9749,0.05360100045800209,0.0010676393285393715
9750,0.003467000089585781,0.0010701381834223866
9751,0.008533000014722347,0.0010725634638220072
9752,0.003467000089585781,0.0010751361260190606
9753,0.043733999133110046,0.0010777459247037768
9754,0.01360000018030405,0.001080470741726458
9755,0.028534000739455223,0.0010832170955836773
9756,-0.016534000635147095,0.0010859790490940213
9757,0.028534000739455223,0.0010887233074754477
9758,0.003467000089585781,0.0010916151804849505
9759,0.03359999880194664,0.0010943684028461576
9760,0.003467000089585781,0.0010970968287438154
9761,0.09866800159215927,0.0010999313089996576
9762,0.03866700083017349,0.0011024826671928167
9763,0.028534000739455223,0.0011049769818782806
9764,0.01866699941456318,0.0011072937631979585
9765,0.05360100045800209,0.0011097787646576762
9766,-0.016534000635147095,0.0011122667929157615
9767,0.03866700083017349,0.0011148167541250587
9768,0.003467000089585781,0.0011173724196851254
9769,0.03866700083017349,0.0011198269203305244
9770,0.003467000089585781,0.0011221629101783037
9771,0.03359999880194664,0.0011246108915656805
9772,0.008533000014722347,0.0011270854156464338
9773,0.028534000739455223,0.00112952571362257
9774,0.028534000739455223,0.001131900236941874
9775,0.02346700057387352,0.0011343697551637888
9776,-0.011466999538242817,0.0011368610430508852
9777,0.03866700083017349,0.0011395768960937858
9778,0.01360000018030405,0.0011422674870118499
9779,0.04853399842977524,0.0011450313031673431
9780,0.003467000089585781,0.0011477910447865725
9781,0.04853399842977524,0.0011507375165820122
9782,-0.02160000056028366,0.0011536371894180775
9783,0.02346700057387352,0.0011567121837288141
9784,-0.0013330000219866633,0.0011598452692851424
9785,0.01866699941456318,0.0011629717191681266
9786,-0.02160000056028366,0.0011660836171358824
9787,0.028534000739455223,0.0011692631524056196
9788,0.003467000089585781,0.0011725332587957382
9789,0.043733999133110046,0.0011759331682696939
9790,0.02346700057387352,0.0011792051373049617
9791,0.028534000739455223,0.001182442530989647
9792,0.008533000014722347,0.001185501692816615
9793,0.03866700083017349,0.0011887504952028394
9794,0.02346700057387352,0.0011920325923711061
9795,0.04853399842977524,0.0011953478679060936
9796,-0.016534000635147095,0.001198689453303814
9797,0.028534000739455223,0.001202340004965663
9798,0.003467000089585781,0.0012060472508892417
9799,0.01360000018030405,0.0012097067665308714
9800,0.003467000089585781,0.0012131803669035435
9801,0.04853399842977524,0.001216867589391768
9802,-0.011466999538242817,0.0012205293169245124
9803,0.028534000739455223,0.0012242186348885298
9804,-0.006399999838322401,0.0012279737275093794
9805,0.03866700083017349,0.0012316907523199916
9806,0.02346700057387352,0.0012354044010862708
9807,0.07866799831390381,0.0012391366763040423
9808,-0.011466999538242817,0.001242497586645186
9809,0.05360100045800209,0.0012461271835491061
9810,-0.0013330000219866633,0.0012499494478106499
9811,0.06373400241136551,0.001253925496712327
9812,-0.011466999538242817,0.0012578160967677832
9813,0.06373400241136551,0.0012620185734704137
9814,0.01866699941456318,0.0012661918299272656
9815,0.03866700083017349,0.001270571956411004
9816,-0.011466999538242817,0.001274883863516152
9817,0.06373400241136551,0.0012793613132089376
9818,0.003467000089585781,0.0012837463291361928
9819,0.043733999133110046,0.001288257772102952
9820,0.04853399842977524,0.0012927905190736055
9821,0.06373400241136551,0.0012971851974725723
9822,-0.006399999838322401,0.0013014703290537
9823,0.05866700038313866,0.0013060306664556265
9824,-0.011466999538242817,0.001310613239184022
9825,0.06373400241136551,0.0013154264306649566
9826,0.008533000014722347,0.0013203434646129608
9827,0.04853399842977524,0.001325279357843101
9828,0.01360000018030405,0.0013302435399964452
9829,0.0685340017080307,0.0013352845562621951
9830,0.003467000089585781,0.0013404310448095202
9831,0.04853399842977524,0.0013456429587677121
9832,0.02346700057387352,0.001351004815660417
9833,0.08880099654197693,0.0013563584070652723
9834,-0.0013330000219866633,0.0013615057105198503
9835,0.03866700083017349,0.001366771524772048
9836,0.008533000014722347,0.0013720300048589706
9837,0.01866699941456318,0.0013773898826912045
9838,-0.016534000635147095,0.0013828824739903212
9839,0.028534000739455223,0.001388515462167561
9840,0.003467000089585781,0.0013942377408966422
9841,0.003467000089585781,0.0014000126393511891
9842,0.01360000018030405,0.0014058627421036363
9843,0.03866700083017349,0.001411598757840693
9844,0.028534000739455223,0.0014173623640090227
9845,0.0685340017080307,0.001423366367816925
9846,0.01360000018030405,0.0014294667635113
9847,0.03866700083017349,0.0014355803141370416
9848,0.01360000018030405,0.0014417023630812764
9849,0.043733999133110046,0.0014478139346465468
9850,-0.006399999838322401,0.0014541340060532093
9851,0.0685340017080307,0.0014604234602302313
9852,-0.006399999838322401,0.0014667443465441465
9853,0.028534000739455223,0.001473482814617455
9854,0.003467000089585781,0.0014804266393184662
9855,0.05866700038313866,0.0014873627806082368
9856,-0.02160000056028366,0.001494320691563189
9857,0.06373400241136551,0.0015013105003163218
9858,0.01866699941456318,0.0015085606137290597
9859,0.04853399842977524,0.0015158631140366197
9860,0.01360000018030405,0.001523256883956492
9861,0.04853399842977524,0.0015306537970900536
9862,0.008533000014722347,0.0015380126424133778
9863,0.043733999133110046,0.0015456168912351131
9864,-0.006399999838322401,0.0015533027471974492
9865,0.05360100045800209,0.0015611810376867652
9866,-0.011466999538242817,0.0015692587476223707
9867,0.03866700083017349,0.0015776422806084156
9868,0.003467000089585781,0.0015862127766013145
9869,0.05360100045800209,0.0015947327483445406
9870,0.003467000089585781,0.0016033303691074252
9871,0.04853399842977524,0.0016119787469506264
9872,0.008533000014722347,0.0016209289897233248
9873,0.03866700083017349,0.0016299730632454157
9874,0.01360000018030405,0.0016390358796343207
9875,0.03866700083017349,0.0016480796039104462
9876,0.02346700057387352,0.0016573637258261442
9877,0.05360100045800209,0.0016669273609295487
9878,0.003467000089585781,0.0016765102045610547
9879,0.043733999133110046,0.0016861776821315289
9880,0.01360000018030405,0.001695929211564362
9881,0.04853399842977524,0.0017057358054444194
9882,-0.02160000056028366,0.0017155763925984502
9883,0.03359999880194664,0.0017260995227843523
9884,0.003467000089585781,0.0017368217231705785
9885,0.05360100045800209,0.001747752889059484
9886,-0.0013330000219866633,0.0017589726485311985
9887,0.02346700057387352,0.0017702875193208456
9888,0.008533000014722347,0.0017818405758589506
9889,0.04853399842977524,0.0017933808267116547
9890,0.003467000089585781,0.0018049814971163869
9891,0.04853399842977524,0.0018169610993936658
9892,0.01360000018030405,0.0018291632877662778
9893,0.07360100001096725,0.0018413232173770666
9894,-0.016534000635147095,0.0018539392622187734
9895,0.04853399842977524,0.0018671945435926318
9896,-0.02160000056028366,0.0018807463347911835
9897,0.04853399842977524,0.0018946779891848564
9898,0.01360000018030405,0.0019088041735813022
9899,0.028534000739455223,0.0019230407197028399
9900,0.003467000089585781,0.0019375808769837022
9901,0.0685340017080307,0.0019522703951224685
9902,0.008533000014722347,0.0019670454785227776
9903,0.028534000739455223,0.0019823426846414804
9904,0.043733999133110046,0.0019979614298790693
9905,0.04853399842977524,0.002013379242271185
9906,0.003467000089585781,0.002028966322541237
9907,0.06373400241136551,0.002044833730906248
9908,-0.011466999538242817,0.0020607104524970055
9909,0.07866799831390381,0.002077596727758646
9910,0.003467000089585781,0.0020953200291842222
9911,0.05360100045800209,0.002113391412422061
9912,0.01360000018030405,0.0021317077334970236
9913,0.05360100045800209,0.0021499069407582283
9914,0.008533000014722347,0.0021685108076781034
9915,0.05360100045800209,0.0021870345808565617
9916,-0.011466999538242817,0.0022060428746044636
9917,0.03359999880194664,0.0022259331308305264
9918,0.01866699941456318,0.0022463889326900244
9919,0.05360100045800209,0.0022662400733679533
9920,0.03866700083017349,0.002287076786160469
9921,0.06373400241136551,0.0023081074468791485
9922,0.028534000739455223,0.0023297443985939026
9923,0.04853399842977524,0.0023517191875725985
9924,0.003467000089585781,0.00237404927611351
9925,0.043733999133110046,0.0023971330374479294
9926,-0.0013330000219866633,0.0024212931748479605
9927,0.06373400241136551,0.002446236554533243
9928,-0.0013330000219866633,0.002472597174346447
9929,0.03866700083017349,0.0024994630366563797
9930,-0.0013330000219866633,0.0025268092285841703
9931,0.043733999133110046,0.0025543917436152697
9932,-0.016534000635147095,0.002582533983513713
9933,0.07360100001096725,0.0026120834518224
9934,-0.011466999538242817,0.002643885789439082
9935,0.04853399842977524,0.0026763840578496456
9936,-0.011466999538242817,0.0027100625447928905
9937,0.09360100328922272,0.002744646742939949
9938,0.01360000018030405,0.0027808421291410923
9939,0.06373400241136551,0.002817700617015362
9940,0.04853399842977524,0.002855701604858041
9941,0.05866700038313866,0.0028949605766683817
9942,-0.0013330000219866633,0.002935448894277215
9943,0.06373400241136551,0.0029772259294986725
9944,0.028534000739455223,0.0030207468662410975
9945,0.03866700083017349,0.0030648300889879465
9946,0.01360000018030405,0.0031108080875128508
9947,0.08880099654197693,0.0031580787617713213
9948,-0.011466999538242817,0.0032072453759610653
9949,0.07360100001096725,0.0032589100301265717
9950,0.003467000089585781,0.0033132031094282866
9951,0.05360100045800209,0.0033694047015160322
9952,0.003467000089585781,0.003427722491323948
9953,0.04853399842977524,0.0034885965287685394
9954,0.003467000089585781,0.003552567446604371
9955,0.03866700083017349,0.0036179847083985806
9956,-0.0013330000219866633,0.0036860627587884665
9957,0.04853399842977524,0.003756745019927621
9958,0.008533000014722347,0.0038311644457280636
9959,0.06373400241136551,0.0039087096229195595
9960,0.17893600463867188,0.0039920443668961525
9961,0.5293400287628174,0.004075948614627123
9962,0.7898769974708557,0.0037227519787847996
9963,1.1002800464630127,0.0028971366118639708
9964,1.2656160593032837,0.002452779095619917
9965,1.3909510374069214,0.0022511568386107683
9966,1.3909510374069214,0.002104488667100668
9967,1.4909520149230957,0.002028121380135417
9968,1.476017951965332,0.001974425744265318
9969,1.5512189865112305,0.0019012651173397899
9970,1.5312190055847168,0.0018408026080578566
9971,1.5810860395431519,0.0017703237244859338
9972,1.541085958480835,0.0017087686574086547
9973,1.6112200021743774,0.0016430388204753399
9974,1.5912200212478638,0.0015799227403476834
9975,1.646420955657959,0.0015212941216304898
9976,1.6312199831008911,0.001464470406062901
9977,1.6613539457321167,0.0014188186032697558
9978,1.6061530113220215,0.0013871202245354652
9979,1.6664210557937622,0.0013624922139570117
9980,1.6162869930267334,0.0013483295915648341
9981,1.70135498046875,0.001329564256593585
9982,1.68135404586792,0.0013156511122360826
9983,1.7064210176467896,0.0013061235658824444
9984,1.6613539457321167,0.0012900246074423194
9985,1.7314879894256592,0.0012709432048723102
9986,1.7162879705429077,0.001245363848283887
9987,1.796555995941162,0.0011992576764896512
9988,1.7664220333099365,0.00115801056381315
9989,1.8165559768676758,0.0010853681014850736
9990,1.7664220333099365,0.0010416965233162045
9991,1.8314900398254395,0.0009970222599804401
9992,1.7664220333099365,0.0009455283870920539
9993,1.8314900398254395,0.0009262249805033207
9994,1.8114889860153198,0.0009107954683713615
9995,1.846690058708191,0.0009305199491791427
9996,1.796555995941162,0.0009438743581995368
9997,1.856557011604309,0.0009878146229311824
9998,1.796555995941162,0.0009823143482208252
9999,1.8314900398254395,0.0009147326345555484
